6783 107
6783 108
6861 132
6861 133
6861 134
6861 135
6867 28
6867 31
6893 51
6893 177
6974 24
6863 71
6916 71
6783 82
6783 83
6776 109
6776 125
6776 126
6779 29
6958 10
6968 46
6968 47
6916 85
6916 86
6916 87
6905 30
6905 31
6905 34
6905 35
6979 88
6979 89
6979 90
6979 91
6980 150
6959 41
6959 42
6959 43
6956 78
6956 79
6901 207
6901 208
6901 209
6901 210
6813 72
6813 73
6813 74
6813 75
6828 164
6828 165
6828 166
6828 167
6945 127
6775 7
6853 36
6853 37
6853 38
6853 39
6901 29
6813 148
6813 149
6813 150
6813 151
6916 80
6912 213
6912 217
6912 218
6912 232
6853 110
6853 111
6853 112
6853 113
6777 167
6777 171
6777 192
6777 196
6942 84
6942 85
6942 86
6942 87
6977 36
6977 37
6977 38
6977 39
6812 48
6812 49
6812 50
6812 51
6828 36
6828 37
6828 38
6828 39
6942 40
6942 55
6942 105
6942 106
6867 51
6901 81
6901 84
6901 87
6901 92
6923 65
6923 66
6923 68
6923 69
6829 144
6829 145
6829 146
6829 147
6885 64
6885 65
6885 66
6885 67
6937 68
6937 69
6937 70
6937 71
6946 30
6946 31
6756 44
6756 45
6756 46
6756 47
6829 184
6829 185
6829 186
6829 187
6823 12
6823 13
6823 14
6823 15
6901 43
6901 44
6901 45
6901 46
6917 140
6917 141
6776 73
6776 74
6776 75
6776 77
6783 155
6783 156
6783 157
6783 158
6907 172
6907 173
6787 34
6787 35
6787 36
6787 37
6978 238
6978 239
6978 240
6783 132
6783 133
6885 63
6905 84
6905 85
6905 86
6905 87
6787 47
6879 56
6879 57
6879 58
6995 0
6995 1
6995 2
6995 3
6793 19
6919 68
6919 69
6919 70
6919 71
6777 172
6777 176
6777 180
6777 184
6792 40
6792 41
6792 42
6792 43
6783 190
6783 191
6916 2
6916 3
6916 4
6916 5
6928 36
6928 37
6928 38
6928 39
6893 83
6893 84
6893 85
6893 86
6968 11
6968 12
6968 14
6968 15
6945 77
6945 81
6945 85
6945 93
6895 14
6805 47
6752 125
6752 126
6752 127
6800 94
6917 25
6917 29
6995 12
6932 58
6932 59
6932 60
6865 11
6865 12
6865 41
6854 104
6854 106
6932 206
6932 208
6932 209
6932 210
6998 30
6998 31
6799 21
6799 22
6799 23
6799 24
6973 181
6973 183
6973 184
6973 185
6785 105
6785 106
6785 107
6785 108
6980 132
6980 133
6980 134
6980 135
6752 190
6922 161
6922 162
6922 223
6922 224
6749 163
6749 164
6749 165
6749 166
6913 17
6766 26
6766 32
6766 33
6766 34
6916 82
6758 39
6979 74
6979 75
6945 190
6945 191
6855 102
6855 103
6855 104
6855 105
6837 232
6837 233
6837 234
6837 235
6968 53
6968 54
6968 55
6968 57
6785 139
6879 149
6879 150
6879 151
6912 98
6912 99
6880 24
6882 156
6882 157
6955 72
6955 73
6955 80
6955 81
6788 28
6936 151
6936 152
6936 153
6936 154
6769 61
6769 68
6769 69
6769 70
6957 12
6957 109
6957 110
6957 111
6957 112
6822 96
6822 97
6822 98
6822 99
6959 72
6959 73
6959 74
6959 75
6863 7
6863 8
6911 4
6911 5
6911 6
6911 7
6968 43
6968 44
6958 128
6958 129
6958 133
6902 55
6902 56
6902 57
6902 58
6856 15
6777 12
6777 13
6777 14
6777 15
6776 4
6776 5
6882 100
6882 101
6882 107
6882 158
6865 107
6865 108
6865 109
6865 110
6975 111
6975 112
6975 113
6985 79
6985 82
6828 8
6828 9
6828 10
6828 11
6963 16
6963 17
6963 18
6963 19
6840 28
6840 29
6840 30
6840 31
6984 11
6984 12
6984 13
6984 14
6885 4
6885 5
6885 6
6885 7
6958 160
6958 161
6958 162
6958 163
6974 41
6974 42
6974 75
6974 76
6861 181
6861 185
6926 8
6926 9
6955 86
6955 87
6955 88
6955 89
6919 7
6919 8
6953 4
6953 5
6953 6
6953 7
6866 122
6866 123
6866 124
6866 125
6998 75
6998 76
6998 77
6998 78
6922 49
6922 50
6922 51
6922 52
6972 95
6972 100
6972 101
6972 102
6932 219
6932 220
6765 205
6765 206
6765 207
6765 208
6749 45
6749 46
6749 47
6749 72
6831 168
6831 169
6831 170
6831 171
6756 92
6756 93
6756 94
6756 95
6824 48
6824 49
6824 50
6824 51
6919 36
6919 37
6919 38
6919 39
6835 104
6835 105
6835 106
6835 107
6828 136
6828 137
6828 138
6828 139
6879 153
6879 154
6879 168
6794 42
6794 43
6794 44
6978 222
6978 223
6978 224
6978 225
6765 96
6765 97
6765 98
6765 99
6786 92
6786 93
6786 94
6786 132
6831 60
6831 61
6831 62
6831 63
6813 100
6813 101
6813 102
6813 103
6835 28
6835 29
6835 30
6835 31
6958 130
6958 131
6958 132
6958 134
6789 14
6789 15
6789 16
6789 17
6768 0
6768 1
6768 2
6768 3
6828 116
6828 117
6828 118
6828 119
6916 98
6916 100
6916 101
6916 102
6968 37
6968 38
6975 176
6975 179
6880 31
6879 213
6879 215
6879 219
6879 90
6865 87
6865 88
6865 89
6865 90
6854 75
6854 76
6854 77
6854 78
6874 28
6874 29
6749 0
6749 1
6749 2
6749 3
6916 107
6916 108
6916 109
6916 110
6915 64
6915 65
6915 66
6915 67
6832 12
6832 13
6832 14
6832 15
6857 7
6906 30
6906 33
6917 80
6917 92
6917 93
6917 94
6975 211
6975 212
6975 213
6975 214
6918 12
6918 13
6918 14
6918 15
6859 225
6859 226
6859 229
6859 230
6884 6
6884 7
6884 8
6884 9
6829 100
6829 101
6829 102
6829 103
6979 0
6979 1
6979 2
6979 3
6780 224
6915 68
6915 69
6915 70
6915 71
6855 118
6855 119
6952 48
6952 49
6952 51
6952 52
6939 70
6939 71
6939 72
6939 73
6801 61
6801 62
6801 63
6861 24
6861 32
6859 159
6859 242
6859 243
6827 32
6827 33
6827 34
6827 35
6921 140
6921 141
6921 142
6997 14
6997 15
6997 16
6997 17
6959 165
6959 166
6959 167
6959 168
6794 36
6794 37
6905 0
6905 1
6905 66
6905 67
6794 78
6794 79
6993 13
6993 16
6993 17
6993 19
6777 45
6777 46
6777 47
6901 60
6901 61
6901 62
6901 63
6787 55
6787 56
6787 57
6787 58
6921 178
6921 179
6790 25
6790 26
6790 27
6790 28
6974 71
6974 72
6974 73
6974 74
6801 76
6801 77
6801 78
6801 79
6917 175
6917 176
6917 177
6917 178
6813 144
6813 145
6813 146
6813 147
6958 38
6958 39
6958 80
6922 145
6922 146
6922 147
6922 148
6956 240
6956 241
6956 242
6945 105
6945 106
6945 235
6945 236
6783 99
6783 100
6783 101
6783 102
6882 56
6882 96
6882 97
6882 98
6865 79
6865 80
6865 81
6865 82
6772 11
6772 12
6772 13
6772 16
6881 30
6881 31
6802 22
6802 23
6802 24
6802 25
6916 92
6916 93
6916 94
6916 95
6936 192
6936 193
6936 194
6936 195
6777 189
6937 89
6937 90
6811 174
6811 175
6932 62
6932 63
6780 114
6780 115
6780 116
6780 117
6978 169
6978 16
6978 17
6978 18
6978 19
6913 13
6913 16
6913 28
6913 29
6811 220
6811 221
6811 222
6811 223
6981 22
6981 26
6981 30
6981 34
6831 24
6831 25
6831 26
6831 27
6918 31
6934 16
6934 17
6934 18
6934 19
6798 174
6915 230
6915 232
6915 233
6915 234
6859 155
6859 156
6859 157
6859 164
6865 0
6865 1
6865 2
6865 6
6800 47
6800 48
6933 63
6901 223
6865 95
6865 104
6865 105
6865 106
6756 63
6766 7
6766 8
6766 9
6766 10
6882 88
6882 89
6942 32
6942 33
6942 34
6942 35
6880 23
6785 49
6785 50
6921 188
6859 160
6859 161
6859 162
6859 163
6907 128
6907 129
6907 130
6907 131
6769 121
6769 122
6769 123
6769 124
6790 82
6831 72
6831 73
6831 74
6831 75
6933 88
6933 89
6959 220
6959 221
6959 222
6959 223
6805 236
6805 237
6805 238
6805 239
6874 60
6874 61
6874 62
6874 64
6978 57
6978 58
6978 59
6978 60
6942 65
6942 66
6942 67
6942 68
6798 60
6798 61
6981 1
6922 150
6922 191
6893 1
6893 2
6893 3
6893 4
6800 14
6800 15
6953 42
6953 77
6953 78
6975 99
6975 100
6975 102
6945 97
6945 98
6945 99
6945 100
6880 39
6751 30
6751 31
6989 141
6989 185
6989 186
6989 187
6871 149
6932 215
6932 216
6932 217
6932 218
6956 184
6956 185
6956 186
6956 187
6749 200
6749 201
6749 202
6934 109
6934 110
6934 121
6934 122
6803 112
6803 113
6803 114
6859 165
6859 166
6859 167
6859 168
6861 113
6861 114
6861 115
6861 116
6953 128
6953 129
6953 130
6953 131
6940 19
6940 20
6940 21
6940 22
6978 173
6978 176
6978 180
6801 163
6801 164
6801 165
6801 166
6800 8
6800 9
6767 4
6767 5
6767 6
6767 7
6751 33
6751 34
6751 35
6798 119
6798 120
6798 121
6973 145
6973 146
6973 147
6973 148
6945 148
6945 152
6958 124
6958 125
6958 126
6958 127
6874 10
6874 11
6973 194
6973 195
6973 196
6973 197
6888 155
6888 156
6888 157
6826 128
6777 19
6777 20
6777 21
6777 22
6975 160
6975 161
6975 164
6975 165
6956 96
6981 115
6981 116
6952 133
6952 134
6952 135
6952 137
6813 184
6813 185
6813 186
6813 187
6798 140
6798 141
6935 18
6935 19
6827 145
6827 146
6827 147
6827 148
6812 40
6812 41
6812 42
6812 43
6749 167
6957 28
6957 29
6957 40
6957 41
6947 71
6893 108
6893 173
6893 174
6893 175
6989 4
6989 5
6989 6
6989 7
6767 10
6767 11
6902 8
6902 9
6902 10
6902 11
6879 192
6879 193
6879 194
6922 180
6953 51
6953 52
6953 53
6953 54
6780 4
6780 5
6780 6
6780 7
6828 108
6828 109
6828 110
6828 111
6756 124
6756 125
6756 126
6756 127
6766 102
6766 103
6766 104
6766 165
6853 160
6853 161
6853 162
6853 163
6958 95
6958 96
6958 97
6958 98
6936 102
6936 103
6936 104
6936 105
6769 166
6769 167
6769 168
6769 169
6966 4
6966 5
6966 6
6966 7
6969 211
6969 212
6969 213
6969 214
6869 4
6869 5
6869 6
6869 7
6956 80
6888 92
6888 93
6888 94
6888 95
6785 26
6785 59
6785 60
6785 61
6974 47
6974 48
6974 49
6974 50
6859 0
6859 1
6859 2
6859 3
6780 183
6837 132
6837 133
6837 134
6837 135
6922 108
6922 109
6922 110
6922 122
6752 22
6752 23
6752 48
6752 49
6786 128
6786 129
6786 130
6786 131
6935 30
6805 155
6805 156
6805 157
6805 158
6973 142
6973 143
6973 144
6957 128
6957 129
6957 130
6957 132
6861 144
6861 145
6861 146
6861 147
6959 30
6959 31
6959 32
6959 33
6985 71
6985 72
6985 73
6985 74
6936 4
6936 6
6936 7
6850 60
6850 61
6850 62
6850 63
6813 124
6813 125
6813 126
6813 127
6922 192
6922 193
6922 195
6956 13
6956 14
6956 15
6765 85
6765 86
6765 87
6765 88
6982 0
6982 1
6982 2
6982 3
6991 143
6991 144
6766 219
6766 220
6766 221
6766 222
6812 36
6812 37
6812 38
6812 39
6801 96
6801 97
6801 98
6801 99
6953 94
6953 95
6939 84
6939 85
6939 86
6939 87
6801 134
6801 135
6801 136
6801 137
6916 103
6916 104
6783 184
6783 185
6783 186
6783 187
6789 116
6789 117
6789 118
6789 119
6956 218
6956 219
6787 122
6787 123
6787 124
6787 125
6964 89
6964 90
6964 91
6964 92
6837 64
6837 65
6837 66
6837 67
6923 112
6881 40
6881 41
6881 42
6881 43
6923 84
6923 85
6923 86
6923 87
6954 46
6954 47
6954 48
6954 49
6787 96
6787 97
6787 98
6787 99
6917 17
6917 18
6917 19
6917 20
6956 126
6956 127
6953 171
6953 172
6953 173
6855 78
6855 79
6855 80
6855 81
6752 86
6752 87
6752 88
6752 89
6959 68
6959 69
6959 70
6959 71
6804 30
6804 31
6949 69
6949 70
6949 73
6949 74
6801 118
6801 119
6801 120
6801 121
6913 30
6913 31
6913 32
6913 33
6871 27
6871 52
6871 53
6871 188
6956 52
6956 53
6956 55
6956 56
6980 225
6980 228
6980 232
6980 233
6901 77
6901 103
6901 105
6901 107
6827 133
6827 134
6827 135
6827 136
6960 18
6960 19
6960 20
6960 21
6884 28
6884 29
6883 20
6883 21
6883 22
6883 23
6997 18
6997 19
6997 20
6997 21
6905 28
6905 29
6905 60
6905 61
6775 0
6775 1
6775 2
6831 28
6831 29
6831 30
6831 31
6826 84
6826 85
6826 86
6826 87
6991 20
6991 21
6893 57
6893 176
6893 220
6893 221
6916 122
6916 123
6916 127
6894 59
6894 60
6894 68
6894 69
6785 55
6785 56
6785 57
6785 58
6998 53
6998 54
6840 0
6840 1
6840 2
6840 3
6954 36
6954 37
6954 38
6911 16
6911 17
6911 18
6911 19
6790 60
6790 61
6790 79
6790 57
6790 58
6790 59
6879 85
6879 86
6879 87
6879 88
6798 154
6798 155
6798 156
6798 157
6907 28
6907 29
6907 38
6907 39
6752 24
6752 25
6752 26
6752 27
6865 118
6865 119
6865 120
6865 121
6901 161
6901 162
6901 163
6901 164
6888 72
6888 73
6888 74
6888 75
6798 49
6798 50
6798 51
6798 52
6856 13
6856 14
6856 16
6856 17
6972 19
6972 36
6972 37
6972 38
6916 134
6916 135
6916 136
6916 137
6959 100
6959 101
6959 102
6959 103
6798 82
6798 84
6798 85
6798 86
6950 36
6950 37
6950 38
6950 39
6998 65
6998 66
6998 67
6998 68
6758 18
6758 19
6758 20
6758 21
6922 3
6922 4
6922 5
6922 6
6826 60
6826 61
6826 62
6826 63
6915 172
6915 179
6893 158
6893 159
6905 74
6905 75
6905 76
6905 77
6919 59
6919 60
6919 61
6919 62
6765 90
6765 91
6765 93
6765 94
6980 171
6980 172
6980 173
6980 174
6934 146
6934 147
6934 148
6934 149
6954 0
6954 1
6954 4
6954 5
6882 25
6882 26
6882 27
6882 28
6973 64
6973 65
6973 66
6973 67
6978 234
6978 235
6978 236
6978 237
6936 200
6936 201
6936 202
6936 203
6955 38
6955 39
6955 40
6955 41
6777 56
6777 57
6777 58
6777 59
6922 236
6922 237
6922 238
6922 239
6978 89
6978 90
6978 91
6908 115
6908 116
6908 117
6908 118
6835 24
6835 25
6835 26
6835 27
6859 34
6947 57
6947 58
6947 59
6947 60
6916 75
6916 76
6916 77
6916 78
6776 64
6776 66
6776 67
6776 68
6861 13
6861 14
6861 16
6861 17
6912 196
6912 219
6912 229
6853 28
6853 29
6853 40
6853 41
6859 192
6859 193
6859 194
6859 195
6901 24
6901 25
6901 27
6901 28
6756 64
6756 65
6756 66
6756 67
6893 210
6893 211
6893 212
6893 213
6794 46
6794 47
6896 14
6896 44
6896 45
6896 47
6908 217
6908 218
6908 219
6908 220
6752 202
6752 203
6752 204
6752 205
6853 118
6853 119
6853 120
6853 121
6826 68
6826 69
6826 70
6826 71
6912 52
6912 53
6912 54
6912 55
6794 63
6989 54
6989 55
6989 58
6989 59
6777 86
6777 87
6777 88
6777 89
6888 144
6888 145
6888 146
6888 147
6901 157
6901 158
6901 159
6901 160
6768 68
6768 69
6768 70
6768 72
6776 202
6776 203
6776 205
6776 206
6893 166
6893 167
6893 200
6893 201
6978 33
6978 34
6978 35
6978 36
6937 40
6937 41
6937 42
6937 43
6813 216
6813 217
6813 218
6813 219
6997 54
6997 55
6997 56
6997 57
6805 122
6805 153
6957 69
6957 80
6957 81
6957 82
6765 163
6765 164
6765 165
6765 166
6936 140
6936 141
6936 142
6936 143
6861 217
6861 218
6861 219
6861 220
6866 129
6866 130
6866 131
6866 134
6912 170
6912 171
6912 172
6912 173
6907 84
6907 85
6907 86
6907 87
6955 206
6955 207
6955 208
6955 209
6888 60
6888 61
6888 62
6888 63
6922 219
6922 220
6922 221
6922 222
6752 43
6752 44
6752 45
6752 46
6907 88
6907 89
6907 90
6907 91
6908 167
6908 168
6908 169
6908 170
6936 133
6936 137
6936 138
6936 139
6803 108
6803 109
6803 110
6803 111
6813 64
6813 65
6813 66
6813 67
6973 154
6973 155
6973 156
6973 157
6813 224
6813 225
6813 226
6813 227
6874 36
6874 37
6874 38
6874 40
6853 83
6853 84
6853 85
6853 86
6906 4
6906 5
6906 6
6906 7
6776 133
6776 134
6776 135
6776 136
6822 48
6822 49
6822 50
6768 43
6768 44
6768 45
6768 46
6823 0
6823 1
6823 2
6823 3
6896 19
6896 21
6896 23
6896 49
6823 8
6823 9
6823 10
6823 11
6874 97
6874 98
6874 99
6874 101
6785 22
6785 23
6766 71
6766 72
6766 73
6766 74
6773 32
6773 33
6773 34
6773 35
6888 82
6888 83
6888 84
6888 85
6973 150
6973 151
6973 152
6973 153
6980 209
6980 213
6980 214
6980 217
6785 192
6967 55
6880 32
6933 76
6879 100
6879 101
6958 30
6859 187
6859 188
6887 27
6887 28
6887 29
6859 22
6859 23
6915 142
6915 143
6915 144
6915 145
6998 88
6998 131
6935 20
6935 21
6935 22
6935 23
6874 92
6970 30
6970 31
6806 36
6806 37
6806 38
6806 39
6978 142
6978 143
6978 144
6978 145
6805 45
6805 46
6805 48
6805 49
6769 109
6769 110
6804 29
6811 48
6811 49
6811 50
6811 51
6905 102
6905 103
6905 104
6905 105
6874 20
6950 26
6950 27
6950 28
6992 6
6992 7
6992 8
6969 127
6960 55
6960 56
6989 133
6989 134
6989 135
6873 40
6873 41
6873 42
6922 70
6922 101
6922 102
6922 103
6958 135
6958 136
6773 100
6773 101
6773 102
6773 103
6859 179
6859 180
6859 181
6859 182
6856 28
6856 29
6856 30
6856 31
6873 36
6873 37
6873 38
6873 39
6949 38
6949 111
6949 112
6768 55
6768 56
6768 57
6768 58
6958 4
6958 5
6958 6
6958 7
6830 172
6830 173
6830 174
6830 175
6882 106
6882 167
6882 168
6882 169
6749 159
6749 160
6749 161
6749 162
6768 147
6768 148
6768 149
6768 150
6912 195
6912 228
6956 149
6956 150
6956 151
6956 152
6854 86
6854 87
6854 89
6854 107
6932 81
6932 82
6932 83
6932 144
6811 36
6811 37
6811 38
6811 39
6830 72
6830 73
6830 74
6830 75
6915 58
6915 60
6787 111
6787 112
6787 113
6787 114
6790 20
6790 21
6790 22
6790 24
6973 8
6973 9
6973 38
6973 39
6752 233
6752 234
6752 235
6752 236
6888 41
6888 42
6888 43
6888 44
6949 43
6949 44
6949 45
6949 46
6923 116
6923 118
6923 119
6828 12
6828 13
6828 14
6828 15
6945 16
6945 17
6945 18
6945 19
6955 198
6955 199
6955 200
6955 201
6855 16
6855 17
6855 18
6960 82
6960 83
6960 84
6960 85
6972 50
6972 55
6972 56
6972 57
6824 36
6824 37
6824 38
6824 39
6805 35
6805 36
6805 37
6805 38
6937 52
6937 53
6937 54
6937 55
6954 15
6954 16
6954 19
6954 20
6831 56
6831 57
6831 58
6831 59
6968 39
6968 40
6968 41
6968 42
6882 76
6882 77
6882 78
6882 170
6991 22
6991 23
6991 24
6991 25
6827 137
6827 138
6827 139
6827 140
6881 153
6881 154
6881 155
6881 156
6828 232
6828 233
6828 234
6789 138
6789 139
6789 140
6789 141
6970 42
6970 43
6970 44
6970 48
6969 81
6969 82
6969 83
6969 84
6752 38
6752 39
6752 40
6837 176
6837 177
6837 178
6837 179
6922 71
6922 72
6922 73
6922 74
6812 12
6812 13
6812 14
6812 15
6934 167
6934 168
6934 169
6934 170
6824 44
6824 45
6824 46
6824 47
6935 14
6935 15
6935 16
6935 17
6780 229
6780 230
6780 231
6780 232
6922 15
6922 16
6922 86
6922 230
6768 128
6768 129
6768 130
6768 131
6980 158
6980 159
6980 160
6980 161
6773 142
6773 143
6773 144
6773 145
6837 16
6837 17
6837 18
6837 19
6945 29
6945 30
6945 95
6945 96
6786 64
6786 65
6786 67
6786 68
6768 139
6768 140
6768 141
6768 142
6756 22
6751 0
6785 199
6787 28
6787 29
6776 193
6776 194
6776 195
6776 196
6776 38
6776 39
6776 40
6776 41
6769 163
6769 164
6939 60
6939 61
6939 62
6939 118
6786 127
6917 136
6917 137
6917 138
6917 139
6995 15
6975 87
6975 89
6855 110
6855 111
6942 76
6942 77
6942 78
6942 79
6963 110
6963 112
6963 113
6963 114
6800 188
6800 189
6800 190
6800 191
6953 112
6953 113
6955 22
6955 23
6882 230
6882 231
6882 232
6882 233
6749 105
6749 106
6749 107
6749 108
6918 62
6918 63
6881 91
6881 94
6881 95
6881 100
6979 108
6979 109
6979 110
6979 111
6936 216
6936 217
6936 218
6936 219
6917 56
6917 57
6957 61
6957 62
6957 63
6957 64
6939 26
6939 27
6939 28
6939 29
6974 34
6974 35
6974 36
6974 37
6780 90
6780 91
6780 92
6780 93
6811 68
6811 69
6811 70
6811 71
6829 80
6829 81
6829 82
6829 83
6780 113
6780 184
6780 185
6780 186
6951 11
6951 14
6951 18
6951 19
6979 59
6979 60
6979 61
6979 62
6776 172
6776 173
6776 174
6776 175
6921 130
6921 131
6921 132
6780 50
6780 51
6780 52
6780 53
6957 13
6957 14
6957 15
6946 43
6946 44
6946 49
6902 64
6902 65
6902 66
6902 67
6871 42
6871 43
6871 111
6871 187
6969 92
6969 93
6969 94
6969 95
6783 46
6783 47
6783 48
6915 82
6915 83
6915 84
6915 85
6907 192
6907 193
6907 194
6907 195
6779 41
6779 42
6779 43
6779 44
6806 40
6806 41
6806 42
6806 43
6871 64
6871 65
6871 70
6871 71
6886 10
6886 11
6886 12
6886 13
6957 113
6957 114
6957 115
6957 116
6822 68
6822 69
6822 70
6822 71
6923 131
6923 132
6923 133
6923 134
6814 0
6814 1
6814 2
6814 3
6885 10
6885 11
6885 12
6885 13
6975 199
6803 126
6803 127
6974 98
6974 99
6798 78
6798 79
6908 64
6975 235
6901 190
6901 191
6922 120
6922 121
6801 70
6801 72
6801 74
6801 101
6969 13
6969 14
6969 15
6969 16
6932 84
6932 86
6932 87
6932 149
6946 69
6765 171
6765 172
6765 173
6765 174
6958 91
6958 92
6958 93
6958 94
6947 8
6947 10
6947 11
6947 12
6993 31
6993 40
6789 66
6789 67
6789 68
6789 69
6956 132
6959 59
6959 60
6959 94
6959 95
6959 217
6959 218
6959 219
6959 224
6794 16
6794 17
6794 18
6794 19
6922 225
6922 226
6922 227
6922 228
6799 43
6859 234
6859 235
6859 236
6859 237
6863 68
6863 69
6863 70
6863 72
6896 50
6896 51
6896 52
6896 53
6917 155
6917 156
6917 157
6917 158
6939 49
6939 50
6939 51
6939 52
6923 48
6923 49
6923 114
6923 115
6893 148
6893 149
6893 190
6893 191
6912 152
6912 153
6912 154
6912 155
6773 29
6773 30
6773 31
6790 75
6790 76
6790 77
6790 78
6998 122
6998 123
6998 124
6998 125
6850 8
6850 9
6850 10
6850 11
6789 82
6937 80
6937 81
6937 82
6937 83
6955 48
6955 49
6955 50
6955 51
6928 20
6749 16
6749 17
6884 24
6884 25
6884 26
6884 27
6786 119
6912 224
6912 225
6854 79
6921 116
6921 117
6921 118
6752 214
6752 215
6752 216
6930 52
6930 53
6930 54
6930 55
6865 91
6865 92
6865 93
6865 94
6813 208
6813 209
6813 210
6813 211
6879 64
6879 65
6879 66
6879 67
6952 151
6952 153
6952 154
6973 25
6968 0
6968 1
6968 2
6968 3
6813 36
6813 37
6813 38
6985 41
6985 42
6946 68
6946 70
6946 71
6946 72
6785 36
6785 37
6785 38
6785 39
6919 12
6919 13
6919 14
6919 15
6957 133
6957 134
6957 136
6957 137
6768 73
6768 74
6768 75
6768 76
6783 163
6783 164
6783 165
6783 166
6824 60
6824 61
6824 62
6824 63
6830 84
6830 85
6830 86
6830 87
6780 179
6780 180
6780 181
6780 182
6902 31
6902 32
6902 53
6811 116
6811 117
6811 118
6811 119
6837 40
6837 41
6837 42
6837 43
6960 61
6960 62
6960 63
6827 173
6827 174
6827 175
6827 176
6835 60
6835 61
6835 62
6835 63
6949 47
6949 48
6777 116
6777 117
6777 118
6777 119
6916 70
6916 72
6916 73
6916 74
6765 178
6765 179
6765 180
6765 181
6969 33
6969 34
6969 37
6969 155
6813 132
6813 133
6813 134
6813 135
6828 104
6828 105
6828 106
6828 107
6785 66
6785 67
6785 68
6785 69
6861 182
6861 183
6861 186
6861 212
6901 211
6901 212
6901 213
6901 214
6901 134
6901 135
6901 136
6901 137
6765 186
6765 187
6765 188
6765 189
6881 32
6881 33
6881 34
6881 35
6835 48
6835 49
6835 50
6835 51
6911 28
6911 29
6911 30
6911 31
6958 20
6958 21
6958 22
6958 23
6952 200
6952 201
6803 21
6803 22
6969 189
6969 190
6969 191
6969 8
6969 120
6969 177
6969 178
6776 48
6919 95
6979 38
6979 39
6979 40
6979 41
6881 55
6881 56
6881 57
6881 58
6884 30
6916 18
6916 19
6916 20
6916 21
6765 110
6765 111
6765 112
6765 113
6935 4
6935 5
6935 6
6935 7
6756 110
6756 111
6756 112
6756 113
6879 211
6879 212
6879 217
6879 226
6918 116
6918 117
6918 118
6936 111
6936 112
6936 113
6936 114
6785 86
6785 87
6785 88
6785 89
6803 138
6803 139
6803 140
6803 141
6865 51
6865 52
6865 53
6865 54
6801 192
6801 193
6801 194
6801 195
6752 140
6752 141
6752 142
6752 143
6950 40
6950 41
6950 42
6950 43
6780 161
6780 162
6780 163
6780 164
6787 146
6787 147
6787 148
6787 149
6765 81
6765 82
6765 83
6765 84
6972 142
6972 143
6972 144
6972 145
6908 186
6908 187
6908 188
6908 189
6883 32
6883 33
6883 34
6883 35
6792 60
6792 62
6883 9
6883 10
6883 11
6883 12
6957 58
6957 59
6957 60
6779 113
6861 192
6861 195
6768 120
6768 136
6768 137
6768 138
6874 163
6785 202
6785 203
6874 79
6856 18
6805 228
6805 229
6805 230
6805 231
6805 163
6805 164
6805 165
6805 166
6779 68
6779 69
6779 70
6786 81
6786 85
6786 89
6896 0
6896 1
6901 30
6901 32
6901 33
6901 34
6890 60
6890 61
6890 62
6890 69
6918 27
6975 59
6975 60
6975 61
6975 62
6979 128
6979 129
6979 130
6979 131
6776 98
6776 99
6776 100
6776 101
6952 219
6952 220
6907 100
6907 101
6907 102
6907 103
6787 144
6787 145
6850 44
6850 45
6850 46
6989 81
6989 82
6989 113
6989 169
6922 1
6922 2
6922 68
6922 69
6928 62
6928 64
6922 115
6922 116
6922 117
6922 118
6935 31
6935 32
6801 36
6801 37
6801 38
6801 141
6813 104
6813 105
6813 106
6813 107
6977 12
6977 13
6977 53
6977 54
6880 56
6880 57
6829 188
6829 189
6829 190
6829 191
6919 82
6919 83
6919 84
6919 85
6991 233
6991 234
6991 235
6991 236
6882 140
6901 215
6901 216
6901 217
6901 218
6773 171
6773 172
6773 173
6773 174
6829 68
6829 69
6829 70
6829 71
6991 119
6991 120
6991 123
6991 131
6786 16
6786 17
6786 18
6786 19
6841 4
6841 5
6841 6
6879 71
6879 72
6879 73
6879 74
6783 24
6783 25
6783 26
6783 27
6882 33
6882 181
6882 182
6882 183
6908 233
6908 234
6908 235
6908 236
6968 10
6894 48
6894 49
6894 50
6894 51
6803 142
6803 143
6803 144
6803 145
6879 59
6879 128
6974 0
6974 1
6974 2
6974 3
6835 88
6835 89
6835 90
6835 91
6826 44
6826 45
6826 46
6826 47
6978 204
6978 205
6978 206
6978 207
6874 111
6874 112
6874 113
6874 114
6979 84
6979 85
6979 86
6979 87
6952 145
6952 146
6952 149
6952 150
6975 132
6975 133
6975 134
6975 135
6972 138
6972 139
6972 140
6972 141
6855 56
6855 57
6855 64
6855 65
6776 79
6947 81
6804 50
6804 51
6854 4
6854 5
6854 6
6854 7
6812 16
6812 17
6812 18
6812 19
6936 60
6936 61
6936 62
6936 63
6956 17
6956 18
6956 19
6956 20
6859 112
6859 113
6859 114
6859 115
6964 1
6964 8
6964 9
6964 70
6922 39
6922 40
6922 41
6922 42
6859 30
6859 31
6991 16
6991 17
6991 18
6991 19
6835 32
6835 33
6835 34
6835 35
6973 28
6973 29
6973 36
6973 37
6908 155
6908 156
6908 157
6908 158
6861 97
6861 98
6861 99
6861 100
6837 196
6837 197
6837 198
6837 199
6866 47
6866 48
6866 49
6866 50
6786 70
6786 71
6786 72
6749 97
6749 98
6749 99
6749 100
6953 55
6953 56
6953 57
6953 58
6865 9
6865 10
6801 214
6801 215
6801 216
6801 217
6773 232
6773 233
6773 234
6773 235
6932 121
6932 122
6932 123
6932 124
6786 146
6786 147
6786 148
6786 149
6981 11
6981 12
6981 14
6981 15
6980 11
6980 15
6813 32
6813 33
6813 34
6813 35
6932 135
6932 136
6932 137
6932 138
6939 8
6939 9
6939 10
6939 11
6854 54
6854 55
6854 56
6854 57
6890 13
6890 14
6890 15
6915 206
6915 207
6915 209
6915 210
6934 111
6934 112
6934 113
6934 114
6863 24
6863 25
6863 26
6863 27
6893 123
6893 124
6893 125
6893 126
6972 106
6871 2
6930 8
6882 79
6765 80
6780 177
6780 178
6944 0
6944 1
6855 132
6855 134
6975 174
6975 175
6975 177
6975 178
6769 181
6769 184
6769 188
6769 191
6975 217
6975 224
6975 225
6975 226
6836 24
6836 25
6836 26
6836 27
6850 56
6850 57
6850 58
6850 59
6907 181
6907 182
6907 183
6907 184
6911 33
6911 34
6911 35
6911 36
6810 4
6810 5
6810 6
6810 7
6885 18
6885 19
6811 176
6811 177
6811 178
6811 179
6886 24
6886 25
6886 26
6886 27
6908 205
6908 206
6908 207
6908 208
6777 129
6777 130
6777 131
6777 132
6991 155
6991 166
6991 169
6991 170
6980 8
6980 9
6980 16
6980 17
6998 13
6998 14
6998 15
6832 36
6832 37
6832 38
6832 39
6830 228
6830 229
6830 230
6830 231
6969 85
6969 86
6969 87
6969 88
6888 233
6888 234
6888 235
6888 236
6773 36
6773 37
6773 38
6831 100
6831 101
6831 102
6831 103
6835 136
6835 137
6835 138
6835 139
6901 51
6901 52
6901 53
6901 54
6866 109
6866 111
6866 112
6866 113
6906 28
6906 29
6906 31
6906 32
6907 74
6907 75
6907 76
6907 77
6979 80
6979 81
6979 82
6979 83
6780 108
6780 109
6780 110
6978 49
6978 50
6978 51
6978 52
6991 104
6991 105
6991 106
6991 107
6785 0
6785 1
6785 2
6785 3
6963 118
6779 104
6779 105
6949 78
6756 48
6779 122
6779 123
6953 43
6953 44
6953 45
6953 46
6971 3
6971 7
6971 8
6971 9
6971 10
6885 40
6981 2
6934 24
6934 217
6934 218
6799 66
6799 67
6799 68
6799 69
6981 38
6981 39
6981 40
6981 42
6749 126
6749 127
6952 123
6952 175
6952 176
6952 177
6749 180
6893 41
6893 42
6893 43
6893 44
6790 50
6749 64
6749 65
6749 66
6749 67
6947 62
6947 74
6947 75
6947 76
6795 8
6795 9
6828 208
6828 209
6828 210
6828 211
6934 123
6792 32
6974 10
6974 11
6974 12
6974 13
6993 20
6907 82
6907 83
6923 78
6923 79
6923 90
6923 91
6805 179
6805 180
6805 181
6805 182
6917 76
6917 77
6917 78
6917 79
6912 87
6912 88
6912 96
6912 97
6997 50
6997 51
6997 52
6997 53
6866 147
6866 149
6814 68
6814 69
6773 204
6901 146
6831 184
6831 185
6831 186
6831 187
6907 126
6907 127
6930 40
6930 41
6930 42
6930 43
6803 168
6803 169
6803 170
6803 171
6977 32
6977 33
6977 59
6977 60
6912 160
6912 161
6912 162
6912 222
6800 49
6800 50
6800 51
6956 188
6956 189
6956 190
6956 191
6776 187
6776 188
6776 189
6776 192
6798 171
6798 172
6798 173
6751 1
6751 2
6751 3
6751 4
6884 31
6884 32
6787 63
6968 28
6968 29
6968 30
6968 67
6830 196
6830 197
6830 198
6830 199
6766 140
6766 141
6766 142
6766 143
6989 103
6989 104
6989 150
6989 151
6975 205
6975 206
6975 207
6975 208
6758 37
6758 38
6956 222
6956 223
6956 224
6956 225
6783 151
6783 152
6783 153
6783 154
6790 13
6790 15
6956 0
6956 1
6956 2
6956 3
6811 100
6811 101
6811 102
6811 103
6783 13
6783 14
6783 15
6881 9
6881 80
6881 81
6881 82
6991 212
6991 213
6991 214
6991 215
6902 0
6902 1
6902 2
6902 3
6761 2
6761 3
6761 64
6761 65
6984 0
6984 1
6984 2
6984 3
6952 122
6952 127
6952 221
6918 74
6918 75
6918 76
6991 121
6991 122
6973 94
6973 95
6973 96
6973 97
6985 75
6985 76
6985 77
6985 78
6786 4
6840 52
6840 53
6840 54
6840 55
6813 168
6813 169
6813 170
6813 171
6832 28
6832 29
6832 30
6832 31
6942 100
6942 101
6942 102
6942 103
6752 188
6752 189
6800 112
6907 143
6907 154
6907 155
6907 156
6752 47
6800 84
6800 96
6800 99
6800 100
6894 36
6894 37
6894 38
6894 39
6777 139
6777 140
6777 141
6777 142
6908 225
6908 226
6908 227
6908 228
6865 83
6865 84
6865 85
6865 86
6905 50
6905 51
6905 52
6905 53
6785 29
6785 30
6922 64
6922 67
6865 100
6865 101
6865 102
6865 103
6785 51
6785 52
6785 53
6785 54
6959 14
6959 15
6959 16
6959 17
6956 33
6956 34
6956 35
6956 36
6934 193
6934 194
6934 195
6934 196
6831 36
6831 37
6831 38
6831 39
6934 28
6934 154
6825 60
6825 61
6825 62
6825 63
6859 62
6859 63
6854 111
6854 112
6854 113
6932 95
6932 180
6997 10
6997 11
6997 12
6997 13
6953 24
6953 26
6953 27
6953 28
6884 4
6884 5
6916 10
6916 11
6916 12
6916 13
6758 40
6758 41
6810 48
6810 49
6810 50
6810 51
6958 74
6958 75
6958 76
6958 77
6905 88
6905 89
6905 90
6905 91
6850 90
6850 91
6811 28
6811 29
6811 30
6811 31
6985 21
6985 22
6985 23
6985 24
6913 10
6913 14
6913 15
6837 116
6837 117
6837 118
6837 119
6972 58
6972 59
6972 60
6972 61
6949 1
6949 2
6949 5
6949 6
6978 120
6978 121
6780 58
6780 59
6780 60
6780 61
6934 4
6934 5
6934 6
6934 8
6829 140
6829 141
6829 142
6829 143
6982 8
6982 9
6982 10
6982 11
6857 14
6857 15
6857 17
6836 8
6836 9
6836 10
6836 11
6806 9
6806 10
6806 11
6806 12
6779 24
6879 155
6879 156
6879 205
6879 206
6960 46
6960 47
6960 48
6960 49
6896 6
6896 7
6972 76
6972 77
6972 78
6972 79
6811 40
6811 41
6811 42
6811 43
6749 78
6749 79
6749 84
6969 132
6969 133
6969 134
6969 135
6766 11
6766 12
6766 13
6766 14
6969 42
6969 80
6969 202
6867 1
6867 3
6867 4
6991 161
6991 162
6991 164
6991 165
6893 5
6893 6
6893 7
6893 8
6977 0
6977 1
6977 2
6977 4
6828 184
6828 185
6828 186
6828 187
6830 60
6830 61
6830 62
6830 63
6926 10
6926 11
6926 12
6907 12
6907 13
6907 14
6907 15
6782 11
6782 12
6782 13
6782 14
6895 10
6895 11
6895 12
6895 13
6980 78
6980 80
6980 81
6980 82
6983 10
6983 11
6983 12
6983 13
6957 202
6957 203
6957 204
6957 205
6915 0
6915 1
6915 2
6915 3
6865 71
6865 72
6865 73
6865 74
6939 108
6939 109
6939 110
6939 111
6998 127
6880 10
6880 11
6880 12
6989 225
6989 226
6989 227
6989 228
6960 159
6960 170
6960 171
6769 101
6769 102
6769 103
6769 104
6959 213
6959 214
6959 215
6959 216
6991 224
6991 225
6991 226
6991 227
6783 138
6783 139
6783 140
6783 141
6881 134
6881 135
6881 140
6881 141
6780 8
6780 9
6780 10
6780 11
6917 51
6917 52
6805 30
6805 31
6813 52
6813 53
6813 54
6813 55
6783 231
6783 232
6783 233
6783 234
6969 98
6969 99
6969 100
6969 101
6882 29
6882 203
6882 204
6882 205
6916 30
6916 31
6916 32
6916 33
6916 96
6916 97
6916 105
6916 106
6865 122
6865 123
6865 124
6978 77
6978 78
6978 79
6978 80
6980 72
6980 73
6980 74
6980 75
6907 148
6907 149
6907 150
6907 151
6997 24
6997 25
6997 26
6997 27
6769 119
6769 120
6978 37
6978 38
6978 39
6978 40
6958 24
6958 25
6958 26
6958 27
6917 43
6917 44
6917 45
6917 48
6773 214
6773 215
6773 216
6773 217
6945 179
6945 180
6945 182
6945 183
6813 152
6813 153
6813 154
6813 155
6968 48
6968 52
6968 56
6968 58
6814 48
6814 49
6814 50
6814 51
6893 150
6893 151
6893 152
6893 153
6955 186
6955 187
6955 188
6955 189
6766 161
6766 162
6766 163
6766 164
6749 136
6749 137
6749 138
6955 90
6955 91
6955 92
6955 93
6991 196
6991 197
6991 198
6991 199
6923 92
6923 93
6923 94
6923 95
6930 70
6930 71
6930 72
6930 73
6763 9
6763 13
6763 14
6912 56
6912 57
6912 58
6912 59
6756 57
6756 58
6756 96
6756 97
6905 116
6905 117
6905 118
6905 119
6806 44
6806 45
6806 46
6806 48
6912 226
6912 227
6912 230
6912 231
6882 94
6882 95
6984 15
6984 16
6984 17
6984 18
6830 220
6830 221
6830 222
6830 223
6963 117
6963 121
6963 130
6963 131
6956 97
6956 98
6956 99
6956 157
6945 151
6945 153
6945 154
6945 155
6773 74
6773 75
6773 76
6773 77
6785 141
6785 142
6785 143
6785 144
6779 6
6779 7
6779 8
6779 9
6787 237
6787 238
6787 239
6787 240
6779 14
6779 15
6779 16
6779 17
6798 53
6798 54
6798 55
6916 200
6916 201
6916 202
6916 203
6986 51
6986 52
6986 53
6986 54
6773 60
6773 61
6773 62
6773 63
6916 22
6916 23
6916 24
6916 25
6959 176
6959 177
6959 178
6959 179
6829 108
6829 109
6829 110
6829 111
6837 24
6837 25
6837 26
6837 27
6882 114
6882 115
6882 116
6882 117
6871 45
6871 167
6871 168
6871 169
6829 156
6829 157
6829 158
6829 159
6798 31
6766 185
6788 63
6912 220
6912 221
6769 89
6769 90
6912 214
6989 46
6989 48
6827 189
6827 190
6827 191
6827 192
6896 20
6896 22
6896 25
6896 26
6765 117
6765 120
6922 24
6922 25
6922 26
6811 232
6811 233
6811 234
6811 235
6787 38
6787 39
6798 152
6798 153
6896 2
6896 3
6896 4
6896 5
6752 184
6752 185
6752 186
6752 187
6946 27
6946 28
6946 29
6946 32
6978 8
6978 9
6978 10
6978 11
6880 28
6824 52
6824 53
6824 54
6824 55
6803 37
6803 38
6803 39
6803 40
6918 103
6918 104
6918 105
6918 111
6766 155
6766 156
6766 157
6766 158
6923 27
6923 28
6923 29
6923 113
6828 216
6828 217
6828 218
6828 219
6901 139
6901 140
6901 143
6901 144
6822 0
6822 1
6822 2
6822 3
6811 0
6811 1
6811 2
6811 3
6978 93
6978 94
6978 96
6978 101
6989 25
6989 26
6989 27
6989 28
6837 28
6837 29
6837 30
6837 31
6958 120
6958 121
6958 122
6958 123
6936 71
6936 72
6936 73
6936 74
6871 151
6871 152
6871 153
6871 154
6959 125
6959 126
6959 127
6963 124
6963 127
6888 86
6888 87
6888 88
6888 89
6955 64
6955 65
6955 66
6955 67
6890 45
6890 46
6890 48
6890 49
6958 16
6958 17
6958 140
6958 143
6928 18
6928 19
6928 48
6928 49
6986 0
6986 1
6986 3
6986 7
6769 20
6769 21
6769 22
6769 23
6798 199
6798 200
6798 209
6798 210
6830 56
6830 57
6830 58
6830 59
6756 146
6975 215
6975 216
6787 106
6769 213
6769 214
6785 158
6785 159
6919 10
6919 11
6989 16
6989 18
6989 19
6786 66
6979 28
6979 29
6979 36
6979 37
6882 54
6882 55
6882 184
6882 185
6805 74
6805 75
6805 76
6805 77
6785 239
6785 240
6785 241
6785 242
6777 169
6777 170
6859 58
6859 59
6859 60
6859 61
6789 4
6789 5
6861 109
6861 110
6861 111
6991 219
6991 220
6991 221
6991 228
6936 149
6840 72
6840 73
6840 74
6840 75
6859 218
6859 219
6859 220
6859 221
6952 115
6952 116
6952 117
6952 118
6854 20
6854 21
6854 23
6854 24
6805 26
6805 27
6805 28
6805 29
6801 130
6801 131
6801 132
6801 133
6857 4
6997 68
6997 69
6997 80
6997 81
6800 27
6800 28
6882 186
6882 187
6882 188
6882 189
6970 54
6970 55
6970 56
6970 57
6829 32
6829 33
6829 34
6829 35
6986 38
6986 39
6986 40
6986 41
6801 55
6801 56
6801 94
6801 95
6785 146
6955 224
6955 225
6955 226
6955 227
6792 13
6792 14
6792 15
6837 4
6837 5
6837 6
6837 7
6894 56
6894 57
6894 58
6824 99
6824 100
6824 101
6824 102
6959 12
6959 13
6959 44
6959 45
6945 218
6945 222
6873 21
6873 30
6873 31
6919 74
6919 75
6919 76
6919 77
6776 7
6776 8
6776 9
6933 55
6933 56
6933 57
6933 58
6890 57
6890 58
6890 59
6978 61
6978 62
6978 63
6978 64
6947 28
6947 34
6947 38
6947 42
6857 0
6857 1
6857 2
6857 3
6977 42
6977 43
6977 72
6977 73
6936 170
6936 171
6974 64
6974 65
6974 66
6974 67
6947 23
6947 24
6947 26
6947 27
6749 225
6749 226
6749 227
6749 228
6942 20
6942 21
6942 22
6942 23
6945 79
6945 80
6945 82
6945 83
6806 0
6806 1
6806 2
6806 3
6978 73
6978 74
6978 75
6978 76
6861 121
6861 122
6919 192
6919 193
6919 194
6919 195
6998 58
6998 59
6998 60
6998 61
6785 17
6785 18
6785 19
6785 20
6866 61
6866 62
6866 63
6866 89
6953 18
6953 19
6953 84
6953 85
6806 22
6806 23
6806 24
6806 25
6969 128
6969 129
6969 130
6969 131
6804 32
6804 33
6804 34
6804 35
6814 16
6814 17
6814 18
6814 19
6831 0
6831 1
6831 2
6831 3
6956 5
6956 6
6956 7
6937 26
6937 27
6937 28
6953 65
6953 66
6953 67
6953 68
6901 153
6901 154
6901 155
6901 156
6984 19
6984 20
6984 21
6984 22
6861 83
6861 85
6861 86
6861 89
6973 48
6973 49
6973 50
6973 51
6749 224
6973 124
6973 125
6973 126
6973 127
6836 51
6836 52
6836 53
6836 54
6959 230
6959 231
6959 232
6959 233
6969 38
6969 39
6969 41
6969 54
6749 18
6749 19
6749 20
6749 21
6837 8
6837 10
6837 11
6967 14
6766 49
6766 50
6766 51
6766 52
6957 117
6957 118
6957 119
6957 120
6880 33
6981 126
6981 127
6830 24
6830 25
6830 26
6830 27
6861 213
6861 214
6861 215
6861 216
6980 51
6980 52
6980 53
6980 54
6777 181
6777 182
6777 183
6777 185
6980 111
6980 112
6980 113
6980 114
6765 105
6765 106
6980 144
6995 8
6995 9
6995 10
6995 11
6893 214
6936 53
6936 54
6936 55
6936 70
6881 74
6881 75
6881 76
6881 77
6867 2
6867 11
6867 16
6881 101
6881 102
6881 103
6881 104
6813 116
6813 117
6813 118
6813 119
6954 39
6827 181
6827 182
6827 183
6827 184
6751 22
6871 16
6871 17
6871 18
6871 19
6916 63
6783 7
6783 8
6783 9
6785 136
6785 137
6785 138
6785 140
6945 167
6945 169
6945 170
6945 171
6779 84
6969 119
6963 32
6963 33
6922 229
6981 79
6981 80
6981 81
6981 82
6871 118
6871 119
6888 1
6888 194
6888 195
6888 196
6830 8
6830 9
6830 10
6830 11
6837 140
6837 141
6837 142
6837 143
6949 80
6949 81
6949 109
6949 110
6835 114
6835 115
6835 116
6835 117
6955 18
6955 19
6955 20
6955 21
6922 28
6922 29
6922 30
6922 31
6937 18
6880 7
6978 208
6978 209
6978 210
6978 211
6803 26
6803 27
6837 200
6837 201
6837 202
6837 203
6952 119
6952 120
6998 32
6998 33
6998 34
6998 35
6918 91
6918 92
6918 93
6918 110
6768 77
6768 78
6768 79
6768 80
6969 179
6969 180
6969 181
6969 182
6798 101
6798 102
6798 103
6798 104
6893 59
6893 222
6893 223
6811 12
6811 13
6811 14
6811 15
6989 203
6989 204
6989 219
6989 220
6756 138
6756 139
6756 140
6756 141
6777 0
6777 2
6777 4
6777 5
6922 75
6922 76
6922 77
6923 96
6923 97
6923 98
6923 99
6989 118
6989 119
6989 120
6989 121
6960 44
6960 45
6930 50
6930 51
6930 78
6930 79
6923 32
6923 33
6923 34
6923 35
6773 209
6773 210
6773 211
6773 212
6831 16
6831 17
6831 18
6831 19
6798 115
6798 116
6798 117
6798 118
6952 26
6952 27
6952 28
6952 29
6930 4
6930 5
6930 6
6930 7
6859 26
6859 27
6859 28
6859 29
6835 16
6835 17
6835 18
6835 19
6865 75
6865 76
6865 77
6865 78
6827 233
6827 234
6827 235
6827 236
6811 184
6811 185
6811 186
6811 187
6783 3
6783 4
6783 5
6783 6
6789 132
6789 133
6861 194
6861 198
6861 202
6861 209
6980 187
6980 188
6980 189
6980 190
6766 35
6766 36
6766 37
6766 38
6888 18
6888 19
6888 20
6888 21
6855 25
6855 26
6855 27
6855 28
6976 24
6976 26
6922 63
6922 83
6923 55
6923 56
6923 57
6923 58
6777 6
6777 7
6777 8
6777 9
6908 5
6908 7
6908 8
6908 9
6956 100
6956 101
6956 102
6956 103
6905 54
6905 55
6905 56
6905 57
6957 5
6957 6
6957 7
6952 85
6952 87
6952 88
6952 89
6893 128
6893 129
6893 130
6893 131
6871 141
6871 142
6871 143
6871 144
6933 71
6933 72
6933 73
6933 74
6978 146
6978 147
6978 148
6978 149
6946 21
6946 23
6946 24
6997 6
6997 34
6997 35
6997 36
6888 226
6888 227
6888 228
6888 229
6925 4
6925 5
6925 6
6925 7
6751 23
6751 24
6751 25
6751 32
6978 218
6978 219
6978 220
6978 221
6913 22
6913 23
6913 24
6913 25
6830 192
6830 193
6830 194
6830 195
6783 103
6783 104
6783 105
6783 106
6952 121
6952 124
6952 125
6952 164
6969 227
6969 228
6969 229
6969 230
6975 218
6975 219
6975 220
6975 221
6945 219
6869 18
6913 26
6913 27
6975 159
6933 99
6933 100
6814 20
6814 21
6814 22
6814 23
6776 190
6776 191
6958 8
6958 9
6769 14
6769 17
6769 47
6769 48
6991 124
6991 127
6830 152
6830 153
6830 154
6830 155
6884 18
6884 19
6888 158
6888 159
6888 168
6855 8
6855 9
6855 10
6855 11
6855 0
6855 1
6855 2
6855 3
6967 6
6967 7
6967 8
6967 9
6969 62
6969 63
6969 64
6969 65
6973 134
6973 135
6973 136
6973 137
6885 14
6885 15
6885 16
6885 17
6997 42
6997 43
6997 44
6997 45
6779 118
6779 119
6779 120
6779 121
6911 24
6911 25
6911 26
6911 27
6921 137
6921 138
6921 139
6921 150
6997 60
6997 61
6997 62
6997 63
6973 116
6973 117
6973 118
6973 119
6945 149
6945 150
6945 220
6945 221
6881 29
6881 105
6881 158
6881 159
6766 228
6766 229
6766 230
6749 132
6749 133
6749 134
6749 135
6980 180
6980 181
6980 182
6980 221
6944 10
6944 11
6944 12
6944 16
6863 3
6863 4
6863 5
6863 6
6786 142
6786 143
6786 144
6786 145
6799 25
6799 26
6799 27
6799 29
6779 109
6779 110
6779 111
6779 112
6827 76
6827 77
6827 78
6827 79
6932 104
6932 105
6932 106
6932 107
6765 135
6765 136
6765 137
6765 138
6972 12
6972 16
6972 17
6972 18
6803 41
6803 42
6803 43
6803 44
6971 11
6971 12
6971 13
6971 14
6985 2
6985 3
6985 4
6985 5
6908 163
6908 164
6908 165
6908 166
6798 131
6798 132
6798 133
6798 134
6882 126
6882 127
6930 49
6776 17
6776 18
6971 6
6768 71
6785 7
6766 63
6785 4
6766 60
6921 194
6766 223
6804 48
6804 49
6832 32
6832 33
6832 34
6832 35
6991 125
6991 126
6769 8
6769 9
6855 29
6855 30
6855 31
6957 181
6957 182
6957 183
6957 186
6749 187
6825 8
6825 9
6825 10
6825 11
6959 187
6959 188
6885 9
6885 20
6885 32
6885 33
6871 67
6871 161
6871 162
6871 193
6953 9
6953 29
6901 5
6773 105
6773 106
6773 107
6773 108
6888 26
6888 27
6911 57
6911 58
6911 59
6911 60
6780 191
6882 57
6882 58
6882 92
6882 93
6787 164
6787 165
6871 185
6871 186
6871 190
6871 191
6749 208
6749 209
6749 210
6954 17
6777 128
6777 150
6777 151
6777 152
6917 99
6917 100
6917 101
6917 102
6947 64
6947 65
6947 66
6947 67
6793 5
6828 72
6828 73
6828 74
6828 75
6874 8
6874 9
6780 70
6780 71
6780 72
6780 73
6829 66
6829 67
6934 129
6915 146
6915 147
6915 148
6915 149
6933 2
6975 141
6975 142
6975 143
6975 144
6922 119
6981 50
6981 51
6981 53
6981 54
6917 151
6800 39
6800 57
6800 59
6946 50
6946 53
6946 54
6946 65
6811 80
6811 81
6811 82
6811 83
6783 22
6783 23
6783 84
6783 85
6894 108
6894 109
6780 166
6780 168
6780 169
6780 170
6800 223
6902 47
6902 48
6902 49
6902 50
6930 64
6930 65
6930 66
6930 67
6908 213
6908 214
6908 215
6908 216
6936 208
6936 209
6936 210
6936 211
6785 96
6785 97
6912 181
6912 182
6908 85
6908 86
6908 89
6908 90
6786 27
6786 36
6786 55
6786 56
6917 72
6917 73
6917 74
6917 75
6934 115
6934 116
6934 117
6934 118
6784 4
6784 5
6784 6
6784 7
6810 40
6810 41
6810 42
6810 43
6874 30
6874 31
6907 216
6974 92
6974 93
6766 202
6766 206
6766 210
6766 212
6786 7
6932 120
6861 164
6861 165
6953 34
6953 35
6953 37
6829 180
6829 181
6829 182
6829 183
6769 134
6769 135
6769 136
6769 137
6922 149
6922 200
6922 201
6922 202
6831 180
6831 181
6831 182
6831 183
6874 17
6874 39
6874 49
6787 24
6787 25
6787 26
6787 27
6952 74
6952 132
6952 136
6952 139
6840 80
6840 81
6840 82
6840 83
6960 155
6960 156
6960 157
6960 158
6822 24
6822 25
6822 26
6822 27
6835 20
6835 21
6835 22
6835 23
6866 128
6866 132
6866 133
6866 135
6749 139
6749 140
6749 141
6749 142
6773 123
6773 124
6773 159
6773 170
6942 69
6942 70
6942 71
6960 89
6960 117
6960 118
6960 119
6981 55
6981 57
6981 58
6981 59
6780 135
6780 137
6780 143
6795 14
6795 15
6795 16
6795 17
6752 206
6752 207
6752 208
6752 209
6971 16
6810 28
6810 29
6810 30
6810 31
6916 174
6916 175
6908 142
6908 143
6908 144
6908 145
6958 173
6958 174
6863 50
6863 51
6863 52
6863 53
6945 116
6945 117
6945 136
6945 137
6945 138
6945 141
6975 69
6975 70
6975 71
6799 1
6799 2
6799 3
6799 4
6831 188
6831 189
6831 190
6831 191
6749 34
6749 35
6749 36
6749 37
6801 81
6801 83
6777 106
6777 107
6777 108
6777 109
6749 194
6749 195
6749 196
6749 197
6806 26
6806 33
6806 34
6976 0
6976 1
6976 2
6976 3
6956 133
6956 134
6956 135
6956 136
6769 27
6769 41
6769 42
6769 45
6937 6
6937 7
6937 8
6937 9
6786 156
6786 157
6786 158
6786 159
6969 223
6969 224
6969 225
6969 226
6865 96
6865 97
6865 98
6865 99
6964 33
6964 34
6964 35
6964 36
6787 101
6787 102
6787 104
6787 105
6784 21
6784 22
6784 23
6837 220
6837 221
6837 222
6837 223
6749 155
6749 156
6749 157
6749 158
6779 45
6779 46
6779 47
6779 48
6893 77
6893 78
6893 79
6958 43
6958 44
6958 45
6958 46
6972 130
6972 131
6972 132
6972 133
6901 35
6901 36
6901 37
6901 67
6830 32
6830 33
6830 34
6830 35
6966 8
6966 9
6831 84
6831 85
6831 86
6831 87
6806 57
6806 58
6806 59
6806 60
6959 153
6959 169
6959 170
6959 171
6960 128
6960 129
6960 130
6960 131
6894 71
6894 73
6894 74
6894 75
6822 56
6822 57
6822 58
6822 59
6991 145
6991 146
6991 147
6991 148
6939 41
6939 42
6939 43
6939 44
6930 60
6930 61
6930 68
6930 69
6916 155
6916 156
6916 157
6916 158
6879 63
6879 68
6879 69
6879 201
6831 172
6831 173
6831 174
6831 175
6928 1
6928 4
6928 5
6991 74
6991 75
6991 77
6991 78
6840 76
6840 77
6840 78
6840 79
6805 175
6805 176
6805 177
6805 178
6957 224
6957 225
6957 226
6957 227
6952 13
6952 14
6952 15
6952 16
6936 0
6936 1
6936 2
6936 3
6991 59
6991 60
6991 61
6991 62
6879 81
6879 82
6879 83
6879 84
6785 166
6785 167
6785 234
6785 235
6882 110
6882 111
6882 112
6882 113
6840 36
6840 37
6840 38
6840 39
6804 4
6804 5
6804 6
6804 7
6932 33
6932 158
6932 159
6932 160
6798 90
6798 91
6798 95
6798 100
6992 0
6992 1
6992 2
6992 3
6937 21
6937 22
6937 23
6937 24
6798 122
6798 123
6798 124
6798 125
6916 230
6916 231
6916 232
6916 233
6811 216
6811 217
6811 218
6811 219
6789 128
6789 129
6789 130
6789 131
6752 74
6752 75
6752 76
6752 77
6972 122
6972 123
6972 124
6972 125
6893 24
6893 25
6893 26
6893 27
6936 176
6936 177
6936 178
6936 179
6908 146
6908 147
6908 148
6908 149
6990 9
6990 10
6990 17
6990 18
6830 180
6830 181
6830 182
6830 183
6828 92
6828 93
6828 94
6828 95
6824 12
6824 13
6824 14
6824 15
6837 152
6837 153
6837 154
6837 155
6790 36
6790 37
6790 38
6790 39
6942 80
6942 81
6942 82
6942 83
6874 82
6874 86
6874 96
6874 100
6956 68
6956 70
6956 71
6956 72
6922 93
6922 94
6922 95
6922 96
6786 47
6786 48
6786 49
6786 50
6811 120
6811 121
6811 122
6811 123
6863 16
6863 17
6863 18
6863 19
6813 160
6813 161
6813 162
6813 163
6952 160
6952 161
6952 162
6952 163
6980 227
6980 229
6980 230
6980 231
6813 68
6813 69
6813 70
6813 71
6969 9
6969 10
6969 11
6969 12
6983 0
6983 1
6983 34
6983 35
6978 106
6978 107
6978 108
6978 109
6806 13
6806 14
6806 15
6806 17
6787 200
6787 201
6787 202
6787 203
6888 181
6888 182
6888 183
6888 184
6973 69
6973 230
6973 231
6973 232
6826 20
6826 21
6826 22
6826 23
6812 92
6812 93
6812 94
6812 95
6983 6
6983 7
6983 8
6983 9
6918 58
6918 59
6918 60
6918 61
6915 154
6915 155
6915 156
6915 157
6799 12
6799 13
6799 14
6799 15
6923 100
6923 101
6923 102
6923 103
6769 165
6769 196
6769 197
6769 198
6945 207
6945 208
6945 209
6945 211
6787 76
6787 77
6787 78
6787 79
6769 91
6769 92
6769 93
6769 96
6901 228
6901 229
6901 230
6901 231
6853 79
6853 80
6853 81
6853 82
6894 44
6894 45
6894 46
6894 47
6873 26
6873 27
6873 28
6873 29
6785 90
6785 91
6785 92
6785 93
6840 68
6840 69
6840 70
6840 71
6917 81
6887 9
6859 158
6855 120
6855 121
6945 107
6945 108
6945 237
6964 62
6964 63
6800 16
6800 17
6800 18
6800 19
6959 56
6959 57
6959 58
6959 144
6937 48
6937 49
6937 50
6937 51
6812 56
6812 57
6812 58
6812 59
6769 97
6769 98
6769 132
6769 133
6968 23
6968 24
6968 25
6968 26
6798 205
6798 206
6798 207
6798 208
6934 222
6934 223
6934 224
6934 225
6981 83
6981 84
6981 85
6981 86
6978 95
6978 150
6978 151
6912 42
6863 58
6939 38
6859 127
6874 93
6874 95
6813 212
6813 213
6813 214
6813 215
6761 27
6761 28
6919 201
6980 167
6980 168
6980 169
6980 170
6942 42
6942 59
6766 213
6766 217
6991 87
6991 88
6991 159
6957 206
6957 207
6890 40
6777 94
6777 95
6934 10
6934 11
6934 12
6776 94
6776 95
6978 4
6978 5
6978 6
6978 7
6949 53
6949 54
6949 55
6949 56
6978 22
6978 23
6978 26
6978 32
6866 126
6866 127
6977 68
6977 69
6977 70
6977 71
6937 33
6937 34
6937 35
6937 36
6890 41
6890 42
6882 174
6882 175
6882 176
6882 177
6986 8
6986 9
6986 10
6986 12
6835 64
6835 65
6835 66
6835 67
6960 124
6960 125
6960 126
6960 127
6956 8
6956 9
6761 49
6761 50
6761 51
6761 70
6942 47
6942 48
6942 49
6942 54
6942 10
6942 11
6942 12
6942 13
6918 112
6918 113
6918 114
6918 115
6861 9
6861 10
6861 12
6830 204
6830 205
6830 206
6830 207
6777 127
6777 148
6777 149
6766 15
6766 16
6913 2
6913 3
6913 6
6913 7
6801 80
6801 82
6801 87
6801 91
6980 96
6980 98
6980 99
6980 100
6861 7
6861 11
6861 15
6861 19
6978 126
6978 127
6907 160
6907 161
6907 162
6907 163
6829 8
6829 9
6829 10
6829 11
6901 42
6901 47
6901 48
6901 49
6779 50
6779 51
6779 76
6779 77
6959 96
6959 97
6959 98
6959 99
6794 28
6794 29
6794 30
6794 31
6768 93
6768 94
6768 95
6873 0
6873 1
6873 2
6873 3
6991 41
6991 50
6991 53
6991 54
6798 167
6798 168
6798 169
6798 170
6957 42
6957 43
6957 44
6957 45
6936 228
6936 229
6936 230
6936 231
6800 192
6800 193
6800 194
6800 195
6768 35
6768 36
6768 37
6768 38
6823 4
6823 5
6823 6
6823 7
6761 59
6761 60
6761 61
6761 62
6866 8
6866 9
6866 10
6866 11
6981 27
6981 28
6981 31
6981 32
6798 97
6798 98
6798 99
6782 8
6782 9
6782 10
6866 43
6866 44
6866 45
6866 46
6882 178
6882 179
6882 190
6882 191
6780 100
6780 101
6780 102
6780 103
6949 4
6949 7
6949 8
6949 83
6922 207
6922 208
6922 209
6922 210
6986 30
6986 31
6986 32
6986 33
6997 79
6863 64
6863 65
6863 66
6863 67
6810 20
6810 21
6810 22
6810 23
6957 154
6957 155
6957 156
6957 160
6863 20
6863 21
6863 22
6863 23
6945 62
6945 63
6945 92
6945 94
6930 22
6930 23
6930 24
6930 25
6861 29
6861 30
6861 31
6769 147
6769 148
6769 149
6769 150
6854 40
6854 41
6854 42
6854 103
6955 26
6955 27
6955 28
6955 29
6854 98
6854 99
6854 101
6854 102
6937 10
6937 11
6937 19
6937 20
6798 33
6798 112
6798 113
6798 114
6769 34
6769 35
6769 38
6769 39
6804 40
6804 41
6804 42
6804 43
6749 4
6749 5
6749 6
6749 7
6957 146
6957 147
6957 148
6957 149
6825 52
6825 53
6825 54
6825 55
6912 130
6912 131
6912 132
6912 133
6882 48
6882 49
6882 60
6882 61
6793 4
6793 6
6934 191
6831 196
6831 197
6831 198
6831 199
6953 136
6953 137
6936 115
6936 117
6936 118
6936 119
6861 64
6861 65
6861 66
6861 67
6794 10
6794 11
6794 12
6968 13
6968 17
6863 32
6863 33
6863 34
6863 35
6998 113
6998 114
6998 115
6998 116
6915 117
6915 118
6915 158
6915 159
6810 16
6810 17
6810 18
6810 19
6955 214
6955 215
6955 216
6955 217
6908 87
6936 106
6936 107
6936 108
6936 109
6933 101
6952 192
6952 193
6952 194
6952 195
6951 4
6874 164
6767 0
6767 1
6767 2
6767 3
6756 49
6968 45
6968 49
6968 50
6968 51
6779 82
6974 14
6974 15
6949 27
6949 28
6916 238
6916 239
6803 28
6803 29
6788 43
6788 64
6800 110
6800 111
6855 126
6855 127
6803 14
6803 15
6975 136
6975 137
6975 139
6975 140
6752 14
6752 15
6752 16
6752 17
6978 27
6978 30
6978 31
6956 64
6956 66
6956 67
6874 54
6874 55
6874 56
6874 57
6769 206
6769 207
6769 212
6829 172
6829 173
6829 174
6829 175
6993 21
6993 22
6972 0
6972 1
6789 79
6789 80
6789 81
6831 40
6831 41
6831 42
6831 43
6958 67
6958 71
6958 72
6958 73
6829 96
6829 97
6829 98
6829 99
6813 196
6813 197
6813 198
6813 199
6957 105
6957 106
6957 107
6957 108
6785 109
6785 110
6785 111
6773 53
6773 54
6773 55
6866 16
6866 17
6788 24
6788 25
6788 26
6788 27
6882 80
6882 81
6882 82
6882 83
6998 3
6998 4
6998 5
6998 6
6955 99
6955 100
6955 101
6955 102
6801 25
6801 26
6801 27
6801 28
6882 19
6882 145
6882 146
6901 10
6901 11
6901 12
6901 79
6814 32
6814 33
6814 34
6814 35
6989 77
6989 78
6989 79
6989 80
6922 9
6922 17
6922 18
6922 19
6997 92
6997 93
6997 94
6997 96
6749 22
6749 23
6749 24
6749 25
6861 173
6861 177
6861 206
6861 210
6953 59
6953 60
6953 61
6953 62
6919 32
6919 33
6919 34
6919 35
6978 85
6978 86
6978 87
6978 88
6792 16
6792 17
6792 18
6792 19
6783 74
6783 75
6783 76
6783 77
6855 114
6855 115
6855 116
6855 117
6874 4
6874 5
6874 6
6874 7
6985 0
6985 1
6890 43
6890 44
6890 47
6827 20
6827 21
6827 22
6827 23
6915 72
6915 73
6915 74
6915 75
6785 243
6785 244
6785 245
6785 246
6934 9
6934 86
6934 87
6934 88
6777 166
6777 168
6777 193
6777 195
6814 64
6814 65
6814 66
6814 67
6832 20
6832 21
6832 22
6832 23
6914 25
6914 26
6914 27
6914 28
6855 136
6855 137
6905 8
6905 9
6905 10
6905 11
6769 12
6769 13
6769 15
6885 41
6885 42
6885 43
6885 44
6957 9
6957 10
6957 11
6912 194
6912 198
6912 202
6912 206
6777 143
6777 144
6777 145
6777 146
6850 40
6850 41
6850 42
6850 43
6836 16
6836 17
6836 18
6836 19
6765 139
6765 140
6765 141
6765 142
6907 40
6907 41
6907 42
6907 43
6783 37
6783 38
6783 40
6783 41
6981 48
6981 49
6981 52
6981 56
6952 23
6952 25
6952 32
6952 33
6874 160
6874 161
6874 162
6917 21
6917 22
6917 23
6917 24
6903 2
6903 3
6903 4
6903 5
6991 36
6991 37
6991 38
6991 39
6974 28
6974 29
6974 30
6974 31
6949 88
6949 89
6949 90
6949 91
6822 92
6822 93
6822 94
6822 95
6766 176
6766 177
6766 178
6766 179
6783 17
6783 18
6783 49
6783 50
6949 29
6949 30
6949 31
6756 23
6756 24
6756 78
6756 79
6930 10
6930 11
6930 12
6930 13
6882 244
6916 81
6811 212
6990 6
6803 32
6803 33
6803 34
6803 35
6890 67
6887 0
6779 34
6779 35
6779 36
6779 37
6882 52
6859 227
6859 233
6769 94
6769 95
6867 20
6867 21
6785 204
6785 205
6968 21
6968 22
6958 87
6958 88
6958 89
6954 33
6954 34
6954 35
6923 127
6752 229
6752 230
6752 231
6752 232
6866 37
6866 38
6787 115
6787 116
6787 117
6787 228
6787 229
6787 230
6787 231
6780 45
6780 46
6780 47
6907 72
6907 73
6973 59
6973 60
6973 61
6973 62
6979 96
6979 97
6979 98
6979 99
6837 84
6837 85
6837 86
6837 87
6922 172
6922 173
6922 174
6922 175
6957 93
6957 96
6916 180
6952 165
6952 166
6952 167
6952 168
6803 115
6803 116
6803 117
6801 73
6801 75
6801 90
6975 138
6975 180
6975 181
6975 183
6916 64
6916 65
6916 67
6916 68
6956 172
6956 173
6956 174
6956 175
6822 100
6822 101
6822 102
6822 103
6917 58
6917 59
6917 60
6917 61
6922 203
6922 204
6922 205
6922 206
6919 44
6919 45
6919 46
6919 47
6812 20
6812 21
6812 22
6812 23
6880 0
6880 1
6880 2
6880 3
6825 20
6825 21
6825 22
6825 23
6801 142
6801 143
6801 144
6801 145
6803 132
6803 133
6803 134
6803 135
6978 65
6978 66
6978 67
6978 68
6813 88
6813 89
6813 90
6813 91
6893 96
6893 97
6893 98
6893 99
6828 40
6828 41
6828 42
6828 43
6777 165
6777 187
6777 190
6777 191
6912 89
6912 90
6912 92
6912 93
6824 128
6824 129
6824 130
6824 131
6881 145
6881 146
6881 147
6881 148
6914 4
6914 5
6914 6
6914 7
6939 96
6939 97
6939 98
6939 99
6953 178
6953 179
6953 180
6953 181
6945 7
6945 8
6945 9
6945 10
6934 75
6934 76
6934 77
6934 78
6787 59
6787 60
6787 61
6787 62
6837 0
6837 1
6837 2
6837 3
6825 32
6825 33
6825 34
6825 35
6859 196
6859 197
6859 198
6859 199
6788 14
6788 15
6788 16
6788 17
6973 128
6973 129
6973 214
6973 215
6989 152
6989 153
6989 154
6989 155
6867 52
6932 183
6932 184
6932 185
6932 186
6777 1
6805 152
6751 14
6751 15
6995 20
6937 44
6937 45
6937 46
6937 47
6829 60
6829 61
6922 11
6766 31
6787 80
6786 11
6786 26
6933 66
6912 108
6912 109
6789 40
6789 41
6813 108
6813 109
6813 110
6813 111
6772 14
6772 15
6979 18
6979 19
6765 143
6765 144
6765 155
6879 207
6879 208
6879 209
6879 210
6798 35
6798 77
6798 80
6798 81
6885 34
6885 35
6885 36
6885 37
6958 110
6958 113
6958 114
6958 115
6810 52
6810 53
6810 54
6810 55
6780 28
6780 29
6874 27
6949 101
6949 102
6949 103
6949 104
6908 182
6908 183
6908 184
6908 185
6942 96
6942 97
6942 99
6945 84
6945 86
6945 87
6945 88
6997 0
6997 1
6997 2
6997 3
6793 8
6979 8
6979 9
6956 83
6956 84
6799 52
6799 53
6799 55
6955 218
6955 219
6955 220
6955 221
6957 83
6957 84
6957 85
6957 86
6835 52
6835 53
6835 54
6835 55
6916 183
6916 184
6916 185
6916 186
6965 8
6965 9
6936 21
6936 22
6936 145
6936 148
6777 124
6777 125
6777 126
6989 199
6989 200
6989 201
6989 202
6802 14
6802 15
6802 16
6802 17
6803 92
6803 93
6803 94
6803 95
6917 185
6917 186
6917 187
6917 188
6969 52
6969 53
6969 60
6969 61
6787 156
6787 179
6787 180
6787 181
6800 184
6800 185
6800 186
6800 187
6768 39
6768 40
6768 41
6768 42
6873 10
6873 11
6873 12
6873 13
6780 157
6780 158
6780 160
6836 68
6836 69
6836 70
6836 71
6979 124
6979 125
6979 126
6979 127
6768 89
6768 90
6768 91
6768 92
6830 232
6830 233
6830 234
6830 235
6824 0
6824 1
6824 2
6824 3
6928 21
6928 22
6928 23
6928 24
6912 64
6912 65
6912 66
6912 91
6826 76
6826 77
6826 78
6826 79
6783 33
6783 34
6783 35
6783 36
6928 41
6928 42
6928 43
6928 50
6828 192
6828 193
6828 194
6828 195
6793 0
6793 1
6793 2
6793 3
6752 173
6752 174
6752 175
6861 70
6861 71
6861 73
6861 74
6826 124
6826 125
6826 126
6826 127
6800 36
6800 37
6805 220
6805 221
6805 222
6805 223
6871 54
6871 55
6871 56
6871 179
6850 84
6850 85
6850 86
6850 87
6837 20
6837 21
6837 22
6837 23
6916 14
6916 15
6916 16
6916 17
6859 189
6859 190
6859 191
6859 208
6973 104
6973 105
6973 106
6973 107
6861 123
6861 124
6861 125
6861 126
6971 1
6971 2
6971 4
6971 5
6835 84
6835 85
6835 86
6835 87
6953 20
6953 22
6953 23
6953 33
6901 202
6901 203
6901 204
6901 205
6766 109
6766 110
6766 205
6766 209
6989 179
6989 180
6989 181
6989 182
6835 100
6835 101
6835 102
6835 103
6855 19
6855 20
6855 32
6855 33
6887 11
6887 12
6887 13
6887 14
6855 21
6855 22
6855 23
6855 24
6835 4
6835 5
6835 6
6835 7
6773 95
6773 152
6773 153
6773 154
6922 58
6922 60
6936 184
6936 185
6936 186
6936 187
6763 8
6801 122
6769 28
6769 29
6861 87
6879 62
6879 133
6879 134
6786 69
6799 16
6879 183
6953 101
6953 102
6811 188
6811 189
6811 190
6811 191
6972 126
6972 127
6776 111
6958 60
6958 61
6975 127
6956 238
6956 239
6830 4
6830 5
6830 6
6830 7
6958 49
6958 59
6945 25
6945 26
6945 27
6945 28
6934 187
6934 188
6801 57
6801 58
6801 59
6801 60
6861 58
6861 59
6861 60
6861 61
6822 52
6822 53
6822 54
6822 55
6991 48
6991 49
6991 51
6991 52
6969 23
6969 24
6969 25
6969 26
6825 16
6825 17
6825 18
6825 19
6954 41
6954 42
6954 43
6954 44
6972 39
6972 43
6874 81
6787 46
6787 48
6787 49
6787 50
6934 91
6934 92
6934 93
6934 94
6783 207
6783 208
6783 209
6783 210
6777 27
6777 28
6777 29
6972 6
6972 7
6972 8
6972 9
6783 176
6783 177
6783 178
6783 179
6800 150
6800 151
6800 152
6800 153
6776 78
6871 81
6871 82
6871 83
6871 84
6785 45
6785 46
6785 47
6785 48
6998 16
6998 17
6998 18
6915 184
6915 185
6915 192
6915 193
6777 48
6777 49
6777 50
6777 51
6786 122
6828 24
6828 25
6828 26
6828 27
6783 113
6783 114
6783 115
6783 116
6969 31
6919 100
6959 0
6959 1
6959 2
6959 3
6773 68
6773 69
6888 107
6888 108
6888 109
6888 132
6991 2
6991 3
6828 148
6828 149
6828 150
6828 151
6963 26
6963 27
6801 123
6801 124
6801 125
6801 126
6881 98
6881 106
6881 107
6881 139
6960 2
6960 6
6960 10
6960 14
6777 72
6777 73
6777 74
6777 75
6905 120
6905 121
6905 122
6905 123
6953 90
6953 91
6953 92
6953 93
6964 53
6964 55
6964 56
6964 57
6800 132
6800 133
6800 134
6800 135
6955 68
6955 69
6955 70
6955 71
6989 126
6989 127
6907 190
6907 191
6765 109
6765 145
6765 146
6935 8
6935 9
6959 46
6959 48
6959 49
6946 1
6917 181
6917 182
6917 183
6917 184
6893 12
6893 13
6893 14
6893 16
6978 45
6978 46
6978 47
6978 48
6866 96
6866 98
6866 99
6866 100
6921 162
6921 163
6921 164
6921 165
6980 211
6980 212
6980 215
6980 216
6830 212
6830 213
6830 214
6830 215
6853 108
6853 109
6936 52
6853 164
6853 165
6853 166
6853 167
6776 43
6776 44
6776 46
6801 4
6801 5
6801 6
6801 7
6930 32
6930 33
6930 34
6930 35
6975 76
6975 77
6975 85
6975 86
6749 73
6749 74
6749 75
6749 76
6761 30
6761 31
6950 18
6950 19
6867 14
6867 15
6867 17
6867 18
6928 11
6928 12
6928 16
6928 17
6835 92
6835 93
6835 94
6835 95
6922 45
6922 46
6922 47
6922 48
6752 78
6752 80
6752 81
6752 82
6773 129
6773 130
6773 131
6773 192
6866 51
6866 52
6866 53
6866 54
6917 64
6917 65
6917 66
6917 67
6975 119
6975 120
6975 121
6975 182
6827 8
6827 9
6827 10
6827 11
6956 16
6865 47
6865 48
6865 49
6865 50
6945 41
6945 42
6945 43
6945 44
6918 64
6918 65
6918 66
6918 67
6918 20
6918 21
6918 22
6918 23
6974 27
6974 38
6974 39
6974 40
6822 8
6822 9
6822 10
6822 11
6772 4
6772 5
6772 6
6772 32
6882 50
6882 51
6882 238
6882 239
6827 48
6827 49
6827 50
6827 51
6853 104
6853 105
6853 106
6853 107
6784 14
6784 15
6784 16
6784 17
6932 34
6932 99
6882 206
6882 207
6882 208
6882 209
6882 128
6882 129
6882 150
6882 151
6972 72
6972 73
6972 74
6972 75
6974 4
6974 5
6974 56
6974 57
6835 72
6835 73
6835 74
6835 75
6828 124
6828 125
6828 126
6828 127
6855 88
6855 89
6855 90
6855 158
6880 59
6766 61
6766 68
6766 69
6766 70
6768 151
6768 152
6768 153
6768 154
6769 199
6769 200
6769 201
6769 202
6854 62
6854 63
6854 64
6854 65
6893 20
6893 21
6893 22
6893 23
6783 227
6783 228
6783 229
6783 230
6830 216
6830 217
6830 218
6830 219
6939 16
6939 17
6939 18
6939 19
6828 28
6828 29
6828 30
6828 31
6973 98
6973 99
6973 179
6973 180
6829 152
6829 153
6829 154
6829 155
6932 16
6932 139
6932 140
6956 141
6956 142
6956 143
6956 144
6934 126
6934 181
6934 200
6768 26
6768 27
6768 28
6768 29
6932 224
6932 225
6932 226
6932 227
6863 63
6863 73
6863 74
6863 77
6825 24
6825 25
6825 26
6825 27
6874 122
6874 124
6874 125
6874 126
6932 53
6932 54
6932 55
6932 56
6945 1
6945 2
6945 31
6945 32
6867 35
6867 36
6867 37
6867 38
6798 30
6798 36
6798 37
6798 162
6979 64
6979 65
6979 66
6979 67
6912 19
6912 20
6912 21
6912 39
6871 47
6871 176
6871 177
6871 194
6828 152
6828 153
6828 154
6828 155
6794 32
6794 33
6794 34
6794 35
6827 4
6827 5
6827 6
6827 7
6749 143
6749 144
6749 145
6749 146
6911 8
6911 9
6911 10
6911 11
6824 107
6824 108
6824 109
6824 110
6853 46
6853 47
6853 48
6853 49
6980 59
6980 60
6980 61
6980 62
6888 113
6888 114
6888 171
6888 172
6855 74
6855 75
6855 108
6855 109
6959 201
6959 206
6959 207
6959 208
6882 171
6882 172
6882 173
6882 214
6937 76
6937 77
6937 78
6937 79
6776 212
6776 213
6776 214
6776 216
6783 29
6783 30
6783 31
6783 32
6787 170
6787 171
6787 172
6787 173
6922 232
6922 233
6922 234
6922 235
6785 126
6785 127
6805 10
6805 11
6805 12
6805 13
6866 18
6866 19
6866 20
6917 90
6917 91
6917 112
6917 113
6780 197
6780 198
6780 199
6780 200
6805 43
6805 44
6912 67
6912 68
6912 69
6912 70
6919 199
6752 64
6752 65
6752 66
6752 67
6957 171
6957 172
6957 173
6957 234
6907 199
6907 200
6907 201
6907 202
6956 210
6956 211
6956 212
6956 213
6991 200
6991 209
6991 210
6991 211
6991 72
6991 73
6907 104
6907 105
6907 106
6907 107
6766 231
6766 232
6766 233
6766 234
6765 220
6765 221
6765 222
6765 223
6790 68
6790 69
6790 70
6790 71
6881 59
6881 60
6881 61
6881 62
6998 57
6998 117
6769 142
6859 136
6859 137
6912 138
6912 139
6893 71
6800 202
6800 203
6800 204
6800 205
6874 80
6916 57
6916 66
6780 78
6915 132
6915 133
6915 134
6782 35
6933 84
6933 85
6933 86
6933 87
6853 122
6853 123
6853 124
6853 125
6879 157
6879 158
6879 159
6777 10
6985 80
6985 81
6985 83
6985 84
6888 0
6888 50
6888 90
6888 91
6946 17
6946 18
6946 19
6946 20
6917 179
6917 180
6777 174
6777 175
6806 30
6806 31
6806 32
6806 35
6912 4
6912 5
6912 6
6912 10
6752 68
6752 69
6752 70
6752 71
6752 196
6752 197
6752 198
6752 199
6964 25
6964 26
6964 27
6964 32
6777 96
6777 97
6777 98
6777 99
6913 8
6913 9
6913 11
6913 12
6934 47
6934 48
6934 49
6934 50
6908 150
6908 175
6908 176
6908 177
6778 0
6882 3
6882 4
6882 14
6882 15
6765 175
6765 176
6765 177
6765 183
6824 68
6824 69
6824 70
6824 71
6978 158
6978 159
6978 160
6978 161
6794 57
6794 58
6794 68
6794 69
6959 26
6959 27
6959 28
6959 29
6991 42
6991 45
6991 46
6901 22
6901 26
6901 31
6901 148
6902 43
6902 44
6902 45
6902 46
6956 164
6956 165
6956 166
6956 167
6870 4
6870 5
6870 6
6870 7
6966 14
6966 15
6790 62
6790 63
6998 21
6998 22
6998 23
6974 6
6974 7
6974 8
6974 9
6783 180
6783 181
6783 182
6783 183
6980 121
6980 136
6949 39
6949 40
6949 41
6949 42
6778 11
6778 12
6778 13
6778 14
6912 15
6912 16
6912 17
6912 18
6827 40
6827 41
6827 42
6827 43
6916 51
6916 52
6916 69
6776 128
6776 129
6776 130
6776 131
6866 143
6866 144
6866 145
6866 148
6915 213
6915 214
6915 217
6915 218
6973 21
6973 22
6973 23
6973 24
6890 23
6890 24
6890 25
6890 26
6880 17
6880 21
6880 27
6880 58
6959 106
6959 107
6959 108
6959 109
6881 83
6881 84
6881 85
6881 86
6787 93
6787 94
6787 95
6865 111
6865 112
6865 113
6865 114
6969 140
6969 141
6969 142
6969 143
6783 237
6783 238
6783 239
6783 240
6829 196
6829 197
6829 198
6829 199
6976 17
6976 20
6976 21
6976 34
6952 206
6952 211
6952 214
6952 215
6985 6
6985 7
6985 8
6985 9
6805 60
6805 61
6805 68
6805 69
6972 2
6972 3
6972 4
6972 5
6973 87
6973 88
6973 89
6973 218
6975 149
6975 150
6975 151
6975 152
6901 219
6901 221
6901 222
6837 68
6837 69
6837 70
6837 71
6794 51
6794 52
6794 53
6794 54
6830 168
6830 169
6830 170
6830 171
6989 37
6893 127
6959 200
6934 221
6799 10
6799 11
6801 158
6801 159
6788 29
6776 157
6893 87
6967 60
6766 39
6766 40
6971 15
6993 27
6993 28
6776 110
6776 112
6975 95
6975 96
6975 98
6801 112
6749 93
6749 94
6958 29
6958 99
6776 0
6776 1
6814 24
6814 25
6814 26
6814 27
6993 41
6993 42
6837 236
6837 237
6837 238
6837 239
6798 164
6798 165
6798 192
6798 193
6979 132
6979 133
6979 134
6979 135
6799 44
6805 116
6805 117
6805 118
6805 119
6908 178
6908 179
6908 180
6908 181
6840 92
6840 93
6956 60
6956 62
6956 63
6881 52
6881 53
6881 54
6861 46
6861 47
6861 48
6861 49
6861 221
6861 222
6861 223
6998 81
6998 82
6998 83
6827 113
6827 114
6827 115
6827 116
6800 54
6800 55
6800 56
6800 58
6814 28
6814 29
6814 30
6814 31
6831 120
6831 121
6831 122
6831 123
6773 138
6773 139
6773 140
6773 141
6915 96
6915 97
6915 98
6915 99
6916 168
6916 169
6916 170
6916 171
6991 100
6991 101
6991 102
6991 103
6780 147
6780 148
6780 149
6780 150
6978 128
6978 129
6978 130
6978 131
6905 80
6905 81
6905 82
6905 83
6888 173
6888 174
6888 175
6888 176
6803 160
6803 161
6803 162
6803 163
6779 96
6779 97
6779 98
6779 99
6824 64
6824 65
6824 66
6824 67
6932 88
6932 89
6932 90
6932 145
6813 164
6813 165
6813 166
6813 167
6922 132
6922 133
6922 134
6922 135
6787 68
6787 69
6787 70
6786 98
6786 99
6786 100
6786 107
6955 107
6955 108
6955 115
6955 116
6826 104
6826 105
6826 106
6826 107
6967 52
6967 53
6967 54
6881 1
6881 2
6881 3
6881 4
6855 144
6855 145
6855 146
6855 147
6881 78
6881 142
6881 143
6881 144
6908 171
6908 172
6908 173
6908 174
6901 18
6901 20
6901 21
6901 23
6944 27
6944 28
6944 29
6944 32
6998 24
6998 25
6998 27
6998 106
6916 59
6916 60
6916 61
6916 62
6756 70
6756 71
6756 72
6756 73
6855 122
6855 123
6855 124
6855 125
6850 68
6850 69
6850 70
6850 71
6752 28
6752 29
6752 30
6752 31
6936 14
6936 15
6936 18
6936 150
6829 160
6829 161
6829 162
6829 163
6798 22
6798 24
6798 25
6798 26
6810 68
6810 69
6810 70
6810 71
6907 30
6907 31
6907 32
6907 33
6790 40
6790 41
6790 42
6790 43
6870 10
6870 11
6870 14
6870 15
6906 18
6906 19
6906 20
6906 21
6964 14
6964 80
6964 83
6964 84
6888 222
6888 223
6888 224
6888 225
6915 186
6915 187
6915 188
6915 189
6882 44
6882 45
6882 46
6882 47
6917 217
6917 218
6917 219
6917 220
6912 77
6912 78
6912 79
6912 80
6822 32
6822 33
6822 34
6822 35
6773 115
6773 116
6773 117
6773 118
6883 2
6883 3
6883 4
6883 5
6932 207
6973 190
6973 223
6787 14
6902 68
6932 19
6932 20
6991 186
6991 187
6867 29
6973 160
6973 161
6973 162
6973 163
6859 111
6859 145
6859 146
6859 147
6805 193
6805 194
6805 195
6894 104
6894 105
6894 106
6894 107
6799 59
6799 60
6780 120
6780 121
6780 122
6780 123
6907 152
6907 153
6893 186
6893 187
6805 100
6805 101
6805 102
6805 103
6859 67
6859 68
6859 69
6859 70
6974 32
6974 33
6956 92
6956 93
6811 204
6811 205
6811 206
6811 207
6880 8
6880 9
6880 13
6880 16
6830 28
6830 29
6830 30
6830 31
6981 6
6981 7
6981 8
6981 10
6769 85
6769 86
6769 87
6769 88
6826 96
6826 97
6826 98
6826 99
6886 8
6886 9
6975 51
6975 52
6975 153
6975 154
6959 225
6959 236
6959 237
6959 238
6963 12
6963 13
6963 14
6963 15
6789 109
6789 110
6766 100
6766 101
6766 159
6766 160
6800 154
6800 155
6800 156
6828 176
6828 177
6828 178
6828 179
6773 128
6773 136
6773 137
6752 136
6752 137
6752 138
6752 139
6915 94
6915 95
6918 24
6918 25
6918 26
6918 30
6831 108
6831 109
6831 110
6831 111
6859 108
6859 138
6859 139
6859 140
6916 149
6916 150
6916 151
6916 152
6955 117
6955 118
6955 119
6955 120
6879 172
6879 173
6879 174
6879 175
6867 24
6867 25
6867 26
6867 27
6956 137
6956 138
6956 139
6956 140
6812 64
6812 65
6812 66
6812 67
6871 10
6871 11
6871 12
6871 13
6822 16
6822 17
6822 18
6822 19
6765 114
6765 147
6765 148
6765 149
6908 73
6908 74
6908 75
6908 77
6871 163
6871 164
6871 165
6871 166
6912 71
6912 72
6912 73
6912 74
6787 139
6787 140
6787 141
6787 142
6986 34
6986 35
6986 36
6986 37
6975 145
6975 146
6975 147
6975 148
6752 132
6752 133
6752 134
6752 135
6977 55
6977 56
6977 57
6977 58
6932 165
6932 166
6932 167
6932 168
6827 169
6827 170
6827 171
6827 172
6991 10
6991 11
6991 12
6991 13
6801 33
6801 34
6801 64
6801 65
6777 23
6777 24
6777 25
6777 26
6956 82
6881 5
6881 6
6881 7
6881 8
6888 7
6888 8
6888 9
6888 51
6805 50
6805 51
6805 52
6805 53
6957 208
6957 209
6957 210
6957 211
6951 5
6951 8
6951 9
6951 12
6752 50
6752 51
6752 52
6752 53
6835 40
6835 41
6835 42
6835 43
6837 192
6837 193
6837 194
6837 195
6827 129
6827 130
6827 131
6827 132
6800 200
6800 201
6800 210
6800 211
6934 159
6934 160
6934 161
6934 162
6936 75
6936 76
6936 77
6936 78
6751 26
6751 27
6751 28
6751 29
6857 5
6857 6
6857 8
6857 9
6985 55
6985 56
6985 57
6985 58
6923 20
6923 21
6923 22
6923 24
6989 229
6880 20
6879 121
6763 15
6921 201
6902 70
6836 32
6836 33
6836 34
6836 35
6916 1
6946 58
6946 62
6953 82
6953 83
6953 106
6959 209
6959 210
6959 211
6959 212
6964 22
6964 23
6964 24
6957 90
6957 91
6957 92
6957 197
6933 67
6933 69
6933 70
6946 45
6946 46
6946 47
6938 5
6938 6
6938 7
6938 8
6956 208
6956 209
6956 220
6956 221
6837 184
6837 185
6837 186
6837 187
6955 34
6955 35
6955 36
6955 37
6969 123
6969 124
6969 125
6969 126
6958 18
6958 137
6958 138
6958 139
6981 91
6981 92
6981 93
6981 94
6850 80
6850 81
6850 82
6850 83
6768 22
6768 23
6768 24
6768 25
6859 4
6859 5
6859 6
6861 160
6861 161
6861 162
6861 163
6969 70
6969 71
6969 72
6969 73
6936 10
6936 11
6936 12
6936 13
6768 63
6800 89
6800 90
6800 92
6800 93
6773 224
6773 225
6773 226
6773 227
6953 158
6953 159
6953 160
6953 161
6922 87
6922 123
6861 18
6861 20
6861 21
6861 22
6882 136
6882 137
6882 138
6882 139
6922 53
6922 54
6922 55
6922 56
6766 64
6766 65
6766 66
6766 67
6822 28
6822 29
6822 30
6822 31
6794 81
6794 82
6794 83
6794 84
6801 180
6801 181
6801 182
6801 183
6752 7
6752 8
6752 9
6752 10
6970 45
6970 46
6970 47
6991 30
6991 31
6991 57
6991 58
6919 178
6919 179
6919 180
6869 12
6869 13
6869 14
6869 15
6953 15
6953 80
6953 81
6953 86
6991 68
6991 69
6991 70
6991 71
6832 4
6832 5
6832 6
6832 7
6785 219
6785 220
6785 221
6785 228
6826 64
6826 65
6826 66
6826 67
6866 80
6866 81
6866 82
6866 83
6937 56
6937 57
6937 58
6937 59
6973 0
6973 1
6973 2
6973 3
6958 182
6958 183
6958 184
6958 185
6918 85
6918 86
6918 87
6918 88
6776 137
6776 138
6776 139
6789 20
6789 21
6789 22
6789 23
6955 228
6955 229
6955 230
6955 231
6871 145
6871 146
6871 147
6871 148
6976 25
6976 29
6880 52
6880 53
6880 54
6880 55
6975 201
6975 202
6975 203
6975 204
6881 0
6867 39
6867 40
6867 44
6867 45
6989 33
6989 34
6989 35
6989 36
6780 26
6780 27
6917 62
6917 63
6991 201
6991 202
6991 203
6991 204
6880 35
6778 49
6778 50
6882 53
6752 84
6752 85
6752 96
6752 97
6932 221
6932 222
6921 128
6921 129
6975 78
6975 79
6975 80
6975 81
6874 90
6874 94
6869 0
6869 1
6869 2
6869 3
6798 92
6798 93
6798 94
6921 148
6921 149
6945 51
6945 52
6963 20
6963 21
6874 128
6874 132
6866 68
6866 70
6866 71
6949 84
6949 85
6949 86
6949 87
6922 35
6922 36
6922 37
6922 38
6970 28
6970 29
6985 29
6985 30
6985 31
6769 99
6769 100
6886 4
6886 5
6886 6
6886 7
6953 154
6953 155
6769 71
6769 72
6769 73
6769 74
6751 39
6956 74
6997 22
6997 23
6829 72
6829 73
6829 74
6829 75
6947 68
6794 13
6794 14
6871 57
6871 58
6871 59
6871 189
6778 23
6778 24
6756 80
6756 84
6912 216
6882 159
6882 160
6882 161
6882 162
6786 133
6969 58
6969 193
6969 196
6969 200
6761 10
6761 11
6761 12
6761 13
6871 192
6787 190
6787 191
6871 60
6871 61
6871 62
6871 63
6799 0
6912 11
6912 12
6912 13
6912 14
6978 69
6978 70
6978 71
6978 72
6859 109
6861 188
6861 189
6798 27
6798 28
6798 29
6769 205
6949 49
6949 51
6949 52
6949 82
6827 121
6827 122
6827 123
6827 124
6811 24
6811 25
6811 26
6811 27
6932 8
6932 9
6934 124
6934 125
6934 127
6972 114
6972 115
6972 116
6972 117
6945 203
6945 204
6945 206
6945 228
6958 175
6958 176
6958 177
6958 192
6917 46
6917 47
6804 52
6804 53
6782 32
6782 44
6893 40
6800 6
6800 7
6787 154
6787 155
6936 67
6936 128
6936 129
6936 130
6840 44
6840 45
6840 46
6840 47
6942 72
6942 73
6942 74
6942 75
6981 118
6981 119
6981 120
6981 121
6908 127
6886 32
6939 57
6939 58
6939 59
6773 203
6773 205
6773 206
6773 208
6855 166
6936 79
6905 2
6905 3
6905 128
6905 129
6813 120
6813 121
6813 122
6813 123
6874 159
6908 136
6908 137
6789 31
6979 63
6940 31
6800 86
6800 87
6800 88
6800 91
6970 52
6939 20
6939 21
6939 68
6939 69
6871 204
6871 205
6871 206
6871 207
6792 52
6963 4
6963 5
6963 6
6963 7
6780 119
6937 0
6937 1
6937 12
6902 51
6902 52
6785 85
6936 80
6765 95
6765 104
6785 156
6785 157
6785 164
6785 165
6890 63
6776 148
6887 10
6911 12
6911 13
6911 14
6911 15
6933 95
6933 96
6933 97
6933 98
6861 0
6861 1
6861 2
6861 3
6801 223
6787 241
6787 242
6831 52
6831 53
6831 54
6831 55
6959 160
6959 161
6959 162
6959 163
6974 20
6974 21
6974 22
6974 23
6800 0
6800 1
6800 2
6800 3
6836 12
6836 13
6836 14
6836 15
6871 93
6953 122
6776 176
6790 29
6954 68
6954 69
6954 70
6954 71
6769 203
6769 233
6769 234
6805 142
6805 143
6765 79
6837 136
6837 137
6837 138
6837 139
6955 185
6998 43
6998 44
6998 45
6998 46
6885 69
6777 147
6980 122
6980 123
6980 151
6874 63
6989 205
6989 206
6989 207
6779 67
6933 42
6933 43
6933 44
6984 48
6984 49
6984 50
6984 51
6850 16
6850 17
6850 18
6850 19
6982 16
6907 164
6907 165
6907 166
6907 167
6773 223
6861 180
6921 158
6921 159
6911 0
6911 1
6911 2
6911 3
6922 155
6922 156
6922 157
6922 158
6782 27
6777 90
6777 91
6895 20
6749 189
6803 83
6803 84
6803 85
6803 86
6940 18
6940 39
6959 22
6959 23
6959 24
6959 25
6957 16
6957 17
6957 18
6957 19
6811 112
6811 113
6811 114
6811 115
6957 50
6957 51
6957 52
6957 53
6964 47
6792 61
6803 0
6803 1
6836 36
6836 37
6836 38
6836 39
6942 63
6940 35
6940 36
6940 37
6940 38
6942 95
6942 104
6799 45
6802 29
6855 38
6799 56
6831 76
6831 77
6831 78
6831 79
6984 52
6952 79
6952 144
6952 148
6751 16
6751 17
6751 18
6751 19
6984 32
6984 33
6984 34
6984 35
6960 99
6960 100
6960 101
6960 102
6752 0
6752 1
6879 176
6879 177
6973 30
6973 31
6810 12
6810 13
6810 14
6810 15
6773 104
6792 4
6792 5
6792 6
6918 100
6918 106
6918 108
6918 109
6856 4
6856 5
6856 6
6856 7
6952 128
6952 129
6952 130
6952 131
6963 103
6917 209
6917 210
6917 211
6917 212
6949 23
6949 24
6949 32
6949 33
6914 14
6973 158
6973 159
6915 32
6915 33
6915 35
6915 36
6912 75
6912 76
6975 123
6975 124
6975 125
6975 126
6956 4
6960 151
6960 152
6960 153
6960 154
6803 88
6803 89
6803 90
6803 91
6934 81
6934 82
6934 83
6934 212
6874 58
6874 59
6794 6
6794 7
6794 8
6794 9
6800 159
6800 164
6800 165
6800 166
6963 10
6963 11
6888 100
6888 101
6888 102
6888 103
6959 180
6959 181
6959 182
6959 184
6956 81
6769 170
6769 171
6769 172
6769 173
6829 112
6829 113
6829 114
6829 115
6778 27
6778 28
6778 29
6778 30
6991 79
6991 82
6991 83
6991 86
6991 237
6888 203
6888 204
6888 205
6888 206
6895 8
6895 9
6894 61
6894 62
6894 63
6853 54
6853 55
6853 56
6853 57
6874 123
6874 127
6861 33
6861 34
6861 35
6861 36
6777 92
6777 93
6777 100
6777 101
6888 180
6888 237
6888 238
6888 239
6979 146
6979 147
6979 148
6979 149
6893 17
6893 18
6893 19
6991 64
6991 65
6991 66
6991 67
6921 119
6769 49
6769 50
6769 53
6769 54
6861 37
6861 38
6861 39
6861 40
6893 105
6893 107
6893 109
6828 48
6828 49
6828 50
6828 51
6777 3
6765 192
6765 193
6765 194
6765 201
6752 90
6752 91
6752 92
6752 93
6902 36
6902 37
6902 38
6902 39
6778 42
6778 43
6778 44
6778 45
6952 45
6840 56
6840 57
6840 58
6840 59
6879 60
6879 61
6879 169
6879 170
6960 164
6960 165
6960 166
6960 167
6916 140
6916 141
6916 142
6798 62
6798 63
6859 141
6765 118
6942 88
6942 89
6942 90
6942 91
6861 23
6788 10
6788 11
6788 12
6788 13
6908 237
6908 238
6980 92
6980 93
6935 10
6935 11
6935 12
6935 13
6773 207
6879 178
6879 179
6789 134
6789 135
6789 136
6789 137
6951 30
6951 31
6951 36
6835 118
6835 119
6835 120
6835 121
6777 64
6777 65
6777 66
6777 67
6773 12
6773 13
6907 157
6907 158
6907 159
6859 232
6907 207
6907 208
6828 132
6828 133
6828 134
6828 135
6879 224
6923 17
6803 146
6803 147
6981 95
6981 96
6829 16
6829 17
6829 18
6829 19
6768 18
6768 19
6768 30
6946 37
6946 38
6946 39
6946 40
6916 83
6835 12
6835 13
6835 14
6835 15
6863 36
6805 92
6805 93
6967 35
6967 36
6967 37
6967 38
6981 67
6981 68
6981 69
6981 70
6787 216
6787 217
6787 218
6787 219
6788 31
6972 90
6981 112
6981 113
6981 114
6981 117
6827 84
6827 85
6827 86
6827 87
6749 198
6749 199
6749 168
6749 169
6749 170
6749 171
6836 55
6836 56
6836 57
6836 58
6972 146
6972 147
6826 36
6826 37
6826 38
6826 39
6957 131
6957 135
6957 139
6957 141
6963 28
6963 29
6783 42
6783 43
6783 44
6783 45
6827 80
6827 81
6827 82
6827 83
6917 229
6917 230
6917 231
6917 232
6780 213
6788 39
6780 159
6835 68
6835 69
6835 70
6835 71
6853 50
6853 51
6853 52
6853 53
6888 116
6888 177
6888 178
6888 179
6769 192
6769 193
6769 194
6769 195
6826 88
6826 89
6826 90
6826 91
6827 149
6827 150
6827 151
6827 152
6933 80
6933 81
6933 82
6933 83
6780 133
6780 144
6780 145
6780 146
6840 60
6840 61
6840 62
6840 63
6880 46
6779 20
6779 21
6779 22
6779 23
6972 45
6958 65
6958 66
6981 16
6981 20
6981 23
6981 24
6919 48
6919 49
6919 50
6919 51
6882 8
6882 9
6882 10
6882 11
6828 76
6828 77
6828 78
6828 79
6978 154
6978 155
6978 156
6978 157
6893 10
6893 11
6805 132
6805 133
6805 134
6805 135
6836 4
6836 5
6836 6
6836 7
6863 60
6863 61
6871 24
6871 25
6871 26
6871 30
6879 186
6879 187
6879 188
6879 189
6945 64
6945 66
6945 67
6945 68
6828 204
6828 205
6828 206
6828 207
6854 29
6854 30
6854 31
6854 33
6780 128
6788 67
6882 215
6882 229
6882 234
6882 235
6968 59
6968 60
6968 61
6968 62
6856 0
6856 1
6856 2
6856 3
6837 216
6837 217
6837 218
6837 219
6861 232
6861 233
6861 234
6861 235
6973 115
6973 204
6973 205
6973 206
6981 104
6981 105
6981 106
6981 107
6922 84
6922 85
6922 91
6922 92
6940 8
6940 9
6940 10
6940 11
6785 122
6785 123
6785 124
6785 125
6958 169
6958 170
6958 171
6958 172
6822 81
6822 82
6822 83
6969 207
6969 208
6969 209
6969 210
6998 7
6998 8
6998 9
6998 10
6969 160
6969 161
6969 162
6969 163
6912 174
6912 175
6853 132
6853 133
6853 134
6853 135
6989 56
6989 57
6840 40
6840 41
6840 42
6840 43
6789 42
6789 43
6789 44
6789 45
6828 52
6828 53
6828 54
6828 55
6959 34
6959 35
6959 36
6917 5
6917 6
6917 7
6917 8
6777 137
6777 138
6873 8
6801 17
6801 113
6975 162
6975 163
6975 197
6975 198
6866 84
6866 85
6866 86
6866 88
6949 96
6949 97
6949 98
6949 99
6766 128
6766 129
6766 130
6766 131
6773 16
6773 17
6773 18
6773 19
6792 58
6792 59
6995 13
6995 14
6995 16
6995 17
6893 28
6893 29
6893 30
6893 31
6805 4
6805 5
6798 83
6798 128
6798 129
6798 130
6812 76
6812 77
6812 78
6812 79
6829 148
6829 149
6829 150
6829 151
6756 118
6756 119
6861 228
6861 229
6861 230
6861 231
6945 212
6945 213
6945 215
6945 216
6957 73
6957 74
6983 2
6983 3
6983 4
6983 5
6989 234
6989 235
6989 236
6989 237
6780 94
6780 95
6776 62
6776 63
6963 122
6963 125
6963 126
6829 92
6829 93
6829 94
6829 95
6972 105
6955 77
6955 78
6955 79
6972 46
6972 47
6972 48
6972 49
6766 136
6766 137
6766 138
6766 139
6905 24
6905 25
6905 26
6905 27
6959 50
6959 51
6959 52
6959 53
6773 167
6773 168
6773 169
6773 213
6952 77
6952 98
6952 99
6952 102
6894 110
6894 111
6894 116
6921 155
6921 156
6921 157
6769 159
6769 160
6769 161
6769 162
6952 228
6952 229
6952 230
6952 231
6814 8
6814 9
6814 10
6814 11
6960 123
6960 138
6960 139
6960 140
6752 106
6752 107
6752 108
6765 213
6765 214
6765 215
6765 216
6752 117
6752 118
6752 119
6752 120
6776 182
6776 183
6776 184
6787 182
6787 183
6787 184
6787 185
6917 142
6917 143
6917 144
6917 145
6795 0
6795 1
6795 2
6795 3
6997 101
6977 3
6977 7
6977 10
6977 11
6749 101
6749 102
6749 103
6749 104
6932 67
6932 128
6932 129
6932 130
6752 11
6752 12
6752 13
6826 108
6826 109
6826 110
6826 111
6761 20
6761 21
6761 22
6761 23
6785 172
6785 173
6785 174
6785 175
6917 213
6917 214
6917 215
6917 216
6756 106
6756 107
6756 108
6756 109
6871 28
6871 86
6859 169
6859 170
6859 171
6859 172
6882 30
6882 31
6801 218
6801 219
6801 220
6908 123
6908 124
6908 125
6908 126
6880 48
6880 49
6880 50
6880 51
6972 26
6972 27
6972 28
6972 29
6837 32
6837 33
6837 34
6837 35
6783 217
6783 218
6783 219
6861 4
6861 5
6861 6
6861 8
6779 4
6779 5
6963 111
6928 51
6928 52
6928 53
6928 54
6787 118
6787 119
6787 120
6787 121
6830 208
6830 209
6830 210
6830 211
6998 0
6998 1
6998 2
6916 192
6916 193
6916 194
6916 195
6901 113
6901 114
6901 115
6901 117
6828 32
6828 33
6828 34
6828 35
6953 144
6953 145
6953 146
6953 147
6871 31
6871 40
6885 25
6885 26
6885 27
6885 28
6761 47
6761 48
6916 191
6879 191
6879 199
6879 200
6919 90
6919 92
6919 93
6919 94
6888 52
6907 34
6907 35
6907 36
6907 37
6822 12
6822 13
6822 14
6822 15
6937 29
6937 30
6937 31
6937 32
6805 120
6805 121
6805 154
6769 187
6769 189
6765 195
6765 196
6765 197
6765 198
6783 172
6783 173
6783 174
6783 175
6800 102
6800 167
6800 168
6800 169
6908 14
6908 15
6908 16
6908 17
6954 72
6954 76
6954 77
6954 81
6939 4
6939 5
6939 6
6939 7
6975 184
6975 185
6975 187
6975 188
6934 163
6934 164
6934 165
6934 166
6916 111
6916 112
6916 113
6916 114
6934 107
6934 108
6934 230
6934 231
6882 180
6952 50
6952 54
6952 66
6952 70
6749 118
6749 119
6749 120
6749 121
6947 69
6947 70
6947 72
6947 73
6803 75
6803 76
6803 77
6803 78
6882 210
6882 211
6882 212
6882 213
6850 52
6850 53
6850 54
6850 55
6907 68
6907 69
6907 70
6907 71
6814 44
6814 45
6814 46
6814 47
6957 121
6957 122
6957 123
6957 124
6986 56
6986 57
6986 58
6963 104
6963 105
6963 106
6963 107
6805 128
6805 129
6805 130
6805 131
6952 94
6780 64
6780 65
6780 66
6780 67
6922 159
6922 160
6922 171
6922 231
6930 63
6973 14
6973 15
6973 16
6973 58
6946 11
6946 12
6888 28
6888 29
6888 111
6888 112
6890 17
6890 18
6890 19
6800 220
6800 221
6800 222
6800 224
6912 43
6973 56
6973 57
6752 237
6752 238
6981 0
6782 40
6782 41
6782 42
6782 43
6785 70
6785 71
6785 72
6785 73
6919 40
6919 41
6919 42
6919 43
6835 56
6835 57
6835 58
6835 59
6894 10
6894 11
6894 12
6894 13
6780 225
6780 226
6780 227
6780 228
6923 74
6923 75
6923 76
6923 77
6787 150
6787 151
6787 152
6787 153
6837 112
6837 113
6837 114
6837 115
6763 10
6763 11
6763 12
6850 0
6850 1
6850 2
6850 3
6932 192
6932 193
6932 194
6932 195
6963 119
6963 120
6963 123
6963 134
6882 220
6882 221
6882 222
6882 223
6970 49
6970 50
6805 0
6805 1
6805 2
6805 3
6936 220
6936 221
6936 222
6936 223
6911 61
6911 62
6911 63
6911 64
6932 228
6932 229
6932 230
6949 0
6949 64
6949 67
6949 68
6934 55
6934 56
6934 57
6934 58
6893 132
6893 133
6893 134
6893 135
6769 30
6769 31
6828 156
6828 157
6828 158
6828 159
6804 44
6804 45
6804 46
6804 47
6871 195
6871 196
6871 197
6871 199
6835 132
6835 133
6835 134
6835 135
6783 201
6783 202
6783 203
6783 204
6882 0
6882 1
6882 130
6882 131
6789 101
6789 102
6865 3
6865 4
6865 5
6865 8
6779 124
6779 125
6779 126
6779 127
6756 98
6756 99
6756 100
6756 101
6945 90
6945 91
6853 92
6853 93
6853 94
6853 95
6980 154
6980 155
6980 156
6980 157
6769 18
6769 51
6769 52
6769 55
6978 110
6978 111
6854 8
6854 9
6854 10
6854 11
6955 190
6955 191
6955 192
6955 193
6908 40
6908 41
6908 42
6908 43
6855 138
6855 139
6855 155
6855 156
6811 4
6811 5
6811 6
6811 7
6981 4
6981 129
6981 130
6981 131
6800 172
6800 173
6800 174
6800 175
6936 172
6936 173
6936 174
6936 175
6956 118
6956 119
6956 120
6956 121
6991 153
6991 154
6991 157
6964 5
6964 58
6979 144
6979 145
6794 85
6905 94
6905 95
6768 88
6768 100
6768 101
6768 102
6956 85
6787 175
6749 77
6998 89
6766 45
6766 46
6766 47
6766 48
6960 8
6960 9
6960 11
6960 12
6978 12
6978 13
6978 14
6978 15
6919 16
6919 17
6919 18
6919 19
6801 0
6801 1
6801 2
6801 3
6837 180
6837 181
6837 182
6837 183
6964 18
6964 19
6964 20
6964 21
6968 32
6968 33
6968 34
6968 35
6957 101
6957 102
6957 103
6957 104
6955 0
6955 1
6955 2
6955 3
6778 34
6778 35
6778 36
6778 37
6882 2
6882 5
6882 6
6882 7
6921 144
6921 145
6921 146
6921 147
6981 71
6981 72
6981 73
6981 74
6952 80
6952 81
6952 83
6952 84
6752 5
6752 6
6812 80
6812 81
6812 82
6812 83
6786 95
6945 128
6945 131
6945 132
6945 135
6980 83
6980 84
6980 86
6980 87
6752 54
6752 55
6752 56
6752 57
6908 11
6908 12
6859 183
6859 184
6859 185
6859 186
6861 75
6861 77
6861 90
6861 91
6802 9
6802 30
6802 31
6799 47
6799 74
6799 75
6975 115
6975 116
6975 117
6975 118
6882 64
6882 65
6882 66
6882 67
6936 131
6936 132
6936 134
6936 136
6871 109
6922 215
6922 216
6922 217
6922 218
6882 192
6882 193
6882 194
6882 195
6813 28
6813 29
6813 30
6813 31
6756 134
6756 135
6756 136
6756 137
6969 148
6969 167
6969 168
6969 169
6837 104
6837 105
6837 106
6837 107
6811 124
6811 125
6811 126
6811 127
6822 108
6822 109
6822 110
6822 111
6917 225
6917 226
6917 227
6917 228
6829 116
6829 117
6829 118
6829 119
6837 96
6837 97
6837 98
6837 99
6912 85
6912 86
6758 7
6758 32
6758 33
6758 34
6919 64
6919 65
6919 66
6919 67
6950 54
6950 55
6998 29
6998 36
6998 37
6998 38
6968 16
6968 18
6968 19
6968 20
6973 182
6973 186
6973 189
6973 191
6787 224
6787 225
6787 226
6787 227
6981 122
6981 123
6981 124
6981 125
6937 60
6937 61
6937 62
6937 63
6768 155
6768 156
6768 164
6768 165
6836 20
6836 21
6836 22
6836 23
6907 24
6907 25
6907 26
6907 27
6989 105
6989 106
6989 107
6989 108
6991 117
6991 118
6991 133
6991 134
6855 91
6855 92
6855 93
6855 94
6787 89
6787 90
6787 91
6787 92
6928 3
6989 170
6989 171
6989 172
6989 173
6780 30
6855 95
6855 96
6855 97
6855 163
6822 36
6822 37
6822 38
6822 39
6830 20
6830 21
6830 22
6830 23
6893 32
6893 33
6893 34
6893 35
6969 59
6969 90
6969 91
6969 106
6940 23
6940 24
6940 25
6940 26
6787 5
6787 6
6787 8
6787 9
6942 0
6942 1
6942 2
6942 3
6786 75
6786 76
6786 80
6786 162
6911 53
6911 54
6911 55
6911 56
6769 174
6769 176
6769 177
6769 180
6989 230
6989 231
6989 233
6908 67
6908 72
6908 76
6908 83
6952 196
6952 197
6952 198
6952 199
6949 60
6949 61
6949 62
6949 63
6901 80
6901 82
6901 83
6901 86
6912 48
6912 49
6912 50
6912 51
6955 4
6955 5
6955 6
6955 7
6811 8
6811 9
6811 10
6811 11
6855 98
6855 99
6855 100
6855 101
6905 44
6905 45
6905 46
6905 47
6894 22
6894 23
6894 24
6894 25
6989 42
6989 43
6989 44
6989 45
6884 20
6884 21
6884 22
6884 23
6780 118
6780 236
6780 237
6930 27
6930 28
6930 29
6930 62
6830 36
6830 37
6830 38
6830 39
6959 79
6959 80
6959 81
6959 82
6912 148
6912 149
6912 150
6912 151
6813 112
6813 113
6813 114
6813 115
6919 52
6919 53
6919 54
6919 55
6800 180
6800 181
6800 182
6800 183
6802 5
6802 6
6802 7
6802 8
6977 64
6977 65
6977 66
6977 67
6871 20
6871 21
6871 22
6871 23
6954 64
6954 65
6954 66
6954 67
6861 101
6861 102
6861 103
6861 104
6942 41
6942 56
6942 57
6942 58
6887 1
6887 2
6887 3
6887 4
6761 14
6761 15
6861 41
6861 42
6861 43
6861 44
6805 232
6805 233
6805 234
6805 235
6888 14
6888 15
6888 16
6980 192
6980 193
6980 194
6980 195
6998 39
6998 40
6998 41
6998 42
6922 104
6922 105
6922 106
6922 107
6780 32
6780 35
6932 61
6932 64
6932 66
6932 191
6907 56
6907 57
6907 58
6907 59
6956 21
6956 61
6853 60
6853 72
6853 73
6853 74
6829 20
6829 21
6829 22
6829 23
6959 154
6783 109
6783 110
6783 111
6783 112
6955 8
6955 9
6955 10
6955 11
6835 80
6835 81
6835 82
6835 83
6918 41
6918 42
6918 43
6918 44
6800 137
6800 138
6800 139
6800 140
6837 55
6786 28
6786 29
6786 30
6786 31
6915 41
6915 42
6915 43
6915 45
6758 16
6758 17
6785 222
6785 223
6776 117
6776 118
6776 119
6776 120
6855 44
6855 45
6855 46
6855 47
6828 172
6828 173
6828 174
6828 175
6766 82
6766 83
6766 84
6766 85
6959 18
6959 19
6959 20
6959 21
6850 24
6850 25
6850 26
6850 27
6826 100
6826 101
6826 102
6826 103
6749 12
6749 13
6749 14
6749 15
6958 40
6958 41
6958 42
6958 164
6933 40
6933 41
6888 3
6888 4
6888 5
6888 6
6768 31
6768 32
6768 33
6768 34
6973 4
6973 5
6973 6
6973 7
6932 49
6932 50
6932 51
6932 52
6859 132
6859 133
6859 134
6859 135
6803 136
6803 137
6803 158
6803 159
6945 3
6945 4
6945 5
6945 6
6906 8
6906 9
6906 10
6906 11
6951 2
6951 3
6951 6
6951 7
6773 219
6773 220
6773 221
6773 222
6930 80
6930 82
6930 83
6908 18
6908 19
6908 20
6908 21
6798 38
6798 39
6798 64
6798 65
6959 140
6959 141
6959 142
6959 143
6766 188
6766 190
6766 191
6766 214
6869 8
6869 9
6869 10
6869 11
6789 48
6789 49
6789 50
6789 51
6980 142
6980 146
6911 37
6911 38
6911 39
6911 40
6749 181
6749 182
6749 184
6749 185
6881 130
6881 131
6881 132
6881 133
6822 4
6822 5
6822 6
6822 7
6916 38
6916 39
6916 40
6916 41
6934 7
6934 23
6934 79
6934 80
6954 9
6954 10
6954 14
6954 18
6805 200
6805 201
6805 202
6805 203
6997 46
6997 47
6997 48
6997 49
6952 53
6952 55
6952 56
6952 57
6991 175
6991 176
6991 177
6991 178
6957 187
6957 188
6957 189
6957 190
6783 168
6783 169
6783 170
6783 171
6975 128
6975 129
6975 130
6975 131
6934 13
6934 14
6934 15
6912 197
6912 199
6912 200
6912 201
6811 32
6811 33
6811 34
6811 35
6780 12
6780 13
6780 14
6780 15
6787 132
6787 133
6787 134
6978 20
6978 21
6978 24
6978 25
6954 21
6954 22
6954 23
6954 24
6881 164
6881 165
6881 166
6881 167
6982 17
6982 18
6982 19
6982 20
6785 176
6785 230
6785 232
6859 89
6859 90
6859 91
6859 92
6960 22
6960 23
6960 24
6960 25
6969 170
6969 171
6969 172
6969 173
6801 127
6803 128
6803 129
6803 130
6803 131
6800 196
6800 197
6800 198
6800 199
6766 123
6766 124
6766 174
6766 175
6922 20
6922 21
6922 22
6922 23
6907 0
6907 1
6907 2
6907 3
6901 4
6901 6
6901 9
6901 130
6980 101
6980 102
6980 103
6980 104
6918 89
6918 90
6918 101
6918 102
6881 120
6881 121
6881 122
6881 123
6787 174
6787 176
6787 177
6787 178
6903 10
6903 11
6905 78
6905 79
6905 100
6905 101
6777 120
6777 121
6777 186
6850 12
6850 13
6850 14
6850 15
6894 0
6894 1
6894 2
6978 116
6978 117
6978 118
6978 119
6932 44
6890 10
6890 11
6890 12
6890 16
6879 141
6879 142
6879 143
6879 144
6973 166
6973 192
6973 193
6888 110
6888 207
6888 208
6888 209
6888 214
6888 215
6888 220
6888 221
6998 91
6766 192
6766 195
6766 196
6766 199
6855 152
6855 153
6855 154
6879 122
6879 123
6879 124
6879 125
6825 28
6825 29
6825 30
6825 31
6863 40
6863 41
6863 42
6863 43
6766 132
6766 133
6766 134
6766 135
6882 240
6882 241
6882 242
6882 243
6915 114
6966 12
6966 13
6966 16
6966 17
6930 30
6930 31
6854 90
6854 91
6854 92
6854 93
6769 211
6836 28
6836 29
6836 30
6836 31
6824 123
6824 124
6824 125
6824 126
6859 96
6859 97
6859 98
6859 99
6958 47
6958 48
6958 90
6902 40
6902 41
6902 42
6902 63
6773 218
6787 10
6787 11
6787 12
6787 13
6908 192
6908 193
6908 194
6908 195
6794 38
6794 39
6794 40
6794 41
6773 160
6773 161
6773 162
6773 163
6772 18
6772 21
6772 22
6772 25
6840 4
6840 5
6840 6
6840 7
6837 108
6837 109
6837 110
6837 111
6908 132
6908 133
6908 134
6908 135
6871 126
6871 127
6923 123
6923 124
6923 125
6923 126
6761 39
6761 40
6761 41
6761 42
6866 151
6866 156
6973 202
6973 203
6913 34
6913 35
6785 112
6785 113
6785 114
6785 115
6802 0
6997 28
6997 29
6997 40
6997 41
6915 90
6915 91
6915 102
6915 103
6792 0
6792 1
6792 3
6752 160
6752 161
6752 162
6752 163
6956 110
6956 111
6956 112
6956 113
6785 95
6785 104
6917 189
6917 190
6917 191
6917 192
6919 20
6919 21
6919 22
6919 23
6829 104
6829 105
6829 106
6829 107
6959 54
6959 55
6916 224
6916 225
6916 226
6916 228
6955 210
6955 211
6955 212
6955 213
6945 156
6945 189
6907 212
6907 213
6963 0
6963 1
6963 2
6963 3
6970 24
6970 25
6970 26
6970 27
6752 200
6752 201
6766 105
6766 116
6766 117
6766 118
6776 224
6776 225
6776 226
6776 227
6936 47
6769 115
6769 116
6769 117
6769 118
6932 101
6932 102
6932 103
6932 200
6952 233
6952 234
6952 235
6952 236
6973 120
6973 121
6973 122
6973 123
6831 20
6831 21
6831 22
6831 23
6885 8
6922 137
6922 138
6922 139
6922 140
6786 150
6786 151
6786 152
6786 153
6906 0
6906 1
6906 2
6906 3
6967 25
6967 26
6967 27
6967 28
6958 187
6958 189
6765 150
6765 151
6765 152
6930 84
6930 85
6930 86
6930 87
6979 58
6979 150
6979 151
6979 152
6981 33
6981 36
6981 41
6981 45
6749 60
6749 61
6749 62
6749 63
6901 165
6901 166
6901 167
6901 168
6871 87
6871 115
6871 116
6871 117
6915 59
6915 61
6915 62
6915 63
6936 166
6936 167
6936 168
6936 169
6998 26
6998 28
6998 94
6798 72
6798 73
6798 74
6798 75
6970 40
6970 41
6885 45
6885 46
6885 47
6885 48
6853 156
6853 157
6853 158
6853 159
6932 211
6932 212
6932 213
6932 214
6893 72
6893 73
6893 74
6893 75
6800 43
6800 44
6800 45
6800 46
6879 102
6879 103
6879 104
6879 105
6957 212
6957 213
6957 214
6957 215
6865 16
6865 42
6865 43
6865 44
6871 39
6871 41
6871 50
6871 51
6888 160
6888 161
6888 162
6888 163
6828 160
6828 161
6828 162
6828 163
6893 162
6893 163
6893 164
6893 165
6811 72
6811 73
6811 74
6811 75
6968 64
6968 65
6968 66
6779 100
6779 101
6779 102
6779 103
6855 159
6794 5
6946 14
6946 15
6811 180
6811 181
6811 182
6811 183
6953 8
6803 156
6803 157
6769 143
6769 144
6769 145
6769 146
6837 212
6837 213
6837 214
6837 215
6915 136
6915 137
6928 2
6928 8
6958 78
6958 79
6958 100
6958 101
6989 83
6989 84
6989 85
6989 86
6859 54
6859 55
6859 56
6912 29
6912 36
6912 37
6912 38
6783 19
6783 86
6783 87
6783 88
6866 150
6866 171
6866 174
6997 30
6997 31
6997 32
6997 33
6905 4
6905 5
6905 6
6905 7
6953 63
6785 98
6785 99
6787 44
6787 45
6934 71
6934 72
6934 73
6934 74
6922 141
6922 142
6922 143
6922 144
6974 60
6921 168
6921 169
6880 4
6880 5
6880 6
6918 40
6918 51
6918 52
6918 53
6827 88
6827 89
6827 90
6827 91
6888 240
6888 241
6888 242
6956 230
6956 231
6956 232
6956 233
6881 20
6881 21
6881 22
6881 23
6955 44
6955 45
6826 40
6826 41
6826 42
6826 43
6947 45
6947 46
6947 47
6947 48
6916 176
6916 177
6916 178
6916 227
6952 75
6952 76
6952 78
6952 143
6917 95
6917 96
6917 97
6917 98
6947 36
6947 37
6947 39
6947 40
6942 28
6942 29
6768 14
6768 15
6768 16
6768 17
6972 22
6972 23
6972 24
6972 25
6879 91
6879 92
6879 93
6879 94
6787 220
6787 221
6787 222
6787 223
6780 87
6780 88
6780 89
6800 60
6800 61
6952 105
6952 106
6952 107
6952 108
6947 61
6973 83
6973 84
6973 85
6973 86
6905 110
6905 111
6905 112
6905 113
6861 128
6861 129
6861 130
6861 131
6933 61
6785 94
6789 111
6981 108
6981 109
6981 110
6981 111
6901 38
6901 39
6901 40
6901 41
6805 212
6805 213
6805 214
6805 215
6905 32
6905 33
6905 130
6905 131
6855 160
6855 161
6805 240
6805 241
6805 242
6805 243
6856 22
6782 28
6782 45
6824 28
6824 29
6824 30
6824 31
6969 219
6969 220
6969 221
6969 222
6989 160
6989 161
6989 162
6989 163
6908 159
6908 160
6908 161
6908 162
6792 55
6907 142
6907 209
6907 210
6907 211
6780 129
6780 130
6780 131
6780 132
6813 48
6813 49
6813 50
6813 51
6959 132
6959 133
6959 134
6959 135
6871 208
6871 209
6871 210
6871 211
6749 215
6916 172
6916 173
6928 61
6964 54
6964 59
6964 60
6964 61
6979 14
6979 15
6979 16
6979 17
6853 168
6853 169
6824 111
6824 112
6824 113
6824 114
6916 26
6916 27
6916 28
6916 29
6945 53
6945 54
6945 55
6945 56
6989 212
6989 213
6989 214
6989 215
6840 24
6840 25
6840 26
6840 27
6971 17
6971 18
6856 20
6968 27
6968 31
6968 36
6956 176
6956 177
6956 178
6956 179
6901 172
6901 173
6901 196
6901 197
6981 100
6981 101
6981 102
6981 103
6749 211
6749 212
6749 213
6749 214
6756 81
6756 82
6756 83
6756 85
6945 11
6855 12
6855 13
6855 14
6855 15
6985 68
6985 69
6985 70
6785 236
6785 237
6785 238
6906 26
6906 27
6901 98
6901 100
6901 104
6901 106
6989 238
6989 239
6859 214
6859 215
6859 216
6859 217
6976 8
6976 9
6861 191
6934 103
6934 104
6934 105
6934 106
6826 48
6826 49
6826 50
6826 51
6766 55
6766 79
6766 80
6766 81
6980 119
6980 120
6979 56
6979 57
6979 78
6979 79
6960 36
6960 37
6960 38
6960 39
6882 32
6882 36
6882 90
6882 91
6956 145
6956 146
6956 147
6956 148
6934 41
6934 150
6934 180
6874 104
6874 107
6874 108
6804 36
6804 37
6804 38
6804 39
6836 64
6836 65
6836 66
6836 67
6969 78
6969 79
6969 96
6969 97
6893 114
6893 115
6893 116
6893 117
6939 119
6784 8
6784 9
6784 18
6784 19
6949 34
6949 37
6949 77
6827 153
6827 154
6827 155
6827 156
6973 45
6973 46
6973 47
6871 136
6871 137
6871 138
6871 139
6902 18
6902 19
6902 20
6902 21
6945 118
6945 230
6945 231
6945 234
6752 18
6752 19
6752 20
6752 21
6882 224
6882 225
6882 226
6882 227
6907 144
6907 145
6907 146
6907 147
6766 147
6766 148
6766 149
6766 150
6978 165
6978 166
6978 167
6978 168
6752 102
6752 103
6752 104
6752 105
6884 0
6884 1
6884 2
6884 3
6823 16
6823 17
6823 18
6823 19
6908 104
6908 105
6908 106
6908 239
6827 101
6827 102
6827 103
6827 104
6917 167
6917 168
6917 169
6917 170
6967 17
6967 18
6967 19
6967 20
6930 56
6930 57
6930 58
6930 59
6959 145
6959 146
6959 147
6959 148
6880 14
6932 71
6932 181
6792 44
6792 45
6792 46
6792 47
6790 32
6790 33
6790 34
6790 35
6981 21
6915 53
6915 54
6915 56
6915 57
6919 177
6934 206
6934 207
6934 208
6934 209
6827 229
6827 230
6827 231
6827 232
6752 98
6752 99
6752 100
6752 101
6916 153
6916 154
6916 162
6916 163
6853 24
6853 25
6853 26
6853 27
6917 233
6917 234
6917 235
6917 236
6993 4
6993 5
6908 84
6908 32
6908 33
6908 34
6908 35
6916 99
6783 70
6783 71
6783 72
6783 73
6879 70
6907 120
6907 121
6919 101
6919 103
6919 104
6959 226
6959 227
6959 228
6959 229
6773 0
6773 1
6773 4
6773 5
6936 97
6936 98
6936 99
6936 101
6936 135
6855 4
6855 5
6855 6
6855 7
6810 36
6810 37
6810 38
6810 39
6794 20
6794 21
6794 22
6794 23
6989 22
6989 23
6989 24
6989 68
6780 171
6780 194
6780 195
6780 196
6951 39
6777 62
6777 63
6769 56
6769 59
6769 60
6874 15
6974 97
6974 105
6945 142
6945 145
6945 146
6945 147
6930 44
6930 45
6930 46
6930 47
6957 174
6957 175
6957 176
6957 177
6824 132
6824 133
6824 134
6824 135
6803 152
6803 153
6803 154
6803 155
6866 59
6866 60
6955 98
6955 109
6989 146
6989 147
6989 148
6989 149
6915 120
6915 223
6980 10
6980 12
6980 13
6980 14
6871 92
6871 94
6871 95
6829 176
6829 177
6829 178
6829 179
6983 19
6983 20
6983 21
6983 22
6923 10
6923 11
6861 193
6861 197
6861 201
6861 205
6945 129
6945 130
6945 133
6945 134
6894 32
6894 33
6894 34
6894 35
6780 172
6780 173
6785 209
6785 210
6956 39
6980 202
6980 203
6980 204
6980 205
6945 192
6945 194
6945 195
6945 196
6879 126
6879 127
6980 218
6980 224
6980 226
6956 48
6956 49
6956 50
6956 51
6853 0
6853 1
6853 2
6853 3
6983 27
6983 29
6983 31
6822 104
6822 105
6822 106
6822 107
6799 17
6799 18
6799 19
6799 20
6912 104
6912 105
6912 106
6912 107
6828 212
6828 213
6828 214
6828 215
6786 78
6786 167
6786 168
6960 90
6813 24
6813 25
6813 26
6813 27
6953 166
6830 88
6830 89
6830 90
6830 91
6973 172
6973 174
6973 175
6855 86
6855 87
6963 8
6963 9
6893 202
6893 203
6893 204
6893 205
6854 80
6854 81
6854 82
6854 83
6954 73
6981 35
6981 97
6981 98
6981 99
6882 141
6882 148
6882 149
6882 200
6902 23
6902 24
6902 25
6902 26
6955 46
6955 47
6805 94
6805 95
6980 105
6980 106
6980 107
6980 108
6798 219
6798 220
6798 221
6798 228
6964 82
6766 62
6871 212
6871 213
6871 214
6871 215
6987 6
6987 7
6987 8
6786 32
6786 33
6786 34
6786 35
6766 180
6766 181
6766 182
6766 183
6752 156
6752 157
6749 52
6749 53
6749 54
6801 69
6918 69
6918 70
6918 71
6918 72
6871 77
6871 78
6871 79
6871 80
6908 93
6908 94
6798 194
6798 195
6798 196
6912 184
6912 185
6828 20
6828 21
6828 22
6828 23
6921 180
6921 181
6921 182
6921 183
6859 222
6859 223
6893 192
6893 193
6893 194
6893 195
6902 27
6902 28
6902 29
6955 202
6955 203
6955 204
6955 205
6990 0
6990 2
6990 3
6990 4
6861 76
6861 84
6861 95
6789 122
6789 123
6789 124
6789 125
6776 159
6773 156
6773 157
6950 29
6950 30
6950 31
6981 75
6981 76
6981 77
6981 78
6830 164
6830 165
6830 166
6830 167
6798 126
6798 127
6879 52
6879 53
6879 54
6879 55
6912 156
6912 157
6912 158
6912 159
6974 61
6974 62
6974 63
6945 223
6945 224
6945 225
6945 227
6783 146
6783 147
6783 148
6783 149
6792 28
6792 29
6782 0
6782 1
6782 2
6782 3
6874 41
6874 42
6874 43
6874 44
6896 24
6896 28
6896 30
6967 39
6967 41
6967 42
6777 102
6777 103
6777 104
6777 105
6806 65
6806 66
6806 67
6806 68
6968 63
6986 13
6986 14
6952 224
6952 225
6952 226
6952 227
6986 43
6986 44
6986 45
6986 46
6836 59
6836 60
6836 61
6836 62
6905 20
6905 21
6905 22
6905 23
6976 15
6976 16
6976 32
6976 33
6964 0
6964 4
6916 179
6916 181
6916 182
6916 189
6959 76
6959 77
6959 78
6959 105
6752 220
6752 221
6752 222
6752 223
6945 121
6945 123
6945 124
6945 125
6959 104
6894 14
6894 15
6894 16
6894 17
6960 145
6960 146
6960 147
6960 148
6769 138
6769 139
6769 140
6769 141
6867 41
6907 168
6907 169
6907 170
6907 171
6783 205
6783 206
6804 8
6804 9
6804 18
6804 19
6956 214
6956 215
6956 216
6956 217
6830 52
6830 53
6830 54
6830 55
6973 233
6973 234
6973 235
6973 236
6989 60
6989 61
6989 62
6989 63
6936 93
6936 94
6936 95
6936 96
6991 108
6991 109
6922 27
6922 32
6922 33
6922 34
6780 201
6780 202
6780 203
6831 12
6831 13
6831 14
6831 15
6840 48
6840 49
6840 50
6840 51
6972 51
6972 52
6972 53
6972 54
6922 163
6922 164
6922 165
6922 166
6829 76
6829 77
6829 78
6829 79
6917 39
6917 40
6917 41
6917 42
6907 189
6907 196
6907 197
6907 198
6866 72
6866 73
6866 74
6866 75
6798 187
6798 188
6798 189
6798 190
6901 232
6901 233
6901 234
6901 235
6939 92
6939 93
6939 94
6939 95
6973 72
6973 77
6973 78
6973 79
6907 186
6907 187
6907 188
6907 217
6775 3
6775 4
6775 5
6775 6
6939 64
6939 65
6939 66
6939 67
6867 53
6867 55
6801 105
6801 106
6828 180
6828 181
6828 182
6828 183
6814 52
6814 53
6814 54
6814 55
6761 43
6761 44
6761 45
6761 46
6901 149
6901 150
6901 151
6901 152
6871 72
6871 73
6871 74
6871 75
6991 55
6991 56
6950 46
6950 47
6950 48
6950 49
6835 96
6835 97
6835 98
6835 99
6861 157
6861 158
6861 159
6831 4
6831 5
6831 6
6831 7
6916 130
6916 131
6916 160
6916 161
6794 45
6794 48
6794 49
6794 50
6952 109
6952 110
6792 48
6792 49
6792 50
6792 51
6785 41
6785 42
6785 43
6785 44
6799 40
6799 41
6777 32
6777 33
6777 34
6777 35
6779 106
6779 107
6779 108
6779 128
6956 200
6956 201
6956 202
6956 203
6814 12
6814 13
6814 14
6814 15
6959 189
6959 190
6959 205
6825 12
6825 13
6825 14
6825 15
6887 15
6887 16
6887 17
6887 18
6952 182
6952 202
6952 203
6989 216
6989 217
6989 218
6907 52
6907 53
6907 54
6907 55
6803 122
6803 123
6803 124
6803 125
6938 1
6938 2
6938 3
6938 4
6776 144
6776 145
6776 146
6776 147
6890 39
6890 50
6890 51
6890 52
6773 80
6773 81
6773 82
6773 83
6769 0
6769 1
6769 2
6769 3
6769 10
6769 11
6769 16
6769 19
6810 24
6810 25
6810 26
6810 27
6916 145
6916 146
6916 147
6916 148
6881 96
6881 97
6881 136
6881 137
6825 48
6825 49
6825 50
6825 51
6783 89
6783 188
6783 189
6783 196
6802 10
6802 11
6802 12
6802 13
6787 186
6787 187
6787 188
6787 189
6773 201
6773 202
6907 20
6907 21
6907 22
6907 23
6991 149
6991 150
6991 151
6991 152
6901 118
6901 119
6901 120
6997 37
6997 72
6997 73
6997 74
6785 81
6785 82
6785 83
6785 84
6915 167
6915 168
6915 169
6915 170
6790 46
6790 47
6790 48
6790 49
6826 116
6826 117
6826 118
6826 119
6990 8
6990 12
6990 15
6812 52
6812 53
6812 54
6812 55
6932 231
6932 232
6932 233
6932 234
6923 51
6923 52
6923 53
6923 54
6784 10
6784 11
6784 12
6784 13
6932 172
6932 173
6932 174
6932 175
6854 25
6854 26
6854 27
6854 28
6914 8
6914 9
6914 15
6914 16
6923 44
6923 45
6923 46
6923 47
6805 84
6805 85
6805 86
6805 87
6969 235
6969 236
6969 237
6969 238
6942 24
6942 25
6942 26
6942 27
6918 8
6918 9
6918 10
6918 11
6865 60
6865 61
6865 62
6865 63
6940 4
6940 5
6940 6
6940 7
6957 46
6957 47
6957 48
6957 49
6932 187
6932 188
6932 189
6932 190
6888 219
6989 159
6989 168
6788 8
6788 9
6933 53
6933 54
6957 0
6915 160
6915 194
6915 196
6915 197
6789 46
6789 47
6957 184
6957 185
6957 218
6957 219
6944 6
6944 7
6944 8
6944 9
6859 149
6859 150
6859 152
6859 153
6800 216
6800 219
6854 109
6749 80
6749 81
6749 82
6749 83
6800 38
6901 224
6901 225
6901 226
6901 227
6950 56
6853 170
6853 172
6881 168
6881 169
6837 100
6837 101
6837 102
6837 103
6752 72
6752 73
6908 100
6908 101
6908 102
6886 29
6798 211
6798 212
6798 213
6798 214
6866 90
6866 106
6866 107
6989 123
6989 124
6989 132
6974 25
6974 26
6879 95
6867 54
6830 160
6830 161
6830 162
6830 163
6932 116
6932 117
6932 118
6932 119
6908 229
6908 230
6908 231
6908 232
6782 36
6782 37
6782 39
6826 16
6826 17
6826 18
6826 19
6977 20
6977 23
6977 34
6977 35
6752 177
6752 178
6752 179
6855 128
6855 135
6952 126
6952 159
6766 144
6766 145
6766 146
6766 215
6945 198
6945 199
6945 200
6945 202
6827 105
6827 106
6827 107
6827 108
6761 63
6896 10
6896 11
6896 12
6896 13
6969 28
6969 187
6830 0
6830 1
6830 2
6830 3
6801 21
6801 23
6801 24
6916 159
6916 190
6893 122
6871 3
6871 4
6855 66
6855 67
6855 68
6855 69
6811 136
6811 137
6811 138
6794 0
6916 34
6916 35
6916 36
6916 37
6792 11
6975 222
6975 223
6786 46
6799 28
6799 35
6799 38
6917 197
6917 198
6917 199
6917 200
6960 136
6960 137
6787 103
6956 114
6956 115
6956 116
6956 117
6855 140
6855 141
6855 157
6780 134
6780 136
6780 140
6780 142
6863 30
6863 31
6855 73
6855 77
6954 58
6954 59
6954 60
6954 61
6772 29
6772 30
6780 167
6893 15
6959 37
6959 38
6959 39
6959 40
6787 126
6871 14
6871 15
6925 10
6925 11
6925 12
6925 13
6964 37
6964 38
6964 39
6964 40
6980 127
6827 221
6827 222
6827 223
6827 224
6826 56
6826 57
6826 58
6826 59
6768 8
6768 20
6768 21
6903 0
6903 1
6912 119
6908 48
6908 49
6830 151
6981 25
6981 29
6752 128
6752 129
6752 130
6752 131
6928 6
6928 31
6991 76
6991 80
6991 81
6991 99
6859 154
6828 84
6828 85
6828 86
6828 87
6789 72
6969 89
6968 4
6968 5
6968 6
6968 7
6871 0
6871 1
6751 6
6751 7
6751 8
6751 9
6812 44
6812 45
6812 46
6812 47
6960 40
6960 41
6960 42
6960 43
6851 4
6851 5
6946 61
6946 63
6922 57
6811 128
6811 129
6811 130
6811 131
6859 45
6859 46
6915 128
6915 129
6915 130
6915 131
6871 32
6871 33
6871 34
6871 76
6786 116
6933 75
6933 77
6933 78
6933 79
6934 59
6934 60
6908 63
6908 97
6855 58
6855 59
6855 60
6855 61
6972 80
6972 81
6972 82
6972 83
6805 172
6805 173
6805 174
6777 44
6894 18
6894 19
6894 30
6894 31
6756 147
6756 148
6756 149
6828 128
6828 129
6828 130
6828 131
6787 143
6798 105
6798 106
6798 107
6829 36
6829 37
6829 38
6829 39
6976 4
6976 5
6976 6
6976 7
6956 153
6956 154
6956 155
6956 156
6936 116
6973 100
6973 101
6973 102
6973 103
6915 150
6915 151
6915 152
6915 153
6902 14
6902 15
6902 16
6902 17
6950 21
6950 22
6950 23
6950 25
6861 187
6861 190
6830 80
6830 81
6830 82
6830 83
6998 118
6998 119
6998 120
6998 121
6956 47
6965 0
6965 1
6965 2
6965 3
6901 121
6901 122
6980 76
6980 77
6917 111
6917 122
6917 123
6917 124
6952 22
6769 26
6769 40
6769 43
6769 44
6827 109
6827 110
6827 111
6827 112
6830 40
6830 41
6830 42
6830 43
6861 54
6861 55
6861 56
6861 57
6888 133
6888 134
6888 135
6888 136
6957 76
6957 78
6957 79
6798 144
6798 145
6798 146
6798 147
6837 80
6837 81
6837 82
6837 83
6835 126
6835 127
6803 148
6803 149
6803 150
6803 151
6813 56
6813 57
6813 58
6813 59
6934 142
6934 143
6934 144
6934 145
6840 88
6840 89
6840 90
6840 91
6813 220
6813 221
6813 222
6813 223
6905 16
6905 17
6905 18
6905 19
6997 64
6997 65
6997 66
6997 67
6766 189
6765 100
6765 101
6765 102
6765 103
6811 208
6811 209
6811 210
6811 211
6936 17
6936 144
6936 146
6936 147
6769 105
6769 106
6769 107
6769 108
6800 128
6800 129
6800 130
6800 131
6980 0
6980 1
6980 2
6980 3
6879 214
6879 218
6752 158
6752 159
6752 168
6798 215
6798 216
6798 217
6798 218
6938 13
6938 14
6938 15
6938 16
6970 8
6970 9
6970 10
6970 11
6749 172
6749 173
6749 174
6749 175
6812 8
6812 9
6812 10
6812 11
6806 49
6806 50
6806 51
6806 52
6944 19
6944 20
6944 21
6944 22
6936 120
6936 121
6936 122
6936 123
6893 54
6893 55
6893 56
6893 58
6969 0
6969 1
6969 2
6969 3
6765 158
6765 159
6765 229
6785 211
6785 212
6785 213
6785 214
6923 106
6923 107
6923 108
6923 109
6866 94
6866 95
6970 16
6970 17
6970 18
6970 19
6893 154
6893 155
6893 156
6893 157
6916 196
6916 197
6916 198
6916 199
6888 140
6888 141
6888 142
6888 143
6806 5
6806 6
6806 7
6806 8
6836 0
6836 1
6836 2
6836 3
6919 185
6919 186
6919 187
6919 188
6957 65
6957 66
6957 67
6957 68
6942 36
6942 37
6942 38
6942 39
6893 144
6893 145
6893 146
6893 147
6871 110
6871 120
6871 121
6871 150
6789 60
6789 61
6837 120
6837 121
6837 122
6837 123
6977 44
6977 45
6977 46
6977 47
6761 29
6761 36
6761 37
6761 38
6917 125
6917 126
6917 127
6761 66
6761 67
6761 68
6761 69
6787 107
6787 108
6787 109
6787 110
6934 25
6934 30
6769 215
6769 216
6769 217
6769 218
6916 214
6916 217
6916 218
6916 223
6973 207
6973 208
6973 209
6973 210
6974 77
6974 78
6974 79
6824 4
6824 5
6824 6
6824 7
6805 54
6805 55
6805 56
6805 57
6882 84
6882 85
6882 86
6882 87
6785 119
6785 120
6785 121
6785 132
6912 134
6912 135
6912 136
6912 137
6871 155
6871 156
6871 157
6871 158
6772 7
6772 8
6772 9
6772 17
6800 176
6800 177
6800 178
6800 179
6882 103
6882 108
6882 109
6882 125
6901 128
6901 129
6901 131
6901 132
6801 43
6801 108
6801 110
6801 111
6813 12
6813 13
6813 14
6813 15
6894 80
6894 81
6894 86
6894 87
6806 18
6806 19
6806 20
6806 21
6827 125
6827 126
6827 127
6827 128
6773 89
6773 90
6773 91
6773 92
6932 176
6932 177
6932 178
6932 179
6908 128
6908 129
6908 130
6908 131
6813 16
6813 17
6813 18
6813 19
6766 17
6766 18
6766 19
6766 20
6855 162
6855 164
6855 165
6828 228
6828 229
6828 230
6828 231
6792 53
6792 54
6792 56
6792 57
6857 10
6857 11
6857 12
6857 13
6982 12
6982 13
6768 96
6768 97
6768 98
6768 99
6936 126
6936 127
6956 88
6956 89
6783 51
6783 52
6783 53
6952 8
6952 44
6991 171
6991 172
6991 173
6991 174
6915 12
6915 13
6915 14
6915 15
6813 42
6813 43
6805 208
6805 209
6805 210
6805 211
6980 137
6980 138
6980 139
6980 140
6805 14
6811 44
6811 45
6811 46
6811 47
6782 4
6782 5
6782 6
6782 7
6969 195
6969 197
6969 198
6969 199
6945 162
6945 163
6945 164
6945 166
6831 32
6831 33
6831 34
6831 35
6854 94
6854 95
6854 96
6854 97
6787 160
6787 161
6787 162
6787 163
6752 58
6752 59
6752 60
6752 61
6894 7
6894 8
6894 9
6871 9
6871 66
6871 85
6871 175
6946 51
6946 64
6946 66
6946 67
6837 60
6837 61
6837 62
6837 63
6756 142
6756 143
6756 144
6756 145
6827 12
6827 13
6827 14
6827 15
6829 40
6829 41
6829 42
6829 43
6874 71
6874 72
6874 73
6874 74
6768 121
6768 124
6768 125
6800 146
6800 147
6800 148
6800 149
6957 169
6919 96
6919 97
6919 98
6919 99
6953 150
6953 151
6953 152
6953 153
6959 116
6959 117
6959 118
6959 119
6964 43
6964 44
6964 45
6964 46
6888 68
6888 69
6888 70
6888 71
6972 32
6972 33
6972 34
6972 35
6973 80
6973 219
6973 222
6973 224
6749 147
6749 148
6749 149
6749 150
6799 76
6964 71
6964 73
6964 74
6964 75
6932 76
6932 77
6932 92
6945 193
6945 197
6945 201
6945 226
6952 147
6916 124
6916 138
6916 139
6916 144
6986 11
6986 15
6918 54
6918 55
6918 56
6918 57
6881 149
6881 150
6881 151
6881 152
6798 201
6798 202
6798 203
6798 204
6778 5
6778 6
6778 7
6778 8
6917 237
6917 238
6917 239
6917 240
6870 13
6749 183
6810 60
6810 61
6810 62
6810 63
6828 44
6828 45
6828 46
6828 47
6830 12
6830 13
6830 14
6830 15
6998 64
6907 122
6907 123
6907 124
6907 125
6768 4
6768 5
6768 6
6768 7
6896 35
6831 192
6831 193
6831 194
6831 195
6917 146
6917 147
6917 148
6917 149
6859 151
6989 156
6989 157
6989 158
6752 113
6752 114
6752 115
6752 116
6915 135
6915 236
6979 46
6907 175
6969 74
6969 75
6969 76
6969 77
6812 24
6812 25
6812 26
6812 27
6787 236
6957 24
6957 25
6957 26
6957 27
6991 26
6991 27
6991 28
6991 29
6932 141
6932 142
6932 143
6932 150
6957 20
6957 21
6957 22
6957 23
6785 215
6785 216
6785 217
6785 218
6939 34
6939 35
6939 36
6939 37
6769 46
6769 57
6769 58
6799 5
6799 6
6799 7
6799 8
6871 160
6871 170
6871 171
6871 172
6973 226
6973 227
6973 228
6973 229
6780 155
6969 4
6969 5
6969 6
6969 7
6916 84
6813 8
6813 9
6813 10
6813 11
6991 63
6879 129
6879 130
6879 131
6879 132
6936 212
6936 213
6936 214
6936 215
6945 139
6945 140
6945 143
6945 144
6957 54
6957 55
6957 56
6957 57
6912 205
6912 207
6912 208
6912 211
6790 23
6871 88
6871 89
6977 5
6977 6
6977 8
6977 9
6901 198
6901 199
6901 200
6901 201
6912 32
6912 33
6912 34
6912 35
6917 13
6917 14
6917 15
6917 16
6908 119
6908 120
6908 121
6908 122
6789 10
6789 11
6789 12
6789 13
6828 120
6828 121
6828 122
6828 123
6873 22
6873 23
6873 24
6873 25
6866 39
6866 40
6866 41
6866 42
6769 219
6769 220
6769 221
6769 222
6856 10
6856 11
6856 12
6977 24
6977 25
6977 26
6977 27
6985 32
6985 33
6985 34
6985 35
6788 55
6788 56
6788 57
6788 58
6928 13
6928 14
6928 15
6780 79
6780 80
6780 81
6780 82
6772 0
6772 1
6772 2
6772 3
6879 109
6879 110
6978 102
6978 103
6978 104
6978 105
6908 65
6908 66
6908 69
6908 70
6831 64
6831 65
6831 66
6831 67
6919 86
6919 87
6919 88
6919 89
6873 4
6873 5
6873 6
6873 7
6922 126
6922 127
6922 136
6881 44
6881 45
6881 46
6881 47
6804 25
6804 26
6804 27
6804 28
6863 37
6863 38
6863 39
6863 59
6888 78
6888 79
6888 80
6888 81
6831 156
6831 157
6831 158
6831 159
6769 4
6769 5
6769 6
6769 7
6830 176
6830 177
6830 178
6830 179
6901 55
6901 68
6901 76
6901 206
6978 53
6978 54
6978 55
6978 56
6837 92
6837 93
6837 94
6837 95
6915 16
6915 17
6915 18
6915 19
6827 177
6827 178
6827 179
6827 180
6977 29
6977 30
6977 31
6908 88
6908 91
6908 92
6908 95
6855 40
6855 41
6855 42
6855 43
6945 109
6945 110
6945 111
6945 112
6811 52
6811 53
6811 54
6811 55
6824 127
6894 52
6894 53
6894 54
6894 55
6780 208
6780 209
6780 210
6780 211
6908 240
6908 241
6861 25
6861 26
6861 27
6861 28
6918 45
6918 46
6918 47
6918 48
6787 71
6787 136
6787 137
6787 138
6952 178
6952 179
6952 180
6952 181
6907 64
6907 65
6907 66
6907 67
6881 14
6881 15
6881 16
6881 17
6953 10
6953 11
6953 12
6953 13
6881 10
6881 11
6881 12
6881 13
6805 159
6805 160
6805 161
6805 162
6949 22
6756 150
6756 152
6956 196
6956 197
6956 198
6956 199
6793 20
6793 22
6793 23
6793 24
6840 16
6840 17
6840 18
6840 19
6880 30
6956 160
6956 161
6956 162
6956 163
6969 151
6853 130
6853 131
6784 0
6784 1
6784 2
6784 3
6989 142
6989 143
6989 144
6989 145
6973 17
6973 18
6973 19
6973 20
6776 102
6776 104
6776 105
6776 106
6893 103
6956 192
6956 193
6956 194
6956 195
6749 48
6749 49
6749 50
6749 51
6893 189
6969 203
6969 204
6969 205
6969 206
6891 3
6831 132
6831 133
6831 134
6798 158
6911 73
6768 160
6768 161
6768 162
6768 163
6922 111
6922 112
6922 113
6922 114
6766 25
6953 118
6953 119
6953 120
6953 121
6973 63
6895 15
6883 24
6883 25
6883 26
6883 27
6885 21
6885 22
6885 23
6885 24
6954 45
6893 118
6893 119
6893 120
6893 121
6922 151
6922 152
6922 153
6922 154
6932 169
6932 170
6871 104
6871 105
6871 112
6871 113
6871 114
6789 28
6789 29
6801 224
6801 225
6801 153
6801 154
6801 155
6801 156
6959 234
6959 235
6985 51
6985 52
6985 53
6985 54
6945 49
6945 50
6798 76
6829 28
6829 29
6829 30
6829 31
6886 30
6886 31
6787 0
6787 1
6787 2
6787 3
6919 189
6919 190
6919 191
6880 34
6902 22
6882 12
6882 13
6779 38
6779 39
6779 40
6960 54
6978 112
6978 113
6978 114
6978 115
6888 45
6888 46
6888 47
6811 228
6811 229
6811 230
6811 231
6773 112
6773 113
6773 114
6828 140
6828 141
6828 142
6828 143
6894 112
6894 113
6894 114
6894 115
6919 56
6919 57
6919 58
6919 72
6871 132
6871 133
6871 134
6871 135
6934 61
6934 68
6934 69
6934 70
6956 180
6956 181
6956 182
6956 183
6932 14
6932 15
6932 17
6932 18
6967 29
6967 30
6967 32
6827 213
6827 214
6827 215
6827 216
6866 169
6866 170
6866 172
6866 173
6798 183
6850 88
6850 89
6768 143
6768 144
6768 145
6768 146
6967 48
6967 49
6967 50
6967 51
6991 91
6991 94
6991 95
6975 231
6975 232
6975 233
6975 234
6989 164
6989 165
6989 166
6989 167
6891 7
6891 8
6922 189
6922 190
6984 28
6984 29
6984 30
6984 31
6854 88
6854 100
6985 25
6985 26
6985 27
6801 114
6801 115
6801 116
6801 117
6989 94
6989 95
6766 216
6766 218
6957 198
6957 199
6957 200
6957 201
6805 66
6805 67
6863 48
6863 49
6854 14
6854 15
6958 102
6958 103
6958 104
6958 105
6785 160
6785 161
6785 162
6785 163
6970 51
6970 53
6989 221
6989 222
6989 223
6989 224
6811 20
6811 21
6811 22
6811 23
6901 169
6901 170
6901 171
6980 49
6980 50
6829 12
6829 14
6829 15
6749 42
6749 43
6749 44
6958 81
6958 82
6958 111
6958 112
6779 25
6779 26
6779 27
6779 28
6853 140
6853 141
6853 142
6853 143
6828 100
6828 101
6828 102
6828 103
6932 125
6932 126
6932 127
6973 217
6973 220
6973 221
6973 225
6861 174
6861 175
6861 178
6861 179
6826 8
6826 9
6826 10
6826 11
6822 40
6822 41
6822 42
6822 43
6859 209
6859 210
6859 211
6859 212
6959 183
6831 124
6831 125
6831 126
6831 127
6957 38
6957 39
6957 191
6957 192
6989 69
6989 70
6989 71
6989 72
6947 29
6947 30
6947 31
6926 4
6926 5
6926 6
6926 7
6859 85
6859 86
6859 87
6859 88
6881 63
6801 13
6801 14
6801 15
6879 145
6879 146
6879 147
6879 148
6901 93
6901 94
6901 96
6901 112
6915 40
6915 44
6915 51
6915 55
6908 107
6908 108
6908 109
6908 110
6940 32
6907 185
6783 241
6783 242
6783 243
6783 244
6959 155
6959 156
6959 157
6959 164
6830 156
6830 157
6830 158
6830 159
6835 0
6835 1
6835 2
6835 3
6991 14
6991 15
6975 103
6975 104
6975 105
6975 106
6826 28
6826 29
6826 30
6826 31
6788 45
6788 46
6788 47
6934 197
6934 198
6934 199
6934 201
6937 14
6937 15
6937 16
6937 17
6783 220
6783 221
6783 222
6783 223
6956 122
6956 123
6956 124
6956 125
6800 20
6800 21
6800 22
6980 94
6980 95
6853 32
6853 33
6853 34
6853 35
6837 204
6837 205
6837 206
6837 207
6934 136
6934 137
6934 138
6934 139
6768 107
6768 108
6768 109
6768 110
6854 66
6854 67
6854 68
6854 69
6801 30
6801 31
6801 32
6801 68
6756 0
6756 1
6756 2
6756 3
6786 63
6786 90
6786 91
6861 63
6861 69
6893 100
6893 101
6893 180
6893 181
6971 0
6917 163
6917 164
6917 165
6917 166
6772 26
6873 32
6873 33
6873 34
6873 35
6830 92
6894 90
6894 91
6894 92
6894 93
6779 30
6779 31
6779 32
6779 33
6949 105
6949 106
6949 107
6949 108
6980 55
6980 56
6879 180
6871 91
6871 178
6871 198
6856 21
6883 17
6883 18
6883 19
6935 0
6935 1
6935 2
6935 3
6983 32
6983 33
6912 23
6912 24
6912 25
6912 26
6853 61
6853 62
6853 63
6795 10
6795 11
6795 12
6795 13
6752 121
6752 122
6752 123
6752 124
6937 84
6937 85
6937 86
6937 87
6773 64
6773 65
6773 66
6773 67
6915 116
6915 119
6915 163
6915 171
6756 151
6756 153
6756 154
6964 85
6964 86
6964 87
6964 88
6989 0
6989 1
6989 2
6989 3
6768 51
6768 52
6768 53
6768 54
6801 176
6801 177
6801 178
6801 179
6768 64
6768 65
6768 66
6768 67
6814 36
6814 37
6814 38
6814 39
6831 96
6831 97
6831 98
6831 99
6973 71
6812 100
6812 101
6812 102
6812 103
6980 33
6980 34
6980 37
6980 38
6908 196
6908 197
6908 198
6830 64
6830 65
6830 66
6830 67
6915 173
6915 174
6915 175
6915 176
6982 21
6982 22
6982 23
6982 24
6773 70
6773 71
6773 72
6773 73
6837 224
6837 225
6837 226
6837 227
6923 0
6923 1
6923 2
6923 3
6991 229
6991 230
6991 231
6991 232
6769 155
6769 156
6769 157
6769 158
6827 225
6827 226
6827 227
6827 228
6911 65
6911 66
6911 67
6911 68
6749 203
6749 204
6749 205
6749 206
6787 7
6989 29
6989 30
6989 31
6989 32
6822 76
6822 77
6822 78
6822 79
6998 19
6998 20
6998 98
6998 101
6945 184
6945 186
6945 187
6945 188
6832 16
6832 17
6832 18
6832 19
6964 10
6964 11
6964 12
6964 13
6783 134
6783 135
6783 136
6783 137
6887 19
6887 20
6887 21
6887 22
6936 66
6936 110
6936 124
6936 125
6980 124
6980 125
6980 126
6980 223
6985 13
6985 14
6985 15
6985 28
6813 80
6813 81
6813 82
6813 83
6813 4
6813 5
6813 6
6813 7
6787 128
6787 129
6787 130
6787 131
6914 21
6914 22
6914 23
6914 24
6979 140
6979 141
6979 142
6979 143
6953 30
6953 31
6794 70
6794 71
6794 72
6794 73
6758 12
6758 13
6758 14
6758 15
6916 208
6916 209
6916 210
6916 211
6951 10
6951 40
6969 186
6969 188
6969 192
6969 194
6802 1
6802 2
6802 3
6802 4
6871 182
6871 183
6871 184
6778 1
6778 2
6778 3
6778 4
6805 110
6805 111
6805 112
6805 113
6917 193
6917 194
6917 195
6917 196
6801 8
6801 9
6801 66
6801 67
6790 16
6912 44
6912 45
6912 46
6912 47
6790 55
6790 56
6975 209
6975 210
6831 112
6831 113
6831 114
6831 115
6964 65
6964 66
6964 67
6964 69
6921 189
6921 190
6921 191
6923 4
6923 5
6923 6
6813 128
6813 129
6813 130
6813 131
6787 196
6787 197
6787 198
6787 199
6912 203
6912 204
6912 215
6912 223
6850 28
6850 29
6850 50
6850 51
6955 82
6955 83
6955 84
6955 85
6958 165
6958 166
6958 167
6958 168
6801 109
6973 149
6991 160
6991 163
6991 167
6991 168
6959 114
6959 115
6959 185
6959 186
6882 196
6882 197
6882 198
6882 199
6893 0
6893 102
6893 170
6893 188
6888 137
6888 138
6888 139
6888 150
6991 112
6991 113
6991 114
6991 115
6785 168
6785 169
6785 170
6785 171
6800 104
6800 105
6800 170
6800 171
6828 96
6828 97
6828 98
6828 99
6861 154
6861 155
6861 156
6837 164
6837 165
6837 166
6837 167
6787 192
6787 193
6787 194
6787 195
6956 75
6786 87
6881 70
6881 71
6881 72
6881 73
6992 13
6992 14
6992 15
6916 53
6916 54
6916 55
6798 44
6786 138
6786 139
6786 140
6786 141
6752 36
6752 37
6752 41
6752 42
6942 43
6942 44
6942 45
6942 46
6973 108
6973 109
6973 176
6973 177
6969 19
6969 20
6969 21
6969 22
6915 104
6915 105
6915 106
6915 107
6783 120
6783 121
6783 122
6783 123
6955 12
6955 13
6955 24
6955 25
6953 64
6953 98
6953 99
6953 100
6824 87
6824 88
6824 89
6824 90
6859 231
6980 63
6853 42
6853 43
6853 44
6853 45
6773 20
6773 21
6773 22
6773 23
6805 138
6805 139
6805 140
6805 141
6835 108
6835 109
6835 144
6835 145
6991 93
6793 13
6778 46
6778 47
6778 48
6902 59
6902 60
6772 19
6772 20
6772 23
6772 33
6811 108
6811 109
6811 110
6811 111
6952 155
6952 156
6952 157
6952 158
6919 78
6919 79
6919 80
6919 81
6932 0
6932 1
6932 2
6932 3
6800 30
6800 31
6912 30
6912 31
6973 164
6973 165
6973 169
6973 173
6756 29
6756 120
6756 121
6756 122
6998 97
6934 176
6934 177
6934 178
6934 182
6912 81
6912 82
6912 83
6912 84
6813 200
6813 201
6813 202
6813 203
6917 128
6917 129
6917 130
6917 131
6854 0
6854 1
6854 2
6854 3
6813 180
6813 181
6813 182
6813 183
6786 154
6786 155
6786 160
6786 161
6953 108
6953 109
6953 110
6953 111
6984 24
6984 25
6984 26
6984 27
6894 76
6894 77
6894 78
6894 79
6805 88
6805 89
6805 90
6805 91
6871 5
6871 6
6871 7
6871 8
6824 119
6824 120
6824 121
6824 122
6827 217
6827 218
6827 219
6827 220
6945 157
6945 159
6945 160
6829 168
6829 169
6829 170
6829 171
6957 216
6957 217
6840 8
6840 9
6840 10
6840 11
6888 117
6888 118
6888 119
6766 0
6766 1
6766 2
6766 3
6925 8
6925 9
6803 104
6803 105
6803 106
6803 107
6980 196
6980 197
6980 198
6980 199
6827 68
6827 69
6827 70
6827 71
6866 5
6866 6
6866 7
6824 24
6824 25
6824 26
6824 27
6939 12
6939 13
6939 14
6939 15
6870 0
6870 1
6870 2
6870 3
6890 53
6890 54
6890 55
6890 56
6853 96
6853 97
6853 98
6853 99
6923 60
6923 61
6923 62
6923 64
6884 10
6884 11
6884 12
6884 13
6785 10
6785 11
6785 12
6789 52
6789 53
6884 14
6884 15
6884 16
6884 17
6954 50
6954 51
6954 52
6954 53
6861 166
6861 167
6861 168
6861 169
6956 43
6956 44
6956 45
6956 46
6822 44
6822 45
6822 46
6822 47
6998 84
6998 85
6998 86
6998 87
6785 100
6785 101
6785 102
6785 103
6880 40
6880 41
6977 17
6977 18
6977 21
6977 22
6939 88
6939 89
6939 90
6939 91
6859 15
6859 16
6859 17
6881 177
6881 178
6881 179
6915 92
6915 93
6915 100
6915 101
6957 87
6957 88
6957 89
6957 100
6804 0
6804 1
6804 2
6804 3
6934 183
6934 184
6934 185
6934 186
6749 220
6749 221
6749 229
6769 236
6769 237
6769 238
6782 15
6782 16
6782 17
6782 18
6908 58
6908 59
6888 185
6888 186
6888 187
6888 188
6855 70
6855 71
6855 72
6855 76
6752 2
6752 3
6752 4
6890 9
6890 20
6890 21
6890 22
6805 6
6805 7
6805 8
6805 9
6905 92
6905 93
6905 114
6905 115
6908 111
6908 112
6908 113
6908 114
6940 40
6940 41
6940 42
6940 43
6788 59
6788 60
6788 61
6788 62
6866 87
6866 97
6866 108
6866 175
6908 80
6908 81
6908 82
6908 96
6939 112
6939 113
6939 114
6939 115
6945 57
6945 58
6945 59
6945 60
6890 64
6890 65
6890 66
6890 68
6789 112
6789 113
6789 114
6789 115
6765 217
6765 218
6765 219
6765 228
6930 0
6930 1
6930 2
6930 3
6960 28
6960 29
6960 30
6960 31
6905 106
6905 107
6905 108
6905 109
6779 114
6779 115
6779 116
6779 117
6785 13
6785 14
6785 15
6785 16
6934 51
6934 52
6934 53
6934 54
6785 5
6785 6
6785 8
6785 9
6813 96
6813 97
6813 98
6813 99
6917 9
6917 10
6917 11
6917 12
6984 40
6984 41
6984 42
6984 43
6888 148
6888 149
6888 216
6888 217
6837 188
6837 189
6837 190
6837 191
6798 224
6798 225
6798 226
6798 227
6950 8
6950 11
6950 15
6866 157
6866 158
6866 159
6866 160
6832 24
6832 25
6832 26
6832 27
6788 32
6788 33
6788 34
6788 35
6936 81
6936 82
6936 83
6936 84
6854 47
6854 48
6854 49
6854 105
6756 8
6756 9
6756 10
6756 11
6811 236
6811 237
6811 238
6811 239
6932 10
6932 11
6932 12
6932 13
6812 72
6812 73
6812 74
6812 75
6916 0
6919 105
6974 52
6974 53
6811 84
6811 85
6811 86
6811 87
6903 6
6903 7
6903 8
6903 9
6811 200
6811 201
6811 202
6811 203
6865 29
6874 87
6874 88
6874 89
6874 91
6786 38
6786 39
6786 40
6786 41
6951 16
6951 17
6951 37
6951 38
6979 100
6979 101
6979 102
6979 103
6932 201
6932 202
6932 203
6932 204
6779 10
6779 11
6779 18
6779 19
6766 41
6766 42
6766 43
6766 44
6895 0
6895 1
6895 2
6895 3
6859 204
6859 205
6859 206
6859 207
6853 144
6853 145
6853 146
6853 147
6989 12
6989 13
6989 14
6989 15
6766 125
6866 161
6866 162
6866 164
6866 165
6786 51
6786 52
6786 53
6786 54
6879 111
6780 212
6977 48
6977 49
6977 50
6977 51
6768 157
6768 158
6768 159
6917 1
6917 2
6917 3
6766 170
6766 171
6766 172
6766 173
6975 192
6975 193
6975 194
6975 196
6949 35
6949 36
6949 65
6949 66
6947 79
6932 131
6932 132
6932 133
6932 134
6766 95
6936 16
6936 19
6936 20
6932 4
6932 5
6932 6
6932 7
6978 196
6978 197
6978 198
6978 199
6974 43
6974 44
6974 45
6974 46
6826 4
6826 5
6826 6
6826 7
6905 40
6905 41
6905 42
6905 43
6953 114
6953 115
6953 116
6953 117
6981 43
6981 44
6981 46
6981 47
6950 4
6814 4
6814 5
6814 6
6814 7
6758 30
6758 31
6758 35
6758 36
6873 16
6873 17
6873 18
6873 19
6959 158
6959 159
6837 88
6837 89
6837 90
6837 91
6874 153
6874 154
6964 17
6794 15
6793 21
6954 40
6956 95
6800 34
6952 205
6952 210
6952 237
6952 238
6960 26
6960 27
6893 61
6893 68
6893 69
6893 70
6879 152
6879 165
6879 166
6879 167
6980 41
6975 67
6980 141
6980 143
6980 152
6980 153
6800 121
6853 171
6998 47
6998 48
6998 92
6998 93
6937 88
6800 126
6800 127
6954 62
6954 63
6969 29
6969 30
6790 31
6915 24
6915 25
6915 26
6915 27
6768 119
6918 33
6918 34
6918 35
6918 68
6952 103
6952 104
6776 221
6776 222
6776 223
6867 5
6867 6
6867 7
6867 8
6811 64
6811 65
6811 66
6811 67
6917 201
6917 202
6917 203
6917 204
6812 0
6812 1
6812 2
6812 3
6993 0
6993 1
6986 2
6986 4
6986 5
6986 6
6766 21
6766 22
6766 23
6766 24
6871 96
6871 97
6871 98
6871 99
6756 86
6756 87
6756 88
6756 89
6859 117
6859 120
6859 173
6859 174
6769 111
6769 112
6769 113
6769 114
6824 76
6824 78
6824 79
6936 48
6936 49
6936 50
6936 51
6939 45
6939 46
6939 47
6939 48
6768 11
6768 12
6768 13
6861 127
6970 12
6970 13
6970 14
6970 15
6765 115
6765 116
6866 163
6866 166
6866 167
6866 168
6918 29
6918 94
6918 95
6922 181
6922 182
6922 183
6922 184
6766 200
6766 203
6766 208
6766 211
6873 20
6793 15
6975 186
6975 190
6975 195
6975 200
6749 223
6912 144
6912 145
6912 146
6912 147
6960 64
6960 65
6960 66
6960 67
6773 180
6773 240
6773 241
6773 242
6776 197
6776 198
6776 199
6776 201
6873 14
6873 15
6954 2
6954 3
6954 6
6954 7
6933 64
6933 65
6766 111
6766 126
6766 127
6966 0
6966 1
6966 2
6966 3
6778 25
6778 26
6778 32
6778 33
6978 92
6978 98
6978 99
6978 100
6984 44
6984 45
6984 46
6984 47
6829 44
6829 45
6829 46
6829 47
6795 4
6795 5
6795 6
6795 7
6928 25
6928 26
6928 27
6928 28
6871 29
6871 48
6871 68
6871 69
6805 108
6805 109
6805 114
6805 115
6803 55
6803 56
6803 58
6803 59
6949 10
6949 11
6949 12
6949 13
6813 228
6813 229
6813 230
6980 147
6980 148
6980 149
6859 123
6859 124
6859 125
6859 126
6936 233
6936 234
6936 235
6936 236
6837 72
6837 73
6837 74
6837 75
6801 44
6801 138
6801 139
6801 140
6787 81
6787 82
6787 83
6787 100
6831 88
6831 89
6831 90
6831 91
6893 182
6893 183
6893 184
6893 185
6950 12
6950 13
6950 14
6950 17
6780 74
6780 75
6780 76
6780 77
6789 92
6789 96
6752 169
6752 170
6752 171
6752 172
6829 0
6829 1
6829 2
6829 3
6969 174
6969 175
6969 176
6969 185
6867 49
6967 43
6967 44
6779 92
6832 40
6832 41
6832 42
6832 43
6934 132
6934 133
6934 134
6934 135
6874 0
6874 1
6874 2
6874 3
6801 45
6801 46
6801 47
6803 45
6803 46
6803 47
6803 48
6919 28
6919 29
6919 30
6919 31
6850 36
6850 37
6850 38
6850 39
6954 54
6954 55
6932 151
6932 152
6932 153
6853 114
6853 115
6853 116
6853 117
6805 104
6805 105
6805 106
6805 107
6980 35
6980 36
6758 22
6758 23
6758 24
6758 25
6998 55
6998 56
6998 69
6998 70
6940 12
6798 108
6798 109
6798 110
6798 111
6780 22
6780 23
6780 24
6780 25
6805 80
6805 81
6805 82
6805 83
6761 32
6761 33
6761 34
6761 35
6901 78
6777 80
6777 81
6767 8
6767 9
6958 116
6958 117
6958 118
6958 119
6798 179
6798 180
6798 181
6798 182
6960 149
6960 150
6827 237
6827 238
6867 19
6867 22
6867 23
6867 32
6803 36
6803 64
6803 65
6803 66
6942 4
6942 5
6942 6
6942 7
6937 72
6937 73
6937 74
6937 75
6895 16
6895 17
6895 18
6895 19
6773 126
6773 127
6773 188
6773 189
6928 7
6928 9
6928 10
6928 40
6749 151
6749 152
6749 153
6749 154
6854 16
6854 17
6854 18
6854 19
6805 58
6805 59
6798 45
6798 46
6798 47
6798 48
6908 78
6908 79
6985 59
6837 168
6837 169
6837 170
6837 171
6777 68
6777 69
6777 70
6777 71
6957 220
6957 221
6957 222
6957 223
6923 12
6923 13
6923 14
6923 36
6837 228
6837 229
6837 230
6837 231
6908 151
6908 152
6908 153
6908 154
6958 178
6958 179
6958 180
6958 181
6801 152
6801 160
6801 161
6801 162
6888 10
6888 11
6888 12
6888 13
6915 80
6915 81
6915 112
6915 113
6921 114
6921 115
6963 115
6963 116
6765 89
6765 92
6934 202
6934 203
6934 204
6934 205
6879 96
6879 97
6879 98
6879 99
6813 92
6813 93
6813 94
6813 95
6828 196
6828 197
6828 198
6828 199
6888 169
6888 230
6888 231
6888 232
6801 35
6801 107
6800 212
6800 213
6800 214
6800 215
6947 14
6947 15
6947 17
6947 18
6991 6
6991 8
6991 9
6811 96
6811 97
6811 98
6811 99
6936 85
6936 86
6936 87
6936 88
6792 22
6792 23
6792 24
6865 59
6865 68
6865 69
6865 70
6989 109
6989 110
6989 111
6989 112
6912 94
6912 95
6960 0
6960 1
6936 224
6936 225
6936 226
6936 227
6827 97
6827 98
6827 99
6827 100
6859 200
6859 201
6859 202
6859 203
6798 159
6798 160
6981 5
6981 17
6958 147
6958 148
6958 149
6958 150
6919 196
6919 197
6919 198
6919 200
6969 102
6969 103
6969 104
6969 105
6787 72
6787 73
6787 74
6787 75
6960 68
6960 69
6960 70
6960 71
6822 84
6822 85
6822 86
6822 87
6979 47
6831 92
6831 93
6831 94
6831 95
6921 192
6921 193
6921 195
6921 196
6939 53
6939 54
6939 55
6939 56
6980 22
6980 23
6980 24
6980 25
6855 39
6752 210
6752 211
6752 212
6752 213
6975 155
6863 75
6863 76
6801 22
6801 52
6801 53
6801 54
6861 62
6960 141
6960 142
6960 143
6960 144
6976 14
6866 136
6866 137
6866 140
6866 142
6837 36
6837 37
6837 38
6837 39
6949 92
6949 93
6894 94
6894 95
6905 48
6905 49
6779 71
6779 72
6779 73
6785 145
6751 36
6751 37
6751 38
6980 4
6980 5
6980 6
6980 7
6990 13
6990 14
6917 0
6917 4
6773 43
6773 44
6773 45
6953 188
6811 104
6811 105
6811 106
6811 107
6886 18
6886 19
6801 48
6801 49
6801 50
6801 51
6780 151
6780 152
6780 153
6780 154
6813 0
6813 1
6813 2
6813 3
6956 57
6956 58
6956 59
6947 19
6947 21
6761 24
6761 25
6761 26
6763 16
6763 17
6763 18
6882 216
6882 217
6882 218
6882 219
6913 18
6913 19
6913 20
6913 21
6865 7
6997 7
6997 8
6997 9
6997 91
6768 103
6768 104
6768 105
6768 106
6871 159
6756 51
6756 52
6756 53
6756 54
6835 140
6835 141
6835 142
6835 143
6977 81
6977 82
6977 83
6977 85
6805 19
6805 20
6805 21
6805 22
6982 14
6982 15
6853 87
6853 88
6853 89
6957 165
6957 166
6957 167
6957 168
6813 188
6813 189
6813 190
6813 191
6916 234
6916 235
6916 236
6916 237
6945 101
6945 102
6945 103
6945 104
6953 182
6953 183
6989 64
6989 65
6989 66
6989 67
6785 151
6936 64
6936 65
6936 68
6936 69
6840 12
6840 13
6840 14
6840 15
6811 244
6824 32
6824 33
6824 34
6824 35
6989 137
6989 138
6989 139
6989 140
6985 16
6985 17
6985 20
6951 20
6951 21
6951 22
6951 23
6946 0
6946 2
6946 3
6946 4
6912 120
6912 121
6912 128
6912 129
6788 30
6788 36
6788 37
6788 38
6798 233
6798 234
6798 235
6780 222
6780 223
6871 35
6871 36
6871 37
6871 38
6794 55
6794 56
6893 9
6893 104
6893 106
6893 171
6789 26
6789 27
6905 70
6905 71
6905 72
6905 73
6773 46
6773 47
6773 48
6773 49
6957 34
6957 35
6957 36
6957 37
6761 52
6761 53
6761 54
6761 55
6959 191
6959 202
6959 203
6959 204
6980 145
6992 4
6992 5
6970 32
6970 33
6970 34
6970 35
6802 32
6802 33
6802 34
6802 35
6978 0
6978 1
6978 2
6978 3
6932 35
6932 93
6786 163
6786 164
6786 165
6786 166
6915 162
6915 195
6915 220
6915 235
6901 108
6901 109
6901 110
6861 78
6861 79
6861 81
6861 82
6776 158
6776 166
6776 167
6776 177
6885 70
6885 71
6885 72
6780 187
6780 188
6780 189
6780 190
6916 143
6861 224
6861 225
6861 226
6861 227
6811 60
6811 61
6811 62
6811 63
6912 176
6912 180
6912 209
6912 210
6916 6
6916 7
6916 8
6916 9
6880 37
6785 31
6785 40
6978 212
6978 213
6978 214
6978 215
6880 47
6859 213
6802 18
6802 19
6802 20
6802 21
6960 13
6960 15
6955 58
6955 59
6955 60
6955 61
6772 10
6908 30
6908 31
6945 0
6801 205
6801 206
6801 207
6801 208
6951 28
6951 29
6812 88
6812 89
6812 90
6812 91
6786 105
6786 106
6859 93
6859 94
6859 121
6859 122
6928 55
6928 56
6928 57
6928 58
6933 0
6933 1
6952 212
6952 213
6952 216
6952 217
6810 56
6810 57
6810 58
6810 59
6749 207
6945 174
6945 175
6945 176
6945 178
6907 203
6907 204
6907 205
6907 206
6866 138
6866 139
6866 141
6866 146
6859 77
6859 78
6859 79
6859 80
6955 62
6826 80
6826 81
6826 82
6826 83
6776 108
6776 123
6776 124
6776 127
6952 9
6952 10
6952 11
6952 12
6783 54
6783 55
6783 56
6783 57
6794 59
6794 60
6794 61
6794 62
6803 164
6803 165
6803 166
6803 167
6871 106
6871 107
6871 108
6871 140
6749 128
6749 129
6749 130
6749 131
6776 53
6776 54
6776 55
6945 37
6945 38
6945 39
6945 40
6917 26
6917 32
6917 33
6917 34
6881 24
6881 25
6881 26
6881 27
6835 44
6835 45
6835 46
6835 47
6785 186
6785 187
6785 188
6785 189
6779 78
6779 79
6779 80
6779 81
6956 86
6923 120
6801 100
6801 102
6801 103
6801 104
6922 211
6922 212
6922 213
6922 214
6956 38
6956 40
6956 41
6956 42
6861 50
6861 51
6861 52
6861 53
6786 82
6786 83
6786 84
6786 86
6893 215
6893 234
6893 235
6893 236
6765 190
6765 191
6915 177
6915 178
6915 180
6915 181
6837 160
6837 161
6837 162
6837 163
6983 14
6983 16
6983 17
6983 18
6769 75
6769 76
6769 77
6769 78
6893 92
6893 93
6893 94
6978 174
6978 175
6978 177
6978 178
6777 133
6777 134
6777 135
6777 136
6773 236
6773 237
6891 2
6891 4
6891 5
6891 6
6901 178
6901 179
6901 180
6901 181
6861 236
6861 237
6861 238
6861 239
6769 64
6769 65
6769 66
6769 67
6965 4
6965 5
6965 6
6965 7
6906 22
6906 23
6906 24
6906 25
6973 237
6973 238
6973 239
6956 29
6956 30
6956 31
6956 32
6998 96
6998 99
6998 100
6998 102
6883 28
6883 29
6859 116
6859 118
6859 119
6859 148
6859 224
6859 228
6853 4
6853 5
6853 6
6853 7
6885 52
6885 53
6885 54
6885 55
6947 63
6947 77
6947 78
6893 50
6893 52
6893 53
6893 179
6798 175
6798 176
6798 177
6798 178
6991 192
6991 193
6991 194
6991 195
6777 30
6777 31
6969 48
6969 49
6969 50
6969 51
6874 102
6874 103
6874 105
6874 106
6787 84
6787 85
6787 86
6787 87
6908 68
6908 71
6908 98
6908 99
6959 120
6959 121
6959 122
6959 123
6893 178
6893 224
6893 226
6893 229
6953 47
6953 48
6953 49
6953 50
6952 60
6952 61
6952 62
6952 63
6905 36
6905 37
6905 38
6905 39
6766 56
6766 57
6766 58
6766 59
6831 68
6831 69
6831 70
6831 71
6915 86
6915 87
6915 88
6915 89
6787 208
6787 209
6787 210
6787 211
6980 115
6980 116
6980 117
6980 118
6911 69
6911 70
6911 71
6911 72
6786 10
6786 169
6786 171
6918 0
6918 1
6918 2
6918 3
6798 56
6798 57
6798 58
6798 59
6827 72
6827 73
6827 74
6827 75
6827 209
6827 210
6827 211
6827 212
6783 90
6783 91
6783 96
6783 97
6934 45
6934 46
6934 99
6934 100
6991 179
6991 180
6960 132
6960 133
6960 134
6960 135
6957 97
6957 98
6957 99
6756 59
6756 60
6756 61
6756 62
6799 34
6799 36
6799 37
6799 39
6787 20
6787 21
6787 22
6787 23
6804 10
6804 11
6804 12
6804 13
6749 58
6749 59
6814 60
6814 61
6814 62
6814 63
6776 35
6776 36
6776 37
6776 42
6805 216
6805 217
6805 218
6805 219
6799 57
6799 58
6799 64
6799 65
6835 110
6835 111
6835 112
6835 113
6801 201
6801 202
6801 203
6801 204
6780 217
6780 218
6780 219
6780 220
6973 10
6973 11
6973 12
6973 13
6882 104
6882 105
6882 120
6882 121
6991 139
6991 140
6991 141
6991 142
6998 109
6998 110
6998 111
6998 112
6957 193
6957 194
6957 195
6957 196
6801 146
6801 147
6801 148
6801 171
6777 52
6777 53
6777 54
6777 55
6769 151
6769 152
6769 153
6769 154
6952 38
6952 39
6952 40
6952 41
6803 6
6803 7
6803 8
6803 9
6830 200
6830 201
6830 202
6830 203
6765 122
6765 123
6765 124
6953 87
6953 88
6953 89
6953 96
6960 160
6960 161
6960 162
6960 163
6855 48
6855 49
6855 50
6855 51
6785 74
6785 75
6785 76
6789 30
6789 142
6789 143
6789 144
6888 53
6888 197
6888 198
6888 199
6806 64
6888 189
6907 60
6907 61
6907 62
6907 63
6978 179
6978 181
6978 182
6978 183
6780 43
6780 44
6780 48
6780 49
6799 9
6800 85
6956 90
6873 9
6874 115
6874 116
6874 119
6785 62
6992 20
6752 152
6752 153
6752 154
6752 155
6916 118
6916 119
6916 120
6916 121
6859 175
6859 176
6859 177
6859 178
6867 33
6789 32
6789 33
6789 34
6789 35
6786 37
6916 79
6916 115
6916 116
6916 117
6936 56
6936 57
6936 58
6936 59
6798 70
6893 206
6893 207
6893 208
6893 209
6786 0
6786 1
6786 2
6786 3
6780 234
6780 235
6936 8
6936 9
6800 206
6800 207
6800 208
6800 209
6805 23
6805 24
6985 10
6985 12
6985 36
6915 125
6915 126
6915 127
6960 86
6960 87
6960 88
6980 90
6980 91
6881 68
6881 69
6881 110
6881 111
6769 224
6769 225
6952 4
6952 5
6952 6
6952 7
6919 2
6966 10
6966 11
6885 38
6885 39
6885 50
6885 51
6932 91
6932 100
6932 223
6956 91
6756 123
6879 216
6937 37
6937 38
6937 39
6769 62
6769 63
6841 7
6841 8
6934 140
6934 141
6752 79
6804 20
6919 6
6850 47
6850 48
6850 49
6902 69
6991 188
6991 189
6991 190
6905 62
6905 63
6955 222
6955 223
6749 109
6777 122
6777 123
6932 65
6932 68
6932 69
6932 70
6826 32
6826 33
6826 34
6826 35
6829 48
6829 49
6829 50
6829 51
6881 87
6881 88
6881 89
6801 29
6917 205
6917 206
6917 207
6917 208
6906 16
6906 17
6827 52
6827 53
6827 54
6827 55
6902 4
6902 5
6902 6
6902 7
6917 150
6917 152
6917 153
6917 154
6952 82
6952 86
6952 90
6952 93
6917 35
6917 36
6917 37
6917 38
6944 2
6944 3
6944 4
6944 5
6825 4
6825 5
6825 6
6825 7
6973 40
6973 41
6973 42
6973 43
6761 56
6761 57
6761 58
6960 91
6960 120
6960 121
6960 122
6869 16
6869 17
6977 61
6977 62
6977 63
6980 175
6980 176
6980 177
6980 178
6915 161
6915 198
6915 202
6915 203
6922 176
6922 177
6922 178
6922 179
6853 64
6853 65
6853 66
6853 67
6879 171
6879 190
6801 10
6801 11
6801 12
6801 16
6916 128
6916 129
6916 132
6916 133
6803 49
6803 57
6803 61
6803 63
6837 172
6837 173
6837 174
6837 175
6785 32
6785 33
6785 34
6785 35
6768 60
6768 61
6768 62
6979 112
6979 113
6979 114
6979 115
6855 62
6855 63
6894 21
6894 72
6888 120
6888 121
6888 122
6888 123
6989 47
6989 51
6908 138
6908 139
6908 140
6908 141
6921 124
6921 125
6921 126
6921 127
6882 132
6882 133
6882 134
6882 135
6978 241
6952 190
6952 191
6958 62
6958 63
6979 48
6979 49
6979 50
6866 64
6866 65
6866 66
6866 67
6788 0
6788 1
6788 2
6788 3
6798 135
6894 20
6915 48
6915 49
6915 50
6915 52
6975 166
6975 167
6975 170
6975 171
6930 9
6886 14
6886 15
6886 16
6886 17
6805 15
6805 16
6805 17
6805 18
6953 75
6953 76
6863 62
6810 44
6810 45
6810 46
6810 47
6964 52
6888 22
6888 23
6888 24
6888 25
6998 62
6998 63
6964 77
6964 78
6964 79
6964 81
6776 89
6776 90
6776 91
6776 93
6773 8
6773 9
6950 50
6950 51
6950 52
6950 53
6835 76
6835 77
6835 78
6835 79
6769 128
6769 129
6769 130
6769 131
6773 24
6773 25
6879 89
6773 96
6773 97
6773 99
6803 50
6780 31
6780 41
6780 42
6830 224
6830 225
6830 226
6830 227
6879 225
6777 188
6916 88
6916 89
6916 90
6916 91
6972 68
6972 69
6972 70
6972 71
6957 230
6957 231
6957 232
6957 233
6855 112
6855 113
6855 142
6855 143
6879 220
6879 221
6879 222
6879 223
6985 64
6985 65
6985 66
6985 67
6893 45
6893 46
6893 47
6893 48
6859 81
6859 82
6859 83
6859 84
6978 184
6861 196
6861 199
6861 200
6861 203
6790 81
6907 138
6907 139
6907 140
6907 141
6952 111
6952 112
6952 113
6952 114
6915 138
6915 139
6915 140
6915 141
6972 128
6972 129
6881 50
6881 51
6881 128
6881 129
6932 205
6976 18
6976 19
6976 22
6976 23
6905 64
6905 65
6905 68
6905 69
6986 47
6986 48
6986 49
6986 50
6907 174
6907 176
6907 177
6907 178
6863 0
6863 1
6863 28
6863 29
6785 24
6785 25
6785 27
6785 28
6946 52
6946 55
6946 56
6907 4
6907 5
6907 6
6907 7
6969 114
6969 115
6969 32
6969 156
6969 157
6969 158
6914 0
6914 1
6914 2
6914 3
6956 10
6956 11
6956 27
6956 54
6788 44
6788 48
6788 49
6788 50
6975 227
6975 228
6975 229
6975 230
6939 76
6939 77
6939 78
6939 79
6777 160
6777 161
6777 162
6777 163
6780 165
6947 1
6947 5
6947 22
6947 80
6956 76
6953 0
6953 1
6953 2
6953 3
6953 123
6953 124
6953 138
6953 139
6973 130
6973 131
6973 132
6973 133
6783 142
6783 143
6783 144
6783 145
6879 106
6879 107
6879 108
6879 120
6803 100
6803 101
6803 102
6803 103
6981 60
6981 61
6981 62
6981 63
6923 15
6923 30
6923 31
6916 212
6916 216
6916 219
6829 204
6829 205
6829 206
6788 23
6768 47
6768 48
6768 49
6768 50
6895 4
6895 5
6895 6
6895 7
6806 4
6806 16
6766 27
6766 28
6766 29
6766 30
6960 168
6960 169
6812 68
6812 69
6812 70
6812 71
6751 10
6751 11
6751 12
6751 13
6802 26
6802 27
6802 28
6802 36
6912 177
6912 178
6912 179
6912 212
6800 103
6978 28
6978 29
6780 68
6780 69
6936 204
6936 205
6936 206
6936 207
6955 114
6955 121
6805 127
6923 8
6923 9
6923 18
6923 19
6980 179
6801 189
6801 190
6801 191
6801 200
6786 61
6786 62
6769 24
6769 25
6783 10
6783 11
6783 12
6783 16
6896 8
6896 9
6945 75
6945 78
6871 44
6871 46
6871 49
6969 231
6969 232
6969 233
6969 234
6879 195
6879 196
6879 197
6879 198
6993 2
6993 3
6993 6
6993 7
6934 84
6934 85
6934 119
6934 120
6773 78
6773 79
6956 94
6975 189
6975 191
6974 55
6997 82
6997 83
6997 84
6997 85
6952 91
6952 92
6952 95
6830 68
6830 69
6830 70
6830 71
6930 26
6879 160
6879 161
6879 162
6879 163
6951 13
6951 41
6951 42
6991 128
6991 129
6991 130
6991 132
6824 95
6824 96
6824 97
6824 98
6919 91
6766 166
6766 167
6766 168
6766 169
6856 8
6856 9
6885 73
6885 74
6885 75
6885 76
6874 109
6874 110
6874 134
6776 200
6776 204
6776 211
6776 228
6853 20
6853 21
6853 22
6853 23
6803 60
6803 62
6934 32
6934 33
6934 34
6934 35
6957 8
6756 25
6756 26
6756 27
6756 28
6768 85
6768 86
6768 87
6767 12
6767 13
6800 32
6800 33
6800 35
6783 117
6783 118
6949 57
6949 58
6949 59
6782 23
6782 24
6782 25
6782 26
6896 54
6896 55
6916 45
6916 46
6916 47
6917 132
6917 133
6917 134
6917 135
6935 28
6935 29
6908 60
6908 61
6908 62
6765 128
6765 129
6765 130
6765 131
6953 14
6953 16
6953 17
6953 79
6972 88
6972 89
6972 91
6972 92
6932 78
6932 79
6932 80
6932 94
6765 224
6765 225
6765 226
6765 227
6882 40
6882 41
6882 42
6882 43
6882 38
6882 39
6882 236
6863 13
6936 89
6936 90
6936 91
6936 92
6934 20
6934 128
6934 232
6882 34
6882 35
6882 37
6882 228
6766 96
6766 97
6766 98
6766 99
6945 65
6945 69
6945 72
6945 76
6947 41
6947 43
6947 44
6812 28
6812 29
6812 30
6812 31
6812 32
6812 33
6812 34
6812 35
6972 13
6972 14
6972 15
6969 159
6969 164
6969 165
6969 166
6984 23
6855 35
6855 36
6855 37
6855 82
6855 83
6855 84
6855 85
6752 217
6752 218
6752 219
6752 228
6974 58
6974 68
6974 69
6974 70
6952 58
6952 59
6922 59
6922 88
6922 89
6922 90
6800 40
6800 41
6800 52
6800 53
6831 160
6831 161
6831 162
6831 163
6947 49
6947 50
6947 51
6947 52
6888 115
6888 200
6888 201
6888 202
6776 168
6776 169
6776 170
6776 171
6789 18
6789 19
6761 4
6761 5
6761 6
6761 7
6881 124
6881 125
6881 126
6789 24
6789 25
6861 45
6805 167
6805 168
6936 196
6936 197
6936 198
6936 199
6952 46
6952 47
6888 37
6888 38
6888 39
6888 40
6951 32
6951 33
6951 34
6951 35
6830 184
6830 185
6830 186
6830 187
6831 8
6831 9
6831 10
6831 11
6907 116
6907 117
6907 118
6907 119
6850 76
6850 77
6850 78
6850 79
6805 96
6805 97
6805 98
6805 99
6854 22
6854 32
6854 84
6854 85
6790 72
6790 73
6790 74
6814 56
6814 57
6814 58
6814 59
6789 126
6789 127
6789 120
6789 121
6934 27
6934 29
6934 156
6934 158
6991 156
6991 158
6954 29
6954 30
6954 31
6954 32
6955 14
6955 15
6955 16
6955 17
6779 89
6779 90
6779 91
6779 93
6934 31
6934 130
6934 131
6934 151
6786 112
6786 113
6786 114
6786 115
6828 56
6828 57
6828 58
6828 59
6859 37
6859 38
6859 39
6859 40
6761 0
6761 1
6761 8
6761 9
6776 185
6776 186
6958 151
6958 152
6958 153
6958 154
6773 26
6773 27
6773 28
6773 84
6785 177
6785 178
6785 179
6785 180
6749 38
6749 39
6749 40
6749 41
6907 92
6907 93
6907 94
6907 95
6989 73
6989 74
6989 75
6989 76
6923 88
6923 89
6923 121
6923 122
6917 221
6917 222
6917 223
6917 224
6828 16
6828 17
6828 18
6828 19
6980 46
6957 1
6957 2
6957 3
6957 4
6813 156
6813 157
6813 158
6813 159
6867 46
6867 47
6867 48
6867 50
6955 52
6955 53
6955 54
6955 55
6888 210
6888 211
6888 212
6888 213
6952 96
6952 97
6952 100
6952 101
6936 232
6854 58
6854 59
6854 60
6854 61
6973 32
6973 33
6973 34
6973 35
6983 23
6983 24
6983 25
6983 26
6901 14
6901 138
6901 141
6901 147
6854 43
6854 44
6854 45
6854 46
6870 8
6870 9
6801 196
6801 197
6801 198
6801 199
6776 80
6776 84
6776 88
6776 92
6786 88
6786 96
6786 97
6786 170
6918 77
6918 78
6918 79
6918 80
6954 25
6954 26
6954 27
6954 28
6912 110
6912 167
6912 168
6912 169
6947 6
6947 7
6856 24
6856 25
6856 26
6856 27
6973 52
6973 53
6973 54
6973 55
6827 56
6827 57
6827 58
6827 59
6785 224
6785 225
6785 226
6785 227
6803 2
6803 3
6803 4
6803 5
6827 28
6827 29
6827 30
6827 31
6798 87
6798 88
6798 89
6937 2
6937 3
6937 4
6937 5
6831 80
6831 81
6831 82
6831 83
6773 119
6773 120
6803 118
6803 119
6803 120
6803 121
6863 9
6863 10
6863 11
6863 12
6952 218
6952 222
6780 204
6780 205
6780 206
6780 207
6780 83
6780 84
6780 85
6780 86
6828 220
6828 221
6828 222
6828 223
6837 48
6837 49
6998 71
6998 72
6998 73
6998 74
6787 30
6787 31
6787 32
6787 33
6861 92
6861 93
6861 94
6861 96
6777 112
6777 113
6777 114
6777 115
6973 187
6973 188
6979 42
6979 43
6979 44
6979 45
6752 164
6752 165
6752 166
6752 167
6769 204
6769 208
6769 209
6769 210
6773 85
6773 86
6773 87
6773 88
6978 81
6978 82
6978 83
6978 84
6901 123
6901 125
6901 126
6901 133
6837 12
6837 13
6837 14
6837 15
6893 196
6893 197
6893 198
6893 199
6787 88
6957 228
6957 229
6957 235
6957 236
6888 243
6888 244
6888 245
6888 246
6825 0
6825 1
6825 2
6825 3
6894 100
6894 101
6894 102
6894 103
6957 70
6957 71
6957 72
6957 75
6979 32
6979 33
6979 34
6979 35
6776 207
6776 208
6776 209
6776 210
6776 113
6776 114
6776 115
6776 116
6932 27
6932 154
6932 156
6932 157
6991 222
6991 223
6934 36
6934 37
6934 38
6934 39
6785 133
6785 134
6785 135
6785 208
6787 64
6787 65
6787 66
6787 67
6749 89
6749 90
6749 91
6749 92
6752 224
6752 225
6752 226
6752 227
6917 114
6917 115
6917 116
6917 117
6923 40
6923 41
6923 42
6923 43
6866 55
6866 56
6866 57
6866 58
6959 86
6959 87
6959 88
6959 89
6928 32
6928 33
6928 34
6928 35
6866 118
6866 119
6866 120
6866 121
6776 32
6776 33
6776 34
6949 14
6949 15
6949 16
6949 17
6765 209
6765 210
6765 211
6765 212
6959 4
6959 5
6959 6
6959 7
6934 0
6934 1
6934 2
6934 3
6975 73
6975 74
6975 75
6825 40
6825 41
6825 42
6825 43
6827 193
6827 194
6827 195
6827 196
6879 79
6879 80
6953 103
6953 104
6953 105
6953 107
6980 18
6980 19
6980 20
6980 21
6964 15
6964 16
6964 41
6964 42
6859 110
6859 142
6859 143
6859 144
6917 171
6917 172
6917 173
6917 174
6992 9
6992 10
6992 11
6992 12
6763 0
6763 1
6763 2
6763 3
6989 174
6989 175
6989 176
6989 177
6813 20
6813 21
6813 22
6813 23
6919 0
6783 58
6783 59
6783 60
6783 61
6912 100
6912 101
6912 102
6912 103
6822 64
6822 65
6822 66
6822 67
6908 54
6908 55
6908 56
6908 57
6785 147
6785 148
6785 149
6785 150
6888 164
6888 165
6888 166
6888 167
6893 140
6893 141
6893 142
6893 143
6922 0
6922 10
6922 12
6922 13
6828 144
6828 145
6828 146
6828 147
6908 44
6908 45
6908 46
6908 47
6773 179
6773 181
6773 182
6780 138
6780 139
6780 141
6780 176
6827 0
6827 1
6827 2
6827 3
6970 4
6970 5
6970 6
6970 7
6960 32
6960 33
6960 34
6960 35
6880 42
6880 43
6880 44
6880 45
6787 15
6934 226
6934 227
6934 228
6934 229
6789 56
6789 57
6789 58
6789 59
6940 29
6940 30
6940 33
6940 34
6749 190
6749 191
6973 167
6973 168
6973 170
6973 171
6890 35
6890 36
6890 37
6890 38
6859 24
6859 25
6859 32
6859 33
6865 64
6865 65
6865 66
6865 67
6980 68
6980 69
6980 70
6980 71
6787 40
6787 41
6787 42
6787 43
6939 100
6939 101
6939 102
6939 103
6998 49
6998 50
6998 51
6998 52
6901 72
6901 73
6901 74
6901 75
6972 110
6972 111
6972 112
6972 113
6786 73
6829 200
6829 201
6829 202
6829 203
6956 104
6956 105
6956 158
6956 159
6756 50
6799 61
6799 62
6799 63
6956 24
6956 25
6956 26
6956 28
6826 120
6826 121
6826 122
6826 123
6945 205
6945 210
6945 214
6945 217
6805 70
6805 71
6805 72
6805 73
6783 78
6783 79
6783 80
6783 81
6853 136
6853 137
6853 138
6853 139
6923 70
6923 71
6923 72
6923 73
6972 10
6972 11
6972 20
6972 21
6932 108
6932 109
6932 110
6932 111
6953 167
6953 168
6953 169
6953 170
6859 50
6859 51
6859 52
6859 53
6773 121
6773 122
6773 125
6773 158
6752 94
6752 95
6813 192
6813 193
6813 194
6813 195
6801 149
6801 150
6801 151
6776 132
6803 87
6955 232
6955 233
6921 143
6768 111
6768 112
6768 113
6768 114
6972 134
6972 135
6972 136
6972 137
6912 111
6912 112
6912 113
6912 114
6989 208
6989 209
6989 210
6989 211
6979 24
6979 25
6979 26
6979 27
6953 125
6953 126
6953 127
6979 10
6979 11
6756 19
6756 30
6756 31
6766 151
6766 152
6766 153
6766 154
6978 140
6978 141
6978 152
6978 153
6911 20
6911 21
6911 22
6911 23
6778 20
6778 21
6778 22
6919 202
6919 203
6919 204
6919 205
6766 112
6766 113
6766 114
6766 115
6881 18
6881 19
6934 213
6934 214
6934 215
6934 216
6958 155
6958 156
6917 118
6917 119
6917 120
6917 121
6801 167
6801 168
6801 169
6801 170
6756 130
6756 131
6756 132
6756 133
6890 0
6890 1
6890 2
6890 3
6905 124
6905 125
6905 126
6905 127
6960 72
6960 73
6960 74
6960 75
6972 62
6972 63
6970 20
6970 21
6970 22
6970 23
6778 15
6778 16
6778 17
6778 18
6794 24
6794 25
6794 26
6794 27
6780 54
6780 55
6780 56
6780 57
6871 200
6871 201
6871 202
6871 203
6993 23
6993 24
6993 25
6993 26
6958 186
6958 188
6958 190
6925 0
6925 1
6925 2
6925 3
6976 10
6976 11
6976 12
6976 13
6861 140
6861 141
6861 142
6861 143
6901 174
6901 175
6901 176
6901 177
6850 30
6850 31
6801 88
6801 89
6801 92
6801 93
6960 16
6960 17
6855 52
6855 53
6855 54
6855 55
6901 0
6901 2
6901 85
6901 91
6831 164
6831 165
6831 166
6831 167
6976 27
6976 28
6976 30
6976 31
6917 68
6917 69
6917 70
6917 71
6979 116
6979 117
6979 118
6979 119
6926 0
6926 1
6926 2
6926 3
6923 7
6923 16
6923 104
6923 105
6995 4
6995 5
6995 6
6995 7
6828 0
6828 1
6828 2
6828 3
6921 170
6921 171
6921 172
6921 173
6918 16
6918 17
6918 18
6918 19
6837 56
6837 57
6837 58
6837 59
6861 150
6861 151
6861 152
6861 153
6932 45
6932 46
6932 47
6932 48
6853 58
6853 59
6853 90
6853 91
6786 117
6786 118
6786 120
6786 121
6973 198
6973 199
6973 200
6973 201
6888 32
6888 33
6888 34
6888 35
6975 107
6975 108
6975 109
6975 110
6780 111
6780 112
6780 192
6780 193
6952 188
6952 189
6812 96
6812 97
6812 98
6812 99
6881 160
6881 161
6881 162
6881 163
6998 103
6998 104
6998 105
6998 107
6828 200
6828 201
6828 202
6828 203
6979 53
6979 54
6979 55
6915 108
6915 109
6915 110
6915 111
6827 44
6827 45
6827 46
6827 47
6789 62
6789 63
6768 122
6768 123
6768 126
6768 127
6800 160
6800 161
6800 162
6800 163
6783 92
6783 93
6783 94
6783 95
6777 110
6777 111
6915 46
6915 47
6836 40
6836 41
6836 42
6836 43
6766 119
6766 120
6766 121
6766 122
6859 57
6859 64
6859 65
6859 66
6765 119
6765 121
6765 182
6765 184
6888 54
6888 55
6888 56
6888 57
6801 71
6801 84
6801 85
6801 86
6993 10
6993 14
6993 15
6993 18
6827 16
6827 17
6827 18
6827 19
6861 176
6861 184
6861 243
6861 244
6980 85
6980 88
6980 89
6980 97
6800 42
6800 95
6800 97
6800 98
6882 68
6882 69
6882 70
6882 71
6787 204
6787 205
6787 206
6787 207
6811 92
6811 93
6811 94
6811 95
6813 60
6813 61
6813 62
6813 63
6777 173
6777 177
6777 178
6777 179
6893 64
6893 65
6893 66
6893 67
6800 141
6800 142
6800 143
6800 145
6879 117
6879 118
6879 119
6981 87
6981 88
6981 89
6981 90
6859 11
6859 12
6859 13
6859 14
6769 178
6769 183
6769 186
6863 44
6863 45
6863 46
6863 47
6800 23
6800 24
6800 25
6800 26
6827 64
6827 65
6827 66
6827 67
6991 90
6991 96
6991 97
6991 98
6785 77
6785 78
6785 79
6785 80
6749 114
6749 115
6749 116
6749 117
6933 59
6776 14
6783 39
6932 21
6933 38
6933 39
6752 83
6794 80
6784 20
6859 75
6859 76
6902 12
6789 105
6789 107
6783 64
6783 65
6881 138
6985 63
6887 30
6959 239
6942 18
6942 19
6879 139
6879 140
6956 77
6950 44
6950 45
6886 28
6960 80
6960 81
6828 4
6828 5
6828 6
6828 7
6946 57
6946 59
6946 60
6953 69
6953 70
6973 26
6973 27
6810 8
6810 9
6810 10
6810 11
6765 126
6765 127
6890 70
6912 27
6912 28
6946 41
6946 42
6861 240
6861 241
6861 242
6824 103
6824 104
6824 105
6824 106
6822 60
6822 61
6822 62
6822 63
6917 103
6917 104
6917 105
6917 106
6953 174
6953 175
6953 176
6953 177
6972 40
6972 41
6972 42
6972 44
6901 236
6901 237
6901 238
6901 239
6805 123
6805 124
6805 125
6805 126
6761 16
6761 17
6761 18
6761 19
6936 155
6936 156
6936 157
6936 158
6749 176
6749 177
6749 178
6829 128
6829 129
6829 130
6829 131
6919 9
6919 181
6967 33
6967 34
6979 76
6979 77
6766 239
6766 240
6766 241
6911 32
6979 136
6979 137
6979 138
6979 139
6989 188
6989 189
6989 190
6989 191
6947 53
6947 54
6947 55
6947 56
6967 21
6967 22
6967 23
6967 24
6810 0
6810 2
6810 3
6880 15
6880 26
6985 47
6985 48
6989 183
6989 184
6893 237
6893 238
6893 239
6945 70
6945 71
6945 73
6945 74
6957 142
6957 143
6776 65
6776 76
6776 103
6776 107
6932 96
6932 97
6932 98
6932 182
6792 30
6792 37
6792 38
6792 39
6789 93
6789 94
6789 95
6967 2
6967 3
6967 4
6967 5
6785 206
6785 207
6969 55
6969 56
6969 57
6939 30
6939 31
6939 32
6939 33
6972 118
6972 119
6972 120
6972 121
6831 152
6831 153
6831 154
6831 155
6991 84
6991 85
6991 89
6991 92
6777 76
6777 77
6777 78
6777 79
6885 56
6885 57
6885 58
6885 59
6851 0
6851 1
6851 2
6851 3
6979 104
6979 105
6979 106
6979 107
6832 44
6832 45
6980 64
6980 65
6980 66
6980 67
6786 108
6786 109
6786 110
6786 111
6894 64
6894 65
6894 66
6894 67
6901 182
6901 183
6901 186
6901 187
6840 20
6840 21
6840 22
6840 23
6831 104
6831 105
6831 106
6831 107
6837 144
6837 145
6837 146
6837 147
6908 190
6908 191
6908 199
6908 200
6773 200
6980 206
6980 207
6980 208
6980 210
6859 71
6859 72
6859 73
6859 74
6916 164
6916 165
6916 166
6916 167
6810 32
6810 33
6810 34
6810 35
6828 224
6828 225
6828 226
6828 227
6957 125
6957 126
6957 127
6915 121
6915 122
6915 123
6915 124
6829 4
6829 5
6829 6
6829 7
6865 55
6865 56
6865 57
6865 58
6854 70
6854 71
6854 73
6959 172
6959 173
6959 174
6959 175
6972 96
6972 97
6972 98
6972 99
6922 97
6922 98
6922 99
6922 100
6917 27
6917 28
6917 30
6917 31
6916 42
6916 43
6916 56
6916 58
6956 128
6956 129
6956 130
6956 131
6915 4
6915 5
6915 6
6915 7
6916 125
6916 126
6916 188
6916 240
6957 138
6957 140
6957 144
6957 145
6812 60
6812 61
6812 62
6812 63
6960 3
6960 4
6960 5
6960 7
6934 64
6934 65
6934 66
6934 67
6874 117
6874 118
6874 120
6874 121
6957 161
6957 162
6957 163
6957 164
6956 234
6956 235
6956 236
6956 237
6991 205
6991 206
6991 207
6991 208
6950 0
6950 1
6950 2
6950 3
6885 29
6885 30
6885 31
6901 1
6901 3
6901 7
6901 8
6986 16
6986 17
6986 18
6986 19
6768 81
6768 82
6768 83
6768 84
6788 42
6788 65
6788 66
6932 196
6932 197
6932 198
6932 199
6894 40
6894 41
6894 42
6894 43
6798 40
6798 41
6798 42
6798 43
6824 56
6824 57
6824 58
6824 59
6805 39
6805 40
6805 41
6805 42
6888 30
6888 31
6888 36
6805 224
6805 225
6805 226
6805 227
6888 151
6888 152
6888 153
6888 154
6945 45
6945 46
6945 47
6945 48
6978 136
6978 137
6978 138
6978 139
6959 128
6959 129
6959 130
6959 131
6769 125
6769 126
6769 127
6766 106
6766 107
6766 108
6766 201
6881 173
6881 174
6881 175
6881 176
6801 39
6801 40
6801 41
6801 42
6933 90
6901 184
6901 185
6901 188
6901 189
6829 56
6829 57
6829 58
6829 59
6973 68
6973 212
6973 213
6973 216
6874 65
6874 66
6874 67
6874 68
6930 36
6930 37
6930 38
6930 39
6919 63
6776 160
6776 161
6776 162
6776 163
6766 193
6766 194
6766 197
6766 198
6786 101
6786 102
6786 103
6786 104
6758 42
6749 222
6783 98
6783 124
6783 125
6783 126
6798 23
6893 168
6893 169
6787 232
6787 233
6787 234
6787 235
6822 72
6822 73
6822 74
6822 75
6980 165
6980 166
6980 200
6980 201
6970 36
6970 37
6970 38
6970 39
6874 155
6874 156
6874 157
6874 158
6973 138
6973 139
6973 140
6973 141
6883 6
6883 7
6883 8
6963 108
6963 109
6901 127
6804 14
6804 15
6804 16
6804 17
6987 1
6987 5
6987 9
6788 4
6788 5
6788 6
6788 7
6874 69
6874 70
6825 44
6825 45
6825 46
6825 47
6826 52
6826 53
6826 54
6826 55
6979 4
6979 5
6979 6
6979 7
6980 183
6980 184
6980 185
6980 186
6883 30
6883 31
6752 62
6752 63
6790 80
6861 106
6861 108
6861 112
6861 139
6859 105
6859 106
6859 107
6921 197
6921 198
6921 199
6921 200
6974 54
6749 216
6749 217
6749 219
6928 63
6950 5
6950 6
6950 9
6950 10
6956 22
6956 23
6960 96
6960 97
6960 98
6960 116
6837 156
6837 157
6837 158
6837 159
6939 63
6813 84
6813 85
6813 86
6813 87
6836 63
6944 30
6944 31
6949 94
6949 95
6949 100
6780 174
6780 175
6780 62
6780 63
6952 42
6952 43
6964 28
6964 29
6964 30
6964 31
6827 157
6827 158
6827 159
6827 160
6881 48
6881 49
6780 16
6780 17
6813 172
6813 173
6813 174
6813 175
6980 26
6980 27
6980 28
6980 32
6973 81
6973 82
6973 110
6973 111
6935 33
6792 7
6792 8
6792 9
6792 10
6939 104
6939 105
6939 106
6939 107
6922 43
6922 44
6792 31
6960 76
6960 77
6960 79
6993 29
6993 30
6989 91
6989 92
6949 18
6949 19
6949 20
6949 21
6944 17
6944 18
6783 215
6928 59
6928 60
6758 4
6758 5
6758 6
6874 50
6874 51
6874 52
6874 53
6861 172
6980 162
6980 163
6980 164
6893 136
6893 137
6942 52
6942 53
6768 59
6787 127
6805 183
6805 184
6805 190
6967 0
6967 1
6783 216
6783 226
6951 15
6998 128
6998 129
6998 130
6901 192
6901 193
6901 194
6901 195
6950 7
6950 16
6950 20
6950 24
6756 114
6756 115
6756 116
6756 117
6798 148
6798 149
6798 150
6798 151
6993 36
6993 37
6993 38
6993 39
6896 27
6896 29
6896 31
6896 33
6923 23
6918 49
6918 50
6783 62
6783 63
6859 95
6859 104
6998 90
6859 7
6859 8
6859 9
6859 10
6989 122
6776 56
6776 57
6828 188
6828 189
6828 190
6828 191
6997 90
6953 97
6794 64
6794 66
6794 67
6799 48
6799 49
6799 50
6885 0
6885 1
6885 2
6885 3
6915 224
6915 225
6915 228
6915 229
6963 30
6919 206
6919 207
6942 92
6942 93
6942 94
6960 57
6960 58
6960 59
6960 60
6949 9
6949 71
6949 72
6949 75
6984 7
6984 8
6984 9
6984 10
6968 8
6968 9
6751 5
6779 83
6776 11
6776 12
6776 13
6766 53
6766 54
6790 51
6790 52
6790 53
6790 54
6826 72
6826 73
6826 74
6826 75
6785 63
6785 64
6785 65
6975 82
6975 83
6975 84
6787 157
6787 158
6787 159
6859 47
6859 48
6859 49
6766 86
6766 87
6766 89
6901 69
6901 70
6901 71
6780 221
6978 216
6978 217
6921 184
6921 185
6921 186
6921 187
6805 185
6805 186
6805 187
6805 188
6907 48
6907 49
6907 50
6907 51
6922 14
6922 61
6922 62
6829 120
6829 121
6829 122
6829 123
6865 115
6865 116
6865 117
6952 30
6952 31
6810 72
6810 73
6810 74
6810 75
6776 215
6801 221
6801 222
6801 226
6801 227
6947 9
6995 19
6995 21
6995 23
6995 24
6805 136
6805 137
6954 56
6954 57
6934 157
6934 171
6945 20
6958 11
6958 12
6958 141
6958 142
6866 12
6866 13
6866 14
6866 15
6799 30
6799 31
6799 32
6799 33
6942 14
6942 15
6942 16
6942 17
6830 16
6830 17
6830 18
6830 19
6936 180
6936 181
6936 182
6936 183
6967 45
6967 46
6967 47
6854 74
6969 121
6969 122
6969 183
6969 184
6928 29
6928 30
6871 180
6871 216
6871 217
6871 218
6880 36
6811 132
6811 133
6811 134
6811 135
6952 19
6952 20
6952 21
6952 24
6824 72
6824 73
6824 74
6824 75
6972 64
6972 65
6972 66
6972 67
6957 170
6957 178
6957 179
6957 180
6921 133
6921 134
6921 135
6921 136
6997 38
6997 39
6915 28
6915 29
6915 30
6915 31
6888 124
6888 125
6888 126
6888 127
6916 221
6916 222
6874 12
6874 13
6874 14
6874 16
6752 148
6752 149
6752 150
6752 151
6776 178
6776 179
6776 180
6776 181
6919 73
6919 182
6919 183
6919 184
6790 44
6790 45
6824 84
6824 85
6824 86
6824 136
6956 37
6881 112
6881 113
6881 114
6881 115
6812 4
6812 5
6812 6
6812 7
6805 78
6805 79
6786 12
6786 13
6786 14
6786 15
6886 0
6886 1
6886 2
6886 3
6915 208
6915 211
6915 212
6915 215
6789 6
6789 7
6789 8
6789 9
6951 24
6951 25
6951 26
6951 27
6874 129
6874 130
6874 131
6874 133
6792 20
6792 21
6768 132
6768 133
6768 134
6768 135
6979 92
6979 93
6979 94
6979 95
6985 49
6856 19
6811 76
6811 77
6811 78
6811 79
6882 118
6882 119
6798 191
6995 18
6995 22
6798 32
6798 34
6798 161
6798 163
6766 204
6766 207
6805 196
6805 197
6805 198
6805 199
6850 20
6850 21
6850 22
6850 23
6773 132
6773 133
6773 134
6773 135
6772 24
6772 27
6772 28
6772 31
6953 140
6953 141
6953 142
6953 143
6911 41
6911 42
6911 43
6911 44
6822 20
6822 21
6822 22
6822 23
6881 157
6881 170
6881 171
6881 172
6783 127
6981 37
6981 64
6981 65
6981 66
6945 161
6945 165
6945 168
6945 172
6959 8
6959 9
6959 10
6959 11
6997 95
6940 44
6749 110
6749 111
6749 112
6749 113
6882 62
6882 63
6907 112
6907 113
6907 114
6907 115
6853 16
6853 17
6853 18
6853 19
6881 116
6881 117
6881 118
6881 119
6893 240
6893 241
6967 10
6967 11
6967 12
6967 13
6951 0
6951 1
6987 0
6987 2
6987 3
6987 4
6801 128
6801 129
6917 82
6917 83
6917 84
6917 85
6985 50
6985 86
6985 87
6826 12
6826 13
6826 14
6826 92
6826 93
6826 94
6826 95
6798 142
6798 143
6972 104
6936 100
6752 32
6752 33
6752 34
6752 35
6776 121
6776 122
6958 83
6958 84
6958 85
6958 86
6980 79
6918 4
6918 5
6918 6
6918 7
6823 20
6905 58
6905 59
6756 55
6756 56
6907 136
6907 137
6963 128
6963 129
6963 132
6963 133
6980 109
6980 110
6836 44
6836 45
6836 46
6836 72
6986 20
6986 28
6986 55
6879 112
6776 164
6776 165
6960 92
6960 93
6960 94
6960 95
6855 106
6855 107
6801 185
6801 186
6801 187
6867 9
6867 10
6867 12
6867 13
6883 0
6883 1
6792 26
6792 27
6936 188
6936 189
6936 190
6936 191
6773 14
6773 15
6977 40
6977 41
6977 52
6811 196
6811 197
6811 198
6811 199
6946 5
6946 9
6946 13
6946 16
6888 58
6888 59
6888 218
6885 60
6885 61
6885 62
6885 68
6990 7
6990 11
6990 16
6828 88
6828 89
6828 90
6828 91
6773 109
6773 110
6773 111
6952 69
6952 71
6952 72
6952 73
6835 128
6835 129
6835 130
6835 131
6894 88
6894 89
6969 215
6969 216
6969 217
6969 218
6870 12
6970 0
6970 1
6970 2
6970 3
6998 79
6998 80
6998 108
6922 196
6922 197
6780 104
6780 105
6780 106
6780 107
6814 40
6814 41
6814 42
6814 43
6887 5
6887 6
6887 7
6887 8
6756 4
6756 5
6756 6
6756 7
6783 211
6783 212
6783 213
6783 214
6939 0
6939 1
6939 2
6939 3
6921 160
6921 161
6829 164
6829 165
6829 166
6829 167
6749 68
6749 69
6749 70
6749 71
6756 15
6756 16
6756 17
6756 18
6752 180
6752 181
6752 182
6752 183
6959 64
6959 65
6959 66
6959 67
6975 58
6975 64
6975 65
6975 66
6918 81
6918 82
6918 83
6918 84
6945 173
6945 177
6945 181
6945 185
6969 35
6969 36
6969 40
6969 43
6881 36
6881 37
6881 38
6881 39
6787 166
6787 167
6787 168
6787 169
6912 186
6912 187
6939 22
6939 23
6939 24
6939 25
6930 18
6930 19
6930 20
6930 21
6871 173
6871 174
6861 148
6861 149
6934 95
6934 96
6934 101
6934 102
6893 95
6824 16
6824 17
6824 18
6824 19
6783 197
6783 198
6783 199
6783 200
6783 128
6783 129
6783 130
6783 131
6827 24
6827 25
6827 26
6827 27
6776 149
6776 150
6776 151
6776 152
6831 177
6831 178
6831 179
6782 19
6782 20
6782 21
6782 22
6959 110
6959 111
6959 112
6959 113
6923 59
6811 224
6811 225
6811 226
6811 227
6825 56
6825 57
6825 58
6825 59
6758 8
6758 9
6758 10
6758 11
6893 110
6893 111
6893 112
6893 113
6749 95
6749 96
6789 97
6789 98
6789 99
6789 100
6792 33
6792 34
6792 35
6792 36
6984 4
6984 5
6984 6
6855 129
6855 130
6855 131
6855 133
6777 40
6777 41
6777 42
6777 43
6783 235
6783 236
6896 15
6896 16
6896 17
6896 18
6953 21
6953 25
6953 32
6953 36
6800 10
6765 199
6765 200
6945 122
6945 126
6923 25
6923 26
6923 110
6923 111
6853 8
6853 9
6853 10
6853 11
6952 223
6952 232
6945 21
6945 22
6945 23
6945 24
6986 21
6986 22
6986 23
6986 24
6901 50
6901 64
6901 65
6901 66
6765 167
6765 168
6765 169
6765 170
6801 172
6801 173
6801 174
6801 175
6813 140
6813 141
6813 142
6813 143
6908 209
6908 210
6908 211
6908 212
6840 84
6840 85
6840 86
6840 87
6896 34
6896 36
6896 37
6896 39
6932 36
6932 155
6932 171
6942 8
6942 9
6942 50
6942 51
6936 23
6936 24
6936 25
6978 200
6978 201
6978 202
6978 203
6790 17
6790 30
6751 20
6751 21
6958 13
6958 14
6958 15
6958 144
6981 3
6853 30
6853 31
6958 106
6958 107
6958 108
6958 109
6957 150
6957 151
6957 152
6957 153
6786 77
6786 79
6912 40
6935 24
6935 25
6935 26
6935 27
6893 62
6893 63
6997 75
6997 76
6997 77
6997 78
6916 204
6916 205
6916 206
6916 207
6989 178
6989 192
6989 193
6989 194
6866 114
6866 115
6866 116
6866 117
6798 229
6798 230
6798 231
6798 232
6938 0
6998 95
6829 124
6829 125
6829 126
6829 127
6826 112
6826 113
6826 114
6826 115
6893 49
6893 60
6960 103
6908 0
6908 1
6908 3
6908 4
6800 117
6800 118
6800 119
6800 120
6947 13
6947 16
6947 20
6947 25
6989 128
6989 129
6989 130
6989 131
6928 44
6928 45
6928 46
6928 47
6811 192
6811 193
6811 194
6811 195
6890 27
6890 28
6890 29
6890 30
6896 42
6896 43
6896 46
6896 48
6958 19
6958 145
6958 146
6958 191
6765 107
6765 160
6967 15
6967 16
6785 116
6785 117
6785 118
6998 126
6756 68
6756 69
6756 90
6756 91
6793 7
6939 116
6939 117
6989 93
6989 100
6989 101
6989 102
6768 115
6768 116
6768 117
6768 118
6779 0
6779 1
6779 2
6779 3
6769 32
6769 33
6769 36
6769 37
6955 110
6955 111
6955 112
6955 113
6785 183
6912 122
6912 123
6912 124
6912 125
6859 41
6859 42
6859 43
6859 44
6813 44
6813 45
6813 46
6813 47
6799 70
6799 71
6799 72
6799 73
6938 9
6938 10
6938 11
6938 12
6828 80
6828 81
6828 82
6828 83
6780 0
6780 1
6780 2
6780 3
6783 159
6783 160
6783 161
6783 162
6880 19
6824 91
6824 92
6824 93
6824 94
6958 0
6958 1
6958 2
6958 3
6915 115
6915 199
6915 226
6915 231
6917 107
6917 108
6917 109
6917 110
6890 31
6890 32
6890 33
6890 34
6780 124
6780 125
6780 126
6780 127
6879 181
6879 182
6879 184
6879 185
6912 126
6912 127
6776 153
6776 154
6776 155
6776 156
6964 64
6964 68
6964 72
6964 76
6888 48
6888 49
6888 76
6888 77
6850 92
6850 93
6850 94
6829 136
6829 137
6829 138
6829 139
6811 240
6811 241
6811 242
6811 243
6863 14
6863 15
6789 36
6789 37
6789 38
6789 39
6915 200
6915 201
6915 204
6915 205
6827 117
6827 118
6827 119
6827 120
6832 8
6832 9
6832 10
6832 11
6800 29
6963 22
6963 23
6963 24
6963 25
6749 8
6749 9
6749 10
6749 11
6853 100
6853 101
6853 102
6853 103
6811 88
6811 89
6811 90
6811 91
6794 74
6794 75
6794 76
6794 77
6828 168
6828 169
6828 170
6828 171
6765 125
6765 133
6765 134
6837 76
6837 77
6837 78
6837 79
6986 42
6810 64
6810 65
6810 66
6810 67
6861 136
6861 137
6861 170
6861 171
6749 26
6749 27
6749 28
6749 29
6942 60
6942 61
6942 62
6942 64
6912 115
6912 116
6912 117
6912 118
6984 36
6984 37
6984 38
6984 39
6955 42
6955 43
6955 56
6955 57
6978 97
6978 162
6978 163
6978 164
6981 128
6758 26
6758 27
6758 28
6758 29
6798 66
6798 67
6798 68
6798 69
6776 217
6776 218
6776 219
6776 220
6923 37
6923 38
6923 39
6923 50
6907 132
6907 133
6907 134
6907 135
6801 209
6801 210
6801 211
6801 212
6766 224
6766 225
6766 226
6766 227
6828 60
6828 61
6828 62
6828 63
6917 86
6917 87
6917 88
6917 89
6800 144
6989 87
6989 88
6989 89
6989 90
6921 151
6921 152
6921 153
6921 154
6934 97
6934 98
6934 179
6934 192
6882 16
6882 17
6882 18
6882 20
6837 128
6837 129
6837 130
6837 131
6956 12
6956 65
6956 69
6956 73
6829 132
6829 133
6829 134
6829 135
6907 16
6907 17
6907 18
6907 19
6805 204
6805 205
6805 206
6805 207
6975 168
6975 169
6975 172
6975 173
6806 69
6806 70
6912 7
6912 8
6912 9
6912 22
6829 52
6829 53
6829 54
6829 55
6793 9
6793 10
6793 11
6793 12
6783 66
6783 67
6993 8
6993 9
6993 11
6993 12
6934 21
6934 22
6934 90
6934 153
6756 43
6826 0
6826 1
6826 2
6826 3
6906 12
6906 13
6906 14
6906 15
6893 216
6893 217
6893 218
6893 219
6831 151
6932 72
6932 73
6932 74
6932 75
6866 102
6866 103
6866 104
6866 105
6912 163
6912 164
6912 165
6912 166
6893 230
6893 231
6893 232
6893 233
6959 83
6959 84
6959 85
6908 36
6908 37
6908 38
6908 39
6879 164
6879 202
6879 203
6879 204
6973 178
6955 103
6955 104
6955 105
6955 106
6827 60
6827 61
6827 62
6827 63
6800 122
6800 123
6800 124
6800 125
6937 64
6937 65
6937 66
6937 67
6956 87
6798 136
6798 137
6798 138
6798 139
6907 78
6907 79
6907 80
6907 81
6780 214
6780 215
6780 216
6780 233
6776 86
6776 87
6776 96
6776 97
6749 122
6749 123
6749 124
6749 125
6766 4
6766 5
6766 6
6955 63
6955 74
6955 75
6955 76
6901 13
6901 15
6901 16
6901 17
6989 20
6989 21
6749 30
6749 31
6749 32
6749 33
6871 128
6871 129
6871 130
6871 131
6998 11
6998 12
6979 20
6979 21
6979 22
6979 23
6827 197
6827 198
6827 199
6827 200
6952 34
6952 35
6952 36
6952 37
6936 163
6936 164
6936 165
6973 73
6973 74
6973 75
6973 76
6783 0
6783 1
6783 2
6798 222
6798 223
6930 14
6930 15
6930 16
6930 17
6778 31
6989 96
6989 97
6989 98
6989 99
6826 24
6826 25
6826 26
6826 27
6800 113
6800 114
6800 115
6800 116
6827 141
6827 142
6827 143
6827 144
6907 108
6907 109
6907 110
6907 111
6813 204
6813 205
6813 206
6813 207
6972 30
6972 31
6972 93
6972 94
6959 90
6959 91
6959 92
6959 93
6853 126
6853 127
6853 128
6853 129
6888 96
6888 97
6888 98
6888 99
6960 50
6960 51
6960 52
6960 53
6915 164
6915 165
6915 166
6915 227
6953 38
6953 39
6953 41
6773 2
6773 3
6773 6
6773 7
6997 4
6997 5
6997 70
6997 71
6908 221
6908 222
6908 223
6908 224
6779 12
6779 13
6779 74
6779 75
6866 76
6866 77
6866 78
6866 79
6866 91
6866 92
6866 93
6866 101
6874 75
6874 76
6874 77
6874 78
6997 58
6997 59
6854 34
6854 35
6854 36
6854 37
6835 8
6835 9
6835 10
6835 11
6930 74
6930 75
6930 76
6930 77
6922 128
6922 129
6922 130
6922 131
6859 238
6859 239
6859 240
6859 241
6832 0
6832 1
6832 2
6832 3
6850 72
6850 73
6850 74
6850 75
6953 184
6953 185
6953 186
6953 187
6957 30
6957 31
6957 32
6957 33
6959 61
6959 62
6959 63
6777 157
6777 158
6777 159
6973 112
6973 113
6973 114
6973 211
6859 18
6859 19
6859 20
6859 21
6953 162
6953 163
6953 164
6953 165
6908 2
6908 6
6908 10
6908 13
6908 201
6908 202
6908 203
6908 204
6827 205
6827 206
6827 207
6827 208
6812 84
6812 85
6812 86
6812 87
6882 59
6882 99
6773 228
6773 229
6773 230
6773 231
6859 35
6859 36
6805 189
6882 102
6882 122
6882 123
6882 124
6945 119
6945 238
6956 204
6956 205
6956 206
6956 207
6985 18
6985 19
6985 37
6888 64
6888 65
6888 66
6888 67
6975 156
6975 157
6975 158
6773 155
6773 164
6773 165
6773 166
6953 71
6953 72
6953 73
6953 74
6837 208
6837 209
6837 210
6837 211
6953 132
6953 133
6953 134
6953 135
6886 20
6886 21
6886 22
6886 23
6786 42
6786 43
6786 44
6786 45
6978 122
6978 123
6978 124
6978 125
6803 79
6803 80
6803 81
6803 82
6932 112
6932 113
6932 114
6932 115
6907 96
6907 97
6907 98
6907 99
6964 48
6964 49
6964 50
6964 51
6871 122
6871 123
6871 124
6871 125
6922 185
6922 186
6922 187
6922 188
6804 21
6804 22
6804 23
6804 24
6991 110
6991 111
6991 116
6871 100
6871 101
6871 102
6871 103
6780 18
6780 19
6780 20
6780 21
6882 152
6882 153
6882 154
6882 155
6777 11
6777 16
6777 17
6777 18
6917 159
6917 160
6917 161
6917 162
6829 88
6829 89
6829 90
6829 91
6997 97
6997 98
6997 99
6997 100
6896 32
6896 38
6896 40
6896 41
6841 0
6841 1
6841 2
6841 3
6779 85
6969 17
6969 18
6969 149
6969 150
6803 10
6803 11
6803 12
6803 13
6945 61
6945 89
6989 49
6989 50
6989 52
6989 53
6915 8
6915 9
6915 10
6915 11
6827 185
6827 186
6827 187
6827 188
6911 49
6911 50
6911 51
6911 52
6934 172
6934 173
6934 174
6934 175
6946 33
6946 34
6946 35
6946 36
6766 75
6766 76
6766 77
6766 78
6972 84
6972 85
6972 86
6972 87
6893 76
6893 80
6893 81
6893 82
6918 96
6918 97
6918 98
6918 99
6959 192
6959 193
6959 194
6959 195
6939 39
6939 40
6939 74
6939 75
6978 41
6978 42
6978 43
6978 44
6785 128
6785 129
6785 130
6785 131
6979 30
6979 31
6756 74
6756 75
6756 76
6756 77
6879 113
6879 114
6879 115
6879 116
6991 191
6991 216
6991 217
6991 218
6785 229
6785 231
6785 233
6885 49
6969 116
6969 117
6969 118
6969 201
6830 188
6830 189
6830 190
6830 191
6854 38
6854 39
6854 108
6854 110
6939 80
6939 81
6939 82
6939 83
6922 167
6922 168
6922 169
6922 170
6778 38
6778 39
6778 40
6778 41
6914 17
6914 18
6914 19
6914 20
6954 74
6954 75
6954 78
6954 80
6806 27
6806 28
6806 29
6853 148
6853 149
6853 150
6853 151
6955 94
6955 95
6955 96
6955 97
6934 189
6934 190
6934 210
6934 211
6907 44
6907 45
6907 46
6907 47
6824 80
6824 81
6824 82
6824 83
6861 117
6861 118
6861 119
6861 120
6773 175
6773 176
6773 177
6773 178
6990 1
6990 5
6983 28
6983 30
6850 4
6850 5
6850 6
6850 7
6789 0
6789 1
6789 2
6789 3
6790 0
6790 1
6790 2
6969 66
6969 67
6969 68
6969 69
6822 88
6822 89
6822 90
6822 91
6874 32
6874 33
6874 34
6874 35
6882 21
6882 22
6882 23
6882 24
6911 45
6911 46
6911 47
6911 48
6777 164
6777 194
6992 16
6992 17
6992 18
6992 19
6803 96
6803 97
6803 98
6803 99
6960 114
6960 115
6879 135
6879 136
6879 137
6879 138
6835 122
6835 123
6835 124
6835 125
6950 32
6950 33
6950 34
6950 35
6953 148
6953 149
6953 156
6953 157
6827 165
6827 166
6827 167
6827 168
6894 82
6894 83
6894 84
6894 85
6952 138
6952 140
6952 141
6952 142
6853 68
6853 69
6853 70
6853 71
6888 104
6888 105
6888 106
6969 239
6969 240
6831 116
6831 117
6831 118
6831 119
6894 96
6894 97
6894 98
6894 99
6964 2
6964 3
6964 6
6964 7
6901 88
6901 89
6901 90
6901 95
6783 20
6783 21
6783 28
6973 90
6973 91
6973 92
6973 93
6934 40
6934 42
6934 43
6934 44
6776 69
6776 70
6776 71
6776 72
6894 3
6894 4
6894 5
6894 6
6916 44
6916 48
6916 49
6916 50
6901 97
6901 99
6901 101
6901 102
6921 120
6921 121
6921 122
6921 123
6799 77
6915 190
6915 191
6944 13
6944 14
6944 15
6989 114
6989 115
6989 116
6989 117
6980 191
6803 51
6803 52
6803 53
6803 54
6940 27
6940 28
6954 79
6894 70
6787 4
6785 181
6785 182
6785 184
6785 185
6827 36
6827 37
6827 38
6827 39
6890 4
6828 64
6828 65
6828 66
6828 67
6830 48
6830 49
6830 50
6830 51
6945 113
6945 114
6945 115
6863 54
6863 55
6863 56
6863 57
6888 190
6888 191
6769 79
6769 80
6945 12
6945 13
6945 14
6945 15
6853 152
6853 153
6853 154
6853 155
6919 1
6919 3
6919 4
6919 5
6879 75
6879 76
6879 77
6879 78
6969 27
6969 152
6969 153
6969 154
6917 53
6917 54
6917 55
6763 4
6763 5
6763 6
6763 7
6919 24
6919 25
6919 26
6919 27
6893 138
6893 139
6893 160
6893 161
6766 90
6766 91
6766 92
6766 93
6850 32
6850 33
6850 34
6850 35
6786 5
6786 6
6786 8
6786 9
6773 148
6773 149
6773 150
6773 151
6749 186
6749 188
6749 192
6749 193
6923 67
6923 128
6923 129
6923 130
6776 81
6776 82
6776 83
6776 85
6769 223
6901 19
6901 111
6901 116
6901 124
6922 80
6888 128
6888 129
6888 130
6888 131
6912 0
6912 1
6912 2
6912 3
6853 12
6853 13
6853 14
6853 15
6989 8
6989 9
6989 10
6989 11
6915 216
6915 219
6915 221
6915 222
6871 90
6766 184
6766 186
6766 187
6806 47
6978 226
6978 227
6978 228
6978 229
6867 30
6867 34
6867 42
6867 43
6915 34
6915 39
6777 60
6777 61
6915 182
6915 183
6837 44
6837 45
6837 46
6837 47
6773 146
6773 147
6773 238
6773 239
6756 102
6756 103
6756 104
6756 105
6789 54
6789 64
6789 65
6905 12
6905 13
6905 14
6905 15
6769 175
6769 179
6769 182
6769 185
6883 13
6883 14
6883 15
6883 16
6894 26
6894 27
6894 28
6894 29
6813 176
6813 177
6813 178
6813 179
6923 80
6923 81
6923 82
6923 83
6893 88
6893 89
6893 90
6893 91
6958 64
6958 68
6958 69
6958 70
6881 28
6881 99
6881 108
6881 109
6779 94
6779 95
6805 244
6805 245
6805 246
6805 62
6959 136
6959 137
6959 138
6959 139
6933 91
6933 92
6933 93
6933 94
6800 101
6800 136
6800 157
6800 158
6752 109
6752 110
6752 111
6752 112
6918 28
6918 107
6944 23
6944 24
6944 25
6944 26
6813 76
6813 77
6813 78
6813 79
6765 185
6765 202
6765 203
6765 204
6749 85
6749 86
6749 87
6749 88
6824 8
6824 9
6824 10
6824 11
6882 147
6882 201
6882 202
6829 24
6829 25
6829 26
6829 27
6907 179
6907 180
6907 214
6907 215
6866 152
6866 153
6866 154
6866 155
6793 14
6793 16
6793 17
6793 18
6932 161
6932 162
6932 163
6932 164
6947 0
6947 2
6947 3
6947 4
6856 23
6779 49
6779 86
6779 87
6779 88
6777 36
6777 37
6777 38
6777 39
6828 112
6828 113
6828 114
6828 115
6756 12
6756 13
6756 14
6893 172
6893 225
6893 227
6893 228
6855 148
6855 149
6855 150
6855 151
6955 194
6955 195
6955 196
6955 197
6758 0
6758 1
6758 2
6758 3
6952 0
6952 1
6952 2
6952 3
6946 6
6946 7
6946 8
6946 10
6881 79
6881 90
6881 92
6881 93
6934 62
6934 63
6940 0
6940 1
6940 2
6940 3
6829 192
6829 193
6829 194
6829 195
6991 32
6991 33
6991 34
6991 35
6955 30
6955 31
6955 32
6955 33
6859 128
6859 129
6859 130
6859 131
6977 86
6977 87
6977 88
6977 89
6969 144
6969 145
6969 146
6969 147
6811 16
6811 17
6811 18
6811 19
6786 123
6786 124
6786 125
6786 126
6912 140
6912 141
6912 142
6912 143
6780 96
6780 97
6780 98
6780 99
6932 85
6932 146
6932 147
6932 148
6978 230
6978 231
6978 232
6978 233
6978 132
6978 133
6978 134
6978 135
6787 212
6787 213
6787 214
6787 215
6827 201
6827 202
6827 203
6827 204
6787 16
6787 17
6787 18
6787 19
6836 47
6836 48
6836 49
6836 50
6952 64
6952 65
6952 67
6952 68
6977 74
6977 75
6977 76
6977 77
6954 8
6954 11
6954 12
6954 13
6881 64
6881 65
6881 66
6881 67
6918 32
6989 38
6989 39
6989 40
6989 41
6934 26
6934 89
6934 152
6934 155
6980 220
6980 222
6777 153
6777 154
6777 155
6777 156
6752 192
6752 193
6752 194
6752 195
6831 44
6831 45
6831 46
6831 47
6801 157
6801 184
6801 188
6801 213
6840 64
6840 65
6840 66
6840 67
6977 78
6977 79
6977 80
6977 84
6912 60
6912 61
6912 62
6912 63
6957 157
6957 158
6957 159
6922 7
6922 8
6980 29
6980 30
6980 31
6985 38
6985 39
6985 40
6805 25
6805 32
6805 33
6805 34
6916 187
6916 220
6824 40
6824 41
6824 42
6824 43
