21890 478
21890 26
21890 127
21890 440
21890 372
21890 406
21890 288
21890 228
21890 17
21890 72
21890 347
21890 24
21890 88
21890 234
21890 79
21890 158
21890 289
21890 4
21890 143
21890 317
21890 138
21890 424
21890 487
21890 482
21890 42
21890 485
21890 150
21890 67
21890 115
21890 344
21890 117
21890 417
21890 405
21890 385
21890 100
21890 142
21890 296
21890 31
21618 62
21618 66
21618 70
21618 105
21618 184
21618 128
21618 176
21618 41
21618 11
21618 35
21618 40
21618 49
21618 162
21618 166
21618 16
21618 80
21618 43
21618 59
21618 0
21618 178
21618 45
21618 53
21618 60
21618 85
21618 113
21618 24
21618 142
21618 163
21618 75
21618 116
21618 149
21618 103
21618 174
21618 18
21618 88
21618 15
21618 37
21618 139
21618 129
21618 141
21618 87
21618 119
21618 125
21618 28
21618 29
21618 140
21618 153
21618 64
21618 98
21618 110
21618 27
21618 52
21618 77
21618 108
21618 118
21618 148
21618 17
21618 73
21618 136
21618 65
21618 152
21618 127
21618 132
21618 42
21618 115
21618 171
21618 172
21618 30
21618 84
21618 99
21618 154
21618 161
21618 13
21618 47
21618 56
21618 97
21618 1
21618 144
21618 133
21618 44
21618 67
21618 135
21618 146
21618 143
21618 134
21618 157
21618 159
21618 169
21618 177
21618 2
21618 39
21618 57
21618 58
21618 92
21618 147
21618 164
21618 170
21618 21
21618 107
21618 14
21618 72
21618 179
21618 93
21618 131
21618 4
21618 121
21618 25
21618 38
21618 61
21618 175
21618 7
21618 19
21618 100
21618 111
21618 112
21618 122
21618 54
21618 74
21618 63
21618 83
21618 96
21618 167
21618 8
21618 165
21618 126
21618 138
21618 181
21618 9
21618 124
21618 160
21618 68
21618 79
21618 137
21618 182
21618 69
21618 168
21618 34
21618 3
21618 31
21618 46
21618 55
21838 10
21838 65
21838 66
21838 3
21838 0
21838 4
21838 5
21838 6
21838 7
21838 8
21838 2
21629 42
21629 111
21629 113
21629 128
21629 129
21629 171
21501 77
21501 370
21501 65
21501 125
21501 170
21501 239
21501 303
21501 18
21501 55
21501 104
21501 199
21501 245
21501 372
21501 27
21501 63
21501 155
21501 203
21501 286
21501 288
21501 306
21501 385
21845 472
21845 479
21845 17
21845 56
21845 488
21845 522
21845 38
21845 89
21845 93
21845 105
21845 527
21845 497
21845 514
21845 110
21845 64
21845 79
21845 503
21845 490
21845 475
21845 489
21845 7
21845 525
21845 519
21845 29
21845 101
21845 502
21845 492
21845 518
21845 8
21845 94
21845 106
21845 483
21845 12
21845 69
21845 92
21845 109
21845 511
21845 507
21845 509
21845 493
21845 506
21845 510
21845 513
21845 484
21845 27
21845 486
21845 5
21845 4
21845 122
21845 473
21845 15
21845 34
21845 35
21845 529
21845 11
21845 43
21845 104
21845 19
21845 116
21845 39
21845 516
21845 10
21845 44
21845 528
21845 9
21845 81
21845 82
21845 115
21845 46
21845 71
21845 86
21845 100
21845 482
21845 523
21845 40
21845 48
21845 54
21845 59
21845 504
21845 118
21845 500
21845 16
21845 481
21845 521
21845 41
21845 62
21845 68
21845 52
21845 60
21845 512
21845 520
21845 495
21845 31
21845 13
21845 63
21845 66
21845 80
21845 499
21845 61
21845 76
21845 98
21845 103
21845 114
21845 505
21845 23
21845 83
21845 0
21845 37
21845 3
21845 24
21845 480
21845 47
21845 102
21845 32
21845 87
21845 487
21845 496
21845 526
21845 532
21845 494
21845 28
21845 30
21845 33
21845 42
21845 53
21845 55
21845 95
21845 121
21845 21
21845 74
21845 36
21845 73
22251 59
22251 83
22251 284
22251 21
22251 136
22251 207
22251 290
22251 239
22251 191
22251 499
22251 87
22251 539
22251 110
22251 146
22251 490
22251 217
22251 462
22251 70
22251 82
22251 324
22251 328
22251 297
22251 215
22251 525
22251 497
22251 228
22251 334
22251 13
22251 484
22251 304
22251 156
22251 92
22251 227
22251 464
22251 515
22251 132
22251 480
22251 150
22251 181
22251 86
22251 18
22251 255
22251 23
22251 492
22251 178
22251 199
22251 211
22251 40
22251 538
22251 62
22251 469
22251 155
22251 137
22251 94
22251 124
22251 33
22251 145
22251 183
22251 526
22251 476
22251 186
22251 202
22251 505
22251 552
22251 0
22251 144
22251 254
22251 225
22251 295
22251 159
22251 340
22251 222
22251 344
22251 72
22251 54
22251 532
22251 544
22251 112
22251 501
22251 105
22251 235
22251 55
22251 553
22251 91
22251 343
22251 176
22251 140
22251 486
22251 528
22251 465
22251 206
22251 549
22251 471
22251 78
22251 115
22251 180
22251 203
22251 487
22251 198
22251 346
21851 9
22116 5
22116 35
22116 17
22116 16
22116 3
22116 8
21717 14
21717 38
21717 41
21717 6
21717 7
21717 36
21717 37
21717 4
21717 10
21717 45
21717 20
21717 35
21717 8
21717 29
21717 23
21717 27
21717 17
21717 28
21717 0
21717 31
21717 19
21717 34
21717 24
21717 44
21717 25
21717 12
21717 13
21717 16
21717 3
21717 5
21717 46
21717 1
21717 9
21717 30
21717 33
21717 42
21717 43
21717 22
21717 21
21717 15
21717 32
21717 39
21717 26
21717 18
21717 40
21717 2
21812 7
21812 15
22074 65
22074 72
22074 34
22074 33
22074 11
22074 67
22074 17
22074 90
22074 41
22074 79
22074 84
22074 4
22074 70
22074 87
22074 24
22074 31
22074 3
22074 37
22074 74
22074 1
22074 73
22074 39
22074 71
22074 23
22074 30
22074 22
22074 14
22074 77
22074 50
22074 68
22074 69
22074 93
22074 13
22074 0
22074 92
22074 29
22074 54
22074 58
22074 85
22074 8
22074 36
22074 51
22074 47
22074 42
22074 55
22074 91
22074 15
22074 38
22074 94
22074 86
22074 83
22074 16
22074 35
22074 21
22074 43
22074 46
22074 45
22074 32
22074 26
22074 81
22074 78
22074 82
22074 9
22074 10
22074 27
22074 53
22074 5
22074 48
22074 12
22074 52
22074 61
21926 21
21926 24
21926 25
21926 35
21926 23
22161 457
22161 241
22161 20
22161 66
22161 27
22161 398
22161 288
22161 161
22161 226
22161 249
22161 4
22161 301
22161 331
22161 438
22161 59
22161 87
22161 102
22161 219
22161 37
22161 323
22161 352
22161 36
22161 296
22161 459
22161 7
22161 203
22161 321
22161 56
22161 356
22161 281
22161 317
22161 103
22161 425
22161 79
22161 370
22161 420
22161 251
22161 451
22161 194
22161 231
22161 416
22161 449
22161 70
22161 216
22161 367
22161 67
22161 396
22161 322
22161 257
22161 299
22161 222
22161 184
22161 73
22161 30
22161 290
22161 28
22161 18
22161 363
22161 193
22161 275
22161 326
22161 98
22161 415
22161 424
22161 26
22161 277
22161 169
22161 239
22161 93
22161 250
22161 243
22161 421
22161 380
22161 25
22161 214
22161 318
22161 309
22161 340
22161 32
22161 291
22161 47
22161 23
22161 223
22161 422
22161 182
22161 158
22161 269
22161 284
22161 448
22161 227
22161 83
22161 389
22132 74
22132 30
22132 58
22132 27
22132 51
22132 26
22132 33
22132 61
22132 20
22132 55
22132 5
22132 2
22132 45
22132 46
22132 67
22132 21
22132 63
22132 72
22132 8
22132 38
22132 71
22132 65
22132 77
22132 10
22132 14
22132 64
22132 12
22132 57
22132 44
22132 9
22132 54
22132 40
22132 39
22132 75
22132 15
22132 32
22132 69
22132 31
22132 47
22132 41
22132 22
22132 70
22132 42
22132 43
22132 34
22132 68
22132 37
22132 18
22132 29
22132 50
22132 13
22132 60
22132 53
22132 56
22132 49
22132 66
22132 0
21786 98
21786 178
21786 272
22213 7
22213 16
22213 2
22213 5
22213 8
22213 4
22213 15
22213 12
22213 11
22213 17
22213 0
22213 9
22213 13
22213 14
21872 8
21872 7
21872 9
21872 3
21872 16
21872 35
21872 38
21872 32
21872 34
21872 6
21872 36
21872 15
21872 30
21872 4
21872 12
21872 2
21872 13
21872 33
21872 10
21872 17
21872 31
21872 29
21519 12
21519 0
21519 7
21519 47
21519 43
21519 39
21519 25
21519 2
21519 38
21519 5
21519 1
21519 30
21519 3
21519 22
21519 44
21519 4
21519 11
21519 37
21519 14
21519 41
21519 6
21519 33
21519 34
21519 27
21519 21
21519 20
21519 26
21519 40
21519 8
21519 16
21519 46
21519 18
21519 29
21519 42
21519 19
21519 10
21519 17
21519 15
21519 24
21519 31
21519 9
21519 36
21519 23
21519 13
21519 32
21519 35
21519 45
22130 123
22130 37
22130 76
22130 1
22130 93
22130 111
22130 31
22130 70
22130 33
22130 82
22130 120
22130 148
22130 92
22130 90
22130 94
22130 8
22130 35
22130 103
22130 45
22130 86
22130 137
22130 89
22130 112
22130 20
22130 43
22130 40
22130 19
22130 84
22130 95
22130 116
22130 108
22130 24
22130 138
22130 135
22130 130
22130 69
22130 106
22130 23
22130 34
22130 100
22130 22
22130 146
22130 136
22130 143
22130 113
22130 88
22130 102
22130 12
22130 99
22130 98
22130 145
22130 117
22130 65
22130 66
22130 42
22130 122
22130 119
22130 96
22130 30
22130 0
22130 71
22130 29
22130 109
22130 15
22130 28
22130 26
22130 147
22130 87
22130 91
22130 104
22130 5
22130 64
22130 36
22130 125
22130 132
22130 75
22130 38
22130 25
22130 17
22130 77
22130 121
22130 83
22130 21
22130 32
22130 114
22130 27
22130 97
22130 16
22130 85
22130 101
22130 14
22130 39
22130 78
22130 118
21775 63
21775 88
21775 121
21775 128
21775 129
21775 186
21775 37
21775 10
21775 131
21775 350
21775 255
21775 266
21775 287
21775 271
21775 15
21775 31
21775 189
21775 62
21775 6
21775 27
21775 28
21775 260
21775 280
21775 34
21775 73
21775 48
21775 8
21775 198
21775 272
21775 339
21775 60
21775 102
21775 103
21775 285
21775 279
21775 294
21775 313
21775 343
21775 316
21775 331
21775 333
21775 18
21775 87
21775 100
21775 95
21775 133
21775 23
21775 32
21775 54
21775 314
21775 148
21775 111
21775 174
21775 178
21775 209
21775 263
21775 290
21775 5
21775 292
21775 22
21775 220
21775 233
21775 234
21775 245
21775 275
21775 298
21775 112
21775 132
21775 310
21775 344
21775 207
21529 34
21529 51
21529 53
21529 192
21529 193
21529 204
21529 37
21529 65
21529 68
21529 184
21529 254
21529 260
21529 284
21764 5
21764 3
21764 0
21764 9
21764 1
21764 6
21764 10
21764 2
21764 8
21764 7
21615 48
21615 72
21615 46
21615 53
21615 59
21615 70
21615 41
21615 71
21615 74
21615 43
21615 73
21615 50
21615 62
21615 66
21615 45
21615 67
21615 56
21615 54
21615 63
21615 69
21615 55
21615 58
21615 61
21615 51
21615 64
21615 60
21615 49
21615 52
21615 42
21615 44
21615 47
21615 68
21615 40
21615 65
21705 140
21705 161
21705 11
21705 133
21705 114
21705 21
21705 30
21705 62
21705 0
21705 89
21705 107
21705 153
21705 86
21705 24
21705 10
21705 25
21705 100
21705 154
21705 84
21705 104
21705 72
21705 2
21705 67
21705 5
21705 120
21705 44
21705 151
21705 103
21705 108
21705 135
21705 50
21705 66
21705 126
21705 148
21705 17
21705 35
21705 164
21705 96
21705 109
21705 124
21705 156
21705 4
21705 37
21705 47
21705 123
21705 27
21705 69
21705 73
21705 131
21705 20
21705 138
21705 97
21705 7
21705 49
21705 32
21705 57
21705 125
21705 130
21705 88
21705 101
21705 117
21705 152
21705 78
21705 150
21705 41
21705 52
21705 15
21705 29
21705 39
21705 142
21705 145
21705 34
21705 74
21705 95
21705 113
21705 85
21705 111
21705 65
21705 128
21705 141
21705 98
21705 19
21705 136
21705 28
21705 56
21705 80
21705 160
21705 60
21705 121
21705 26
21705 54
21705 58
21705 127
21705 146
21705 147
21705 14
21705 42
21705 55
21705 83
21705 91
21705 159
21705 77
21705 1
21705 31
21705 53
21705 105
21705 106
21705 79
21705 87
21705 12
21593 109
21593 125
21593 207
21593 225
21593 251
21593 293
21593 324
21593 91
21593 108
21593 174
21593 209
21593 260
21932 281
21932 430
21932 451
21932 80
21932 415
21932 307
21932 148
21932 409
21932 84
21932 339
21932 398
21932 360
21932 182
21932 59
21932 245
21932 286
21932 149
21932 368
21932 23
21932 305
21932 196
21932 261
21932 464
21932 366
21932 303
21932 21
21932 284
21932 253
21932 260
21932 298
21932 73
21932 498
21932 5
21932 138
21932 231
21932 375
21932 325
21932 349
21932 180
21932 322
21932 400
21932 56
21932 113
21932 411
21932 413
21932 101
21932 483
21932 93
21932 306
21932 236
21932 383
21932 119
21932 49
21932 296
21932 208
21932 338
21932 39
21932 384
21932 249
21932 372
21932 440
21932 29
21932 141
21932 252
21932 255
21932 471
21932 361
21932 51
21932 340
21932 240
21932 27
21932 337
21932 250
21932 128
21932 47
21932 316
21932 422
21932 41
21932 371
21932 207
21932 52
21932 429
21932 321
21932 265
21932 318
21932 453
21932 228
21932 274
21932 218
21932 420
21932 244
21932 247
21932 97
21932 389
21932 183
21932 403
21932 10
21932 382
21932 495
21932 433
21932 243
21932 425
21932 313
21932 172
21932 74
21932 100
21932 479
21932 137
21932 463
21932 279
21932 125
21932 491
21932 57
21932 186
21932 223
21932 484
21932 122
21932 42
21932 439
21932 357
21932 60
21932 353
21932 135
21932 91
21932 193
21932 351
21932 374
21932 32
21932 226
21932 414
21932 159
21932 468
21932 162
21932 142
21932 158
21932 444
21932 8
21932 402
21932 352
21932 220
21932 50
21932 242
21932 45
21932 294
21932 287
21932 4
21932 416
21932 81
21932 342
21932 332
21932 188
21932 449
21932 459
21932 341
21932 132
21932 200
21932 150
21932 217
21932 334
21932 469
21932 460
21932 344
21932 82
21932 392
21932 26
21932 134
21932 317
21932 380
21932 89
21932 33
21932 234
21932 346
21932 0
21932 174
21932 291
21932 71
21932 206
21932 205
21932 151
21932 406
21932 327
21932 232
21932 404
21932 388
21932 301
21932 455
21932 347
21932 179
21932 168
21932 105
21932 299
21932 201
21932 365
21932 90
21932 454
21932 441
21932 417
21932 127
21932 225
21932 323
21932 462
21932 54
21932 257
21932 448
21932 139
21932 239
21932 203
21932 178
21932 268
21932 190
21932 48
21932 278
21932 271
21932 70
21932 163
21932 302
21932 198
21932 67
21932 359
21932 72
21932 35
21932 399
21932 36
21932 354
21932 330
21932 1
21932 111
21932 315
21932 297
21932 109
21932 418
21932 2
21932 435
21932 121
21932 152
21932 189
21932 259
21932 116
21932 447
21932 308
21932 195
21932 277
21932 112
21932 320
21932 176
21932 15
21932 65
21932 290
21932 140
21932 235
21932 314
21932 215
21932 251
21932 3
21932 192
21932 222
21932 480
21932 184
21932 421
21932 136
21932 293
21932 258
21932 124
21932 482
21932 13
21932 199
21932 233
21932 18
21932 126
21932 197
21932 328
21932 62
21932 17
21932 241
21932 424
21932 263
21932 329
21932 264
21932 311
21932 157
21932 336
21932 95
21932 170
21932 362
21932 14
21932 292
21932 181
21932 446
21932 30
21932 335
21932 99
21932 167
21932 436
21932 494
21932 230
21932 58
21932 104
21932 83
21932 428
21932 143
21932 78
21932 154
21932 6
21932 79
21932 108
21932 110
21932 488
21932 16
21932 145
21932 22
21932 204
21932 173
21932 210
21932 144
21932 373
21932 326
21932 312
21932 481
21932 391
21932 363
21932 103
21932 24
21932 85
21932 219
21932 114
21932 396
21932 75
21932 466
21932 378
21932 410
21932 364
21932 288
21932 40
21932 256
21932 212
21932 248
21932 477
21932 187
21932 309
21932 476
21932 238
21932 165
21932 319
21932 211
21932 487
21932 107
21932 92
21932 118
21932 457
21932 87
21932 106
21932 19
21932 470
21932 490
21809 129
21809 33
21809 9
21809 21
21809 85
21809 86
21809 101
21809 7
21809 80
21809 130
21809 68
21809 94
21809 99
21809 31
21809 107
21809 148
21809 51
21809 77
21809 84
21809 90
21809 100
21809 2
21809 22
21809 79
21809 38
21809 18
21809 95
21809 131
21809 1
21809 37
21809 45
21809 82
21809 42
21809 8
21809 150
21809 35
21809 61
21809 63
21809 106
21809 64
21809 152
21809 71
21809 16
21809 19
21809 48
21809 144
21809 155
21809 158
21809 6
21809 147
21809 159
21809 66
21809 113
21809 25
21809 118
21809 27
21809 154
21809 89
21809 3
21809 40
21809 54
21809 12
21809 138
21809 91
21809 28
21809 149
21809 132
21809 146
21809 56
21809 156
21809 139
21809 43
21809 81
21809 52
21809 74
21809 103
21809 137
21809 17
21809 104
21809 109
21809 116
21809 133
21809 143
21809 23
21809 41
21809 67
21809 119
21809 151
21809 44
21809 127
21809 15
21809 29
21809 57
21809 73
21809 70
21809 121
21809 135
21809 14
21809 142
21809 4
21809 13
21809 62
21809 72
21809 112
21809 114
21809 49
21809 76
21809 108
21809 160
21809 20
21809 36
21809 59
21809 88
21809 117
21809 24
21809 92
21809 58
21808 4
21808 5
21808 1
21808 7
21808 9
21808 0
21808 3
21808 10
21808 6
21808 8
21808 2
21985 67
21985 22
21985 75
21985 79
21985 92
21985 55
21985 84
21985 28
21985 8
21985 104
21985 30
21985 59
21985 36
21985 78
21985 41
21985 5
21985 6
21985 9
21985 70
21985 15
21985 62
21985 64
21985 25
21985 63
21985 32
21985 23
21985 16
21985 91
21985 107
21985 106
21985 4
21985 50
21985 82
21985 86
21985 17
21985 95
21985 72
21985 12
21985 101
21985 105
21985 111
21985 45
21985 88
21985 38
21985 85
21985 81
21985 39
21985 24
21985 19
21985 54
21985 33
21985 2
21985 47
21985 52
21985 0
21985 20
21985 99
21985 56
21985 3
21985 34
21985 83
21985 68
21985 10
21985 74
21985 11
21985 96
21985 109
21985 49
21985 26
21985 77
21985 42
21985 58
21985 53
21985 37
21985 98
21985 76
21985 87
21985 80
21985 69
22036 11
22036 0
22036 10
22036 19
22036 12
22036 13
22036 15
22036 27
22036 3
22036 26
22036 28
22036 23
22036 7
22036 18
22036 8
22036 20
22036 5
22036 24
22036 4
22036 22
22036 14
21517 90
21517 4
21517 99
21517 126
21517 88
21517 27
21517 79
21517 86
21517 98
21517 55
21517 83
21517 110
21517 125
21517 43
21517 44
21517 7
21517 57
21517 67
21517 122
21517 35
21517 51
21517 71
21517 80
21517 112
21517 114
21517 1
21517 23
21517 104
21517 58
21517 81
21517 76
21517 50
21517 70
21517 91
21517 24
21517 40
21517 116
21517 118
21517 16
21517 52
21517 34
21517 38
21517 28
21517 41
21517 106
21517 0
21517 48
21517 89
21517 121
21517 101
21517 39
21517 111
21517 119
21517 20
21517 68
21517 6
21517 18
21517 107
21517 120
21517 29
21517 42
21517 93
21517 14
21517 37
21517 11
21517 54
21517 10
21517 97
21517 115
21517 5
21517 13
21517 127
21517 30
21517 33
21517 103
21517 21
21517 25
21517 66
21517 19
21517 22
21517 85
21517 26
21517 62
21517 78
21517 59
21517 64
21517 92
21517 3
21517 72
21517 74
21517 87
21517 124
21517 53
21517 84
21517 45
21517 46
21517 49
21517 95
21949 25
21949 6
21895 420
21895 198
21895 334
21895 338
21895 415
21895 30
21895 186
21895 537
21895 448
21895 156
21895 396
21895 321
21895 359
21895 398
21895 23
21895 382
21895 160
21895 27
21895 28
21895 146
21895 228
21895 58
21895 112
21895 303
21895 379
21895 497
21895 20
21895 49
21895 25
21895 243
21895 48
21895 66
21895 409
21895 2
21895 98
21895 509
21895 406
21895 520
21895 551
21895 283
21895 5
21895 0
21895 261
21895 85
21895 320
21895 52
21895 163
21895 435
21895 44
21895 461
21895 215
21895 541
21895 170
21895 116
21895 139
21895 433
21895 418
21895 545
21895 503
21895 53
21895 407
21895 108
21895 149
21895 305
21895 307
21895 562
21895 161
21895 43
21895 490
21895 95
21895 368
21895 393
21895 513
21895 380
21895 284
21895 199
21895 72
21895 454
21895 173
21895 294
21895 165
21895 264
21895 80
21895 78
21895 182
21895 434
21895 45
21895 212
21895 155
21895 38
21895 523
21895 15
21895 481
21895 317
21895 388
21895 400
21895 208
21895 105
21895 456
21895 130
21895 511
21895 364
21895 350
21895 330
21895 234
21895 274
21895 550
21895 114
21895 164
21895 77
21895 92
21895 201
21895 266
21895 125
21895 486
21895 499
21895 386
21895 287
21895 137
21895 196
21895 281
21895 542
21895 331
21895 119
21895 478
21895 222
21895 18
21895 252
21895 263
21895 429
21895 91
21895 179
21895 250
21895 206
21895 365
21895 381
21895 132
21895 516
21895 416
21895 394
21895 205
21895 449
21895 480
21895 181
21895 12
21895 74
21895 189
21895 442
21895 106
21895 479
21895 225
21895 166
21895 150
21895 332
21895 508
21895 559
21895 73
21895 143
21895 424
21895 517
21895 521
21895 399
21895 311
21895 515
21895 344
21895 269
21895 535
21895 56
21895 494
21895 167
21895 7
21895 144
21895 29
21895 142
21895 458
21895 552
21895 115
21895 245
21895 329
21895 133
21895 180
21895 437
21895 369
21895 507
21895 371
21895 248
21895 335
21895 348
21895 126
21895 138
21895 427
21895 256
21895 4
21895 555
21895 549
21895 383
21895 101
21895 493
21895 158
21895 232
21895 410
21895 441
21895 473
21895 21
21895 370
21895 392
21895 467
21895 124
21895 216
21895 242
21895 113
21895 351
21895 104
21895 10
21895 292
21895 46
21895 514
21895 148
21895 223
21895 210
21895 468
21895 385
21895 505
21895 61
21895 342
21895 531
21895 63
21895 466
21895 174
21895 81
21895 343
21895 530
21895 361
21895 469
21895 452
21895 141
21895 271
21895 204
21895 213
21895 475
21895 324
21895 191
21895 444
21895 65
21895 118
21895 485
21895 229
21895 209
21895 489
21895 451
21895 328
21895 129
21895 54
21895 128
21895 312
21895 384
21895 309
21895 536
21895 193
21895 556
21895 339
21895 501
21895 492
21895 460
21895 93
21895 326
21895 421
21895 476
21895 419
21895 22
21895 195
21895 340
21895 459
21895 90
21895 314
21895 432
21895 127
21895 268
21895 117
21895 153
21895 233
21895 502
21895 183
21895 19
21895 390
21895 50
21895 76
21895 548
21895 524
21895 169
21895 240
21895 519
21895 327
21895 500
21895 37
21895 9
21895 288
21895 69
21895 296
21895 403
21895 539
21895 557
21895 83
21895 152
21895 547
21895 462
21895 532
21895 277
21895 498
21895 534
21895 235
21895 89
21895 172
21895 55
21895 103
21895 122
21895 417
21895 17
21895 352
21895 308
21895 374
21895 428
21895 36
21895 221
21895 337
21895 373
21895 203
21895 26
21895 362
21895 522
21895 278
21895 482
21895 474
21895 197
21895 367
21895 375
21895 41
21895 136
21895 512
21895 255
21895 60
21895 226
21895 405
21895 300
21895 207
21895 272
21895 504
21895 62
21895 397
21895 171
21895 109
21895 561
21895 282
21895 285
21895 259
21895 147
21895 121
21895 254
21895 341
21895 506
21895 276
21895 310
21895 219
21895 295
21895 110
21895 262
21895 298
21895 465
21895 540
21895 496
21895 355
21895 319
21895 111
21895 553
21895 450
21895 51
21895 159
21895 194
21895 518
21895 302
21895 395
21895 11
21895 24
21895 455
21895 258
21895 279
21895 99
21895 411
21895 8
21895 378
21895 59
21895 391
21895 372
21895 68
21895 526
21895 487
21895 447
21895 440
21895 438
21895 558
21895 446
21895 253
21895 157
21895 270
21895 425
21895 488
22031 3
22031 7
22031 9
22031 0
22031 2
22031 1
22031 5
22031 4
22031 6
21629 14
21629 17
21629 33
21629 57
21629 78
21629 150
21439 98
21530 2
21530 30
21530 50
21530 53
21530 64
21530 14
21530 17
21530 38
21530 43
21530 44
21530 74
21530 77
21530 16
21530 49
21530 68
21530 21
21530 60
22161 238
22161 201
22161 372
22161 151
22161 5
22161 349
22161 200
22161 108
22161 64
22161 397
22161 237
22161 245
22161 333
22161 178
22161 174
22161 260
22161 292
22161 69
22161 253
22161 94
22161 385
22161 280
22161 342
22161 192
22161 369
22161 359
22161 29
22161 46
22161 450
22161 387
22161 82
22161 159
22161 12
22161 452
22161 413
22161 446
22161 375
22161 441
22161 264
22161 179
22161 270
22161 170
22161 65
22161 315
22161 365
22161 48
22161 286
22161 49
22161 105
22161 185
22161 358
22161 433
22161 181
22161 332
22161 244
22161 256
22161 68
22161 53
22161 391
22161 221
22161 378
22161 172
22161 361
22161 234
22161 71
22161 271
22161 62
22161 285
22161 368
22161 313
22161 58
22161 360
22161 283
22161 154
22161 218
22161 436
22161 263
22161 303
22161 379
22161 336
22161 426
22161 373
22161 35
22161 204
22161 50
22161 341
22161 294
22161 100
22161 274
22161 308
22161 85
22161 167
22161 52
22161 76
22161 78
22161 246
22161 399
22161 44
22161 21
22161 162
22161 406
22161 39
22161 197
22161 302
22161 345
22161 43
22161 320
22161 72
22161 289
22161 33
22161 86
22161 362
22161 267
22161 155
22161 60
22161 412
22161 382
22161 324
22161 191
22161 157
22161 211
22161 440
22161 357
22161 96
22161 310
22161 307
22161 328
22161 311
22161 329
22161 261
22161 175
22161 156
22161 189
22161 209
22161 377
22161 24
22161 374
22161 282
22161 266
22161 461
22161 419
22161 403
22161 444
22161 13
22161 428
22161 327
22161 376
22161 168
22161 232
22161 236
22161 235
22161 347
22161 8
22161 95
22161 15
22161 190
22161 351
22161 173
22161 344
22161 268
22161 19
22161 272
22161 205
22161 427
22161 54
22161 400
22161 305
22161 206
22161 442
22161 364
22161 437
22161 405
22161 198
22161 171
22161 297
22161 252
22161 337
22161 445
22161 430
22161 348
22161 31
22161 339
22161 61
22161 42
22161 407
22161 330
22161 97
22161 166
22161 393
22161 390
22161 63
22161 225
22161 417
22161 187
22161 160
22161 394
22161 423
22161 165
22161 366
22161 383
22161 410
22161 248
22161 16
22161 386
22161 319
22161 10
22161 262
22161 34
22161 212
22161 276
22161 180
22161 439
22161 335
22161 3
22161 188
22161 298
22161 404
22161 90
22161 57
22161 41
22161 228
22161 346
22161 312
22161 293
22161 388
22161 99
22161 0
22161 233
22161 306
22161 207
22161 432
22161 414
22161 408
22161 265
22161 453
22161 447
22161 454
22161 217
22161 91
22161 254
22161 458
22161 220
22161 381
22161 74
22161 350
22161 101
22161 295
22161 279
22161 304
22161 224
22161 17
22161 80
22161 81
22161 353
22161 443
22161 106
22161 92
22161 195
22161 51
22161 177
22161 300
22161 1
22161 354
22161 104
22161 278
22161 431
22161 14
22161 208
22161 255
22161 409
22161 202
22161 338
22161 196
22161 215
22161 418
22161 334
22161 6
22161 355
22161 240
22161 429
22161 343
22161 38
22161 435
22161 287
22161 77
22161 392
22161 456
22161 107
22161 84
22161 163
22161 371
22161 152
22161 316
22161 75
22161 2
22161 401
22161 247
22161 153
22161 314
22161 88
22161 210
22161 45
22161 229
22161 411
22161 395
22161 164
22161 11
22161 273
22161 325
22161 258
22161 259
22161 183
22161 384
22161 55
22161 402
22161 22
22161 40
22161 176
22161 9
22161 186
22161 242
22161 434
22161 199
22161 230
21589 42
21589 2
21589 37
21589 26
21589 45
21589 30
21589 41
21589 46
21589 15
21589 20
21589 0
21589 3
21589 27
21589 4
21589 21
21589 35
21589 13
21589 17
21589 38
21589 12
21589 34
21589 10
21589 47
21589 22
21589 29
21589 43
21589 14
21589 31
21589 39
21589 19
21589 8
21589 18
21589 48
21589 33
22184 13
22184 28
22184 12
22184 41
22184 8
22184 50
22184 39
22184 56
22184 32
22184 16
22184 54
21937 3
21937 26
21937 22
21937 2
21937 0
21937 13
21937 15
21937 6
21937 10
21579 182
21844 79
21844 5
21844 9
21844 45
21844 28
21844 86
21844 21
21844 64
21844 76
21844 18
21844 68
21844 67
21844 58
21844 60
21844 3
21844 32
21844 85
21844 26
21844 55
21844 87
21844 16
21844 31
21844 47
21844 11
21844 23
21844 56
21844 70
21844 39
21844 25
21844 50
21844 88
21844 27
21844 62
21844 83
21844 65
21844 72
21844 71
21844 12
21844 22
21844 0
21844 17
21844 30
21844 80
21844 81
21844 13
21844 69
21844 8
21844 61
21844 15
21844 37
21844 53
21844 48
21844 73
21844 46
21844 36
21844 44
21844 89
21844 43
21844 51
21844 14
21844 54
21844 78
21844 57
21844 20
21844 35
21844 84
21844 1
21844 52
21844 38
21844 77
21844 42
21844 66
21844 33
21844 63
21916 453
21916 143
21916 443
21916 349
21916 90
21916 149
21916 230
21916 465
21916 132
21916 198
21916 207
21916 174
21916 385
21916 279
21916 108
21916 302
21916 9
21916 381
21728 226
21728 72
21728 87
21728 16
21728 26
21728 51
21728 97
21728 113
21728 236
21728 287
21728 115
21728 171
21728 172
21728 188
21728 209
21728 215
21728 293
21728 107
21728 142
21728 147
21728 183
21728 224
21728 270
21728 279
21728 285
21823 22
21823 49
21823 52
21823 27
21823 42
21823 26
21823 60
21823 24
21516 72
21516 24
21516 30
21516 42
21516 22
21516 25
21516 43
21516 53
21516 62
21516 35
21516 18
21516 21
21516 29
21516 37
21516 73
21516 8
21516 20
21516 66
21516 14
21516 28
21516 32
21516 76
21516 58
21516 1
21516 6
21516 67
21516 52
21516 9
21516 61
21516 36
21516 38
21516 41
21516 57
21516 65
21516 68
21516 75
21516 54
21516 71
21516 3
21516 34
21516 56
21516 10
21516 47
21516 48
21516 7
21516 19
21516 45
21516 46
21516 49
21516 63
21516 2
21516 79
21516 23
21516 11
21516 39
21516 51
21516 26
21516 60
21516 0
21516 74
21957 50
21957 117
21957 12
21957 157
21957 97
21957 199
21957 65
21957 108
21957 180
21957 85
21957 70
21957 107
21957 166
21957 67
21957 158
21957 20
21957 106
21957 188
21957 55
21957 143
21957 15
21957 132
21957 176
21957 142
21957 119
21957 100
21957 183
21957 41
21957 96
21957 86
21957 196
21957 124
21957 148
21957 28
21957 87
21957 51
21957 177
21957 126
21957 198
21957 14
21957 151
21957 129
21957 30
21957 40
21957 172
21957 161
21957 140
21957 184
21957 150
21957 113
21957 53
21957 160
21957 2
21957 175
21957 27
21957 187
21957 46
21957 33
21957 173
21957 44
21957 111
21957 171
21957 59
21957 105
21957 203
21957 39
21957 110
21957 91
21957 192
21957 31
21957 201
21957 154
21957 164
21957 115
21957 146
21957 109
21957 11
21957 165
21957 99
21957 5
21957 93
21957 66
21957 138
21957 6
21957 52
21957 182
21957 29
21957 19
21957 89
21957 131
21957 130
21957 167
21957 49
21957 61
21957 98
21957 26
21957 1
21957 178
21957 13
21957 48
21957 195
21957 162
21957 116
21957 153
21957 149
21957 174
21957 56
21957 69
21957 17
21957 47
21957 103
21957 84
21957 125
21957 141
21957 21
21957 202
21957 147
21957 36
21957 73
21957 123
21957 37
21957 168
21957 68
21957 194
21957 57
21957 186
21957 156
21957 189
21957 88
21957 102
21957 170
21957 118
21957 4
21957 71
21957 35
21957 159
21957 63
21957 120
21957 9
21957 81
22180 98
22180 70
22180 48
22180 58
22180 89
22180 78
22180 80
22180 126
22180 54
22180 72
22180 71
22180 67
22180 142
22180 86
22180 111
22180 87
22180 138
22180 110
22180 16
22180 96
22180 26
22180 57
22180 131
22180 121
22180 100
22180 35
22180 45
22180 107
22180 123
22180 49
22180 44
22180 65
22180 6
22180 61
22180 17
22180 2
22180 115
22180 81
22180 82
22180 135
22180 125
22180 93
22180 76
22180 114
22180 19
22180 41
22180 95
22180 52
22180 11
22180 66
22180 3
22180 130
22180 69
22180 47
22180 137
22180 1
22180 94
22180 7
22180 28
22180 38
22180 113
22180 53
22180 5
22180 8
22180 32
22180 56
22180 120
22180 92
22180 106
22180 77
22180 50
22180 22
22180 13
22180 59
22180 133
22180 21
22180 10
22180 103
22180 136
22180 102
22180 122
22180 12
22180 60
22180 36
22180 109
22180 55
22180 90
22180 85
22180 88
22180 112
22180 24
22180 128
22180 119
22180 4
22180 68
22180 140
22180 127
22180 27
22180 31
22180 51
22180 117
22180 141
22180 83
22180 108
22180 37
22090 23
22090 146
22090 30
22090 79
22090 94
22090 20
22090 38
22261 3
22261 20
22123 65
22123 39
22123 66
22123 125
22123 22
22123 103
22123 14
22123 10
22123 154
22123 138
22123 33
22123 90
22123 113
22123 88
22123 60
22123 147
22123 100
22123 92
22123 116
22123 0
22123 87
22123 84
22123 37
22123 57
22123 137
22123 71
22123 108
22123 16
22123 54
22123 5
22123 139
22123 69
22123 155
22123 161
22123 104
22123 122
22123 93
22123 142
22123 117
22123 127
22123 34
22123 145
22123 80
22123 44
22123 130
22123 95
22123 72
22123 35
22123 129
22123 12
22123 63
22123 8
22123 53
22123 114
22123 7
22123 159
22123 70
22123 13
22123 110
22123 119
22123 24
22123 43
22123 102
22123 105
22123 78
22123 55
22123 52
22123 96
22123 157
22123 31
22123 82
22123 23
22123 149
22123 2
22123 131
22123 28
22123 97
22123 136
22123 134
22123 25
22123 26
22123 51
22123 20
22123 132
22123 1
22123 99
22123 15
22123 61
22123 76
22123 17
22123 106
22123 111
22123 50
22123 146
22123 73
22123 40
22123 79
22123 121
22123 45
22123 86
22123 29
22123 101
22123 141
22123 6
22123 3
22123 126
22123 148
22123 62
22123 56
22123 4
22123 36
22123 38
22123 42
22123 9
22123 81
22123 144
22123 18
22123 49
22123 109
22033 15
22033 28
22033 12
22033 24
22033 7
22033 13
22033 20
22033 35
22033 14
22033 33
22033 31
22033 6
22033 22
22033 2
22033 21
22033 23
22033 0
22033 9
22033 11
22033 19
22033 29
22033 8
22033 4
21757 128
21757 213
21757 207
21757 46
21757 217
21974 55
21974 351
21974 478
21974 123
21974 472
21974 309
21974 18
21974 27
21974 247
21974 67
21974 324
21974 111
21974 9
21974 100
21974 434
21974 223
21974 405
21974 57
21974 331
21974 108
21974 428
21974 541
21974 139
21974 5
21974 174
21974 41
21974 471
21974 421
21974 65
21974 414
21974 196
21974 286
21974 181
21974 19
21974 284
21974 275
21974 152
21974 95
21974 302
21974 1
21974 127
21974 343
21974 179
21974 105
21974 377
21974 322
21974 398
21974 494
21974 25
21974 334
21974 518
21974 406
21974 225
21974 229
21974 431
21974 519
21974 44
21974 517
21974 400
21974 461
21974 215
21974 194
21974 413
21974 180
21974 164
21974 508
21974 234
21974 22
21974 419
21974 281
21974 342
21974 514
21974 149
21974 102
21974 56
21974 314
21974 399
21974 415
21974 402
21974 221
21974 536
21974 207
21974 513
21974 277
21974 260
21974 480
21974 163
21974 62
21974 104
21974 489
21974 430
21974 216
21974 368
21974 124
21974 391
21974 289
21974 313
21974 29
21974 178
21974 210
21974 220
21974 32
21974 356
21974 305
21974 198
21974 75
21974 469
21974 21
21974 468
21974 355
21974 531
21974 256
21974 278
21974 293
21974 389
21974 66
21974 184
21974 168
21974 258
21974 448
21974 359
21974 354
21974 320
21974 321
21974 144
21974 241
21974 479
21974 333
21974 90
21974 525
21974 339
21974 238
21974 166
21974 427
21974 444
21974 80
21974 119
21974 162
21974 298
21974 287
21974 53
21974 156
21974 89
21974 493
21974 191
21974 382
21974 182
21974 349
21974 15
21974 246
21974 79
21974 31
21974 367
21974 135
21974 59
21974 97
21974 423
21974 449
21974 208
21974 454
21974 486
21974 450
21974 522
21974 185
21974 262
21974 439
21974 146
21974 45
21974 304
21974 236
21974 42
21974 347
21974 190
21974 282
21974 500
21974 23
21974 397
21974 98
21974 375
21974 140
21974 93
21974 503
21974 443
21974 270
21974 376
21974 7
21974 437
21974 138
21974 341
21974 6
21974 492
21974 323
21974 48
21974 237
21974 510
21974 532
21974 432
21974 328
21974 115
21974 470
21974 537
21974 151
21974 372
21974 204
21974 498
21974 69
21974 473
21974 193
21974 160
21974 447
21974 82
21974 458
21974 387
21974 446
21974 227
21974 249
21974 393
21974 453
21974 218
21974 507
21974 17
21974 158
21974 239
21974 195
21974 112
21974 521
21974 457
21974 481
21974 294
21974 150
21974 273
21974 534
21974 477
21974 528
21974 8
21974 296
21974 426
21974 169
21974 52
21974 266
21974 403
21974 131
21974 171
21974 526
21974 250
21974 344
21974 83
21974 92
21974 16
21974 332
21974 475
21974 99
21974 336
21974 301
21974 505
21974 201
21974 390
21974 465
21974 451
21974 84
21974 290
21974 213
21974 219
21974 78
21974 279
21974 317
21974 51
21974 240
21974 506
21974 248
21974 233
21974 26
21974 365
21974 466
21974 189
21974 292
21974 442
21974 462
21974 136
21974 358
21974 484
21974 134
21974 228
21974 424
21974 438
21974 456
21974 206
21974 366
21974 299
21974 37
21974 311
21974 515
21974 306
21974 538
21974 364
21974 129
21974 188
21974 43
21974 165
21974 73
21974 46
21974 145
21974 352
21974 501
21974 271
21974 511
21974 60
21974 527
21974 267
21974 440
21974 133
21974 114
21974 338
21974 374
21974 392
21974 230
21974 157
21974 357
21974 409
21974 68
21974 235
21974 72
21974 378
21974 396
21974 38
21974 117
21974 85
21974 264
21974 96
21974 159
21974 253
21974 485
21974 285
21974 300
21974 109
21974 71
21974 533
21974 40
21974 34
21974 433
21974 394
21974 251
21974 47
21974 130
21974 371
21974 200
21974 459
21974 512
21974 110
21974 318
21974 535
21974 203
21974 381
21974 335
21974 88
21974 276
21974 103
21974 523
21974 269
21974 326
21974 295
21974 337
21974 520
21974 259
21974 226
21974 257
21974 161
21974 329
21974 176
21974 361
21974 436
21974 212
21974 502
21974 39
21974 13
21974 408
21974 429
21974 303
21974 77
21974 288
21974 94
21974 441
21974 261
21974 63
21974 490
21974 316
21974 265
21974 254
21974 407
21974 373
21974 330
21974 383
21974 125
21974 272
21974 455
21974 255
21974 420
21974 401
21974 274
21974 122
21974 214
21974 242
21974 388
21974 346
21974 283
21948 58
21805 103
21975 24
21975 73
21975 100
21975 92
21975 56
21975 67
21975 65
21975 82
21975 97
21975 23
21975 3
21975 66
21975 99
21975 70
21975 63
21975 94
21975 49
21975 98
21975 29
21975 59
21975 53
21975 93
21975 51
21975 44
21975 43
21975 105
21975 40
21975 84
21975 45
21975 31
21975 42
21975 35
21975 39
21975 22
21975 90
21975 76
21975 103
21975 75
21975 87
21975 36
21975 96
21975 77
21975 101
21975 89
21975 60
21975 69
21975 47
21975 52
21975 6
21975 25
21975 1
21975 85
21975 80
21975 38
21975 48
21975 27
21975 72
21975 50
21975 33
21975 71
21975 2
21975 4
21975 91
21975 7
21975 78
21975 57
21516 33
21516 44
21516 64
21516 12
21516 31
21516 40
21516 77
21516 78
22188 60
22188 137
22188 62
22188 173
22188 157
22188 196
22188 37
22188 279
22188 59
22188 22
22188 66
22188 57
22188 235
21834 47
21834 137
21834 48
21834 105
21525 23
21525 6
21525 31
21525 122
21888 41
21888 37
21898 102
21898 167
21898 78
21898 169
21898 83
21898 130
21898 74
22137 31
21705 110
21705 158
21705 70
21705 71
21705 92
21705 118
21705 134
21705 149
21705 48
21705 61
21929 14
21929 108
21929 17
21929 81
21929 44
21929 101
21929 103
21929 54
21929 63
21929 3
21929 25
21929 28
21929 22
21929 26
21929 43
21929 94
21929 16
21929 62
21929 0
21929 88
21929 30
21929 95
21929 100
21929 91
21929 71
21929 53
21929 82
21929 61
21929 104
21929 48
21929 18
21929 8
21929 109
21929 9
21929 77
21929 92
21929 1
21929 72
21929 57
21929 56
21929 70
21929 24
21929 84
21929 107
21929 47
21929 4
21929 38
21929 106
21929 86
21929 50
21929 7
21929 29
21929 34
21929 33
21929 31
21929 42
21929 55
21929 66
21929 93
21929 75
21929 60
21929 13
21929 59
21929 76
21929 46
21929 32
21929 35
21929 21
21929 87
21929 102
21929 68
21929 20
21929 6
21929 98
21929 15
21460 1
21460 75
21700 23
21700 5
21700 9
21700 27
21700 0
21700 12
21700 13
21700 26
21700 29
21700 35
21700 32
21700 17
21700 21
21700 33
21700 31
21700 8
21700 15
21700 25
21700 14
21700 2
21700 19
21700 7
21700 18
21700 16
21700 4
21700 10
21700 11
21700 30
21700 24
21700 6
21700 22
21700 28
21700 36
21700 20
21752 5
21752 17
21752 76
21752 79
21752 84
21752 14
21752 28
21752 35
21752 53
21752 40
21752 37
21752 47
21752 18
21752 32
21752 63
21752 29
21752 81
21752 34
21752 74
21752 13
21752 61
21752 24
21752 83
21752 44
21752 80
22150 185
22150 124
22150 159
22150 71
22150 80
22150 164
22150 153
22150 181
22150 158
22150 118
22150 180
22150 7
22150 210
22150 197
22150 47
22150 81
22150 21
22150 163
22150 131
22150 119
22150 73
22150 177
22150 40
22150 24
22150 126
22150 168
22150 11
22150 28
22150 84
22150 213
22150 128
22150 123
22150 148
22150 176
22150 211
22150 152
22150 198
22150 0
22150 75
22150 196
22150 157
22150 120
22150 202
22150 88
22150 212
22150 138
22150 32
22150 95
22150 169
22150 117
22150 12
22150 183
22150 42
22150 62
22150 170
22150 200
22150 116
22150 67
22150 161
22150 121
22150 89
22150 122
22150 130
22150 72
22150 99
22150 66
22150 172
22150 111
22150 83
22150 49
22150 142
22150 134
22150 216
22150 112
22150 113
22150 201
22150 207
22150 192
22150 15
22150 60
22150 18
22150 132
22150 214
22150 155
22150 13
22150 194
22150 1
22150 188
22150 143
22150 6
22150 61
22150 182
22150 20
22150 19
22150 173
22150 87
22150 82
22150 2
22150 204
22150 141
22150 205
22150 39
22150 136
22150 147
22150 203
22150 151
22150 146
22150 17
22150 63
22150 52
22150 53
22150 149
22150 46
22150 208
22150 107
22150 140
22150 165
22150 166
22150 44
22150 144
22150 22
22150 26
22150 35
22150 77
22150 14
22150 93
22150 41
22150 137
22150 191
22150 127
22150 59
22150 25
22150 187
22150 86
22150 167
22150 45
22150 92
22150 94
22150 129
22150 145
22150 51
22150 65
22150 206
22150 190
22150 133
22150 186
22150 171
22150 97
22150 54
22150 79
22150 215
22150 3
22150 5
22150 56
22150 199
22150 70
22150 109
21487 68
21487 161
21487 194
21487 197
21487 227
21487 276
21487 310
21487 312
21487 9
21487 20
21487 38
21487 83
21487 128
21487 141
21487 308
21487 316
21487 353
21487 59
21487 79
21487 214
21487 252
21487 258
21487 328
21487 49
21487 78
21487 109
21487 171
21487 199
21487 233
21487 76
21487 82
21487 114
21487 170
21487 286
21487 300
21487 319
21487 339
21487 16
21487 120
21487 157
21487 165
21487 284
21487 287
21487 291
21487 61
21487 81
21487 178
21487 201
21487 205
21487 263
21487 282
21487 289
21487 7
21487 47
21487 58
21487 223
21487 250
21487 261
21487 96
21487 105
21487 251
21487 292
21487 303
21487 304
21487 332
21487 92
21487 147
21487 217
21487 298
21487 315
21487 50
21487 123
21487 132
21487 142
21487 173
21487 184
21487 360
21487 362
21487 35
21487 95
21487 117
21487 150
21487 189
21487 266
21487 3
21487 91
21487 236
21487 302
21487 327
21487 345
21487 42
21487 56
21487 84
21487 158
21487 185
21487 280
21487 309
21487 23
21487 27
21487 53
21487 127
21487 326
21487 64
21487 278
21487 288
21487 290
21487 340
21487 359
21487 4
21487 48
21487 198
21487 260
21487 275
21487 344
21487 349
21487 357
21487 36
21487 118
21487 134
21487 183
21487 191
21487 206
21487 334
21487 5
21487 13
21487 21
21487 108
21487 111
21487 156
21487 182
21487 213
21487 24
21487 34
21487 69
21487 107
21487 113
21487 271
21487 279
21487 321
21487 351
21487 354
22063 304
22063 110
22063 82
22063 537
22063 477
22063 19
22063 158
22063 1
22063 308
22063 505
22063 429
22063 336
22063 324
22063 73
22063 502
22063 33
22063 24
22063 187
22063 360
22063 437
22063 140
22063 36
22063 137
22063 197
22063 536
22063 146
22063 356
21875 37
21875 6
21875 49
21875 44
21875 70
21875 64
21875 55
21875 112
21875 124
21875 108
21875 39
21875 60
21875 23
21875 29
21875 56
21875 27
21875 95
21875 45
21875 4
21875 107
21875 133
21875 86
21875 48
21875 76
21875 67
21875 47
21875 5
21875 109
21875 135
21875 73
21875 103
21875 74
21875 104
21875 102
21875 53
21875 72
21875 1
21875 100
21875 81
21875 21
21875 131
21875 54
21875 63
21875 35
21875 128
21875 83
21875 117
21875 91
21875 120
21875 26
21875 65
21875 79
21875 105
21875 96
21875 32
21875 40
21875 115
21875 119
21875 59
21875 9
21875 90
21875 99
21875 58
21875 2
21875 82
21875 126
21875 97
21875 30
21875 113
21875 43
21875 71
21875 41
21875 52
21875 38
21875 50
21875 22
21875 114
21875 80
21875 98
21875 132
21875 92
21875 78
21875 25
21875 33
21801 81
21801 89
21801 137
21801 147
21801 162
21801 166
21801 171
21801 172
21801 177
21801 23
21801 34
21801 52
21801 55
21801 80
21801 90
21801 124
21801 53
21801 73
21801 112
21801 158
21801 163
21801 56
21801 102
21801 75
21801 99
21801 103
21801 109
21801 141
21801 156
21801 164
21801 173
21801 135
21801 19
21801 29
21801 33
21801 93
21801 97
21801 110
21801 47
21801 71
21801 70
21801 63
21801 51
21801 59
21801 77
21801 83
21801 113
21801 143
21801 153
21801 11
21801 36
21801 100
21801 101
21801 4
21801 46
21801 66
21801 88
21801 122
21801 126
21801 6
21801 159
21801 42
21801 18
21801 105
21801 116
21801 3
21801 17
21801 120
21801 140
21801 85
21801 151
21801 155
21801 168
21801 178
21801 67
21801 72
21801 74
21801 26
21801 14
21801 54
21801 12
21801 160
21801 174
21801 176
21801 179
21801 133
21801 40
21801 69
21801 82
21801 128
21801 49
21801 16
21801 84
21801 20
21801 60
21801 92
21801 106
21801 165
21801 2
21801 86
21801 94
21801 35
21801 96
21801 98
21801 129
21801 142
21801 148
21801 150
21801 24
21801 65
21801 57
21801 127
21801 15
21801 64
21801 78
21801 104
21801 114
21801 117
21801 118
21801 134
21801 5
21801 30
21801 37
21801 87
21801 119
21801 123
21801 139
21801 9
21801 132
21801 22
21801 38
21801 79
21801 91
21801 121
21801 138
21801 144
21801 145
21801 149
21767 23
21767 25
21767 74
21474 82
21474 93
21784 3
21784 21
21784 20
21784 53
21784 17
21784 19
21784 27
21784 46
21784 23
21784 32
21784 78
21784 47
21784 24
21784 31
21784 33
21784 64
21784 59
21784 68
21784 8
21784 61
21784 35
21784 70
21784 9
21784 48
21784 54
21784 56
21784 1
21784 29
21784 2
21784 16
21784 26
21784 73
21784 36
21784 10
21784 13
21784 62
21784 42
21784 51
21784 57
21784 41
21784 50
21784 69
21784 60
21784 4
21784 63
21784 67
21784 14
21784 37
21784 15
21784 28
21784 40
21784 44
21784 76
21784 22
21894 37
21780 27
21780 37
21780 19
21780 4
21780 8
21780 15
21780 20
21780 18
21780 13
21780 32
21780 6
21780 35
21780 38
21780 30
21780 23
21780 1
21780 25
21780 36
21780 21
21780 0
21780 10
21780 11
21780 2
21780 5
21780 31
21906 145
21906 19
21906 105
21906 4
21906 116
21906 141
21906 68
21906 195
21906 168
21906 72
21906 63
21906 185
21906 74
21906 58
21906 112
21906 137
21906 70
21906 2
21906 31
21906 43
21906 6
21906 232
21906 139
21906 40
21906 0
21906 81
21906 163
21906 77
21906 51
21906 230
21906 198
21906 128
21906 49
21906 206
21906 165
21906 143
21906 39
21906 153
21906 8
21906 212
21906 218
21906 172
21906 129
21906 62
21906 169
21906 84
21906 98
21906 50
21906 229
21906 54
21906 166
21906 21
21906 193
21906 34
21906 149
21906 234
21906 150
21906 90
21906 15
21906 135
21468 58
21468 102
21468 116
21468 143
21468 155
21468 268
21468 297
21468 373
21468 61
21468 75
21468 94
21468 123
21468 191
21468 244
21468 266
21468 293
21468 340
21468 416
21468 9
21468 46
21468 151
21468 204
21468 240
21468 307
21468 334
21468 410
21468 420
21468 446
21468 24
21468 91
21468 100
21468 125
21468 134
21468 168
21468 256
21468 387
21468 431
21468 25
21468 52
21468 55
21468 86
21468 132
21468 213
21468 229
21468 263
21468 336
21468 65
21468 67
21468 157
21468 201
21468 310
21468 314
21468 328
21468 409
21468 445
21468 5
21468 85
21468 95
21468 226
21468 321
21468 347
21468 398
21468 412
21468 421
21468 494
21468 498
21468 506
21468 512
21468 499
21468 515
21468 516
21468 101
21468 170
21468 171
21468 175
21468 251
21468 272
21468 304
21468 370
21468 377
21468 404
21468 492
21468 503
21468 469
21468 558
21468 18
21468 39
21468 59
21468 186
21468 188
21468 254
21468 342
21468 348
21468 519
21468 6
21468 84
21468 160
21468 179
21468 184
21468 258
21468 309
21468 376
21468 400
21468 407
21468 37
21468 43
21468 50
21468 105
21468 150
21468 167
21468 242
21468 326
21468 335
21468 13
21468 15
21468 23
21468 271
21468 447
21468 452
21468 459
21468 473
21468 536
21468 539
21468 548
21468 476
21468 477
21468 545
21468 478
21468 488
21468 485
21468 47
21468 176
21468 193
21468 224
21468 246
21468 346
21468 415
21468 430
21468 36
21468 44
21468 87
21468 110
21468 320
21468 360
21468 403
21468 418
21468 429
21468 502
21468 45
21468 124
21468 200
21468 217
21468 411
21468 424
21468 428
21468 463
21468 471
21468 509
21468 81
21468 152
21468 163
21468 164
21468 194
21468 241
21468 302
21468 441
21468 508
21468 510
21468 22
21468 31
21468 88
21468 239
21468 255
21468 319
21468 344
21468 414
21468 425
21468 12
21468 20
21468 66
21468 121
21468 142
21468 178
21468 247
21468 248
21468 361
21468 501
21468 518
21468 557
21468 461
21468 497
21468 511
21468 180
21468 218
21468 230
21468 249
21468 289
21468 322
21468 327
21468 369
21468 433
21468 436
21468 269
21468 16
21468 301
21468 486
21468 493
21468 51
21468 78
21468 223
21468 264
21468 331
21468 397
21468 408
21468 90
21468 118
21468 177
21468 181
21468 192
21468 252
21468 285
21468 375
21468 386
21468 419
21468 538
21468 542
21468 543
21468 40
21468 42
21468 122
21468 127
21468 147
21468 338
21468 381
21468 435
21468 449
21468 111
21468 119
21468 128
21468 187
21468 203
21468 225
21468 390
21468 438
21468 439
21468 440
21468 62
21468 64
21468 149
21468 280
21468 292
21468 312
21468 333
21468 384
21468 399
21468 520
21468 529
21468 547
21468 475
21468 453
21468 505
21468 145
21468 166
21468 169
21468 173
21468 220
21468 349
21468 392
21468 405
21468 462
21468 484
21468 528
21468 530
21468 546
21468 82
21468 83
21468 106
21468 183
21468 189
21468 278
21468 317
21468 350
21468 351
21468 96
21468 141
21468 144
21468 281
21468 286
21468 287
21468 354
21468 358
21468 426
21468 8
21468 89
21468 93
21468 115
21468 197
21468 233
21468 288
21468 343
21468 371
21468 413
21468 470
21468 474
21468 504
21468 527
21468 479
21468 507
21468 4
21468 17
21468 57
21468 234
21468 260
21468 305
21468 324
21468 365
21468 389
21468 117
21468 208
21468 232
21468 313
21468 329
21468 352
21468 378
21468 394
21468 432
21468 63
21468 137
21468 185
21468 196
21468 212
21468 219
21468 253
21468 265
21468 363
21468 388
21468 472
21468 487
21468 522
21468 481
21468 525
21468 537
21468 555
21468 109
21468 161
21468 205
21468 206
21468 222
21468 270
21468 274
21468 339
21468 21
21468 27
21468 56
21468 68
21468 72
21468 207
21468 216
21468 355
21468 383
21468 456
21468 38
21468 114
21468 120
21468 295
21468 299
21468 357
21468 362
21468 423
21468 513
21468 535
21468 549
21468 556
21468 19
21468 30
21468 34
21468 35
21468 135
21468 172
21468 273
21468 276
21468 325
21468 330
21468 457
21468 500
21468 541
21468 550
21468 491
21468 517
21468 534
21468 544
21468 467
21468 458
21468 32
21468 107
21468 112
21468 261
21468 267
21468 380
21468 391
21468 406
21468 526
21468 48
21468 80
21468 131
21468 283
21468 306
21468 308
21468 345
21468 396
21468 77
21468 113
21468 133
21468 209
21468 221
21468 259
21468 318
21468 366
21468 427
21468 74
21468 138
21468 146
21468 156
21468 215
21468 277
21468 294
21468 298
21468 315
21468 7
21468 10
21468 53
21468 71
21468 136
21468 158
21468 235
21468 243
21468 364
22102 98
22102 130
22102 79
22102 15
22102 89
21631 51
21631 122
21631 145
21631 8
21631 50
21631 129
21631 59
21631 26
21631 55
21631 100
21631 144
21631 152
21631 109
21631 27
21631 79
21631 31
21631 89
21631 77
21631 131
21631 108
21631 70
21631 20
21631 48
21631 141
21631 102
21631 75
21631 46
21631 106
21631 121
21631 154
21631 69
21463 4
21921 66
21921 9
21921 29
21921 104
21921 26
21921 57
21921 81
21921 93
21921 56
21921 90
21921 21
21921 3
21921 82
21921 4
21921 87
21921 15
21921 76
21921 80
21921 20
21921 2
21921 69
21921 64
21921 16
21921 79
21921 42
21921 11
21921 44
21921 71
21921 46
21921 28
21921 105
21921 27
21921 97
21921 75
21921 18
21921 1
21921 91
21921 84
21921 67
21921 25
21921 99
21921 24
21921 36
21921 31
21921 43
21921 89
21921 65
21921 50
21921 14
21921 12
21921 32
21921 74
21921 19
21921 8
21921 102
21921 47
21921 101
21921 48
21921 45
21921 34
21921 13
21921 41
21921 60
21921 40
21921 17
21921 103
21921 0
21921 83
21921 96
21921 53
21921 77
21921 88
21921 10
21921 52
21921 94
21921 86
22242 348
22101 69
22193 13
22193 21
21754 9
21754 2
21754 0
21754 5
21754 8
21754 1
21754 11
21754 6
21754 13
21754 3
21754 7
22114 418
22114 350
22114 441
22114 464
22114 281
22114 438
22114 426
22114 463
22114 352
22114 343
22114 407
22114 338
22114 334
22114 309
22114 312
22114 294
22114 361
22114 446
22114 342
22114 349
22114 292
22114 390
22114 455
22114 402
22114 391
22114 425
22114 429
22114 339
22114 356
22114 311
22114 307
22114 348
22114 454
22114 277
22114 323
22114 330
22114 439
22114 453
22114 353
22114 445
22114 359
21500 9
21500 11
21500 10
21500 12
21500 2
21500 6
21500 4
21500 8
21500 0
21500 5
21500 1
21500 7
21989 1
21989 14
21989 32
21989 36
21989 3
21989 18
21989 2
21989 25
21989 21
21989 7
21989 37
21595 21
21595 8
21595 17
21833 104
21833 192
21833 116
21833 14
21833 359
21833 500
21833 252
21833 288
21833 293
21833 318
21833 196
21833 202
21833 158
21833 59
21833 21
21833 9
21833 74
21833 78
21833 428
21833 119
21833 16
21833 433
21833 125
21833 36
21833 360
21833 198
21833 207
21833 232
21833 254
21833 292
21833 298
21833 316
21833 324
21833 45
21833 70
21833 92
21833 124
21833 363
21833 399
21833 216
21833 221
21833 257
21833 259
21833 285
21833 290
21833 319
21833 440
21833 29
21833 423
21833 161
21833 181
21833 20
21833 101
21833 120
21833 345
21833 458
21833 492
21833 72
21833 122
21833 172
21833 87
21833 374
21833 366
21833 15
21833 23
21833 85
21833 6
21833 441
21833 80
21833 291
21833 391
21833 430
21833 432
21833 112
21833 147
21833 55
21833 99
21833 127
21833 414
21833 156
21833 361
21833 141
21833 372
21833 499
21833 457
21833 230
21833 271
21833 362
21833 34
21833 118
21833 130
21833 111
21833 84
21833 133
21833 38
21833 43
21833 150
21833 159
21833 160
21833 188
21833 371
21833 375
21833 392
21833 400
21833 421
21833 431
21833 473
21833 447
21833 464
21833 385
21833 407
21833 452
21833 460
21833 94
21833 134
21833 132
21833 197
21833 209
21833 42
21833 212
21833 220
21833 235
21833 237
21833 260
21833 270
21833 277
21833 409
21833 27
21833 199
21833 231
21833 242
21833 253
21833 256
21833 269
21833 283
21833 66
21833 152
21833 65
21833 106
21833 151
21833 373
21833 388
21833 91
21833 25
21833 50
21833 69
21833 137
21833 138
21833 380
21833 437
21833 154
21833 410
21833 438
21833 217
21833 349
21833 413
21833 401
21833 406
21833 479
21833 103
21833 368
21833 480
21833 459
21833 402
21833 466
21833 162
21833 442
21833 31
21833 186
21833 218
21833 249
21833 264
21833 279
21833 299
21833 311
21833 314
21833 63
21833 67
21833 370
21833 53
21833 76
21833 225
21833 262
21833 267
21833 286
21833 307
21833 320
21833 328
21833 343
21833 344
21833 153
21833 155
21833 157
21833 179
21833 454
21833 419
21833 470
21833 471
21833 39
21833 107
21833 163
21833 164
21833 427
21833 450
21833 463
21833 501
21833 403
21833 455
21833 33
21833 418
21833 435
21833 35
21833 51
21833 83
21833 168
21833 171
21833 439
21833 405
21833 465
21833 52
21833 131
21833 445
21833 30
21833 11
21833 222
21833 246
21833 265
21833 295
21833 312
21833 323
21833 330
21833 109
21833 8
21833 493
21833 0
21833 10
21833 40
21833 108
21833 114
21833 142
21833 420
21833 140
21833 169
21833 210
21833 243
21833 296
21833 300
21833 317
21833 334
21833 68
21833 7
21833 379
21833 213
21833 214
21833 250
21833 263
21833 278
21833 280
21833 313
21833 98
21833 184
21833 208
21833 121
21833 54
21833 355
21833 47
21833 28
21833 44
21833 56
21833 62
21833 354
21833 191
21833 211
21833 234
21833 258
21833 281
21833 303
21833 329
21833 331
21833 352
21833 49
21833 382
21833 412
21833 426
21833 451
21833 468
21833 17
21833 393
21833 386
21833 390
21833 404
21833 170
21833 135
21833 240
21833 284
21833 308
21833 332
21833 337
21833 338
21833 462
21833 389
21833 58
21833 144
21833 146
21833 149
21833 408
21833 453
21833 64
22127 2
22127 0
22127 10
22127 11
22127 5
22127 4
22127 6
22127 3
22127 12
22127 9
22127 7
22127 8
22127 1
21906 96
21906 214
21906 158
21906 122
21906 183
21906 99
21906 222
21906 20
21906 89
21906 164
22267 16
21829 253
21829 261
21829 268
21829 328
21829 376
21829 382
21829 25
21829 159
21829 170
21829 180
21829 199
21829 361
21829 429
21829 399
21829 181
21829 484
21829 343
21829 212
21829 413
21829 434
21829 458
21829 469
21829 476
21829 276
21829 427
21829 15
21829 59
21829 71
21829 80
21829 130
21829 143
21829 128
21829 134
21829 148
21829 177
21829 200
21829 326
21829 349
21829 270
21829 103
21829 7
21829 99
21829 119
21829 58
21829 201
21829 330
21829 371
21829 322
21829 141
21829 36
21829 155
21829 6
21829 14
21829 18
21829 19
21829 56
21829 69
21829 77
21829 105
21829 163
21829 345
21829 86
21829 307
21829 221
21829 453
21829 485
21829 55
21829 83
21829 348
21829 422
21829 65
21829 38
21829 64
21829 154
21829 258
21829 339
21829 391
21829 4
21829 81
21829 142
21829 179
21829 235
21829 291
21829 379
21829 401
21829 403
21829 442
21829 102
21829 114
21829 188
21829 16
21829 463
21829 483
21829 118
21829 174
21829 193
21829 220
21829 262
21829 172
21829 229
21829 217
21514 1
21514 2
21514 3
21514 4
21514 12
21514 5
21514 0
21514 7
21514 13
21514 18
21514 21
21514 19
21514 22
21514 8
21514 9
21514 11
21514 6
21514 10
21514 16
21514 20
21916 398
21610 15
21610 17
21610 6
21610 77
21610 94
21610 112
21610 70
21610 82
21610 19
21610 100
21610 43
21610 45
21610 39
21610 42
21610 52
21610 64
21610 10
21610 12
21610 18
21610 47
21610 11
21610 38
21610 9
21610 34
21610 84
21610 92
21610 96
21610 105
21610 114
21610 35
21610 71
21610 83
21610 29
21610 46
21610 49
21610 62
21610 7
21610 25
21610 27
21610 66
21610 102
21610 20
21610 55
21610 74
21610 28
21610 63
21610 98
21610 2
21610 65
21610 67
21610 36
21610 0
21610 59
21610 40
21610 81
21610 51
21610 90
21610 26
21610 57
21610 75
21610 106
21610 107
21610 41
21610 61
21610 44
21610 50
21610 104
21610 110
21610 69
21610 85
21610 97
21610 1
21610 13
21610 30
21610 73
21610 86
21610 95
21610 32
21610 89
21610 93
21610 76
21610 48
21610 53
21610 87
21610 103
21610 4
21610 14
21610 113
21610 22
21610 37
21610 58
21610 79
21610 23
21610 21
21610 56
21610 31
21610 33
21610 68
21610 99
21610 111
21610 8
21610 54
21610 60
21610 91
21610 101
21610 78
21610 80
21610 109
21610 5
21610 16
21610 24
21610 72
21610 88
21820 0
21820 8
21820 12
21820 17
22143 64
22143 63
22143 51
22120 52
22120 35
22144 34
22144 38
22144 16
22144 48
22144 33
22144 65
22144 83
22144 26
22144 56
22144 25
22144 81
22144 72
22144 73
22144 45
22144 82
22144 4
22144 40
22144 85
22144 76
22144 55
22144 2
22144 1
22144 32
22144 43
22144 0
22144 39
22144 64
22144 75
22144 68
22144 7
22144 22
22144 35
22144 54
22144 24
22144 46
22144 62
22144 11
22144 51
22144 53
22144 12
22144 79
22144 78
22144 77
22144 58
22144 27
22144 19
22144 5
22144 36
22144 21
22144 86
22144 6
22144 84
22144 57
22144 61
22144 37
22144 30
22144 8
22144 18
22144 52
22144 9
22144 47
22144 63
22144 3
22144 80
22144 20
21577 28
21577 27
21577 7
21577 15
21577 18
21577 8
21577 12
21893 28
21893 29
21893 83
21893 89
22241 17
22155 15
22155 41
22155 42
22155 13
22155 10
22155 6
22155 5
22155 11
22155 36
22155 37
22155 20
22155 27
22155 43
22155 50
22155 14
22155 51
22155 45
22155 7
22155 38
22155 28
22155 48
22155 44
22155 1
22155 17
22155 22
22155 30
22155 46
22155 24
22155 47
22155 49
22155 33
22155 21
22155 8
22155 16
21601 112
21597 56
21597 72
21597 97
21597 104
21597 107
21597 68
21597 6
21597 80
21597 101
21597 4
21597 62
21597 66
21597 0
21597 2
21597 41
21597 71
21597 99
21597 1
21597 49
21597 123
21597 69
21597 13
21597 79
21597 119
21597 120
21597 114
21597 113
21597 18
21597 109
21597 29
21597 61
21597 3
21597 89
21597 23
21597 98
21597 32
21597 45
21597 57
21597 76
21597 87
21597 90
21597 105
21597 48
21597 8
21597 103
21597 10
21597 85
21597 122
21597 60
21597 106
21597 74
21597 77
21597 92
21597 25
21597 31
21597 117
21597 38
21597 44
21597 7
21597 75
21597 82
21597 93
21597 78
21597 54
21597 96
21597 39
21597 52
21597 53
21597 116
21597 112
21597 67
21597 51
21597 20
21597 50
21597 115
21597 100
21597 118
21762 14
21762 7
21742 245
21742 344
21742 175
21742 282
21742 307
21742 278
21742 97
21742 131
21742 143
21742 239
21742 243
21742 300
21742 330
21742 31
21742 38
21742 85
21742 101
21742 113
21742 163
21742 354
21742 82
21742 346
21742 66
21742 73
21742 88
21742 108
21742 148
21742 149
21742 164
21742 183
21742 247
21742 248
21742 95
21742 123
21742 161
21742 185
21742 224
21742 291
21742 55
21742 229
21742 70
21742 214
21742 144
21742 65
21742 71
21742 92
21742 147
21742 173
21742 176
21742 199
21742 226
21742 238
21742 129
21742 22
21742 169
21742 314
21742 9
21742 18
21742 26
21742 29
21742 194
21742 220
21742 256
21742 260
21742 287
21742 296
21742 328
21742 98
21742 297
21742 50
21742 336
21742 329
21742 12
21742 17
21742 41
21742 42
21742 100
21742 155
21742 112
21742 315
21742 343
21742 353
21742 30
21742 43
21742 133
21742 179
21742 231
21742 267
21742 350
21742 242
21742 313
21742 181
21742 280
21742 304
21742 86
21742 90
21742 195
21742 252
21742 305
21742 325
21742 36
21742 159
21742 172
21742 196
21742 218
21742 236
21742 259
21742 271
21742 170
21742 323
21742 202
21742 27
21742 75
21742 107
21742 115
21742 125
21742 188
21742 246
21742 255
21742 25
21742 78
21742 137
21742 156
21742 182
21742 277
21742 308
21742 310
21742 322
21742 340
21742 306
21742 274
21742 99
21742 45
21742 120
21742 122
21742 124
21742 140
21742 184
21742 233
21742 266
21742 14
21742 60
21742 320
21742 158
21742 284
21742 15
21742 21
21742 37
21742 227
21742 268
21742 333
21742 2
21742 335
21742 28
21742 33
21742 40
21742 136
21742 151
21742 303
21742 321
21742 298
21742 1
21742 261
21742 288
21742 319
21742 286
21742 4
21742 141
21742 180
21742 215
21742 217
21742 241
21742 6
21742 251
21742 265
21742 272
21742 302
21742 10
21742 44
21742 91
21742 105
21742 178
21742 193
21742 135
21742 206
21742 7
21742 80
21742 102
21742 138
21742 152
21742 200
21742 216
21742 244
21742 257
21742 258
21742 290
21742 342
21742 61
21742 83
21742 126
21742 204
21742 221
21742 232
21742 19
21742 68
21742 109
21742 121
21742 132
21742 208
21742 295
21742 16
21742 211
21742 347
21742 20
21742 34
21742 48
21742 79
21742 111
21742 119
21742 285
21742 289
21742 263
21742 62
21742 117
21742 35
21742 54
21742 94
21742 153
21742 162
21742 174
21742 237
21742 311
21742 326
21742 201
21742 74
21742 81
21742 87
21742 89
21742 230
21742 253
21742 279
21742 281
21742 339
21611 59
21611 14
21611 15
21611 29
21611 67
21611 3
21611 6
21611 7
21611 55
21611 37
21611 45
21611 5
21611 20
21611 50
21611 70
21611 73
21611 27
21611 74
21611 80
21611 1
21611 12
21611 24
21611 36
21611 62
21611 21
21611 64
21611 52
21611 65
21611 49
21611 53
21611 86
21611 22
21611 26
21611 17
21611 32
21611 41
21611 39
21611 78
21611 85
21611 51
21611 25
21611 47
21611 84
21611 23
21611 60
21611 40
21611 57
21611 2
21611 19
21611 9
21611 58
21611 35
21611 48
21611 77
21611 79
21611 63
21611 0
21611 44
21611 83
21611 16
21611 11
21611 56
21611 8
21611 43
21611 46
21611 10
21611 13
21611 66
21611 71
21480 58
21480 119
21480 160
21480 194
21480 198
21480 93
21480 122
21480 41
21480 149
21480 163
21480 175
21480 131
21480 142
21480 173
21480 178
21480 32
21480 68
21480 104
21480 144
21480 169
21480 186
21480 54
21480 108
21480 137
21480 179
21480 181
21480 27
21480 76
21480 26
21480 35
21480 42
21480 70
21480 187
21480 36
21480 127
21480 159
21480 45
21480 167
21480 197
21480 207
21480 113
21480 171
21480 204
21480 40
21480 84
21480 177
21480 31
21480 60
21480 72
21480 97
21480 185
21480 196
21480 78
21480 94
21480 120
21480 18
21480 24
21480 65
21480 129
21480 192
21480 211
21480 92
21480 103
21480 105
21480 209
21480 21
21480 66
21480 134
21480 165
21480 199
21480 44
21480 56
21480 147
21480 151
21480 183
21480 189
21770 15
21770 55
21770 22
21713 8
21713 9
21713 35
21713 16
21713 25
21713 11
21713 31
21713 27
21713 30
21713 32
21713 13
21713 23
21713 2
21713 10
21713 22
21713 33
21713 14
21713 1
21713 3
21713 19
21713 29
21713 6
21713 12
21713 0
21713 17
21509 12
21509 14
21465 34
21465 44
21465 18
21465 38
21465 41
21465 12
21465 25
21465 30
21465 16
21465 31
21465 10
21465 15
21465 17
21465 19
21465 24
21465 39
21465 42
21465 33
21465 6
21465 26
21465 22
21465 35
21465 28
21465 43
21465 7
21465 20
21465 29
21465 32
21465 45
21465 5
21465 46
21465 2
21465 13
21465 14
21465 1
21465 21
21465 23
21465 47
22119 135
22119 5
22119 217
22119 37
22119 1
22119 0
22119 306
22119 359
22119 62
22119 110
22119 179
22119 60
22119 352
22119 275
22119 105
22119 234
22119 285
22119 268
22119 326
22119 269
22119 243
22119 235
22119 185
22119 155
22119 253
22119 319
22119 322
22119 113
22119 299
22119 76
22119 86
22119 248
22119 95
22119 365
22119 17
22119 189
22119 222
22119 147
22119 211
22119 166
22119 91
22119 141
22119 48
22119 241
22119 77
22119 348
22119 140
22119 196
22119 108
22119 68
22119 362
22119 338
22119 59
22119 328
22119 55
22119 324
22119 333
22119 177
22119 325
22119 81
22119 138
22119 10
22119 114
22119 239
22119 259
22119 165
22119 226
22119 106
22119 364
22119 246
22119 351
22119 192
22119 303
22119 22
22119 27
22119 310
22119 137
22119 236
22119 337
22119 311
22119 33
22119 35
22119 345
22119 93
22119 126
22119 168
22119 202
22119 72
22119 315
22119 227
22119 208
22119 98
22119 191
22119 228
22119 199
22119 312
22119 63
22119 354
22119 101
22119 39
22119 156
22119 176
22119 31
22119 183
22119 75
22119 50
22119 87
22119 342
22119 153
22119 170
22119 309
22119 82
22119 232
22119 142
22119 356
22119 73
22119 34
22119 278
22119 270
22119 281
22119 282
22119 301
22119 117
22119 144
22119 11
22119 14
22119 78
22119 360
22119 182
22119 254
22119 158
22119 169
22119 134
22119 245
22119 288
22119 88
22119 29
22119 69
22119 230
22119 9
22119 339
22119 233
22119 255
22119 3
22119 30
22119 125
22119 225
22119 283
22119 92
22119 250
22119 307
22119 212
22119 260
22119 298
22119 123
22119 251
22119 23
22119 210
22119 167
22119 173
22119 100
22119 187
22119 293
22119 292
22119 316
22119 65
22119 274
22119 84
22119 256
22119 220
22119 290
22119 350
22119 21
22119 115
22119 265
22119 85
22119 94
22119 13
22119 329
22119 366
22119 148
22119 242
22119 321
22119 237
22119 344
22119 163
22119 249
22119 267
22119 40
22119 52
22119 83
22119 20
22119 6
22119 146
22119 313
22119 296
22119 70
22119 209
22119 180
22119 231
22119 184
22119 42
22119 279
22119 38
22119 207
22119 54
22119 261
22119 317
22119 327
22119 61
22119 36
22119 160
22119 51
22119 266
22119 104
22119 304
22119 336
22119 112
22119 89
22119 201
22119 308
22119 56
22119 263
22119 109
22119 32
22119 340
22119 341
22119 343
22119 223
22119 145
22119 46
22119 361
22119 49
22119 151
22119 172
22119 197
22119 111
22119 119
22119 47
22119 273
22119 367
22119 159
22119 297
22119 99
22119 218
22119 355
22119 221
22119 305
22119 330
22119 257
22119 132
22119 150
22119 213
22119 186
22119 122
22119 204
22119 368
22119 15
22119 335
22119 294
22119 102
22119 127
22119 244
22119 43
22119 300
22119 25
21863 1
21863 0
21863 3
21863 6
21863 7
21863 2
21863 8
21863 9
21863 4
21863 5
21863 10
22140 40
22140 115
22140 99
22140 227
22140 184
22140 288
22140 24
22140 81
22140 250
22140 123
22140 242
22140 102
22140 259
22140 133
22140 272
21623 147
21623 149
21623 166
21623 158
21623 156
21623 168
21987 27
21987 64
21987 264
21987 99
21987 184
21987 2
21987 120
21987 135
21706 2
21706 5
21706 31
21706 102
21706 135
21706 276
21706 293
21706 21
21706 112
21706 70
21706 142
21706 183
21706 222
21706 253
21706 340
21706 357
21706 383
21706 400
21706 13
21706 98
21706 154
21706 199
21706 216
21706 261
21706 381
21706 258
21706 330
21706 435
21706 306
21706 371
21706 374
21706 437
21706 190
21706 338
21706 366
21706 397
21706 249
21706 332
21706 335
21706 260
21706 367
21706 412
21706 149
21706 173
21706 184
21706 189
21706 209
21706 304
21706 394
21706 396
21706 433
21706 356
21706 388
21706 440
21706 446
21706 311
21706 314
21706 269
21706 347
21706 370
21706 10
21706 274
21706 305
21706 343
21706 378
21706 421
21706 296
21706 373
21706 122
21706 159
21706 376
21706 402
21706 54
21706 63
21706 85
21706 56
21706 58
21706 156
21706 262
21706 313
21706 389
21706 428
21706 452
21706 362
21706 398
21706 11
21706 25
21706 103
21706 129
21706 139
21706 178
21706 0
21706 34
21706 81
21706 239
21706 259
21706 42
21706 155
21706 157
21706 442
21706 369
21706 390
21706 434
21706 51
21706 152
21706 160
21706 55
21706 167
21706 441
21706 15
21706 148
21706 158
21706 166
21706 185
21706 277
21706 334
21706 339
21706 393
21706 424
21706 444
21706 214
21706 329
21706 375
21706 385
21706 391
21706 90
21706 91
21706 138
21706 198
21706 223
21706 230
21706 208
21706 229
21706 242
21706 20
21706 72
21706 95
21706 6
21706 38
21706 218
21706 170
21706 194
21706 283
21706 294
21706 308
21706 384
21706 66
21706 118
21706 352
21706 360
21706 392
21706 403
21706 49
21706 80
21706 143
21706 175
21706 219
21706 368
21706 425
21706 18
21706 68
21706 162
21706 116
21706 165
21706 200
21706 132
21706 285
21706 303
21706 310
21706 341
21706 363
21706 7
21706 140
21706 161
21706 181
21706 232
21706 272
21706 297
21706 300
21706 443
21706 228
21706 236
21706 234
21706 331
21706 348
21706 432
21706 317
21706 322
21706 445
21706 359
21706 211
21706 361
21706 382
21706 449
21706 457
21706 351
21706 415
21706 422
21706 279
21706 321
21706 355
21706 309
21706 423
21706 17
21706 23
21706 121
21706 169
21706 201
21706 287
21706 37
21706 48
21706 43
21706 71
21706 126
21706 196
21706 248
21706 291
21706 1
21706 59
21706 79
21706 125
21706 153
21706 12
21706 97
21706 127
21706 168
21706 172
21706 379
21706 404
21706 405
21706 420
21706 354
21706 372
21706 386
21706 455
21706 318
21706 345
21706 365
21706 77
21706 99
21706 111
21706 113
21706 117
21706 47
21706 62
21706 96
21706 136
21706 147
21706 180
21706 273
21706 282
21706 278
21706 395
21706 407
21706 409
21706 315
21706 336
21706 342
21706 346
21706 426
21706 364
21706 61
21706 203
21706 14
21706 100
21706 101
21706 195
21706 241
21706 284
21706 288
21706 87
21706 414
21706 431
21706 439
21706 380
21706 427
21706 417
21706 350
21706 92
21706 29
21706 44
21706 86
21706 133
21706 141
21706 146
21706 182
21706 299
21706 349
21706 358
21706 411
21706 9
21706 57
21706 106
21706 145
21706 226
21706 109
21706 179
21706 399
21706 447
21706 448
21706 320
21706 271
21706 319
21706 408
21706 114
21706 151
21706 187
21706 26
21706 204
21706 217
21706 89
21706 429
21706 438
21706 451
21706 94
21706 105
21706 123
21706 210
21706 220
21706 252
21706 436
21706 235
22186 13
21581 46
21506 2
21506 3
21506 0
21506 4
21773 34
21773 55
21979 0
22139 125
22139 76
22139 172
22139 191
22139 55
22139 29
22139 8
22139 84
22035 11
22035 44
22035 25
22035 15
22035 21
22035 46
22035 17
22035 43
22035 30
22035 31
22035 0
22035 37
22035 14
22035 10
22035 42
22035 1
22035 29
22035 47
22035 50
22035 8
22035 53
22035 33
22035 13
22035 38
22035 48
22035 16
22035 26
22035 7
22035 36
22035 49
22035 18
22035 34
22035 9
22035 35
22035 6
22035 3
22035 41
22035 45
21740 10
21740 11
21740 7
21740 6
21740 2
21740 3
21740 5
21740 12
21740 0
21740 8
21740 9
21740 1
21740 4
21783 361
21783 390
21783 11
21783 205
21783 246
21783 422
21783 492
21783 128
21783 510
21783 27
21783 124
21783 327
21783 344
21783 474
21783 527
21783 254
21783 389
21783 445
21783 313
21783 238
21783 16
21783 47
21783 21
21783 69
21783 100
21783 125
21783 132
21783 0
21783 465
21783 407
21783 88
21783 393
21783 395
21783 464
21783 223
21783 323
21783 346
21783 362
21783 365
21783 540
21783 34
21783 157
21783 290
21783 463
21783 91
21783 58
21783 127
21783 155
21783 194
21783 30
21783 299
21783 326
21783 487
21783 535
21783 273
21783 297
21783 433
21783 447
21783 469
21783 3
21783 63
21783 227
21783 111
21783 225
21783 22
21783 461
21783 62
21783 65
21783 302
21783 354
21783 544
21783 15
21783 31
21783 51
21783 55
21783 89
21783 101
21783 154
21783 169
21783 426
21783 202
21783 310
21783 315
21783 322
21783 388
21783 402
21783 476
21783 524
21783 108
21783 172
21783 175
21783 545
21783 500
21783 177
21783 79
21783 117
21783 168
21783 272
21783 486
21783 183
21783 222
21783 229
21783 242
21783 283
21783 312
21783 360
21783 335
21783 41
21783 243
21783 477
21783 8
21783 334
21783 359
21783 435
21783 459
21783 491
21783 458
21783 82
21783 86
21783 384
21783 411
21783 489
21783 174
21783 191
21783 274
21783 319
21783 331
21783 454
21783 340
21783 200
21783 204
21783 231
21783 271
21783 293
21783 320
21783 374
21783 438
21783 449
21783 328
21783 286
21783 32
21783 36
21783 85
21783 97
21783 129
21783 509
21783 538
21783 94
21783 140
21783 190
21783 196
21783 421
21783 203
21783 305
21783 337
21783 375
21783 430
21783 226
21783 239
21783 404
21783 431
21783 450
21783 103
21783 110
21783 81
21783 189
21783 516
21783 173
21783 425
21783 10
21783 59
21783 112
21783 134
21783 161
21783 292
21783 61
21783 420
21783 437
21783 503
21783 518
21783 163
21783 60
21783 280
21783 364
21783 224
21783 247
21783 269
21783 287
21783 397
21783 502
21783 104
21783 217
21783 467
21783 508
21783 472
21783 256
21783 383
21783 451
21783 457
21783 460
21783 92
21783 138
21783 167
21783 126
21783 26
21783 37
21783 72
21783 73
21783 135
21783 156
21783 179
21783 12
21783 406
21783 296
21783 19
21783 40
21783 448
21783 471
21783 35
21783 48
21783 95
21783 526
21783 282
21783 519
21783 162
21783 255
21783 265
21783 436
21783 234
21783 259
21783 261
21783 317
21783 352
21783 367
21783 432
21783 25
21783 105
21783 514
21783 530
21783 522
21783 262
21783 316
21783 401
21783 409
21783 443
21783 455
21783 536
21783 213
21783 249
21783 277
21783 355
21783 419
21783 66
21783 74
21783 119
21783 131
21783 160
21783 532
21783 38
21783 133
21783 70
21783 107
21783 115
21783 139
21783 212
21783 230
21783 260
21783 347
21783 39
21783 339
21783 2
21783 57
21783 159
21783 199
21783 345
21783 511
21783 6
21783 525
21783 185
21783 237
21783 257
21783 276
21783 285
21783 303
21783 373
21783 166
21783 78
21783 351
21783 353
21783 427
21783 498
21783 377
21783 549
21783 258
21783 295
21783 324
21783 387
21783 418
21783 440
21783 470
21783 537
21783 45
21783 5
21783 216
21783 252
21783 308
21783 318
21783 332
21783 417
21783 14
21783 87
21783 99
21783 106
21783 228
21783 441
21783 165
21783 96
21783 520
21783 482
21783 546
21783 46
21783 501
21783 7
21783 24
21783 42
21783 180
21783 412
21783 506
21783 28
21783 50
21783 499
21783 415
21783 98
21783 121
21783 164
21783 186
21783 17
21783 52
21783 136
21783 170
21783 176
21783 29
21783 221
21783 219
21783 23
21783 75
21783 211
21783 240
21783 251
21783 281
21783 325
21783 378
21783 414
21783 521
21783 44
21783 348
21783 193
21783 209
21783 245
21783 270
21783 357
21783 392
21783 266
21783 298
21783 379
21783 490
21783 547
21783 187
21783 195
21783 279
21783 321
21783 123
21783 236
21783 306
21783 368
21783 394
21783 484
21783 528
21783 244
21783 517
21783 49
21783 84
21783 113
21628 7
21628 26
21628 45
21628 95
21628 122
21628 84
21628 93
21628 79
21628 48
21628 71
21628 107
21628 85
21628 1
21628 86
21628 4
21628 15
21628 131
21628 14
21628 34
21628 37
21628 44
21628 61
21628 91
21628 103
21628 6
21628 73
21628 59
21628 118
21628 22
21628 47
21628 94
21628 117
21628 130
21628 54
21628 55
21628 21
21628 104
21628 114
21628 58
21628 83
21628 62
21628 99
21628 128
21628 38
21628 28
21628 109
21628 56
21628 25
21628 46
21628 32
21628 81
21628 68
21628 110
21628 87
21628 17
21628 9
21628 33
21628 108
21628 97
21628 121
21628 40
21628 120
21628 74
21628 127
21628 64
21628 70
21628 78
21628 124
21628 57
21628 123
21628 75
21628 76
21628 36
21628 5
21628 27
21628 43
21628 19
21628 49
21628 50
21628 67
21628 42
21628 98
21628 105
21948 128
21948 49
21948 61
21948 135
21948 19
21948 86
21948 72
21651 19
21651 64
21651 94
21651 96
21651 23
21651 33
21651 37
21651 38
21651 50
22195 9
22195 8
22195 6
22195 10
22195 5
22195 1
22195 19
22195 14
22195 24
22195 12
22195 2
22195 23
22195 20
22195 18
22195 17
22195 26
22195 16
22195 3
22195 25
22195 13
21835 9
21835 24
21835 20
21835 2
21835 0
21835 7
21835 3
21835 13
21835 27
21835 11
21835 8
21835 17
21835 4
21835 12
21835 28
21835 1
21835 22
21835 25
21835 19
21441 29
21441 43
21441 25
21441 44
21441 0
21441 27
21441 2
21441 26
21441 37
21441 40
21441 17
21441 21
21441 5
21441 35
21441 4
21441 28
21441 42
21441 39
21441 14
21441 3
21441 6
21441 13
21441 8
21441 1
21441 20
21441 23
21441 10
21441 45
21441 22
21441 7
21441 15
21441 46
21441 24
21441 33
21441 9
21441 19
21663 77
21663 28
21663 158
21663 171
21663 104
21663 26
21663 151
21663 184
21663 148
21663 121
22142 103
22142 74
21761 13
21761 30
21761 35
21451 10
21451 34
21451 3
22088 53
22088 127
22088 88
22088 76
22088 152
22088 37
22088 156
22088 171
22088 78
22088 167
22088 40
22088 72
22088 39
22088 6
22088 45
22088 126
22088 55
22088 164
22088 46
22088 188
22088 169
22088 195
22088 205
22088 141
22088 183
22088 212
22088 90
22088 142
22088 117
22088 0
22088 89
22088 154
22088 50
22088 200
22088 48
22088 12
22088 11
22088 151
22088 216
22088 93
22088 187
22088 155
22088 100
22088 1
22088 57
22088 63
22088 140
22088 176
22088 168
22088 98
22088 54
22088 180
22088 77
22088 211
22088 79
22088 209
22088 119
22088 38
22088 67
22088 132
22088 66
22088 220
22088 94
22088 135
22088 4
22088 196
22088 49
22088 153
22088 184
22088 128
22088 143
22088 207
22088 166
22088 52
22088 130
22088 32
22088 35
22088 210
22088 42
22088 41
22088 108
22088 177
22088 208
22088 213
22088 163
22088 218
22088 84
22088 36
22088 103
22088 186
22088 181
22088 47
22088 80
22088 124
22088 109
22088 149
22088 85
22088 10
22088 138
22088 87
22088 133
22088 198
22088 107
22088 185
22088 161
22088 7
22088 99
22088 203
22088 110
22088 189
22088 70
22088 64
22088 223
22088 221
22088 34
22088 112
22088 114
22088 82
22088 13
22088 123
22088 129
22088 165
22088 122
22088 139
22088 74
22088 9
22088 202
22088 5
22088 62
22088 106
22088 172
22088 2
22088 197
22088 61
22088 131
22088 95
22088 182
22088 175
22088 217
22088 191
22088 51
22088 224
22088 125
22088 96
22088 92
22088 43
22088 222
21700 34
21700 3
21458 66
21458 34
21458 31
21458 37
21458 16
21458 51
21458 59
21458 63
21458 29
21458 47
21458 28
21458 43
21458 21
21458 58
21458 60
21458 1
21458 20
21458 62
21458 44
21458 33
21458 56
21458 13
21458 27
21458 35
21458 6
21458 0
22066 26
22066 20
22066 8
22066 18
22066 24
22198 119
22198 122
22198 6
22198 87
22198 11
22198 89
22198 110
22198 25
22198 109
22198 103
22198 113
22198 10
22198 124
22198 24
22198 4
22198 3
22198 17
22198 9
22198 88
22198 78
22198 104
22198 28
22198 2
22198 106
22198 84
22198 1
22198 19
22198 76
22198 26
22198 14
22198 112
22198 118
22198 20
22198 108
22198 99
22198 85
22198 102
22198 91
22198 111
22198 72
22198 93
22198 107
22198 21
22198 7
22198 5
22198 123
22198 92
22198 97
22198 80
22198 27
22198 81
22198 98
22198 94
22198 73
22198 12
22198 105
22198 96
22198 77
22198 8
22198 100
22198 82
22198 15
21495 25
21495 11
21495 23
21495 9
21760 47
21760 164
21760 206
21760 224
21760 244
21760 249
21760 12
21760 20
21760 55
21760 77
21760 94
21760 184
21760 291
21760 45
21760 111
21760 155
21760 160
21760 196
21760 205
21760 208
21760 221
21760 56
21760 67
21760 87
21760 125
22202 12
22202 3
22202 10
22202 13
22202 9
22202 16
22202 15
22202 0
22202 5
22202 7
22202 1
22202 4
22202 8
22202 11
22202 17
22202 6
22082 166
22082 176
22082 145
22082 78
22082 167
22082 173
22082 16
22082 2
21641 5
21641 0
21641 12
21641 23
21641 8
21641 18
21641 28
21641 17
21641 20
21641 21
21641 16
21641 34
21641 4
21641 10
21641 6
21641 26
21641 1
21641 9
21641 14
21641 3
21641 30
22029 15
22029 64
22029 18
22029 2
22029 12
22029 30
22029 58
21895 14
21895 96
21895 123
21895 100
21895 297
21895 413
21895 218
21895 402
21895 345
21895 16
21895 426
21895 120
21895 188
21895 64
21895 82
21895 336
21895 231
21895 134
21895 227
21895 333
21895 366
21895 404
21895 544
21895 1
21895 477
21895 211
21895 408
21895 244
21895 560
21895 94
21895 439
21895 289
21895 291
21895 67
21895 293
21895 79
21895 168
21895 247
21895 495
21895 443
21895 246
21895 423
21895 131
21895 349
21895 239
21895 457
21895 200
21895 412
21895 84
21895 260
21895 145
21895 422
21895 214
21895 202
21895 39
21895 13
21895 236
21895 70
21895 306
21895 377
21895 102
21895 430
21895 190
21895 316
21895 563
21895 357
21895 436
21895 217
21895 546
21895 237
21895 290
21895 241
21895 471
21895 107
21895 71
21895 88
21895 510
21895 538
21895 346
21895 354
21895 543
21895 162
21895 472
21895 358
21895 347
21895 273
21895 238
21895 533
21895 75
21895 251
21895 325
21895 280
21895 192
21895 265
21895 360
21895 431
21895 389
21895 47
21895 353
21895 187
21895 453
21895 135
21895 483
21895 529
21895 299
21895 257
21895 528
21895 464
21895 323
21895 376
21895 387
21895 35
21895 315
21811 4
21811 16
21811 20
21811 50
21811 51
21811 118
21811 157
21811 186
21811 220
21811 224
21811 27
21811 41
21811 97
21811 117
21811 123
21811 214
22205 45
22205 65
22205 1
22205 70
22205 66
22205 26
22205 78
22205 18
22205 2
22205 81
22205 14
22205 79
22205 58
22205 35
22205 85
22205 41
22205 60
22205 3
22205 34
22205 11
22205 31
22205 12
22205 47
22205 30
22205 72
22205 50
22205 77
22205 7
22205 80
22205 4
22205 74
22205 75
22205 48
22205 32
22205 8
22205 43
22205 24
22205 29
22205 23
22205 68
22205 63
22205 53
22205 15
22205 10
22205 57
22205 20
22205 51
22205 38
22205 0
22205 52
22205 6
22205 17
22205 37
22205 21
22205 36
22205 49
22205 13
22205 83
22205 39
22205 42
22205 22
22205 73
22205 46
22205 33
22205 71
22205 5
22205 67
22205 16
21745 44
21773 4
21773 61
21773 14
21773 22
21773 56
21773 98
21773 104
21773 23
21773 78
21773 92
21773 16
21773 66
21773 75
21773 119
21773 60
21773 101
21773 120
21773 6
21773 3
21773 70
21773 107
21773 130
21773 80
21773 24
21773 25
21773 41
21773 112
21773 9
21773 21
21773 73
21773 33
21773 50
21773 53
21773 82
21773 5
21773 84
21773 95
21773 111
21773 47
21773 54
21773 100
21773 15
21773 37
21773 79
21773 90
21773 128
21773 28
21773 88
21773 124
21773 113
21773 38
21773 51
21773 91
21773 2
21773 32
21773 76
21773 81
21773 89
21773 18
21773 64
21773 127
21773 49
21773 68
21773 118
21773 36
21773 126
21773 39
21773 62
21773 116
21773 96
21773 102
21773 129
21773 87
21773 109
21773 106
21773 74
21773 59
21773 86
21773 122
21773 10
21773 17
21773 57
21773 58
21773 71
21773 115
21773 11
21773 31
21773 29
21773 19
21773 48
21773 13
21773 30
21773 63
21773 110
21773 7
21773 114
21773 43
21773 27
21773 42
21773 103
22183 118
22183 16
22183 73
22183 35
22183 13
22183 22
22183 41
22183 132
22183 11
22183 33
22183 85
22183 99
22183 54
22183 15
22183 124
22183 83
22183 81
22183 129
22183 126
22183 26
22183 53
22183 131
22183 108
22183 136
22183 44
22183 0
22183 9
22183 10
22183 45
22183 7
22183 55
22183 66
22183 72
22183 31
22183 114
22183 23
22183 110
22183 103
22183 60
22183 24
22183 96
22183 71
22183 57
22183 1
22183 2
22183 115
22183 102
22183 86
22183 107
22183 25
22183 37
22183 38
22183 122
22183 62
22183 49
22183 4
22183 75
22183 120
22183 111
22183 130
22183 92
22183 125
22183 95
22183 14
22183 61
22183 74
22183 64
22183 42
22183 98
22183 50
22183 127
22183 5
22183 28
22183 58
22183 123
22183 70
22183 90
22183 36
22183 116
22183 94
22183 93
22183 91
22183 67
22183 128
22183 89
22183 80
22183 17
22183 12
22183 39
22183 48
22183 40
22183 63
22183 18
22183 3
22183 59
22183 106
22183 88
22183 32
22183 43
22183 65
21933 26
21933 87
21933 124
21933 40
21933 18
21933 104
21933 123
21933 135
21933 108
21933 110
21933 89
21933 44
21933 111
21933 148
21933 22
21933 65
21933 95
21933 15
21933 106
21933 130
21933 24
21933 90
21933 142
21933 47
21933 144
21933 38
21933 49
21933 30
21933 133
21933 7
21933 6
21933 92
21933 136
21933 82
21933 149
21933 13
21933 84
21933 83
21933 34
21933 64
21933 147
21933 71
21933 139
21933 46
21933 69
21933 105
21933 134
21933 45
21933 114
21933 120
21933 88
21933 119
21933 146
21933 80
21933 128
21933 50
21933 68
21933 1
21933 138
21933 4
21933 112
21933 141
21933 61
21933 67
21933 143
21933 96
21933 77
21933 140
21933 113
21933 116
21933 73
21933 32
21933 76
21933 86
21933 121
21933 11
21933 54
21933 103
21933 107
21933 97
21933 129
21933 48
21933 102
21933 5
21933 39
21933 131
21933 100
21933 99
21933 56
21933 125
21933 66
21933 14
21933 43
21933 2
21933 57
21933 93
21933 37
21933 91
21933 126
21933 3
21933 118
21933 23
21933 53
21933 115
21933 12
21933 75
21933 41
21933 33
21933 127
21933 55
21933 78
21933 72
21933 109
21933 94
21933 42
21933 9
22049 504
22049 350
22098 50
22098 66
22098 53
22098 60
22098 58
22098 52
22098 57
22098 51
22098 68
22098 63
22098 62
22098 55
22098 65
22098 64
22098 69
22098 56
22098 59
22098 67
22098 54
22098 61
21758 29
21758 86
21758 370
21758 172
21758 54
21758 155
21758 211
21758 425
21758 481
21758 491
21758 505
21758 511
21758 521
21758 101
21758 377
21758 428
21758 89
21758 359
21758 322
22112 1
22112 178
22112 190
22112 66
22112 181
22112 228
22112 250
22112 0
22112 114
22112 291
22112 186
22112 109
22112 245
22112 15
22112 143
22112 67
21821 8
21821 3
21821 4
21821 21
21821 16
21821 9
21821 20
21821 6
21821 27
21821 11
21821 18
21821 25
21821 14
21821 19
21821 7
21821 12
21821 24
21821 13
21821 17
21821 0
21965 201
21965 205
21965 426
21965 420
21965 419
21965 262
21965 68
21965 259
21965 136
21965 105
21965 272
21965 244
21965 177
21965 183
21965 277
21965 271
21965 386
21965 20
21965 22
21965 104
21965 140
21965 39
21965 43
21965 427
21965 7
21965 38
21965 248
21965 83
21965 2
21965 133
21965 173
21965 369
21965 69
21965 42
21965 206
21965 408
21965 15
21965 124
21965 59
21965 3
21965 306
21965 304
21965 187
21965 44
21965 166
21965 361
21965 80
21965 198
21965 320
21965 100
21965 332
21965 230
21965 82
21965 243
21965 359
21965 19
21965 141
21965 88
21965 395
21965 167
21965 266
21965 287
21965 367
21965 84
21965 360
21965 324
21965 131
21965 129
21965 77
21965 182
21965 28
21965 353
21965 280
21965 267
21965 389
21965 203
21965 174
21965 278
21965 152
21965 66
21965 245
21965 192
21965 404
21965 307
21965 339
21965 265
21965 290
21965 170
21965 428
21965 165
21965 109
21965 11
21965 378
21965 89
21965 97
21965 142
21965 176
21965 113
21965 283
21965 1
21965 147
21965 137
21965 161
21965 10
21965 294
21965 319
21965 413
21965 293
21965 333
21965 50
21965 9
21965 67
21965 208
21965 417
21965 394
21965 48
21965 286
21965 181
21965 225
21965 317
21965 85
21965 150
21965 32
21965 186
21965 354
21965 45
21965 348
21965 212
21965 247
21965 326
21965 151
21965 423
21965 268
21965 346
21965 103
21965 149
21965 191
21965 338
21965 115
21965 5
21965 130
21965 238
21965 139
21965 258
21965 71
21965 175
21965 388
21965 98
21965 308
21965 421
21965 221
21965 160
21965 424
21965 292
21965 204
21965 401
21965 240
21965 345
21965 51
21965 337
21965 373
21965 218
21965 269
21965 102
21965 254
21965 402
21965 107
21965 275
21965 91
21965 410
21965 12
21965 264
21965 300
21965 99
21965 119
21965 232
21965 17
21965 391
21965 297
21965 96
21965 372
21965 315
21965 65
21965 234
21965 365
21965 216
21965 121
21965 49
21965 116
21965 199
21965 314
21965 101
21965 92
21965 18
21965 138
21965 362
21965 364
21965 220
21965 382
21965 164
21965 171
21965 355
21965 257
21965 434
21965 414
21965 153
21965 213
21965 86
21965 202
21965 189
21965 374
21965 58
21965 347
21965 432
21965 35
21965 392
21965 349
21965 94
21965 158
21965 330
21965 246
21965 180
21965 95
21965 328
21965 279
21965 57
21965 74
21965 73
21965 387
21965 54
21965 4
21965 296
21965 229
21965 411
21965 21
21965 295
21965 380
21965 409
21965 252
21965 207
21965 26
21965 288
21965 323
21965 397
21965 403
21965 195
21965 329
21965 33
21965 344
21965 334
21965 132
21965 185
21965 261
21965 236
21965 134
21965 322
21965 226
21965 350
21965 422
21965 117
21965 412
21965 241
21965 128
21965 276
21965 159
21965 239
21965 30
21965 169
21965 377
21965 162
21965 46
21965 227
21965 263
21965 282
21965 122
21965 321
21965 390
21965 211
21965 56
21965 215
21965 313
21965 431
21965 223
21965 224
21965 123
21965 406
21965 155
21965 340
21965 237
21965 425
21965 342
21965 299
21965 108
21965 24
21965 148
21965 125
21965 55
21643 21
21643 50
21643 52
21643 53
21643 73
21643 103
21643 138
21643 201
21643 216
21643 0
21643 96
21643 169
21643 199
21643 224
21643 9
21643 124
21643 233
21643 13
21643 72
21643 144
21643 173
21643 17
21643 54
21643 175
21643 1
21643 24
21643 130
21643 146
21643 90
21643 196
21643 48
21643 94
21643 176
21643 198
21643 78
21643 234
21643 12
21643 142
21643 164
21643 227
21643 108
21643 145
21643 159
21643 195
21643 26
21643 27
21643 30
21643 69
21643 120
21643 165
21643 42
21643 6
21643 18
21643 148
21643 167
21643 215
21643 16
21643 34
21643 111
21643 4
21643 36
21643 140
21643 166
21643 228
21643 171
21643 125
21643 135
21643 235
21643 15
21643 23
21643 126
21643 29
21643 39
21643 133
21643 75
21643 182
21643 189
21643 191
21643 156
21643 185
21643 3
21643 152
21643 202
21643 127
21759 10
21914 64
21914 286
21914 324
21914 213
21914 313
21914 142
21914 184
21914 178
21914 226
21914 67
21914 77
21914 10
21914 80
21914 35
21914 143
21583 17
22194 2
22194 5
22194 4
22194 3
22194 0
22194 6
21988 346
21988 215
21988 409
21988 486
21988 60
21988 177
21988 11
21988 388
21988 118
21988 30
21988 230
21988 354
21988 48
21988 161
21988 205
21988 520
21988 62
21717 11
21933 81
21933 132
21933 20
21933 59
21933 70
21848 409
21848 117
21848 311
21848 113
21848 169
21848 201
21848 170
21848 20
21848 312
21848 157
21848 191
21848 43
21848 268
21848 216
21848 127
21848 79
21848 306
21848 129
21848 177
21848 209
21848 0
21848 162
21848 181
21848 222
21848 234
21848 240
21848 242
21848 246
21848 261
21848 271
21848 154
21848 153
21848 125
21848 245
21848 220
21848 100
21848 230
21848 15
21848 221
21848 334
21848 338
21848 461
21848 517
21848 521
21848 53
21848 145
21848 17
21848 137
21848 143
21848 207
21848 224
21848 131
21848 275
21848 291
21848 326
21848 58
21848 352
21848 363
21848 393
21848 485
21848 428
21848 447
21848 491
21848 538
21848 135
21848 218
21848 47
21848 29
21848 325
21848 39
21848 130
21848 278
21848 226
21848 490
21848 229
21848 210
21848 244
21848 376
21848 456
21848 470
21848 86
21848 324
21848 172
21848 384
21848 420
21848 452
21848 495
21848 506
21848 525
21848 529
21848 535
21848 366
21848 367
21848 380
21848 396
21848 464
21848 487
21848 530
21848 174
21848 310
21848 346
21848 30
21848 295
21848 362
21848 387
21848 444
21848 459
21848 504
21848 511
21848 274
21848 301
21848 316
21848 227
21848 337
21848 371
21848 413
21848 427
21848 494
21848 42
21848 454
21848 136
21848 314
21848 87
21848 280
21848 465
21848 188
21848 102
21848 287
21848 377
21848 392
21848 421
21848 446
21848 489
21848 534
21848 378
21848 450
21848 477
21848 503
21848 199
21848 215
21848 239
21848 193
21848 93
21848 524
21848 203
21848 292
21848 183
21848 336
21848 361
21848 369
21848 381
21848 493
21848 160
21848 175
21848 496
21848 519
21848 76
21848 205
21848 458
21848 475
21848 478
21848 527
21848 536
21848 5
21848 173
21848 92
21848 111
21848 59
21848 279
21848 213
21848 68
21848 178
21848 81
21848 372
21848 400
21848 101
21848 217
21848 283
21848 341
21848 360
21848 368
21848 374
21848 401
21848 417
21848 425
21848 510
21848 61
21848 142
21848 186
21848 197
21848 179
21848 110
21848 73
21848 166
21848 156
21848 358
21848 407
21848 410
21848 415
21848 463
21848 541
21848 187
21848 272
21848 296
21848 89
21848 144
21848 282
21848 72
21848 120
21848 251
21848 90
21848 542
21848 483
21848 516
21848 544
21848 303
21848 418
21848 438
21848 445
21848 449
21848 471
21848 474
21848 501
21848 36
21848 139
21848 1
21848 115
21848 304
21848 12
21848 167
21848 46
21848 168
21848 83
21848 31
21848 108
21848 149
21848 255
21848 258
21848 267
21848 35
21848 238
21848 104
21848 49
21848 70
21848 96
21848 106
21848 204
21848 260
21848 164
21848 63
21848 103
21848 112
21848 128
21848 356
21848 394
21848 411
21848 414
21848 441
21848 492
21848 533
21848 397
21848 408
21848 422
21848 469
21848 498
21848 528
21848 457
21848 94
21848 276
21848 97
21848 133
21848 114
21848 21
21848 331
21848 355
21848 466
21848 543
21848 66
21848 121
21848 152
21848 159
21848 212
21848 236
21848 264
21848 163
21848 165
21848 319
21848 327
21848 290
21848 134
21848 33
21848 250
21848 344
21848 434
21848 455
21848 488
21848 329
21848 266
21848 406
21848 440
21848 479
21848 77
21848 323
21848 180
21848 262
21848 51
21848 294
21848 7
21848 318
21848 339
21848 347
21848 349
21848 412
21848 18
21848 426
21848 44
21848 10
21848 14
21848 248
21848 270
21848 206
21848 198
21848 379
21848 348
21848 357
21848 391
21848 502
21848 545
21848 124
21848 141
21848 302
21848 80
21848 69
21848 297
21848 330
21848 192
21848 518
21848 16
21848 54
21848 243
21848 313
21848 448
21848 473
21848 482
21848 155
21848 107
21848 116
21848 50
21848 364
21848 399
21848 467
21848 508
21848 523
21848 531
21848 547
21848 71
21848 176
21848 171
21848 184
21848 74
21848 8
21848 202
21848 256
21848 75
21848 277
21848 132
21848 332
21848 6
21848 342
21848 351
21848 373
21848 395
21848 439
21848 505
21848 13
21848 281
21848 423
21848 182
21848 147
21848 308
21848 405
21848 432
21848 515
21848 82
21848 273
21848 41
21848 285
21848 194
21848 60
21845 498
21845 517
21845 524
21845 531
21845 491
21845 478
21845 20
21845 108
21845 113
21845 476
21845 70
21845 85
21845 508
21845 45
21845 49
21845 78
21845 84
21845 474
21845 120
21845 77
21845 112
21845 14
21845 22
21845 25
21845 515
21845 1
21845 51
21845 75
21845 99
21845 18
21845 96
21845 107
21845 26
21845 97
21845 111
21845 119
21845 6
21845 65
21845 67
21845 88
21747 55
21747 106
21729 177
21729 105
21729 123
21729 136
21729 164
21729 19
21729 87
21729 107
21729 211
21729 219
21729 41
21729 3
21729 4
21729 11
21729 220
21729 162
21729 47
21729 106
21729 124
21729 139
21729 163
21729 26
21729 54
21729 58
21729 80
21729 110
21729 182
21729 92
21729 28
21729 176
21729 168
21729 187
21729 184
21729 192
21729 118
21729 71
21729 104
21729 127
21729 56
21729 95
21729 134
21729 142
21729 145
21729 166
21729 212
21729 149
21729 231
21729 205
21729 217
21729 191
21729 224
21729 113
21729 171
21729 202
21729 213
21729 221
21729 233
21729 14
21729 17
21729 0
21729 40
21729 170
21729 112
21729 126
21729 8
21729 70
21729 91
21729 93
21729 78
21729 227
21729 10
21729 23
21729 195
21729 44
21729 117
21729 143
21729 73
21729 96
21729 59
21729 133
21729 21
21729 74
21729 135
21729 208
21729 35
21729 132
21729 169
21729 62
21729 86
21729 125
21729 156
21729 174
21729 15
21729 16
21729 20
21729 22
21729 6
21729 7
21729 13
21729 32
21729 49
21729 72
21729 27
21729 67
21729 84
21729 66
21729 116
21729 38
21729 79
21729 131
21729 140
21729 151
21729 161
21729 229
21729 186
21729 197
21729 199
21729 130
21729 165
21729 43
21729 63
21729 144
21729 214
21729 228
21729 189
21729 167
21729 203
21729 122
21729 190
21729 198
21729 207
21729 225
21729 230
21729 55
21729 76
21729 101
21729 216
21729 45
21729 103
21729 153
21729 155
21729 160
21729 204
21729 9
21729 42
21729 175
21729 36
21729 50
21729 81
21729 100
21729 2
21729 5
21729 18
21729 206
21729 31
21930 10
21930 0
21930 7
21930 12
21930 9
21930 3
21930 6
21930 11
21930 1
21930 8
21930 13
21930 2
21930 4
21930 5
21801 31
21801 7
22240 48
22240 26
22240 61
22240 28
22240 60
22240 50
22240 33
22240 57
22240 32
22240 55
22240 16
22240 52
22240 23
22240 70
22240 11
22240 12
22240 64
22240 69
22240 18
22240 58
22240 45
22240 39
22240 19
22240 66
22240 20
22240 56
22240 43
22240 4
22240 72
22240 37
22240 67
22240 53
22240 2
22240 29
22240 25
22240 42
22240 73
22240 7
22240 5
22240 71
22240 65
22240 63
22240 47
22240 68
22240 46
22240 59
22240 8
22240 13
21797 27
21788 122
21788 146
21788 101
21788 129
22170 16
22170 45
22170 57
22170 51
22170 10
21498 45
21498 88
21498 104
21498 115
21498 70
21800 32
21800 30
21800 26
21800 21
21800 16
21800 31
21800 14
21800 10
21800 12
21800 18
21800 19
21800 27
21800 41
21800 35
21800 37
21628 102
21628 18
21820 11
21820 16
21820 18
21820 2
21820 4
21820 19
21820 15
21820 14
21820 10
21820 5
21820 3
21820 7
21820 1
21820 6
21820 9
21868 128
21868 120
21868 122
21868 51
21868 134
21868 117
21868 119
21868 6
21868 37
21868 38
21868 39
21868 125
21868 21
21868 66
21868 80
21868 89
21868 26
21868 58
21868 90
21868 96
21868 98
21868 104
21868 54
21868 114
21868 130
21868 11
21868 28
21868 111
21868 135
21868 65
21868 138
21868 57
21868 129
21868 132
21868 110
21868 121
21868 3
21868 9
21868 31
21868 33
21868 85
21868 99
21868 50
21868 69
21868 78
21868 97
21868 100
21868 109
21868 5
21868 1
21868 76
21868 0
21868 16
21868 32
21868 10
21868 25
21868 29
21868 72
21868 92
21868 131
21868 133
21868 124
21868 116
21868 47
21868 75
21868 40
21868 19
21868 17
21868 24
21868 137
21868 55
21868 62
21868 14
21868 74
21868 8
21868 70
21868 91
21868 115
21868 12
21868 82
21868 106
21868 46
21868 52
21868 64
21868 68
21868 83
21868 84
21868 88
21868 136
21868 126
21744 16
21744 128
21744 133
21744 152
21744 162
21744 168
21744 212
21744 166
21744 235
21744 23
21744 50
21744 179
21744 199
21744 226
21744 227
21744 234
21744 242
21744 110
21744 0
21744 116
21744 183
21744 200
21744 216
21744 34
21744 9
21744 68
21744 86
21744 140
21744 7
21744 12
21744 1
21744 129
21744 156
21744 184
21744 225
21744 38
21744 124
21744 125
21744 14
21744 103
21744 104
21744 157
21744 238
21744 240
21744 248
21744 43
21744 81
21744 111
21744 246
21744 63
21744 82
21744 132
21744 206
21744 40
21744 74
21744 100
21744 224
21744 149
21744 37
21744 60
21744 65
21744 94
21744 142
21744 187
21744 148
21744 161
21744 39
21744 180
21744 228
21744 19
21744 230
21744 30
21744 35
21744 62
21744 99
21744 181
21744 190
21744 247
21744 221
21744 17
21744 173
21744 219
21744 222
21744 233
21744 24
21744 137
21744 147
21744 153
21744 214
21744 79
21744 91
21744 218
21744 177
21744 64
21744 90
21744 97
21744 236
21744 55
21744 57
21744 92
21744 95
21744 118
21744 150
21744 45
21744 130
21744 198
21744 207
21744 33
21744 61
21744 93
21744 122
21744 189
21744 215
21744 80
21744 101
21744 160
21744 185
21744 87
21744 31
21744 36
21744 204
21744 245
21744 4
21744 29
21744 195
21744 6
21744 105
21744 53
21744 108
21744 112
21744 127
21744 163
21744 232
21744 26
21744 84
21744 170
21744 41
21744 32
21744 134
21744 76
21744 202
21744 249
21744 192
21744 241
21744 186
21744 42
21744 117
21744 136
21744 171
21744 138
21744 69
21744 211
21744 220
21744 49
21744 178
21744 217
21744 223
21744 11
21744 145
21744 52
21744 59
21744 78
21744 114
21744 231
21744 169
21744 193
21744 203
21744 85
21744 102
21744 209
21744 66
21744 144
21744 10
21744 8
21744 67
21744 75
21744 98
21744 115
21744 146
21744 172
21744 175
21744 28
21744 58
21744 174
21744 210
21744 13
21744 46
21744 126
21744 143
21744 139
21744 21
21744 3
21455 21
21455 57
21455 209
21455 224
21455 40
21455 51
21455 80
21455 119
21455 129
21455 226
21455 54
21455 90
21455 153
21455 156
21455 204
21455 61
21455 94
21455 149
21654 16
21654 7
21654 41
22034 21
21791 26
21791 32
21791 64
21791 118
21791 37
21791 95
21791 124
21791 131
21791 6
21791 7
21791 97
21791 113
21791 76
21791 129
21791 22
21791 82
21791 136
21791 35
21791 9
21791 40
21791 70
21791 108
21791 127
21791 46
21791 52
21791 79
21791 83
21791 17
21791 30
21791 31
21791 0
21791 1
21791 62
21791 91
21791 68
21791 78
21791 134
21791 144
21791 21
21791 43
21791 56
21791 133
21791 23
21791 128
21791 4
21791 33
21791 53
21791 73
21791 126
21791 14
21791 48
21791 55
21791 99
21791 135
21791 41
21791 58
21791 75
21791 42
21791 114
21791 123
21791 137
21791 63
21791 105
21791 146
21791 61
21791 80
21791 38
21791 109
21791 145
21791 3
21791 47
21791 51
21791 111
21791 25
21791 101
21791 107
21791 141
21791 139
21791 132
21791 117
21791 77
21791 115
21791 140
21791 148
21791 67
21791 106
21791 2
21791 104
21791 130
21791 81
21791 98
21791 100
21791 103
21791 13
21791 15
21791 24
21791 28
21791 121
21791 138
21791 44
21791 16
21791 27
21791 90
21791 12
21791 18
21791 54
21791 89
21791 10
21791 36
21791 66
21791 34
21791 39
21791 110
21791 93
21791 96
21791 102
21791 19
21791 20
21791 45
21791 69
21791 74
21791 112
21791 142
21888 43
21888 42
21888 53
21888 30
21888 59
21888 2
21888 46
21888 73
21888 82
21888 48
21888 85
21888 20
21888 29
21888 23
21888 6
21888 11
21888 4
21888 83
21888 24
21888 21
21888 50
21888 22
21888 38
22204 136
22204 188
22204 6
22204 4
22204 37
21525 106
21525 67
21525 89
21525 124
21525 13
21525 50
21525 56
21525 61
21525 109
21525 127
21525 2
21525 58
21525 69
21525 118
21525 35
21525 94
21525 43
21525 76
21525 53
21525 85
21525 104
21525 26
21525 42
21525 68
21525 84
21525 110
21525 75
21525 111
21525 117
21525 82
21525 125
21525 17
21525 55
21525 80
21525 33
21525 72
21525 4
21525 38
21525 44
21525 16
21525 102
21525 113
21525 121
21525 90
21525 130
21525 22
21525 47
21525 91
21525 97
21525 20
21525 48
21525 126
21525 14
21525 19
21525 107
21525 112
21525 114
21525 63
21525 10
21525 45
21525 49
21525 74
21525 86
21525 98
21525 15
21525 79
21525 120
21525 1
21525 83
21525 101
21525 108
21525 129
21525 46
21525 87
21525 128
21525 57
21525 62
21525 71
21525 0
21525 92
21525 52
21525 95
21525 99
21525 12
21525 27
21525 73
21525 88
21525 70
21525 103
21525 3
21525 18
21525 24
21525 78
21614 72
21614 26
21614 85
21614 22
21614 51
21614 75
21614 106
21614 2
21614 101
21614 97
21614 40
21614 16
21614 77
21614 87
21614 89
21614 95
21614 108
21614 65
21614 4
21614 5
21614 32
21614 71
21614 57
21614 58
21614 70
21614 1
21614 20
21614 78
21614 92
21614 94
21614 96
21614 107
21614 82
21614 15
21614 46
21614 66
21614 28
21614 29
21614 43
21614 104
21614 33
21614 60
21614 9
21614 50
21614 113
21614 19
21614 112
21614 14
21614 38
21614 81
21614 115
21614 56
21614 74
21614 86
21614 64
21614 76
21614 102
21614 8
21614 39
21614 90
21614 111
21614 109
21614 69
21614 12
21614 80
21614 83
21614 62
21614 11
21614 114
21614 34
21614 99
21614 84
21614 98
21614 63
21614 42
21614 88
21614 103
21614 6
21614 35
21614 44
21614 68
21614 7
21614 73
21614 55
21614 54
21614 10
21614 24
21614 67
21614 23
21614 45
21614 48
21614 49
21614 31
21614 61
21614 100
21614 0
21614 3
21614 47
21812 11
21812 13
21812 3
21812 0
21812 12
21812 10
21812 6
21812 14
21812 8
21812 1
21812 9
21812 5
21812 2
21812 4
22122 6
21451 2
22108 10
22108 18
22108 22
22108 13
22108 0
22108 25
22108 30
22108 8
22108 31
22108 9
22108 5
22108 26
22108 12
22108 33
22108 6
22108 15
22108 14
22108 1
22108 16
22108 27
22108 7
22108 11
22108 29
22108 3
22108 4
22108 2
22108 21
22108 32
22108 34
22108 23
22108 20
22108 28
22108 24
22108 19
22246 83
22246 108
22246 285
22246 308
22246 193
22246 311
22246 320
22246 68
22246 289
22246 164
22246 256
22246 152
22246 92
22246 302
22246 147
22246 243
22246 34
22246 82
22246 88
22155 32
22155 19
22155 9
22155 18
22155 23
22155 52
22155 31
22155 3
22155 2
22155 54
22155 40
22155 26
22155 53
22155 34
22155 39
22155 25
22155 4
21449 18
21449 15
21449 11
21449 5
21449 10
21449 16
21449 13
21449 3
21449 8
21449 14
21449 7
21449 17
21449 21
21449 9
21449 20
21449 0
21449 12
21449 1
21449 4
21449 19
21449 2
21449 6
21948 112
21948 138
21948 23
21948 125
21948 34
21948 10
21948 140
21948 38
21948 102
21948 33
21948 73
21948 127
21948 56
21948 114
21948 124
21948 5
21948 83
21948 149
21948 89
21948 95
21948 117
21948 96
21948 1
21948 148
21948 65
21948 136
21948 153
21948 60
21948 44
21948 51
21948 30
21795 68
21795 150
21795 174
21795 199
21795 61
21795 153
21795 204
21795 213
21795 231
21795 271
21795 13
21795 70
21795 114
21795 142
21795 171
21700 1
22136 11
22136 10
22136 33
22136 3
22136 14
22136 2
22136 16
22136 29
22136 1
22136 36
22136 44
22136 26
22136 7
22136 41
22136 18
22136 40
22136 13
22136 15
22136 55
22136 23
22136 0
22136 12
22136 31
22136 32
22136 37
22136 54
22136 42
22136 9
22136 43
22136 30
22136 39
22136 53
22136 6
22136 38
22136 47
21915 51
21611 61
21611 4
21611 75
21670 7
21670 25
21670 30
21670 21
21670 9
21670 37
21670 8
21670 13
21670 22
21670 12
21670 3
21670 6
21670 14
21670 28
21670 27
21670 11
21670 38
21670 18
21670 20
21670 29
21670 35
21670 24
21670 17
21670 34
21670 2
21670 31
21670 19
21670 15
21670 0
21670 4
21670 5
21670 10
21670 23
21670 33
21793 31
21793 34
21793 13
21793 14
21793 2
21793 8
21793 32
21793 38
21793 3
21793 4
21793 9
21793 24
21793 27
21793 37
21793 33
21793 11
22115 101
22115 121
22115 34
22115 74
22115 14
22115 112
22115 125
22115 126
22115 33
22115 129
22115 36
22115 99
22115 115
22115 86
22115 109
22115 19
22115 62
22115 32
22115 47
22115 107
22115 53
22115 128
22115 132
22115 24
22115 96
22115 87
22115 25
22115 11
21759 7
21759 18
21759 11
21908 79
21908 0
21908 4
21908 110
21908 7
21908 30
21908 24
22267 24
22267 28
22267 23
22267 9
22267 7
22267 20
22267 37
22267 35
22267 10
22267 32
22267 33
22267 38
22267 4
22267 21
22267 31
22267 0
22267 8
22267 27
22267 40
22267 14
22267 18
22267 34
22267 22
22267 13
22267 17
22267 12
22267 29
21515 12
21515 24
21515 39
21515 58
21515 99
21515 0
21515 22
21515 48
21515 75
21515 89
21515 19
21515 70
21515 91
21515 26
21515 31
21515 146
21515 18
21515 69
21515 61
21515 121
21515 141
21515 35
21515 108
21515 116
21515 147
21515 8
21515 93
21515 145
21515 149
21515 27
21515 95
21515 1
21515 55
21515 114
21515 15
21515 41
21515 73
21515 100
21515 34
21515 43
21515 52
21515 98
21515 102
21515 16
21515 103
21515 132
21515 152
21515 2
21515 64
21515 44
21515 78
21515 30
21515 72
21515 77
21515 110
21515 135
21515 33
21515 139
21515 142
21515 7
21515 115
21515 120
21515 143
21515 11
21515 28
21515 46
21515 113
21515 140
21515 10
21515 56
21515 88
21515 94
21515 126
21515 71
21515 106
21515 49
21515 101
21515 112
21515 136
21515 13
21515 14
21515 3
21515 40
21515 96
21515 123
21515 124
21515 29
21515 57
21515 79
21515 105
21515 67
21515 36
21515 38
21515 117
21515 20
21515 134
21515 137
21515 17
21515 109
21515 148
21515 23
21515 76
21515 150
21515 4
21515 50
21515 80
21515 84
21515 130
21515 151
21515 62
21515 129
21515 6
21515 53
21515 90
21515 127
21515 133
21515 47
21515 111
21515 128
21515 63
21515 54
21515 85
21515 42
21515 9
21515 21
21515 32
21515 87
21515 65
21515 25
21515 51
21515 86
21515 104
21515 5
21515 45
21515 68
21515 131
21515 138
21515 74
21515 83
21515 97
21515 125
21515 59
21515 118
21515 119
21515 144
21442 11
21442 61
21442 87
21442 118
21442 173
21442 192
21442 18
21442 46
21442 95
21442 144
21442 182
21941 8
21941 38
21941 16
21941 26
21941 48
21941 5
21941 36
21941 35
21941 1
21941 39
21941 10
21941 34
21941 51
21941 28
21941 47
21941 6
21941 49
21941 20
21941 37
21941 41
21941 21
21941 4
21941 52
21941 54
21941 27
21941 45
21941 42
21941 46
21941 43
21941 22
21941 7
21941 32
21941 55
21941 40
21941 14
21941 3
21941 9
21941 53
21941 12
22171 8
22171 18
22171 59
21944 188
21944 61
21944 452
21944 200
21944 421
21944 506
21944 305
21944 525
21944 96
21944 23
21944 516
21944 55
21944 413
21944 244
21944 344
21944 272
21944 361
21944 253
21944 545
21944 435
21944 152
21944 36
21944 508
21944 476
21944 375
21944 100
21944 423
21944 6
21944 324
21944 352
21944 196
21944 43
21944 107
21944 3
21944 518
21944 85
21944 81
21944 132
21944 283
21944 40
21944 376
21944 120
21944 47
21944 64
21944 387
21944 383
21944 398
21944 245
21944 12
21944 360
21944 17
21944 150
21944 403
21944 126
21944 219
21944 368
21944 391
21944 388
21944 441
21944 484
21944 135
21944 500
21944 140
21944 386
21944 240
21944 408
21944 212
21944 246
21944 108
21944 160
21944 214
21944 271
21944 350
21944 519
21944 233
21944 266
21944 473
21944 416
21944 306
21944 224
21944 89
21944 183
21944 467
21944 194
21944 372
21944 501
21944 297
21944 367
21944 147
21944 82
21944 168
21944 184
21944 491
21944 20
21944 198
21944 495
21944 339
21944 225
21944 407
21944 22
21944 133
21944 119
21944 180
21944 162
21944 50
21944 279
21944 502
21944 41
21944 192
21944 144
21944 159
21944 456
21944 420
21944 136
21944 348
21944 157
21944 424
21944 415
21944 264
21944 307
21944 389
21944 69
21944 213
21944 234
21944 276
21944 474
21944 227
21944 552
21944 289
21944 217
21944 364
21944 418
21944 77
21944 300
21944 255
21944 422
21944 10
21944 65
21944 534
21944 461
21944 510
21944 477
21944 189
21944 312
21944 359
21944 60
21944 46
21944 123
21944 480
21944 270
21944 397
21944 28
21944 193
21944 343
21944 178
21944 116
21944 433
21944 471
21944 258
21944 479
21944 131
21944 16
21944 326
21944 287
21944 345
21944 409
21944 358
21944 110
21944 546
21944 247
21944 115
21944 436
21944 220
21944 382
21944 475
21944 482
21944 400
21944 158
21944 186
21944 404
21944 492
21944 76
21944 39
21944 34
21944 426
21944 68
21944 153
21944 252
21944 190
21944 402
21944 448
21944 237
21944 454
21944 195
21944 541
21944 374
21944 487
21944 226
21944 489
21944 172
21944 33
21944 470
21944 75
21944 513
21944 318
21944 281
21944 469
21944 365
21944 199
21944 204
21944 5
21944 229
21944 249
21944 239
21944 329
21944 464
21944 284
21944 285
21944 14
21944 401
21944 373
21944 256
21944 438
21944 431
21944 494
21944 354
21944 74
21944 191
21944 457
21944 259
21944 522
21944 499
21944 542
21944 52
21944 97
21944 335
21944 417
21944 8
21944 206
21944 434
21944 327
21944 440
21944 236
21944 142
21944 210
21944 341
21944 91
21944 207
21944 483
21944 351
21944 201
21944 18
21944 390
21944 216
21944 406
21944 208
21944 488
21944 396
21944 230
21944 231
21944 54
21944 330
21944 497
21944 27
21944 101
21944 112
21944 451
21944 321
21944 325
21944 274
21944 167
21944 293
21944 70
21944 520
21944 242
21944 51
21944 292
21944 410
21944 181
21944 90
21944 498
21944 165
21944 83
21944 179
21944 42
21944 535
21944 353
21944 381
21944 290
21944 295
21944 543
21944 286
21944 450
21944 0
21944 366
21944 58
21944 30
21944 395
21944 490
21944 88
21944 392
21944 7
21944 320
21944 125
21944 166
21944 463
21944 466
21944 169
21944 430
21944 223
21944 53
21944 228
21944 105
21944 419
21944 111
21944 44
21944 302
21944 336
21944 250
21944 459
21944 73
21944 148
21944 385
21944 103
21944 355
21944 251
21944 260
21944 57
21944 447
21944 86
21944 412
21944 56
21944 316
21944 481
21944 84
21944 378
21944 163
21944 296
21944 118
21944 311
21944 122
21944 322
21944 529
21944 109
21944 405
21944 95
21944 363
21944 304
21944 151
21944 215
21944 149
21944 507
21944 515
21944 155
21944 211
21944 411
21944 15
21944 98
21944 393
21944 486
21944 35
21944 301
21944 455
21944 72
21944 485
21944 241
21944 310
21944 317
21944 445
21944 262
21944 232
21944 143
21944 1
21944 340
21944 205
21944 66
21944 185
21944 275
21944 87
21944 460
21944 371
21944 99
21944 532
21944 174
21944 177
21944 472
21944 19
21944 222
21944 141
21944 315
21944 254
21944 170
22193 9
22193 22
22193 5
22193 11
22193 3
22193 0
22193 19
22193 2
22193 8
22193 14
22193 1
22193 15
22193 17
22193 18
22193 7
22193 23
22193 20
22193 16
22193 10
22193 6
22193 12
22193 4
21802 136
21802 139
21802 152
21802 114
21802 186
21802 226
21802 49
21802 14
21802 27
21802 57
21802 75
21802 92
21802 118
21802 216
21802 228
21802 238
21440 101
21440 102
21440 27
21440 63
21440 73
21440 72
21440 132
21440 136
21440 47
21440 83
21440 94
21440 49
21440 92
21440 108
21440 21
21440 6
21440 29
21440 70
21440 4
21440 32
21440 39
21440 25
21440 48
21440 93
21440 1
21440 80
21440 118
21440 24
21440 84
21440 120
21440 26
21440 104
21440 130
21440 2
21440 68
21440 69
21440 87
21440 112
21440 34
21440 37
21440 124
21440 125
21440 123
21440 129
21440 43
21440 85
21440 88
21440 97
21440 5
21440 42
21440 58
21440 53
21440 56
21440 99
21440 117
21440 65
21440 105
21440 126
21440 41
21440 0
21440 75
21440 79
21440 81
21440 3
21440 122
21440 127
21440 30
21440 45
21440 7
21440 31
21440 62
21440 64
21440 44
21440 51
21440 60
21440 110
21440 35
21440 46
21440 52
21440 114
21440 23
21440 50
21440 71
21440 128
21440 59
21440 76
21962 150
21962 154
21962 151
21962 157
21962 156
21962 153
21962 155
21962 149
21962 152
22205 27
22205 55
22205 25
22205 40
21842 178
21842 81
21842 92
21842 108
21842 28
21842 110
21842 166
21842 150
21842 180
21842 7
21842 46
21842 97
21842 174
21842 87
21842 126
21842 75
21842 133
21842 30
21842 36
21842 95
21842 53
21842 117
21842 143
21842 13
21842 26
21842 32
21842 44
21842 96
21842 103
21842 175
21842 14
21842 20
21842 55
21842 86
21842 148
21842 165
21842 102
21842 151
21842 156
21842 157
21842 0
21842 29
21842 37
21842 147
21842 115
21842 177
21842 25
21842 3
21842 5
21842 39
21842 16
21842 89
21842 125
21842 155
21842 171
21842 72
21842 124
21842 140
21842 6
21842 64
21842 158
21842 82
21842 142
21842 8
21842 169
21842 128
21842 11
21842 85
21842 104
21842 12
21842 74
21842 168
21842 63
21842 105
21842 112
21842 149
21842 164
21842 49
21842 57
21842 66
21842 107
21842 163
21842 77
21842 114
21842 162
21842 54
21842 93
21842 167
21842 15
21842 21
21842 47
21842 67
21842 4
21842 42
21842 69
21842 79
21842 122
21842 123
21842 138
21842 173
21842 17
21842 56
21842 70
21842 88
21842 141
21842 43
21842 90
21842 127
21842 68
21842 22
21842 100
21842 106
21842 146
21842 118
21842 139
21842 9
21842 91
21842 116
21842 130
21842 58
21826 7
21826 14
21826 30
21826 12
21826 13
21826 29
21826 22
21826 0
21826 2
21826 20
21826 17
21826 25
21826 9
21826 1
21826 27
21826 32
21826 28
21826 19
21826 5
21826 23
21826 31
21826 6
21826 21
22198 16
22198 95
22078 133
22078 74
22078 82
22078 8
22078 7
22078 28
22078 96
22078 71
22078 137
22078 36
22078 76
22078 94
22078 33
22078 70
22078 64
22078 115
22078 110
22078 106
22078 14
22078 127
22078 4
22078 77
22078 15
22078 66
22078 50
22078 26
22078 49
22078 120
22078 25
22078 42
22078 65
22078 122
22078 86
22078 68
22078 13
22078 105
22078 75
22078 58
22078 35
22078 72
22078 99
22078 97
22078 124
22078 134
22078 20
22078 38
22078 5
22078 27
22078 91
22078 21
22078 16
22078 55
22078 10
22078 107
22078 90
22078 46
22078 53
22078 29
22078 67
22078 92
22078 98
22078 83
22078 100
22078 131
22078 12
22078 1
22078 19
22078 123
22078 79
22078 125
22078 54
22078 128
22078 57
22078 135
22078 118
22078 0
22078 85
22078 117
22078 44
22078 11
22078 2
22078 93
22078 32
22078 136
22078 112
22078 61
22078 80
22078 43
22078 34
22078 60
22078 119
22078 126
22078 89
22078 51
22078 121
22078 102
22078 17
21445 234
21445 260
21445 303
21445 316
21445 322
21445 182
21445 219
21445 222
21445 271
21445 314
21445 154
21445 163
21445 288
21445 232
21445 236
21445 244
21445 256
21445 290
21445 269
21445 164
21445 187
21445 217
21445 270
21445 310
21445 17
21445 51
21445 60
21445 84
21445 99
21445 102
21445 3
21445 10
21445 36
21445 57
21445 67
21445 82
21445 98
21445 114
21445 283
21445 179
21445 33
21445 37
21445 47
21445 53
21445 142
21445 151
21445 152
21445 35
21445 72
21445 86
21445 88
21445 93
21445 94
21445 113
21445 2
21445 75
21445 109
21445 136
21445 148
21445 1
21445 11
21445 79
21445 87
21445 103
21445 123
21445 134
21445 18
21445 19
21445 22
21445 26
21445 58
21445 63
21445 100
21445 104
21445 218
21445 248
21445 292
21445 306
21445 315
21445 5
21445 6
21445 81
21445 130
21445 170
21445 242
21445 162
21445 203
21445 211
21445 213
21445 239
21445 309
21445 12
21445 13
21445 14
21445 27
21445 70
21445 85
21445 146
21445 206
21445 321
21445 323
21445 167
21445 186
21445 198
21445 209
21445 265
21445 287
21445 293
21445 69
21445 89
21445 101
21445 137
21445 40
21445 48
21445 118
21445 120
21445 129
21445 141
21445 156
21445 276
21445 159
21445 174
21445 247
21445 274
21445 317
21445 158
21445 291
21445 169
21445 204
21445 184
21445 189
21445 210
21445 223
21445 249
21445 268
21445 165
21445 193
21445 205
21445 177
21445 230
21445 299
21445 308
21445 241
21445 155
21445 175
21445 194
21445 199
21445 228
21445 266
21445 300
21445 237
21445 286
21445 172
21445 279
21445 304
21445 183
21445 226
21445 277
21445 285
21445 296
21445 313
21445 4
21445 61
21445 66
21445 90
21445 107
21445 128
21445 208
21445 229
21445 246
21445 197
21445 44
21445 171
21445 302
21445 319
21445 192
21445 215
21445 224
21445 255
21445 261
21445 294
21445 178
21445 240
21445 311
21445 153
21445 250
21445 263
21445 207
21445 212
21445 220
21445 225
21445 231
21445 262
21445 275
21445 295
21445 0
21445 16
21445 20
21445 73
21445 97
21445 112
21445 132
21445 166
21445 221
21445 168
21445 227
21445 191
21445 320
21445 185
21445 272
21445 59
21445 34
21445 42
21445 62
21445 64
21445 68
21445 122
21445 127
21445 144
21445 176
21445 195
21445 201
21445 235
21445 307
22101 72
22101 71
22101 62
22101 1
22101 53
22101 23
22101 30
22101 20
22101 3
22101 25
22101 16
22101 2
22101 18
22101 37
22101 10
22043 478
21906 144
21906 59
21906 44
21906 190
21906 93
21906 80
21906 120
21906 42
21906 66
21906 5
21906 13
21906 142
21906 9
21906 87
21906 57
21906 79
21906 3
21906 132
21906 92
21906 211
21906 204
21906 127
21906 192
21906 47
21906 27
21906 117
21906 136
21906 176
21906 225
21906 88
21906 102
21906 215
21906 175
21906 46
21906 199
21906 223
21906 91
21906 71
21906 208
21906 86
21906 213
21906 186
21906 25
21906 73
21906 125
21906 104
21906 162
21906 45
21906 180
21906 173
21906 10
21906 106
21906 159
21906 65
21906 111
21906 188
21906 147
21906 201
21906 235
21906 138
21906 148
21906 38
21906 76
21906 53
21906 219
21906 156
21906 207
21906 12
21906 160
21906 196
21906 67
21906 56
21906 226
21906 113
21906 41
21906 14
21906 231
21906 205
21906 69
21906 178
21906 82
21906 64
21906 155
21906 209
21906 227
21906 7
21906 121
21906 37
21906 181
21906 11
21906 36
21906 75
21906 221
21906 35
21906 187
21906 24
21906 177
21906 123
21906 108
21906 78
21906 182
21906 216
21906 48
21906 55
21906 154
21906 114
21906 124
21906 61
21906 29
21906 233
21906 203
21906 220
21906 107
21906 30
21906 60
21906 130
21906 101
21906 202
21906 126
21906 115
21906 33
21906 95
21906 146
21906 109
21906 179
21906 140
21906 26
21906 103
21906 224
21906 200
21906 170
21906 161
21906 1
21906 83
21906 210
21906 134
21906 22
21906 100
21906 118
21906 157
21906 32
21906 189
21906 217
21906 194
21906 171
21906 197
21906 16
21906 152
21906 52
21906 110
21906 28
21906 94
21906 85
21906 119
21906 97
21906 17
21906 151
21906 167
21906 23
21906 131
21906 174
21906 133
21906 191
21623 142
22111 8
22111 42
22111 32
22111 26
22111 13
22111 25
22111 51
22111 53
22111 1
22111 52
22111 24
22111 39
22111 20
22111 4
22111 36
22111 45
22111 38
22111 41
22111 7
22111 14
22111 44
22111 27
22111 43
22111 2
22111 50
22111 15
22111 40
22111 35
22111 11
22111 28
22111 29
22111 16
22111 37
22111 18
22111 33
22111 31
22111 10
22111 12
22111 21
22111 9
22111 19
22111 23
22111 47
22111 5
22111 22
22111 48
22111 0
22111 3
22111 17
22111 49
22111 46
22111 6
21670 1
21670 36
22252 73
22093 124
22233 1
22233 0
22233 14
22233 2
22233 13
22173 199
22173 84
22173 138
22173 482
22173 254
22173 400
22173 459
22173 402
22173 3
22173 76
22173 207
22173 58
22173 236
22173 325
22173 122
22173 252
22081 49
22081 50
22081 13
22081 29
21699 563
21929 37
21929 19
21929 52
21929 64
21953 5
21953 49
21953 63
21953 38
21953 10
21953 65
21953 47
21953 24
21953 66
21953 7
21953 20
21953 51
21953 72
21953 23
21953 73
21953 70
21953 15
21953 11
21953 39
21953 75
21953 53
21953 19
21953 26
21953 35
21953 30
21953 32
21953 29
21953 44
21953 59
21953 18
21953 48
21953 3
21953 64
21953 6
21953 36
21953 67
21953 0
21953 14
21953 40
21953 16
21953 55
21953 60
21953 45
21953 76
21953 52
21953 69
21953 57
21953 62
21953 2
21953 61
21953 46
21953 9
21953 54
21953 56
21953 28
21953 8
21953 4
21953 34
21953 50
22163 109
22163 151
22163 127
22163 190
22163 138
22163 126
22163 21
22163 174
22163 227
22163 148
22163 15
22163 50
22163 158
22163 128
22163 218
22163 115
22163 183
22163 82
22163 42
22163 33
22163 152
22163 237
22163 92
22163 170
22163 220
22163 154
22163 77
22163 184
22163 2
22163 52
22163 157
22163 206
22163 12
22163 95
22163 238
22163 219
22163 9
22163 195
22163 139
22163 133
22163 44
22163 125
22163 13
22163 63
22163 87
22163 54
22163 189
22163 149
22163 113
22163 200
22163 48
22163 14
22163 112
22163 135
22163 252
22163 0
22163 142
22163 257
22163 89
22163 16
22163 37
22163 258
22163 226
22163 160
22163 165
22163 172
22163 192
22163 121
22163 240
22163 81
22163 181
22163 262
22163 124
22163 232
22163 86
22163 255
22163 225
22163 23
22163 22
22163 114
22163 57
22163 106
22163 233
22163 70
22163 130
22163 26
22163 216
22163 39
22163 120
22163 40
22163 253
22163 5
22163 241
22163 107
22163 88
22163 260
22163 66
22163 10
22163 45
22163 228
22163 180
22163 117
22163 150
22163 178
22163 19
22163 221
22163 245
22163 104
22163 214
22163 119
22163 185
22163 20
22163 98
22163 169
22163 73
22163 188
22163 74
22163 161
22163 99
22163 27
22163 256
22163 122
22163 43
22163 46
22163 242
22163 201
22163 47
22163 179
22163 244
22163 249
22163 75
22163 198
22163 55
22163 250
22163 208
22163 53
22163 168
22163 105
22163 97
22163 231
22163 143
22163 36
22163 123
22163 153
22163 103
22163 71
22163 137
22163 177
22163 102
22163 140
22163 167
22163 38
22163 254
22163 60
22163 171
22163 132
22163 229
22163 65
22163 64
22163 145
22163 24
22163 56
22163 6
22163 199
22163 7
22163 25
22163 247
22163 141
22163 212
22163 51
22163 134
22163 186
22163 83
22163 84
22163 234
22163 193
22163 108
22163 116
22163 194
22163 85
22163 259
22163 62
22163 217
22163 191
22163 204
22163 31
22163 223
22163 155
22163 3
22163 69
22163 235
22163 61
22163 17
22163 18
22163 261
22163 246
22163 136
22163 8
22163 207
22163 239
22163 11
22163 34
22163 209
21742 324
21742 59
21742 64
21742 69
21742 72
21742 134
21742 146
21742 197
21742 317
21742 5
21742 23
21742 56
21742 187
21742 192
21742 223
21742 270
21742 331
21742 355
21742 46
21742 171
21742 209
21742 264
21742 273
21742 292
21742 309
21742 351
21742 191
21742 219
21742 189
21742 338
21742 103
21742 104
21742 165
21742 269
21742 275
21742 293
21742 332
21742 352
21742 205
21742 58
21742 57
21742 47
21742 51
21742 93
21742 130
21742 234
21742 249
21742 294
21742 301
21742 337
21742 110
21742 186
21742 203
21742 312
21742 8
21742 67
21742 106
21742 177
21742 212
21742 225
21742 327
21742 341
21742 276
21742 283
21742 299
21742 348
21742 349
21742 32
21742 154
21742 210
21742 84
21742 3
21742 213
21742 53
21742 11
21742 24
21742 63
21742 116
21742 142
21742 160
21742 166
21742 49
21742 114
21742 128
21742 150
21742 168
21742 207
21742 39
21742 76
21742 96
21742 118
21742 139
21742 318
21742 0
21742 52
21742 127
21742 145
21742 190
21742 222
21742 235
21742 254
21742 345
21742 316
21692 233
21692 197
21692 199
21692 219
21692 200
21692 222
21692 214
21692 220
21692 201
21692 227
21692 212
21692 225
21692 230
21692 223
21692 217
21692 198
21692 194
21692 208
21692 221
21692 209
21692 205
21692 228
21692 195
21692 204
21692 218
21692 232
21450 16
21450 14
21450 21
21450 0
21450 51
21450 23
21450 38
21450 50
21450 7
21450 24
21666 23
21666 20
21666 46
21666 3
21666 9
21666 10
21666 38
21666 16
21666 29
21666 44
21666 33
21666 1
21666 18
21666 37
21666 11
21666 15
21666 28
21666 6
21666 27
21666 41
21666 47
21666 32
21666 34
21666 39
21666 12
21666 2
21666 22
21666 40
21666 24
21666 31
21666 0
21666 42
21666 35
21666 7
21666 25
21666 14
21470 9
21470 11
22243 87
22164 24
22164 23
22164 76
22164 128
22164 134
22164 58
22164 132
22164 21
22164 166
22164 117
22164 17
22164 77
22164 80
22164 147
22164 61
22164 102
22164 145
22164 111
22164 67
22164 116
22164 3
22164 88
22164 188
22164 100
22164 126
22164 56
22164 57
22164 139
22164 1
22164 4
22164 39
22164 197
22164 75
22164 29
22164 32
22164 173
22164 92
22164 146
22164 78
22164 202
22164 181
22164 47
22164 200
22164 101
22164 120
22164 12
22164 201
22164 167
22164 48
22164 170
22164 196
22164 150
22164 0
22164 183
22164 157
22164 103
22164 50
22164 7
22164 95
22164 85
22164 71
22164 123
22164 177
22164 106
22164 130
22164 152
22164 195
22164 63
22164 110
22164 178
22164 52
22164 16
22164 187
22164 11
22164 72
22164 109
22164 66
22164 33
22164 171
22164 121
22164 141
22164 64
22164 182
22164 62
22164 185
22164 18
22164 25
22164 10
22164 189
22164 19
22164 59
22164 51
22164 26
22164 199
22164 142
22164 118
22164 45
22164 46
22164 144
22164 148
22164 175
22164 107
22164 113
22164 70
22164 179
22164 194
22164 27
22164 91
22164 162
22164 41
22164 90
22164 74
22164 129
22164 53
22164 5
22164 156
22164 174
22164 86
22164 133
22164 115
22164 87
22164 97
22164 54
22164 38
22164 105
22164 34
22164 143
22164 30
22164 186
22164 13
22164 119
22164 151
22164 180
22164 137
22164 149
22164 198
22164 2
22164 192
22164 65
22164 153
22164 108
22164 96
22164 89
22164 112
22164 160
22164 176
22164 136
22164 36
22164 190
22164 172
22164 6
22164 191
22164 37
22164 20
22164 68
22164 138
22116 40
22116 27
22116 19
22116 32
22116 4
22116 31
22116 13
22116 33
22116 7
22116 28
22116 9
22116 1
22116 0
22116 10
22116 41
22116 39
22116 14
22116 25
22116 22
22116 36
22116 30
22116 12
22116 20
22116 23
22116 38
22116 21
22116 29
22116 2
22116 6
22116 37
22116 34
22116 18
21821 22
21821 1
21821 26
21821 15
21821 2
21821 28
21821 10
21821 23
21754 4
21754 12
21981 71
21731 14
21731 62
21731 84
21731 54
21731 90
21731 17
21731 36
21731 61
21731 89
21731 100
21731 70
21731 12
21731 26
21731 19
21731 23
21731 55
21731 106
21731 81
21731 82
21731 96
21731 47
21731 74
21731 88
21731 44
21731 57
21731 71
21731 101
21731 105
21731 22
21731 41
21731 63
21731 45
21731 83
21731 91
21731 8
21731 16
21731 60
21731 85
21731 21
21731 29
21731 52
21731 73
21731 94
21731 18
21731 65
21731 20
21731 46
21731 35
21731 67
21731 56
21731 64
21731 80
21731 103
21731 51
21731 69
21731 92
21731 31
21731 38
21731 78
21731 98
21731 40
21731 53
21731 75
21731 2
21731 24
21731 27
21731 72
21731 86
21731 30
21731 5
21731 28
21746 57
21746 14
21746 36
21746 42
21896 8
21896 4
21896 3
21896 21
21896 20
21896 25
21896 12
21896 17
21896 14
21896 13
21896 28
21896 11
21896 5
21896 23
21896 18
21896 15
21896 0
21896 19
21896 27
21896 29
21896 22
21896 2
21896 24
21896 30
21896 6
21896 7
21896 1
21734 3
21734 20
21734 1
21734 0
21734 10
21734 4
21734 8
21734 17
21734 13
21734 5
21734 7
21734 16
21734 14
21734 11
21734 15
21734 6
21734 18
21734 2
21734 12
21734 9
21734 19
21795 27
21795 59
21795 183
21795 187
21795 192
21795 185
21795 201
21795 202
21795 166
21795 179
21795 191
21795 65
21795 66
21795 97
21795 248
21795 264
21795 224
21795 135
21795 144
21795 278
21795 160
21795 207
21795 222
21795 279
21795 96
21795 242
21795 250
21795 269
21795 240
21795 244
21795 197
21795 132
21795 289
21795 176
21795 194
21795 206
21795 84
21795 136
21795 210
21795 227
21795 2
21795 14
21795 89
21795 90
21795 28
21795 92
21795 98
21795 110
21795 263
21795 273
21795 67
21795 80
21795 258
21795 35
21795 46
21795 100
21795 167
21795 157
21795 159
21795 168
21795 181
21795 212
21795 44
21795 109
21795 182
21795 214
21795 215
21795 217
21795 63
21795 81
21795 102
21795 120
21795 60
21795 76
21795 91
21795 93
21795 235
21795 237
21795 281
21795 18
21795 69
21795 209
21795 223
21795 164
21795 253
21795 285
21795 216
21795 274
21795 257
21795 88
21795 247
21795 277
21795 252
21795 261
21795 41
21795 48
21795 71
21795 95
21795 104
21795 115
21795 116
21795 118
21795 124
21795 147
21795 151
21795 152
21795 10
21795 86
21795 173
21795 162
21795 221
21795 249
21795 265
21795 39
21795 87
21795 23
21795 25
21795 272
21795 280
21795 236
21795 62
21795 75
21795 103
21795 106
21795 111
21795 123
21795 5
21795 7
21795 11
21795 20
21795 51
21795 148
21795 189
21795 196
21795 158
21795 0
21795 43
21795 57
21795 241
21795 286
21795 121
21795 127
21795 134
21795 137
21795 138
21795 1
21795 34
21795 26
21795 37
21795 74
21795 188
21795 220
21795 234
21795 3
21795 243
21795 239
21795 85
21795 99
21795 112
21795 113
21795 117
21795 122
21795 126
21795 128
21795 131
21795 30
21795 42
21795 155
21795 163
21795 225
21795 262
21795 267
21795 268
21795 105
21795 125
21795 130
21795 161
21795 15
21795 16
21795 58
21795 73
21795 22
21795 50
21795 56
21795 83
21795 175
21795 178
21795 184
21795 45
21795 54
21795 49
21795 53
21795 64
21795 107
21795 108
21795 156
21795 12
21795 4
21795 8
21795 133
21795 246
21795 266
21795 21
21795 40
21795 79
21795 94
21795 190
21795 193
21795 230
21795 6
21795 72
21795 146
21795 154
21795 238
21795 140
21795 177
21795 203
21795 205
21795 172
21795 180
21795 129
21985 65
21985 93
21985 40
22081 17
22081 30
22081 31
22081 4
22081 39
22081 27
22081 33
22081 36
22081 54
22081 6
22081 14
22157 11
22157 49
22157 102
22157 58
22157 75
22157 70
22157 86
22157 13
22157 120
22157 109
22157 108
22157 78
22157 79
22157 115
22157 0
22157 5
22157 64
22157 106
22157 67
22157 28
22157 100
22157 73
22157 52
22157 14
22157 10
22157 98
22157 104
22157 117
22157 29
22157 37
22157 121
22157 124
22157 50
22157 76
22157 90
22157 113
22157 48
22157 59
22157 62
22157 95
22157 30
22157 2
22157 7
22157 111
22157 15
22157 27
22157 34
22157 71
22157 68
22157 12
22157 44
22157 53
22157 39
22157 116
22157 42
22157 91
22157 20
22157 24
22157 18
22157 32
22157 56
22157 25
22157 96
22157 87
22157 45
22157 72
22157 9
22157 41
22157 83
22157 4
22157 40
22157 80
22157 94
22157 60
22157 118
22157 103
22157 17
22157 51
22157 8
22157 26
22157 35
22157 33
22157 6
22157 36
21943 185
21943 78
21943 39
21943 110
21943 85
21943 69
21943 217
22145 49
22145 40
22145 241
22145 322
22145 187
22145 122
22145 57
22145 118
22145 243
22145 82
22145 96
22145 38
22145 167
22145 318
22145 10
22145 87
22145 21
22145 152
22194 1
21813 97
21813 103
21813 99
21813 124
21813 135
21813 164
21813 90
21813 111
21813 6
21813 30
21813 137
21813 74
21813 166
21813 14
21813 78
21813 18
21813 72
21813 139
21813 3
21813 22
21813 108
21813 110
21813 123
21813 126
21813 54
21813 138
21813 156
21813 9
21813 33
21813 157
21813 82
21813 141
21813 159
21813 113
21813 17
21813 16
21813 23
21813 26
21813 49
21813 85
21813 57
21813 62
21813 79
21813 140
21813 28
21813 36
21813 88
21813 37
21813 162
21813 130
21813 11
21813 31
21813 64
21813 86
21813 50
21813 91
21813 10
21813 8
21813 45
21813 0
21813 58
21813 136
21813 161
21813 148
21813 84
21813 98
21813 133
21813 13
21813 73
21813 39
21813 76
21813 15
21813 48
21813 56
21813 35
21813 96
21813 104
21813 129
21813 155
21813 94
21813 115
21813 21
21813 165
21813 101
21813 144
21813 40
21813 66
21813 34
21813 167
21813 59
21813 53
21813 60
21813 146
21813 55
21813 47
21813 1
21813 87
21813 112
21813 51
21813 38
21813 29
21813 68
21813 92
21813 158
21813 153
21813 75
21813 149
21813 77
21813 160
21813 32
21813 151
21813 95
21813 7
21813 107
21813 134
21813 27
22145 172
22145 238
22145 328
22145 310
22145 189
22145 228
22145 84
22145 43
22145 236
22145 294
22145 108
22145 7
22145 149
22145 168
22145 307
22145 5
22145 156
22145 268
22145 37
22145 111
22145 6
22145 217
22145 362
22145 257
22145 64
22145 55
22145 232
22145 79
22145 252
22145 139
22145 138
22145 331
22145 329
22145 135
22145 361
22145 311
22145 25
22145 301
22145 202
22145 66
22145 253
22145 29
22145 354
22145 34
22145 207
22145 169
22145 363
22145 39
22145 365
22145 324
22145 336
22145 166
22145 201
22145 223
22145 242
22145 344
22145 33
22145 256
22145 154
22145 144
22145 356
22145 75
22145 129
22145 41
22145 230
22145 225
22145 262
22145 54
22145 170
22145 176
22145 93
22145 178
22145 50
22145 44
22145 136
22145 334
22145 181
22145 23
22145 316
22145 290
22145 159
22145 283
22145 132
22145 188
22145 351
22145 291
22145 196
22145 126
22145 237
22145 265
22145 280
22145 150
22145 297
22145 210
22145 321
22145 67
22145 36
22145 343
22145 71
22145 174
22145 199
22145 184
22145 161
22145 164
22145 338
22145 220
22145 107
22145 227
22145 258
22145 277
22145 113
22145 46
22145 13
22145 330
22145 346
22145 30
22145 261
22145 83
22145 332
22145 305
22145 101
22145 260
22145 90
22145 47
22145 276
22145 337
22145 48
22145 281
22145 72
22145 162
22145 119
22145 245
22145 151
22145 249
22145 323
22145 0
22145 62
22145 317
22145 192
22145 366
22145 213
22145 266
22145 325
22145 70
22145 69
22145 32
22145 273
22145 244
22145 339
22145 128
22145 92
22145 158
22145 130
22145 211
22145 185
22145 233
22145 22
22145 56
22145 272
22145 16
22145 333
22145 278
22145 312
22145 89
22145 65
22145 347
22145 247
22145 124
22145 326
22145 263
22145 369
22145 9
22145 313
22145 114
22145 26
22145 368
22145 104
22145 300
22145 51
22145 306
22145 203
22145 112
22145 77
22145 123
22145 59
22145 68
22145 255
22145 11
22145 282
22145 186
22145 153
22145 60
22145 191
22145 42
22145 175
22145 116
22145 31
22145 14
22145 58
22145 348
22145 146
22145 28
22145 352
22145 73
22145 303
22145 240
22145 98
22145 155
22145 298
22145 370
22145 95
22145 251
22145 279
22145 140
22145 145
22145 8
22145 197
22145 345
22145 208
22145 88
22145 293
22145 216
22145 19
22145 198
22145 131
22145 259
22145 315
22145 267
22145 327
22145 12
22145 360
22145 85
22145 53
22145 133
22145 20
22145 76
22145 355
22145 295
22145 193
22145 115
22145 292
22145 204
22145 24
22145 358
22145 137
22145 117
22145 274
22145 235
22145 110
22145 4
22145 74
22145 143
22145 215
22145 364
22145 287
22145 52
22145 134
22145 3
22145 194
22145 109
21667 16
21501 3
21501 74
21501 85
21501 132
21501 151
21501 165
21501 171
21501 342
21501 207
21501 395
21501 45
21501 99
21501 292
21501 313
21501 369
21501 407
21501 2
21501 135
21501 141
21501 209
21501 302
21501 234
21501 352
21501 81
21501 230
21501 373
21501 89
21501 390
21501 4
21501 126
21501 128
21501 197
21501 211
21501 247
21501 283
21501 297
21501 397
21501 115
21501 127
21501 222
21501 229
21501 241
21501 277
21501 326
21501 394
21501 0
21501 25
21501 172
21501 270
21501 312
21501 362
21501 392
21501 402
21501 405
21501 42
21501 62
21501 164
21501 253
21501 322
21501 337
21501 358
21501 382
21501 11
21501 15
21501 44
21501 90
21501 97
21501 284
21501 347
21501 365
21501 388
21501 30
21501 169
21501 23
21501 53
21501 82
21501 145
21501 393
21501 19
21501 35
21501 59
21501 84
21501 198
21501 376
21501 33
21501 305
21501 310
21501 391
21501 68
21501 93
21501 147
21501 167
21501 181
21501 272
21501 364
21501 384
21501 220
21501 331
21501 367
21501 119
21501 150
21501 329
21501 6
21501 138
21501 204
21501 214
21501 268
21501 338
21501 116
21501 91
21501 101
21501 159
21501 194
21501 201
21501 279
21501 281
21501 356
21501 368
21501 70
21501 205
21501 252
21501 304
21501 88
21501 327
21501 375
21501 14
21501 16
21501 294
21501 340
21501 191
21501 200
21501 227
21501 287
21501 339
21501 152
21501 267
21501 328
21501 136
21501 246
21501 300
21501 318
21501 28
21501 123
21501 195
21501 289
21501 308
21501 309
21501 255
21501 263
21501 26
21501 32
21501 36
21501 72
21501 98
21501 137
21501 162
21501 250
21501 275
21501 359
21501 9
21501 153
21501 176
21501 186
21501 262
21501 273
21501 48
21501 142
21501 206
21501 217
21501 260
21501 282
21501 319
21501 357
21501 134
21501 334
21501 31
21501 366
21501 12
21501 43
21501 73
21501 122
21501 228
21501 233
21501 276
21501 341
21501 349
21501 381
21501 110
21501 47
21501 54
21501 71
21501 202
21501 280
21501 401
21501 38
21501 39
21501 107
21501 196
21501 232
21501 249
21501 261
21501 299
21501 374
21501 404
21501 105
21501 215
21501 307
21501 60
21501 188
21501 314
21501 157
21501 244
21501 92
21501 120
21501 58
21501 117
21501 210
21501 212
21501 324
21501 112
21501 224
21501 348
21501 161
21501 41
21501 50
21501 78
21501 87
21501 158
21501 254
21501 131
21501 257
21501 387
21501 111
21501 118
21501 240
21501 269
21501 353
21501 17
21501 213
21501 344
21501 345
21501 29
21501 94
21501 129
21501 146
21501 236
21501 248
21501 258
21501 377
21501 378
21501 408
21501 5
21501 46
21501 76
21501 102
21501 154
21501 178
21501 182
21501 189
21501 321
21501 396
21501 237
21501 320
21501 168
21501 226
21501 238
21501 256
21501 265
21501 311
21501 160
21501 166
21501 221
22033 26
21782 37
21782 84
21782 68
21782 66
21782 49
21782 53
21782 77
21782 82
21782 38
21782 58
21782 10
21782 22
21782 39
21782 87
21782 2
21782 35
21782 1
21782 26
21782 67
21782 14
21782 6
21782 13
21782 46
21782 19
21782 17
21782 30
21782 48
21782 65
21782 34
21782 47
21782 7
21782 62
21782 85
21782 89
21782 63
21782 42
21782 52
21782 69
21782 80
21782 11
21782 45
21782 31
21782 44
21782 64
21782 54
21782 41
21782 33
21782 25
21782 81
21782 5
21782 15
21782 55
21782 57
21782 23
21782 61
21782 56
21782 43
21782 88
21782 12
21782 29
22186 17
22186 18
22186 3
22186 14
22186 9
22186 15
22186 0
22186 2
22186 12
22186 10
22186 1
22186 5
22186 8
22186 16
22186 6
22186 11
22186 7
22241 18
22241 7
22241 13
22241 10
22241 9
22241 15
22241 20
22241 14
22241 4
22241 5
22241 1
22241 0
21964 64
21964 304
21964 495
21964 453
21964 237
21964 386
21964 268
21964 470
21964 68
21964 129
21964 284
21964 143
21964 29
21964 375
21964 198
21964 35
21964 188
21964 533
21964 193
21964 339
21964 510
21964 279
21964 71
21964 372
21964 327
21964 420
21964 323
21964 69
21964 525
21964 538
21964 402
21964 429
21964 414
21964 473
21964 133
21964 243
21964 139
21964 500
21964 324
21964 114
21964 491
21964 383
21964 240
21964 116
21964 228
21964 505
21964 301
21964 232
21964 513
21964 523
21964 373
21964 405
21964 75
21964 77
21964 248
21964 276
21964 1
21964 458
21964 274
21964 220
21964 476
21964 171
21964 178
21964 280
21964 115
21964 480
21964 277
21964 308
21964 105
21964 532
21964 183
21964 497
21964 521
21964 393
21964 313
21964 219
21964 265
21964 184
21964 214
21964 479
21964 275
21964 426
21964 529
21964 477
21964 163
21964 126
21964 122
21964 21
21964 229
21964 391
21964 222
21964 261
21964 349
21964 56
21964 18
21964 131
21964 445
21964 136
21964 516
21964 197
21964 461
21964 331
21964 436
21964 91
21964 149
21964 258
21964 225
21964 493
21964 110
21964 8
21964 347
21964 78
21964 96
21964 212
21964 462
21964 332
21964 309
21964 407
21964 487
21964 335
21964 51
21964 83
21964 283
21964 25
21964 101
21964 503
21964 226
21964 52
21964 290
21964 80
21964 443
21964 90
21964 234
21964 189
21964 297
21964 23
21964 321
21964 113
21964 34
21964 179
21964 120
21964 330
21964 39
21964 472
21964 511
21964 310
21964 418
21964 92
21964 125
21964 94
21964 518
21964 329
21964 294
21964 369
21964 317
21964 295
21964 325
21964 177
21964 509
21964 311
21964 7
21964 26
21964 59
21964 82
21964 93
21964 502
21964 371
21964 84
21964 152
21964 267
21964 360
21964 444
21964 348
21964 238
21964 118
21964 341
21964 140
21964 160
21964 286
21964 406
21964 441
21964 415
21964 6
21964 99
21964 342
21964 413
21964 530
21964 30
21964 37
21964 187
21964 515
21964 344
21964 363
21964 5
21964 450
21964 215
21964 380
21964 486
21964 370
21964 285
21964 489
21964 250
21964 540
21964 299
21964 382
21964 12
21964 469
21964 247
21964 162
21964 145
21964 112
21964 492
21964 384
21964 20
21964 48
21964 144
21964 146
21964 425
21964 79
21964 119
21964 281
21964 233
21964 76
21964 404
21964 490
21964 464
21964 121
21964 365
21964 264
21964 422
21964 356
21964 389
21964 381
21964 31
21964 123
21964 65
21964 358
21964 67
21964 403
21964 385
21964 57
21964 499
21964 394
21964 217
21964 17
21964 287
21964 410
21964 142
21964 364
21964 314
21964 196
21964 442
21964 11
21964 135
21964 296
21964 252
21964 455
21964 153
21964 395
21964 531
21964 141
21964 409
21964 483
21964 38
21964 460
21964 433
21964 166
21964 282
21964 89
21964 512
21964 95
21964 316
21964 485
21964 306
21964 260
21964 106
21964 10
21964 19
21964 4
21964 104
21964 180
21964 361
21964 456
21964 362
21964 454
21964 255
21964 270
21964 302
21964 167
21964 312
21964 307
21964 253
21964 239
21964 218
21964 435
21964 355
21964 288
21964 27
21964 176
21964 416
21964 47
21964 439
21964 272
21964 353
21964 446
21964 300
21964 298
21964 377
21964 86
21964 397
21964 320
21964 340
21964 478
21964 55
21964 102
21964 60
21964 328
21964 390
21964 520
21964 465
21964 379
21964 388
21964 303
21964 434
21964 191
21964 496
21964 245
21964 481
21964 41
21964 42
21964 378
21964 468
21964 322
21964 169
21964 85
21964 399
21964 484
21964 508
21964 368
21964 173
21964 241
21964 3
21964 164
21964 519
21964 46
21964 517
21964 326
21964 501
21964 343
21964 224
21964 107
21964 452
21964 88
21964 194
21964 24
21964 244
21964 522
21964 466
21964 412
21964 195
21964 419
21964 524
21964 13
21964 192
21964 9
21964 185
21964 161
21964 2
21964 63
21964 475
21964 138
21964 151
21964 289
21964 346
21964 14
21964 457
22245 3
22245 4
22245 6
22245 0
22245 7
22245 5
22245 2
22245 9
22245 1
22245 11
22245 10
21616 17
21616 24
21616 14
21978 108
21978 1
21978 146
21978 45
21978 8
21978 4
21978 197
21978 37
21978 52
21978 68
21978 123
21978 100
21978 144
21978 86
21978 33
21978 92
21978 198
21978 72
21978 132
21978 29
21978 94
21978 119
21978 59
21978 194
21978 112
21978 103
21978 165
21978 97
21978 63
21978 121
21978 27
21978 145
21978 190
21978 89
21978 138
21978 55
21978 168
21978 99
21978 32
21978 136
21978 166
21978 70
21978 107
21978 177
21978 2
21978 66
21978 61
21978 169
21978 133
21978 73
21978 189
21978 31
21978 43
21978 128
21978 104
21978 44
21978 90
21978 134
21978 193
21978 130
21978 184
21978 18
21978 21
21978 171
21978 78
21978 96
21978 127
21978 46
21978 71
21978 148
21978 113
21978 109
21978 38
21978 41
21978 53
21978 83
21978 149
21978 42
21978 11
21978 117
21978 79
21978 65
21978 15
21978 163
21978 188
21978 40
21978 58
21978 143
21978 30
21978 116
21978 170
21978 154
21978 182
21978 54
21978 125
21978 23
21978 155
21978 85
21978 87
21978 151
21978 185
21978 17
21978 176
21978 131
21978 82
21978 60
21978 91
21978 80
21978 19
21978 95
21978 110
21978 39
21978 6
21978 126
21978 102
21978 161
21978 174
21978 178
21978 14
21978 76
21978 51
21978 183
21978 77
21978 180
21978 159
21978 49
21978 0
21978 147
21978 34
21978 135
21978 35
21978 137
21978 48
21978 36
21978 164
21978 47
21978 115
21978 50
21978 120
21978 25
21986 83
21986 100
21986 129
21986 107
22111 34
22111 30
21753 69
21753 116
21753 119
21753 124
21753 308
21753 293
21753 296
21753 47
21753 56
21753 169
21753 213
21753 243
21739 77
21739 52
21739 76
21739 39
21739 27
21739 34
21739 55
21739 6
21739 28
21739 17
21739 29
21739 36
21739 41
21739 44
21739 60
21739 42
21739 59
21739 64
21739 53
21739 78
21739 67
21739 70
21739 73
21739 35
21739 61
21739 37
21739 43
21739 48
21739 8
21739 71
21739 80
21739 75
21739 11
21739 21
21739 22
21739 68
21739 51
21739 4
21739 57
21739 72
21739 15
21739 65
21739 14
21739 40
21739 19
21739 1
21739 3
21739 10
21739 32
21739 62
21739 79
21739 23
21739 13
21739 26
21916 421
21916 327
21916 257
21916 113
21916 380
21916 330
21916 301
21916 119
21916 187
21916 45
21916 215
21916 311
21916 414
21916 117
21916 433
21916 178
21916 40
21916 114
21916 288
21916 458
21916 159
21916 464
21916 89
21916 217
21916 400
21916 8
21916 296
21916 50
21916 267
21916 223
21916 354
21916 323
21916 260
21916 16
21916 74
21916 177
21916 264
21916 273
21916 300
21916 318
21916 12
21916 156
21916 205
21916 228
21916 274
21916 345
21916 320
21916 231
21916 303
21916 353
21916 370
21916 365
21916 268
21916 290
21916 389
21916 378
21916 211
21916 147
21916 158
21916 249
21916 364
21916 456
21916 244
21916 202
21916 291
21916 26
21916 292
21916 221
21916 104
21916 123
21916 374
21916 315
21916 62
21916 171
21916 3
21916 253
21916 357
21916 33
21916 245
21916 277
21916 192
21916 175
21916 204
21916 333
21916 29
21916 239
21916 375
21916 247
21916 103
21916 232
21916 402
21916 438
21916 141
21916 83
21916 135
21916 262
21916 5
21916 336
21916 72
21916 47
21916 425
21916 121
21916 366
21916 218
21916 440
21916 343
21916 216
21916 219
21916 155
21916 460
21916 172
21916 88
21916 404
21916 61
21916 190
21916 93
21916 448
21916 312
21916 339
21916 150
21916 415
21916 324
21916 397
21916 2
21916 408
21916 115
21916 167
21916 25
21916 373
21916 52
21916 220
21916 22
21916 437
21916 358
21916 4
21916 137
21916 348
21916 422
21916 390
21916 81
21916 377
21916 145
21916 361
21916 140
21916 166
21916 238
21916 431
21916 51
21916 278
21916 346
21916 34
21916 459
21916 98
21916 298
21916 94
21916 441
21916 447
21916 182
21916 76
21916 321
21916 20
21916 179
21916 362
21916 112
21916 139
21916 376
21916 66
21916 116
21916 199
21916 307
21916 350
21916 240
21916 100
21916 396
21916 92
21916 136
21916 386
21916 388
21916 306
21916 153
21916 418
21916 105
21916 124
21916 95
21916 122
21916 439
21916 99
21916 427
21916 106
21916 368
21916 266
21916 338
21916 424
21916 455
21916 54
21916 234
21916 214
21916 176
21916 49
21916 417
21916 13
21916 186
21916 82
21916 224
21916 451
21916 429
21916 210
21916 233
21916 420
21916 201
21916 325
21916 341
21916 360
21916 77
21916 35
21916 59
21916 97
21916 164
21916 454
21916 64
21916 181
21916 423
21916 442
21916 446
21916 48
21916 340
21916 69
21916 84
21916 285
21916 269
21916 405
21916 356
21916 468
21916 416
21916 444
21916 27
21916 134
21916 78
21916 110
21916 322
21916 314
21916 161
21916 334
21916 252
21916 243
21916 28
21916 10
21916 372
21916 463
21916 225
21916 271
21916 466
21916 281
21916 151
21916 41
21916 235
21916 411
21916 344
21916 63
21916 79
21916 395
21916 73
21916 379
21916 426
21916 209
21916 319
21916 102
21916 392
21916 42
21916 206
21916 261
21916 308
21916 75
21916 109
21916 283
21916 452
21916 185
21916 432
21916 276
21916 383
21916 265
21916 194
21916 87
21916 183
21916 197
21916 304
21916 384
21916 236
21916 130
21916 11
21916 131
21916 270
21916 6
21916 118
21916 157
21916 467
21916 286
21916 293
21916 86
21916 38
21916 371
21916 68
21916 413
21916 428
21916 129
21916 259
21916 435
21916 445
21916 237
21916 410
21916 15
21916 169
21916 254
21916 275
21916 391
21916 111
21916 165
21916 401
21916 148
21916 351
21916 21
21916 43
21916 242
21916 393
21916 144
21916 30
21916 256
21916 250
21916 394
22116 26
22116 24
22116 15
21778 99
21628 39
21628 20
21628 30
21628 41
21628 52
21628 90
21628 119
21628 53
21628 11
21628 24
21628 80
21628 89
21628 101
21628 106
21628 12
21628 2
21628 23
21628 16
21628 63
21628 65
21628 96
21628 60
21628 8
21628 10
21628 69
21628 72
21628 82
21628 92
21628 29
21628 112
21628 113
21628 35
21628 51
21628 66
21628 132
21628 115
21628 88
21628 0
21628 111
21628 100
21628 13
21628 31
21628 77
21628 116
21628 126
21628 3
21628 129
21774 3
21774 475
21774 487
21774 535
21774 81
21774 240
21774 257
21774 393
21774 395
21774 426
21774 437
21774 463
21774 471
21774 365
21774 291
21774 47
21774 97
21774 134
21774 199
21774 218
21774 466
21774 515
21774 80
21774 281
21774 50
21774 21
21774 24
21774 28
21774 31
21774 49
21774 62
21774 321
21774 371
21774 512
21774 414
21774 126
21774 7
21774 57
21774 278
21774 358
21774 449
21774 498
21774 538
21774 249
21774 290
21774 319
21774 333
21774 334
21774 523
21774 534
21774 44
21774 174
21774 279
21774 282
21774 400
21774 468
21774 505
21774 72
21774 135
21774 137
21774 149
21774 168
21774 308
21774 217
21774 470
21774 420
21774 506
21774 99
21774 320
21774 360
21774 397
21774 431
21774 19
21774 386
21774 477
21774 518
21774 91
21774 177
21774 200
21774 354
21774 432
21774 520
21774 436
21774 77
21774 239
21774 356
21774 364
21774 533
21774 416
21774 495
21774 61
21774 141
21774 159
21774 170
21774 196
21774 262
21774 486
21774 500
21774 171
21774 201
21774 256
21774 296
21774 298
21774 355
21774 402
21774 507
21774 485
21774 516
21774 272
21774 188
21774 331
21774 346
21774 374
21774 55
21774 67
21774 85
21774 125
21774 183
21774 258
21774 316
21774 143
21774 247
21774 289
21774 378
21774 472
21774 39
21774 52
21774 59
21774 88
21774 90
21774 124
21774 51
21774 74
21774 292
21774 342
21774 542
21774 300
21774 387
21774 406
21774 434
21774 474
21774 482
21774 539
21774 484
21774 489
21774 509
21774 127
21774 147
21774 352
21774 427
21774 430
21774 492
21774 461
21774 462
21774 521
21774 14
21774 29
21774 86
21774 106
21774 128
21774 197
21774 270
21774 469
21774 473
21774 491
21774 45
21774 48
21774 162
21774 198
21774 206
21774 267
21774 219
21774 246
21774 287
21774 363
21774 369
21774 410
21774 464
21774 501
21774 526
21774 284
21774 43
21774 101
21774 139
21774 140
21774 69
21774 429
21774 233
21774 305
21774 325
21774 350
21774 417
21774 423
21774 443
21774 503
21774 511
21774 132
21774 145
21774 205
21774 227
21774 153
21774 180
21774 204
21774 459
21774 527
21774 27
21774 10
21774 64
21774 138
21774 255
21774 299
21774 540
21774 175
21774 191
21774 215
21774 236
21774 264
21774 499
21774 529
21774 328
21774 98
21774 154
21774 391
21774 424
21774 514
21774 58
21774 144
21774 214
21774 384
21774 435
21774 541
21774 0
21774 20
21774 76
21774 401
21774 408
21774 422
21774 481
21774 522
21774 60
21774 181
21774 310
21774 317
21774 375
21774 385
21774 465
21774 488
21774 2
21774 89
21774 103
21774 146
21774 223
21774 259
21774 444
21774 192
21774 53
21774 185
21774 25
21774 129
21774 176
21774 273
21774 373
21774 65
21774 122
21774 203
21774 209
21774 442
21774 447
21774 339
21774 5
21774 105
21774 108
21774 160
21774 195
21774 238
21774 297
21774 84
21774 121
21774 336
21774 347
21774 382
21774 110
21774 254
21774 323
21774 452
21774 169
21774 276
21774 368
21774 372
21774 389
21774 458
21774 111
21774 245
21774 268
21774 277
21774 295
21774 309
21774 11
21774 186
21774 8
21774 16
21774 83
21774 152
21774 163
21774 237
21774 304
21774 496
21774 107
21774 207
21774 253
21774 508
21774 189
21774 231
21774 303
21774 338
21774 381
21774 412
21774 510
21774 210
21774 244
21774 266
21774 293
21774 302
21774 332
21774 343
21774 353
21774 40
21774 151
21774 234
21774 250
21774 263
21774 380
21774 388
21774 413
21774 467
21774 288
21774 38
21774 161
21774 428
21774 433
21774 451
21774 483
21774 418
21774 457
21774 532
21774 34
21774 349
21774 398
21774 425
21774 131
21670 16
21670 26
21670 32
22088 170
22088 104
22088 60
22088 134
22088 113
22088 145
22088 215
22088 102
22088 160
22088 158
22088 144
21665 65
21665 95
21665 151
21665 69
21665 74
21665 106
21665 107
21665 135
21665 153
21665 3
21665 47
21665 125
21853 28
21853 16
21853 24
21853 18
21853 2
21853 1
21853 7
21853 17
21853 22
21853 26
21853 6
21853 13
21853 20
21853 21
21853 27
21853 11
21853 0
21853 5
21853 8
21853 19
21853 23
21853 14
21853 25
21853 15
21853 12
21853 10
21853 4
22112 265
22112 243
21920 23
21920 49
21920 37
21631 39
21631 98
21631 132
21631 30
21631 53
22118 44
22118 32
22118 25
22118 3
22118 42
22118 4
22118 35
22118 58
22118 60
22118 54
22118 15
22118 55
22118 21
22118 52
22118 36
22118 13
22118 23
22118 0
22118 63
22118 51
22118 14
22118 49
22118 18
22118 50
22118 7
22118 43
22118 28
22118 5
22118 41
22118 57
22118 16
22118 6
22118 47
22118 17
22118 45
22118 2
22118 61
22118 10
22118 37
22118 39
22118 34
22118 19
22118 56
22118 46
22118 59
22118 48
22118 1
22118 26
22074 20
22074 88
22074 57
22074 7
22074 18
21895 463
22133 1
22133 34
22129 195
22129 317
22129 350
22129 113
22129 198
22129 329
22129 284
22129 567
22129 477
22129 285
22129 178
22129 378
22129 527
22129 423
22129 483
22129 227
22129 513
22129 405
22129 376
22129 412
22129 69
22129 122
22129 73
22129 301
22129 556
22129 222
22129 233
22129 287
22129 278
22129 440
22129 43
22129 129
22129 3
22129 332
22129 160
22129 135
22129 115
22129 28
22129 67
22129 386
22129 63
22129 330
22129 452
22129 538
22129 413
22129 459
22129 466
22129 109
22129 216
22129 420
22129 75
22129 87
22129 515
22129 283
22129 361
22129 563
22129 100
22129 536
22129 247
22129 464
22129 450
22129 270
22129 389
22129 44
22129 111
22129 560
22129 312
22129 323
22129 130
22129 342
22129 183
22129 32
22129 242
22129 551
22129 110
22129 189
22129 50
22129 2
22129 64
22129 131
22129 548
22129 22
22129 246
22129 514
22129 91
22129 225
22129 207
22129 545
22129 555
22129 99
22129 546
22129 104
22129 511
22129 251
22129 57
22129 9
22129 494
22129 429
22129 197
22129 11
22129 193
22129 495
22129 557
22129 425
22129 232
22129 245
22129 81
22129 85
22129 112
22129 21
22129 349
22129 20
22129 372
22129 191
22129 442
22129 94
22129 215
22129 460
22129 509
22129 34
22129 336
22129 370
22129 505
22129 411
22129 526
22129 118
22129 277
22129 237
22129 419
22129 175
22129 133
22129 540
22129 407
22129 365
22129 369
22129 409
22129 269
22129 415
22129 508
22129 92
22129 447
22129 162
22129 230
22129 445
22129 303
22129 313
22129 310
22129 95
22129 354
22129 441
22129 271
22129 80
22129 268
22129 149
22129 138
22129 493
22129 461
22129 239
22129 266
22129 121
22129 395
22129 463
22129 453
22129 46
22129 267
22129 346
22129 410
22129 417
22129 154
22129 345
22129 33
22129 517
22129 467
22129 355
22129 433
22129 181
22129 168
22129 422
22129 255
22129 82
22129 101
22129 165
22129 142
22129 236
22129 424
22129 379
22129 321
22129 194
22129 40
22129 70
22129 103
22129 371
22129 431
22129 426
22129 337
22129 166
22129 315
22129 201
22129 455
22129 437
22129 140
22129 56
22129 156
22129 174
22129 504
22129 385
22129 136
22129 367
22129 462
22129 231
22129 119
22129 487
22129 344
22129 319
22129 432
22129 421
22129 39
22129 401
22129 359
22129 374
22129 254
22129 456
22129 234
22129 492
22129 151
22129 476
22129 562
22129 528
22129 220
22129 204
22129 88
22129 351
22129 24
22129 171
22129 532
22129 116
22129 8
22129 141
22129 84
22129 106
22129 418
22129 404
22129 31
22129 235
22129 210
22129 549
22129 241
22129 117
22129 391
22129 134
22129 338
22129 388
22129 51
22129 299
22129 252
22129 58
22129 400
22129 516
22129 200
22129 48
22129 482
22129 550
22129 499
22129 506
22129 439
22129 544
22129 179
22129 435
22129 566
22129 218
22129 541
22129 249
22129 468
22129 146
22129 147
22129 457
22129 274
22129 177
22129 501
22129 403
22129 318
22129 488
22129 470
22129 382
22129 568
22129 36
22129 6
22129 68
22129 279
22129 261
22129 543
22129 565
22129 534
22129 469
22129 264
22129 61
22129 289
22129 62
22129 347
22129 102
22129 343
22129 520
22129 353
22129 159
22129 362
22129 438
22129 42
22129 498
22129 89
22129 478
22129 537
22129 434
22129 402
22129 485
22129 373
22129 500
22129 188
22129 479
22129 219
22129 290
22129 272
22129 1
22129 77
22129 0
22129 221
22129 164
22129 176
22129 205
22129 105
22129 408
22129 14
22129 298
22129 293
22129 392
22129 531
22129 360
22129 352
22129 98
22129 399
22129 280
22129 276
22129 416
22129 107
22129 250
22129 502
22129 66
22129 390
22129 120
22129 15
22129 74
22129 79
22129 358
22129 471
22129 45
22129 474
22129 26
22129 554
22129 212
22129 292
22129 90
22129 187
22129 114
22129 132
22129 449
22129 558
22129 209
22129 428
22129 480
22129 451
22129 49
22129 139
22129 126
22129 446
22129 444
22129 190
22129 427
22129 265
22129 316
22129 564
22129 83
22129 262
22129 143
22129 383
22129 273
22129 30
22129 384
22129 54
22129 10
22129 288
22129 180
22129 496
22129 153
22129 13
22129 398
22129 539
22129 397
22129 123
22129 137
22129 387
22129 7
22129 300
22129 185
22129 86
22129 72
21986 2
21986 92
21986 128
21986 86
21986 105
21986 123
21986 89
21986 15
21986 27
21986 40
21986 4
21986 34
21986 24
21986 32
21986 76
21986 102
21986 65
21986 122
21986 30
21986 115
21986 126
21986 21
21986 108
21986 28
21986 121
21986 1
21986 48
21986 61
21462 12
21462 45
21462 75
21462 69
21462 87
21462 92
21462 0
21462 18
21462 26
21462 50
21462 49
21462 39
21462 52
21462 9
21462 64
21462 78
21462 16
21462 24
21462 38
21462 42
21462 60
21462 83
21462 94
21462 23
21462 37
21462 71
21462 43
21462 46
21462 6
21462 51
21462 84
21462 7
21462 70
21462 77
21462 17
21462 48
21462 79
21462 66
21462 14
21462 82
21462 86
21462 88
21462 56
21462 72
21462 74
21462 91
21462 73
21462 27
21462 81
21462 85
21462 30
21462 89
21462 15
21462 62
21462 61
21462 13
21462 29
21462 3
21462 22
21462 59
21462 68
21462 28
21462 35
21462 93
21462 36
21462 47
21462 57
21462 58
21462 10
21462 41
21462 53
21462 31
21462 90
21462 25
21462 2
22151 28
22079 59
22079 50
22079 44
22079 0
22079 34
22079 6
22079 2
22079 33
22079 16
22079 40
22079 23
22079 19
22079 61
22079 28
22079 29
22079 42
22079 26
22079 35
22079 58
22079 10
22079 22
22079 41
22079 5
22079 20
22079 21
22079 47
22079 57
22079 36
22079 32
22079 8
22079 24
22079 30
22079 52
22079 7
22079 56
22079 1
22079 54
22079 51
22079 12
22079 27
22079 15
22079 60
22079 38
22079 45
22079 46
21652 63
21652 75
21652 7
21652 35
21652 32
21652 53
21652 76
21652 79
21652 52
21652 59
21652 62
21652 82
21652 23
21652 70
21652 22
21652 50
21652 69
21652 36
21652 57
21652 4
21652 25
21652 34
21652 8
21652 44
21652 13
21652 33
21652 19
21652 56
21652 5
21652 61
21652 38
21652 9
21652 64
21652 48
21652 1
21652 27
21652 31
21652 41
21652 46
21652 77
21652 20
21652 30
21652 37
21652 17
21652 10
21652 6
21652 47
21652 67
21652 81
21652 24
21652 66
21652 54
21652 45
21652 80
21652 0
21652 26
21652 2
21652 42
21652 51
21652 3
21652 14
21652 71
21652 15
22053 88
22053 140
22053 115
22053 179
22053 210
22053 16
22053 13
22053 70
22053 192
22053 79
22053 1
22053 43
22053 190
22053 59
22053 57
22053 157
22053 169
22053 213
22053 35
22053 126
22053 154
22053 168
22053 164
22053 19
22053 32
22053 54
22053 203
22053 235
22053 135
22053 111
22053 228
22053 259
22053 137
22053 173
22053 96
22053 101
22053 102
22053 133
22053 263
22053 117
22053 232
22053 152
22053 247
22053 7
22053 240
22053 242
22053 261
22053 206
22053 136
22053 223
22053 178
22053 107
22053 20
22053 146
22053 26
22053 73
22053 6
22053 180
22053 170
22053 243
22053 48
22053 23
22053 25
22053 81
22053 42
22053 175
22053 189
22053 82
22053 195
22053 45
22053 251
22053 68
22053 74
22053 41
22053 165
22053 265
22053 50
22053 250
22053 112
22053 99
22053 71
22053 236
22053 129
22053 194
22053 132
22053 171
22053 238
22053 207
22053 248
22053 24
22053 90
22053 47
22053 127
22053 92
22053 156
22053 139
22053 18
22053 33
22053 44
22053 176
22053 149
22053 14
22053 246
22053 221
22053 224
22053 95
22053 258
22053 229
22053 77
22053 30
22053 94
22053 124
22053 22
22053 27
22053 252
22053 219
22053 52
22053 75
22053 89
22053 11
22053 120
22053 255
22053 93
22053 15
22053 9
22053 97
22053 215
22053 78
22053 216
22053 118
22053 34
22053 212
22053 130
22053 151
22053 37
22053 257
22053 12
22053 56
22053 222
22053 145
22053 119
22053 158
22053 172
22053 106
22053 144
22053 237
22053 4
22053 69
22053 230
22053 214
22053 227
22053 167
22053 181
22053 191
22053 249
22053 36
22053 185
22053 148
22053 233
22053 105
22053 62
22053 177
22053 131
22053 61
22053 65
22053 161
22053 162
22053 91
22053 196
22053 208
22053 160
22053 166
22053 100
22053 39
22053 110
22053 187
22053 104
22053 86
22053 142
22053 8
22053 2
22053 186
22053 116
22053 211
22053 182
22053 28
22053 256
22053 5
22053 17
22053 134
22053 64
22053 123
21474 7
21474 59
21474 18
21474 28
21474 75
21474 48
21474 73
21474 62
21474 54
21474 94
21474 10
21474 13
21871 37
21904 155
21904 80
21904 147
21904 29
21904 95
21904 131
21904 137
21904 254
21904 203
21904 23
21904 49
21904 166
21904 167
21904 40
21904 19
21904 227
21904 219
21904 1
21904 252
21904 172
21904 192
21904 114
21904 119
21904 245
21904 47
21904 222
21904 151
21904 90
21904 12
21904 200
21904 154
21904 241
21904 211
21904 99
21904 253
21904 75
21904 244
21904 197
21904 141
21904 50
21904 206
21904 194
21904 61
21904 160
21904 204
21904 159
21904 72
21904 93
21904 46
21904 249
21904 59
21904 74
21904 84
21904 86
21904 224
21904 216
21904 66
21904 133
21904 27
21904 248
21904 85
21904 78
21904 92
21904 132
21904 124
21904 10
21904 39
21904 82
21904 136
21904 140
21904 180
21904 109
21904 130
21904 104
21904 152
21904 110
21904 135
21904 184
21904 126
21904 188
21904 153
21904 230
21904 9
21904 149
21904 146
21904 67
21904 238
21904 13
21904 168
21904 171
21904 127
21904 231
21904 189
21904 31
21904 122
21904 106
21904 158
21904 232
21904 94
21904 2
21904 199
21904 113
21904 138
21904 58
21904 4
21904 229
21904 177
21904 101
21904 247
21904 42
21904 60
21904 185
21904 91
21904 83
21904 121
21904 79
21904 35
21904 25
21904 220
21904 8
21904 102
21904 181
21904 52
21904 65
21904 32
21904 233
21904 145
21904 43
21904 117
21904 96
21904 196
21904 17
21904 24
21904 51
21904 205
21904 144
21904 143
21904 215
21904 128
21904 214
21904 33
21904 36
21904 14
21904 183
21904 98
21904 87
21904 182
21904 26
21904 123
21904 175
21904 178
21904 235
21904 176
21904 208
21904 77
21904 7
21904 191
21904 20
21904 195
21904 234
21904 150
21904 15
21904 179
21904 207
21904 226
21904 125
21904 223
21904 111
21904 103
21904 105
22085 8
22085 5
21828 4
21828 0
21828 12
21828 13
21828 5
21828 6
21828 7
21828 1
21828 11
21828 9
21828 10
21828 3
21828 2
21828 17
21828 8
21828 18
21828 16
21828 19
22126 76
22126 228
22126 4
22126 68
22126 158
22126 52
22126 170
22126 144
22126 145
22126 105
22126 224
22126 30
21952 35
21952 122
21952 154
21952 40
21952 173
21952 191
21952 186
21952 155
21952 87
21952 220
21952 29
21952 11
21952 53
21952 143
21952 209
21952 52
21952 6
21952 147
21952 67
21952 142
21952 56
21952 42
21952 203
21952 188
21952 95
21952 210
21952 75
21952 216
21952 3
21952 121
21952 167
21952 179
21952 19
21952 107
21952 156
21952 94
21952 110
21952 72
21952 24
21952 127
21952 61
21952 214
21952 97
21952 135
21952 44
21952 10
21952 82
21952 123
21952 161
22181 17
22181 141
22181 62
22181 19
22181 30
22181 91
22181 130
22181 106
22181 58
22181 104
22181 83
22181 60
22181 9
22181 48
22181 101
22181 115
22181 33
22181 29
22181 50
22181 79
22181 82
22181 113
22181 131
22181 41
22181 52
22181 148
22181 3
22181 14
22181 118
22181 40
22181 74
22181 12
22181 126
22181 10
22181 105
22181 61
22181 133
22181 63
22181 54
22181 90
22181 27
22181 92
22181 68
22181 23
22181 129
22181 81
22181 111
22181 95
22181 117
22181 135
22181 1
22181 120
22181 4
22181 13
22181 26
22181 116
22181 146
22181 136
22181 7
22181 123
22181 122
22181 24
22181 47
22181 70
22181 71
22181 35
22181 140
22181 150
22181 11
22181 37
22181 103
22181 5
22181 99
22181 144
22181 69
22181 32
22181 137
22181 39
22181 97
22181 89
22181 124
22181 73
22181 128
22181 67
22181 0
22181 87
22181 6
22181 45
22181 2
22181 55
22181 151
22181 132
22181 110
22181 66
22181 20
22181 51
22181 98
22181 75
22181 134
22181 149
22181 38
22181 36
22181 43
22181 85
22181 109
22181 96
22181 22
22181 77
22181 44
22181 125
22181 147
22181 93
21714 1
21714 12
21714 4
21824 42
21507 4
21507 11
21507 2
21507 6
21507 7
21507 1
21507 3
21507 8
21507 10
21507 0
21507 5
21507 9
21472 12
21472 15
21472 161
21472 174
21472 197
21472 16
21472 23
21472 37
21472 83
21472 101
21472 141
21472 185
21472 189
21472 40
21472 86
21472 133
21472 200
21472 62
21472 96
21472 149
21472 179
21472 195
21472 14
21472 52
21472 67
21472 110
21472 134
21472 11
21472 129
21472 158
21472 163
21472 215
21472 227
21472 85
21472 109
21472 119
21472 121
21472 82
21472 107
21472 160
21472 170
21472 45
21472 102
21472 146
21472 221
21472 13
21472 65
21472 132
21472 165
21472 167
21472 193
21472 0
21472 2
21472 73
21472 104
21472 136
21472 218
21472 32
21472 54
21472 113
21472 192
21472 97
21472 166
21472 211
21472 219
21472 79
21472 99
21472 8
21472 61
21472 130
21472 142
21472 143
21472 68
21472 138
21472 162
21472 206
21472 24
21472 30
21472 118
21472 145
21472 128
21528 4
21528 36
21528 42
21528 31
21528 43
21528 19
21528 46
21528 48
21528 1
21528 16
21528 50
21528 21
21528 14
21528 39
21528 12
21528 23
21528 51
21528 6
21528 38
21528 49
21528 26
21528 29
21528 0
21528 22
21528 40
21528 35
21528 37
21528 52
21528 10
21528 30
21528 5
21528 44
21528 34
21528 15
21797 23
21797 37
21797 19
21797 57
21797 26
21797 6
21797 14
21797 46
21797 59
21797 11
21797 45
21797 55
21797 52
21797 25
21797 33
21797 9
21797 32
21797 40
21797 53
21797 24
21797 12
21797 44
21797 18
21797 20
21797 21
21797 8
21797 10
21797 16
21797 35
21797 7
21797 17
21797 28
21797 30
21797 15
21797 31
21797 58
21797 1
21797 43
21797 56
21797 2
21797 29
21797 47
21797 51
21797 13
21797 42
21797 22
21797 34
21797 49
21797 50
21797 0
21797 5
21797 39
21797 3
21797 4
21797 36
21797 48
21797 38
21797 41
21797 54
21460 6
21460 44
21460 87
21460 96
21460 41
21460 72
21460 14
21460 99
22109 19
22109 63
22109 65
22109 10
22109 55
21491 37
21491 18
21491 43
21491 69
21491 82
21491 97
21491 50
21491 24
21491 51
21491 105
21491 121
21491 73
21491 109
21491 14
21491 34
21491 122
21491 35
21491 54
21491 81
21491 85
21491 115
21491 7
21491 44
21491 21
21491 39
21491 83
21491 91
21491 23
21491 31
21491 93
21491 113
21491 17
21491 20
21491 22
21491 63
21491 107
21491 15
21491 45
21491 87
21491 32
21491 68
21491 77
21491 86
21491 110
21491 13
21491 88
21491 94
21491 118
21491 124
21491 33
21491 53
21491 67
21491 74
21491 103
21491 40
21491 42
21491 59
21491 5
21491 99
21491 2
21491 84
21491 100
21491 106
21491 108
21491 1
21491 64
21491 46
21491 62
21491 98
21491 111
21491 123
21491 3
21491 25
21491 127
21491 19
21491 49
21491 55
21491 72
21491 126
21491 116
21491 92
21491 26
21491 38
21491 61
21491 128
21491 30
21491 66
21491 104
21491 89
21491 52
21491 95
21491 9
21491 27
21491 56
21491 57
21491 80
21491 79
21491 6
21491 11
21491 36
21491 41
21491 75
21491 47
21491 76
21491 114
21491 102
21491 119
21491 12
21491 28
21491 78
21491 125
21491 48
21491 0
21491 117
21491 4
21491 16
21491 90
21491 101
21491 10
21491 65
21491 71
21491 120
22263 239
22263 42
22263 196
22263 11
22263 252
22263 256
22263 47
22263 283
22263 220
22263 269
22263 205
22263 279
22263 218
22263 101
22263 66
22263 9
22263 20
22263 169
22263 242
22263 25
22263 28
22263 60
22263 270
22263 89
22263 79
22263 226
22263 187
22263 6
22263 19
22263 154
22263 41
22263 175
22263 57
22263 54
22263 140
22263 83
22263 243
22263 189
22263 260
22263 273
22263 74
22263 172
22263 125
22263 213
22263 197
22263 180
22263 143
22263 99
22263 176
22263 225
22263 277
22263 157
22263 267
22263 271
22263 257
22263 206
22263 139
22263 134
22263 253
22263 65
22263 67
22263 98
22263 246
22263 51
22263 38
22263 210
22263 147
22263 43
22263 238
22263 156
22263 258
22263 17
22263 162
22263 207
22263 255
22263 2
22263 71
22263 278
22263 14
22263 40
22263 261
22263 4
22263 266
22263 163
22263 45
22263 202
22263 235
22263 78
22263 251
22263 95
22263 103
22263 259
22263 30
22263 167
22263 32
22263 145
22263 212
22263 164
22263 15
22263 149
22263 208
22263 171
22263 52
22263 129
22263 245
22263 195
22263 18
22263 72
22263 177
22263 144
22263 161
22263 170
22263 81
22263 44
22263 131
22263 27
22263 48
22263 97
22263 137
22263 68
22263 198
22263 135
22263 69
22263 7
22263 200
22263 247
22263 182
22263 186
22263 93
22263 240
22263 183
22263 23
22263 128
22263 217
22263 114
22263 86
22263 59
22263 230
22263 118
22263 112
22263 37
22263 190
22263 237
22263 281
22263 115
22263 188
22263 21
22263 16
22263 215
22263 49
22263 133
22263 191
22263 222
22263 228
22263 179
22263 227
22263 282
22263 280
22263 201
22263 46
22263 165
22263 12
22263 8
22263 87
22263 117
22263 233
22263 110
22263 121
22263 141
22263 120
22263 264
22263 58
22263 108
22263 194
22263 123
22263 70
22263 13
22263 119
22263 39
22263 159
22263 184
22263 64
22263 111
22263 35
22263 185
22263 224
22263 250
22263 138
22263 75
22263 204
22263 1
22263 219
22263 107
22263 55
22263 146
22263 0
22263 92
22263 241
21918 157
21918 46
21918 161
21918 18
21918 35
21918 80
21918 205
21918 93
21918 185
21918 49
21918 81
21918 64
21918 150
21918 229
21918 82
21918 140
21918 54
21918 86
21918 162
21918 200
21918 178
21918 139
21918 214
21918 193
21918 101
21918 74
21918 168
21918 71
21918 198
21918 209
21918 96
21918 76
21918 175
21918 36
21918 87
21918 56
21918 142
21918 10
21918 199
21918 136
21918 47
21918 102
21918 16
21918 191
21918 130
21918 164
21918 160
21918 73
21918 187
21918 43
21918 210
21918 91
21918 88
21918 94
21918 167
21918 166
21918 225
21918 3
21918 144
21918 163
21918 2
21918 114
21918 227
21918 78
21918 79
21918 5
21918 23
21918 153
21918 154
21918 194
21918 151
21918 90
21918 223
21918 131
21918 204
21918 66
21918 222
21918 92
21918 124
21918 31
21918 95
21918 122
21918 29
21918 6
21918 197
21918 220
21918 77
21918 41
21918 99
21918 123
21918 45
21918 106
21918 11
21918 52
21918 156
21918 119
21918 192
21918 143
21918 236
21918 57
21918 165
21918 120
21918 12
21918 98
21918 228
21918 4
21918 110
21918 30
21918 22
21918 148
21918 38
21918 72
21918 202
21918 232
21918 159
21918 138
21918 111
21918 112
21918 141
21918 195
21918 117
21918 109
21918 196
21918 15
21918 234
21918 129
21918 61
21918 155
21918 169
21918 26
21918 25
21918 104
21918 190
21918 182
21918 149
21918 65
21918 145
21918 184
21918 69
21918 116
21918 137
21918 9
21918 218
21918 172
21918 28
21918 208
21918 70
21918 67
21918 201
21918 44
21918 203
21918 105
21918 27
21918 233
21918 213
21918 113
21918 53
21918 127
21918 32
21918 188
21918 63
21918 108
21918 186
21918 231
21918 75
21918 174
21439 66
21439 75
21439 170
21439 271
21439 245
21439 266
21439 269
21439 262
21439 263
21439 94
21439 109
21439 168
21439 69
21439 135
21439 157
21439 259
21439 243
21439 240
21439 128
21439 130
21439 232
21439 246
21439 250
21439 264
21439 268
21439 234
21439 255
21439 137
21439 167
21439 176
21439 78
21439 106
21439 107
21439 82
21439 87
21439 97
21439 105
21439 164
21439 186
21439 265
21439 99
21439 174
21439 267
21439 156
21439 72
21439 85
21439 95
21439 146
21439 108
21439 139
21439 143
21439 173
21439 96
21439 140
21439 231
21439 102
21439 242
21439 65
21439 127
21439 88
21439 70
21439 90
21439 261
21439 64
21439 80
21439 179
21439 89
21439 104
21439 86
21439 101
21439 110
21439 252
21439 254
21439 68
21439 124
21439 171
21439 79
21439 131
21439 165
21439 74
21439 111
21439 142
21439 162
21439 63
21439 147
21439 166
21439 183
21439 73
21439 233
21439 93
21439 169
21439 180
21439 230
21439 272
21439 244
21439 223
21439 224
21439 226
21439 227
21439 228
21439 270
21439 175
21439 83
21439 184
21439 134
21439 187
21439 76
21439 100
22070 29
22070 17
22070 19
22070 11
22070 3
22070 9
22070 8
22070 25
22070 13
22070 31
22070 33
22070 22
22070 32
22070 23
22070 12
22070 1
22070 15
22070 20
22070 34
22070 21
22070 2
22070 26
22070 7
22070 35
22070 18
22070 24
22070 0
22070 30
22070 10
22070 6
22070 27
22070 28
22070 16
22070 5
22070 14
22070 4
22034 13
22034 34
22034 2
22034 37
22034 20
22034 16
22034 38
22034 15
22034 36
22034 14
22034 10
22034 31
22034 12
22034 27
22034 1
22034 7
22034 25
22034 26
22034 40
22034 33
22034 5
22034 30
22034 3
22034 6
22034 4
22034 35
22034 0
22034 19
22034 23
22034 39
22034 8
22034 42
22034 29
22034 11
22034 9
22034 41
22034 18
22034 32
22034 17
22034 22
22139 103
22139 6
22139 178
22139 186
22139 44
22139 140
22139 65
22139 171
22139 5
22139 169
22139 85
22139 165
22139 49
22139 158
22139 138
22139 155
22139 92
22139 63
22139 154
22139 126
22139 177
22139 79
22139 70
22139 185
22139 82
22139 14
22139 147
22139 173
22139 54
22139 57
22139 27
22139 176
22139 41
22139 71
22139 23
22139 74
22139 36
22139 1
22139 75
22139 152
22139 167
22139 145
22139 33
22139 180
22139 130
22139 68
22139 15
22139 168
22139 121
22139 67
22139 113
22139 2
22139 77
22139 123
22139 190
22139 42
22139 136
22139 86
22139 101
22139 89
22139 21
22139 4
22139 151
22139 189
22139 7
22139 51
22139 107
22139 146
22139 100
22139 170
22139 175
22139 163
22139 48
22139 3
22139 20
22139 17
22139 9
22139 135
22139 10
22139 62
22139 114
22139 95
22139 73
22139 131
22139 188
22139 157
22139 105
22139 124
22139 50
22139 142
22139 119
22139 182
22139 28
22139 156
22139 159
22139 94
22139 30
22139 88
22139 52
22139 78
22139 104
22139 112
22139 149
22139 184
22139 108
22139 150
22139 60
22139 137
22139 120
22139 45
22139 129
22139 66
22139 139
22139 160
22139 22
22139 143
22139 11
22139 87
22139 118
22139 141
22139 35
22139 153
22139 115
22139 106
22139 47
22139 181
22139 93
22139 37
22139 16
22139 116
22139 25
22139 19
22139 109
22139 127
22139 117
22139 183
22139 72
22139 43
22139 98
22139 110
22139 53
21793 10
21793 17
21793 22
21793 1
21793 41
21793 7
21793 26
21793 42
21793 5
21793 18
21793 28
21793 0
21793 30
21793 15
21793 25
21793 19
21793 40
21793 35
21793 20
21793 39
21793 16
21793 36
21793 21
21793 29
21793 23
21793 6
21793 12
22175 40
22175 27
21854 21
21854 2
21854 23
21854 56
21854 68
21854 33
21854 46
21854 20
21854 34
21854 38
21854 44
21854 72
21854 85
21854 32
21854 13
21854 45
21854 31
21854 5
21854 19
21854 40
21854 54
21854 57
21854 75
21854 55
21854 64
21854 28
21854 1
21854 69
21854 30
21854 27
21854 36
21854 29
21854 42
21854 80
21854 82
21854 15
21854 25
21854 47
21854 58
21854 84
21854 35
21854 74
21854 0
21854 22
21854 51
21854 61
21854 79
21854 81
21854 83
21854 41
21854 9
21854 11
21854 39
21854 65
21854 67
22196 9
22196 11
22196 7
22196 3
22196 13
22196 1
22196 2
22196 8
22196 12
22196 0
22196 4
22196 6
22196 10
22196 5
21701 57
21701 136
21701 187
21701 55
21701 63
21701 88
21701 89
21701 106
21701 216
22268 30
22268 61
22268 87
22268 21
22268 48
22268 75
22268 78
22268 50
22268 13
22268 19
22268 35
22268 104
22268 1
22268 42
22268 92
22268 73
22268 69
22268 80
22268 28
22268 40
22268 58
22268 74
22268 86
22268 27
22268 25
22268 36
22268 109
22268 3
22268 95
22268 68
22268 14
22268 20
22268 2
22268 43
22268 94
22268 59
22268 32
22268 18
22268 57
22268 101
22268 90
22268 31
22268 70
22268 76
22268 6
22268 5
22268 85
22268 38
22268 12
22268 110
22268 62
22268 65
22268 89
22268 4
22268 98
22268 106
22268 46
22268 29
22268 47
22268 7
22268 83
22268 93
22268 37
22268 84
22268 64
22268 8
22268 71
22268 107
22268 103
22268 102
22268 10
22268 41
22268 39
22268 108
22268 54
22268 55
22268 26
22268 63
21799 34
21799 76
21799 8
21936 91
21936 8
21936 71
21936 59
21936 41
21936 130
21936 132
21936 87
21936 46
21857 156
21857 79
21857 9
21857 90
21857 2
21857 42
21857 118
21857 73
21857 12
21857 138
21857 74
21857 110
21857 81
21857 140
21857 5
21857 27
21857 53
21857 82
21857 88
21857 107
21857 124
21857 39
21857 157
21857 113
21857 146
21857 20
21857 26
21857 66
21857 112
21857 141
21857 18
21857 59
21857 55
21857 4
21857 40
21857 30
21857 50
21857 89
21857 91
21857 105
21857 34
21857 64
21857 129
21857 70
21857 120
21857 52
21857 116
21857 85
21857 77
21857 71
21857 72
21857 122
21857 13
21857 130
21857 137
21857 94
21857 131
21857 158
21857 29
21857 152
21857 136
21857 150
21857 44
21857 134
21857 154
21857 33
21857 86
21857 97
21857 151
21857 24
21857 19
21857 63
21857 93
21857 99
21857 115
21857 121
21857 23
21857 0
21857 47
21857 65
21857 78
21857 80
21857 95
21857 108
21857 1
21857 28
21857 32
21857 46
21857 7
21857 14
21857 31
21857 62
21857 98
21857 128
21857 84
21857 104
21857 51
21857 103
21857 125
21857 101
21857 123
21857 22
21857 114
21857 147
21857 15
21857 48
21857 68
21857 92
21857 109
21857 126
21857 6
21857 144
21857 21
21857 135
21857 58
21857 87
21857 119
21857 155
21857 106
21857 69
22208 458
22208 20
22208 436
22208 22
22208 184
22208 104
22208 78
22208 132
22208 15
22208 90
22208 24
22208 121
22208 8
22208 66
22208 166
22208 140
22208 147
22208 116
22208 179
22208 151
22208 429
22208 127
22208 470
22208 13
22208 17
22208 73
22208 57
22208 118
22208 58
22208 467
22208 155
22208 439
22208 178
22208 112
22208 451
22208 119
22208 45
22208 153
22208 128
22208 1
22208 46
22208 443
22208 80
22208 53
22208 49
22208 157
22208 23
22208 74
22208 187
22208 31
21794 70
21794 114
21794 116
21794 167
21794 68
21794 180
21794 83
21794 8
21794 15
21794 47
21794 67
21794 69
21794 96
21794 159
21794 2
21794 55
21794 62
21794 119
21794 122
21794 134
21794 196
21794 207
21794 56
21794 104
21794 113
21794 154
21794 176
21794 184
21794 200
21794 210
21794 11
21794 48
21794 98
21794 112
21794 123
21794 155
21794 9
21794 97
21794 125
21794 131
21794 172
21794 173
21794 3
21794 6
21794 77
21794 88
21794 95
21794 5
21794 23
21794 82
21794 129
21794 191
21794 198
21794 25
21794 91
21794 109
21794 111
21794 190
21794 43
21794 179
21794 16
21794 39
21794 187
21794 35
21794 57
21794 59
21794 153
21794 157
21794 51
21794 162
21794 197
21794 32
21794 193
21794 53
21794 100
21794 149
21794 189
21794 121
21794 4
21794 54
21794 1
21794 50
21794 80
21794 7
21794 84
21794 93
21794 133
21794 158
21794 164
21794 175
21794 10
21794 139
21794 141
21794 163
21794 170
21794 79
21794 94
21794 107
21794 151
21794 211
21794 14
21794 22
21794 182
21794 85
21794 28
21794 124
21794 166
21794 19
21794 20
21794 87
21794 89
21794 103
21794 27
21794 29
21794 30
21794 110
21794 36
21794 76
21794 78
21794 135
21794 146
21794 185
21794 26
21794 75
21794 140
21794 194
21794 202
21794 206
21794 40
21794 108
21794 120
21794 156
21794 165
21794 203
21794 209
21794 41
21794 64
21794 128
21794 199
21794 24
21794 71
21794 117
21794 37
21794 44
21794 65
21794 137
21794 58
21794 86
21794 102
21794 132
21794 142
21794 161
21794 42
21794 52
21794 66
21794 73
21794 152
21794 33
21794 74
21794 81
21794 192
21794 169
21794 168
21794 188
21794 90
21794 145
21794 150
21794 174
21830 4
21830 9
21830 10
21830 2
21830 15
21830 6
21830 14
21830 23
21586 3
21743 34
21743 39
21743 70
21743 71
21743 25
21743 44
21743 84
21743 85
21743 38
21743 47
21743 20
21743 57
21743 10
21743 65
21743 79
21743 53
21743 69
21743 5
21743 16
21743 18
21743 9
21478 13
21478 22
22126 208
22126 66
22126 226
22126 166
22126 156
22126 189
22126 13
22126 116
22126 217
22126 162
22126 142
22126 96
22126 63
22126 99
22126 146
22126 102
22126 125
22126 3
22126 182
22126 31
22126 21
22126 35
22126 108
22126 11
22126 176
22126 203
22126 168
22126 19
22126 20
22126 164
22126 8
22126 6
22126 150
22126 179
22126 89
22126 140
22126 201
22126 67
22126 227
22126 197
22126 184
22126 16
22126 48
21726 1
21726 18
21726 5
21726 15
21726 22
21726 26
21726 6
21726 25
21726 28
21726 12
21726 20
21726 7
21726 2
21726 4
21726 9
21726 14
21726 23
21726 24
21726 29
21726 3
21726 16
21726 11
21726 0
21726 13
21726 19
21726 17
21726 8
21726 21
21726 27
21726 10
22265 0
22265 89
22265 53
22265 2
22086 166
22086 275
22086 354
22086 29
22086 67
22086 349
22086 131
22086 33
22086 481
22086 364
22086 566
22086 469
22086 64
22086 554
22086 214
22086 567
22086 371
22086 536
22086 247
22086 217
22086 40
22086 187
22086 28
22086 562
22086 186
22086 398
22086 545
22086 81
22086 379
22086 529
22086 163
22086 159
22086 558
22086 137
22086 380
22086 233
22086 498
22086 458
22086 499
22086 258
22086 204
22086 51
22086 88
22086 200
22086 86
22086 195
22086 52
22086 205
22086 509
22086 130
22086 144
22086 123
22086 269
22086 308
22086 291
22086 303
22086 234
22086 406
22086 327
22086 203
22086 496
22086 492
22086 50
22086 557
22086 420
22086 138
22086 127
22086 96
22086 533
22086 280
22086 405
22086 356
22086 3
22086 341
22086 151
22086 504
22086 133
22086 35
22086 331
22086 376
22086 102
22086 24
22086 126
22086 384
22086 409
22086 520
22086 446
22086 107
22086 129
22086 0
22086 450
22086 212
22086 236
22086 286
22086 279
22086 546
22086 191
22086 317
22086 337
22086 188
22086 68
22086 7
22086 332
22086 387
22086 168
22086 210
22086 262
22086 202
22086 437
22086 278
22086 25
22086 73
22086 503
22086 324
22086 404
22086 447
22086 559
22086 95
22086 150
22086 395
22086 484
22086 157
22086 182
22086 410
22086 276
22086 350
22086 207
22086 471
22086 336
22086 22
22086 185
22086 134
22086 466
22086 454
22086 401
22086 480
22086 489
22086 345
22086 467
22086 543
22086 302
22086 179
22086 27
22086 505
22086 423
22086 79
22086 43
22086 106
22086 180
22086 292
22086 333
22086 433
22086 65
22086 104
22086 444
22086 485
22086 478
22086 293
22086 408
22086 222
22086 32
22086 153
22086 71
22086 514
22086 368
22086 455
22086 224
22086 149
22086 442
22086 13
22086 76
22086 357
22086 429
22086 320
22086 146
22086 181
22086 462
22086 365
22086 383
22086 111
22086 513
22086 46
22086 116
22086 142
22086 353
22086 101
22086 10
22086 422
22086 497
22086 550
22086 564
22086 221
22086 403
22086 443
22086 1
22086 361
22086 495
22086 508
22086 319
22086 400
22086 323
22086 34
22086 393
22086 9
22086 264
22086 396
22086 198
22086 93
22086 183
22086 568
22086 99
22086 82
22086 242
22086 281
22086 18
22086 263
22086 416
22086 23
22086 121
22086 260
22086 298
22086 56
22086 334
22086 38
22086 125
22086 74
22086 239
22086 472
22086 119
22086 8
22086 483
22086 315
22086 460
22086 115
22086 230
22086 26
22086 284
22086 246
22086 412
22086 300
22086 78
22086 301
22086 175
22086 17
22086 265
22086 208
22086 141
22086 486
22086 474
22086 220
22086 494
22086 440
22086 378
22086 523
22086 114
22086 173
22086 177
22086 189
22086 544
22086 235
22086 419
22086 171
22086 329
22086 92
22086 309
22086 418
22086 113
22086 167
22086 338
22086 109
22086 170
22086 112
22086 66
22086 256
22086 117
22086 490
22086 560
22086 273
22086 61
22086 4
22086 430
22086 257
22086 213
22086 165
22086 193
22086 152
22086 53
22086 154
22086 343
22086 108
22086 390
22086 407
22086 465
22086 240
22086 367
22086 425
22086 487
22086 314
22086 355
22086 502
22086 270
22086 215
22086 510
22086 120
22086 414
22086 451
22086 464
22086 156
22086 89
22086 85
22086 283
22086 201
22086 565
22086 369
22086 439
22086 482
22086 145
22086 2
22086 424
22086 470
22086 39
22086 164
22086 532
22086 428
22086 511
22086 528
22086 411
22086 19
22086 516
22086 322
22086 16
22086 506
22086 296
22086 524
22086 209
22086 192
22086 250
22086 397
22086 11
22086 124
22086 277
22086 100
22086 542
22086 473
22086 382
22086 547
22086 313
22086 538
22086 415
22086 362
22086 530
22086 452
22086 252
22086 249
22086 310
22086 311
22086 540
22086 552
22086 174
22086 381
22086 69
22086 434
22086 391
22086 83
22086 226
22086 326
22086 132
22086 148
22086 199
22086 340
22086 541
22086 335
22086 346
22086 216
22086 551
22086 491
22086 548
22086 321
22086 147
22086 227
22086 218
22086 261
22086 190
22086 531
22086 41
22086 161
22086 515
22086 285
22086 328
22086 352
22086 155
22086 84
22086 431
22086 427
22086 244
22086 304
22086 553
22086 441
22086 136
22086 94
22086 306
22086 267
22086 63
22086 290
22086 370
22086 549
22086 377
22086 259
22086 363
22086 47
22086 360
22086 372
22086 289
22086 75
22086 211
22086 493
22086 517
21573 5
21573 6
21573 17
21573 7
21573 15
21573 20
21573 0
21573 3
21573 4
21573 13
21573 8
21573 11
21573 9
21573 10
21573 21
21573 19
21594 36
21594 6
21594 22
21855 77
21855 89
21855 106
21855 127
21855 1
21855 22
21855 40
21855 46
21855 56
21855 66
21855 90
21855 105
21855 121
21855 43
21855 51
21855 73
21855 82
21855 99
21855 123
21855 118
21855 52
21855 81
21855 97
21855 109
21855 88
21855 110
21855 11
21855 12
21855 24
21855 36
21855 41
21855 50
21855 103
21855 7
21855 26
21855 35
21855 0
21855 27
21855 72
21855 98
21855 113
21855 120
21855 15
21855 16
21855 57
21855 54
21855 25
21855 33
21855 37
21855 34
21855 58
21855 74
21855 126
21855 102
21855 6
21855 68
21855 5
21855 13
21855 17
21855 18
21855 30
21855 20
21855 44
21855 64
21855 78
21855 79
21855 112
21855 10
21855 32
21855 28
21855 59
21855 60
21855 71
21855 96
21855 117
21855 83
21855 114
21855 104
21855 55
21855 21
21855 86
21855 84
21855 93
21855 108
21855 9
21855 29
21855 2
21855 4
21855 47
21855 3
21855 38
21855 125
21855 19
21813 5
22166 8
22166 0
22166 2
22166 11
22166 4
22166 6
22166 9
22166 10
22166 12
22166 1
22045 62
22045 71
22045 101
22045 111
22045 170
22045 99
22045 110
22045 124
22045 153
22045 75
22045 95
22045 25
22045 73
22045 117
22045 92
22045 65
22045 52
22045 138
22045 87
22045 151
22045 29
22045 144
22045 23
22045 6
22045 156
22045 113
22045 14
22045 12
22045 154
22045 90
22045 123
22045 2
22045 41
22045 160
22045 145
22045 81
22045 59
22045 158
22045 155
22045 72
22045 149
22045 165
22045 13
22045 159
22045 108
22045 67
22045 96
22045 26
22045 66
22045 177
22045 174
22045 162
22045 5
22045 43
22045 142
22045 114
22045 119
22045 125
22045 22
22045 38
22045 39
22045 45
22045 94
22045 42
22045 120
22045 34
22045 107
22045 68
22045 116
22045 121
22045 70
22045 129
22045 79
22045 61
22045 83
22045 103
22045 27
22045 37
22045 63
22045 3
22045 131
22045 122
22045 127
22045 137
22045 141
22045 31
22045 118
22045 166
22045 44
22045 51
22045 54
22045 9
22045 8
22045 21
22045 106
22045 135
22045 20
22045 134
22045 84
22045 80
22045 36
22045 175
22045 146
22045 85
22045 48
22045 76
22045 69
22045 102
22045 136
22045 167
22045 49
22045 126
22045 148
22045 91
22045 57
22045 30
22045 105
22045 97
22045 19
22045 157
22045 86
22045 50
22045 0
22045 35
22045 133
22045 58
22045 171
22045 32
22045 140
22045 100
22045 168
22045 139
22045 1
22045 74
22045 176
22045 33
21629 55
21629 102
21629 66
21629 97
21629 162
21629 95
21629 101
21629 67
21629 105
21629 135
21629 172
21629 48
21629 4
21629 168
21629 90
21629 163
21629 58
21629 145
21629 85
21629 132
21629 141
21629 124
21629 20
21629 61
21629 158
21629 7
21629 116
21629 82
21629 107
21629 22
21629 52
21629 31
21629 60
21629 0
21629 3
21629 41
21629 69
21629 83
21629 27
21629 36
21629 88
21629 45
21629 112
21629 75
21629 79
21629 84
21629 149
21629 104
21629 155
21629 30
21629 50
21629 68
21629 6
21629 44
21629 91
21629 134
21629 159
21629 164
21629 2
21629 94
21629 15
21629 120
21629 125
21629 157
21629 166
21629 8
21629 9
21629 54
21629 56
21629 143
21629 160
21629 131
21629 148
21629 72
21629 47
21629 96
21629 109
21629 133
21629 137
21629 174
21629 71
21629 92
21629 99
21629 177
21629 19
21629 73
21629 146
21629 51
21629 81
21629 144
21629 26
21629 28
21629 142
21629 39
21629 62
21629 108
21629 175
21629 130
21629 80
21629 100
21629 123
21629 70
21629 161
21629 21
21629 63
21629 77
21629 167
21629 136
22190 7
22190 4
21457 88
21457 101
21457 107
21457 84
21457 114
21457 3
21457 13
21457 8
21457 54
21457 60
21457 110
21457 111
21457 5
21457 76
21457 18
21457 26
21457 93
21457 102
21457 74
21457 77
21457 78
21457 92
21457 137
21457 41
21457 118
21457 122
21457 126
21457 134
21457 16
21457 20
21457 34
21457 45
21457 85
21457 80
21457 9
21457 66
21457 132
21457 4
21457 40
21457 98
21457 33
21457 69
21457 113
21457 120
21457 12
21457 31
21457 39
21457 73
21457 27
21457 44
21457 104
21457 108
21457 129
21457 131
21457 21
21457 72
21457 81
21457 30
21457 37
21457 55
21457 57
21457 95
21457 29
21457 87
21457 124
21457 35
21457 70
21457 135
21457 11
21457 116
21457 119
21457 127
21457 128
21457 130
21457 24
21457 36
21457 68
21457 100
21457 10
21457 38
21457 112
21457 117
21457 19
21457 51
21457 94
21457 121
21457 23
21457 47
21457 83
21457 64
21457 89
21457 2
21457 56
21457 82
21457 25
21457 43
21457 53
21457 133
21457 142
21457 143
21457 59
21457 7
21457 58
21457 71
21457 46
21457 1
21457 140
21987 232
21987 230
21987 16
21987 36
21987 56
21987 220
21987 161
21987 192
21987 211
21987 119
21987 258
21987 12
21987 193
21987 59
21987 84
21987 107
21987 108
21987 261
21987 231
21987 215
21987 227
21987 80
21987 3
21987 225
21987 60
21987 182
21987 244
21987 7
21987 177
21987 268
21987 242
21987 190
21987 31
21987 208
21987 71
21987 174
21987 250
21987 237
21987 273
21987 222
21987 200
21987 6
21987 65
21987 112
21987 118
21987 69
21987 9
21987 52
21987 22
21987 20
21987 201
21987 35
21987 256
21987 106
21987 141
21987 18
21987 25
21987 139
21987 195
21987 259
21987 191
21987 239
21987 43
21987 173
21987 93
21987 240
21987 8
21987 0
21987 116
21987 83
21987 145
21987 66
21987 252
21987 104
21987 178
21987 127
21987 224
21987 207
21987 168
21987 133
21987 32
21987 97
21987 260
21987 162
21987 123
21987 175
21987 223
21987 179
21987 214
21987 147
21987 14
21987 122
21987 202
21987 221
21987 91
21987 87
21987 125
21987 54
21987 188
21987 105
21987 194
21987 206
21987 274
21987 262
21987 55
21987 50
21987 235
21987 157
21987 39
21987 249
21987 62
21987 136
21987 75
21987 76
21987 138
21987 13
21987 271
21987 137
21987 205
21987 266
21987 110
21987 73
21987 100
21987 134
21987 24
21987 236
21987 79
21987 58
21987 216
21987 47
21987 153
21987 257
21987 121
21987 163
21987 142
21987 243
21987 85
21987 187
21987 26
21987 129
21987 48
21987 10
21987 95
21987 88
21987 92
21987 51
21987 219
21987 114
21987 158
21987 146
21987 78
21987 130
21987 196
21987 5
21987 218
21987 103
21987 124
21987 164
21987 172
21987 111
21987 144
21987 199
21987 68
21987 269
21987 209
21987 270
21987 272
21987 151
21987 1
21987 167
21987 171
21987 67
21987 23
21987 183
21987 213
21987 169
21987 96
21987 86
21987 212
21987 29
21987 131
21987 41
21987 33
21987 113
21987 180
21987 251
21987 204
21987 46
21987 226
21987 115
21987 156
21987 70
21617 0
21617 6
21617 15
21617 5
21617 7
21617 3
21617 13
21617 11
21617 2
21617 14
21617 8
21617 17
21617 18
21617 16
22248 295
22248 60
22248 180
22248 243
22248 172
22248 68
22248 278
22248 217
22248 9
22248 406
22248 273
22248 402
22248 66
22248 167
22248 126
22248 357
22248 401
22248 104
22248 157
22248 169
22248 132
22248 383
22248 25
22248 12
22248 96
22248 364
22248 436
22248 281
22248 279
22248 246
22248 69
22248 20
22248 228
22248 354
22248 386
22248 294
22248 337
22248 316
22248 48
22248 154
22248 55
22248 127
22248 179
22248 388
22248 285
22248 308
22248 153
22248 27
22248 193
22248 318
22248 427
22248 452
22248 165
22248 327
22248 170
22248 74
22248 186
22248 242
22248 277
22248 16
22248 306
22248 65
22248 103
22248 17
22248 183
22248 404
22248 111
22248 63
22248 42
22248 56
22248 356
22248 146
22248 395
22248 77
22248 396
22248 140
22248 282
22248 335
22248 347
22248 330
22248 399
22248 91
22248 300
22248 187
22248 417
22248 334
22248 173
22248 166
22248 93
22248 426
22248 199
22248 79
22248 51
22248 307
22248 116
22248 251
22248 237
22248 301
22248 203
22248 422
22248 40
22248 362
22248 293
22248 109
22248 223
22248 7
22248 274
22248 174
22248 215
22248 434
22248 265
22248 447
22248 382
22248 212
22248 414
22248 85
22248 75
22248 280
22248 227
22248 444
22248 290
22248 204
22248 209
22248 385
22248 338
22248 57
22248 432
22248 275
22248 197
22248 202
22248 342
22248 43
22248 411
22248 192
22248 194
22248 113
22248 144
22248 361
22248 256
22248 381
22248 62
22248 129
22248 110
22248 83
22248 34
22248 446
22248 450
22248 52
22248 161
22248 10
22248 431
22248 353
22248 107
22248 445
22248 121
22248 314
22248 206
22248 114
22248 213
22248 254
22248 184
22248 359
22248 413
22248 58
22248 159
22248 222
22248 128
22248 442
22248 392
22248 372
22248 168
22248 403
22248 292
22248 257
22248 312
22248 1
22248 152
22248 343
22248 120
22248 345
22248 319
22248 311
22248 384
22248 263
22248 321
22248 175
22248 76
22248 2
22248 247
22248 125
22248 270
22248 32
22248 67
22248 322
22248 286
22248 130
22248 249
22248 145
22248 133
22248 138
22248 81
22248 371
22248 98
22248 189
22248 424
22248 28
22248 349
22248 360
22248 47
22248 296
22248 369
22248 136
22248 341
22248 255
22248 225
22248 149
22248 268
22248 448
22248 224
22248 421
22248 150
22248 340
22248 346
22248 155
22248 39
22248 29
22248 367
22248 207
22248 94
22248 329
22248 250
22248 287
22248 241
22248 31
22248 374
22248 394
22248 158
22248 64
22248 142
22248 38
22248 253
22248 106
22248 240
22248 160
22248 82
22248 118
22248 236
22248 87
22248 156
22248 230
22248 405
22248 196
22248 264
22248 339
22248 6
22248 185
22248 4
22248 416
22248 219
22248 164
22248 315
22248 53
22248 350
22248 119
22248 188
22248 84
22248 245
22248 13
22248 235
22248 208
22248 305
22248 19
22248 143
22248 92
22248 336
22248 259
22248 5
22248 97
22248 49
22248 333
22248 443
22248 248
22248 171
22248 332
22248 135
22248 220
22248 88
22248 41
22248 21
22248 438
22248 276
22248 244
22248 326
22248 141
22248 232
22248 437
22248 181
22248 313
22248 373
22248 123
22248 210
22248 15
22248 0
22248 115
22248 218
22248 30
22248 18
22248 331
22248 266
22248 298
22248 211
22248 23
22248 323
22248 358
22248 348
22248 398
22248 288
22248 415
22248 303
22248 262
21847 5
21847 29
21847 3
21847 13
21847 76
21847 63
21847 75
21847 43
21847 64
21847 9
21847 59
21847 61
21847 31
21847 66
21847 71
21847 58
21847 53
21847 60
21847 65
21847 69
21847 17
21847 67
21847 20
21847 7
21847 33
21847 62
21847 56
21847 16
21847 32
21847 28
21847 26
21847 27
21847 47
21847 50
21847 2
21847 74
21847 55
21847 11
21847 25
21847 39
21847 49
21847 57
21847 72
21847 52
21847 21
21847 8
21847 78
21847 46
21847 23
21847 35
21847 34
21847 18
21847 45
21847 68
21847 22
21847 48
21847 54
21847 14
21847 0
21909 45
22032 21
22032 8
22032 33
22032 19
21588 1
21588 38
21588 16
21588 21
21588 41
21588 42
21588 66
21588 4
21588 20
21588 57
21588 61
21588 55
21588 6
21588 56
21588 67
21588 49
21588 52
21588 59
21588 24
21588 33
21588 63
21588 3
21588 47
21588 54
21588 39
21588 23
21588 46
21588 58
21588 15
21588 26
21588 50
21588 0
21588 2
21588 10
21588 62
21588 64
21588 17
21588 18
21588 29
21588 32
21588 43
21588 27
21588 13
21588 22
21588 60
21588 12
22251 252
22251 308
22251 331
22251 509
22251 128
22251 273
22251 129
22251 302
22251 30
22251 534
22251 120
22251 230
22251 533
22251 165
22251 473
22251 329
21701 237
21701 197
21701 208
21701 231
21701 11
21701 110
21701 142
21701 13
21701 35
21701 132
21701 134
21701 171
21701 173
21701 198
21701 91
21701 95
21701 182
21701 190
21701 43
21701 60
21701 79
21701 121
21701 202
21701 68
21701 168
21701 183
21701 10
21701 26
21701 39
21701 71
21701 96
21701 101
21701 64
21701 7
21701 25
21701 109
21701 167
21701 18
21701 45
21701 203
21701 229
21701 248
21701 249
21701 100
21701 193
21701 221
21701 224
21701 49
21701 192
21701 238
21701 147
21701 220
21701 232
21701 44
21701 117
21701 131
21701 161
21701 179
21701 207
21701 27
21701 53
21701 120
21701 194
21701 227
21701 129
21701 160
21701 222
21701 108
21701 246
21701 20
21701 67
21701 116
21701 125
21701 184
21701 209
21701 225
21701 158
21701 1
21701 32
21701 239
21833 378
21833 19
21833 61
21833 398
21833 1
21833 79
21833 26
21833 77
21833 357
21833 394
21833 223
21833 255
21833 274
21833 304
21833 321
21833 336
21833 339
21833 182
21833 190
21833 201
21833 204
21833 206
21833 443
21833 178
21833 215
21833 247
21833 251
21833 57
21833 2
21833 3
21833 37
21833 100
21833 365
21833 411
21833 416
21833 429
21833 348
21833 4
21833 97
21833 205
21833 139
21833 381
21833 82
21833 395
21833 18
21833 41
21833 60
21833 102
21833 434
21833 436
21833 444
21833 145
21833 89
21833 187
21833 189
21833 24
21833 227
21833 143
21833 13
21833 128
21833 383
21833 448
21833 472
21833 46
21833 96
21833 105
21833 136
21833 148
21833 356
21833 376
21833 384
21833 396
21833 367
21833 75
21833 22
21833 73
21833 113
21833 115
21833 117
21833 387
21833 446
21833 180
21833 219
21833 229
21833 238
21833 239
21833 266
21833 289
21833 306
21833 5
21833 86
21833 95
21833 185
21833 415
21833 469
21833 498
21833 88
21833 233
21833 268
21833 273
21833 305
21833 322
21833 327
21833 333
21833 335
21833 342
21833 350
21833 397
21833 377
21833 424
21833 456
21833 71
21703 16
21584 4
21584 11
21584 15
21584 3
21584 23
21584 19
21584 8
21584 5
21584 21
21584 32
21584 2
21584 6
21584 12
21584 14
21584 25
21584 17
21584 29
21584 7
21584 13
21584 22
21584 16
21584 31
21584 30
21584 18
21584 28
21506 1
21506 5
21506 7
21506 8
21506 6
21595 4
21595 15
21595 28
21595 20
21595 9
21595 23
21595 2
21595 29
21595 14
21595 1
21595 10
21595 26
21595 6
21595 24
21595 11
21595 31
21595 3
21595 0
21595 12
21595 16
21595 19
21595 7
21595 27
21595 30
21595 25
21595 13
21595 18
21595 5
21892 22
21892 66
21892 42
21892 45
21892 9
21892 85
21892 108
21892 50
21892 98
21892 13
21892 72
21892 55
21892 46
21892 52
21892 60
21892 10
21892 94
21892 73
21892 19
21892 63
21892 69
21892 68
21892 39
21892 96
21892 3
21892 84
21892 40
21892 26
21892 88
21892 103
21892 100
21892 87
21892 64
21892 17
21892 109
21892 58
21892 16
21892 81
21892 90
21892 53
21892 23
21892 76
21892 4
21892 6
21892 38
21892 35
21892 105
21892 12
21892 0
21892 5
21892 20
21892 65
21892 59
21892 102
21892 1
21892 47
21892 49
21892 77
21892 7
21892 83
21892 28
21892 91
21892 33
21892 8
21892 41
21892 80
21892 79
21892 93
21892 51
21892 97
21892 89
21892 74
21892 21
21892 37
21892 62
21892 32
21892 95
21892 106
21892 70
21892 31
21892 36
21892 14
21892 99
21892 30
21828 14
22250 23
22250 24
22250 0
22250 7
22250 42
22250 37
22250 33
22250 14
22250 22
22250 31
22250 39
22250 32
22250 12
22250 9
22250 38
22250 28
22250 19
22250 8
22250 26
22250 3
22250 27
22250 29
22250 30
22250 15
22250 6
22250 1
22250 45
22250 41
22250 18
22250 35
22250 17
22250 34
22250 11
22250 2
22250 10
22250 16
22250 20
22250 5
22250 43
22250 36
21913 17
21913 110
21913 168
21913 164
21913 83
21913 1
21913 118
21913 84
21913 146
21913 88
21913 62
21913 157
21913 2
21913 0
21913 16
22160 124
22160 156
22160 160
22160 32
22160 79
22160 56
22160 53
22160 150
22160 23
22160 125
22160 65
22160 76
22160 99
22160 47
22160 57
22160 87
22160 37
22160 11
22160 55
22160 18
22160 31
22160 83
22160 86
22160 2
22160 275
22160 58
22160 40
22160 271
22160 7
22160 61
22160 98
22160 133
22160 75
22160 1
22160 132
22160 100
22160 143
22160 114
22160 30
22160 88
22160 273
22160 142
22160 15
22160 149
22160 49
22160 38
22160 268
22160 89
22160 155
22160 51
22160 95
22160 27
22160 46
22160 78
22160 146
22160 12
22160 119
22160 77
22160 130
22160 106
22160 140
22160 70
22160 112
22160 131
22160 5
22160 29
22160 137
22160 269
22160 135
22160 62
22160 73
22160 36
22160 152
22160 84
22160 126
22160 42
22160 4
22160 72
22160 45
22160 127
22160 43
22160 277
22160 121
22160 69
22160 113
22160 117
22160 97
22160 164
22160 279
22160 33
22160 92
22160 144
22160 107
22160 111
22160 54
22160 34
22160 6
22160 19
22160 90
22160 64
22160 26
22160 129
22160 276
22160 28
22160 66
22160 116
22160 35
22160 16
22160 158
22160 94
22160 81
22160 0
22160 162
22160 163
22160 138
22160 25
22160 108
22160 115
22160 17
22160 139
22160 3
22160 266
22160 71
21870 325
21870 101
21870 249
21870 235
21870 216
21870 155
21870 327
21870 303
21870 111
21870 144
21870 296
21870 189
21870 86
21870 222
21870 104
21870 353
21870 199
21870 180
21870 164
21870 151
21870 248
21870 302
21870 306
21870 311
21870 167
21870 42
21870 214
21870 158
21870 139
21870 44
21870 92
21870 332
21870 238
21870 169
21870 351
21870 187
21870 271
21870 276
21870 308
21870 186
21870 266
21870 343
21870 260
21870 212
21870 62
21870 239
21870 15
21870 30
21870 185
21870 232
21870 38
21870 68
21870 322
21870 37
21870 41
21870 103
21870 254
21870 210
21870 117
21870 1
21870 183
21870 328
21870 362
21870 301
21870 285
21870 53
21870 281
21870 31
21870 163
21870 34
21870 289
21870 17
21870 293
21870 39
21870 143
21870 231
21870 148
21870 150
21870 69
21870 267
21870 5
21870 340
21870 211
21870 156
21870 200
21870 339
21870 359
21870 182
21870 45
21870 27
21870 310
21870 59
21870 0
21870 124
21870 330
21870 209
21870 73
21870 9
21870 358
21870 217
21870 315
21870 123
21870 278
21870 312
21870 142
21870 115
21870 26
21870 356
21870 35
21870 22
21870 4
21870 125
21870 136
21870 337
21870 51
21870 78
21870 197
21870 250
21870 297
21870 347
21870 348
21870 228
21870 294
21870 370
21870 72
21870 224
21870 97
21870 113
21870 16
21870 205
21870 300
21870 85
21870 361
21870 160
21870 132
21870 49
21870 96
21870 95
21870 130
21870 66
21870 137
21870 76
21870 105
21870 317
21870 350
21870 170
21870 220
21870 108
21870 19
21870 133
21870 140
21870 29
21870 236
21870 122
21870 56
21870 226
21870 119
21870 112
21870 298
21870 291
21870 329
21870 84
21870 175
21870 251
21870 195
21870 129
21870 20
21870 292
21870 106
21870 338
21870 213
21870 3
21870 202
21870 261
21870 365
21870 333
21870 61
21870 230
21870 215
21870 286
21870 82
21870 221
21870 206
21870 99
21870 135
21870 193
21870 247
21870 131
21870 60
21870 10
21870 146
21870 36
21870 198
21870 192
21870 55
21870 257
21870 201
21870 77
21870 290
21870 320
21870 196
21870 188
21870 162
21870 242
21870 166
21870 11
21870 335
21870 262
21870 275
21870 48
21870 263
21870 279
21870 369
21870 176
21870 149
21870 58
21870 7
21870 178
21870 366
21870 207
21870 107
21870 90
21870 364
21870 94
21870 352
21870 273
21870 316
21870 344
21870 346
21870 253
21870 299
21870 2
21870 240
21870 91
21870 100
21870 234
21870 134
21870 203
21870 171
21870 272
21870 8
21870 116
21870 165
21870 157
21870 50
21870 223
21870 114
21870 28
21870 270
21870 342
21870 305
21870 227
21870 368
21870 360
21870 191
21870 70
21870 43
21870 65
21870 33
21640 51
21640 12
21640 67
21640 16
21640 56
21640 59
21640 62
21640 69
21640 63
21640 37
21640 3
21640 35
21640 1
21640 40
21640 64
21640 65
21640 9
21640 49
21640 41
21640 4
21640 17
21640 25
21640 27
21640 30
21640 33
21640 5
21640 23
21640 24
21640 38
21640 11
21640 31
21640 53
21640 66
21640 68
21640 48
21640 2
21640 36
21640 6
21640 22
21640 14
21640 20
21640 43
21640 15
21640 50
21640 45
21640 42
21640 61
21640 54
21640 32
21640 46
21640 58
21640 21
21640 52
21640 39
21640 55
21640 7
21640 13
21640 19
21640 44
21640 0
21640 10
21640 26
21452 4
21452 27
21452 35
21452 40
21452 48
21452 125
21607 39
21969 12
22075 29
22075 43
22075 108
22075 77
22075 73
22075 87
22075 86
22075 83
22075 57
22075 25
22075 115
22075 45
22075 28
22075 114
22075 130
22075 63
22075 14
22075 121
22075 122
22075 80
22075 15
22075 3
22075 18
22075 32
22075 101
22075 72
22075 64
22075 111
22075 59
22075 22
22075 7
22075 39
22075 67
22075 17
22075 40
22075 105
22075 41
22075 91
22075 34
22075 88
22075 81
22075 125
22075 20
22075 16
22075 11
22075 102
22075 8
22075 84
22075 21
22075 48
22075 75
22075 36
22075 98
22075 6
22075 93
22075 76
22075 26
22075 51
22075 60
22075 129
22075 85
22075 95
22075 47
22075 112
22075 0
22075 52
22075 65
22075 120
22075 4
22075 71
22075 58
22075 119
22075 123
22075 69
22075 9
22075 66
22075 103
22075 128
22075 94
22075 62
22075 79
22075 49
22075 100
22075 10
22075 99
22075 56
22075 109
22075 19
22075 30
22075 61
22075 82
22075 104
21973 39
21973 105
21973 108
21973 46
21973 92
21973 36
21973 30
21973 45
21973 53
21973 83
21973 70
21973 56
21973 111
21973 34
21973 10
21973 74
21973 20
21973 8
21973 99
21973 41
21973 9
21973 17
21973 27
21973 35
21973 60
21973 87
21973 6
21973 21
21973 44
21973 62
21973 4
21973 54
21973 52
21973 116
21973 43
21973 18
21973 85
21973 32
21973 13
21973 22
21973 104
21973 76
21973 106
21973 38
21973 40
21973 95
21973 14
21973 69
21973 28
21973 115
21973 42
21973 89
21973 75
21973 93
21973 31
21973 107
21973 49
21973 29
21973 118
21973 113
21973 98
21973 101
21973 109
21973 23
21973 86
21973 16
21973 79
21973 102
21973 112
21973 81
21973 80
21973 84
21973 2
21973 37
21973 94
21973 58
21973 25
21973 33
21973 24
21973 61
21973 26
21973 100
21973 66
21859 9
21859 41
21859 79
21859 66
21703 1
21703 10
21703 5
21703 14
21703 15
22102 16
22102 34
22102 44
22102 135
22102 152
22102 110
22102 74
22102 120
22102 77
22102 86
22102 92
22102 103
22102 100
22102 94
22102 60
22102 47
22102 6
22102 149
22102 150
22102 18
22102 75
22102 56
22102 8
22102 134
22102 90
22102 102
22102 3
22102 59
22102 61
22102 124
22102 37
22102 20
22102 63
22102 48
22102 5
22102 151
22102 7
22102 14
22102 9
22102 72
22102 49
22102 58
22102 107
22102 24
22102 23
22102 113
22102 109
22102 81
22102 115
22102 42
22102 38
22102 55
22102 108
22102 148
22102 119
22102 25
22102 116
22102 131
22102 11
22102 40
22102 82
22102 136
22102 126
22102 144
22102 133
22102 88
22102 30
22102 117
22102 66
22102 52
22102 129
22102 132
22102 105
22102 41
22102 78
22102 80
22102 84
22102 4
22102 73
22102 142
22102 112
22102 97
22102 76
22102 96
22102 2
22102 29
22102 143
22102 36
22102 45
22102 121
22102 54
22102 118
22102 19
22102 146
22102 17
22102 111
22102 32
22102 104
22102 28
22102 13
22102 67
22102 147
22102 71
22102 128
22102 83
22102 26
22102 62
22102 127
22102 43
22102 33
22102 50
22102 27
22102 137
22102 1
22102 123
22102 10
22102 138
22102 99
22121 39
22121 35
22121 21
22121 24
22121 38
22121 22
22121 14
22121 45
22121 19
22121 25
22121 46
22121 42
22121 40
22121 33
22121 1
22121 9
22121 10
22121 4
22121 32
22121 44
22121 8
22121 17
22121 0
22121 26
22121 11
22121 5
22121 47
22121 3
22121 6
22121 36
22121 37
22121 27
22121 34
22121 30
22121 16
22121 12
22121 7
22121 29
22239 1
21765 12
21765 19
21765 16
21765 32
21765 36
21765 51
21765 30
21765 50
21765 72
22075 35
22075 50
22075 24
22075 90
22075 106
22075 126
22075 2
22075 70
22075 96
22075 12
22075 37
22075 55
22075 89
22075 38
22075 5
22075 44
22075 118
22075 92
22075 53
22075 31
22075 33
22075 78
22075 46
22075 13
22075 110
22075 113
22075 124
22075 54
22075 74
22075 127
22075 107
22075 117
22075 27
22075 131
21697 34
21697 10
21697 21
21697 36
21697 54
21697 9
21697 38
21697 24
21697 47
21697 1
21697 6
21697 35
21697 68
21697 5
21697 20
21697 14
21697 30
21697 52
21697 65
21697 0
21697 28
21697 66
21697 27
21697 46
21697 63
21697 11
21697 16
21697 13
21697 33
21697 25
21697 48
21697 15
21697 56
21697 19
21697 59
21697 62
21697 64
21697 45
21697 51
21697 50
21697 4
21697 67
21697 2
21697 58
21697 53
21697 12
21697 43
21697 49
21697 61
21697 22
21697 26
21697 23
21697 18
21697 31
21697 29
21697 69
21697 3
21697 7
21697 40
21697 42
21697 70
21751 13
21751 14
21751 38
21755 9
21755 19
21755 1
21755 12
21755 15
21755 11
21755 16
21755 2
21755 4
21755 7
21755 0
21755 23
21755 6
21755 10
21755 3
21755 20
21755 13
21755 14
21755 17
21755 5
21755 21
21755 8
21755 22
21873 0
21873 7
21873 21
21873 40
21873 1
21873 20
21873 37
21873 9
21873 5
21873 14
21873 15
21873 27
21873 35
21873 22
21873 33
21873 26
21873 10
21873 17
21873 23
21873 36
21873 6
21873 11
21873 38
21873 28
21873 4
21873 30
21873 25
21873 41
21873 19
21873 16
21873 24
22090 128
22090 41
22090 43
22090 67
22090 54
22090 105
22090 71
22090 165
22090 18
22090 149
22090 126
22090 133
22090 132
22090 75
22090 64
22090 167
22090 0
22090 158
22090 8
22090 49
22090 115
22090 129
22090 68
22090 35
22090 136
22090 69
22090 26
22090 58
22090 22
22090 24
22090 11
22090 56
22090 33
22090 59
22090 61
22090 140
22090 84
22090 157
22090 60
22090 122
22090 80
22090 36
22090 120
22090 112
22090 6
22090 66
22090 117
22090 37
22090 152
22090 50
22090 76
22090 95
22090 57
22090 88
22090 15
22090 121
22090 93
22090 108
22090 5
22090 17
22090 99
22090 89
22090 162
22090 46
22090 153
22090 78
22090 74
22090 1
22090 28
22090 127
22090 138
22090 100
22090 164
22090 52
22090 150
22090 141
22090 119
22090 163
22090 12
22090 53
22090 32
22090 85
22090 7
22090 34
22090 21
22090 29
22090 154
22090 142
22090 55
22090 123
22090 63
22090 160
22090 156
22090 98
22090 155
22090 81
22090 97
22090 51
22090 42
22090 145
22090 14
22090 82
22090 166
22090 109
22090 144
22090 106
22090 104
22090 91
22090 2
22090 96
22090 118
22090 77
22090 25
22090 130
22090 44
22090 62
22090 148
22090 45
22090 134
22090 161
22090 39
22090 114
22090 70
22090 92
22090 27
21761 2
21761 9
21761 38
21761 15
21761 29
21761 40
21761 5
21761 27
21761 24
21809 26
21827 103
21827 69
21827 37
21827 70
21827 96
21827 77
21827 19
21827 28
21827 86
21827 35
21827 50
21827 78
21827 15
21827 24
21827 31
21827 75
21827 87
21827 88
21827 9
21827 102
21827 18
21827 43
21827 82
21827 83
21827 100
21827 67
21827 52
21827 48
21827 68
22167 31
22167 114
22167 109
22167 81
22167 9
22167 45
22167 111
22167 29
22167 87
22167 55
22167 70
22167 119
22167 124
22167 129
22167 135
22167 71
22167 104
22167 46
22167 80
22167 92
22167 16
22167 122
22167 6
22167 36
22167 59
22167 136
22167 101
22167 20
22167 44
22167 22
22167 78
22167 64
22167 83
21758 99
21758 114
21758 217
21758 93
21758 2
21758 69
21758 143
21758 175
21758 290
21758 345
21758 312
21758 306
21758 28
21758 249
21758 355
21758 20
21758 171
21758 144
21758 202
21758 266
21758 349
21758 356
21758 35
21758 192
21758 451
21758 472
21758 532
21758 553
21758 562
21758 566
21758 574
21758 4
21758 279
21758 13
21758 46
21758 379
21758 389
21758 397
21758 431
21758 581
21758 400
21758 484
21758 548
21758 12
21758 126
21758 165
21758 338
21758 176
21758 242
21758 106
21758 156
21758 190
21758 285
21758 333
21758 492
21758 512
21758 541
21758 41
21758 388
21758 515
21758 520
21758 524
21758 576
21758 579
21758 267
21758 243
21758 60
21758 223
21758 303
21758 321
21758 339
21758 76
21758 147
21758 180
21758 198
21758 251
21758 255
21758 264
21758 274
21758 315
21758 61
21758 142
21758 88
21758 160
21758 250
21758 33
21758 163
21758 214
21758 352
21758 357
21758 367
21758 292
21758 7
21758 42
21758 313
21758 508
21758 225
21758 174
21758 59
21758 241
21758 65
21758 319
21758 331
21758 432
21758 450
21758 534
21758 552
21758 38
21758 91
21758 185
21758 239
21758 369
21758 64
21758 196
21758 265
21758 227
21758 168
21758 441
21758 448
21758 476
21758 494
21758 564
21758 95
21758 294
21758 1
21758 248
21758 409
21758 436
21758 559
21758 580
21758 11
21758 83
21758 84
21758 105
21758 115
21758 169
21758 219
21758 231
21758 391
21758 449
21758 482
21758 507
21758 533
21758 535
21758 560
21758 10
21758 188
21758 212
21758 216
21758 268
21758 277
21758 328
21758 73
21758 177
21758 110
21758 112
21758 127
21758 193
21758 309
21758 311
21758 19
21758 120
21758 152
21758 260
21758 406
21758 80
21758 132
21758 134
21758 272
21758 282
21758 343
21758 415
21758 546
21758 288
21758 526
21758 74
21758 403
21758 418
21758 427
21758 452
21758 506
21758 592
21758 446
21758 477
21758 538
21758 556
21758 573
21758 182
21758 208
21758 113
21758 246
21758 281
21758 442
21758 495
21758 531
21758 588
21758 141
21758 184
21758 194
21758 206
21758 30
21758 55
21758 262
21758 329
21758 335
21758 435
21758 305
21758 399
21758 471
21758 498
21758 314
21758 56
21758 186
21758 204
21758 301
21758 341
21758 351
21758 384
21758 430
21758 475
21758 485
21758 500
21758 586
21758 170
21758 459
21758 517
21758 23
21758 47
21758 259
21758 354
21758 94
21758 25
21758 21
21758 97
21758 235
21758 154
21758 136
21758 325
21758 502
21758 522
21758 525
21758 157
21758 161
21758 200
21758 289
21758 326
21758 392
21758 395
21758 473
21758 487
21758 551
21758 595
21758 565
21758 420
21758 434
21758 539
21758 542
21758 167
21758 8
21758 63
21758 164
21758 18
21758 24
21758 40
21758 48
21758 299
21758 44
21758 117
21758 128
21758 218
21758 232
21758 270
21758 271
21758 323
21758 327
21758 92
21758 443
21758 453
21758 469
21758 503
21758 518
21758 570
21758 578
21758 36
21758 58
21758 100
21758 130
21758 140
21758 226
21758 258
21758 49
21758 151
21758 159
21758 253
21758 381
21758 456
21758 479
21758 486
21758 51
21758 396
21758 483
21758 569
21758 583
21758 300
21758 350
21758 6
21758 67
21758 465
21758 480
21758 493
21758 519
21758 543
21758 593
21758 416
21758 447
21758 463
21758 597
21758 261
21758 125
21758 162
21758 437
21758 438
21758 514
21758 189
21758 66
21758 145
21758 210
21758 283
21758 330
21758 468
21758 530
21758 589
21758 45
21758 382
21758 398
21758 499
21758 540
21758 585
21758 594
21758 14
21758 16
21758 27
21758 81
21758 96
21758 119
21758 179
21758 304
21758 26
21758 31
21758 236
21758 3
21758 39
21758 77
21758 87
21758 332
21758 79
21758 228
21758 296
21758 0
21758 280
21758 43
21758 373
21758 422
21758 429
21758 444
21758 474
21758 488
21758 547
21758 555
21758 572
21758 582
21758 587
21758 135
21758 245
21758 197
21758 108
21758 385
21758 386
21758 401
21758 407
21758 414
21758 440
21758 490
21758 278
21758 365
21758 205
21758 158
21758 404
21758 513
21758 537
21758 596
21758 191
21758 378
21758 419
21758 455
21758 460
21758 554
21758 563
21758 571
21758 32
21758 413
21758 423
21758 462
21758 470
21758 591
21758 220
21947 4
21977 114
21977 111
21977 99
21977 119
21977 89
21977 92
21977 117
21977 95
21977 94
21977 70
21977 85
21977 50
21977 3
21977 102
21977 57
21977 76
21977 83
21977 103
21977 38
21977 88
21977 6
21977 14
21977 10
21977 106
21977 23
21977 84
21977 58
21977 80
21977 122
21977 39
21977 2
21977 93
21977 67
21977 104
21977 16
21977 81
21977 12
21977 121
21977 24
21977 44
21977 1
21977 49
21977 43
21977 51
21977 123
21977 35
21977 90
21977 98
21977 109
21977 116
21977 37
21977 13
21977 115
21977 52
21977 59
21977 120
21977 113
21977 97
21977 66
21977 26
21977 105
21977 48
21977 28
21977 15
21977 71
21977 42
21977 75
21977 31
21977 91
21977 60
21977 41
21977 77
21977 61
21977 22
21977 18
21977 17
21977 64
21977 9
21977 108
21977 62
21977 68
21977 8
21977 63
21977 45
21977 4
21977 5
21977 112
21977 27
21977 107
21977 20
21977 25
21977 74
21818 1
21818 6
21818 10
21818 3
21818 11
21818 16
21818 7
21818 18
21818 19
21889 17
21889 142
21889 131
21889 4
22063 355
22063 526
21930 14
21446 3
21446 54
21446 98
21446 99
21446 125
21446 41
21446 96
21753 167
21753 185
21753 194
21753 226
21753 311
21753 158
21753 176
21753 244
21753 258
21753 260
21753 43
21753 201
21753 316
21753 197
21753 247
21753 250
21753 333
21753 254
21753 199
21753 208
21753 215
21753 305
21753 16
21753 48
21753 54
21753 28
21753 79
21753 131
21753 139
21753 220
21753 314
21753 336
21753 285
21753 159
21753 24
21753 61
21753 150
21753 232
21753 230
21753 279
21753 323
21753 151
21753 165
21753 173
21753 228
21753 140
21753 142
21753 234
21753 274
21753 282
21753 146
21753 193
21753 235
21753 256
21753 301
21753 3
21753 6
21753 8
21753 26
21753 84
21753 97
21753 135
21753 157
21753 309
21753 184
21753 231
21753 261
21753 332
21753 302
21753 144
21753 182
21753 132
21753 253
21753 32
21753 221
21753 161
21753 9
21753 155
21753 191
21753 205
21753 288
21753 188
21753 322
21753 46
21753 223
21753 133
21753 295
21753 329
21753 334
21753 21
21753 98
21753 307
21753 294
21753 15
21753 66
21753 130
21753 171
21753 183
21753 207
21753 216
21753 266
21753 29
21753 83
21753 268
21753 224
21753 315
21753 34
21753 227
21753 240
21753 259
21753 290
21753 335
21753 82
21753 85
21753 326
21753 35
21753 38
21753 12
21753 65
21753 198
21753 55
21753 137
21753 147
21753 203
21753 210
21753 211
21753 281
21753 178
21753 27
21753 78
21753 289
21753 200
21753 249
21753 269
21753 286
21753 321
21753 36
21753 87
21753 217
21753 241
21753 264
21753 284
21753 330
21753 22
21753 93
21753 112
21753 319
21753 317
21753 33
21753 105
21753 117
21753 7
21753 13
21753 14
21753 174
21753 103
21753 118
21753 303
21753 31
21753 41
21753 104
21753 128
21753 209
21753 229
21753 134
21753 187
21753 225
21753 276
21753 291
21753 299
21753 306
21753 318
21753 136
21753 149
21753 152
21753 166
21753 168
21753 246
21753 252
21753 280
21753 320
21753 138
21753 154
21753 212
21753 181
21753 218
21753 283
21753 312
21753 114
21753 19
21753 77
21753 80
21753 81
21753 153
21753 162
21753 163
21753 164
21753 236
21753 23
21753 25
21753 189
21753 248
21753 257
21875 122
21875 42
21875 137
21875 34
21875 116
21875 36
21875 118
21875 46
21875 77
22132 19
22132 11
22132 36
22079 53
22079 4
22079 48
22079 13
22079 9
22079 31
22079 14
22079 18
22079 37
22079 11
22079 3
22079 25
22079 49
22079 55
21763 0
21763 17
21763 21
21763 53
21763 28
21763 19
21763 73
21763 62
21763 68
21763 80
21763 97
21763 115
21763 51
21763 111
21763 76
21763 92
21763 103
21763 121
21763 29
21763 10
21763 35
21763 161
21763 13
21763 116
21763 9
21763 22
21763 30
21763 56
21763 126
21763 135
21763 151
21763 46
21763 143
21763 159
21763 120
21763 52
21763 2
21763 48
21763 77
21763 160
21763 11
21763 34
21763 67
21763 101
21763 57
21763 82
21763 124
21763 1
21763 84
21763 42
21763 33
21763 102
21763 105
21763 142
21763 20
21763 65
21763 163
21763 104
21763 7
21763 45
21763 112
21763 122
21763 50
21763 40
21763 147
21763 69
21763 95
21763 125
21763 139
21763 145
21763 5
21763 36
21763 55
21763 94
21763 157
21763 96
21763 114
21763 14
21763 37
21763 61
21763 93
21763 117
21763 134
21763 78
21763 99
21763 16
21763 81
21763 138
21763 79
21763 66
21763 47
21763 155
21763 12
21763 27
21763 58
21763 108
21763 127
21763 119
21763 123
21763 70
21763 109
21763 164
21763 39
21763 107
21763 133
21763 44
21763 100
21763 146
21763 23
21763 38
21763 41
21763 113
21763 141
21763 43
21763 63
21763 88
21763 90
21763 137
21763 60
21763 59
21763 106
21763 8
21763 136
21763 71
21763 83
21763 110
21763 118
21763 129
21763 158
21763 25
21763 54
21763 74
21763 128
21763 148
21763 152
21763 3
21763 15
21763 24
21763 89
21763 26
21763 64
21763 91
21763 131
21763 132
21763 6
21763 87
21763 130
21763 32
21763 85
21763 140
21763 72
21763 98
21763 149
21495 79
21495 82
21495 3
21495 13
21495 8
21495 75
21495 12
21495 85
21495 14
21495 59
21495 69
21495 2
21495 15
21495 42
21495 50
21495 73
21495 56
21495 68
21495 45
21495 61
21495 17
21495 36
21495 48
21495 51
21495 62
21495 49
21495 65
21495 53
21495 74
21495 47
21495 66
21495 32
21495 35
21495 38
21495 39
21495 41
21495 60
21495 84
21495 27
21495 34
21495 4
21495 21
21495 26
21495 30
21495 37
21495 63
21495 52
21495 81
21495 24
21495 31
21495 78
21495 80
21495 46
21495 76
21495 5
21495 28
21495 16
21495 77
21495 83
21495 44
21495 55
21495 71
21495 72
21495 10
21495 20
21495 18
22141 21
22141 26
22141 34
22141 17
22141 146
22141 49
22141 104
22141 91
22141 52
22141 137
21963 106
22269 47
22269 88
22269 1
22269 66
22269 79
22269 14
22134 9
22134 66
22134 57
22134 19
22134 5
22134 22
22134 92
22134 80
22134 3
22134 89
22134 20
22134 28
22134 17
22134 39
22134 94
22134 88
22134 12
22134 47
22134 70
22134 32
22134 14
22134 49
22134 72
22134 35
22134 62
22134 33
22134 79
22134 91
22134 69
22134 16
22134 84
22134 8
22134 38
22134 53
22134 85
22134 26
22134 56
22134 2
22134 11
22134 60
22134 41
22134 50
22134 76
22134 46
22134 24
22134 55
22134 13
22134 48
22134 81
22134 93
22134 77
22134 6
22134 63
22134 15
22134 73
22134 52
22134 42
22134 68
22134 21
22134 87
22134 27
22134 4
22134 67
22134 10
22134 36
22134 82
22134 64
21633 1
21816 45
21977 72
21977 101
21977 82
21977 73
21977 40
21977 69
21977 65
21977 33
21977 19
21891 201
21891 82
21891 209
21891 180
21891 7
21891 47
21891 156
21891 32
21891 63
21891 246
21891 227
21891 53
21891 157
21891 221
21891 105
21891 76
21916 32
21946 103
21946 82
21946 115
21946 99
21946 92
21946 109
21946 84
21946 132
21946 119
21946 135
21946 113
21946 136
21946 114
21946 86
21946 98
21946 121
21946 130
21946 105
21946 90
21946 93
21946 101
21946 88
21946 122
21946 81
21946 123
21946 83
21946 134
21946 111
21946 133
21946 87
21946 112
21946 118
21946 117
21946 110
21946 131
21946 102
21946 89
21946 85
21946 106
21946 125
21946 120
21946 97
21946 116
21946 94
21946 129
21946 95
21946 124
21946 128
21946 126
21786 168
21786 119
21786 140
21786 201
21786 248
21786 280
21786 13
21786 26
21786 62
21786 264
21786 79
21786 200
21786 205
21786 214
21786 267
21786 80
21786 247
21786 169
21786 84
21786 159
21786 275
21786 240
21786 180
21786 89
21786 108
21786 206
21786 259
21786 161
21786 243
21786 245
21786 145
21786 213
21786 229
21786 270
21786 20
21786 28
21786 74
21786 287
21786 83
21786 103
21786 139
21786 167
21786 244
21786 252
21786 156
21786 250
21786 76
21786 30
21786 54
21786 68
21786 72
21786 269
21786 94
21786 90
21786 102
21786 175
21786 230
21786 277
21786 154
21786 242
21786 233
21786 153
21786 228
21786 101
21786 182
21786 193
21786 232
21786 288
21786 130
21786 226
21786 105
21786 162
21786 225
21786 276
21786 294
21786 221
21786 123
21786 129
21786 149
21786 92
21786 142
21786 210
21786 217
21786 127
21786 32
21786 35
21786 65
21786 131
21786 135
21786 146
21786 187
21786 227
21786 274
21786 285
21786 1
21786 3
21786 8
21786 16
21786 21
21786 64
21786 246
21786 111
21799 32
21799 39
21799 48
21799 2
21799 9
21799 22
21799 26
21799 43
21799 69
21799 19
21799 36
21799 57
21799 3
21799 11
21799 68
21799 30
21799 33
21799 27
21799 1
21799 23
21799 78
21799 10
21799 75
21799 17
21799 45
21799 49
21799 72
21799 4
21799 53
21799 15
21799 31
21799 71
21799 20
21799 58
21799 73
21799 0
21799 44
21799 70
21799 7
21799 67
21799 42
21799 61
21799 62
21799 37
21799 12
21799 13
21799 52
21799 59
21799 74
21799 24
21799 38
22242 354
22242 371
22242 506
22242 388
22242 421
22242 439
22242 13
22242 56
22242 547
22242 119
22242 85
22242 76
22242 35
22242 87
22242 442
22242 5
22242 90
22242 148
22242 188
22242 452
22242 31
22242 159
22242 25
22242 176
22242 184
22242 498
22242 478
22242 180
22242 329
22242 254
22242 431
22242 493
22242 73
22242 154
22242 490
22242 149
22242 515
22242 132
22242 82
22242 353
22242 471
22242 304
22242 17
22242 78
22242 281
22242 253
22242 156
22242 311
22242 568
22242 387
22242 42
22242 298
22242 492
22242 226
22242 540
22242 125
22242 335
22242 285
22242 165
22242 427
22242 505
22242 123
22242 217
22242 496
22242 67
22242 411
22242 414
22242 536
22242 28
22242 290
22242 312
22242 344
22242 133
22242 162
22242 205
22242 373
22242 301
22242 358
22242 288
22242 369
22242 557
22242 158
22242 86
22242 161
22242 115
22242 272
22242 20
22242 251
22242 433
22242 45
22242 118
22242 379
22242 403
22242 121
22242 7
22242 391
22242 96
22242 116
22242 114
22242 406
22242 561
22242 508
22242 160
22242 554
22242 482
22242 293
22242 514
22242 560
22242 44
22242 102
22242 83
22242 394
22242 134
22242 429
22242 481
22242 131
22242 291
22242 107
22242 209
22242 415
22242 538
22242 213
22242 112
22242 40
22242 465
22242 367
22242 458
22242 526
22242 484
22242 179
22242 486
22242 136
22242 497
22242 378
22242 385
22242 563
22242 533
22242 122
22242 464
22242 271
22242 237
22242 68
22242 207
22242 245
22242 46
22242 223
22242 386
22242 246
22242 259
22242 195
22242 51
22242 383
22242 103
22242 313
22242 296
22242 305
22242 422
22242 210
22242 58
22242 441
22242 289
22242 342
22242 52
22242 167
22242 208
22242 171
22242 77
22242 39
22242 558
22242 510
22242 173
22242 320
22242 187
22242 203
22242 48
22242 326
22242 196
22242 495
22242 64
22242 564
22242 419
22242 168
22242 219
22242 377
22242 401
22242 139
22242 117
22242 268
22242 434
22242 145
22242 308
22242 255
22242 243
22242 454
22242 479
22242 233
22242 462
22242 224
22242 3
22242 372
22242 550
22242 310
22242 80
22242 438
22242 88
22242 523
22242 334
22242 238
22242 229
22242 420
22242 97
22242 376
22242 351
22242 410
22242 483
22242 395
22242 275
22242 472
22242 72
22242 79
22242 143
22242 392
22242 480
22242 32
22242 215
22242 333
22242 356
22242 263
22242 241
22242 75
22242 9
22242 55
22242 150
22242 19
22242 345
22242 267
22242 466
22242 8
22242 519
22242 303
22242 49
22242 182
22242 527
22242 164
22242 280
22242 94
22242 430
22242 81
22242 432
22242 444
22242 530
22242 544
22242 146
22242 257
22242 336
22242 328
22242 144
22242 384
22242 128
22242 459
22242 297
22242 140
22242 399
22242 89
22242 27
22242 129
22242 534
22242 190
22242 57
22242 191
22242 249
22242 155
22242 299
22242 542
22242 126
22242 211
22242 252
22242 368
22242 549
22242 248
22242 69
22242 491
22242 553
22242 37
22242 552
22242 545
22242 218
22242 142
22242 110
22242 283
22242 113
22242 284
22242 461
22242 413
22242 322
22242 59
22242 380
22242 163
22242 286
22242 14
22242 428
22242 71
22242 106
22242 216
22242 446
22242 264
22242 456
22242 416
22242 192
22242 352
22242 240
22242 177
22242 174
22242 235
22242 137
22242 185
22242 230
22242 169
22242 26
22242 221
22242 65
22242 467
22242 455
22242 524
22242 197
22242 34
22242 521
22242 41
22242 130
22242 258
22242 317
22242 231
22242 29
22242 66
22242 170
22242 265
22242 157
22242 468
22242 70
22242 273
22242 12
22242 60
22242 166
22242 278
22242 266
22242 400
22242 500
22242 393
22242 339
22242 450
22242 270
22242 332
22242 529
22242 53
22242 306
22242 409
22242 153
22242 418
22242 256
22242 457
22242 30
22242 423
22242 565
22242 445
22242 309
22242 93
22242 307
22242 469
22242 6
22242 242
22242 350
22242 512
22242 509
22242 520
22242 10
22242 548
22242 517
22242 532
22242 525
22242 200
22242 460
22242 178
22242 38
22242 247
22242 181
22242 315
22242 539
22242 389
22242 294
22242 186
22242 543
22242 108
22242 202
22242 316
22242 260
22242 22
21979 4
21979 15
21979 3
21979 11
21979 10
21979 7
21979 18
21979 17
21979 9
21979 8
21979 13
21979 19
21979 20
21979 12
21979 14
21979 6
21590 13
21590 40
21590 36
21590 6
21590 1
21590 16
21590 27
21590 41
21590 38
21590 10
21590 18
21590 32
21590 43
21590 60
21590 26
21590 59
21590 17
21590 4
21590 42
21590 53
21590 21
21590 12
21590 44
21590 54
21590 7
21590 3
21590 50
21590 57
21590 63
21590 29
21590 33
21590 9
21590 23
21590 8
21590 14
21590 5
21590 51
21590 52
21590 2
21590 62
21590 31
21590 46
21590 55
21590 0
21590 24
21590 37
21694 5
21694 35
21694 37
21694 15
21694 32
21694 34
21694 30
21694 7
21694 18
21694 38
21694 13
21694 14
21694 33
21694 4
21694 23
21694 2
21694 12
21694 25
21694 27
21694 11
21694 3
21694 36
21694 17
22150 58
22150 100
22150 184
22150 193
22150 174
22150 55
22150 103
22150 102
22150 50
21502 5
21502 41
21502 49
21502 34
21502 38
21502 39
21502 46
21502 58
21502 66
21502 73
21502 6
21502 69
21502 99
21502 102
21502 92
22154 47
22154 34
22154 78
22154 65
22154 19
22154 11
22154 1
22154 33
22154 4
22154 40
22154 52
22154 32
22154 70
22154 79
22154 0
22154 68
22154 56
22154 61
22154 31
22154 5
22154 36
22154 57
22154 72
22154 21
22154 24
22154 23
22154 81
22154 73
22154 13
22154 26
22154 45
22154 42
22154 62
22154 2
22154 67
22154 51
22154 29
22154 7
22154 30
22154 46
22154 48
22154 28
22154 22
22154 25
22154 41
22154 59
22154 39
22154 76
22154 60
22154 3
22154 64
22154 16
22154 50
22154 44
21579 79
21579 103
21579 226
21579 187
21579 86
21579 8
21579 29
21579 40
21579 58
21579 61
21579 109
21579 189
21579 6
21579 19
21579 26
21579 81
21579 170
21579 269
21579 273
21579 72
21579 165
21579 174
21579 276
21579 66
21579 85
21579 90
21579 220
21579 231
21579 15
21579 70
21579 75
21579 126
21579 127
21579 129
21579 130
21579 233
21579 259
21579 287
21579 347
21579 62
21579 148
21579 193
21579 338
21579 76
21579 7
21579 9
21579 113
21579 188
21579 198
21579 247
21579 309
21579 104
21579 122
21579 149
21579 245
21579 250
21579 312
21579 102
21579 352
21579 57
21579 63
21579 87
21579 119
21579 160
21579 202
21579 237
21579 24
21579 31
21579 73
21579 106
21579 116
21579 230
21579 21
21579 59
21579 99
21579 108
21579 112
21579 145
21579 215
21579 52
21579 51
21579 83
21579 95
21579 117
21579 120
21579 135
21579 227
21579 49
21579 115
21579 176
21579 178
21579 239
21579 258
21579 324
21579 302
21579 323
21579 54
21579 334
21579 343
21579 159
21579 23
21579 195
21579 48
21579 214
21579 0
21579 27
21579 94
21579 125
21579 242
21579 249
21579 180
21579 313
21579 319
21579 332
21579 251
21579 306
21579 308
21579 110
21579 286
21579 291
21579 294
21579 320
21579 114
21579 154
21579 304
21579 315
21579 340
21579 1
21579 123
21579 167
21579 172
21579 261
21579 128
21579 271
21579 5
21579 13
21579 78
21579 89
21579 146
21579 192
21579 205
21579 272
21579 216
21579 10
21579 292
21579 295
21579 144
21579 163
21579 38
21579 80
21579 111
21579 175
21579 270
21579 274
21579 263
21579 28
21579 69
21579 91
21579 278
21579 336
21579 12
21579 20
21579 53
21579 60
21579 300
21579 184
21579 209
21579 224
21579 211
21579 266
21579 142
21579 213
21579 281
21579 299
21579 124
21579 153
21579 41
21579 55
21579 96
21579 183
21579 256
21579 285
21579 93
21579 307
21579 354
21579 152
21579 18
21579 254
21579 46
21579 298
21579 325
21579 203
21579 288
21579 289
21579 314
21579 355
21579 92
21579 284
21579 297
21579 348
21579 217
21579 303
21579 339
21579 246
21579 82
21579 30
21579 166
21579 199
21579 207
21579 157
21579 17
21579 45
21579 107
21579 208
21579 218
21579 349
21579 44
21579 141
21579 212
21579 234
21579 248
21579 264
21579 219
21579 228
21579 16
21579 32
21579 118
21579 147
21579 177
21579 201
21579 206
21579 241
21579 3
21579 164
21579 121
21579 173
21579 14
21579 101
21579 138
21579 204
21579 223
21579 235
21579 240
21694 31
21694 21
22113 6
22087 76
22087 103
22087 58
22087 66
22087 2
22087 35
22087 23
22087 3
22087 41
22087 4
22087 61
22087 7
22087 84
22087 20
22087 69
22087 43
22087 80
22087 92
22087 88
22087 14
22087 99
22087 34
22087 49
22087 0
22087 86
22087 71
22087 37
22087 27
22051 2
22051 24
22051 26
22051 22
22051 14
22051 45
22051 23
22051 8
22051 20
22051 21
22051 34
22051 51
22051 27
22051 30
22051 31
22051 1
22051 9
22051 33
22051 47
22051 46
22051 39
22051 50
22051 10
22051 25
22051 28
22051 17
22051 35
22051 4
22051 6
22051 11
22051 3
22051 18
22051 16
22051 48
22051 5
22051 49
22051 36
21973 5
21973 91
21973 12
21973 55
21669 395
21669 535
21669 46
21669 58
21669 233
21669 104
21669 135
21669 241
21669 68
21669 113
21669 186
21669 220
21669 318
21669 405
21669 502
21669 508
21669 512
21669 287
21669 317
21669 364
21669 385
21669 222
21669 435
21669 322
21669 343
21669 183
21669 52
21669 60
21669 122
21669 238
21669 80
21669 114
21669 120
21669 191
21669 215
21669 134
21669 29
21669 534
21669 249
21669 285
21669 294
21669 313
21669 442
21669 451
21669 66
21669 151
21669 180
21669 197
21669 218
21669 21
21669 44
21669 327
21669 388
21669 533
21669 231
21669 304
21669 386
21669 511
21669 357
21669 153
21669 474
21669 69
21669 73
21669 140
21669 175
21669 181
21669 522
21669 5
21669 81
21669 219
21669 70
21669 16
21669 262
21669 295
21669 436
21669 452
21669 455
21669 468
21669 527
21669 289
21669 329
21669 362
21669 449
21669 517
21669 94
21669 49
21669 269
21669 271
21669 426
21669 537
21669 102
21669 111
21669 173
21669 316
21669 464
21669 491
21669 493
21669 519
21669 90
21669 209
21669 227
21669 243
21669 247
21669 252
21669 336
21669 354
21669 447
21669 48
21669 99
21669 163
21669 132
21669 319
21669 453
21669 246
21669 185
21669 277
21669 346
21669 371
21669 402
21669 470
21669 458
21669 203
21669 11
21669 540
21669 263
21669 465
21669 128
21669 392
21669 417
21669 472
21669 507
21669 47
21669 157
21669 158
21669 36
21669 110
21669 126
21669 176
21669 195
21669 198
21669 201
21669 337
21669 459
21669 258
21669 374
21669 379
21669 499
21669 261
21669 480
21669 345
21669 56
21669 131
21669 194
21669 228
21669 297
21669 256
21669 367
21669 403
21669 456
21669 462
21669 26
21669 35
21669 538
21669 226
21669 265
21669 331
21669 381
21669 407
21669 460
21669 37
21669 41
21669 4
21669 119
21669 483
21669 486
21669 188
21669 239
21669 310
21669 230
21669 264
21669 275
21669 340
21669 378
21669 421
21669 441
21669 446
21669 1
21669 125
21669 182
21669 79
21669 155
21669 3
21669 18
21669 40
21669 389
21669 485
21669 283
21669 335
21669 477
21669 492
21669 59
21669 92
21669 85
21669 270
21669 341
21669 404
21669 409
21669 505
21669 536
21669 53
21669 75
21669 93
21669 237
21669 272
21669 326
21669 348
21669 475
21669 494
21669 61
21669 74
21669 210
21669 274
21669 311
21669 328
21669 347
21669 469
21669 476
21669 495
21669 15
21669 43
21669 280
21669 315
21669 359
21669 419
21669 284
21669 342
21669 416
21669 109
21669 375
21669 479
21669 248
21669 288
21669 323
21669 390
21669 400
21669 410
21669 7
21669 8
21669 293
21669 366
21669 373
21669 430
21669 478
21669 481
21669 457
21669 65
21669 106
21669 121
21669 154
21669 167
21669 178
21669 100
21669 141
21669 211
21669 221
21669 10
21669 19
21669 434
21669 432
21669 39
21669 124
21669 187
21669 213
21669 257
21669 325
21669 393
21669 500
21669 530
21669 77
21669 97
21669 136
21669 205
21669 397
21669 411
21669 420
21669 437
21669 9
21669 25
21669 406
21669 524
21669 291
21669 292
21669 370
21669 88
21669 96
21669 212
21669 273
21669 276
21669 286
21669 440
21669 488
21669 504
21669 82
21669 112
21669 137
21669 200
21669 245
21669 281
21669 358
21669 467
21669 509
21669 513
21669 64
21669 235
21669 152
21669 170
21669 13
21669 30
21669 320
21669 330
21669 333
21669 350
21669 396
21669 414
21669 418
21669 466
21669 484
21669 523
21669 234
21669 296
21669 334
21669 349
21669 372
21669 156
21669 229
21669 361
21669 369
21669 387
21669 439
21669 482
21669 521
21669 57
21669 116
21669 189
21669 190
21669 199
21669 314
21669 408
21669 78
21669 259
21669 260
21669 473
21669 516
21669 91
21669 107
21669 204
21669 216
21669 217
21669 101
21669 159
21669 208
21669 224
21669 242
21669 312
21669 376
21669 377
21669 443
21669 448
21669 278
21669 308
21669 383
21669 424
21669 444
21669 496
21669 105
21669 168
21669 27
21669 55
21669 63
21669 22
21669 250
21669 162
21669 267
21669 503
21669 380
21669 352
21669 398
21669 461
21669 498
21669 321
21669 360
21669 529
21669 356
21772 5
21772 13
21772 8
21772 14
21772 0
21772 2
21772 12
21772 6
21772 9
21772 1
21772 15
21772 4
21772 3
21772 7
21772 11
21772 10
21658 1
21658 2
21658 84
21658 23
21658 48
21658 96
21658 5
21658 22
21658 14
21658 28
21658 89
21658 34
21658 81
21658 4
21658 50
21658 39
21658 54
21658 86
21658 16
21658 26
21658 27
21658 46
21658 79
21658 91
21658 6
21658 9
21658 92
21658 74
21658 85
21658 76
21658 44
21658 75
21658 33
21658 49
21658 38
21658 62
21658 11
21658 47
21658 95
21658 30
21658 83
21658 15
21658 21
21658 45
21658 72
21658 98
21658 3
21658 37
21658 51
21658 69
21658 40
21658 60
21658 68
21658 0
21658 100
21658 67
21658 88
21658 10
21658 41
21658 55
21658 78
21658 80
21658 13
21658 57
21658 58
21658 12
21658 52
21658 63
21658 94
21658 24
21658 70
21658 18
21658 31
21658 43
21658 25
21658 71
21658 99
21658 35
21658 65
21658 97
21658 59
21658 19
21658 93
21658 7
21658 17
21658 53
21658 61
21658 73
21658 82
21658 56
21658 90
21658 20
21658 36
21658 8
21658 29
21745 9
21926 7
21926 17
21926 4
21926 5
21926 26
21926 14
21926 10
21926 0
21926 3
21926 37
21926 2
21926 36
21926 22
21926 13
21926 38
21926 28
21926 32
21926 30
21926 6
21926 29
21926 27
21926 19
21926 20
21926 18
21926 9
21926 34
21926 16
21926 33
21926 31
21926 11
21926 15
21926 12
21926 8
21926 1
21926 39
22147 15
22147 44
22147 56
22147 38
22147 5
22147 69
22147 31
22147 14
22147 26
22147 33
22147 37
22147 55
22147 53
22147 58
22147 12
22147 1
22147 10
22147 61
22147 6
22147 4
22147 3
22147 51
22147 13
22147 68
22147 34
22147 57
22147 7
22147 0
22147 59
22147 2
22147 20
22147 18
22147 22
22147 71
22147 72
22147 66
22147 21
22147 24
22147 19
22147 45
22147 48
22147 49
22147 28
22147 50
22147 64
22063 51
22063 145
22063 286
22063 280
22063 55
22063 417
22063 243
22063 277
22063 542
22063 119
22063 300
22063 493
22063 195
22063 228
22063 392
22063 410
22063 543
22063 421
22063 91
22063 446
22063 327
22063 18
22063 346
22063 320
22063 9
22063 447
22063 199
22063 186
22063 473
22063 358
22063 63
22063 256
22063 23
22063 192
22063 227
22063 14
22063 252
22063 412
22063 281
22063 406
22063 438
22063 47
22063 69
22063 113
22063 467
22063 530
22063 83
22063 136
22063 287
22063 203
22063 419
22063 401
22063 190
22063 272
22063 310
22063 21
22063 170
22063 215
22063 27
22063 128
22063 181
22063 488
22063 152
22063 476
22063 443
22063 486
22063 143
22063 125
22063 176
22063 182
22063 239
22063 494
22063 354
22063 370
22063 416
22063 249
22063 236
22063 216
22063 160
22063 25
22063 184
22063 177
22063 28
22063 237
22063 274
22063 510
22063 188
22063 135
22063 211
22063 263
22063 206
22063 282
22063 441
22063 106
22063 313
22063 395
22063 233
22063 241
22063 350
22063 217
22063 147
22063 290
22063 87
22063 173
22063 408
22063 409
22063 534
22063 503
22063 156
22063 37
22063 226
22063 549
22063 169
22063 264
22063 544
22063 273
22063 257
22063 78
22063 67
22063 68
22063 34
22063 8
22063 43
22063 59
22063 553
22063 457
22063 548
22063 70
22063 490
22063 93
22063 95
22063 436
22063 525
22063 326
22063 117
22063 499
22063 433
22063 387
22063 498
22063 368
22063 388
22063 378
22063 149
22063 347
22063 362
22063 104
22063 166
22063 413
22063 482
22063 30
22063 221
22063 269
22063 339
22063 134
22063 466
22063 2
22063 508
22063 171
22063 344
22063 351
22063 507
22063 185
22063 464
22063 168
22063 365
22063 475
22063 315
22063 175
22063 312
22063 218
22063 90
22063 385
22063 151
22063 3
22063 13
22063 371
22063 337
22063 266
22063 415
22063 459
22063 394
22063 376
22063 398
22063 234
22063 452
22063 225
22063 49
22063 311
22063 76
22063 224
22063 296
22063 478
22063 29
22063 283
22063 513
22063 61
22063 98
22063 132
22063 31
22063 62
22063 545
22063 163
22063 118
22063 342
22063 483
22063 44
22063 393
22063 71
22063 139
22063 303
22063 372
22063 428
22063 329
22063 191
22063 259
22063 383
22063 114
22063 423
22063 92
22063 411
22063 504
22063 361
22063 131
22063 88
22063 297
22063 363
22063 214
22063 453
22063 260
22063 489
22063 77
22063 552
22063 343
22063 231
22063 540
22063 167
22063 162
22063 509
22063 254
22063 305
22063 425
22063 402
22063 461
22063 50
22063 122
22063 435
22063 340
22063 26
22063 80
22063 515
22063 321
22063 328
22063 384
22063 341
22063 248
22063 382
22063 379
22063 123
22063 484
22063 148
22063 338
22063 74
22063 422
22063 65
22063 79
22063 12
22063 294
22063 454
22063 246
22063 516
22063 541
22063 130
22063 427
22063 512
22063 161
22063 262
22063 391
22063 100
22063 40
22063 245
22063 389
22063 479
22063 546
22063 38
22063 253
22063 112
22063 178
22063 204
22063 250
22063 242
22063 480
22063 551
22063 462
22063 374
22063 265
22063 174
22063 105
22063 288
22063 349
22063 458
22063 471
22063 465
22063 212
22063 57
22063 318
22063 120
22063 267
22063 485
22063 81
22063 41
22063 532
22063 220
22063 439
22063 102
22063 496
22063 514
22063 207
22063 319
22063 396
22063 16
22063 399
22063 210
22063 85
22063 0
22063 501
22063 472
22063 72
22063 538
22063 366
22063 108
22063 497
22063 193
22063 511
22063 381
22063 208
22063 94
22063 39
22063 529
22063 126
22063 332
22063 523
22063 56
22063 334
22063 209
22063 291
22063 316
22063 299
22063 369
22063 159
22063 251
22063 255
22063 492
22063 367
22063 115
22063 75
22063 353
22063 46
22063 194
22063 470
22063 235
22063 11
22063 424
22063 144
22063 202
22063 111
22063 359
22063 179
22063 52
22063 352
22063 20
22063 48
22063 96
22063 333
22063 531
22063 460
22063 519
22063 58
22063 279
22063 45
22063 150
22063 357
22063 528
22063 64
22063 407
22063 229
22063 6
22063 364
22063 133
22063 54
22063 432
22063 103
22063 42
22063 172
22063 284
22063 205
22063 506
22063 292
22063 124
22063 200
22063 4
22063 189
22063 418
22063 331
22063 449
22063 232
21811 545
21811 547
21811 529
21811 262
21811 74
21811 294
21811 528
21811 19
21811 374
21811 23
21811 61
21811 81
21811 159
21811 162
21811 202
21811 323
21811 428
21811 263
21811 285
21811 307
21811 319
21811 473
21811 488
21811 538
21811 544
21811 245
21811 69
21522 27
21522 45
21522 70
21522 80
21522 0
21522 86
21522 94
21522 14
21522 91
21522 88
21522 96
21522 8
21522 22
21522 48
21522 52
21522 41
21522 97
21522 18
21522 72
21522 7
21522 51
21522 77
21522 62
21522 108
21522 31
21522 107
21522 36
21522 56
21522 2
21522 66
21522 25
21522 54
21522 75
21522 85
21522 105
21522 1
21522 17
21522 21
21522 42
21522 60
21522 15
21522 59
21522 95
21522 101
21522 5
21522 49
21522 78
21522 6
21522 26
21522 30
21522 40
21522 64
21522 100
21522 104
21522 13
21522 16
21522 106
21522 57
21522 58
21522 103
21522 10
21522 38
21522 63
21522 76
21522 92
21522 33
21522 68
21522 82
21522 50
21522 39
21522 55
21522 65
21522 4
21522 35
21522 61
21522 99
21522 34
21522 46
21522 74
21522 37
21522 71
21522 102
21583 21
21583 31
21583 19
21583 10
21583 30
21583 9
21583 27
21583 22
21583 29
21583 44
21583 12
21583 36
21583 45
21583 46
21583 32
21583 41
21583 26
21583 23
21583 47
21583 28
21583 33
21583 13
21583 8
21583 16
21583 40
21583 0
21583 34
21583 42
21583 1
21583 48
21583 11
21583 24
21583 39
21583 25
21583 4
21583 3
21583 5
22164 125
22164 81
21928 0
21928 81
21928 33
21708 63
21708 28
21708 128
21708 173
21708 6
21708 11
21708 85
21708 45
21708 12
21708 17
21708 150
21708 14
21708 84
21708 141
21708 4
21708 69
21708 155
21708 49
21708 77
21708 80
21708 96
21708 159
21708 127
21708 146
21708 97
21708 32
21708 76
21708 112
21708 154
21708 81
21708 46
21708 88
21708 156
21708 36
21708 75
21708 129
21708 126
21708 68
21708 73
21708 87
21708 101
21708 165
21708 0
21708 115
21708 167
21708 21
21708 24
21708 144
21708 157
21708 7
21708 52
21708 107
21708 125
21708 160
21708 29
21708 33
21708 42
21708 82
21708 114
21708 142
21708 59
21708 131
21708 168
21708 172
21708 143
21708 166
21708 95
21708 3
21708 5
21708 105
21708 118
21708 25
21708 54
21708 83
21708 175
21708 1
21708 64
21708 94
21708 103
21708 151
21708 51
21708 60
21708 89
21708 140
21708 37
21708 55
21708 78
21708 145
21708 110
21708 152
21708 176
21708 66
21708 93
21708 99
21708 130
21708 22
21708 41
21708 47
21708 86
21708 138
21708 57
21708 72
21708 134
21708 2
21708 8
21708 10
21708 15
21708 38
21708 137
21708 16
21708 79
21708 104
21708 116
21708 162
21708 171
21708 53
21708 123
21708 113
21708 35
21708 98
21708 139
21708 135
21708 65
21708 124
21708 62
21708 67
21708 163
21708 44
21708 122
21708 43
21708 58
21708 136
21708 169
21708 109
21708 119
21708 148
21708 19
21708 39
21708 170
21908 10
21908 105
21908 3
21908 2
21908 91
21908 20
21908 87
21908 77
21908 29
21908 97
21908 106
21908 72
21908 23
21908 1
21908 25
21908 49
21908 99
21908 96
21908 88
21908 73
21908 11
21908 113
21908 43
21908 89
21908 14
21908 27
21908 16
21908 85
21908 112
21908 60
21908 108
21908 109
21908 100
21908 59
21908 83
21908 53
21908 86
21908 93
21908 37
21908 33
21908 32
21908 92
21908 34
21908 28
21908 98
21908 38
21908 76
21908 45
21908 50
21908 62
21908 68
21908 101
21908 18
21908 55
21908 35
21908 22
21908 63
21908 102
21908 40
21908 44
21908 74
21908 56
21908 39
21908 84
21908 90
21908 36
21908 94
21908 13
21908 51
21908 17
21908 66
21908 70
21908 78
21908 67
21908 52
21908 47
21908 19
21908 75
21908 48
21908 8
21908 12
21908 104
21908 58
21908 82
21908 6
22176 149
22176 94
22176 37
22176 19
22176 124
22176 68
22176 103
22176 52
22176 4
22176 85
22176 92
22176 14
22176 131
22176 62
22176 49
22176 2
22176 81
22176 100
22176 35
22176 7
22176 141
22176 54
22176 119
22176 74
22176 22
22176 127
22176 44
22176 136
22176 57
22176 41
22176 70
22176 55
22176 42
22176 123
22176 75
22176 29
22176 90
22176 18
22176 142
22176 101
22176 86
22176 12
22176 117
22176 89
22176 79
22176 76
22176 118
22176 135
22176 6
22176 8
22176 82
22176 91
22176 93
22176 45
22176 129
22176 132
22176 95
22176 32
22176 9
22176 140
22176 58
22176 97
22176 78
22176 83
22176 137
22176 107
22176 87
22176 88
22176 13
22176 65
22176 125
22176 11
22176 105
22176 106
22176 34
22176 17
22176 109
22176 114
22176 23
22176 130
22176 145
22176 98
22176 69
22176 112
22176 148
22176 20
22176 56
22176 96
22176 48
22176 113
22176 39
22176 24
22176 143
22176 84
22176 73
22176 108
22176 3
22176 110
22176 43
22176 99
22176 15
22176 53
22176 102
22176 126
22176 120
22176 51
21922 30
21922 318
21922 63
21922 335
21922 11
21922 149
21922 412
21922 270
21922 364
21922 313
21922 186
21716 76
21716 113
21716 156
21716 209
21716 214
21716 221
21716 242
21716 56
21716 72
21716 96
21716 152
21716 202
21716 12
21716 18
21716 24
21716 57
21716 181
21716 223
21716 248
21716 251
21716 85
21716 125
21716 131
21716 234
21951 39
21951 55
21951 107
21951 32
21951 94
21523 1
21523 14
21523 5
21523 26
21523 0
21523 13
21523 16
21523 28
21523 30
21523 33
21523 12
21523 23
21523 4
21523 38
21523 6
21523 18
21523 25
21523 31
21523 27
21523 15
21523 9
21523 24
21523 20
21523 34
21523 8
21523 35
21523 7
21752 45
21752 56
21752 85
21867 5
21867 13
21867 2
21867 9
21867 15
21867 1
21867 12
21867 8
21867 4
21867 10
21867 16
21867 0
21867 14
21867 3
21867 11
21460 119
21460 68
21460 100
21460 76
21460 90
21460 18
21460 91
21460 112
21460 114
21460 117
21460 0
21460 69
21460 7
21460 82
21460 98
21460 121
21460 30
21460 53
21460 104
21460 2
21460 34
21460 97
21460 124
21460 120
21460 15
21460 50
21460 81
21460 115
21460 10
21460 17
21460 23
21460 27
21460 74
21460 78
21460 80
21460 125
21460 85
21460 88
21460 110
21460 8
21460 26
21460 45
21460 107
21460 127
21460 52
21460 102
21460 5
21460 39
21460 57
21460 60
21460 86
21460 49
21460 22
21460 37
21460 40
21460 54
21460 55
21460 73
21460 31
21460 38
21460 123
21460 19
21460 36
21460 65
21460 103
21460 92
21460 71
21460 108
21460 116
21460 29
21460 94
21460 95
21460 101
21460 12
21460 42
21460 47
21460 3
21460 59
21460 70
21460 93
21460 83
21460 113
21460 9
21460 13
21460 79
21460 111
21460 16
21460 24
21460 25
21460 105
21460 11
21460 33
21460 56
21460 84
21460 43
21460 63
21460 67
21460 118
21460 58
21460 4
21460 48
21460 126
21460 51
21460 64
21460 66
21460 122
21460 32
21460 106
21460 20
21460 28
21460 77
21460 89
21460 62
21460 109
21980 1
21980 21
21980 30
21980 38
21980 24
21980 0
21980 19
21980 16
21980 11
21980 14
21980 18
21980 47
21980 27
21980 48
21980 40
21980 33
21980 28
21980 34
21980 3
21980 13
21980 10
21980 45
21980 26
21980 7
21980 29
21980 9
21980 37
21980 12
21980 25
21980 41
21980 5
21980 39
21980 36
21980 6
21980 32
21980 46
21476 467
21476 539
21476 48
21476 76
21476 91
21476 110
21476 260
21476 299
21476 365
21476 367
21476 435
21476 496
21476 443
21476 523
22084 234
22084 149
22084 318
22084 69
22084 18
22084 164
22084 106
22084 169
22084 256
22084 349
22084 95
22084 293
22084 17
22084 252
22084 264
22084 104
22084 320
22084 67
22084 8
22084 92
22084 375
22084 274
22084 363
22084 324
22084 35
22084 148
22084 223
22084 238
22084 387
22084 220
22084 250
22084 172
22084 233
22084 355
22084 55
22084 337
22084 115
22084 275
22084 159
22084 110
22084 242
22084 279
22084 129
22084 357
22084 358
22084 306
22084 226
22084 51
22084 2
22084 109
22084 360
22084 222
22084 271
22084 117
22084 79
22084 263
22084 19
22084 101
22084 260
22084 382
22084 308
22084 353
22084 267
22084 131
22084 286
22084 218
22084 161
22084 365
22084 323
22084 62
22084 64
22084 230
22084 301
22084 354
22084 112
22084 57
22084 195
22084 232
22084 329
22084 52
22084 14
22084 146
22084 96
22084 173
22084 36
22084 376
22084 127
22084 240
22084 348
22084 63
22084 49
22084 203
22084 7
22084 330
22084 59
22084 70
22084 46
22084 282
22084 340
22084 45
22084 270
22084 25
22084 76
22084 346
22084 12
22084 202
22084 178
22084 138
22084 377
22084 58
22084 183
22084 255
22084 302
22084 123
22084 345
22084 385
22084 74
22084 6
22084 193
22084 328
22084 143
22084 130
22084 292
22084 296
22084 118
22084 22
22084 98
22084 158
22084 11
22084 224
22084 72
22084 370
22084 68
22084 257
22084 294
22084 339
22084 187
22084 73
22084 90
22084 137
22084 219
22084 327
22084 373
22084 272
22084 121
22084 322
22084 235
22084 156
22084 94
22084 277
22084 179
22084 290
22084 227
22084 85
22084 249
22084 105
22084 188
22084 344
22084 313
22084 60
22084 120
22084 201
22084 93
22084 262
22084 333
22084 229
22084 374
22084 288
22084 15
22084 89
22084 336
22084 81
22084 132
22084 362
22084 43
22084 78
22084 24
22084 258
22084 239
22084 283
22084 119
22084 216
22084 231
22084 332
22084 128
22084 295
22084 342
22084 380
22084 171
22084 304
22084 199
22084 388
22084 352
22084 163
22084 209
22084 54
22084 198
22084 343
22084 37
22084 192
22084 243
22084 83
22084 56
22084 214
22084 248
22084 65
22084 386
22084 366
22084 140
22084 278
22084 321
22084 168
22084 253
22084 383
22084 139
22084 325
22084 180
22084 276
22084 211
22084 1
22084 208
22084 331
22084 299
22084 204
22084 71
22084 207
22084 53
22084 124
22084 372
22084 82
22084 300
22084 379
22084 236
22084 315
22084 215
22084 368
22084 311
22084 335
22084 254
22084 356
22084 185
22084 312
22084 99
22084 150
22084 136
22084 5
22084 384
22084 175
22084 361
22084 259
22084 0
22084 351
22084 147
22084 197
22084 157
22084 155
22084 298
22084 367
22084 86
22084 87
22084 217
22084 182
22084 42
22084 176
22084 369
22084 151
22084 350
22084 334
22084 114
22084 116
22084 189
22084 153
22084 47
22084 177
22084 165
22084 246
22084 378
22084 307
22084 297
22084 359
22084 100
21475 38
21475 15
21509 7
21509 13
21509 11
21509 1
21509 9
21509 16
21509 5
21509 2
21509 3
21509 15
21509 8
21509 10
21509 4
21509 17
21509 0
21509 6
21505 137
21505 141
21505 59
21505 15
21505 23
21505 148
21505 55
21505 53
21505 209
21505 132
21505 174
21505 200
21505 43
21505 75
21505 113
21505 72
21505 99
21505 83
21505 27
21505 77
21505 107
21505 117
21505 123
21505 157
21505 168
21505 138
21505 187
21505 191
21505 19
21505 24
21505 51
21505 205
21505 0
21505 64
21505 76
21505 26
21505 37
21505 44
21505 125
21505 160
21505 118
21505 150
21505 194
21505 203
21505 213
22079 17
22079 43
22079 39
21719 73
21719 85
21719 151
21719 191
21719 195
21719 337
21719 350
21719 365
21719 411
21719 448
21719 62
21719 147
21719 165
21719 205
21719 225
21719 254
21719 301
21719 418
21719 440
21719 443
21719 81
21719 192
21719 410
21719 446
21719 472
21719 484
21719 492
21719 496
21719 514
21719 516
21719 207
21719 155
21719 348
21719 511
21719 533
21719 161
21719 54
21719 227
21719 238
21719 242
21719 243
21719 285
21719 320
21719 467
21719 504
21719 513
21719 51
21719 120
21719 153
21719 212
21719 251
21719 469
21719 489
21719 493
21719 501
21719 510
21719 12
21719 16
21719 106
21719 82
21719 13
21719 67
21719 202
21719 247
21719 280
21719 281
21719 288
21719 302
21719 326
21719 345
21719 360
21719 294
21719 530
21719 7
21719 32
21719 90
21719 145
21719 180
21719 185
21719 214
21719 287
21719 391
21719 436
21719 480
21719 43
21719 69
21719 83
21719 200
21719 246
21719 250
21719 284
21719 323
21719 342
21719 383
21719 80
21719 84
21719 112
21719 116
21719 131
21719 204
21719 255
21719 376
21719 401
21719 498
21719 159
21719 206
21719 289
21719 31
21719 91
21719 111
21719 141
21719 177
21719 315
21719 341
21719 351
21719 412
21719 14
21719 527
21719 528
21719 29
21719 44
21719 56
21719 122
21719 129
21719 230
21719 295
21719 303
21719 313
21719 404
21719 208
21719 53
21719 71
21719 101
21719 148
21719 188
21719 201
21719 424
21719 447
21719 478
21719 481
21719 523
21719 140
21719 269
21719 356
21719 459
21719 314
21719 27
21719 99
21719 119
21719 149
21719 166
21719 178
21719 183
21719 244
21719 334
21719 433
21719 89
21719 222
21719 519
21719 532
21756 81
21756 3
21756 104
21756 188
21756 240
21756 242
21756 262
21756 41
21756 199
21756 7
21756 17
21756 203
21756 21
21756 44
21756 79
21756 93
21756 180
21756 266
21756 280
21756 277
21756 9
21756 72
21756 120
21756 176
21756 209
21756 108
21756 39
21756 99
21756 154
21756 229
21756 164
21756 168
21756 171
21756 129
21756 73
21756 1
21756 144
21756 66
21756 31
21756 10
21756 148
21756 163
21756 205
21756 257
21756 138
21756 213
21756 231
21756 46
21756 141
21756 145
21756 170
21756 233
21756 247
21756 251
21756 261
21756 287
21756 194
21756 286
21756 5
21756 14
21756 0
21756 172
21756 212
21756 35
21756 11
21756 71
21756 91
21756 106
21756 110
21756 13
21756 15
21756 32
21756 131
21756 139
21756 206
21756 207
21756 217
21756 27
21756 33
21756 181
21756 224
21756 260
21756 265
21756 278
21756 63
21756 272
21756 276
21756 53
21756 285
21756 268
21756 64
21756 88
21756 90
21756 97
21756 132
21756 161
21756 210
21756 227
21756 250
21756 50
21756 56
21756 158
21756 182
21756 58
21756 166
21756 134
21756 37
21756 65
21756 153
21756 167
21756 196
21756 208
21756 214
21756 228
21756 55
21756 202
21756 221
21756 239
21756 252
21756 284
21756 22
21756 29
21756 62
21756 67
21756 244
21756 255
21756 273
21756 279
21756 177
21756 187
21756 218
21756 89
21756 116
21756 165
21756 173
21756 179
21756 290
21756 101
21756 52
21756 78
21756 100
21756 142
21756 155
21756 190
21756 82
21756 122
21756 211
21756 215
21756 223
21756 235
21756 254
21756 109
21756 201
21756 222
21756 43
21756 12
21756 140
21756 159
21756 283
21756 28
21756 36
21756 84
21756 96
21756 146
21756 160
21756 162
21756 198
21756 175
21756 125
21756 136
21756 156
21756 107
21756 186
21756 103
21756 220
21756 253
21756 34
21756 16
21756 24
21756 45
21756 61
21756 85
21756 111
21756 195
21756 197
21756 234
21756 269
21756 118
21756 126
21756 258
21756 192
21756 237
21756 128
21756 264
21756 270
21756 75
21756 238
21756 263
21756 151
21756 94
21756 77
21756 98
21756 157
21756 23
22060 19
22060 36
22060 25
22060 29
22060 34
22060 30
22060 1
22060 21
22060 39
22060 2
22060 44
22060 50
22060 3
22060 14
22060 18
22060 24
22060 8
22060 45
22060 37
22060 15
22060 40
22060 26
22060 0
22060 41
22060 12
22060 4
22060 32
22060 10
22060 49
22060 9
22060 31
22060 46
22060 47
22060 23
22060 27
22060 7
22060 5
22060 13
22043 114
22043 498
22043 468
22043 36
22043 113
22043 514
22043 268
22043 516
22043 87
22043 397
22043 418
22043 102
22043 522
22043 92
22043 5
22043 260
22043 352
22043 372
22043 325
22043 506
22043 387
22043 62
22043 26
22043 355
22043 365
22043 89
22043 344
22043 525
22043 393
22043 340
22043 425
22043 48
22043 120
22043 9
22043 480
22043 41
22043 314
22043 95
22043 440
22043 250
22043 358
22043 300
22043 63
22043 378
22043 330
22043 104
22043 337
22043 30
22043 106
22043 370
22043 392
22043 489
22043 310
22043 57
22043 429
22043 49
22043 28
22043 335
22043 449
22043 70
22043 287
22043 541
22043 20
22043 80
22043 47
22043 42
22043 0
22043 534
22043 309
22043 15
22043 90
22043 32
22043 540
22043 495
22043 445
22043 521
22043 75
22043 428
22043 448
22043 319
22043 74
22043 347
22043 18
22043 501
22043 252
22043 402
22043 326
22043 313
22043 14
22043 308
22043 265
22043 423
22043 409
22043 40
22043 411
22043 500
22043 497
22043 82
22043 256
22043 481
22043 494
22043 296
22043 88
22043 496
22043 463
22043 399
22043 544
22043 530
22043 332
22043 266
22043 460
22043 81
22043 27
22043 462
22043 255
22043 505
22043 386
22043 66
22043 302
22043 52
22043 401
22043 380
22043 21
22043 476
22043 454
22043 502
22043 261
22043 436
22043 58
22043 353
22043 99
22043 509
22043 433
22043 263
22043 512
22043 109
22043 108
22043 37
22043 415
22043 35
22043 384
22043 333
22043 391
22043 293
22043 316
22043 67
22043 2
22043 282
22043 441
22043 45
22043 493
22043 434
22043 262
22043 112
22043 369
22043 536
22043 367
22043 318
22043 3
22043 54
22043 362
22043 254
22043 295
22043 72
22043 306
22043 419
22043 487
22043 7
22043 119
22043 331
22043 527
22043 118
22043 29
22043 503
22043 98
22043 458
22043 84
22043 257
22043 24
22043 359
22043 270
22043 121
22043 366
22043 267
22043 294
22043 537
22043 317
22043 417
22043 346
22043 16
22043 123
22043 273
22043 446
22043 408
22043 518
22043 56
22043 363
22043 23
22043 469
22043 17
22043 111
22043 404
22043 289
22043 374
22043 51
22043 472
22043 105
22043 269
22043 379
22043 466
22043 439
22043 320
22043 53
22043 443
22043 276
22043 432
22043 447
22043 524
22043 421
22043 395
22043 298
22043 364
22043 65
22043 545
22043 86
22043 538
22043 361
22043 492
22043 398
22043 513
22043 305
22043 475
22043 491
22043 471
22043 453
22043 4
22043 93
22043 416
22043 117
22043 107
22043 388
22043 464
22043 543
22043 405
22043 297
22043 336
22043 329
22043 286
22043 96
22043 283
22043 315
22043 22
22043 485
22043 275
22043 427
22043 438
22043 85
22043 343
22043 451
22043 517
22043 285
22043 328
22043 271
22043 19
22043 381
22043 10
22043 376
22043 334
22043 526
22043 327
22043 435
22043 382
22043 535
22043 345
22043 546
22043 424
22043 450
22043 33
22043 324
22043 529
22043 482
22043 116
22043 430
22043 486
22043 50
22043 407
22043 368
22043 251
22043 39
22043 304
22043 83
22043 277
22043 64
22043 455
22043 459
22043 490
22043 406
22043 311
22043 532
22043 357
22043 278
22043 312
22043 510
22043 389
22043 420
22043 77
22043 511
21455 7
21455 49
21455 52
21455 77
21455 210
21455 24
21455 193
21455 48
21455 137
21455 161
21455 169
21455 185
21455 196
21455 37
21455 39
21455 132
21455 143
21455 177
21455 208
21455 0
21455 38
21455 183
21455 9
21455 200
21455 14
21455 120
21455 141
21455 221
21455 222
21455 10
21455 56
21455 232
21455 44
21455 72
21455 2
21455 167
21455 172
21455 64
21455 73
21455 144
21455 173
21455 225
21455 228
21455 69
21455 150
21455 212
21455 165
21455 180
21455 181
21455 3
21455 13
21455 220
21455 74
21455 117
21455 140
21455 152
21455 192
21455 195
21455 202
21455 29
21455 41
21455 142
21455 163
21455 227
21455 125
21455 201
21455 233
21455 12
21455 32
21455 19
21455 31
21455 92
21455 155
21455 205
21455 139
21455 147
21455 154
21455 182
21455 187
21455 198
21455 84
21455 93
21455 17
21455 213
21455 67
21455 86
21455 91
21455 179
21455 199
21455 203
21455 5
21455 28
21455 87
21455 1
21455 121
21455 123
21455 159
21455 175
21455 191
21455 229
21455 47
21455 118
21455 145
21455 186
21455 188
21455 11
21455 128
21455 176
21455 197
21455 207
21455 231
21455 66
21455 82
21455 85
21455 194
21455 71
21455 78
21455 184
21455 4
21455 59
21455 171
21455 178
21455 20
21455 88
21455 219
22243 257
22243 1
22243 304
22243 263
22243 42
22243 342
22243 300
22243 179
22243 248
22243 64
22243 3
22243 50
22243 277
22243 47
22243 256
22243 225
22243 310
21467 34
21467 36
21467 42
21467 53
21467 64
21467 78
21467 113
21467 133
21467 176
21467 230
21467 16
21467 18
21467 73
21467 97
21467 115
21467 125
21467 153
21467 214
21467 223
21467 247
21467 83
21467 88
21467 102
21467 152
21467 162
21467 170
21467 171
21467 203
21467 11
21467 89
21467 175
21467 184
21467 195
21467 198
21467 220
21467 229
21467 232
21467 241
21467 252
21467 293
21467 45
21467 48
21467 63
21467 84
21467 87
21467 99
21467 135
21467 136
21467 164
21467 204
21467 269
21467 30
21467 239
21467 8
21467 41
21467 46
21467 49
21467 55
21467 58
21467 66
21467 111
21467 167
21467 221
21467 94
21467 283
21467 286
21467 4
21467 71
21467 104
21467 106
21467 140
21467 161
21467 163
21467 168
21467 244
21467 255
21467 24
21467 26
21467 29
21467 93
21467 126
21467 127
21467 142
21467 189
21467 207
21467 226
21467 231
21467 282
21467 284
21467 6
21467 65
21467 116
21467 130
21467 148
21467 157
21467 190
21467 197
21467 205
21467 211
21467 259
21467 23
21467 108
21467 114
21467 120
21467 123
21467 124
21467 138
21467 169
21467 179
21467 193
21467 267
21467 285
21467 273
21467 261
21467 17
21467 72
21467 74
21467 85
21467 86
21467 119
21467 137
21467 187
21467 200
21467 213
21467 38
21467 39
21467 77
21467 105
21467 155
21467 236
21467 242
21467 246
21467 248
21467 288
21467 33
21467 69
21467 81
21467 117
21467 118
21467 144
21467 177
21467 192
21467 209
21467 212
21467 280
21467 10
21467 12
21467 15
21467 107
21467 112
21467 132
21467 174
21467 208
21467 216
21467 271
21467 287
21467 75
21467 61
21467 91
21467 96
21467 100
21467 143
21467 160
21467 206
21467 228
21467 233
21467 253
21467 0
21467 21
21467 25
21467 44
21467 110
21467 129
21467 173
21467 183
21467 185
21467 224
21467 2
21467 31
21467 35
21467 121
21467 150
21467 151
21467 156
21467 166
21467 191
21467 215
21467 5
21467 60
21467 62
21467 70
21467 149
21467 178
21467 181
21467 196
21467 201
21467 227
21467 275
21467 262
21467 3
21467 43
21467 51
21467 68
21467 82
21467 95
21467 98
21467 109
21467 158
21467 218
21467 258
21467 277
21467 14
21467 40
21467 103
21467 128
21467 134
21467 182
21467 234
21467 245
21467 251
21467 257
21467 263
21467 165
21467 186
21467 276
21467 1
21467 37
21467 50
21467 59
21467 67
21467 76
21467 146
21467 194
21467 217
21467 222
21467 266
21467 7
21467 13
21467 22
21467 47
21467 54
21467 79
21467 154
21467 159
21467 202
21467 219
21467 289
21467 294
21467 278
21467 279
21467 32
21467 292
21467 19
21467 27
21467 281
21467 20
21467 291
21467 52
21467 101
21467 122
21467 131
21467 188
21467 249
21467 250
21467 254
21467 256
21467 28
21467 56
21467 141
21467 147
21467 172
21467 199
21467 225
21467 237
21467 238
21467 240
21467 260
21467 265
21467 290
21778 110
21778 112
21778 106
21778 92
21778 101
21778 114
21778 91
21778 113
21778 95
21778 102
21778 104
21778 94
21778 105
21778 88
21778 93
21778 100
21778 111
21778 90
21778 109
21778 89
21778 103
21483 15
21483 1
21483 14
21483 8
21483 11
21483 21
21483 3
21483 4
21483 6
21483 26
21483 5
21483 17
21483 23
21483 16
21483 0
21483 7
21483 12
21483 24
21483 25
21483 13
21483 27
21483 29
21483 2
21483 22
21483 9
21483 19
21483 10
21483 28
21483 18
21483 20
21475 32
21475 34
21475 39
21475 56
22260 320
22260 345
22260 296
22260 307
22260 389
22260 338
22260 319
22260 364
22260 376
22260 290
22260 298
22260 329
22260 305
22260 346
22260 301
22260 369
22260 373
22260 306
22260 368
22260 354
22260 351
22260 350
22260 356
22260 377
22260 323
22260 362
22260 386
22260 297
22260 302
22260 391
22260 322
22260 335
22260 318
22260 312
22260 311
22260 390
22260 293
22260 316
22260 365
22260 328
22260 336
22260 339
22260 382
22260 326
22260 295
22260 292
22260 294
22260 342
22260 340
22260 343
22260 372
22260 383
22260 313
22260 359
22260 348
22260 363
22260 321
22260 330
22260 327
22260 304
22260 347
22260 299
22260 314
22260 325
22260 380
22260 384
22260 355
22260 308
22260 379
22260 334
22260 331
22260 360
22260 291
22260 324
22260 357
22260 374
22036 17
22036 9
22036 16
22036 6
22036 25
22036 1
22036 2
21815 98
21815 359
21815 401
21815 93
21815 126
21815 139
21815 151
21815 193
21815 230
21815 279
21815 295
21815 296
21815 276
21815 13
21815 273
21815 12
21815 133
21815 167
21815 217
21815 233
21815 250
21815 270
21815 278
21815 316
21815 334
21815 345
21815 136
21815 214
21815 216
21815 221
21815 268
21815 294
21815 309
21815 335
21815 347
21815 86
21815 176
21815 353
21815 506
21815 101
21815 107
21815 128
21815 175
21815 180
21815 190
21815 237
21815 246
21815 284
21815 292
21815 520
21815 236
21815 481
21815 41
21815 91
21815 226
21815 420
21815 223
21815 28
21815 137
21815 172
21815 195
21815 253
21815 314
21815 320
21815 331
21815 336
21815 381
21815 32
21815 56
21815 59
21815 94
21815 129
21815 244
21815 85
21815 90
21815 135
21815 379
21815 389
21815 410
21815 25
21815 74
21815 218
21815 477
21815 512
21815 513
21815 400
21815 405
21815 448
21815 490
21815 528
21815 104
21815 357
21815 404
21815 206
21815 119
21815 149
21815 255
21815 441
21815 55
21815 536
21815 343
21815 382
21815 416
21815 79
21815 87
21815 112
21815 115
21815 166
21815 254
21815 261
21815 275
21815 299
21815 340
21815 83
21815 69
21815 148
21815 15
21815 39
21815 51
21815 53
21815 466
21815 526
21815 470
21815 485
21815 531
21815 34
21815 199
21815 469
21815 77
21815 241
21815 287
21815 293
21815 312
21815 325
21815 328
21815 338
21815 339
21815 5
21815 18
21815 37
21815 76
21815 80
21815 198
21815 205
21815 243
21815 332
21815 92
21815 36
21815 4
21815 349
21815 521
21815 54
21815 99
21815 50
21815 132
21815 23
21815 70
21815 443
21815 496
21815 260
21815 21
21815 437
21815 6
21815 201
21815 67
21815 156
21815 162
21815 239
21815 301
21815 304
21815 348
21815 373
21815 430
21815 451
21815 27
21815 310
21815 89
21815 2
21815 108
21815 200
21815 215
21815 249
21815 330
21815 352
21815 384
21815 398
21815 444
21815 0
21815 95
21815 421
21815 475
21815 479
21815 116
21815 362
21815 147
21815 247
21815 418
21815 539
21815 1
21815 158
21815 242
21815 196
21815 461
21815 168
21815 323
21815 423
21815 471
21815 492
21815 374
21815 428
21815 285
21815 370
21815 30
21815 117
21815 358
21815 155
21815 257
21815 258
21815 302
21815 465
21815 164
21815 366
21815 29
21815 341
21815 397
21815 408
21815 207
21815 488
21815 238
21815 480
21815 351
21815 462
21815 322
21815 393
21815 140
21815 460
21815 64
21815 122
21815 346
21815 396
21815 204
21815 231
21815 266
21815 280
21815 288
21815 308
21815 324
21815 327
21815 354
21815 146
21815 367
21815 431
21815 454
21815 508
21815 509
21815 429
21815 541
21815 111
21815 188
21815 290
21815 291
21815 298
21815 317
21815 344
21815 372
21815 409
21815 412
21815 16
21815 40
21815 47
21815 49
21815 125
21815 467
21815 546
21815 20
21815 170
21815 228
21815 240
21815 319
21815 458
21815 219
21815 182
21815 184
21815 212
21815 383
21815 394
21815 519
21815 533
21815 543
21815 544
21815 100
21815 432
21815 472
21815 500
21815 525
21815 540
21815 311
21815 484
21815 144
21815 102
21815 282
21815 417
21815 478
21815 436
21815 252
21815 42
21815 224
21815 259
21815 267
21815 307
21815 315
21815 318
21815 326
21815 329
21815 333
21815 24
21815 52
21815 194
21815 434
21815 504
21815 62
21815 234
21815 446
21815 468
21815 487
21815 501
21815 510
21815 8
21815 542
21815 97
21815 433
21815 445
21815 459
21815 482
21815 532
21815 173
21815 60
21815 46
21815 106
21815 159
21815 174
21815 179
21815 225
21815 263
21815 494
21815 530
21815 19
21815 26
21815 277
21815 473
21815 498
21815 511
21815 7
21815 68
21815 369
21815 414
21815 17
21815 178
21815 464
21815 45
21815 124
21815 127
21815 435
21815 518
21815 262
21815 360
21815 387
21815 406
21815 442
21815 191
21815 493
21815 303
21815 377
21815 386
21815 403
21815 505
21815 514
21815 548
21815 120
21815 450
21815 229
21815 248
21815 350
21815 375
21815 524
21815 81
21815 265
21815 342
21815 507
21815 527
21815 529
21457 0
21457 62
21457 123
21457 138
21457 141
21439 71
21439 84
21439 138
21439 163
22129 530
21897 27
21897 1
22204 45
22204 28
22204 262
22204 194
22204 16
22204 84
22204 148
22204 129
22204 15
22204 205
22204 235
22204 76
22204 208
22204 167
22204 226
22204 35
22204 56
22204 152
22204 231
22204 241
22204 145
22204 65
22204 121
22204 119
22204 264
22204 139
22204 125
22204 112
22204 154
22204 137
22204 176
22204 165
22204 51
22204 71
22204 218
22204 58
22204 94
22204 173
22204 243
22204 117
22204 85
22204 196
22204 219
22204 178
22204 161
22204 44
22204 17
22204 207
22204 163
22204 140
22204 239
22204 122
22204 256
22204 13
22204 48
22204 237
22204 171
22204 22
22204 55
22204 11
22204 192
22204 258
22204 242
22204 12
22204 202
22204 268
22204 0
22204 123
22204 38
22204 265
22204 240
22204 93
22204 113
22204 238
22204 149
22204 3
22204 69
22204 79
22204 234
22204 170
22204 20
22204 263
22204 60
22204 7
22204 200
22204 21
22204 31
22204 153
22204 2
22204 10
22204 131
22204 92
22204 74
22204 82
22204 244
22204 229
22204 109
22204 32
22204 61
22204 267
22204 249
22204 193
22204 186
22204 141
22204 49
22204 126
22204 168
22204 59
22204 111
22204 142
22204 90
22204 146
22204 89
22204 246
22204 245
22204 198
22204 209
22204 87
22204 227
22204 127
22204 57
22204 147
22204 64
22204 228
22204 115
22204 191
22204 30
22204 232
22204 204
22204 95
22204 124
22204 210
22204 257
22204 86
22204 75
22204 166
22204 70
22204 43
22204 248
22204 143
22204 221
22204 177
22204 77
22204 253
22204 185
22204 34
22204 201
22204 1
22204 199
22204 99
22204 114
22204 24
22204 250
22204 174
22204 214
22204 135
22204 160
22204 23
22204 236
22204 259
22204 5
22204 47
22204 144
22204 132
22204 8
22204 190
22204 182
22204 9
22204 206
22204 128
22204 133
22204 81
22204 212
22204 252
22204 110
22204 251
21787 20
21787 154
21787 195
21787 236
21787 99
21787 33
21787 40
21787 53
21787 119
21787 142
21787 238
21787 38
21787 41
21787 43
21787 87
21787 147
21787 244
21787 249
21787 55
21787 111
21787 139
21787 138
21787 237
21787 35
21787 177
21787 42
21787 85
21787 130
21787 136
21787 159
21787 201
21787 7
21787 10
21787 108
21787 113
21787 184
21787 217
21787 181
21787 157
21787 179
21787 216
21787 45
21787 219
21787 250
21787 36
21787 72
21787 109
21787 183
21787 196
21787 64
21787 92
21787 110
21787 155
21787 197
21787 30
21787 59
21787 66
21787 116
21787 118
21787 126
21787 80
21787 17
21787 18
21787 61
21787 68
21787 114
21787 143
21787 208
21787 240
21787 16
21787 83
21787 123
21787 255
21787 8
21787 70
21787 169
21787 258
21787 2
21787 4
21787 5
21787 120
21787 151
21787 160
21787 105
21787 163
21787 189
21787 229
21787 251
21787 22
21787 172
21787 242
21787 50
21787 27
21787 90
21787 95
21787 129
21787 149
21787 203
21787 13
21787 65
21787 97
21787 125
21787 145
21787 234
21787 58
21787 150
21787 191
21787 245
21787 256
21787 81
21787 91
21787 146
21787 165
21787 79
21787 152
21787 228
21787 0
21787 199
21787 206
21787 28
21787 57
21787 115
21787 117
21787 175
21787 194
21787 82
21787 102
21787 133
21787 156
21787 202
21787 233
21787 1
21787 9
21787 134
21787 192
21787 141
21787 232
21787 51
21787 62
21787 84
21787 122
21787 161
21787 225
21787 222
21787 71
21787 186
21787 200
21787 227
21787 253
21787 21
21787 47
21787 54
21787 93
21787 94
21787 210
21787 239
21787 158
21787 173
21787 180
21787 76
21787 104
21787 137
21787 188
21787 204
21787 254
21787 56
21787 103
21787 144
21787 190
21787 198
21787 230
21787 224
21787 86
21787 171
21787 178
21787 46
21787 162
21787 252
21787 259
21787 52
21787 226
21787 11
21787 24
21787 100
21787 124
22266 1
22266 25
22266 27
21936 35
21936 13
21936 1
21936 124
21936 65
21936 108
21936 140
21936 88
21936 0
21936 79
21936 21
21936 106
21936 111
21936 5
21936 63
21936 60
21936 10
21936 64
21936 57
21936 27
21936 72
21936 127
21936 52
21936 15
21936 61
21936 93
21936 115
21936 20
21936 133
21936 17
21936 36
21936 123
21936 68
21936 119
21936 128
21936 12
21936 107
21936 3
21936 138
21936 73
21936 29
21936 121
21936 114
21936 131
21936 9
21936 141
21936 28
21936 4
21936 11
21936 94
21936 92
21936 45
21936 120
21936 31
21936 7
21936 18
21936 118
21936 126
21936 81
21936 58
21936 37
21936 39
21936 32
21936 40
21936 117
21936 48
21936 98
21936 104
21936 134
21936 55
21936 43
21936 66
21936 26
21936 23
21936 47
21936 125
21936 69
21936 51
21936 110
21936 56
21936 100
21936 54
21936 30
21936 76
21936 6
21936 80
21936 95
21936 139
21936 77
21936 84
21936 85
21936 122
21936 86
21936 75
21936 49
21936 62
21936 14
21936 24
21936 74
21936 82
21936 70
21936 42
21936 135
21850 16
21850 26
21850 27
21850 47
21850 69
21850 71
21850 82
21850 96
21850 75
21850 78
21850 97
21850 104
21850 108
21850 111
21850 114
21850 118
21850 40
21850 57
21850 77
21850 85
21850 93
21850 129
21850 61
21850 128
21850 70
21850 126
21850 23
21850 28
21850 131
21850 17
21850 43
21850 7
21850 21
21850 33
21850 55
21850 65
21850 103
21850 31
21850 35
21850 39
21850 62
21850 92
21850 106
21850 120
21850 14
21850 24
21850 32
21850 63
21850 8
21850 4
21850 15
21850 1
21850 20
21850 25
21850 56
21850 3
21850 125
21850 127
21850 41
21850 54
21850 58
21850 90
21850 99
21850 121
21850 94
21850 51
21850 73
21850 87
21850 100
21850 45
21850 68
21850 84
21850 86
21850 91
21850 102
21850 105
21850 109
21850 113
21850 116
21850 123
21850 0
21850 30
21850 49
21850 83
21850 115
21897 18
21897 14
21897 12
21897 21
21897 29
21897 20
21897 26
21897 6
21897 8
21897 30
21897 3
21897 7
21897 19
21897 17
21897 25
21897 15
21897 4
21897 28
21897 11
21897 9
21897 2
21897 10
21897 16
21897 5
21897 23
21897 24
21897 13
21586 1
21586 5
21586 0
21586 7
21586 8
21586 4
21586 6
21586 2
21963 284
21963 185
21963 321
21963 102
21963 286
21963 309
21963 355
21963 84
21963 318
21963 209
21963 240
21963 147
21963 271
21963 274
21963 351
21963 167
21963 285
21963 146
21963 149
21963 328
21963 202
21963 98
21963 214
21963 256
21963 126
21963 223
21963 122
21963 292
21963 360
21963 270
21963 101
21963 76
21963 291
21963 160
21963 349
21963 350
21963 262
21963 352
21963 225
21963 192
21963 70
21963 231
21963 168
21963 97
21963 293
21963 305
21963 105
21963 295
21963 356
21963 249
21963 277
21963 316
21963 187
21963 77
21963 289
21963 237
21963 361
21963 238
21963 233
21963 74
21963 139
21963 265
21963 234
21963 347
21963 154
21963 159
21963 322
21963 90
21963 176
21963 75
21963 250
21963 341
21963 91
21963 276
21963 267
21963 259
21963 242
21963 132
21963 71
21963 72
21963 300
21963 131
21963 133
21963 195
21963 124
21963 177
21963 288
21963 359
21963 363
21963 212
21963 257
21963 358
21963 297
21963 152
21963 179
21963 165
21963 239
21963 148
21963 306
21963 73
21963 215
21963 113
21963 268
21963 216
21963 145
21963 310
21963 87
21963 313
21963 180
21963 136
21963 228
21963 364
21963 69
21963 199
21963 334
21963 226
21963 294
21963 123
21963 302
21963 279
21963 248
21963 255
21963 128
21963 188
21963 129
21963 365
21963 95
21963 125
21963 169
21963 258
21963 243
21963 111
21963 340
21963 327
21963 99
21963 207
21963 137
21963 253
21963 344
21963 324
21963 224
21963 330
21963 323
21963 109
21963 150
21963 96
21963 247
21963 304
21963 254
21963 307
21963 201
21963 174
21963 198
21963 121
21963 357
21963 331
21963 311
21963 244
21963 194
21963 241
21963 303
21963 230
21963 280
21963 78
21963 269
21963 346
21963 220
21963 260
21963 345
21963 100
21963 329
21963 115
21963 80
21963 107
21963 157
21963 348
21963 235
21963 173
21963 184
21963 278
21963 362
21963 263
21963 103
21963 290
21963 299
21963 116
21963 205
21963 227
21963 211
21963 312
21963 86
21963 332
21963 135
21963 203
21963 353
21963 261
21963 189
21963 93
21963 266
21963 175
21963 181
21963 156
21963 272
21963 333
21963 342
21963 236
21963 287
21963 183
21963 158
21963 222
21963 320
21963 119
22134 78
22134 59
22134 51
22134 74
22134 40
22179 5
22179 0
21585 105
21804 14
21804 115
21804 221
21804 232
21804 244
21804 335
21804 345
21804 1
21804 54
21804 63
21804 165
21804 211
21804 0
21804 3
21804 278
21804 162
21924 29
21924 20
21924 28
21924 56
21924 44
21924 12
21969 22
21969 25
21969 1
21969 32
21969 2
21969 105
21969 69
21969 37
21969 59
21969 63
21969 11
21969 27
21969 76
21969 0
21969 39
21969 77
21969 83
21969 107
21969 55
21969 29
21969 48
21969 64
21969 56
21969 8
21969 81
21969 54
21969 96
21969 111
21969 16
21969 108
21969 40
21969 46
21969 66
21969 51
21969 87
21969 67
21969 93
21969 9
21969 31
21969 44
21969 3
21969 90
21969 33
21969 91
21969 10
21969 74
21969 49
21969 80
21969 82
21969 20
21969 50
21969 52
21969 24
21969 30
21969 70
21969 62
21969 34
21969 84
21969 68
21969 45
21969 61
21969 35
21969 23
21969 14
21969 17
21969 92
22207 167
22207 14
22207 202
22207 29
22207 10
21623 150
21623 160
21623 164
21623 146
21623 165
21623 154
21623 148
21623 153
21623 162
21623 144
21623 145
21623 151
21623 152
21623 143
21623 167
21623 157
21623 159
21623 163
21623 155
21623 161
21805 66
21805 11
21805 63
21805 67
21805 4
21805 53
21805 14
21805 18
21805 38
21805 6
21805 83
21805 96
21805 10
21805 21
21805 44
21805 8
21805 30
21805 79
21805 72
21805 3
21805 28
21805 62
21805 76
21805 26
21805 52
21805 12
21805 71
21805 46
21805 56
21805 74
21805 95
21805 78
21805 98
21805 39
21805 50
21805 94
21805 86
21805 24
21805 7
21805 16
21805 2
21805 99
21805 85
21805 60
21805 22
21805 23
21805 80
21805 43
21805 1
21805 37
21805 68
21805 9
21805 19
21805 55
21805 77
21805 69
21805 49
21805 87
21805 88
21805 92
21805 61
21805 17
21805 84
21805 101
21805 75
21805 104
21805 32
21805 51
21805 97
21805 100
21805 65
21805 70
21805 42
21805 59
21805 82
21805 0
21805 27
21805 48
21805 36
21805 31
21805 33
21805 47
21805 89
21805 25
21805 13
21805 45
21805 90
21805 91
21805 5
21805 15
21805 20
21805 34
21805 58
21805 64
21805 35
21805 73
21805 81
21805 93
21915 62
21702 10
21702 11
21702 75
21702 139
21702 168
21702 61
21702 83
21702 149
21702 159
22261 9
22261 39
22261 0
22261 28
22261 8
22261 6
22261 11
22261 29
22261 30
22261 43
22261 12
22261 46
22261 34
22261 38
22261 40
22261 31
22261 2
22261 5
22261 42
22261 27
22261 44
22261 37
22261 45
22261 1
22261 18
22261 41
22261 47
22261 32
22162 33
22162 16
22162 62
22162 59
22162 51
22162 55
22162 6
22162 41
22162 26
22162 35
22162 29
22162 61
22162 3
22162 32
22162 7
22162 44
22162 5
22162 50
22162 10
22162 67
22162 23
22162 24
22162 63
22162 58
22162 64
22162 43
22162 1
22162 19
22162 15
22162 40
22162 13
22162 4
22162 39
22162 48
22162 69
22162 14
22162 57
22162 34
22162 71
22162 70
22162 37
22162 45
22162 28
22162 53
22162 22
22162 30
22162 25
22162 31
22162 60
22162 65
22162 38
22162 9
22162 2
21476 406
21476 456
21476 500
21476 528
21476 433
21476 477
21476 133
21476 151
21476 164
21476 213
21476 267
21476 337
21476 371
21476 385
21476 425
21476 462
21476 486
21476 534
21476 427
21476 447
21476 470
21476 509
21476 416
21476 438
21476 442
21476 480
21476 521
21476 547
21476 45
21476 46
21476 109
21476 176
21476 251
21476 258
21476 311
21476 346
21476 101
21476 132
21476 156
21476 184
21476 293
21476 347
21476 4
21476 105
21476 171
21476 197
21476 208
21476 234
21476 298
21476 319
21476 356
21476 376
21476 471
21476 503
21476 556
21476 560
21476 413
21476 422
21476 431
21476 512
21476 394
21476 410
21476 469
21476 506
21476 511
21476 541
21476 20
21476 31
21476 128
21476 134
21476 165
21476 226
21476 236
21476 272
21476 345
21476 116
21476 142
21476 177
21476 183
21476 352
21476 403
21476 482
21476 515
21476 415
21476 448
21476 457
21476 527
21476 23
21476 87
21476 102
21476 187
21476 216
21476 232
21476 248
21476 336
21476 549
21476 559
21476 407
21476 493
21476 494
21476 504
21476 552
21476 563
21476 82
21476 150
21476 167
21476 201
21476 240
21476 350
21476 144
21476 204
21476 245
21476 341
21476 378
21476 383
21476 392
21476 426
21476 490
21476 498
21476 536
21476 546
21476 428
21476 446
21476 451
21476 465
21476 514
21476 17
21476 25
21476 59
21476 111
21476 143
21476 209
21476 268
21476 317
21476 11
21476 72
21476 198
21476 225
21476 237
21476 277
21476 291
21476 296
21476 153
21476 238
21476 274
21476 289
21476 295
21476 361
21476 382
21476 420
21476 458
21476 487
21476 513
21476 566
21476 8
21476 47
21476 118
21476 145
21476 212
21476 302
21476 320
21476 322
21476 398
21476 495
21476 505
21476 517
21476 567
21476 399
21476 460
21476 510
21476 540
21476 543
21476 49
21476 104
21476 152
21476 321
21476 340
21476 379
21476 391
21476 397
21476 402
21476 40
21476 67
21476 119
21476 127
21476 224
21476 283
21476 360
21476 28
21476 53
21476 148
21476 195
21476 247
21476 307
21476 312
21476 318
21476 373
21476 15
21476 43
21476 70
21476 120
21476 154
21476 221
21476 235
21476 355
21476 389
21476 421
21476 423
21476 437
21476 445
21476 502
21476 532
21476 535
21476 7
21476 24
21476 93
21476 99
21476 155
21476 211
21476 393
21476 400
21476 3
21476 26
21476 89
21476 125
21476 158
21476 178
21476 210
21476 215
21476 60
21476 220
21476 271
21476 276
21476 294
21476 329
21476 38
21476 42
21476 83
21476 94
21476 136
21476 207
21476 243
21476 278
21476 37
21476 68
21476 75
21476 163
21476 166
21476 200
21476 214
21476 280
21476 306
21476 12
21476 122
21476 131
21476 199
21476 301
21476 374
21476 377
21476 66
21476 168
21476 174
21476 254
21476 292
21476 315
21476 342
21476 0
21476 16
21476 146
21476 327
21476 344
21476 372
21476 388
21476 13
21476 71
21476 179
21476 188
21476 249
21476 288
21476 305
21476 19
21476 22
21476 35
21476 74
21476 84
21476 129
21476 140
21476 256
21476 304
21476 370
21476 414
21476 430
21476 440
21476 441
21476 455
21476 459
21476 461
21476 417
21476 424
21476 474
21476 565
21476 449
21476 533
21476 555
21476 56
21476 77
21476 86
21476 117
21476 222
21476 261
21476 262
21476 316
21476 363
21476 61
21476 80
21476 88
21476 170
21476 190
21476 206
21476 330
21476 369
21476 468
21476 475
21476 537
21476 434
21476 436
21476 452
21476 522
21476 529
21476 553
21476 55
21476 112
21476 161
21476 181
21476 185
21476 228
21476 257
21476 284
21476 310
21476 29
21476 108
21476 172
21476 194
21476 325
21476 332
21476 386
21476 390
21476 408
21476 30
21476 50
21476 52
21476 113
21476 157
21476 255
21476 285
21476 331
21476 381
21476 65
21476 100
21476 180
21476 182
21476 227
21476 231
21476 287
21476 303
21476 54
21476 95
21476 191
21476 241
21476 286
21476 351
21476 409
21476 429
21476 412
21476 473
21476 478
21476 489
21476 524
21476 359
21476 411
21476 464
21476 508
21476 544
21476 491
21476 554
21476 10
21476 162
21476 193
21476 219
21476 244
21476 250
21476 308
21476 444
21476 488
21476 36
21476 41
21476 51
21476 137
21476 192
21476 333
21476 334
21476 362
21476 380
21587 2
21982 262
21982 397
21982 110
21982 167
21982 339
21982 283
21982 249
21982 372
21982 297
21982 552
21982 73
21982 298
21982 52
21982 106
21982 313
21982 85
21982 388
21982 451
21982 315
21982 327
21982 2
21982 319
21982 103
21982 204
21982 255
21982 208
21982 363
21982 115
21982 416
21982 483
21982 347
21633 13
21633 50
21633 36
21633 52
21633 41
21633 32
21633 34
21633 24
21633 8
21633 43
21633 61
21633 38
21633 40
21633 28
21633 31
21633 45
21633 2
21633 35
21633 42
21633 46
21633 51
21633 58
21633 4
21633 37
21633 30
21633 29
21633 62
21633 64
21633 5
21633 7
21633 10
21633 9
21633 18
21633 17
21633 33
21633 47
21633 57
21633 22
21633 14
21633 25
21633 39
21633 44
21633 27
21633 55
21633 53
21633 63
21633 16
21633 21
21633 0
21633 48
21633 26
21633 23
22037 113
22037 94
22037 16
22037 121
22037 11
22037 207
22037 131
22037 257
22037 254
22037 102
22037 187
22037 82
22037 225
22037 96
22037 15
22037 53
22037 65
22037 18
22037 10
22037 231
22037 205
22037 228
22037 109
22037 139
22037 245
22037 55
22037 220
22037 117
22037 69
22037 77
22037 172
22037 201
22037 250
22037 259
22037 179
22037 244
22037 210
22037 153
22037 141
22037 182
22037 19
22037 111
22037 191
22037 68
22037 4
22037 118
22037 44
22037 54
22037 79
22037 200
22037 46
22037 226
22037 202
22037 89
22037 241
22037 162
22037 114
22037 67
22037 227
22037 45
22037 49
22037 158
22037 248
22037 112
22037 5
22037 253
22037 48
22037 258
22037 71
22037 127
22037 87
22037 30
22037 204
22037 108
22037 59
22037 190
22037 29
22037 84
22037 216
22037 243
22037 194
22037 13
22037 50
22037 116
22037 97
22037 217
22037 132
22037 176
22037 208
22037 90
22037 246
22037 235
22037 95
22037 119
22037 100
22037 105
22037 32
22037 27
22037 164
22037 232
22037 239
22037 130
22037 135
22037 192
22037 157
22037 81
22037 115
22037 163
22037 107
22037 260
22037 51
22037 47
22037 28
22037 73
22037 128
22037 52
22037 60
22037 184
22037 136
22037 236
22037 137
22037 171
22037 237
22037 101
22037 223
22037 198
22037 122
22037 98
22037 174
22037 37
22037 159
22037 104
22037 2
22037 148
22037 173
22037 213
22037 249
22037 86
22037 88
22037 150
22037 197
22037 99
22037 185
22037 251
22037 156
22037 214
22037 43
22037 6
22037 177
22037 26
22037 93
22037 1
22037 183
22037 72
22037 240
22037 66
22037 126
22037 255
22037 233
22037 166
22037 224
22037 219
22037 215
22037 160
22037 92
22037 12
22037 175
22037 140
22037 242
22037 8
22037 193
22037 222
22037 34
22037 149
22037 170
22037 143
22037 212
22037 3
22037 196
22037 238
22037 180
22037 203
22037 206
22243 97
22243 192
22243 268
22243 100
22243 238
22243 197
22243 73
22243 71
22243 69
22243 132
22243 147
22243 325
22243 66
22243 123
22243 110
22243 190
22243 354
22243 242
22243 317
22243 231
22243 157
22243 31
22243 43
22243 337
22243 265
22243 140
22243 358
22243 330
22243 163
22243 234
22243 52
22243 216
22243 24
22243 128
22243 57
22243 237
22243 226
22243 12
22243 276
22243 347
22243 159
22243 247
22243 327
22243 355
22243 111
22243 35
22243 93
22243 313
22243 305
22243 162
22243 338
22243 15
22243 285
22243 127
22243 318
22243 21
22243 284
22243 136
22243 70
22243 340
22243 336
22243 239
22243 68
22243 220
22243 167
22243 302
22243 249
22243 124
22243 321
22243 58
22243 14
22243 287
22243 9
22243 199
22243 236
22243 75
22243 316
22243 294
22243 357
22243 223
22243 119
22243 292
22243 352
22243 51
22243 102
22243 7
22243 92
22243 104
22243 112
22243 129
22243 169
22243 122
22243 90
22243 255
22243 168
22243 200
22243 241
22243 202
22243 175
22243 152
22243 99
22243 84
22243 351
22243 60
22243 88
22243 184
22243 61
22243 56
22243 196
22243 160
22243 91
22243 171
22243 114
22243 198
22243 16
22243 322
22243 253
22243 13
22243 62
22243 22
22243 218
22243 335
22243 170
22243 82
22243 106
22243 67
22243 165
22243 46
22243 194
22243 183
22243 146
22243 45
22243 94
22243 101
22243 26
22243 306
22243 74
22243 299
22243 77
22243 243
22243 151
22243 59
22243 289
22243 148
22243 291
22243 143
22243 232
22243 141
22243 72
22243 303
22243 95
22243 36
22243 346
22243 118
22243 187
22243 135
22243 281
22243 186
22243 166
22243 145
22243 215
22243 280
22243 41
22243 224
22243 181
22243 264
22243 235
22243 320
22243 180
22243 55
22243 312
22243 178
22243 307
22243 290
22243 328
22243 240
22243 63
22243 153
22243 229
22243 350
22243 116
22243 105
22243 33
22243 296
22243 189
22243 274
22243 29
22243 222
22243 39
22243 195
22243 164
22243 54
22243 53
22243 138
22243 0
22243 176
22243 185
22243 314
22243 19
22243 203
22243 273
22243 134
22243 343
22243 25
22243 282
22243 83
22243 359
22243 17
22243 131
22243 344
22243 348
22243 219
22243 258
22243 156
22243 85
22243 323
22243 177
22243 172
22243 260
22243 201
22243 254
22243 244
22243 27
22243 309
22243 345
22243 126
22243 96
22243 32
22243 103
22243 324
22243 230
22243 333
22243 279
22243 10
22243 115
22243 334
22243 269
22243 113
22243 228
22243 2
22243 120
22243 353
22243 155
22243 65
22243 4
22243 149
22243 48
22243 297
22243 78
22243 311
22243 272
22243 332
22243 217
22243 38
22243 139
22243 34
22243 161
22243 188
21845 50
21845 501
21845 90
21845 91
21845 477
21845 117
21845 485
21845 2
21845 72
22197 5
21888 72
21888 47
21888 66
21888 31
21888 40
21888 18
21888 57
21888 67
21888 74
21888 61
21888 81
21888 25
21888 27
21888 56
21888 62
21888 55
21888 69
21888 5
21888 80
21888 63
21888 12
21888 8
21888 3
21888 51
21888 14
21888 54
21888 34
21888 13
21888 19
21888 26
21888 39
21888 84
21888 78
21888 44
21888 35
21888 10
21888 49
21888 77
21888 75
21888 52
21888 15
21888 0
21888 60
21888 32
21888 86
21888 58
21888 9
21888 71
21888 28
21888 7
21888 17
21888 64
21888 79
21888 68
21888 1
21888 33
21888 16
21888 36
21888 45
21888 76
21888 65
21888 70
22049 463
22049 193
22049 285
22049 497
22049 534
22049 404
22049 353
22049 58
22049 535
22049 341
22049 426
22049 537
22049 540
22049 515
22049 202
22049 434
22049 109
22049 227
22049 136
22049 230
22049 464
22049 163
22049 428
22049 301
22049 177
22049 483
22049 128
22049 49
22049 59
22049 422
22049 8
22049 142
22049 520
22049 368
22049 329
22049 435
22049 334
22049 27
22049 446
22049 60
22049 82
22049 481
22049 527
22049 317
22049 11
22049 363
22049 307
22049 284
22049 218
22049 39
22049 529
22049 123
22049 76
22049 492
22049 416
22049 355
22049 366
22049 438
22049 275
22049 388
22049 53
22049 263
22049 327
22049 269
22049 48
22049 421
22049 320
22049 4
22049 260
22049 78
22049 336
22049 170
22049 42
22049 503
22049 538
22049 461
22049 3
22049 413
22049 400
22049 417
22049 459
22049 343
22049 498
22049 234
22049 546
22049 390
22049 122
22049 472
22049 262
22049 22
22049 332
22049 386
22049 191
22049 172
22049 418
22049 214
22049 466
22049 379
22049 342
22049 179
22049 409
22049 221
22049 91
22049 32
22049 74
22049 120
22049 57
22049 484
22049 116
22049 67
22049 52
22049 391
22049 387
22049 512
22049 474
22049 279
22049 443
22049 238
22049 239
22049 490
22049 92
22049 256
22049 478
22049 143
22049 370
22049 97
22049 442
22049 476
22049 340
22049 90
22049 237
22049 43
22049 6
22049 362
22049 113
22049 68
22049 289
22049 385
22049 200
22049 420
22049 277
22049 359
22049 15
22049 309
22049 152
22049 384
22049 148
22049 433
22049 232
22049 339
22049 352
22049 470
22049 308
22049 462
22049 505
22049 133
22049 228
22049 145
22049 86
22049 437
22049 351
22049 539
22049 65
22049 465
22049 188
22049 475
22049 139
22049 313
22049 305
22049 314
22049 401
22049 441
22049 79
22049 243
22049 119
22049 84
22049 166
22049 246
22049 112
22049 141
22049 344
22049 346
22049 217
22049 12
22049 117
22049 252
22049 250
22049 447
22049 348
22049 131
22049 440
22049 183
22049 223
22049 77
22049 25
22049 264
22049 215
22049 507
22049 197
22049 280
22049 364
22049 24
22049 491
22049 18
22049 199
22049 140
22049 330
22049 184
22049 126
22049 407
22049 496
22049 506
22049 487
22049 378
22049 111
22049 545
22049 300
22049 17
22049 118
22049 175
22049 296
22049 458
22049 30
22049 41
22049 482
22049 347
22049 316
22049 519
22049 425
22049 0
22049 127
22049 110
22049 477
22049 88
22049 9
22049 365
22049 266
22049 403
22049 273
22049 13
22049 240
22049 36
22049 69
22049 213
22049 380
22049 204
22049 54
22049 208
22049 521
22049 453
22049 331
22049 235
22049 473
22049 299
22049 493
22049 187
22049 114
22049 14
22049 124
22049 99
22049 161
22049 185
22049 450
22049 224
22049 248
22049 288
22049 411
22049 149
22049 525
22049 456
22049 516
22049 501
22049 415
22049 375
22049 34
22049 31
22049 73
22049 356
22049 290
22049 523
22049 372
22049 181
22049 169
22049 72
22049 129
22049 471
22049 146
22049 406
22049 165
22049 536
22049 107
22049 254
22049 50
22049 71
22049 500
22049 255
22049 205
22049 383
22049 526
22049 75
22049 267
22049 103
22049 315
22049 125
22049 241
22049 398
22049 408
22049 326
22049 276
22049 389
22049 211
22049 182
22049 156
22049 1
22049 23
22049 469
22049 333
22049 28
22049 134
22049 399
22049 282
22049 311
22049 102
22049 432
22049 226
22049 176
22049 319
22049 220
22049 21
22049 514
22049 70
22049 83
22049 162
22049 100
22049 405
22049 451
22049 349
22049 499
22049 511
22049 345
22049 286
22049 94
22049 502
22049 393
22049 171
22049 259
22049 96
22049 270
22049 151
22049 180
22049 268
22049 543
22049 236
22049 147
22049 61
22049 249
22049 325
22049 33
22049 518
22049 360
22049 397
22049 168
22049 544
22049 157
22049 323
22049 455
22049 155
22049 468
22049 335
22049 186
22049 294
22049 533
22049 291
22049 93
22049 394
22049 423
22049 101
22049 56
22049 225
22049 194
22049 444
22049 531
22049 322
22049 302
22049 106
22049 7
22049 144
22049 160
22049 357
22091 6
21920 50
21920 33
21920 44
21920 10
21920 25
21920 46
21920 48
21920 66
21920 27
21920 20
21920 12
21920 60
21920 9
21920 14
21920 29
21920 58
21920 56
21920 35
21920 15
21920 2
21920 70
21920 42
21920 55
21920 11
21920 17
21920 7
21920 26
21920 47
21920 21
21920 24
21920 61
21920 30
21920 59
21920 36
21920 45
21920 51
21920 68
21920 65
21920 64
21920 28
21920 8
21920 4
21920 53
21920 34
21920 54
21920 69
21920 39
21920 3
21920 32
21920 52
21920 5
22100 134
22100 270
22100 101
22100 23
22100 238
22100 50
22100 25
22100 11
22100 182
22100 28
22100 248
22100 183
22100 216
22100 61
22100 133
22100 110
22100 274
22100 249
22100 229
22100 67
22100 132
22100 100
22100 181
22100 2
22100 116
22100 86
22100 210
22100 118
22100 235
22100 79
22100 10
22100 221
22100 8
22100 76
22100 214
22100 271
22100 152
22100 173
22100 193
22100 268
22100 204
22100 58
22100 259
22100 251
22100 142
22100 208
22100 127
22100 207
22100 41
22100 17
22100 16
22100 129
22100 186
22100 252
22100 72
22100 91
22100 95
22100 201
22100 85
22100 187
22100 0
22100 236
22100 9
22100 239
22100 220
22100 90
22100 272
22100 232
22100 242
22100 234
22100 27
22100 126
22100 158
22100 256
22100 205
22100 159
22100 80
22100 131
22100 125
22100 227
22100 253
22100 264
22100 7
22100 278
22100 230
22100 45
22100 128
22100 154
22100 77
22100 263
22100 160
22100 254
22100 74
22100 190
22100 53
22100 109
22100 89
22100 108
22100 111
22100 146
22100 192
22100 167
22100 78
22100 19
22100 213
22100 233
22100 14
22100 54
22100 149
22100 65
22100 202
22100 241
22100 93
22100 179
22100 43
22100 147
22100 269
22100 275
22100 258
22100 148
22100 176
22100 197
22100 153
22100 34
22100 225
22100 29
22100 150
22100 138
22100 231
22100 112
22100 261
22100 250
22100 222
22100 141
22100 1
22100 102
22100 63
22100 103
22100 157
22100 277
22100 267
22100 228
22100 195
22100 175
22100 59
22100 151
22100 226
22100 165
22100 172
22100 32
22100 166
22100 130
22100 104
22100 168
22100 266
22100 247
22100 185
22100 88
22100 237
22100 99
22100 163
22100 44
22100 191
22100 200
22100 260
22100 145
22100 39
22100 98
22100 211
22100 75
22100 114
22100 87
22100 106
22100 203
22100 13
22100 119
22100 223
22100 55
22100 120
22100 22
22100 123
22100 144
22100 206
22100 212
22100 121
22100 244
22100 188
22100 69
22100 24
22100 70
22100 180
22100 42
22100 6
22100 273
22100 18
21965 228
21965 157
21965 358
21965 126
21965 53
21965 27
21965 217
21965 400
21965 285
21965 8
21965 312
21965 41
21965 435
21965 357
21965 37
21965 179
21965 396
21965 209
21965 90
21965 415
21751 0
21751 30
21751 5
21751 19
21751 44
21751 36
21751 4
21751 16
21751 26
21751 41
21751 45
21751 52
21751 8
21751 42
21751 18
21751 11
21751 33
21751 49
21751 17
21751 1
21751 12
21751 15
21751 23
21751 3
21751 22
21751 28
21751 31
21751 7
21751 24
21751 35
21751 48
21751 37
21751 39
21751 43
21751 29
21751 32
21751 46
21751 9
21751 21
21751 25
21751 50
21751 2
21751 40
21751 34
21751 20
21751 6
21751 27
21751 47
21751 10
21751 51
21651 102
21651 83
21651 86
21651 70
21651 100
21651 74
21651 4
21651 57
21651 79
21651 9
21651 10
21651 28
21651 34
21651 36
21651 65
21651 12
21651 98
21651 101
21651 14
21651 63
21651 39
21651 58
21651 51
21651 84
21651 52
21651 69
21651 45
21651 68
21651 20
21651 72
21651 90
21651 0
21651 3
21651 8
21651 89
21651 29
21651 17
21651 22
21651 42
21651 103
21651 18
21651 41
21651 56
21651 67
21651 78
21651 48
21651 27
21651 95
21651 16
21651 31
21651 91
21651 24
21651 66
21651 87
21651 99
21651 5
21651 77
21651 62
21651 73
21651 32
21651 75
21651 21
21651 25
21651 54
21651 15
21651 76
21651 88
21651 26
21651 30
21651 82
21651 85
21651 97
21651 61
21672 148
21672 146
21672 137
21672 149
21672 141
21672 150
21672 134
21672 144
21672 139
21672 138
21672 143
21672 145
21672 140
21672 147
21942 11
21942 4
22185 13
22185 110
22185 36
22185 4
22185 8
22185 43
22185 0
22185 120
22185 65
22185 113
22185 145
22185 33
22185 35
22185 57
22185 81
22185 38
22185 105
22185 89
22185 121
22185 20
22185 28
22185 88
22185 52
22185 37
22185 87
22185 50
22185 66
22185 107
22185 147
22185 24
22185 9
22185 45
22185 138
22185 19
22185 17
22185 103
22185 55
22185 128
22185 64
22185 29
22185 134
22185 62
22185 70
22185 22
22185 90
22185 100
22185 112
22185 130
22185 63
22185 92
22185 106
22185 5
22185 41
22185 109
22185 59
22185 99
22185 144
22185 56
22185 67
22185 3
22185 68
22185 118
22185 94
22185 2
22185 102
22185 78
22185 131
22185 21
22185 23
22185 114
22185 93
22185 31
22185 126
22185 86
22185 58
22185 101
22185 14
22185 30
22185 73
22185 25
22185 71
22185 6
22185 74
22185 135
22185 75
22185 115
22185 61
22185 34
22185 77
22185 15
22185 139
22185 119
22185 16
22185 136
22185 69
22185 96
22185 82
22185 140
22185 12
22185 83
21484 6
21484 12
21484 10
21484 26
21484 19
21484 8
21484 17
21484 16
21484 24
21484 2
21484 21
21484 18
21484 4
21484 25
21484 13
21484 23
21484 0
21484 1
21484 7
21484 9
21484 22
21484 3
21484 5
21484 20
21915 47
21915 7
21915 53
21915 25
21915 36
21915 55
21915 12
21915 57
21915 6
21915 27
21915 33
21915 5
21915 46
21915 26
21915 17
21915 13
21915 15
21915 3
21915 56
21915 50
21915 10
21915 16
21915 4
21915 8
21915 11
21915 14
21915 39
21915 24
21915 60
21915 20
21915 54
21915 38
21915 34
21915 40
21915 63
21915 43
21915 19
21915 59
21915 21
21915 41
21915 48
21915 31
21915 29
21915 23
21915 0
21915 2
21915 30
21915 42
21915 49
21915 35
21915 32
21915 45
21915 52
21915 9
21915 44
21915 1
21915 18
21915 61
21915 28
21915 22
21968 241
21968 279
21968 301
21968 359
21661 161
21661 35
21661 61
21661 148
21661 63
21661 96
21661 98
21661 101
21661 107
21661 3
21661 39
21661 42
21661 91
21661 139
21661 90
21661 118
21661 71
21661 87
21661 10
21661 26
21661 45
21661 57
21661 111
21661 126
21661 127
21661 108
21661 158
21661 25
21661 62
21661 129
21661 140
21661 19
21661 122
21661 147
21661 152
21661 155
21661 1
21661 28
21661 54
21661 29
21661 136
21661 33
21661 58
21661 66
21661 85
21661 143
21661 130
21661 146
21661 64
21661 105
21661 135
21661 56
21661 78
21661 97
21661 119
21661 131
21661 106
21661 4
21661 82
21661 115
21661 160
21661 88
21661 128
21661 48
21661 103
21661 162
21661 11
21661 141
21661 38
21661 9
21661 49
21661 89
21661 92
21661 117
21661 53
21661 93
21661 112
21661 46
21661 134
21661 149
21661 159
21661 30
21661 76
21661 104
21661 145
21661 12
21661 32
21661 14
21661 68
21661 8
21661 17
21661 50
21661 72
21661 94
21661 124
21661 95
21661 102
21661 21
21661 22
21661 23
21661 31
21661 52
21661 73
21661 84
21661 151
21661 120
21661 99
21661 133
21661 16
21661 77
21661 150
21661 0
21661 2
21661 34
21661 137
21661 13
21661 79
21661 153
21661 114
21661 113
21661 156
21661 18
21661 44
21661 109
21661 5
21661 43
21661 65
21661 81
21661 100
21661 154
21661 125
22087 42
22087 79
22087 55
22087 74
22087 47
22087 40
22087 31
21986 57
21986 91
21986 98
21986 78
21986 41
21986 37
21986 84
21986 10
21986 56
21986 104
21986 39
21986 79
21986 131
21986 88
21986 99
21986 29
21986 16
21986 125
21986 118
21986 74
21986 77
21986 11
21986 94
21986 112
21986 26
21986 82
21986 68
21986 93
21986 25
21986 127
21986 116
21986 59
21986 17
21986 14
21986 62
21986 96
21986 50
21986 60
21986 117
21986 70
21986 49
21986 23
21986 95
21986 54
21986 110
21986 63
21986 67
21986 18
21986 31
21986 3
21986 101
21986 87
21986 114
21986 20
21986 13
21986 72
21986 69
21986 47
21986 97
21986 64
21986 43
21986 58
21986 55
21986 6
21986 71
21986 103
21986 73
21986 38
21986 113
21986 75
21986 119
21986 46
21986 51
21986 5
21986 33
21986 120
21986 52
21986 106
21986 44
21986 12
21986 19
21986 111
21986 53
21986 85
21986 0
21986 81
21986 132
21986 45
21986 7
21986 130
21986 90
21986 36
21986 42
21986 22
21986 66
21986 109
21986 80
21986 9
21986 35
21986 8
21743 77
21743 62
21443 84
21443 105
21443 107
21443 116
21443 31
21443 62
21443 63
21443 74
21443 28
21443 29
21443 79
21443 91
21443 97
21443 0
21443 24
21443 76
21443 82
21443 88
21443 78
21443 86
21443 103
21443 83
21443 87
21443 109
21443 20
21443 60
21443 69
21443 70
21443 96
21443 17
21443 42
21443 58
21443 9
21443 19
21443 48
21443 61
21443 93
21443 6
21443 4
21443 55
21443 10
21443 23
21443 100
21443 118
21443 75
21443 102
21443 110
21443 38
21443 7
21443 34
21443 37
21443 43
21443 8
21443 45
21443 112
21443 65
21443 67
21443 68
21443 72
21443 80
21443 104
21443 40
21443 51
21443 85
21443 14
21443 27
21443 47
21443 26
21443 5
21443 15
21443 81
21443 25
21443 59
21443 89
21443 53
21443 13
21443 16
21443 1
21443 12
21443 92
21443 113
21443 101
21443 111
21443 39
21443 21
21443 64
21443 66
21443 71
21443 73
21443 77
21443 30
21443 46
21443 50
22085 16
22085 1
22085 4
22085 0
22085 15
22085 12
22085 9
22085 7
22085 11
22085 6
22085 3
22085 10
22085 2
22085 13
21750 17
21750 19
21711 15
21711 84
21711 85
21711 41
21711 42
21711 44
21711 63
21711 20
21711 40
21711 96
21711 25
21711 64
21711 118
21711 16
21711 77
21711 11
21711 110
21711 33
21711 83
21711 9
21711 19
21711 92
21711 113
21711 115
21711 78
21711 88
21711 119
21711 79
21474 84
21474 52
21474 63
21474 69
21474 89
21474 50
21474 80
21474 55
21474 6
21474 91
21474 5
21474 9
21474 25
21474 24
21474 44
21474 46
21474 19
21474 30
21474 36
21474 68
21474 12
21474 31
21474 40
21474 49
21474 61
21474 76
21474 3
21474 2
21474 4
21474 32
21474 56
21474 86
21474 77
21474 74
21474 92
21474 39
21474 95
21474 72
21474 83
21474 21
21474 34
21474 42
21474 85
21474 14
21474 15
21474 29
21474 37
21474 90
21474 47
21474 16
21474 22
21474 79
21474 78
21474 17
21474 58
21474 64
21474 67
21474 20
21474 26
21474 38
21474 51
21474 53
21474 41
21474 43
21474 0
21474 27
21474 33
21474 45
21474 65
21474 1
21474 8
21474 88
21474 87
21474 70
21474 66
21474 11
21474 57
21474 60
21474 71
21474 81
21474 23
21474 35
21892 54
21892 71
21892 78
21746 48
21746 18
21746 37
21746 2
21746 10
21746 41
21746 35
21746 9
21746 49
21746 50
21746 38
21746 44
21746 4
21746 20
21746 23
21746 43
21746 54
21746 25
21746 27
21746 32
21746 47
21746 22
21746 60
21746 7
21746 19
21746 33
21746 1
21746 30
21746 24
21746 26
21746 34
21746 5
21746 56
21746 16
21746 28
21746 39
21746 40
21746 0
21746 15
21746 21
21746 51
21746 3
21746 8
21746 6
21746 31
21746 11
22143 94
22143 25
22143 66
22143 54
22143 87
22143 35
22143 28
22143 91
22143 44
22143 88
22143 46
22143 22
22143 97
22143 93
22143 95
22143 38
22143 71
22143 29
22143 11
22143 53
22143 40
22143 67
22143 73
22143 12
22143 81
22143 41
22143 79
22143 33
22143 96
22143 74
22143 83
22143 14
22143 16
22143 70
22143 21
22143 77
22143 9
22143 39
22143 69
22143 17
22143 72
22143 49
22143 90
22143 43
22143 89
22143 15
22143 24
22143 19
22143 76
22143 62
22143 82
22143 52
22143 92
22143 50
22143 37
22143 34
22143 32
22143 47
22143 84
22143 65
22143 8
22143 26
22143 68
22143 80
22143 42
22143 13
22143 85
22143 55
21737 24
21737 30
21737 14
21737 10
21737 5
21737 27
21737 32
21737 13
21737 7
21737 11
21737 25
21737 6
21737 12
21737 9
21737 29
21737 0
21737 1
21737 3
21737 2
21737 19
21737 15
21737 4
21737 23
21737 21
21732 18
21732 34
21732 38
21732 13
21732 14
21732 7
21732 35
21732 1
21732 31
21732 17
21732 24
21732 12
21732 15
21732 30
21732 36
21732 3
21732 19
21732 26
21732 25
21732 29
21732 10
21732 28
21732 37
21732 22
21732 6
21732 11
21732 21
21732 4
21732 16
21732 32
21732 8
21732 20
21732 27
21467 57
21467 80
21467 90
21467 92
21467 139
21467 145
21467 180
21467 210
21467 235
21467 243
21467 9
21467 270
21467 264
21467 272
21467 274
21467 268
21729 83
21729 90
21729 141
21729 146
21871 34
21871 33
21871 29
21871 27
21871 4
21871 3
21871 18
21871 32
21871 13
21871 12
21871 38
21871 20
21871 9
21871 8
21871 40
21871 35
21871 1
21871 25
21871 6
21871 7
21871 30
21871 36
21871 15
21871 16
21871 41
21871 11
21871 31
21871 14
21871 22
21871 19
21871 24
21871 42
22131 52
22131 76
22131 17
22131 15
22131 34
22131 74
22131 58
22131 63
22131 72
22131 26
22131 10
22131 24
22131 31
22131 48
22131 43
22131 19
22131 42
22131 3
22131 5
22131 14
22131 62
22131 57
22131 7
22131 70
22131 29
22131 78
22131 18
22131 64
22131 13
22131 6
22131 21
22131 71
22131 32
22131 73
22131 47
22131 28
22131 16
22131 11
22131 40
22131 67
22131 27
22131 9
22131 33
22131 0
22131 61
22131 55
22131 41
22131 69
22131 39
21861 70
21861 79
21861 81
21861 126
21861 9
21861 16
21861 20
21861 25
21861 138
21861 146
21861 147
21861 154
21861 163
21861 168
21861 104
21861 125
21861 136
21861 182
21861 148
21861 176
21861 161
21861 258
21861 268
21861 150
21861 157
21861 158
21861 159
21861 175
21861 207
21861 243
21861 218
21861 249
21861 265
21861 239
21861 262
21861 67
21861 89
21861 103
21861 106
21861 134
21861 203
21861 229
21861 204
21861 252
21861 75
21861 120
21861 140
21861 144
21861 149
21861 82
21861 135
21861 131
21861 101
21861 174
21861 173
21861 235
21861 68
21861 77
21861 87
21861 179
21861 192
21861 208
21861 228
21861 233
21861 50
21861 142
21861 191
21861 219
21861 245
21861 178
21861 223
21861 263
21861 234
21861 37
21861 71
21861 72
21861 74
21861 85
21861 98
21861 128
21861 73
21861 35
21861 115
21861 253
21861 0
21861 15
21861 27
21861 38
21861 28
21861 2
21861 3
21861 21
21861 30
21861 39
21861 139
21861 187
21861 117
21861 121
21861 130
21861 132
21861 96
21861 4
21861 7
21861 17
21861 186
21861 95
21861 107
21861 199
21861 205
21861 5
21861 65
21861 255
21861 6
21861 112
21861 184
21861 45
21861 60
21861 267
21861 78
21861 51
21861 55
21861 216
21861 83
21861 129
21861 256
21861 29
21861 42
21861 69
21861 80
21861 91
21861 119
21861 133
21861 237
21861 111
21861 44
21861 177
21861 93
21861 90
21861 244
21861 196
21861 231
21861 236
21861 251
21861 193
21861 124
21861 200
21861 66
21861 160
21861 220
21861 232
21861 250
21861 47
21861 183
21861 226
21861 185
21861 198
21861 213
21861 222
21861 49
21861 162
21861 52
21861 123
21861 63
21861 54
21861 86
21861 33
21861 59
21861 141
21861 76
21861 84
21861 166
21861 11
21861 118
21861 201
21861 108
21861 227
21861 99
21861 190
21861 221
21861 270
21861 13
21861 202
21861 12
21861 22
21861 24
21861 34
21861 57
21861 114
21861 180
21861 41
21861 58
21861 8
21861 238
21861 247
21861 100
21861 194
21861 197
21861 225
21861 264
21861 14
21861 102
21861 94
21861 43
21861 152
21861 164
21861 46
21861 109
21861 62
21861 116
21861 211
21861 240
22072 29
22072 1
22072 9
22072 38
21911 254
21911 156
21911 32
21911 57
21911 75
21911 107
21911 270
21911 10
21911 202
21911 35
21911 150
21911 91
21911 281
21911 182
21911 188
21911 181
21911 52
21911 56
21911 275
21911 180
21911 99
21911 135
21911 226
21911 71
21911 264
21911 8
21911 128
21911 173
21911 103
21911 53
21911 158
21911 37
21911 69
21911 104
21911 165
21911 24
21911 295
21911 82
21911 296
21911 100
21911 119
21911 262
21911 49
21911 178
21911 291
21911 229
21911 59
21911 27
21911 210
21911 0
21911 102
21911 261
21911 286
21911 213
21911 195
21911 39
21911 215
21911 194
21911 297
21911 16
21911 26
21911 70
21911 159
21911 41
21911 224
21911 51
21911 152
21911 227
21911 269
21911 162
21911 207
21911 19
21911 287
21911 74
21911 166
21911 206
21911 147
21911 183
21911 142
21911 130
21911 28
21911 116
21911 136
21911 115
21911 298
21911 94
21911 242
21911 219
21911 137
21911 40
21911 267
21911 133
21911 185
21911 88
21911 187
21911 141
21911 31
21911 253
21911 249
21911 134
21911 167
21911 120
21911 179
21911 177
21911 299
21911 64
21911 148
21911 222
21911 199
21911 256
21911 43
21911 72
21911 93
21911 157
21911 189
21911 271
21911 15
21911 176
21911 61
21911 230
21911 9
21911 238
21911 29
21911 217
21911 163
21911 34
21911 164
21911 288
21911 268
21911 2
21911 123
21911 67
21911 73
21911 45
21911 126
21911 155
21911 231
21911 14
21911 277
21911 266
21911 4
21911 205
21911 175
21911 203
21911 21
21911 193
21911 66
21911 98
21911 121
21911 172
21911 250
21911 117
21911 12
21911 196
21911 85
21911 89
21911 105
21911 110
21911 144
21911 191
21911 140
21911 169
21911 17
21911 234
21911 272
21911 138
21911 7
21911 23
21911 50
21911 190
21911 200
21911 274
21911 44
21911 68
21911 96
21911 146
21911 18
21911 125
21911 255
21911 77
21911 201
21911 273
21911 236
21911 208
21911 204
21911 11
21911 248
21911 252
21911 171
21911 233
21911 139
21911 220
21911 246
21911 108
21911 285
21911 109
21911 112
21911 276
21911 186
21911 209
21911 62
21911 84
21911 290
21911 33
21911 170
21911 46
21911 1
21911 58
21911 257
21911 247
21911 232
21911 6
21911 48
21911 214
21911 240
21911 263
21911 38
21911 95
21911 160
21911 5
22047 2
21636 8
21972 244
21972 36
21972 18
21972 178
21972 182
21972 106
21972 134
21972 71
21972 136
21972 248
21928 85
21928 62
21928 90
21928 18
21928 3
21928 68
21928 73
21928 43
21928 38
21928 79
21928 4
21928 67
21928 61
21928 20
21928 74
21928 87
21928 15
21928 21
21928 11
21928 51
21928 45
21928 86
21928 57
21928 92
21928 70
21928 82
21928 89
21928 34
21928 77
21928 27
21928 24
21928 69
21928 13
21928 30
21928 46
21928 64
21928 93
21928 42
21928 32
21928 6
21928 80
21928 35
21928 66
21928 19
21928 1
21928 10
21928 49
21928 65
21928 91
21928 41
21928 17
21928 28
21928 7
21928 23
21928 5
21928 37
21928 84
21928 31
21928 22
21928 76
21928 25
21928 2
21928 71
21928 16
21928 58
21928 8
21928 63
21928 44
21928 78
21928 72
21928 48
21469 34
21469 3
21469 16
21913 65
21913 129
21913 58
21913 147
21913 78
21913 33
21913 122
21913 130
21913 87
21913 35
21913 98
21913 163
21913 77
21913 112
21913 99
21913 152
21913 102
21913 5
21913 4
21913 6
21913 37
21913 92
21913 20
21913 15
21913 13
21913 19
21913 3
21913 135
21913 156
21913 169
21913 11
21913 21
21913 134
21913 91
21913 113
21913 95
21913 159
21913 45
21913 121
21913 96
21913 22
21913 132
21913 93
21913 55
21913 138
21913 85
21913 120
21913 160
21913 117
21913 126
21913 31
21913 42
21913 34
21913 9
21913 123
21913 64
21913 28
21913 116
21913 60
21913 114
21913 128
21913 7
21913 73
21913 86
21913 131
21913 76
21913 137
21913 54
21913 47
21913 74
21913 158
21913 49
21913 46
21913 38
21913 161
21913 30
21913 61
21913 153
21913 90
21913 151
21913 136
21913 44
21913 165
21913 125
21913 56
21913 115
21913 106
21913 71
21913 167
21913 145
21913 18
21913 107
21913 162
21913 67
21913 72
21913 109
21913 81
21913 51
21913 82
21913 79
21913 43
21913 133
21913 100
21913 52
21913 111
21913 8
21913 25
21913 50
21913 53
21913 10
21913 27
21913 63
21913 41
21913 36
21913 149
21913 97
21913 141
21913 70
21913 150
21913 29
21913 66
21913 139
21913 48
22125 80
22125 203
22125 16
22125 118
22125 122
22125 153
22125 117
22125 194
22125 102
22125 133
22125 61
22125 201
22125 200
22125 195
22125 100
22125 169
22125 128
22125 3
22125 40
22125 15
22125 0
22125 185
22125 154
22125 26
22125 163
22125 184
22125 111
22125 59
22125 136
22125 145
22125 189
22125 149
22125 187
22125 155
22125 150
22125 17
22125 20
22125 73
22125 171
22125 12
22125 188
22125 124
22125 44
22125 186
22125 199
22125 158
22125 86
22125 37
22125 142
22125 30
22125 57
22125 134
22125 181
22125 82
22125 33
22125 205
22125 50
22125 179
22125 10
22125 31
22125 5
22125 182
22125 130
22125 77
22125 123
22125 94
22125 170
22125 93
22125 85
22125 70
22125 41
22125 62
22125 166
22125 146
22125 119
22125 160
22125 54
22125 52
22125 63
22125 191
22125 113
22125 131
22125 29
22125 4
22125 104
22125 125
22125 106
22125 197
22125 126
22125 27
22125 13
22125 43
22125 32
22125 47
22125 190
22125 87
22125 88
22125 18
22125 132
22125 9
22125 56
22125 141
22125 103
22125 36
22125 116
22125 108
22125 79
22125 2
22125 71
22125 168
22125 183
22125 84
22125 152
22125 139
22125 65
22125 58
22125 1
22125 165
22125 178
22125 25
22125 14
22125 176
22125 23
22125 19
22125 97
22125 11
22125 90
22125 157
22125 114
22125 69
22125 95
22125 164
22125 110
22125 22
22125 127
22125 204
22125 175
22125 48
22125 140
22125 39
22125 177
22125 198
22125 64
21513 7
21513 12
21513 16
21513 0
21513 18
21513 23
21513 2
21513 8
21513 4
21513 11
21513 17
21513 14
21513 1
21513 9
21513 20
21513 10
21513 6
21513 5
21513 19
21513 21
21513 22
21513 15
21513 3
21655 98
21655 120
21655 218
21655 32
21655 83
21655 178
21655 208
21655 221
21655 247
21655 182
21655 200
21655 312
21655 318
21655 322
21655 53
21655 59
21655 170
21655 214
21655 222
21655 295
21587 14
21587 3
21587 6
21587 13
21587 11
21587 0
21587 9
21587 7
21587 1
21587 16
21587 10
21587 8
21587 12
21587 5
21587 4
21587 15
21894 46
22084 213
22084 97
22084 194
22084 3
22084 145
22084 241
22084 347
22084 162
22084 196
22084 10
22084 191
21526 116
21526 120
21526 201
21526 127
21526 207
21526 118
21526 187
21526 193
22072 31
21711 54
21711 102
21711 111
21711 26
21711 114
21711 87
21711 124
21711 35
21711 61
21711 72
21711 82
22058 403
22058 499
22058 407
22058 411
22058 553
22058 414
22058 395
22058 416
22058 554
22058 577
22058 415
22058 568
22058 461
22058 466
22058 443
22058 357
22058 480
22058 542
22058 385
22058 496
22058 380
22058 489
22058 437
22058 408
22058 505
22058 368
22058 530
22058 492
22058 377
22058 546
22058 404
22058 420
22058 538
22058 445
22058 571
22058 398
22058 409
22058 374
22058 517
22058 556
22058 438
22058 412
22058 355
22058 431
22058 483
22058 379
22058 558
21904 246
21904 55
21904 139
21904 21
21904 57
21904 18
21904 69
21904 156
21904 240
21904 68
21904 134
21904 112
21904 165
21904 193
21904 45
21904 3
21904 212
21904 187
21904 107
21904 170
21904 115
21904 221
21904 174
21904 71
21904 54
21904 201
21904 209
21904 89
21904 63
21904 217
21904 22
21904 30
21904 108
21904 190
21904 16
21904 213
21904 73
21904 225
21904 163
21904 6
21904 236
21904 118
21904 5
21904 97
21904 157
21904 88
21904 162
21904 186
21904 34
21904 242
21904 0
21904 64
21904 218
21904 237
21904 239
21904 198
21904 44
21904 76
21904 243
21904 41
21904 48
21904 11
21904 28
21904 38
21904 251
21904 228
21904 81
21904 129
21904 120
21735 381
21735 334
21735 357
21735 88
21735 90
21735 347
21735 15
21735 20
21735 22
21735 26
21735 28
21735 31
21735 75
21735 21
21735 30
21735 35
21735 40
21735 43
21735 50
21735 83
21735 95
21735 86
21735 126
21735 385
21735 85
21735 1
21735 5
21735 7
21735 9
21735 34
21735 44
21735 51
21735 66
21735 79
21735 105
21735 128
21735 324
21735 345
21735 372
21735 352
21735 367
21735 387
21735 4
21735 8
21735 17
21735 45
21735 73
21735 81
21735 94
21735 108
21735 127
21735 371
21735 320
21735 364
21735 113
21735 356
21735 350
21735 354
21735 97
21735 103
21735 342
21735 117
21735 323
21735 29
21735 32
21735 42
21735 48
21735 64
21735 74
21735 84
21735 307
21735 0
21735 6
21735 16
21735 19
21735 55
21735 62
21735 68
21735 77
21735 78
21735 106
21735 316
21735 326
21735 336
21735 344
21735 341
21735 370
21735 378
21735 104
21735 310
21735 361
21735 10
21735 14
21735 25
21735 47
21735 52
21735 71
21735 82
21735 33
21735 37
21735 39
21735 41
21735 58
21735 67
21735 339
21735 348
21735 349
21735 13
21735 23
21735 24
21735 59
21735 61
21735 65
21735 76
21735 100
21735 110
21735 111
21735 119
21735 325
22245 8
21458 18
21458 36
21458 8
21458 64
21458 61
21458 10
21458 68
21458 4
21458 49
21458 41
21458 5
21458 39
21458 42
21458 67
21458 25
21458 50
21458 57
21458 12
21458 45
21458 38
21458 15
21458 17
21458 65
21458 24
21458 30
21458 53
21458 55
21458 52
21458 23
21458 32
21458 46
21458 48
21458 3
21458 14
21458 19
21458 26
21458 9
21458 22
21458 40
21458 54
21909 58
21502 19
21502 56
21502 25
21502 78
21502 44
21502 21
21502 8
21502 42
21502 54
21502 70
21502 85
21502 14
21502 32
21502 12
21502 27
21502 2
21502 11
21502 1
21502 13
21502 60
21502 71
21502 103
21502 96
21502 91
21502 93
21502 43
21502 48
21502 23
21502 57
21502 64
21502 80
21502 62
21502 63
21502 9
21502 72
21502 7
21502 47
21502 95
21502 94
21502 104
21502 77
21502 0
21502 3
21502 18
21502 40
21502 51
21502 59
21502 74
21502 86
21502 16
21502 26
21502 76
21502 28
21502 65
21502 84
21502 36
21502 68
21502 37
21502 45
21502 53
21502 83
22189 13
22189 107
22189 72
22189 12
22189 69
22189 61
22189 14
22189 23
22189 99
22189 28
22189 64
22189 105
22189 1
22189 75
22189 115
22189 39
22189 109
22189 91
22189 52
22189 2
22189 58
22189 3
22189 125
22189 100
22189 35
22189 95
22189 21
22189 112
22189 37
22189 29
22189 73
22189 129
22189 60
22189 47
22189 17
22189 20
22189 78
22189 7
22189 122
22189 102
22189 15
22189 126
22189 82
22189 18
22189 30
22189 84
22189 42
22189 118
22189 119
22189 116
22189 128
22189 76
22189 5
22189 81
22189 117
22189 51
22189 110
22189 106
22189 19
22189 59
22189 113
22189 48
22189 83
22189 49
22189 45
22189 104
22189 96
22189 93
22189 114
22189 26
22189 44
22189 34
22189 124
22189 56
22189 103
22189 68
22189 11
22189 0
22189 4
22189 101
22189 90
22189 70
22189 79
22189 94
22189 32
22189 9
22189 24
22189 40
22189 25
22189 127
22189 54
21905 1
21905 11
21905 5
21905 6
21905 0
21905 17
21905 12
21905 16
21905 14
21905 7
21905 10
21905 3
21905 13
21905 9
21905 4
21905 2
21702 36
21702 48
21702 54
21702 19
21702 20
21702 53
21702 6
21702 18
21702 25
21702 26
21702 71
21702 90
21702 154
21702 108
21702 156
21702 77
21702 89
21702 136
21702 97
21702 146
21702 8
21702 120
21702 155
21702 0
21702 78
21702 79
21702 130
21702 138
21702 115
21702 117
21702 166
21702 12
21702 56
21702 67
21702 72
21702 105
21702 35
21702 24
21702 16
21702 44
21702 62
21702 111
21702 122
21702 123
21702 144
21702 147
21702 134
21702 57
21702 85
21702 129
21702 121
21702 137
21702 96
21702 101
21702 145
21702 110
21702 165
21702 55
21702 84
21702 128
21702 131
21702 132
21702 17
21702 68
21702 91
21702 74
21702 80
21702 102
21702 125
21702 66
21702 37
21702 99
21702 119
21702 126
21702 65
21702 93
21702 113
21702 51
21702 63
21702 9
21702 31
21702 46
21702 49
21702 58
21702 98
21702 106
21702 150
21702 164
21702 92
21702 4
21702 114
21702 29
21702 50
21702 47
21702 76
21702 104
21702 158
21702 5
21702 82
21702 169
21702 45
21702 95
21702 15
21702 94
21702 100
21702 157
21702 88
21702 109
21702 22
21702 30
21702 7
21702 38
21702 42
21702 163
21702 69
21452 82
21452 7
21452 83
21452 108
21452 91
21452 94
21452 76
21452 111
21452 135
21452 42
21452 49
21452 50
21452 65
21452 85
21452 57
21452 132
21452 1
21452 2
21452 26
21452 89
21452 130
21452 114
21452 60
21452 103
21452 115
21452 16
21452 20
21452 92
21452 102
21452 87
21452 90
21452 136
21452 119
21452 122
21452 128
21452 21
21452 62
21452 129
21452 43
21452 105
21452 14
21452 66
21452 107
21452 8
21452 78
21452 64
21452 116
21452 126
21452 24
21452 31
21452 70
21452 77
21452 110
21452 112
21452 71
21452 104
21452 67
21452 34
21452 6
21452 19
21452 96
21452 28
21452 3
21452 38
21452 58
21452 61
21452 84
21452 23
21452 9
21452 69
21452 81
21452 118
21452 30
21452 56
21452 109
21452 39
21452 51
21452 100
21452 0
21452 120
21452 93
21452 95
21452 99
21452 106
21452 123
21452 5
21452 37
21452 52
21452 53
21452 101
21452 117
21452 121
21829 294
21829 248
21829 304
21829 342
21829 455
22173 116
22173 202
22173 313
22173 237
22173 328
22173 432
22173 323
22173 425
22173 444
22173 195
22173 353
22173 67
22173 118
22173 209
22173 465
22173 289
22173 338
22173 177
22173 204
22173 456
22173 183
22173 26
22173 77
22173 387
22173 18
22173 145
22173 343
22173 33
22173 174
22173 429
22173 224
22173 477
22173 366
22173 386
22173 277
22173 423
22173 200
22173 193
22173 279
22173 301
22173 471
22173 469
22173 310
22173 10
22173 81
22173 40
22173 359
22173 430
22173 320
22173 417
22173 227
22173 474
22173 178
22173 17
22173 130
22173 288
22173 16
22173 65
22173 29
22173 256
22173 360
22173 480
22173 132
22173 120
22173 271
22173 64
22173 246
22173 267
22173 27
22173 127
22173 188
22173 1
22173 358
22173 405
22173 38
22173 341
22173 278
22173 176
22173 69
22173 152
22173 35
22173 192
22173 437
22173 424
22173 300
22173 334
22173 194
22173 247
22173 472
22173 453
22173 416
22173 428
22173 31
22173 70
22173 164
22173 240
22173 426
22173 381
22173 286
22173 379
22173 234
22173 481
22173 257
22173 372
22173 450
22173 304
22173 63
22173 274
22173 436
22173 340
22173 283
22173 72
22173 74
22173 376
22173 394
22173 439
22173 211
22173 231
22173 50
22173 142
22173 302
22173 452
22173 466
22173 12
22173 312
22173 322
22173 128
22173 113
22173 6
22173 134
22173 273
22173 61
22173 307
22173 248
22173 171
22173 47
22173 203
22173 126
22173 161
22173 355
22173 390
22173 20
22173 409
22173 255
22173 175
22173 308
22173 407
22173 218
22173 250
22173 287
22173 163
22173 448
22173 121
22173 315
22173 410
22173 446
22173 435
22173 82
22173 8
22173 485
22173 34
22173 141
22173 371
22173 42
22173 125
22173 438
22173 396
22173 149
22173 28
22173 185
22173 52
22173 59
22173 212
22173 44
22173 441
22173 385
22173 303
22173 233
22173 403
22173 442
22173 461
22173 225
22173 186
22173 117
22173 327
22173 143
22173 316
22173 150
22173 165
22173 329
22173 60
22173 427
22173 365
22173 418
22173 397
22173 433
22173 348
22173 37
22173 156
22173 421
22173 180
22173 280
22173 260
22173 451
22173 458
22173 368
22173 268
22173 463
22173 431
22173 190
22173 388
22173 339
22173 262
22173 85
22173 395
22173 14
22173 464
22173 363
22173 253
22173 258
22173 41
22173 75
22173 349
22173 275
22173 422
22173 377
22173 11
22173 68
22173 55
22173 333
22173 265
22173 447
22173 297
22173 56
22173 32
22173 389
22173 445
22173 191
22173 420
22173 455
22173 9
22173 272
22173 232
22173 342
22173 321
22173 2
22173 223
22173 4
22173 24
22173 347
22173 187
22173 467
22173 13
22173 151
22173 114
22173 30
22173 235
22173 468
22173 228
22173 7
22173 53
22173 392
22173 331
22173 311
22173 45
22173 197
22173 196
22173 217
22173 78
22173 87
22173 383
22173 282
22173 352
22173 326
22173 336
22173 51
22173 133
22173 49
22173 291
22173 378
22173 5
22173 290
22173 332
22173 314
22173 399
22173 215
22173 306
22173 148
22173 169
22173 216
22173 86
22173 39
22173 404
22173 264
22173 147
22173 298
22173 23
22173 354
22173 153
22173 160
22173 184
22173 251
22173 112
22173 139
22173 239
22173 346
22173 419
22173 269
22173 434
22173 244
22173 351
22173 276
22173 201
22173 172
22173 241
22173 219
22173 440
22173 401
22173 296
22173 162
22173 159
22173 135
22173 454
22173 356
22173 476
22173 414
22173 124
22173 292
22173 115
22173 479
21692 224
21692 202
21692 196
21692 215
21692 216
21843 5
21843 6
21843 2
21843 3
21843 0
21843 1
21843 4
21843 7
21515 37
21515 60
21515 66
21515 81
21515 122
21515 82
21515 92
21515 107
21715 5
21715 3
21715 4
21715 6
21715 11
21715 1
21715 10
21715 2
21715 0
21715 9
22264 159
22264 194
22264 71
22264 250
22264 29
22264 77
22264 17
22264 215
22264 256
22264 148
22264 74
22264 9
22264 294
22264 7
22264 249
22264 14
22264 199
22264 142
22264 122
22264 86
22264 280
22264 133
22264 237
22264 125
22264 100
22264 198
22264 134
22264 65
22264 220
22264 304
22264 54
22264 181
22264 145
22264 277
22264 185
22264 53
22264 44
22264 25
22264 244
22264 60
22264 279
22264 47
22264 59
22264 239
22264 137
22264 82
22264 210
22264 73
22264 258
22264 202
22264 254
22264 245
22264 57
22264 40
22264 243
22264 150
22264 38
22264 126
22264 3
22264 10
22264 213
22264 39
22264 169
22264 238
22264 32
22264 146
22264 182
22264 216
22264 167
22264 218
22264 224
22264 203
22264 97
22264 273
22264 51
22264 141
22264 31
22264 112
22264 276
22264 201
22264 107
22264 106
22264 270
22264 165
22264 119
22264 262
22264 293
22264 127
22264 164
22264 28
22264 21
22264 129
22264 89
22264 22
22264 136
22264 61
22264 205
22264 109
22264 36
22264 161
22264 117
22264 79
22264 83
22264 175
22264 93
22264 296
22264 45
22264 37
22264 130
22264 84
22264 267
22264 26
22264 23
22264 5
22264 208
22264 88
22264 315
22264 168
22264 223
22264 290
22264 135
22264 235
22264 257
22264 46
22264 143
22264 264
22264 310
22264 13
22264 42
22264 78
22264 149
22264 240
22264 91
22264 263
22264 274
22264 48
22264 281
22264 62
22264 174
22264 170
22264 172
22264 118
22264 0
22264 291
22264 180
22264 228
22264 183
22264 111
22264 292
22264 85
22264 265
22264 108
22264 87
22264 178
22264 131
22264 272
22264 189
22264 114
22264 35
22264 68
22264 197
22264 188
22264 236
22264 18
22264 154
22264 94
22264 34
22264 171
22264 246
22264 11
22264 179
22264 247
22264 232
22264 81
22264 75
22264 219
22264 103
22264 209
22264 255
22264 217
22264 58
22264 121
22264 275
22264 268
22264 33
22264 253
22264 128
22264 305
22264 8
22264 66
22264 72
22264 286
22264 269
22264 233
22264 158
22264 63
22264 226
22264 229
22264 212
22264 27
22264 288
22264 176
22264 162
22264 241
22264 132
22264 19
22264 30
22264 157
22264 248
22264 234
22264 222
22264 195
22264 52
22264 196
22264 307
22264 251
22264 56
22264 76
22264 166
22264 266
22264 55
22264 98
22264 231
22264 287
22264 200
22264 2
22264 20
22264 140
22264 187
22264 152
22264 302
22264 153
21503 8
21503 11
22160 13
22160 85
22160 41
22160 267
22160 82
22160 154
22160 50
22208 39
22208 453
22208 185
22208 18
22208 117
22208 32
22208 47
22208 71
22208 14
21695 4
21695 49
21695 62
21695 19
21695 43
21695 5
21695 8
21695 52
21695 18
21695 67
21695 34
21695 68
21695 0
21695 7
21695 47
21695 3
21695 55
21695 56
21695 64
21695 69
21695 17
21695 26
21695 33
21695 11
21695 60
21695 61
21695 70
21695 6
21695 42
21695 48
21695 41
21695 45
21695 27
21695 46
21695 57
21695 29
21695 1
21695 44
21695 54
21695 65
21695 25
21695 2
21695 13
21695 59
21695 30
21597 24
21597 15
21597 86
21597 124
21597 26
22168 164
22168 67
22168 176
22168 189
22168 13
21757 112
21757 124
21757 185
21903 346
21903 472
21903 269
21903 286
21903 492
21903 213
21903 333
21903 432
21903 430
21903 489
21903 402
21903 220
21903 486
21859 61
21859 57
21859 34
21859 45
21859 62
21859 55
21859 51
21859 21
21859 50
21859 69
21859 76
21859 24
21859 49
21859 12
21859 28
21859 14
21859 6
21859 16
21859 40
21859 10
21859 37
21859 75
21859 8
21859 47
21859 65
21859 68
21859 77
21859 80
21859 7
21859 18
21859 33
21859 53
21859 20
21859 3
21859 74
21859 11
21859 48
21859 23
21859 31
21859 30
21859 39
21859 35
21859 5
21859 15
21859 36
21859 32
21859 56
21859 60
21859 2
21859 19
21859 27
21859 42
21859 43
21859 52
21859 0
21859 26
21859 64
21859 82
21859 38
21859 17
21491 29
21491 60
21610 3
21610 108
21970 61
21970 4
21970 11
21970 65
21970 49
21970 64
21970 26
21970 3
21970 66
21970 39
21970 41
21970 63
21970 57
21970 8
21970 47
21970 54
21970 30
21970 70
21970 50
21970 44
21970 46
21970 16
21970 51
21970 31
21970 67
21970 36
21970 45
21970 69
21970 34
21970 58
21970 60
21970 18
21970 7
21970 37
21970 62
21970 10
21970 42
21970 6
21970 9
21970 68
21970 2
21970 55
21970 40
21970 24
21970 1
21970 22
21970 38
21825 123
21825 214
21825 212
21825 230
21825 86
21825 127
21825 18
21825 331
21825 332
21825 202
21825 249
21825 303
21825 247
21741 96
21741 48
21741 172
21741 32
21741 34
21741 44
21741 58
21741 161
21741 167
21741 193
21741 242
21741 257
21741 269
21741 288
21741 86
21741 168
21741 183
21741 64
21741 127
21741 133
21741 162
21741 3
21741 8
21741 16
21741 270
21741 277
21741 66
21741 109
21741 146
21741 153
21741 185
21741 49
21741 132
21741 174
21741 279
21741 47
21741 7
21741 186
21741 199
21741 203
21741 21
21741 52
21741 125
21741 128
21741 245
21741 281
21741 267
21741 102
21741 122
21741 233
21741 258
21741 60
21741 81
21741 163
21741 222
21741 26
21741 173
21741 181
21741 184
21741 191
21741 192
21741 67
21741 124
21741 164
21741 197
21741 41
21741 73
21741 115
21741 120
21741 25
21741 91
21741 107
21741 219
21741 36
21741 33
21741 254
21741 54
21741 77
21741 116
21741 137
21741 147
21741 238
21741 253
21741 259
21741 2
21741 55
21741 202
21741 264
21741 271
21741 22
21741 240
21741 263
21741 206
21741 70
21741 225
21741 260
21741 231
21741 256
21741 31
21741 98
21741 84
21741 217
21741 218
21741 226
21741 228
21741 38
21741 18
21741 248
21741 10
21741 145
21741 278
21741 262
21741 273
21741 200
21741 213
21741 215
21741 216
21741 78
21741 261
21741 39
21741 166
21741 30
21741 119
21741 45
21741 97
21741 110
21741 111
21741 121
21741 136
21741 165
21741 11
21741 223
21741 23
21741 24
21741 239
21741 283
21741 171
21741 241
21741 195
21741 212
21741 232
21741 251
21741 289
21741 83
21741 87
21741 142
21741 154
21741 276
21741 63
21741 72
21741 170
21741 210
21741 246
21741 236
21741 227
21741 265
21741 286
21741 93
21741 106
21741 155
21741 151
21741 252
21741 19
21741 50
21741 74
21741 130
21741 247
21741 69
21741 85
21741 92
21741 95
21741 99
21741 114
21741 152
21741 237
21741 79
21741 149
21741 59
21741 76
21741 243
21741 46
21741 89
21741 108
21741 140
21741 143
21741 169
21741 284
21741 71
21741 103
21741 141
21741 144
21741 37
21741 90
21741 201
21741 211
21741 224
21741 138
21741 150
21741 61
21741 27
21741 123
21741 126
21741 139
21741 57
21741 9
21741 205
21741 28
21741 118
21741 209
21741 12
21741 17
21741 35
21741 207
21741 29
21741 40
21741 42
21741 43
21741 180
21741 198
21741 101
21741 280
21741 275
21741 51
21741 105
21741 117
21741 135
21741 204
21741 134
21741 158
21662 45
21662 46
21662 44
21662 77
21662 34
21662 1
21662 36
21662 33
21662 54
21662 49
21662 53
21662 64
21662 6
21662 4
21662 52
21662 56
21662 27
21662 35
21662 39
21662 67
21662 69
21662 29
21662 76
21662 15
21662 11
21662 58
21662 79
21662 48
21662 24
21662 20
21662 37
21662 14
21662 42
21662 78
21662 75
21662 13
21662 32
21662 41
21662 9
21662 22
21662 28
21662 74
21662 0
21662 55
21662 70
21662 21
21662 65
21662 60
21662 16
21662 30
21662 47
21662 72
21662 23
21662 38
21955 9
21955 45
21955 52
21955 11
21955 30
21955 44
21955 36
21955 21
21955 54
21955 13
21955 31
21955 59
21955 82
21955 80
21955 46
21955 73
21955 71
21955 4
21955 24
21955 77
21955 32
21955 3
21955 58
21955 40
21955 85
21955 15
21955 61
21955 76
21955 14
21955 42
21955 51
21955 16
21955 66
21955 19
21955 12
21955 64
21955 65
21955 69
21955 17
21955 78
21955 38
21955 1
21955 20
21955 55
21955 28
21955 57
21955 72
21955 47
21955 0
21955 25
21955 84
21955 56
21955 70
21955 41
21640 57
22032 51
22032 38
22032 23
22032 43
22032 12
22032 46
22032 18
22032 42
22032 11
22032 9
22032 31
22032 49
21924 50
21924 71
21924 55
21924 35
21924 2
21924 37
21924 25
21924 66
21924 32
21924 11
21924 47
21924 65
21924 53
21924 41
21924 17
21924 19
21924 59
21924 57
21924 45
21924 60
21924 14
21924 0
21924 73
21924 36
21924 39
21924 64
21924 18
21924 48
21924 24
21924 3
21924 16
21924 31
21924 43
21924 46
21924 40
21924 6
21924 4
21924 51
21924 67
21924 26
21924 1
21924 10
21924 58
21924 15
21924 70
22237 4
22237 5
22237 3
22237 6
22237 1
22237 2
22237 0
22039 199
22129 486
22129 173
22129 309
22129 339
22129 253
22129 228
22129 363
22129 430
22129 258
22129 23
22129 52
22129 243
22129 157
22129 184
22129 394
22129 475
22129 97
22129 182
22129 324
22129 393
22129 304
22129 158
22129 489
22252 39
22252 111
22252 115
22252 99
22252 28
22252 17
22252 82
22252 58
22252 64
22252 67
22252 97
22252 43
22252 19
22252 90
22252 88
22252 96
22252 11
22252 36
22252 104
22252 33
22252 89
22252 59
22252 40
22252 117
22252 98
22252 49
22252 14
22252 120
22252 70
22252 0
22252 63
22247 39
22247 40
22247 3
22247 15
22247 42
22247 38
22247 18
22247 43
22247 9
22247 45
22247 26
22247 12
22247 34
22247 22
22247 28
22247 41
22247 46
22247 33
22247 4
22247 47
22247 24
22247 6
22247 14
22247 27
22247 44
22247 5
22247 10
22247 13
22247 8
22247 11
22247 31
22247 17
22247 29
22247 1
22247 2
22247 0
22247 19
22247 37
22247 48
22247 21
22247 32
22247 20
22247 35
22247 16
22247 25
22247 7
21957 200
21957 122
21957 133
21957 112
21957 155
21957 34
21957 80
21508 4
21508 58
21508 10
21508 20
21508 97
21508 6
21508 83
21508 74
21508 102
21508 94
21508 21
21508 46
21508 52
21508 53
21445 181
21445 202
21445 216
21445 233
21445 253
21445 264
21445 301
21445 243
21445 257
21445 54
21904 164
21904 70
21904 100
21904 116
21904 173
21904 53
21904 202
21904 169
21904 148
21904 161
21904 250
21822 22
21822 64
21822 171
21822 212
21822 230
21822 43
21822 119
21526 130
21526 141
21526 169
21526 189
21526 100
21526 114
21526 119
21526 123
21526 157
21526 57
21526 59
21526 63
21526 77
21526 167
21526 206
21526 8
21526 60
21526 27
21526 97
21526 128
21526 148
21526 159
21526 176
21526 16
21526 45
21526 136
21526 150
21526 103
21526 147
21526 163
21526 39
21526 40
21526 43
21526 68
21526 80
21526 125
21526 131
21526 135
21526 144
21526 11
21526 117
21526 160
21526 164
21526 186
21526 197
21526 21
21526 51
21526 115
21526 205
21526 133
21526 165
21526 190
21526 13
21526 15
21526 70
21526 124
21526 178
21526 145
21526 42
21526 73
21526 151
21526 52
21526 113
21526 142
21526 158
21526 166
21526 168
21526 171
21526 36
21526 6
21526 29
21526 44
21526 49
21526 58
21526 26
21526 48
21526 81
21526 30
21526 33
21526 35
21526 50
21526 106
21526 134
21526 109
21526 154
21526 177
21526 46
21526 64
21526 66
21526 196
21526 102
21526 4
21526 5
21526 32
21526 23
21526 34
21526 41
21526 54
21526 108
21526 138
21526 143
21526 192
21526 53
21526 62
21526 65
21526 95
21526 208
21526 55
21526 74
21526 47
21526 7
21526 170
21526 24
21526 61
21526 75
21526 79
21526 28
21526 122
21526 203
21526 152
21526 139
21526 191
21526 149
21526 18
21526 20
21526 86
21526 87
21526 96
21526 37
21526 105
21526 132
21526 180
21526 183
21526 174
21526 202
21526 0
21526 9
21526 14
21526 126
21526 94
21526 162
21526 185
21526 199
21526 101
21526 194
21526 204
21526 92
21526 179
21526 104
21526 110
21526 137
21526 173
21526 25
21526 129
21526 198
21526 82
21526 83
21526 93
21526 107
21526 140
21526 172
21526 10
21526 188
21526 1
21526 12
21526 17
21526 67
21715 7
21715 8
22154 17
22154 82
22154 35
22154 15
22154 66
22154 55
21469 49
21469 6
21469 30
21469 18
21469 38
21469 39
21469 48
21469 42
21469 5
21469 9
21469 22
21469 40
21469 45
21469 47
21469 35
21469 36
21469 50
21469 53
21469 24
21469 0
21469 2
21469 1
21469 31
21469 43
21469 56
21469 17
21469 11
21469 41
21469 14
21469 25
21469 7
21469 23
21469 33
21469 46
21469 37
21469 44
21469 13
21469 21
21469 29
21469 52
21469 8
21469 26
21469 27
21469 54
21469 28
21469 32
21710 76
21710 1
21710 32
21710 49
21710 59
21710 33
21710 68
21710 12
21710 50
21710 31
21710 81
21710 37
21710 73
21710 75
21710 55
21710 64
21710 19
21710 28
21710 38
21710 58
21710 83
21710 21
21710 53
21710 79
21710 78
21710 30
21710 35
21710 44
21710 0
21710 41
21710 17
21710 56
21710 22
21710 57
21710 51
21710 46
21710 5
21710 48
21710 63
21710 3
21710 39
21710 52
21710 47
21710 69
21710 14
21710 72
21710 26
21710 67
21710 4
21710 71
21710 24
21710 27
21710 60
21710 20
21710 65
21710 25
21710 36
21710 23
21710 42
21710 2
21710 8
21710 70
21710 80
21710 7
21710 77
22118 29
22118 62
22118 30
22118 38
22118 31
22118 40
22118 53
22118 12
22118 22
22118 64
22118 24
22118 33
22118 8
22118 65
22133 8
22133 59
22133 67
22133 2
22133 7
22133 17
22133 70
22133 68
22133 47
22133 46
22133 10
22133 0
22133 27
22133 58
22133 41
22133 77
22133 12
22133 49
22133 53
22133 19
22115 81
22115 38
22115 133
22115 50
22115 92
22115 28
22115 80
21814 49
21814 48
21814 35
21814 53
21814 9
21814 51
21814 41
21814 12
21814 20
21814 43
21814 3
21814 1
21814 29
21814 10
21814 6
21814 36
21814 54
21814 28
21814 23
21814 14
21814 56
21814 13
21814 33
21814 32
21814 7
21814 30
21814 38
21814 25
21814 4
21814 26
21814 18
21814 57
21814 22
21814 52
21814 21
21814 50
21814 15
21814 44
21814 11
21814 34
21814 2
21814 42
21752 19
21752 54
21752 49
21752 51
21752 16
21752 48
21752 42
21752 4
21752 20
21752 46
21752 11
21752 26
21752 72
21752 50
21752 39
21752 23
21752 60
21752 15
21752 73
21752 21
21752 66
21752 38
21752 30
21752 57
21752 1
21752 41
21752 22
21752 75
21752 31
21752 52
21752 69
21752 71
21752 78
21752 36
21752 55
21752 2
21752 3
21752 59
21752 25
21752 12
21752 33
21752 58
21752 67
21752 68
21752 70
21752 77
21752 27
21752 82
21752 43
21752 62
21525 64
21525 123
21525 30
21525 39
21525 65
21525 100
21525 32
21525 36
21525 51
21525 81
21525 28
21525 54
21525 59
21525 7
21525 40
21525 115
21525 5
21525 37
21525 29
21525 34
21525 116
21525 9
21525 66
21525 77
21525 11
21525 21
21525 25
21525 41
21525 60
21525 93
21525 96
21525 119
21525 105
21525 131
22264 252
22264 15
22264 92
22264 298
22264 285
22264 303
22264 314
22264 214
21612 34
21612 35
21612 47
21612 20
21612 91
21612 3
21612 17
21612 53
21612 21
21612 25
21612 48
21612 56
21612 77
21612 44
21612 52
21612 1
21612 45
21612 64
21612 71
21612 10
21612 54
21612 60
21612 32
21612 42
21612 76
21612 78
21612 86
21612 6
21612 19
21612 87
21612 23
21612 33
21612 18
21612 40
21612 43
21612 58
21612 29
21612 69
21612 73
21612 41
21612 68
21612 59
21612 65
21612 80
21612 27
21612 85
21612 37
21612 84
21612 0
21612 2
21612 4
21612 9
21612 30
21612 38
21612 5
21612 63
21612 66
21612 74
21612 89
21612 15
21612 7
21612 26
21612 16
21612 24
21524 18
21524 28
22061 246
22061 419
22061 55
22061 346
22061 540
22061 532
22061 119
22061 361
22061 87
22061 481
22061 368
22061 35
22061 279
22061 75
22061 8
22061 116
22061 85
22061 550
22061 173
22061 302
22061 91
22061 198
22061 209
22061 80
22061 561
22061 529
22061 489
22061 195
22061 456
22061 73
22061 536
22061 446
22061 110
22061 443
22061 162
22061 553
22061 153
22061 483
22061 321
22061 477
22061 43
22061 517
22061 59
22061 123
22061 435
22061 74
22061 138
22061 497
22061 222
22061 518
22061 41
22061 503
22061 318
22061 504
22061 470
22061 115
22061 159
22061 354
22061 389
22061 511
22061 107
22061 226
22061 223
22061 163
22061 297
22061 333
22061 259
22061 124
22061 547
22061 171
22061 164
22061 325
22061 349
22061 150
22061 263
22061 241
22061 137
22061 535
22061 56
22061 562
22061 513
22061 184
22061 359
22061 238
22061 143
22061 181
22061 379
22061 266
22061 472
22061 336
22061 307
22061 236
22061 352
22061 33
22061 200
22061 410
22061 277
22061 21
22061 475
22061 331
22061 445
22061 431
22061 350
22061 347
22061 458
22061 541
22061 3
22061 469
22061 440
22061 506
22061 97
22061 444
22061 527
22061 530
22061 471
22061 315
22061 96
22061 260
22061 112
22061 290
22061 543
22061 213
22061 79
22061 486
22061 468
22061 388
22061 208
22061 387
22061 60
22061 358
22061 261
22061 310
22061 125
22061 132
22061 211
22061 219
22061 191
22061 299
22061 180
22061 183
22061 176
22061 552
22061 330
22061 244
22061 381
22061 551
22061 467
22061 382
22061 531
22061 233
22061 309
22061 16
22061 113
22061 25
22061 274
22061 329
22061 427
22061 45
22061 229
22061 245
22061 69
22061 128
22061 118
22061 77
22061 47
22061 278
22061 186
22061 179
22061 155
22061 549
22061 495
22061 95
22061 61
22061 157
22061 15
22061 374
22061 364
22061 313
22061 214
22061 337
22061 492
22061 512
22061 230
22061 90
22061 169
22061 301
22061 185
22061 239
22061 10
22061 320
22061 105
22061 249
22061 131
22061 178
22061 411
22061 398
22061 232
22061 134
22061 65
22061 396
22061 12
22061 403
22061 369
22061 98
22061 158
22061 49
22061 421
22061 284
22061 28
22061 13
22061 462
22061 269
22061 342
22061 38
22061 422
22061 64
22061 26
22061 167
22061 144
22061 29
22061 182
22061 328
22061 408
22061 168
22061 282
22061 339
22061 360
22061 509
22061 537
22061 424
22061 344
22061 526
22061 377
22061 356
22061 407
22061 52
22061 31
22061 152
22061 496
22061 373
22061 341
22061 442
22061 305
22061 207
22061 276
22061 392
22061 286
22061 402
22061 367
22061 268
22061 441
22061 140
22061 66
22061 300
22061 231
22061 93
22061 212
22061 196
22061 311
22061 323
22061 149
22061 484
22061 491
22061 376
22061 293
22061 385
22061 202
22061 414
22061 525
22061 34
22061 275
22061 436
22061 50
22061 384
22061 394
22061 478
22061 545
22061 312
22061 53
22061 485
22061 227
22061 175
22061 524
22061 327
22061 247
22061 372
22061 353
22061 11
22061 5
22061 265
22061 111
22061 272
22061 401
22061 426
22061 262
22061 391
22061 415
22061 487
22061 542
22061 197
22061 89
22061 451
22061 380
22061 250
22061 454
22061 500
22061 366
22061 334
22061 217
22061 466
22061 522
22061 151
22061 434
22061 317
22061 170
22061 92
22061 287
22061 109
22061 135
22061 103
22061 88
22061 193
22061 395
22061 242
22061 190
22061 2
22061 122
22061 256
22061 463
22061 412
22061 340
22061 316
22061 57
22061 218
22061 101
22061 235
22061 480
22061 556
22061 104
22061 383
22061 156
22061 129
22061 63
22061 465
22061 539
22061 417
22061 520
22061 386
22061 270
22061 194
22061 204
22061 498
22061 516
22061 271
22061 139
22061 126
22061 120
22061 534
22061 117
22061 6
22061 253
22061 332
22061 187
22061 248
22061 258
22061 507
22061 365
22061 304
22061 19
22061 18
22061 555
22061 14
22061 479
22061 7
22061 523
22061 264
22061 538
22061 400
22061 546
22061 429
22061 216
22061 142
22061 9
22061 521
22061 174
22061 416
22061 510
22061 292
22061 370
22061 319
22061 70
22061 145
22061 295
22061 457
22061 37
22061 281
22061 515
22061 148
21807 130
21807 113
21807 47
21807 71
21807 117
21807 161
21807 5
21807 17
21807 104
21807 143
21807 51
21807 66
21807 124
21807 150
21807 171
21807 38
21807 20
21807 84
21807 183
21807 83
21807 41
21807 88
21807 99
21807 120
21807 131
21807 168
21807 1
21807 49
21807 64
21807 94
21807 119
21807 126
21807 30
21807 170
21807 52
21807 159
21807 9
21807 154
21807 28
21807 80
21807 82
21807 39
21807 138
21807 151
21807 137
21807 35
21807 111
21807 14
21807 45
21807 46
21807 55
21807 93
21807 181
21807 184
21807 44
21807 59
21807 103
21807 108
21807 2
21807 48
21807 146
21807 157
21807 185
21807 13
21807 16
21807 160
21807 182
21807 186
21807 53
21807 34
21807 73
21807 180
21807 116
21807 11
21807 101
21807 58
21807 114
21807 27
21807 95
21807 37
21807 128
21807 3
21807 70
21807 96
21807 144
21807 166
21807 142
21807 127
21807 109
21807 15
21807 31
21807 77
21807 106
21807 90
21807 40
21807 22
21807 25
21807 87
21807 89
21807 98
21807 153
21807 56
21807 100
21807 173
21807 176
21807 97
21807 149
21807 133
21807 42
21807 72
21807 74
21807 81
21807 12
21807 33
21807 65
21807 105
21807 112
21807 118
21807 122
21807 129
21807 167
21807 68
21807 78
21807 115
21807 135
21807 162
21807 0
21807 36
21807 140
21807 6
21807 19
21807 60
21807 79
21807 29
21807 121
21807 32
21807 132
21807 69
21807 86
21807 91
21807 92
21807 155
21807 156
21807 123
21807 7
21807 50
21807 54
21807 125
21807 134
21807 141
21807 152
21807 163
21807 165
21807 10
21807 147
21446 133
21446 35
21446 6
21446 88
21446 128
21446 95
21446 106
21446 17
21446 42
21446 81
21446 86
21446 94
21446 53
21446 107
21446 68
21446 112
21446 52
21446 66
21446 73
21446 100
21446 80
21446 109
21446 9
21446 108
21446 132
21446 22
21446 44
21446 122
21446 110
21446 4
21446 47
21446 33
21446 60
21446 26
21446 1
21446 77
21446 48
21446 18
21446 39
21446 40
21446 79
21446 131
21446 5
21446 64
21446 69
21446 101
21446 30
21446 126
21446 61
21446 63
21446 90
21446 14
21446 46
21446 82
21446 19
21446 34
21446 45
21446 59
21446 92
21446 93
21446 57
21446 91
21446 102
21446 15
21446 72
21446 83
21446 89
21446 7
21446 87
21446 105
21446 130
21446 27
21446 37
21446 38
21446 12
21446 50
21446 114
21446 127
21446 97
21446 103
21446 119
21446 28
21446 43
21446 111
21446 115
21446 16
21446 58
21446 134
21446 13
21446 84
21446 0
21446 23
21446 55
21446 67
21458 2
21458 11
21903 247
21457 67
21457 75
21457 14
21457 86
21457 99
21457 136
21457 22
21457 65
21457 17
21457 49
21457 91
21457 103
21457 52
21457 61
21457 139
21457 144
21457 6
21457 15
21457 48
21457 79
21457 96
21457 106
21457 28
21457 50
21457 97
21457 105
21457 125
21457 42
21730 64
21730 66
21730 100
21730 181
21730 184
21730 236
21730 17
21730 34
21730 57
21730 259
21730 267
21730 46
21730 16
21730 47
21730 94
21730 106
21730 108
21730 288
21730 291
21730 117
21730 7
21730 38
21730 54
21730 115
21730 144
21730 245
21730 248
21730 292
21730 56
21730 159
21730 214
21730 232
21730 274
21730 142
21730 60
21730 83
21730 84
21730 147
21730 229
21730 251
21730 278
21730 283
21730 28
21730 29
21730 76
21730 86
21730 150
21730 175
21730 75
21730 152
21730 202
21730 212
21730 249
21730 252
21730 294
21730 15
21730 73
21730 104
21730 112
21730 114
21730 160
21730 161
21730 289
21730 88
21730 107
21730 119
21730 136
21730 277
21730 65
21730 127
21730 201
21730 207
21730 210
21730 279
21730 281
21730 67
21730 91
21730 122
21730 172
21730 226
21730 235
21730 36
21730 11
21730 35
21730 153
21730 171
21730 180
21730 189
21730 198
21730 81
21730 123
21730 138
21730 157
21730 164
21730 216
21730 276
21730 50
21730 79
21730 149
21730 196
21730 262
21730 4
21730 9
21730 22
21730 77
21730 182
21730 221
21730 93
21730 275
21730 68
21730 97
21730 109
21730 118
21730 37
21730 45
21730 53
21730 78
21730 102
21730 176
21730 219
21730 273
21730 155
21730 280
21730 298
21730 21
21730 165
21730 185
21730 237
21730 285
21730 167
21730 179
21730 208
21730 234
21730 247
21730 265
21730 188
21730 1
21730 52
21730 59
21730 195
21730 203
21730 231
21730 240
21730 31
21730 284
21585 21
21585 12
21585 19
21585 14
21585 46
21585 57
21585 58
21585 65
21585 153
21585 156
21585 161
21585 127
21585 66
21585 163
21585 101
21585 124
21585 132
21585 140
21585 0
21585 25
21585 104
21585 70
21585 112
21585 116
21585 3
21585 95
21585 18
21585 91
21585 108
21585 117
21585 151
21585 8
21585 54
21585 126
21585 149
21585 157
21585 107
21585 143
21585 164
21585 32
21585 28
21585 23
21585 119
21585 26
21585 39
21585 79
21585 121
21585 147
21585 83
21585 74
21585 29
21585 42
21585 50
21585 110
21585 131
21585 135
21585 139
21585 31
21585 60
21585 114
21585 138
21585 166
21585 30
21585 96
21585 7
21585 9
21585 120
21585 16
21585 100
21585 113
21585 118
21585 6
21585 61
21585 94
21585 87
21585 92
21585 15
21585 115
21585 122
21585 128
21585 146
21585 17
21585 52
21585 77
21585 78
21585 36
21585 37
21585 44
21585 11
21585 84
21585 68
21585 93
21585 148
21585 102
21585 123
21585 129
21585 142
21585 165
21585 53
21585 55
21585 80
21585 4
21585 48
21585 72
21585 103
21585 27
21585 43
21585 20
21585 34
21585 63
21585 75
21585 76
21585 152
21585 99
21585 106
21585 33
21585 67
21585 88
21585 89
21585 98
21585 109
21585 82
21585 150
21921 54
21921 59
21921 39
21921 38
21921 55
21921 7
21921 51
22050 23
22050 1
21581 20
21581 29
21581 64
21581 68
21581 61
21581 4
21581 37
21581 49
21581 42
21581 23
21581 27
21581 38
21581 3
21581 28
21581 33
21581 14
21581 48
21581 30
21581 59
21581 9
21581 21
21581 41
21581 55
21581 66
21581 65
21581 22
21581 5
21581 8
21581 26
21581 0
21581 13
21581 43
21581 57
21581 16
21581 18
21581 44
21581 2
21581 7
21581 36
21581 34
21581 6
21581 50
21581 39
21581 40
21581 54
21581 1
21581 52
21581 45
21581 56
21581 19
22214 10
22214 12
21618 173
21618 71
21618 36
21618 120
21618 183
21618 185
21618 78
21618 94
21618 101
21618 150
21508 2
21508 34
21508 103
21508 67
21508 99
21508 8
21508 25
21508 56
21508 31
21508 60
21508 23
21508 50
21508 5
21508 90
21508 80
21508 98
21508 111
21508 84
21508 45
21508 63
21508 3
21508 44
21508 62
21508 13
21508 41
21508 57
21508 61
21508 95
21508 116
21508 76
21508 101
21508 32
21508 49
21508 107
21508 73
21508 112
21508 28
21508 93
21508 113
21508 12
21508 55
21508 68
21508 109
21508 96
21508 78
21508 51
21508 85
21508 27
21508 91
21508 81
21508 29
21508 59
21508 35
21508 1
21508 17
21508 19
21508 39
21508 42
21508 48
21508 88
21508 87
21508 115
21508 47
21508 64
21508 106
21508 33
21508 11
21508 69
21508 77
21508 104
21508 92
21905 15
21905 8
21571 6
22242 127
22242 382
22242 363
22242 193
22242 99
22242 314
22242 4
22242 327
22242 95
22242 556
22242 279
22242 404
22242 11
22242 274
22242 54
22242 485
22242 105
22242 135
22242 220
22242 222
22242 535
22242 502
22242 201
22242 453
22242 359
22242 141
22242 198
22242 511
22242 62
22242 343
22242 300
22242 375
22242 489
22242 152
22242 212
22242 276
22242 476
22242 61
22242 325
22242 531
22242 124
22242 318
22242 402
22242 234
22242 503
22242 214
22242 355
22242 518
22242 43
22242 189
22242 324
22242 204
22242 92
22242 566
22242 537
22242 225
22242 440
22242 425
22242 437
22242 302
22242 199
22242 21
22242 98
22242 292
22242 338
22242 370
22242 175
22242 269
22242 138
22242 183
22242 488
22242 436
22242 357
22242 277
22242 323
22242 412
22242 424
22242 206
22242 63
22242 111
22242 390
22242 396
22242 331
22242 475
22242 473
22242 507
22242 374
22242 101
22242 361
22242 337
22242 546
22242 366
22242 494
22242 516
22242 50
22242 381
22242 474
22242 349
22242 47
22242 287
22242 239
22242 227
22242 405
22242 528
22242 74
22242 36
22242 120
22242 477
22242 365
22242 18
22242 295
22242 23
22242 341
22242 24
22242 1
22242 104
22242 347
22242 172
22242 360
22242 330
22242 426
22242 84
22242 0
22242 194
22242 244
22242 2
22242 448
22242 541
22242 504
22242 551
22242 569
22242 15
22242 435
22242 91
22242 443
22242 451
21865 10
21865 19
21865 43
21865 63
21865 52
21865 54
21865 120
21865 142
21865 144
21865 25
21865 74
21865 141
21865 55
21865 132
21865 190
21865 16
21865 22
21865 30
21865 101
21865 105
21865 127
21865 150
21865 12
21865 31
21865 104
21865 175
21865 176
21865 44
21865 48
21865 61
21865 117
21865 195
21865 32
21865 71
21865 80
21865 122
21865 11
21865 123
21865 177
21865 85
21865 112
21865 155
21865 158
21865 172
21865 35
21865 45
21865 75
21865 82
21865 87
21865 185
21865 5
21865 15
21865 20
21865 65
21865 131
21865 38
21865 59
21865 84
21865 116
21865 149
21865 0
21865 21
21865 40
21865 109
21865 139
21865 41
21865 17
21865 81
21865 89
21865 91
21865 67
21865 58
21865 161
21865 3
21865 8
21865 93
21865 162
21865 183
21865 125
21865 115
21865 157
21865 7
21865 187
21865 107
21865 42
21865 46
21865 49
21865 128
21865 192
21865 29
21865 56
21865 134
21865 153
21865 6
21865 179
21865 64
21865 83
21865 94
21865 96
21865 106
21865 135
21865 110
21865 152
21865 196
21865 62
21865 169
21865 184
21865 33
21865 39
21865 78
21865 119
21865 140
21865 171
21865 28
21865 98
21865 129
21865 137
21865 124
21865 100
21865 193
21865 13
21865 47
21865 69
21865 88
21865 92
21865 99
21865 147
21865 77
21865 34
21865 73
21865 118
21865 145
21865 159
21865 166
21865 173
21865 70
21865 156
21865 170
21865 2
21865 126
21865 133
21865 186
21865 97
21865 148
21865 165
21865 164
21865 174
21865 191
21865 53
21865 24
21865 79
21865 102
21865 143
21865 121
21865 86
21865 37
21865 18
21865 76
21865 108
21865 113
21865 181
21865 23
21865 114
21865 189
21865 163
21865 9
21865 72
21865 103
21865 136
21865 160
21865 138
21865 167
21865 130
21865 50
21865 57
21865 95
21865 188
21865 27
21865 36
21865 66
21865 68
21865 151
21865 154
21865 168
21865 1
21865 4
21865 14
21865 26
21865 178
21865 180
21865 194
21865 60
21660 18
21660 59
21660 139
22062 36
22062 43
22062 40
22062 136
22062 134
22062 5
22062 92
22062 85
22062 31
22062 62
22062 79
22062 101
22062 22
22062 8
22062 148
22062 129
22062 0
22062 60
22062 124
22062 89
22062 72
22062 105
22062 130
22062 121
22062 20
22062 87
22062 102
22062 54
22062 21
22062 82
22062 9
22062 32
22062 77
22062 100
22062 4
22062 10
22062 49
22062 98
22062 116
22062 1
22062 44
22062 11
22062 67
22062 68
22062 78
22062 58
22062 80
22062 38
22062 133
22062 19
22062 41
22062 61
22062 109
22062 96
22062 143
22062 115
22062 70
22062 29
22062 28
22062 125
22062 33
22062 110
22062 59
22062 76
22062 81
22062 6
22062 73
22062 47
22062 126
22062 142
22062 147
22062 35
22062 30
22062 138
22062 24
22062 7
22062 99
22062 84
22062 52
22062 122
22062 48
22062 50
22062 135
22062 74
22062 140
22062 104
22062 14
22062 146
22062 145
22062 34
22062 120
22062 117
22062 3
22062 65
22062 97
22062 144
22062 13
22062 57
22062 2
22062 12
22062 25
22062 75
22062 27
21530 1
21530 42
21981 110
21981 106
21981 41
21981 23
21981 45
21981 29
21981 18
21981 96
21981 33
21981 69
21981 49
21981 60
21981 39
21981 27
21981 98
21981 21
21981 7
21981 30
21981 40
21981 5
21981 111
21981 97
21981 42
21981 91
21981 9
21981 103
21981 43
21981 65
21981 66
21981 94
21981 3
21981 63
21981 109
21981 93
21981 17
21981 55
21981 11
21981 102
21981 8
21981 100
21981 113
21981 57
21981 48
21981 56
21981 70
21981 83
21981 46
21981 95
21981 31
21981 84
21981 74
21981 26
21981 101
21981 108
21981 90
21981 68
21981 12
21981 92
21981 99
21981 34
21981 67
21981 76
21981 89
21981 24
21981 53
21981 77
21981 2
21981 32
21981 62
21981 10
21981 35
21981 72
21981 73
21981 38
21981 13
21981 64
21981 85
21981 1
21981 59
21981 78
21981 104
21981 36
21981 88
21832 195
21832 420
21832 318
21832 60
21832 93
21832 229
21832 260
21832 340
21832 353
21832 358
21832 375
21832 123
21832 71
21832 394
21832 416
21832 96
21832 6
21832 8
21832 44
21832 242
21832 422
21832 205
21832 83
21832 105
21832 142
21832 170
21832 241
21832 342
21832 382
21832 391
21832 393
21832 400
21832 388
21832 87
21832 141
21832 185
21832 280
21832 315
21832 327
21832 347
21832 367
21832 27
21832 50
21832 116
21832 146
21832 181
21832 188
21832 317
21832 104
21832 128
21832 154
21832 165
21832 178
21832 202
21832 267
21832 291
21832 345
21832 425
21832 406
21832 15
21832 59
21832 138
21832 171
21832 196
21832 203
21832 232
21832 237
21832 319
21832 363
21832 403
21832 300
21832 180
21832 136
21832 277
21832 304
21832 206
21832 7
21832 167
21832 221
21832 354
21832 371
21832 258
21832 199
21832 395
21832 284
21832 389
21832 122
21832 189
21832 198
21832 215
21832 243
21832 341
21832 5
21832 10
21832 14
21832 88
21832 151
21832 162
21832 329
21832 352
21832 397
21832 126
21832 303
21832 413
21832 72
21832 19
21832 386
21832 70
21832 379
21832 408
21832 286
21832 69
21832 95
21832 148
21832 200
21832 244
21832 265
21832 299
21832 25
21832 101
21832 117
21832 131
21832 173
21832 238
21832 288
21832 305
21832 346
21832 224
21832 402
21832 20
21832 78
21832 276
21832 308
21832 322
21832 213
21832 432
21832 412
21832 76
21832 254
21832 410
21832 12
21832 45
21832 64
21832 66
21832 108
21832 175
21832 253
21832 332
21832 359
21832 13
21832 49
21832 79
21832 201
21832 207
21832 249
21832 94
21832 133
21832 139
21832 174
21832 182
21832 184
21832 223
21832 266
21832 309
21832 409
21832 421
21832 39
21832 109
21832 114
21832 187
21832 233
21832 235
21832 248
21832 283
21832 289
21832 53
21832 163
21832 2
21832 9
21832 36
21832 153
21832 225
21832 251
21832 252
21832 335
21832 222
21832 419
21832 22
21832 55
21832 65
21832 68
21832 84
21832 192
21832 211
21832 234
21832 361
21832 31
21832 236
21832 257
21832 278
21832 349
21832 366
21832 374
21832 376
21832 377
21832 40
21832 52
21832 150
21832 245
21832 336
21832 339
21832 344
21832 100
21832 120
21832 156
21832 311
21832 314
21832 435
21832 34
21832 75
21832 135
21832 168
21832 191
21832 210
21832 212
21832 219
21832 297
21832 21
21832 28
21832 97
21832 121
21832 144
21832 152
21832 246
21832 279
21832 287
21832 301
21832 290
21832 405
21832 43
21832 392
21832 1
21832 18
21832 58
21832 73
21832 107
21832 292
21832 323
21832 418
21832 433
21832 411
21832 281
21832 77
21832 396
21832 385
21832 160
21832 407
21832 48
21832 57
21832 85
21832 98
21832 99
21832 140
21832 227
21832 275
21832 137
21832 62
21832 429
21832 399
21832 115
21832 118
21832 312
21832 313
21832 357
21832 360
21832 365
21832 380
21832 294
21832 356
21832 263
21832 30
21832 33
21832 161
21832 240
21832 250
21832 285
21832 351
21505 10
21505 110
21505 182
21505 14
21505 88
21505 185
21729 183
21729 218
21729 25
21729 82
21729 29
21729 60
21729 111
21729 178
21729 193
21729 215
21729 223
22083 24
22083 19
22083 29
22083 67
21840 108
21840 116
21840 73
21840 95
21840 145
21840 152
21840 47
21840 7
21840 49
21840 50
21840 14
21840 20
21840 74
21840 94
21840 98
21840 158
21840 9
21840 27
21840 36
21840 43
21840 89
21840 35
21840 70
21840 0
21840 80
21840 15
21840 58
21840 146
21699 524
21699 528
21699 541
21699 548
21699 564
21699 457
21699 447
21699 466
21699 453
21699 523
21699 525
21699 575
21699 558
21699 433
21699 557
21699 448
21699 542
21699 572
21699 577
21699 568
21699 454
21699 435
21699 561
21699 468
21699 513
21699 532
21699 543
21699 567
21699 450
21699 485
21699 553
21699 501
21699 573
21699 508
21699 546
21699 535
21699 452
21699 481
21699 533
21699 554
21699 560
21699 566
21699 443
21699 489
21699 520
21699 446
21699 562
21699 464
21699 436
21699 475
21699 445
21699 487
21699 498
21699 514
21699 516
21699 559
21699 441
21699 444
21699 544
21699 497
21699 480
21699 565
21699 478
21699 484
21699 499
21699 522
21699 449
21699 474
21699 502
21699 537
21699 470
21699 495
21699 527
21699 539
21699 462
21699 538
21699 451
21699 467
21699 461
21699 492
21699 521
21699 531
21699 476
21699 429
21699 496
21699 472
21699 493
21699 431
21699 473
21699 488
21699 517
21699 519
21699 580
21699 430
21699 505
21699 483
21699 509
21699 545
21699 556
21699 455
21699 529
21699 536
21699 555
21699 434
21699 477
21699 479
21699 482
21699 534
21699 440
21699 540
21699 570
21699 438
21699 471
21699 506
21699 510
21699 456
21699 500
21699 569
21699 551
21699 439
21699 576
21699 579
21497 15
21497 30
21497 55
21982 80
22052 251
22052 148
22052 352
22052 50
22052 357
22052 153
22052 403
22052 161
22052 269
22052 296
22052 56
22052 265
22052 157
22052 181
22052 169
22052 59
22158 147
22158 67
22158 137
22158 102
22158 87
22158 53
22158 2
22158 92
21636 18
21636 3
21636 15
21636 19
21636 13
21636 1
21636 7
21636 6
21636 20
21636 10
21636 4
21636 12
21636 17
21636 0
21636 21
21636 14
21636 9
21636 16
22265 69
22265 123
22265 121
22265 7
22265 10
22265 81
22265 108
22265 74
22265 44
22265 110
22265 103
22265 66
22265 65
22265 48
22265 6
22265 106
22265 125
22265 35
22265 5
22265 93
22265 59
22265 104
22265 13
22265 12
22265 51
22265 26
22265 24
22265 77
22265 57
22265 22
22265 120
22265 118
22265 29
22265 76
22265 97
22265 67
22265 105
22265 96
22265 30
22265 62
22265 72
22265 102
22265 20
22265 46
22265 19
22265 99
22265 100
22265 115
22265 9
22265 55
22265 25
22265 83
22265 94
22265 42
22265 27
22265 49
22265 91
22265 3
22265 21
22265 40
22265 4
22265 79
22265 8
22265 88
22265 34
22265 109
22265 39
22265 16
22265 92
22265 14
22265 15
22265 17
22265 64
22265 71
22265 54
22265 73
22265 50
22265 32
22265 52
22265 116
22265 58
22265 107
22265 41
22265 124
21714 5
21714 19
21714 10
21714 14
21714 16
21714 0
21714 13
21714 17
21714 2
21714 7
21714 6
21714 8
21714 3
21714 11
21932 102
21932 276
21932 147
21932 310
21932 289
21932 300
21932 386
21932 96
21932 63
21932 155
21932 412
21932 272
21932 146
21932 237
21932 61
21932 43
21932 214
21932 355
21932 161
21932 133
21932 450
21932 427
21932 369
21932 9
21932 467
21637 56
21637 75
21637 30
21637 53
21637 121
21637 126
21637 155
21637 19
21637 35
21637 70
21728 232
21728 35
21728 208
21728 213
21728 68
21728 176
21728 259
21728 281
21728 124
21728 66
21728 240
21728 247
21728 253
21728 268
21728 282
21728 289
21728 14
21728 56
21728 74
21728 102
21728 109
21728 135
21728 201
21728 46
21728 149
21728 177
21728 196
21728 278
21728 50
21728 96
21728 129
21728 141
21728 161
21728 222
21728 8
21728 61
21728 91
21728 94
21728 150
21728 173
21728 225
21728 10
21728 44
21728 45
21728 122
21728 162
21728 5
21728 15
21728 19
21728 202
21728 251
21728 23
21728 42
21728 57
21728 60
21728 132
21728 144
21728 206
21728 228
21728 106
21728 138
21728 275
21728 4
21728 9
21728 117
21728 131
21728 174
21728 233
21728 260
21728 21
21728 79
21728 140
21728 185
21728 191
21728 69
21728 152
21728 158
21728 205
21728 256
21728 48
21728 63
21728 64
21728 165
21728 214
21728 274
21728 85
21728 90
21728 110
21728 114
21728 241
21728 83
21728 166
21728 280
21728 27
21728 38
21728 184
21728 190
21728 1
21728 84
21728 105
21728 120
21728 223
21728 254
21728 22
21728 24
21728 33
21728 137
21728 146
21728 210
21728 252
21728 273
21728 82
21728 119
21728 136
21728 195
21728 264
21728 288
21728 29
21728 103
21728 121
21728 249
21728 250
21728 255
21728 89
21728 111
21728 207
21728 245
21728 139
21728 157
21728 180
21728 230
21728 231
21728 92
21728 93
21728 134
21728 229
21728 284
21728 12
21728 3
21728 11
21728 53
21728 59
21728 65
21728 77
21728 156
21728 204
21728 17
21728 28
21728 36
21728 41
21728 154
21728 234
21728 283
21728 0
21728 25
21728 62
21728 167
21728 212
21728 237
21728 7
21728 169
21728 200
21728 238
21728 263
21728 47
21728 182
21728 276
21728 294
21728 76
21728 145
21728 181
21728 220
21728 243
21728 246
21728 291
21728 126
21728 192
21728 194
21728 227
21728 239
22171 2
22171 10
22171 23
22171 49
22171 51
22171 34
22171 27
22171 44
22171 33
22171 55
22171 0
22171 61
22171 40
22171 19
22171 3
22171 21
22171 6
22171 24
22171 57
22171 28
22171 52
22171 37
22171 5
22171 11
22171 26
22171 15
22171 17
22171 30
22171 32
22171 16
22171 41
22171 22
22171 53
22171 46
22171 62
22171 31
22171 25
22171 12
22171 29
22171 60
22171 58
22171 1
22171 39
22171 42
22171 48
22171 36
22171 7
22171 4
21601 11
21601 97
21601 60
21601 117
21601 47
21601 3
21601 55
21601 40
21601 22
21601 35
21601 46
21601 68
21601 85
21601 88
21601 96
21601 118
21601 84
21601 5
21601 38
21601 42
21601 28
21601 74
21601 109
21601 34
21601 7
21601 15
21601 69
21601 41
21601 2
21601 17
21601 48
21601 100
21601 39
21601 62
21601 63
21601 86
21601 58
21601 44
21601 110
21601 1
21601 10
21601 21
21601 73
21601 81
21601 103
21601 30
21601 72
21601 27
21601 36
21601 79
21601 93
21601 104
21601 108
21601 83
21601 95
21601 9
21601 13
21601 105
21601 54
21601 106
21601 107
21601 113
21601 114
21601 65
21601 116
21601 12
21601 14
21601 115
21601 4
21601 52
21601 59
22151 23
22151 8
22151 6
22151 3
22151 22
22151 29
22151 2
22151 16
22151 20
22151 10
22151 17
22151 7
22151 24
22151 1
22151 21
22151 13
22151 12
22151 19
22151 11
22151 27
22151 15
22151 18
22151 4
22151 9
22151 0
22151 26
22151 25
22151 14
22151 5
21647 25
22136 35
22136 17
22136 20
22136 46
22136 45
22136 56
21809 134
21809 136
21809 140
21809 162
21830 11
21830 22
21830 19
21830 7
21830 17
21830 18
21830 1
21830 16
21830 0
21830 20
21830 5
21830 21
21830 12
21830 3
21830 8
21830 24
21895 267
21895 322
21895 40
21895 230
21895 224
21895 525
21895 286
21895 249
21895 42
21895 32
21895 318
21895 414
21895 275
21895 31
21895 304
21895 220
21895 57
21895 151
21895 491
21895 97
21895 313
21895 445
21895 470
22086 178
22086 299
22086 274
22086 30
22086 128
22086 225
22086 342
22086 139
22086 563
22086 435
22086 519
22086 143
22086 461
22086 44
22086 245
22086 318
22086 206
22188 61
22188 218
22188 195
22188 51
22188 223
22188 178
22188 49
22188 106
22188 11
22188 93
22188 273
22188 240
22188 231
22188 90
22188 255
22188 216
22188 99
22188 141
22188 237
22188 207
22188 268
22188 156
22188 172
22188 89
22188 127
22188 40
22188 206
22188 203
22188 155
22188 29
22188 246
22188 148
22188 30
22188 111
22188 65
22188 130
22188 186
22188 18
22188 47
22188 35
22188 110
22188 83
22188 198
22188 146
22188 96
22188 38
22188 152
22188 147
22188 23
22188 222
22188 15
22188 91
22188 124
22188 80
22188 230
22188 239
22188 39
22188 181
22188 122
22188 243
22188 34
22188 174
22188 168
22188 75
22188 119
22188 184
22188 219
22188 68
22188 213
22188 229
22188 95
22188 133
22188 271
22188 131
22188 278
22188 21
22188 8
22188 224
22188 266
22188 94
22188 142
22188 98
22188 81
22188 74
22188 249
22188 88
22188 71
22188 116
22188 182
22188 64
22188 1
22188 50
22188 112
22188 179
22188 248
22188 275
22188 242
22188 233
22188 138
22188 274
22188 36
22188 45
22188 193
22188 28
22188 134
22188 158
22188 192
22188 202
22188 48
22188 129
22188 257
22188 259
22188 145
22188 165
22188 3
22188 163
22188 217
22188 107
22188 214
22188 25
22188 16
22188 54
22188 160
22188 258
22188 263
22188 236
22188 121
22188 102
22188 32
22188 234
22188 85
22188 194
22188 162
22188 67
22188 128
22188 33
22188 58
22188 187
22188 5
22188 185
22188 205
22188 143
22188 212
22188 180
22188 252
22188 238
22188 189
22188 161
22188 26
22188 13
22188 115
22188 100
22188 272
22188 31
22188 199
22188 241
22188 10
22188 73
22188 191
22188 261
22188 2
22188 132
22188 220
22188 108
22188 72
22188 204
22188 153
22188 53
22188 276
22188 250
22188 24
22188 136
22188 215
22188 0
22188 103
22188 118
22188 171
22188 42
22188 79
22188 78
22188 183
22188 232
22188 84
22188 44
22188 200
22188 14
22188 265
22188 267
22188 264
22188 277
22188 197
22188 221
22188 151
22188 154
22188 113
22188 117
22188 105
22188 176
22188 4
22188 140
22188 269
22188 175
21914 158
21914 231
21914 132
21914 168
21914 277
21914 72
21914 37
21914 17
21914 258
21914 248
21914 232
21914 25
21914 216
21914 275
21914 102
21914 68
21914 215
21914 91
21914 330
21914 171
21914 106
21914 36
21914 145
21914 60
21914 282
21914 54
21914 227
21914 322
21914 187
21914 107
21914 323
21914 210
21914 239
21914 49
21914 292
21914 170
21914 302
21914 92
21914 225
21914 242
21914 48
21914 150
21914 234
21914 34
21914 175
21914 44
21914 199
21914 238
21914 62
21914 186
21914 291
21914 320
21914 113
21914 129
21914 4
21914 174
21914 329
21914 63
21914 307
21914 183
21914 5
21914 117
21914 244
21914 23
21914 9
21914 130
21914 267
21914 296
21914 192
21914 116
21914 331
21914 127
21914 55
21914 27
21914 46
21914 90
21914 195
21914 124
21914 191
21914 159
21914 310
21914 61
21914 12
21914 40
21914 69
21914 311
21914 18
21914 203
21914 73
21914 266
21914 305
21914 205
21914 289
21914 287
21914 87
21914 58
21914 1
21914 152
21914 121
21914 197
21914 223
21914 149
21914 8
21914 86
21914 272
21914 141
21914 273
21914 288
21914 247
21914 78
21914 112
21914 26
21914 155
21914 111
21914 209
21914 321
21914 30
21914 98
21914 208
21914 118
21914 306
21914 51
21914 325
21914 230
21914 281
21914 202
21914 221
21914 88
21914 85
21914 95
21914 6
21914 16
21914 59
21914 237
21914 250
21914 43
21914 136
21914 179
21914 96
21914 264
21914 328
21914 176
21914 217
21914 317
21914 316
21914 301
21914 165
21914 241
21914 280
21914 11
21914 108
21914 180
21914 103
21914 89
21914 185
21914 137
21914 163
21914 270
21914 76
21914 164
21914 134
21914 29
21914 15
21914 240
21914 133
21914 300
21914 101
21914 172
21914 201
21914 109
21914 253
21914 181
21914 243
21914 65
21914 160
21914 297
21914 104
21914 255
21914 312
21914 45
21914 154
21914 268
21914 81
21914 309
21914 326
21914 82
21914 115
21914 120
21914 285
21914 74
21914 283
21914 75
21914 308
21914 2
21914 97
21914 39
21914 166
21914 251
21914 41
21914 235
21914 13
21914 20
21914 220
21914 315
21914 3
21914 19
21914 276
21914 114
21914 57
21914 193
21914 229
21914 7
21914 173
21914 79
21914 299
21914 327
21914 207
21914 42
21914 196
21914 290
21914 140
21914 131
21914 257
21914 224
21914 318
21914 147
21914 262
21914 206
21914 14
21914 139
21914 246
21914 24
21914 33
21914 190
21914 279
21914 47
22077 16
22077 12
22077 15
22191 32
22191 86
22191 74
22191 59
22191 70
22191 48
22191 97
22191 56
22191 64
22191 13
22191 43
22191 34
22191 75
22191 72
22191 21
22191 66
22191 46
22191 42
22191 69
22191 53
22191 96
22191 8
22191 78
22191 95
22191 68
22191 57
22191 63
22191 23
22191 50
22191 40
22191 9
22191 65
22191 85
22191 52
22191 18
22191 33
22191 39
22191 6
22191 29
22191 62
22191 26
22191 25
22191 28
22191 98
22191 24
22191 73
22191 89
22191 36
22191 17
22191 94
22191 47
22191 27
22191 5
22191 83
22191 61
22191 54
22191 71
22191 20
22191 90
22191 77
22191 81
22191 93
22191 92
22191 79
22191 0
22191 88
22191 67
22191 58
22191 19
22197 13
22197 26
21796 90
21796 9
21796 13
21796 26
21796 98
21796 53
21796 95
21796 17
21796 82
21796 119
21796 12
21796 28
21796 67
21796 72
21796 74
21796 93
21796 104
21796 31
21796 34
21796 102
21796 117
21796 0
21796 20
21796 61
21796 73
21796 35
21796 50
21796 86
21796 87
21796 59
21796 94
21796 121
21796 78
21796 70
21796 1
21796 19
21796 32
21796 106
21796 123
21796 60
21796 45
21796 3
21796 7
21796 55
21796 15
21796 47
21796 85
21796 6
21796 11
21796 64
21796 120
21796 51
21796 63
21796 91
21796 105
21796 114
21796 22
21796 41
21796 16
21796 52
21796 66
21796 124
21796 25
21796 46
21796 57
21796 58
21796 109
21796 4
21796 75
21796 80
21796 97
21796 125
21796 24
21796 27
21796 44
21796 108
21796 113
21796 101
21796 14
21796 49
21796 62
21796 83
21796 111
21796 56
21796 18
21796 38
21796 42
21796 48
21796 122
21796 43
21796 76
21796 79
21796 89
21821 5
22131 66
22131 20
22131 68
22131 56
22131 60
22131 54
21909 22
21909 49
21909 70
21909 13
21909 35
21909 4
21909 9
21909 28
21909 67
21909 40
21909 6
21909 10
21909 44
21909 26
21909 5
21909 14
21909 25
21909 50
21909 54
21909 47
21909 2
21909 30
21909 15
21909 52
21909 32
21909 27
21909 43
21909 21
21909 34
21909 61
21909 74
21909 31
21909 29
21909 56
21909 64
21909 1
21909 62
21909 17
21909 71
21909 11
21909 57
21909 3
21909 76
21909 53
21909 16
21909 55
21909 39
21909 7
21909 60
21909 73
21909 37
21909 63
21909 66
21909 75
21909 72
21909 8
21909 59
21909 23
21909 48
21909 51
21909 68
21909 20
21909 18
21909 12
21909 41
21909 19
21909 65
21909 69
21909 24
21909 36
21909 0
21909 42
21909 46
21909 38
21909 33
22034 24
21744 164
21744 48
21744 151
21744 155
21744 22
21763 153
21763 49
21763 18
21763 4
21763 75
21763 86
21763 150
21763 154
22052 305
22052 202
22052 130
22052 132
22052 184
22052 28
22052 246
22052 249
22052 208
22052 350
22052 63
22052 119
22052 159
22052 402
22052 272
22052 106
22052 193
22052 174
22052 376
22052 257
22052 123
22052 3
22052 287
22052 55
22052 396
22052 274
22052 114
22052 38
22052 254
22052 344
22052 152
22052 0
22052 97
22052 60
22052 294
22052 194
22052 273
22052 361
22052 16
22052 76
22052 327
22052 325
22052 75
22052 280
22052 87
22052 180
22052 331
22052 303
22052 404
22052 80
22052 19
22052 21
22052 7
22052 186
22052 379
22052 179
22052 154
22052 62
22052 345
22052 388
22052 390
22052 312
22052 338
22052 368
22052 4
22052 336
22052 266
22052 308
22052 221
22052 182
22052 286
22052 227
22052 110
22052 347
22052 353
22052 36
22052 395
22052 228
22052 32
22052 311
22052 234
22052 276
22052 367
22052 81
22052 9
22052 260
22052 160
22052 245
22052 111
22052 70
22052 324
22052 93
22052 73
22052 183
22052 216
22052 230
22052 67
22052 212
22052 105
22052 277
22052 47
22052 77
22052 82
22052 175
22052 98
22052 314
22052 209
22052 244
22052 271
22052 284
22052 14
22052 54
22052 30
22052 387
22052 11
22052 354
22052 96
22052 261
22052 166
22052 295
22052 199
22052 53
22052 198
22052 90
22052 122
22052 52
22052 155
22052 333
22052 112
22052 225
22052 113
22052 400
22052 162
22052 18
22052 217
22052 34
22052 371
22052 88
22052 26
22052 275
22052 58
22052 291
22052 342
22052 83
22052 292
22052 222
22052 233
22052 360
22052 126
22052 31
22052 240
22052 226
22052 393
22052 78
22052 377
22052 268
22052 165
22052 318
22052 356
22052 24
22052 104
22052 13
22052 236
22052 232
22052 355
22052 168
22052 100
22052 170
22052 128
22052 239
22052 252
22052 270
22052 382
22052 196
22052 337
22052 41
22052 86
22052 129
22052 190
22052 366
22052 207
22052 158
22052 92
22052 211
22052 203
22052 89
22052 386
22052 213
22052 262
22052 320
22052 335
22052 201
22052 214
22052 378
22052 49
22052 44
22052 17
22052 35
22052 285
22052 380
22052 322
22052 267
22052 37
22052 172
22052 197
22052 328
22052 307
22052 29
22052 339
22052 326
22052 375
22052 66
22052 381
22052 383
22052 224
22052 79
22052 332
22052 399
22052 299
22052 33
22052 394
22052 40
22052 61
22052 229
22052 297
22052 68
22052 218
22052 247
22052 235
22052 27
22052 359
22052 118
22052 124
22052 282
22052 177
22052 334
22052 121
22052 315
22052 351
22052 205
22052 316
22052 200
22052 25
22052 91
22052 290
22052 373
22052 310
22052 2
22052 319
22052 195
22052 289
22052 171
22052 364
22052 178
22052 108
22052 238
22052 204
22052 369
22052 304
22052 48
22052 362
22052 391
22052 401
22052 298
22052 264
22052 321
22052 255
22052 317
22052 237
22052 278
22052 107
22052 115
22052 74
22052 45
22052 125
22052 20
22052 323
22052 173
22052 346
22052 283
22052 372
22130 142
22130 11
22130 6
22130 80
22130 115
22130 18
22130 44
22130 131
22130 67
22130 81
22130 129
22130 41
22130 79
22130 128
22130 133
22130 9
22130 124
22130 13
22130 144
22130 46
22130 10
22130 68
22130 134
22130 4
22130 141
22130 110
22130 127
22130 74
22130 140
22130 73
22130 107
22130 139
22130 2
22130 3
21861 92
21861 88
21861 97
21861 224
21861 266
21861 195
21861 212
21861 259
21861 215
21653 21
21653 1
21653 123
21653 7
21653 44
21653 143
21653 17
21653 112
21653 113
21653 126
21653 6
21653 10
21653 51
21653 140
21653 15
21653 39
21653 80
21653 26
21653 49
21653 83
21653 111
21653 79
21653 128
21653 72
21653 103
21653 145
21653 127
21653 53
21653 86
21653 95
21653 122
21653 141
21653 32
21653 90
21653 13
21653 146
21653 155
21653 56
21653 60
21653 125
21653 135
21653 25
21653 152
21653 54
21653 110
21653 116
21653 22
21653 36
21653 81
21653 87
21653 139
21653 0
21653 38
21653 154
21653 27
21653 73
21653 76
21653 108
21653 63
21653 70
21653 150
21653 121
21653 129
21653 99
21653 9
21653 62
21653 28
21653 78
21653 94
21653 120
21653 20
21653 69
21653 89
21653 93
21653 105
21653 115
21653 130
21653 34
21653 43
21653 23
21653 98
21653 35
21653 75
21653 144
21653 104
21653 42
21653 151
21653 2
21653 58
21653 96
21653 131
21653 148
21653 3
21653 57
21653 84
21653 91
21653 134
21653 18
21653 77
21653 88
21653 64
21653 109
21653 119
21653 158
21653 59
21653 31
21653 100
21653 102
21653 106
21653 149
21653 156
21653 5
21653 52
21653 142
21653 40
21653 92
21653 37
21653 133
21653 16
21481 33
21481 39
21481 67
21481 146
21481 148
21481 50
21481 63
21481 190
22028 39
21816 38
21816 69
21816 20
21816 22
21816 41
21816 44
21816 43
21816 2
21816 56
21816 5
21816 27
21816 11
21816 39
21816 55
21816 8
21816 58
21816 50
21816 64
21816 67
21816 54
21816 15
21816 13
21816 32
21816 34
21816 42
21816 7
21816 9
21816 17
21816 46
21816 48
21816 66
21816 70
21816 24
21816 26
21816 33
21816 79
21816 29
21816 31
21816 75
21816 16
21816 84
21816 78
21816 12
21816 49
21816 68
21816 47
21816 63
21816 30
21816 59
21816 61
21816 14
21816 65
21816 83
21816 1
21816 21
21816 53
21816 57
21816 6
21816 25
21816 60
21816 73
21816 71
21816 18
21816 23
21816 40
21816 4
21816 62
21816 0
21816 28
21816 37
21816 74
22125 96
22125 51
22125 180
22125 98
22125 6
22125 109
22125 8
22125 72
22125 159
22260 309
22260 352
22260 317
22260 387
22260 344
21708 91
21708 31
21708 48
21708 50
21708 102
21708 106
21708 20
21708 70
21708 147
21708 174
21711 45
21711 53
21711 68
21711 122
21711 80
21711 55
21711 74
21711 0
21711 5
21711 103
21711 3
21711 60
21711 69
21711 99
21711 108
21711 32
21711 36
21711 116
21711 22
21711 21
21711 2
21711 62
21711 6
21711 86
21711 39
21711 56
21711 105
21711 13
21711 58
21711 70
21711 100
21711 109
21711 18
21711 29
21711 71
21711 90
21711 49
21711 89
21711 24
21711 65
21711 76
21711 95
21711 121
21711 81
21711 17
21711 38
21711 52
21711 120
21711 7
21711 126
21711 125
21711 10
21711 14
21711 28
21711 51
21711 59
21711 117
21711 27
21711 48
21711 43
21711 112
21711 66
21711 31
21711 107
21711 73
21711 104
21711 34
21711 106
21711 23
21711 75
21711 37
21711 47
21711 50
21711 97
21711 8
21711 57
21711 93
21711 123
21711 30
21711 101
21711 12
21711 46
21711 98
21514 14
21514 15
21514 17
21707 49
21707 65
21707 9
21707 24
21707 43
21707 48
21707 68
22044 15
21857 83
21857 159
21857 102
21857 8
21857 38
21857 56
21857 100
21857 127
21857 132
21857 148
21857 149
21857 25
21857 35
21857 61
21857 45
21857 96
21857 60
21857 67
21857 76
21857 143
21857 145
21857 17
21857 36
21857 43
21857 142
21857 11
21857 111
21661 7
21661 37
21661 75
21661 80
22239 8
22239 5
22239 2
22239 6
22239 7
22239 9
22239 0
22239 10
22239 4
22239 3
21642 18
21642 10
21642 25
21642 19
21642 36
21642 27
21642 110
21642 11
21642 64
21642 59
21642 91
21642 99
21642 2
21642 5
21642 28
21642 49
21642 106
21642 31
21642 103
21642 105
21642 15
21642 80
21642 82
21642 76
21642 3
21642 21
21642 50
21642 72
21642 89
21642 43
21642 73
21642 116
21642 24
21642 54
21642 44
21642 79
21642 83
21642 14
21642 30
21642 75
21642 78
21642 77
21642 90
21642 7
21642 33
21642 67
21642 6
21642 17
21642 23
21642 81
21642 84
21642 41
21642 56
21642 108
21642 20
21642 45
21642 62
21642 87
21642 52
21642 112
21642 38
21642 58
21642 70
21642 101
21642 37
21642 40
21642 66
21642 98
21642 22
21642 57
21642 88
21642 102
21642 107
21642 47
21642 85
21642 1
21642 26
21642 46
21642 68
21642 111
21642 29
21642 92
21642 12
21642 53
21642 86
21642 9
21642 0
21642 34
21642 16
21642 71
21642 95
21642 8
21642 35
21642 104
21593 0
21593 8
21593 26
21593 31
21593 36
21593 58
21593 64
21593 65
21593 78
21593 94
21593 101
21593 168
21593 309
21593 329
21593 5
21593 9
21593 13
21593 19
21593 23
21593 24
21593 27
21593 37
21593 102
21593 117
21593 185
21593 199
21593 246
21593 333
21593 122
21593 184
21593 270
21593 282
21593 314
21593 334
21593 107
21593 116
21593 336
21593 236
21593 285
21593 339
21593 80
21593 97
21593 113
21593 161
21593 202
21593 223
21593 322
21593 3
21593 4
21593 10
21593 11
21593 33
21593 44
21593 48
21593 51
21593 63
21593 81
21593 89
21593 165
21593 313
21593 14
21593 16
21593 29
21593 38
21593 40
21593 46
21593 49
21593 50
21593 59
21593 198
21593 206
21593 239
21593 250
21593 268
21593 311
21593 348
21593 196
21593 294
21593 320
21593 326
21593 99
21593 85
21593 144
21593 155
21593 275
21593 287
21593 193
21593 72
21593 118
21593 131
21593 141
21593 147
21593 214
21593 242
21593 291
21593 115
21593 143
21593 149
21593 222
21593 288
21593 352
21593 70
21593 121
21593 190
21593 237
21593 289
21593 145
21593 179
21593 229
21593 247
21593 280
21593 283
21593 295
21593 319
21593 156
21593 171
21593 249
21593 300
21593 346
21593 79
21593 87
21593 104
21593 152
21593 269
21593 304
21593 129
21593 176
21593 177
21593 183
21593 194
21593 201
21593 226
21593 281
21593 73
21593 76
21593 98
21593 137
21593 233
21593 241
21593 244
21593 62
21593 296
21593 303
21593 86
21593 96
21593 153
21593 157
21593 227
21593 266
21593 1
21593 18
21593 21
21593 32
21593 45
21593 47
21593 60
21593 82
21593 128
21593 210
21593 258
21593 274
21593 301
21593 308
21593 123
21593 204
21593 276
21593 277
21593 297
21593 83
21593 71
21593 110
21593 133
21593 135
21593 178
21593 215
21593 316
21593 338
21593 69
21593 93
21593 219
21593 221
21593 228
21593 278
21593 84
21593 134
21593 151
21593 167
21593 186
21593 345
21593 95
21593 119
21593 200
21593 216
21593 245
21593 332
21593 12
21593 15
21593 41
21593 42
21593 54
21593 57
21593 66
21593 68
21593 105
21593 146
21593 166
21593 170
21593 187
21593 286
21593 310
21593 343
21593 349
21593 77
21593 100
21593 238
21593 257
21593 259
21593 299
21593 169
21593 188
21593 208
21593 252
21593 321
21593 347
21593 120
21593 148
21593 284
21593 290
21593 315
21593 331
21593 341
21593 75
21593 103
21593 139
21593 160
21593 181
21593 205
21593 337
21593 6
21593 106
21593 130
21593 240
21593 248
21593 263
21593 7
21593 17
21593 20
21593 22
21593 30
21593 39
21593 61
21593 231
21593 150
21593 2
21593 224
21593 235
21593 114
21593 124
21593 163
21593 180
21593 256
21593 344
21593 164
21593 197
21593 261
21593 265
21593 267
21593 272
21593 342
21593 112
21593 136
21593 255
21593 264
21593 292
21593 351
21593 142
21593 217
21593 234
21593 305
21593 318
21593 90
21593 140
21593 173
21593 111
21593 213
21593 230
21593 325
21593 350
21593 127
21593 138
21593 162
21593 192
21593 243
21593 271
21593 302
21593 323
21593 55
21593 67
21593 126
21593 154
21593 211
21593 212
21593 317
21593 92
21593 254
21593 279
21593 335
21593 172
21593 182
21593 218
21593 220
21593 273
21593 312
21593 327
21593 340
21593 353
21593 74
21593 232
21593 262
21593 307
21593 330
21593 88
21593 132
21593 159
21593 189
21593 191
21593 298
21593 328
21593 25
21593 28
21593 34
21593 35
21593 43
21593 52
21593 53
21593 56
21571 3
21571 4
21571 0
21571 2
21571 1
21571 7
21571 5
21891 50
21891 193
21891 245
21891 2
21891 243
21891 54
21891 151
21891 80
21891 16
21891 240
21891 6
21891 45
21891 218
21891 207
21891 117
21891 223
21891 113
21891 226
21891 248
21891 140
21891 212
21891 40
21891 189
21891 199
21891 128
21891 198
21891 48
21891 145
21891 31
21891 148
21891 169
21891 38
21891 197
21891 163
21891 102
21891 61
21891 20
21891 26
21891 164
21891 137
21891 136
21891 22
21891 196
21891 78
21891 153
21891 244
21891 236
21891 93
21891 1
21891 192
21891 90
21891 176
21891 121
21891 224
21891 239
21891 204
21891 138
21891 216
21891 28
21891 15
21891 122
21891 123
21891 241
21891 92
21891 17
21891 235
21891 130
21891 18
21891 65
21891 56
21891 3
21891 116
21891 173
21891 230
21891 190
21891 98
21891 184
21891 96
21891 228
21891 252
21891 84
21891 181
21891 104
21891 127
21891 99
21891 256
21891 59
21891 33
21891 74
21891 125
21891 69
21891 24
21891 94
21891 247
21891 39
21891 88
21891 205
21891 194
21891 222
21891 182
21891 60
21891 11
21891 134
21891 23
21891 36
21891 29
21891 0
21891 107
21891 30
21891 225
21891 195
21891 177
21891 44
21891 202
21891 124
21891 203
21891 108
21891 208
21891 159
21891 52
21891 73
21891 126
21891 135
21891 27
21891 155
21891 4
21891 168
21891 170
21891 58
21891 9
21891 13
21891 10
21891 66
21891 143
21891 249
21891 219
21891 166
21891 242
21891 114
21891 144
21891 87
21891 229
21891 111
21891 172
21891 8
21891 220
21891 147
21891 251
21891 71
21891 5
21891 146
21891 14
21891 133
21891 210
21891 234
21891 43
21891 150
21891 152
21891 165
21891 186
21891 72
21891 171
21891 233
21891 95
21891 191
21891 255
21891 41
21642 97
21642 69
21642 13
21642 100
21642 96
21642 39
21642 65
21642 93
21642 51
21642 61
21642 42
21642 48
21642 109
21642 32
21642 74
21642 63
21642 113
21642 114
21642 115
22047 30
22047 25
22047 24
22047 17
22047 26
22047 36
22047 11
22047 47
22047 41
22047 9
22047 46
22047 33
22047 7
22047 21
22047 45
22047 27
22047 12
22047 40
22047 32
22047 19
22047 38
22047 8
22047 39
22047 20
22047 43
22047 14
22047 6
22047 35
22047 34
22047 18
22047 42
22047 31
22047 4
22047 37
22077 17
22077 34
22077 8
22077 9
22077 19
22077 47
22077 5
22077 28
22077 18
22077 46
22077 51
22077 33
22077 30
22077 22
22077 36
22077 49
22077 37
22077 1
22077 23
22077 44
22077 48
22077 32
22077 6
22077 21
22077 7
22077 26
22077 4
22077 50
22077 25
22077 41
22077 11
22077 2
22077 24
22077 43
22077 45
22077 14
22077 39
22077 27
22077 42
22050 20
22050 18
22050 3
22050 24
22050 7
22050 19
22050 22
22050 15
22050 14
22050 10
22050 6
22050 2
22050 5
22050 12
22050 16
22050 21
22050 9
22050 25
22050 17
21952 76
21952 8
21952 168
21952 183
21952 106
21952 4
21952 136
21952 166
21952 55
21890 388
21890 50
21890 87
21890 122
21890 343
21890 327
21890 368
21890 384
21890 383
21890 351
21890 280
21890 314
21890 308
21890 304
21890 134
21890 226
21890 489
21890 160
21890 221
21890 257
21890 52
21890 131
21890 194
21890 63
21890 25
21890 353
21890 256
21890 64
21890 293
21890 342
21890 110
21890 518
21890 108
21890 113
21890 276
21890 58
21890 197
21890 258
21890 410
21890 479
21890 266
21890 422
21890 94
21890 188
21890 277
21890 139
21890 333
21890 38
21890 123
21890 156
21890 366
21890 319
21890 354
21890 116
21890 190
21890 447
21890 146
21890 497
21890 179
21890 261
21890 249
21890 193
21890 286
21890 301
21890 393
21890 315
21890 404
21890 408
21890 273
21890 337
21890 30
21890 75
21890 363
21890 98
21890 407
21890 132
21890 125
21890 229
21890 204
21890 217
21890 380
21890 37
21890 371
21890 77
21890 452
21890 513
21890 252
21890 426
21890 457
21890 509
21890 251
21890 510
21890 107
21890 6
21890 465
21890 471
21890 299
21890 460
21890 264
21890 294
21890 316
21890 159
21890 74
21890 328
21890 330
21890 484
21890 506
21890 73
21890 185
21890 41
21890 398
21890 244
21890 364
21890 95
21890 240
21890 300
21890 61
21890 375
21890 48
21890 231
21890 233
21890 360
21890 54
21890 105
21890 250
21890 148
21890 425
21890 378
21890 254
21890 444
21890 81
21890 11
21890 456
21890 469
21890 154
21890 51
21890 153
21890 32
21890 120
21890 397
21890 140
21890 202
21890 241
21890 10
21890 458
21890 369
21890 47
21890 357
21890 186
21890 196
21890 421
21890 367
21890 516
21890 324
21890 466
21890 391
21890 323
21890 462
21890 15
21890 39
21890 358
21890 507
21890 21
21890 59
21890 338
21890 187
21890 431
21890 433
21890 278
21890 147
21890 232
21890 279
21890 49
21890 96
21890 71
21890 119
21890 207
21890 27
21890 56
21890 227
21890 292
21890 511
21890 212
21890 85
21890 104
21890 382
21890 341
21890 362
21890 454
21890 83
21890 242
21890 274
21890 386
21890 236
21890 285
21890 215
21890 182
21890 477
21890 450
21890 76
21890 224
21890 322
21890 498
21890 109
21890 415
21890 28
21890 374
21890 373
21890 504
21890 481
21890 332
21890 389
21890 135
21890 267
21890 348
21890 57
21890 459
21890 210
21890 176
21890 441
21890 263
21890 439
21890 310
21890 519
21890 508
21890 287
21890 272
21890 359
21890 13
21890 99
21890 184
21890 53
21890 137
21890 434
21890 520
21890 203
21890 355
21890 157
21890 124
21890 246
21890 320
21890 208
21890 222
21890 235
21890 387
21890 443
21890 1
21890 136
21890 491
21890 517
21890 128
21890 412
21890 515
21890 298
21890 449
21890 472
21890 403
21890 514
21890 93
21890 133
21890 34
21890 239
21890 206
21890 331
21890 365
21890 178
21890 9
21890 55
21890 475
21890 40
21890 103
21890 409
21890 78
21890 195
21890 370
21890 468
21890 352
21890 345
21890 248
21890 68
21890 175
21890 130
21890 483
21890 191
21890 29
21890 144
21890 325
21890 271
21890 60
21890 121
21890 97
21890 213
21890 486
21890 493
21890 399
21890 238
21890 438
21890 243
21890 270
21890 200
21890 282
21890 451
21890 255
21890 495
21890 309
21890 474
21890 505
21890 290
21890 237
21890 284
21890 5
21890 381
21890 361
21890 427
21890 66
21890 152
21890 326
21890 432
21890 265
21890 305
21890 496
21890 230
21890 470
21890 219
21890 476
21890 492
21890 436
21890 306
21890 336
21890 149
21890 18
21890 467
21890 281
21890 339
21890 45
21890 428
21890 463
21890 313
21890 8
21890 400
21890 253
21890 112
21890 334
21890 183
21890 448
21890 488
21890 129
21890 192
21890 302
22159 220
22159 292
22159 188
22159 350
22159 360
22159 194
22159 119
22159 240
22159 111
22159 200
22159 337
22159 69
22159 152
22159 120
22159 154
22159 85
22159 151
22159 260
22159 325
22159 348
22159 259
22159 171
22159 244
22159 130
22159 281
22159 165
22159 79
22159 160
22159 175
22159 263
22159 148
22159 115
22159 317
22159 310
22159 304
22159 267
22159 361
22159 114
22159 98
22159 293
22159 316
22159 166
22159 349
22159 156
22159 254
22159 320
22159 109
22159 12
22159 172
22159 13
22159 241
22159 127
22159 300
22159 286
22159 18
22159 212
22159 92
22159 228
22159 319
22159 155
22159 353
22159 103
22159 318
22159 336
22159 112
22159 26
22159 203
22159 227
22159 167
22159 266
22159 294
22159 105
22159 99
22159 342
22159 147
22159 116
22159 170
22159 19
22159 74
22159 70
22159 198
22159 58
22159 161
22159 234
22159 274
22159 135
22159 191
22159 306
22159 276
22159 184
22159 122
22159 247
22159 299
22159 351
22159 157
22159 332
22159 53
22159 226
22159 17
22159 177
22159 28
22159 256
22159 101
22159 6
22159 231
22159 232
22159 181
22159 289
22159 216
22159 180
22159 280
22159 195
22159 253
22159 211
22159 210
22159 217
22159 61
22159 107
22159 16
22159 187
22159 168
22159 236
22159 242
22159 27
22159 282
22159 307
22159 193
22159 264
22159 128
22159 124
22159 86
22159 322
22159 330
22159 141
22159 104
22159 89
22159 9
22159 117
22159 95
22159 118
22159 326
22159 196
22159 162
22159 131
22159 288
22159 199
22159 73
22159 143
22159 132
22159 313
22159 250
22159 2
22159 94
22159 273
22159 90
22159 3
22159 186
22159 144
22159 246
22159 303
22159 230
22159 357
22159 123
22159 359
22159 202
22159 55
22159 311
22159 68
22159 21
22159 126
22159 145
22159 271
22159 80
22159 201
22159 309
22159 222
22159 261
22159 352
22159 125
22159 290
22159 20
22159 219
22159 354
22159 65
22159 100
22159 138
22159 54
22159 346
22159 285
22159 268
22159 67
22159 81
22159 328
22159 206
22159 323
22159 176
22159 110
22159 77
22159 265
22159 335
22159 108
22159 140
22159 29
22159 1
22159 224
22159 75
22159 134
22159 324
22159 76
22159 257
22159 302
22159 8
22159 78
22159 5
22159 269
22159 192
22159 308
22159 208
22159 25
22159 296
22159 149
22159 279
22159 113
22159 182
22159 24
22159 71
22159 249
22159 11
22159 333
22159 137
22159 190
22159 189
22159 83
22159 358
22159 225
22159 233
22159 215
22159 150
22159 262
22159 277
22159 278
22159 258
22159 56
22159 60
22159 142
22159 57
22159 287
22159 7
21631 40
21631 104
21631 156
21631 74
21631 135
21631 103
21631 119
21631 1
21631 111
21631 29
21631 45
21631 134
21631 139
21631 90
21631 137
21631 76
21631 142
21631 0
21631 126
21631 147
21631 153
21631 25
21631 140
21631 143
21631 35
21631 13
21631 123
21631 3
21631 4
21631 5
21631 36
21631 80
21631 83
21631 18
21631 94
21631 107
21631 114
21631 7
21631 67
21631 118
21631 130
21631 86
21631 146
21631 110
21631 78
21631 151
21631 65
21631 71
21631 10
21631 66
21631 73
21631 82
21631 88
21631 33
21631 84
21631 23
21631 150
21631 91
21631 96
21631 9
21631 43
21631 56
21631 52
21631 155
21631 64
21631 101
21631 120
21631 138
21631 62
21631 49
21631 63
21631 124
21631 133
21631 116
21631 14
21631 15
21631 57
21631 99
21631 32
21631 72
21631 127
21631 42
21631 47
21631 87
21631 60
21631 2
21631 93
21631 125
21631 6
21631 28
21631 61
21631 68
21631 85
21631 92
21631 97
21631 21
21631 24
21631 37
21631 58
21631 112
21631 117
21631 128
21631 54
21631 11
21631 113
21631 105
21631 136
21631 16
21631 44
21631 148
21631 149
21631 12
21631 19
21631 95
21631 22
21631 34
21631 115
21631 17
21631 38
21631 41
21631 81
21608 29
21608 40
21608 45
21608 76
21608 84
21654 10
21654 28
21654 31
21654 22
21654 45
21654 5
21654 47
21654 50
21654 20
21654 42
21654 19
21654 33
21654 4
21654 11
21654 40
21654 18
21654 21
21654 36
21654 0
21654 48
21654 13
21654 1
21654 53
21654 3
21654 14
21654 26
21654 2
21654 6
21654 43
21654 51
21654 12
21654 24
21654 44
21654 17
21654 49
21654 9
21654 52
21654 54
21654 29
21654 15
21654 38
21654 37
21654 32
21654 27
21654 46
21654 35
21654 39
21654 25
21654 34
21654 8
21654 30
21654 55
22176 1
22176 5
22176 71
22176 50
22176 21
22176 146
22176 144
22176 16
22176 147
22176 46
22176 36
22176 38
22176 0
22176 139
22176 134
22176 128
22176 111
22176 60
22176 72
22176 67
22176 121
22176 31
22176 30
22176 64
22176 27
22176 10
22176 33
22176 40
22176 133
22176 138
22176 25
22176 66
21925 97
21925 35
21925 61
21925 163
21925 188
21925 151
21925 98
21925 110
21925 155
21925 62
21925 85
21925 171
21925 30
21925 168
21925 189
21925 179
21925 167
21925 46
21925 140
21925 52
21925 197
21925 137
21925 71
21925 148
21925 10
21925 20
21925 9
21925 33
21925 144
21925 116
21925 56
21925 172
21925 14
21925 28
21925 173
21925 177
21925 114
21925 84
21925 77
21925 101
21925 83
21925 150
21925 104
21925 152
21925 45
21925 58
21925 76
21925 117
21925 91
21925 92
21925 59
21925 174
21925 96
21925 130
21925 49
21925 127
21925 122
21925 82
21925 69
21925 161
21925 105
21925 48
21925 16
21925 165
21925 27
21925 109
21925 63
21925 145
21925 176
21925 136
21925 12
21925 111
21925 112
21925 37
21925 102
21925 158
21925 19
21925 118
21925 147
21925 87
21925 1
21925 41
21925 162
21925 54
21925 8
21925 73
21925 79
21925 15
21925 43
21925 22
21925 128
21925 191
21925 159
21925 129
21925 146
21925 57
21925 123
21925 181
21925 113
21925 86
21925 3
21925 88
21925 5
21925 99
21925 190
21925 103
21925 194
21925 26
21925 124
21925 133
21925 120
21925 93
21925 68
21925 119
21925 107
21925 89
21925 198
21925 184
21925 156
21925 166
21925 65
21925 153
21925 47
21925 11
21925 0
21925 23
21925 143
21925 106
21925 81
21925 94
21925 187
21925 100
21925 182
21925 74
21925 135
21925 180
21925 160
21925 134
21925 13
21925 2
21925 17
21925 6
21925 32
21925 40
21925 164
21925 80
21925 53
21925 36
21925 201
21925 202
21925 4
21925 131
21925 149
21925 7
22244 30
22244 21
22244 1
22244 5
22244 82
22244 70
22244 62
22244 76
22244 50
22244 85
22244 11
22244 22
22244 53
22244 31
22244 16
22244 23
22244 75
22244 95
22244 93
22244 20
22244 17
22244 80
22244 41
22244 27
22244 54
22244 56
22244 66
22244 37
22244 94
22244 81
22244 51
22244 33
22244 61
22244 86
22244 74
22244 25
22244 60
22244 29
22244 7
22244 64
22244 35
22244 90
22244 40
22244 26
22244 67
22244 57
22244 49
22244 43
22244 9
22244 13
22244 36
22244 77
22244 4
22244 18
22244 89
22244 10
22244 0
22244 87
22244 55
22244 73
22244 2
22244 14
22244 28
22244 96
22244 91
22244 68
22244 72
22244 45
22244 6
22244 19
22244 69
22244 59
22244 71
22244 63
22244 84
21819 8
21819 23
21819 4
21819 38
21819 26
21819 29
21819 47
21819 34
21819 44
21819 6
21819 40
21819 19
21819 36
21819 13
21819 43
21819 37
21819 42
21819 22
21819 30
21819 16
21819 24
21819 12
21819 5
21819 45
21819 20
21819 17
21819 0
21819 21
21819 9
21819 33
21819 2
21819 3
21819 39
21819 7
21819 35
21819 14
21819 32
21819 41
21819 10
21819 28
21819 1
21819 11
21819 15
21819 25
21819 27
21819 46
21937 19
21937 17
21937 14
21937 35
21937 24
21937 9
21937 7
21937 30
21937 1
21937 4
21937 29
21937 32
21937 27
21937 33
21937 16
21937 8
21937 28
21937 11
21937 34
21937 25
21937 36
21937 31
21937 21
21937 23
21937 12
21937 18
22160 60
22160 93
22160 151
22160 278
22160 14
22160 123
22160 148
22160 101
22160 145
22160 157
22160 120
22160 134
22160 52
22160 24
22160 74
22160 44
22160 104
22160 59
22160 67
22160 118
22160 39
22160 96
22160 109
22160 9
22160 105
22160 21
22160 136
22160 68
22160 22
22160 141
22160 8
22160 102
22160 48
22160 20
22160 274
22160 103
22160 153
22160 147
22160 63
22160 110
22160 270
22160 159
22160 122
22160 128
22160 91
22160 10
21903 224
21903 257
21903 373
21903 439
21903 411
21903 271
21903 319
21903 195
21903 207
21903 493
21903 431
21903 265
21903 371
21903 455
21903 416
21903 443
21903 28
21903 325
21903 13
21903 483
21903 547
21903 189
21903 12
21903 196
21903 263
21903 466
21903 454
21903 278
21903 266
21903 538
21903 458
21903 539
21903 270
21903 400
21903 464
21903 360
21903 243
21903 246
21903 300
21903 0
21903 503
21903 357
21903 380
21903 441
21903 404
21903 21
21903 191
21903 424
21903 321
21903 296
21903 459
21903 232
21903 201
21903 223
21903 446
21903 208
21903 541
21903 221
21903 444
21903 417
21903 366
21903 410
21903 401
21903 192
21903 387
21903 219
21903 511
21903 508
21903 298
21903 40
21903 428
21903 217
21903 449
21903 429
21903 313
21903 25
21903 254
21903 473
21903 222
21903 337
21903 481
21903 308
21903 16
21903 460
21903 456
21903 332
21903 339
21903 324
21903 536
21903 49
21903 287
21903 374
21903 524
21903 260
21903 27
21903 249
21903 312
21903 358
21903 273
21903 435
21903 23
21903 517
21903 31
21903 256
21903 240
21903 485
21903 438
21903 546
21903 467
21903 326
21903 225
21903 359
21903 245
21903 341
21903 496
21903 50
21903 379
21903 362
21903 350
21903 307
21903 408
21903 461
21903 43
21903 1
21903 5
21903 490
21903 426
21903 530
21903 205
21903 521
21903 197
21903 334
21903 453
21903 522
21903 289
21903 194
21903 209
21903 437
21903 370
21903 392
21903 381
21903 199
21903 261
21903 46
21903 407
21903 534
21903 230
21903 518
21903 211
21903 299
21903 44
21903 488
21903 394
21903 363
21903 497
21903 231
21903 476
21903 535
21903 343
21903 415
21903 280
21903 388
21903 477
21903 241
21903 491
21903 347
21903 356
21903 188
21903 451
21903 17
21903 391
21903 478
21903 515
21903 398
21903 285
21903 293
21903 423
21903 317
21903 41
21903 210
21903 452
21903 480
21903 361
21903 318
21903 495
21903 322
21903 510
21903 302
21903 311
21903 37
21903 526
21903 462
21903 528
21903 505
21903 193
21903 276
21903 320
21903 498
21903 405
21903 368
21903 24
21903 386
21903 15
21903 375
21903 198
21903 383
21903 440
21903 2
21903 204
21903 351
21903 237
21903 494
21903 33
21903 463
21903 327
21903 434
21903 295
21903 227
21903 6
21903 234
21903 301
21903 475
21903 484
21903 11
21903 30
21903 4
21903 34
21903 274
21903 262
21903 233
21903 544
21903 32
21903 506
21903 422
21903 310
21903 537
21903 242
21903 235
21903 540
21903 268
21903 502
21903 414
21903 279
21903 228
21903 275
21903 365
21903 29
21903 348
21903 218
21903 250
21903 382
21903 487
21903 345
21903 509
21903 329
21903 395
21903 519
21903 19
21903 516
21903 501
21903 406
21903 216
21903 283
21903 507
21903 253
21903 352
21903 239
21903 7
21903 292
21903 330
21903 316
21903 533
21903 305
21903 419
21903 474
21903 448
21903 499
21903 39
21903 384
21903 513
21903 342
21903 336
21903 531
21903 532
21903 372
21903 259
21903 315
21903 457
21903 445
21903 9
21903 226
21903 355
21903 38
21903 277
21903 465
21903 236
21903 328
21903 14
21903 255
21903 450
21903 244
21903 377
21903 203
21903 282
21903 215
21903 42
21903 20
22067 30
21636 5
21636 2
21636 11
21470 27
21470 17
21470 33
21470 34
21470 37
21470 21
21470 6
21470 15
21470 8
21470 10
21470 31
21470 26
21470 30
21612 12
21612 46
21612 62
21612 72
21612 88
21802 120
21802 12
21802 21
21802 31
21802 47
21802 64
21802 77
21802 95
21802 207
21802 203
21802 178
21802 7
21802 40
21802 196
21802 205
21802 208
21802 150
21802 2
21802 10
21802 15
21802 23
21802 37
21802 51
21802 72
21802 73
21802 100
21802 179
21802 1
21802 4
21802 16
21802 39
21802 126
21802 134
21802 127
21802 200
21802 124
21802 133
21802 191
21802 201
21802 225
21802 110
21802 142
21802 219
21802 231
21802 167
21802 236
21802 218
21802 112
21802 159
21802 160
21802 221
21802 119
21802 185
21802 190
21802 212
21802 247
21802 117
21802 169
21802 184
21802 213
21802 129
21802 138
21802 143
21802 172
21802 251
21802 176
21802 245
21802 107
21802 94
21802 232
21802 206
21802 116
21802 154
21802 199
21802 202
21802 237
21802 131
21802 174
21802 162
21802 67
21802 125
21802 121
21802 149
21802 168
21802 211
21802 215
21802 239
21802 46
21802 5
21802 19
21802 42
21802 30
21802 53
21802 78
21802 81
21802 99
21802 3
21802 18
21802 48
21802 60
21802 86
21802 104
21802 26
21802 50
21802 91
21802 163
21802 165
21802 189
21802 246
21802 151
21802 29
21802 74
21802 80
21802 204
21802 223
21802 230
21802 20
21802 41
21802 52
21802 63
21802 93
21802 101
21802 122
21802 54
21802 69
21802 96
21802 135
21802 141
21802 183
21802 195
21802 197
21802 233
21802 242
21802 243
21802 209
21802 224
21802 108
21802 145
21802 194
21802 240
21802 241
21802 148
21802 175
21802 214
21802 244
21802 157
21802 161
21802 193
21802 198
21802 22
21802 177
21802 250
21802 17
21802 43
21802 56
21802 83
21802 102
21802 109
21802 130
21802 132
21802 144
21802 210
21802 234
21802 9
21802 38
21802 11
21802 32
21802 59
21802 89
21802 90
21802 137
21802 140
21802 147
21802 180
21802 217
21802 6
21802 35
21802 61
21802 84
21802 36
21802 62
21802 68
21802 87
21802 98
21802 105
21802 227
22029 33
22029 53
22029 6
22029 16
22029 48
22029 65
22029 40
22029 4
22029 3
22029 35
22029 42
22029 45
22029 43
22029 5
22029 74
22029 10
22029 49
22029 37
22029 60
22029 73
22029 39
22029 41
22029 61
22029 27
22029 51
22029 17
22029 50
22029 28
22029 68
22029 13
22029 52
22029 26
22029 11
22029 56
22029 34
22029 36
22029 8
22029 24
22029 59
22029 31
22029 55
22029 38
22029 1
22029 25
22029 57
22029 67
22077 3
22077 40
22077 38
22077 35
22077 20
22077 29
22077 52
22077 0
21658 64
21658 32
21658 66
21658 77
21658 42
21456 11
22117 90
22117 12
22117 22
22117 70
22117 18
22117 37
22117 92
22117 32
22117 140
22117 81
22117 71
22117 160
22117 104
22117 157
22117 100
22117 161
22117 33
22117 138
22117 148
22117 19
22117 5
22117 127
22117 136
22117 142
22117 169
22117 62
22117 1
22117 94
22117 29
22117 163
22117 139
22117 110
22117 166
22117 0
22117 58
22117 23
22117 137
22117 116
22117 68
22117 14
22117 79
22117 25
22117 88
22117 162
22117 102
22117 132
22117 83
22117 87
22117 126
22117 69
22117 41
22117 63
22117 146
22117 73
22117 21
22117 155
22117 60
22117 133
22117 125
22117 66
22117 156
22117 167
22117 42
22117 67
22117 117
22117 85
22117 6
22117 143
22117 114
22117 26
22117 131
22117 35
22117 172
22117 118
22117 105
22117 24
22117 64
22117 78
22117 120
22117 77
22117 80
22117 121
22117 122
22117 150
22117 65
22117 72
22117 31
22117 111
22117 165
22117 11
22117 38
22117 113
22117 119
22117 28
22117 141
22117 159
22117 8
22117 9
22117 30
22117 112
22117 149
22117 95
22117 61
22117 4
22117 34
22117 97
22117 128
22117 16
22117 129
22117 168
22117 124
22117 98
21976 10
21788 11
21788 55
21788 61
21788 71
21788 136
21788 77
21788 85
21788 156
21788 14
21788 24
21788 99
21788 130
21788 32
21788 124
21788 45
21788 57
21788 79
21788 113
21788 144
21788 147
21788 82
21788 155
21788 20
21788 66
21788 2
21788 7
21788 10
21788 52
21788 69
21788 141
21788 148
21788 154
21788 46
21788 118
21788 125
21788 5
21788 8
21788 36
21788 17
21788 3
21788 25
21788 117
21788 123
21788 153
21788 0
21788 41
21788 49
21788 88
21788 128
21788 30
21788 27
21788 93
21788 4
21788 37
21788 22
21788 78
21788 131
21788 65
21788 126
21788 34
21788 26
21788 102
21788 111
21788 73
21788 80
21788 92
21788 135
21788 31
21788 43
21788 81
21788 103
21788 112
21788 109
21788 116
21788 39
21788 59
21788 139
21788 98
21788 42
21788 68
21788 100
21788 137
21788 19
21788 143
21788 6
21788 29
21788 54
21788 47
21788 58
21788 72
21788 134
21788 53
21788 108
21788 133
21788 150
21788 35
21788 48
21788 105
21788 74
21788 115
21788 132
21788 13
21788 145
21788 12
21788 18
21788 9
21788 83
21788 86
21788 21
21788 33
21788 138
21788 23
21788 95
21788 140
21788 16
22141 64
22141 50
22141 73
22141 173
22141 59
22141 172
22141 57
22141 119
22141 116
22141 79
22141 93
22141 23
22141 169
22141 127
22141 177
22141 66
22141 147
22141 48
22141 38
22141 1
22141 41
22141 182
22141 89
22141 80
22141 121
22141 144
22141 16
22141 183
22141 103
22141 67
22141 9
22141 118
22141 10
22141 155
22141 44
22141 114
22141 110
22141 75
22141 124
22141 46
22141 2
22141 15
22141 125
22141 156
22141 113
22141 180
22141 36
22141 106
22141 31
22141 76
22141 60
22141 153
22141 98
22141 139
22141 27
22141 149
22141 54
22141 53
22141 78
22141 167
22141 148
22141 133
22141 100
22141 61
22141 164
22141 85
22141 171
22141 0
22141 92
22141 20
22141 134
22141 136
22141 166
22141 152
22141 18
22141 55
22141 88
22141 140
22141 151
22141 102
22141 162
22141 138
22141 83
22141 126
22141 74
22141 128
22141 13
22141 30
22141 6
22141 77
22141 7
22141 150
22141 51
22141 159
22141 176
22141 14
22141 115
22141 12
22141 94
22141 56
22141 22
22141 81
22141 39
22141 179
22141 24
22141 58
22141 175
22141 163
22141 143
22141 123
22141 141
22141 45
22141 111
22141 161
22141 29
22141 105
22141 40
22141 142
22141 19
22141 72
22141 174
22141 145
22141 158
22141 11
22141 69
22141 33
22141 154
22141 71
22141 47
22141 82
22141 170
22141 90
22141 86
22141 130
22141 62
22141 109
21906 228
21719 21
21719 38
21719 75
21719 79
21719 95
21719 198
21719 344
21719 349
21719 400
21719 406
21719 408
21719 526
21719 529
21719 23
21719 134
21719 8
21577 24
21577 23
22122 5
22122 4
22122 3
22122 12
22122 13
22122 2
22122 10
22122 15
22122 8
22122 7
22122 14
22122 1
22122 9
22122 0
22122 11
22120 8
22120 12
22120 14
22120 1
22120 51
22120 2
22120 16
22120 4
22120 46
22120 40
22120 0
22120 3
22120 6
22120 43
22120 26
22120 5
22120 41
22120 11
22120 44
22120 10
22120 31
22120 17
22120 7
22120 39
22120 25
22120 9
22120 13
22120 29
22120 30
22120 24
22120 55
22120 19
22120 50
22120 57
22120 33
22120 22
22120 48
22120 53
22120 18
22120 38
22120 21
22060 11
22060 6
21848 343
21848 350
21848 359
21848 365
21848 416
21848 436
21848 353
21848 375
21848 382
21848 419
21848 430
21848 500
21848 345
21848 122
21848 288
21848 247
21848 185
21848 225
21848 231
21848 249
21848 252
21848 254
21848 257
21848 269
21848 253
21848 424
21848 453
21848 119
21848 150
21848 161
21848 307
21848 195
21848 286
21481 78
21481 96
21481 111
21481 128
21481 137
21481 19
21481 83
21481 87
21481 176
21481 26
21481 44
21481 52
21481 76
21481 88
21481 92
21481 191
21481 147
21481 175
21481 192
21481 199
21481 28
21481 69
21481 172
21481 22
21481 49
21481 85
21481 161
21481 135
21481 174
21481 200
21481 7
21481 107
21481 143
21481 179
21481 2
21481 25
21481 57
21481 70
21481 101
21481 104
21481 74
21481 24
21481 37
21481 115
21481 118
21481 131
21481 154
21481 32
21481 100
21481 102
21481 126
21481 1
21481 21
21481 65
21481 68
21481 14
21481 86
21481 122
21481 160
21481 187
21481 66
21481 158
21481 166
21481 35
21481 116
21481 130
21481 180
21481 193
21481 201
21481 9
21481 90
21481 114
21481 132
21481 144
21481 18
21481 42
21481 151
21481 182
21481 54
21481 91
21481 136
21481 197
21481 20
21481 80
21481 105
21481 164
21481 62
21481 82
21481 145
21481 149
21481 73
21481 168
21481 209
21481 16
21481 43
21481 51
21481 72
21481 60
21481 89
21481 112
21481 141
21481 29
21481 59
21481 140
21481 202
21481 106
21481 142
21481 206
21481 55
21481 94
21481 53
21481 84
21481 204
21481 71
21481 95
21481 123
21481 134
21481 3
21481 45
21481 169
21481 171
21842 18
21842 61
21842 65
21842 172
21842 176
21842 179
21842 60
21842 132
21983 30
21983 47
21983 175
21983 256
21983 59
21983 45
21983 169
21983 193
21983 184
21983 89
21983 56
21983 293
21983 178
21983 187
21983 11
21983 289
21983 119
21983 49
21983 241
21983 279
21983 80
21983 44
21983 7
21983 161
21983 189
21983 296
21983 191
21983 1
21983 36
21983 139
21983 236
21983 109
21983 166
21983 116
21983 155
21983 301
21983 215
21983 8
21983 160
21983 269
21983 298
21983 127
21983 294
21983 157
21983 125
21983 181
21983 273
21983 55
21983 304
21983 57
21983 135
21983 247
21983 69
21983 291
21983 201
21983 307
21983 3
21983 199
21983 220
21983 227
21983 286
21983 32
21983 26
21983 305
21983 231
21983 110
21983 257
21983 62
21983 211
21983 28
21983 142
21983 121
21983 35
21983 165
21983 276
21983 203
21983 120
21983 41
21983 111
21983 40
21983 185
21983 65
21983 82
21983 130
21983 209
21983 167
21983 173
21983 186
21983 29
21983 170
21983 61
21983 93
21983 86
21983 76
21983 171
21983 74
21983 306
21983 117
21983 14
21983 194
21983 198
21983 97
21983 179
21983 297
21983 39
21983 267
21983 288
21983 25
21983 124
21983 81
21983 176
21983 75
21983 17
21983 6
21983 151
21983 250
21983 99
21983 43
21983 206
21983 77
21983 134
21983 148
21983 295
21983 129
21983 274
21983 103
21983 16
21983 240
21983 226
21983 303
21983 188
21983 15
21983 79
21983 5
21983 254
21983 174
21983 225
21983 233
21983 266
21983 68
21983 207
21983 21
21983 217
21983 46
21983 58
21983 248
21983 70
21983 172
21983 115
21983 271
21983 249
21983 200
21983 235
21983 229
21983 259
21983 177
21983 145
21983 107
21983 262
21983 263
21983 114
21983 149
21983 268
21983 102
21983 88
21983 133
21983 278
21983 10
21983 214
21983 98
21983 270
21983 118
21983 230
21983 38
21983 168
21983 112
21983 31
21983 156
21983 212
21983 4
21983 261
21983 260
21983 94
21983 280
21983 158
21983 223
21983 131
21983 283
21983 154
21983 244
21983 197
21983 245
21983 147
21983 95
21983 96
21983 237
21983 52
21983 202
21983 224
21983 105
21983 13
21983 50
21983 27
21983 252
21983 90
21983 91
21983 221
21983 222
21983 264
21983 132
21983 292
21983 232
21983 152
21983 159
21983 144
21983 282
21983 101
21983 213
21699 437
21699 578
21699 512
21699 550
21699 503
21699 460
21699 515
21699 463
21699 486
21699 491
21699 504
21699 549
21699 552
21699 465
21699 490
21699 574
21699 442
21699 458
21699 571
21699 494
21699 526
21699 530
21699 432
21699 507
21699 459
21699 518
21699 469
21699 547
21941 24
21941 29
21941 33
21941 11
21667 172
21667 212
21667 241
21667 259
21667 287
21667 314
21667 375
21667 95
21667 157
21667 205
21667 243
21667 357
21667 369
21667 387
21667 178
21667 256
21667 278
21667 281
21667 326
21667 346
21667 69
21667 76
21667 99
21667 112
21667 164
21667 210
21667 239
21667 290
21667 380
21667 77
21667 100
21667 135
21667 144
21667 55
21667 83
21667 220
21667 110
21667 119
21667 127
21667 40
21667 166
21667 187
21667 221
21667 237
21667 261
21667 285
21667 299
21667 115
21667 128
21667 142
21667 152
21667 202
21667 251
21667 283
21667 298
21667 337
21667 388
21667 391
21667 44
21667 216
21667 267
21667 340
21667 41
21667 72
21667 116
21667 89
21667 244
21667 265
21667 286
21667 5
21667 21
21667 130
21667 141
21667 143
21667 149
21667 171
21667 269
21667 328
21667 361
21667 39
21667 2
21667 23
21667 182
21667 201
21667 270
21667 294
21667 343
21667 190
21667 197
21667 207
21667 234
21667 238
21667 319
21667 368
21667 196
21667 223
21667 255
21667 332
21667 345
21667 352
21667 381
21667 122
21667 132
21667 245
21667 379
21667 33
21667 165
21667 263
21667 293
21667 389
21667 61
21667 274
21667 295
21667 327
21667 372
21667 385
21667 359
21667 70
21667 103
21667 107
21667 177
21667 180
21667 224
21667 248
21667 318
21667 321
21667 163
21667 192
21667 218
21667 280
21667 292
21667 51
21667 78
21667 88
21667 62
21667 96
21667 106
21667 124
21667 179
21667 222
21667 268
21667 272
21667 330
21667 378
21667 159
21667 236
21667 382
21667 191
21667 230
21667 358
21667 211
21667 215
21667 252
21667 279
21667 312
21667 373
21667 392
21667 10
21667 90
21667 4
21667 13
21667 38
21667 154
21667 254
21667 260
21667 344
21667 48
21667 65
21667 1
21667 19
21667 20
21667 153
21667 200
21667 266
21667 334
21667 377
21667 109
21667 129
21667 47
21667 74
21667 57
21667 14
21667 24
21667 155
21667 184
21667 277
21667 315
21667 324
21667 393
21667 228
21667 242
21667 296
21667 335
21667 347
21667 32
21667 6
21667 9
21667 37
21667 46
21667 73
21667 80
21667 15
21667 125
21667 53
21667 59
21667 79
21667 108
21667 29
21667 288
21667 26
21667 27
21667 31
21667 156
21667 199
21667 203
21667 233
21667 282
21667 291
21667 310
21667 66
21667 87
21667 104
21667 137
21667 169
21667 170
21667 300
21667 7
21667 35
21667 63
21667 98
21667 195
21667 209
21667 231
21667 271
21667 297
21667 75
21667 102
21667 126
21667 189
21667 235
21667 257
21667 303
21667 305
21667 354
21667 43
21667 148
21667 97
21667 123
21667 86
21667 71
21667 84
21667 92
21667 94
21667 150
21667 49
21667 140
21667 181
21667 227
21667 186
21667 188
21667 225
21667 249
21667 320
21667 336
21667 56
21667 3
21667 206
21667 217
21667 390
21667 17
21667 28
21667 304
21667 333
21667 348
21667 353
21667 374
21667 362
21815 121
21815 356
21815 395
21815 419
21815 535
21815 72
21815 84
21815 183
21815 227
21815 281
21815 297
21815 300
21815 321
21815 499
21815 283
21815 48
21815 415
21815 424
21815 491
21815 134
21815 355
21815 392
22197 23
22197 20
22197 12
22197 24
22197 8
22197 17
22197 18
22197 15
22197 6
22197 9
22197 22
22197 7
22197 27
22197 28
22197 19
22197 4
22197 25
22197 16
22197 1
22197 21
22197 10
22197 2
22197 3
22197 0
22125 74
22125 137
22125 173
22125 107
22125 60
22125 193
22125 151
22125 172
22125 143
22125 101
22125 162
22125 161
22125 78
22125 75
22125 83
22125 35
22125 34
22125 45
22125 55
22125 81
22125 121
22125 174
22125 196
22125 38
22125 24
22125 28
22125 147
22125 91
22125 21
22125 92
22125 144
22125 68
22125 46
22125 66
22125 167
22125 7
22125 120
22125 192
22125 202
22125 49
22125 156
22125 76
22125 129
22125 89
22125 105
22125 112
22125 115
22125 42
22125 148
21505 81
21505 103
21505 32
21505 45
21505 49
21505 143
21505 6
21505 41
21505 58
21505 85
21505 134
21505 144
21505 170
21505 80
21505 40
21505 46
21505 106
21505 129
21505 169
21505 177
21505 212
21505 8
21505 108
21505 181
21505 206
21505 29
21505 62
21505 82
21505 114
21505 178
21505 184
21505 30
21505 33
21505 56
21505 121
21505 135
21505 159
21505 190
21505 84
21505 17
21505 7
21505 34
21505 66
21505 74
21505 109
21505 162
21505 13
21505 95
21505 163
21505 93
21505 127
21505 166
21505 131
21505 71
21505 100
21505 133
21505 149
21505 165
21505 204
21505 25
21505 96
21505 193
21505 101
21505 153
21505 154
21505 197
21505 102
21505 63
21505 122
21505 161
21505 126
21505 167
21505 189
21505 172
21505 21
21505 3
21505 5
21505 69
21505 208
21505 18
21505 130
21505 210
21505 9
21505 39
21505 48
21505 70
21505 139
21505 171
21505 12
21505 52
21505 67
21505 98
21505 147
21505 183
21505 192
21505 201
21505 61
21505 91
21505 124
21505 142
21505 128
21505 36
21505 42
21505 145
21505 158
21505 151
21505 79
21505 112
21505 152
21505 195
21505 173
21505 92
21505 116
21505 38
21505 54
21505 78
21505 11
21505 115
21505 50
21505 87
21505 104
21505 179
21505 180
21505 202
21505 60
21505 111
21505 176
21505 211
21505 140
21505 31
21505 119
21505 155
21505 186
21505 22
21505 90
21505 105
21505 196
21505 199
21505 47
21505 156
21505 1
21505 2
21505 35
21505 120
21505 146
21505 57
21505 73
21505 20
21505 89
21505 16
21505 28
21505 68
21505 97
21505 136
22087 89
22087 5
22087 101
22087 95
22087 33
22087 77
22087 52
22087 12
22087 91
22087 72
22087 104
22087 17
22087 8
22087 94
22087 50
22087 57
22087 114
22087 1
22087 113
22087 25
22087 96
22087 98
22087 106
22087 13
22087 19
22087 18
22087 6
22087 83
22087 36
22087 97
22087 81
22087 82
22087 46
22087 9
22087 100
22087 65
22087 93
22087 56
22087 62
22087 102
22087 111
22087 11
22087 54
22087 45
22087 110
22087 68
22087 116
22087 51
22087 22
22087 117
22087 60
22087 21
22087 59
22087 78
22087 85
22087 32
22087 105
22087 108
22087 64
22087 87
22087 48
22087 30
22087 75
22087 10
22087 90
22087 28
22087 38
22087 107
22087 109
22087 67
22087 24
22087 53
22087 16
22087 115
22087 26
22087 63
22087 29
22087 39
22087 112
22087 73
22087 70
21853 3
21853 9
21725 35
21725 17
21725 45
21725 46
21725 44
21725 40
21725 1
21725 14
21725 32
21725 11
21725 13
21725 22
21725 28
21725 42
21725 15
21725 34
21725 21
21725 20
21725 43
21725 12
21725 25
21725 9
21725 0
21725 31
21725 19
21725 24
21725 36
21725 2
21725 26
21725 39
21725 37
21725 6
21725 33
21725 10
21725 3
21725 8
21725 29
21725 5
21725 27
21725 7
21725 18
21725 16
21725 30
21725 4
21725 38
21725 23
22248 70
22248 190
21792 50
21792 196
21792 71
21792 135
21792 216
21792 0
21792 2
21792 25
21792 64
21792 169
21792 18
21792 21
21792 75
21792 84
21792 9
21792 19
21792 195
21792 52
21792 113
21792 120
21792 44
21792 107
21792 143
21792 179
21792 41
21792 55
21792 81
21792 97
21792 159
21792 218
21792 225
21792 199
21792 13
21792 118
21792 124
21792 147
21792 146
21792 92
21792 224
21792 221
21792 164
21792 72
21792 79
21792 89
21792 131
21792 149
21792 211
21792 59
21792 82
21792 22
21792 39
21792 49
21792 66
21792 106
21792 111
21792 170
21792 201
21792 5
21792 17
21792 28
21792 126
21792 23
21792 83
21792 85
21792 130
21792 142
21792 153
21792 155
21792 29
21792 206
21792 236
21792 12
21792 47
21792 100
21792 176
21792 77
21792 108
21792 230
21792 232
21792 150
21792 158
21792 186
21792 189
21792 38
21792 48
21792 121
21792 125
21792 141
21792 15
21792 104
21792 136
21792 151
21792 163
21792 24
21792 105
21792 171
21792 222
21792 160
21792 161
21792 174
21792 43
21792 60
21792 166
21792 172
21792 68
21792 76
21792 87
21792 138
21792 165
21792 1
21792 40
21792 56
21792 101
21792 128
21792 133
21792 168
21792 227
21792 215
21792 63
21792 103
21792 139
21792 182
21792 200
21792 210
21792 35
21792 235
21792 11
21792 167
21792 8
21792 62
21792 109
21792 154
21792 157
21792 117
21792 212
21792 204
21792 10
21792 65
21792 53
21792 178
21792 4
21792 73
21792 152
21792 223
21792 192
21792 30
21792 46
21792 58
21792 122
21792 61
21792 86
21792 96
21792 45
21792 70
21792 144
21792 177
21792 237
21792 209
21792 32
21792 34
21792 57
21792 91
21792 129
21792 190
21792 26
21792 51
21792 90
21792 94
21792 175
21792 220
21792 74
21792 95
21792 114
21792 115
21792 7
21792 99
21792 110
21762 0
22106 135
22106 56
22106 73
22106 126
22106 136
22106 77
22106 45
21969 103
21969 73
21969 102
21969 98
21969 47
21969 75
21969 13
21969 6
21969 109
21969 21
21969 106
21969 101
21969 72
21969 5
21969 71
21969 38
21969 36
21969 78
21969 18
21969 15
21969 100
21969 60
21969 97
21969 26
21969 42
21969 58
21969 85
21969 53
21969 86
21969 94
21969 41
21969 104
21969 99
21969 57
21969 95
21969 110
21969 89
21969 65
21969 43
22082 141
22082 156
22082 104
22082 66
22082 26
22082 171
22082 42
22082 21
22082 22
22082 71
22082 105
22082 182
22082 97
22082 20
22082 113
22082 116
22082 101
22082 132
22082 172
22082 72
22082 1
22082 112
22082 14
22082 17
22082 47
22082 87
22082 107
22082 13
22082 25
22082 100
22082 125
22082 60
22082 11
22082 168
22082 67
22082 164
22082 83
22082 154
22082 82
22082 8
22082 7
22082 161
22082 49
22082 159
22082 138
22082 0
22082 34
22082 55
22082 117
22082 147
22082 184
22082 50
22082 53
22082 157
22082 110
22082 41
22082 56
22082 32
22082 115
22082 52
22082 9
22082 54
22082 90
22082 180
22082 122
22082 94
22082 106
22082 74
22082 131
22082 124
22082 92
22082 136
22082 134
22082 51
22082 64
22082 109
22082 6
22082 12
22082 186
22082 85
22082 46
22082 43
22082 28
22082 149
22082 155
22082 183
22082 153
22082 24
22082 150
22082 81
22082 133
22082 15
22082 91
22082 185
22082 18
22082 103
22082 58
22082 79
22082 57
22082 37
22082 63
22082 119
22082 93
22082 96
22082 35
22082 118
22082 44
22082 114
22082 19
22082 38
22082 108
22082 62
22082 121
22082 137
22082 163
22082 128
22082 95
22082 187
22082 45
22082 151
22082 123
22082 126
22082 162
22082 175
22082 75
22082 181
22082 27
22082 158
22082 139
22082 69
22082 170
22082 144
22082 98
22082 169
22082 146
22082 30
22082 39
22082 152
21887 68
21887 118
21887 107
21887 67
21457 32
21457 90
21457 109
21978 101
21978 74
21978 62
21978 124
21978 192
21978 16
21978 187
21978 196
21978 186
21978 84
21978 105
21978 56
21978 181
21978 152
21978 64
21978 28
21978 106
21978 93
21978 69
21978 88
21978 98
21978 150
21978 195
21978 9
21978 129
21978 141
21978 7
21978 20
21978 118
21978 175
21978 142
21978 191
21978 67
21978 173
21978 167
21978 156
21978 162
21978 111
21978 75
21978 157
21978 122
21978 81
22251 100
22251 314
22251 243
22251 294
22251 104
22251 212
22251 283
22251 45
22251 327
22251 513
22251 223
22251 93
22251 514
22251 313
22251 540
22251 298
22251 154
22251 472
22251 229
22251 301
22251 291
22251 249
22251 196
22251 167
22251 121
22251 24
22251 192
22251 193
22251 517
22251 131
22251 64
22251 279
22251 265
22251 524
22251 90
22251 470
22251 169
22251 292
22251 299
22251 342
22251 345
22251 512
22251 16
22251 266
22251 261
22251 307
22251 174
22251 332
22251 350
22251 523
22251 204
22251 31
22251 60
22251 322
22251 158
22251 348
22251 548
22251 269
22251 527
22251 274
22251 477
22251 285
22251 264
22251 337
22251 318
22251 134
22251 170
22251 296
22251 194
22251 14
22251 491
22251 485
22251 519
22251 79
22251 518
22251 67
22251 483
22251 7
22251 135
22251 25
22251 535
22251 278
22251 111
22251 461
22251 37
22251 321
22251 160
22251 32
22251 330
22251 175
22251 208
22251 338
22251 250
22251 236
22251 234
22251 293
22251 197
22251 12
22251 43
22251 317
22251 147
22251 49
22251 4
22251 498
22251 315
22251 481
22251 102
22251 494
22251 251
22251 551
22251 271
22251 61
22251 117
22251 85
22251 232
22251 511
22251 122
22251 95
22251 195
22251 20
22251 75
22251 272
22251 51
22251 141
22251 316
22251 58
22251 245
22251 277
22251 47
22251 280
22251 161
22251 200
22251 9
22251 489
22251 73
22251 508
22251 506
22251 242
22251 152
22251 219
22251 466
22251 80
22251 126
22251 185
22251 309
22251 226
22251 233
22251 306
22251 244
22251 248
22251 474
22251 205
22251 247
22251 84
22251 123
22251 503
22251 142
22251 36
22251 522
22251 65
22251 74
22251 286
22251 319
22251 289
22251 190
22251 300
22251 53
22251 216
22251 336
22251 143
22251 127
22251 89
22251 220
22251 459
22251 521
22251 536
22251 468
22251 113
22251 133
22251 507
22251 502
22251 19
22251 46
22251 341
22251 149
22251 209
22251 77
22251 187
22251 260
22251 114
22251 541
22251 542
22251 478
22251 10
22251 71
22251 259
22251 287
22251 189
22251 531
22251 166
22251 543
22251 182
22251 276
22251 98
22251 103
22251 305
22251 119
22251 164
22251 11
22251 458
22251 479
22251 1
22251 550
22251 310
22251 267
22251 63
22251 347
22251 312
22251 323
22251 270
22251 27
22251 97
22251 326
22251 504
22251 237
22251 218
22251 42
22251 2
22251 537
22251 130
22251 41
22251 99
22251 48
22251 488
22251 109
22251 496
22251 28
22251 221
22251 26
22251 303
22251 275
22251 349
22251 320
22251 510
22251 138
22251 333
22251 81
22251 96
22251 157
22251 173
22251 179
22251 177
22251 460
22251 69
22251 475
22251 253
22251 148
22251 66
22251 495
22251 6
22251 339
22251 554
22251 246
22251 39
22251 288
22251 162
22251 57
22251 118
22251 529
22251 44
22251 555
22251 172
22251 213
22251 168
22251 5
22251 224
22251 29
22251 50
22251 241
22251 482
22251 68
22251 76
22251 35
22251 8
22251 516
22251 335
22251 547
22251 125
22251 210
22251 325
22251 38
22251 520
22251 201
22251 139
22251 101
22251 258
22251 52
22251 22
22251 463
22251 184
22251 500
22251 530
22251 151
22251 3
22251 108
22251 467
22251 153
22251 545
22251 268
22251 231
22251 15
22251 281
22251 188
22251 106
22251 493
22251 34
22251 240
22251 282
22251 88
22251 257
22251 116
22251 214
22251 163
22251 171
22251 546
21577 1
21577 10
21577 5
21577 19
21577 17
21577 20
21577 16
21577 30
21577 13
21577 22
21577 11
21577 4
21577 26
21577 9
21577 29
21577 14
21577 21
21577 6
21577 0
21577 2
21577 25
21835 23
21835 15
21835 16
22029 71
22029 66
22029 23
22029 32
22029 69
22029 46
22029 54
22029 62
22029 47
22029 70
22029 29
22029 63
22029 72
22029 9
22029 7
22029 14
22029 44
22029 0
22120 20
22120 27
22120 49
22120 23
22120 34
22120 37
22120 45
22120 54
22120 15
22120 28
22120 32
22120 36
22120 56
22120 47
21951 75
21951 29
21951 62
21951 103
21951 67
21951 87
21951 110
21951 27
21951 88
21951 93
21951 48
21951 126
21951 17
21951 59
21951 66
21951 20
21951 34
21951 117
21951 45
21951 127
21951 112
21951 128
21951 134
21951 122
21951 53
21951 68
21951 42
21951 73
21951 30
21951 90
21951 15
21951 100
21951 96
21951 119
21951 35
21951 78
21951 16
21951 38
21951 81
21951 113
21951 74
21951 26
21951 8
21951 129
21951 116
21951 40
21951 24
21951 92
21951 61
21951 115
21951 51
21951 19
21951 80
21951 84
21951 102
21951 108
21951 2
21951 121
21951 47
21951 97
21951 124
21951 60
21951 101
21951 31
21951 86
21951 133
21951 46
21951 4
21951 41
21951 28
21951 11
21951 105
21951 5
21951 13
21951 25
21951 98
21951 10
21951 37
21951 58
21951 14
21951 65
21951 104
21951 44
21951 71
21951 79
21951 118
21951 114
21951 131
21951 70
21951 1
21951 6
21951 83
21951 99
21951 109
21951 18
21951 3
21951 63
21951 9
21951 49
22189 53
22189 22
22189 62
22189 85
21730 40
21730 98
21730 103
21730 145
21730 154
21730 158
21730 192
21730 297
21868 101
21868 102
21868 105
21868 107
21868 108
21868 94
22167 62
22167 106
22167 53
22167 41
22167 107
22167 49
22167 99
21645 0
21645 15
21645 19
21645 5
21645 11
21645 14
21645 10
21645 20
21645 4
21645 8
21645 18
21645 12
21645 1
21645 13
21645 6
21645 9
21645 2
21645 22
21645 21
21645 7
21645 17
21645 16
21624 13
21624 25
21918 211
21918 224
21918 177
21918 83
21918 171
21918 219
21918 21
21918 62
21918 230
21918 180
21918 103
21857 10
21857 57
21857 75
21857 133
21857 153
21857 49
21857 54
21857 16
21925 157
21925 29
21925 200
21925 72
21925 50
21925 44
21925 18
21833 203
21833 236
21833 244
21833 248
21833 282
21833 287
21833 302
21833 325
21833 358
21833 48
21833 93
21833 364
21833 351
21833 369
21833 346
21833 461
21833 123
21833 174
21833 81
21833 90
21833 110
21833 129
21833 449
21833 502
21833 183
21833 245
21833 294
21833 301
21833 309
21833 310
21833 340
21833 347
21833 417
21833 173
21833 200
21954 43
21954 187
21954 294
21954 227
21954 67
21954 126
21954 14
21954 69
21954 93
21954 221
21954 268
21765 8
21765 24
21765 25
21765 47
21765 65
21765 44
21765 6
21765 48
21765 79
21765 45
21765 54
21765 95
21765 59
21765 86
21765 89
21765 3
21765 13
21765 88
21765 2
21765 56
21765 67
21765 99
21765 42
21765 75
21765 49
21765 61
21765 91
21765 0
21765 20
21765 23
21765 62
21765 21
21765 31
21765 26
21765 63
21765 76
21765 81
21765 4
21765 17
21765 80
21765 92
21765 93
21765 38
21765 74
21765 43
21765 94
21765 97
21765 15
21765 7
21765 14
21765 18
21765 87
21765 29
21765 5
21765 34
21765 39
21765 41
21765 58
21765 84
21765 9
21765 90
21765 1
21765 98
21765 78
21765 46
21765 60
21765 28
21765 70
21765 77
21665 19
21665 35
21665 68
21665 84
21665 116
21665 161
21665 25
21665 34
21665 92
21665 26
21665 14
21665 43
21665 109
21665 59
21665 11
21665 79
21665 88
21665 94
21665 126
21665 154
21665 147
21665 45
21665 53
21665 72
21665 97
21665 148
21665 123
21665 164
21665 27
21665 142
21665 152
21665 156
21665 51
21665 129
21665 93
21665 39
21665 40
21665 80
21665 7
21665 28
21665 58
21665 71
21665 10
21665 56
21665 70
21665 119
21665 12
21665 20
21665 36
21665 100
21665 101
21665 9
21665 61
21665 165
21665 54
21665 115
21665 158
21665 159
21665 144
21665 42
21665 124
21665 15
21665 24
21665 57
21665 111
21665 146
21665 157
21665 104
21665 0
21665 44
21665 48
21665 82
21665 96
21665 77
21665 113
21665 18
21665 76
21665 86
21665 150
21665 2
21665 4
21665 75
21665 83
21665 128
21665 41
21665 23
21665 85
21665 117
21665 140
21665 13
21665 81
21665 89
21665 155
21665 16
21665 62
21665 32
21665 63
21665 131
21665 17
21665 30
21665 50
21665 5
21665 127
21665 78
21665 110
21665 163
21665 133
21827 22
21827 23
21827 33
21827 34
21827 51
21827 1
21827 38
22099 34
22099 50
22099 80
22099 21
22099 95
22099 85
21762 6
21762 12
21762 9
21762 3
21762 5
21762 17
21762 22
21762 2
21762 18
21762 1
21762 13
21762 23
21762 10
21762 11
21762 4
21762 19
22242 463
22242 562
22242 499
22242 33
22242 228
22242 109
22242 449
22242 232
22242 151
22242 346
22242 250
22242 282
22242 522
22242 555
22242 362
22242 487
22242 100
22242 340
22242 417
22242 16
22242 147
22242 470
22242 321
22242 364
22182 47
22182 51
22182 44
22182 2
22182 7
22182 81
22182 93
22182 58
22182 54
22182 101
22182 128
22182 98
22182 36
22182 132
22182 90
22182 64
22182 133
22182 33
22182 78
22182 50
22182 27
22182 19
22182 95
22182 4
22182 60
22182 52
22182 24
22182 31
22182 15
22182 6
22182 37
22182 125
22182 96
22182 86
22182 29
22182 68
22182 113
22182 25
22182 114
22182 109
22182 8
22182 94
22182 20
22182 110
22182 102
22182 124
22182 123
22182 122
22182 32
22182 89
22182 26
22182 11
22182 39
22182 76
22182 49
22182 55
22182 63
22182 134
22182 30
22182 97
22182 131
22182 92
22182 107
22182 45
22182 3
22182 16
22182 120
22182 88
22182 77
22182 38
22182 48
22182 106
22182 57
22182 40
22182 59
22182 138
22182 14
22182 80
22182 129
22182 13
22182 22
22182 104
22182 23
22081 3
22081 44
22081 43
22081 20
22081 55
22081 51
22081 18
22081 2
22081 40
22081 42
22081 12
22081 21
22081 61
22081 0
22081 60
22081 19
22081 24
22081 28
22081 56
22081 48
22081 58
22081 5
22081 15
22081 41
22081 38
22081 52
22081 22
22081 35
22081 9
22081 1
22081 10
22081 16
22081 53
22081 26
22081 23
22081 7
22081 8
22081 32
22081 25
22081 59
22081 57
22081 45
22081 37
22081 47
22081 62
22081 46
22066 32
22066 12
22066 36
22066 37
22066 29
22066 42
22066 13
22066 34
22066 19
22066 11
22066 5
22066 35
22066 23
22066 31
22066 7
22066 25
22066 15
22066 33
22066 6
22066 27
22066 38
22066 4
22066 30
22066 21
22066 22
22066 9
22066 0
22066 3
22066 2
22066 40
22066 1
22066 14
22163 59
22163 90
22163 101
22163 49
22163 210
21660 38
21660 39
21660 143
21660 7
21660 27
21660 75
21660 97
21660 124
21660 151
21660 58
21660 100
21660 101
21660 20
21660 31
21660 107
21660 26
21660 40
21660 82
21660 48
21660 0
21660 76
21660 24
21660 86
21660 148
21660 78
21660 84
21660 73
21660 72
21660 103
21660 126
21660 152
21660 35
21660 44
21660 154
21660 66
21660 65
21660 96
21660 104
21660 102
21660 53
21660 109
21660 10
21660 149
21660 150
21660 140
21660 137
21660 85
21660 145
21660 32
21660 132
21660 3
21660 56
21660 99
21660 122
21660 17
21660 21
21660 37
21660 49
21660 64
21660 114
21660 128
21660 62
21660 92
21660 120
21660 106
21660 134
21660 94
21660 5
21660 46
21660 118
21660 1
21660 33
21660 36
21660 125
21660 155
21660 4
21660 9
21660 29
21660 54
21660 105
21660 15
21660 119
21660 25
21660 23
21660 112
21660 8
21660 133
21660 28
21660 45
21660 123
21660 30
21660 57
21660 83
21660 11
21660 80
21660 98
21660 108
21660 79
21660 117
21660 111
21660 144
21660 121
21894 9
21894 16
21894 30
21894 29
21894 39
21894 19
21894 36
21894 26
21894 6
21894 7
21894 38
21894 21
21894 25
21894 17
21894 4
21894 5
21894 45
21894 11
21894 24
21894 31
21894 22
21894 14
21894 35
21894 12
21894 3
21894 28
21894 20
21894 32
21894 0
21894 34
21894 10
21894 43
21894 23
21894 8
21894 2
21908 107
21908 81
21908 21
21908 64
21908 111
21908 57
21908 31
21908 5
21908 65
21908 9
21908 42
21908 15
21908 41
21908 95
21908 26
21908 80
21908 54
21908 61
21908 71
21908 46
21908 69
22184 44
22184 58
22184 47
22184 7
22168 246
22168 24
22168 96
22168 2
22168 179
22168 152
22168 105
22168 118
22168 66
22168 110
22168 155
22168 46
22168 213
22168 69
22168 248
22168 14
22168 231
22168 253
22168 63
22168 22
22168 108
22168 190
22168 147
22168 215
22168 153
22168 85
22168 242
22168 264
22168 8
22168 211
22168 62
22168 177
22168 106
22168 93
22168 143
22168 34
22168 6
22168 130
22168 203
22168 121
22168 146
22168 140
22168 88
22168 230
22168 114
22168 257
22168 23
22168 81
22168 101
22168 39
22168 158
22168 256
22168 25
22168 43
22168 53
22168 234
22168 19
22168 128
22168 232
22168 61
22168 192
22168 126
22168 82
22168 171
22168 224
22168 0
22168 102
22168 29
22168 197
22168 223
22168 216
22168 166
22168 40
22168 138
21592 176
21592 37
21592 88
21592 0
21592 20
21592 44
21592 110
21592 7
21592 47
21592 55
21592 167
21592 173
21592 13
21592 22
21592 72
21592 123
21769 8
21769 25
21769 11
21769 26
21769 19
21769 23
21769 38
21769 7
21769 5
21769 35
21769 17
21769 2
21769 24
21769 1
21769 32
21769 10
21769 13
21769 6
21769 14
21769 16
21769 22
21769 34
21769 0
21769 18
21769 21
21769 27
21769 12
21769 29
21769 20
21769 33
22268 56
22268 100
22268 52
22268 66
21849 0
22137 16
22137 20
22137 19
22137 1
22137 24
22137 4
22137 0
22137 43
22137 25
22137 30
22137 28
22137 34
22137 17
22137 6
22137 3
22137 50
22137 13
22137 2
22137 9
22137 48
22137 33
22137 53
22137 15
22137 29
22137 26
22137 7
22137 12
22137 27
22137 8
22137 40
22137 21
22137 39
22137 18
22137 46
22137 42
22137 35
22137 36
22137 14
22137 23
22137 45
22137 37
22137 11
22137 5
22137 49
22137 52
22137 44
22137 51
22137 38
22137 10
22137 32
22137 41
22137 22
21480 22
21480 29
21480 33
21480 77
21668 60
21668 1
21668 10
21668 43
21668 88
21668 28
21887 126
21887 71
21887 87
21887 88
21887 140
21887 124
21887 119
21887 139
21887 106
21887 72
21887 136
21887 93
21887 123
21887 97
21887 79
21887 92
21887 138
21887 80
21887 70
21887 122
21887 102
21887 108
21887 130
21887 96
21887 74
21887 85
21887 125
21887 103
21887 111
21887 128
21887 84
21887 135
21887 117
21887 99
21887 137
21887 101
21887 121
21887 78
21887 90
21887 141
21887 142
21887 110
21887 94
21887 131
21887 89
21887 75
21887 115
21887 116
21887 98
21757 226
21757 3
21757 157
21757 225
21757 39
21757 64
21757 106
21757 109
21757 122
21757 190
21757 202
21757 165
21757 126
21757 193
21757 208
21757 145
21757 74
21757 152
21757 0
21757 54
21757 79
21757 93
21757 118
21757 140
21757 159
21757 35
21757 192
21757 62
21757 37
21757 89
21757 220
21757 211
21757 20
21757 28
21757 47
21757 63
21757 87
21757 113
21757 150
21757 164
21757 199
21757 59
21757 184
21757 186
21757 5
21757 194
21757 9
21757 16
21757 30
21757 108
21757 72
21757 210
21757 52
21757 66
21757 155
21757 135
21757 2
21757 48
21757 75
21757 80
21757 95
21757 111
21757 168
21757 153
21757 169
21757 179
21757 125
21757 162
21757 219
21757 40
21757 50
21757 41
21757 104
21757 105
21757 177
21757 137
21757 33
21757 67
21757 171
21757 223
21757 203
21757 121
21757 24
21757 82
21757 96
21757 117
21757 130
21757 183
21757 14
21757 19
21757 58
21757 65
21757 91
21757 100
21757 154
21757 143
21757 7
21757 13
21757 29
21757 151
21757 49
21757 85
21757 6
21757 218
21757 139
21757 204
21757 149
21757 158
21757 216
21757 195
21757 215
21757 167
21757 17
21757 51
21757 78
21757 222
21757 127
21757 176
21757 174
21757 31
21757 119
21757 71
21757 88
21757 101
21757 115
21757 56
21757 134
21757 201
21757 55
21757 131
21757 77
21757 81
21757 86
21757 144
21757 163
21757 182
21757 212
21757 156
21757 181
21757 25
21757 43
21757 45
21757 57
21757 200
21757 10
21757 175
21757 224
21757 142
22060 35
22060 28
22060 42
22060 38
22060 16
22060 43
22060 33
22060 17
22060 20
22060 22
22060 48
21788 104
21788 96
21788 110
21788 40
21788 51
21788 60
21788 64
21788 91
21788 121
21788 94
21788 114
21788 89
21788 1
21788 142
21788 50
21788 97
21788 119
21788 56
21788 38
21788 151
21788 44
21788 84
21788 152
21788 157
21788 87
21788 28
21788 63
21788 67
21788 76
21788 120
21788 127
21788 106
21788 107
21788 158
21788 62
21788 70
21788 75
21788 90
21524 23
21524 41
21524 37
21524 45
21524 49
21524 24
21524 44
21524 40
21524 8
21524 14
21524 27
21524 12
21524 36
21524 34
21524 21
21524 26
21524 6
21524 25
21524 50
21524 35
21524 39
21524 46
21524 11
21524 20
21524 1
21524 17
21524 22
21524 32
21524 48
21524 7
21524 3
21524 10
21524 42
21524 2
21524 33
21524 47
21524 16
21811 9
21811 138
21811 475
21811 445
21811 340
21811 506
21811 465
21811 341
21811 243
21811 53
21811 332
21811 32
21811 103
21811 140
21811 5
21811 347
21811 377
21811 380
21811 388
21811 436
21811 453
21811 479
21811 517
21811 521
21811 187
21811 387
21811 288
21811 274
21811 487
21811 537
21811 116
21811 59
21811 230
21811 276
21811 373
21811 401
21811 435
21811 524
21811 326
21811 84
21811 287
21811 206
21811 329
21811 196
21811 119
21811 498
21811 215
21811 8
21811 100
21811 106
21811 127
21811 184
21811 193
21811 275
21811 278
21811 301
21811 431
21811 249
21811 440
21811 66
21811 111
21811 267
21811 398
21811 429
21811 470
21811 499
21811 519
21811 536
21811 424
21811 200
21811 447
21811 444
21811 115
21811 178
21811 295
21811 305
21811 345
21811 360
21811 482
21811 501
21811 516
21811 168
21811 511
21811 504
21811 121
21811 122
21811 414
21811 311
21811 352
21811 234
21811 131
21811 381
21811 93
21811 235
21811 420
21811 34
21811 423
21811 48
21811 277
21811 520
21811 207
21811 256
21811 58
21811 30
21811 130
21811 174
21811 237
21811 351
21811 368
21811 403
21811 419
21811 493
21811 289
21811 64
21811 466
21811 219
21811 216
21811 292
21811 308
21811 358
21811 366
21811 367
21811 400
21811 422
21811 460
21811 495
21811 13
21811 533
21811 286
21811 442
21811 104
21811 344
21811 25
21811 67
21811 108
21811 254
21811 458
21811 11
21811 43
21811 71
21811 77
21811 90
21811 201
21811 238
21811 247
21811 349
21811 132
21811 85
21811 44
21811 461
21811 333
21811 75
21811 167
21811 54
21811 236
21811 302
21811 409
21811 18
21811 456
21811 176
21811 464
21811 330
21811 39
21811 321
21811 259
21811 62
21811 146
21811 169
21811 195
21811 197
21811 310
21811 393
21811 437
21811 542
21811 462
21811 546
21811 110
21811 15
21811 213
21811 261
21811 451
21811 405
21811 331
21811 334
21811 21
21811 12
21811 339
21811 253
21811 70
21811 284
21811 95
21811 7
21811 177
21811 539
21811 73
21811 469
21811 35
21811 76
21811 80
21811 98
21811 101
21811 107
21811 153
21811 194
21811 156
21811 49
21811 481
21811 478
21811 410
21811 320
21811 2
21811 408
21811 148
21811 232
21811 503
21811 378
21811 28
21811 548
21811 459
21811 505
21811 87
21811 314
21811 24
21811 56
21811 109
21811 124
21811 355
21811 404
21811 426
21811 432
21811 443
21811 491
21811 125
21811 164
21811 203
21811 210
21811 248
21811 271
21811 309
21811 312
21811 163
21811 396
21811 313
21811 208
21811 60
21811 128
21811 205
21811 228
21811 325
21811 359
21811 418
21811 452
21811 500
21811 543
21811 188
21811 449
21811 46
21811 425
21811 371
21811 38
21811 260
21811 266
21811 268
21811 281
21811 375
21811 383
21811 397
21811 434
21811 438
21811 179
21811 40
21811 376
21811 530
21811 416
21811 63
21811 180
21811 327
21811 155
21811 346
21811 496
21811 385
21811 22
21811 145
21811 540
21811 37
21811 129
21811 231
21811 450
21811 36
21811 497
21811 221
21811 158
21811 454
21811 417
21811 430
21811 1
21811 372
21811 299
21811 343
21811 265
21811 291
21811 364
21811 413
21811 421
21811 468
21811 474
21811 490
21811 91
21811 113
21811 241
21811 297
21811 298
21811 467
21811 476
21811 484
21811 526
21811 96
21811 171
21811 356
21811 390
21811 88
21811 102
21811 160
21811 446
21811 258
21811 172
21811 0
21811 183
21811 239
21811 273
21811 282
21811 290
21811 296
21811 315
21811 342
21811 318
21811 170
21811 463
21811 477
21811 112
21811 45
21811 365
21811 161
21811 353
21811 135
21811 139
21811 185
21811 226
21811 244
21811 272
21811 283
21811 303
21811 406
21811 198
21811 354
21811 525
21811 217
21811 31
21811 227
21811 328
21811 395
21811 522
21811 541
21811 370
21811 29
21811 392
21811 269
21811 47
21811 448
21811 250
21811 240
21811 527
21811 82
21811 523
21811 255
21811 382
21811 486
21811 134
21811 218
21811 280
21811 455
21811 494
21811 515
21811 535
21811 363
21811 316
21811 137
21811 532
21811 369
21811 337
21811 480
21811 192
21811 534
21811 86
21811 338
21811 362
21811 389
21811 415
21811 457
21811 508
21811 510
21811 512
21811 52
21898 55
21898 14
21898 133
21898 98
21898 160
21898 1
21898 166
21898 67
21898 141
21898 34
21898 128
21898 70
21898 16
21898 161
21898 165
21898 136
21898 182
21898 48
21898 180
21898 139
21898 124
21898 140
21898 149
21898 176
21898 178
21898 142
21898 18
21898 114
21898 151
21898 32
21898 5
21898 132
21898 158
21898 108
21898 31
21898 175
21898 54
21898 131
21898 164
21898 96
21898 77
21898 150
21898 157
21898 40
21898 154
21898 15
21898 171
21898 152
21898 71
21898 143
21898 183
21898 99
21898 110
21898 92
21898 44
21898 104
21898 90
21898 2
21898 123
21898 19
21898 22
21898 117
21898 49
21898 63
21898 97
21898 188
21898 189
21898 45
21898 101
21898 43
21898 80
21898 47
21898 4
21898 11
21898 103
21898 0
21898 121
21898 187
21898 58
21898 65
21898 38
21898 168
21898 170
21898 84
21898 75
21898 162
21898 72
21898 87
21898 172
21898 36
21898 60
21898 129
21898 81
21898 86
21898 138
21898 27
21898 30
21898 144
21898 107
21898 93
21898 100
21898 29
21898 116
21898 12
21898 10
21898 61
21898 46
21898 39
21898 76
21898 153
21898 94
21898 122
21898 13
21898 64
21898 24
21898 118
21898 52
21898 184
21898 179
21898 8
21898 145
21898 119
21898 25
21898 56
21898 174
21898 85
21898 68
21898 41
21898 9
21898 120
21898 53
21898 79
21898 134
21898 37
21898 95
21898 125
21898 89
21898 33
21898 127
22214 17
22214 0
22214 5
22214 15
22214 23
22214 8
22214 9
22214 16
22214 4
22214 21
22214 6
22214 11
22214 18
22214 13
22214 3
22214 19
22214 7
22214 22
22214 2
22214 14
22214 20
21988 218
21988 296
21988 7
21988 124
21988 262
21988 303
21988 253
21988 319
21988 140
21988 355
21988 68
21988 114
21988 222
21988 199
21988 503
21988 298
21988 456
21988 325
21988 436
21988 495
21988 502
21988 466
21988 146
21988 376
21988 365
21988 0
21988 90
21988 251
21988 286
21988 193
21988 508
21988 322
21988 368
21988 8
21988 326
21988 505
21988 336
21988 110
21988 25
21988 414
21988 240
21988 241
21988 446
21988 462
21988 421
21988 54
21988 392
21988 370
21988 138
21988 176
21988 494
21988 373
21988 174
21988 364
21988 401
21988 455
21988 385
21988 50
21988 159
21988 461
21988 181
21988 398
21988 274
21988 524
21988 186
21988 397
21988 489
21988 411
21988 20
21988 130
21988 175
21988 377
21988 415
21988 84
21988 36
21988 160
21988 212
21988 252
21988 72
21988 500
21988 530
21988 14
21988 258
21988 9
21988 449
21988 43
21988 320
21988 42
21988 512
21988 343
21988 348
21988 179
21988 135
21988 400
21988 165
21988 517
21988 27
21988 152
21988 182
21988 280
21988 283
21988 202
21988 248
21988 442
21988 509
21988 29
21988 115
21988 74
21988 194
21988 395
21988 396
21988 278
21988 224
21988 527
21988 211
21988 137
21988 422
21988 294
21988 513
21988 300
21988 12
21988 345
21988 408
21988 226
21988 276
21988 163
21988 311
21988 200
21988 293
21988 358
21988 504
21988 132
21988 145
21988 89
21988 428
21988 525
21988 109
21988 450
21988 112
21988 225
21988 61
21988 235
21988 334
21988 139
21988 208
21988 46
21988 220
21988 342
21988 151
21988 41
21988 266
21988 92
21988 299
21988 290
21988 10
21988 473
21988 309
21988 100
21988 316
21988 167
21988 107
21988 479
21988 256
21988 127
21988 40
21988 447
21988 499
21988 53
21988 55
21988 284
21988 313
21988 85
21988 44
21988 15
21988 347
21988 405
21988 297
21988 150
21988 328
21988 122
21988 459
21988 173
21988 117
21988 134
21988 477
21988 391
21988 3
21988 71
21988 521
21988 381
21988 282
21988 310
21988 445
21988 65
21988 480
21988 429
21988 487
21988 120
21988 261
21988 96
21988 443
21988 440
21988 426
21988 157
21988 70
21988 312
21988 379
21988 239
21988 434
21988 227
21988 268
21988 126
21988 469
21988 492
21988 13
21988 231
21988 246
21988 80
21988 91
21988 1
21988 171
21988 271
21988 275
21988 57
21988 448
21988 66
21988 223
21988 420
21988 147
21988 475
21988 125
21988 234
21988 37
21988 270
21988 431
21988 470
21988 337
21988 183
21988 247
21988 433
21988 229
21988 439
21988 238
21988 321
21988 526
21988 491
21988 501
21988 143
21988 497
21988 203
21988 444
21988 438
21988 259
21988 357
21988 519
21988 292
21988 31
21988 116
21988 324
21988 196
21988 279
21988 154
21988 67
21988 285
21988 98
21988 308
21988 351
21988 272
21988 76
21988 69
21988 269
21988 51
21988 454
21988 441
21988 166
21988 393
21988 378
21988 413
21988 430
21988 188
21988 49
21988 164
21988 228
21988 187
21988 192
21988 38
21988 424
21988 77
21988 104
21988 371
21988 511
21988 485
21988 33
21988 350
21988 516
21988 375
21988 484
21988 185
21988 206
21988 255
21988 490
21988 237
21988 483
21988 32
21988 366
21988 289
21988 410
21988 522
21988 260
21988 529
21988 488
21988 86
21988 329
21988 362
21988 528
21988 263
21988 245
21988 356
21988 170
21988 404
21988 452
21988 273
21988 301
21988 418
21988 24
21988 507
21988 207
21988 467
21988 136
21988 394
21988 339
21988 471
21988 73
21988 214
21988 78
21988 383
21988 105
21988 367
21988 390
21988 129
21988 209
21988 287
21988 111
21988 463
21988 242
21988 119
21988 81
21988 144
21988 141
21988 88
21988 304
21988 254
21988 34
21988 510
21988 128
21988 478
21988 318
21988 315
21988 19
21988 47
21988 493
21988 21
21988 372
21988 75
21988 412
21988 94
21988 291
21988 407
21988 23
21988 123
21988 514
21988 482
21988 281
21988 52
21988 496
21988 474
21988 458
21988 131
21988 155
21988 338
21988 327
21988 133
21988 359
21988 387
21988 6
21988 95
21988 331
21456 15
21456 16
21456 3
21456 18
21456 0
21456 1
21456 14
21456 12
21456 17
21456 2
21952 70
21952 96
21952 77
21952 205
21952 81
21952 208
21952 18
21952 138
21952 131
21952 176
21952 25
21952 73
21952 46
21952 187
21952 111
21952 134
21952 5
21952 89
21952 101
21952 150
21952 185
21952 181
21952 141
21952 57
21952 193
21952 118
21952 149
21952 109
21952 204
21952 22
21952 63
21952 189
21952 23
21952 2
21952 125
21952 120
21952 169
21952 194
21952 43
21952 162
21952 137
21952 171
21952 174
21952 108
21952 37
21952 78
21952 146
21952 15
21952 33
21952 50
21952 36
21952 170
21952 69
21952 184
21952 88
21952 91
21952 192
21952 206
21952 64
21952 195
21952 28
21952 129
21952 80
21952 66
21952 159
21952 163
21952 26
21952 197
21952 202
21952 213
21952 54
21952 62
21952 41
21952 132
21952 117
21952 200
21952 74
21952 119
21952 133
21952 177
21952 1
21952 172
21952 190
21952 103
21952 38
21952 0
21952 51
21952 130
21952 32
21952 114
21952 45
21952 105
21952 58
21952 151
21952 12
21952 93
21952 102
21952 212
21952 98
21952 60
21952 128
21952 85
21952 34
21952 160
21952 83
21952 59
21952 49
21952 180
21952 152
21952 30
21952 207
21952 182
21952 112
21952 219
21952 104
21952 79
21952 126
21952 164
21952 48
21952 218
21952 13
21952 17
21952 201
21952 27
21952 9
21952 16
21952 47
21952 71
21952 84
21952 153
21952 175
21952 124
21952 139
21952 157
21952 7
21952 145
21952 68
21952 178
21952 196
21952 99
21952 158
21952 217
21952 100
21952 86
21952 199
21952 198
21952 65
21952 144
21952 116
21952 211
21952 39
21952 165
21952 148
21952 31
21952 115
21952 20
21952 14
21952 90
21952 215
21952 92
21952 140
22106 103
22106 21
22106 89
22106 108
22106 102
22106 144
22106 6
22106 134
22106 54
22106 3
22106 110
22106 29
22106 8
22106 40
22106 57
22106 139
22106 92
22106 44
22106 17
22106 122
22106 121
22106 47
22106 64
22106 48
22106 55
22106 118
22106 81
22106 31
22106 28
22106 143
22106 11
22106 59
22106 5
22106 107
22106 49
22106 46
22106 14
22106 43
22106 85
22106 133
22106 2
22106 71
22106 35
22106 16
22106 63
22106 91
22106 99
22106 58
22106 36
22106 105
22106 147
22106 22
22106 7
22106 76
22106 51
22106 10
22106 24
22106 104
22106 1
22106 115
22106 66
22106 34
22106 32
22106 140
22106 75
22106 128
22106 96
22106 83
22106 87
22106 33
22106 80
22106 60
22106 37
22106 141
22106 132
22106 62
22106 13
22106 72
22106 86
22106 119
22106 41
22106 20
22106 26
22106 18
22106 130
22106 15
22106 120
22106 117
22106 68
22106 79
22106 52
22106 146
22106 25
22106 98
22106 42
22106 127
22106 69
22106 39
22106 74
22107 5
22083 1
22083 41
22083 8
22083 31
22083 17
22083 30
22083 66
22083 69
22083 97
22083 42
22083 40
22083 36
22083 92
22083 58
22083 13
22083 84
22083 33
22083 34
22083 39
22083 47
22083 14
22083 21
22083 23
22083 63
22083 54
22083 44
22083 5
22083 46
22083 93
22083 78
22083 79
22083 43
22083 37
22083 81
22083 95
22083 57
22083 73
22083 10
22083 72
22083 28
22083 75
22083 99
22083 26
22083 74
22083 9
22083 15
22083 98
22083 27
22083 52
22083 56
22083 50
22083 89
22083 76
22083 11
22083 0
22083 32
22083 6
22083 22
22083 12
22083 53
22083 62
22083 68
22083 85
22083 90
22083 48
22083 82
22083 70
22083 51
21945 65
21945 9
21945 75
21945 47
21945 81
21945 48
21945 1
21945 16
21945 49
21945 40
21945 27
21945 0
21945 72
21945 50
21945 59
21945 14
21945 18
21945 4
21945 3
21945 45
21945 76
21945 55
21945 26
21945 77
21945 67
21945 19
21945 57
21945 28
21945 68
21945 17
21945 8
21945 60
21945 12
21945 5
21945 20
21945 82
21945 63
21945 78
21945 34
21945 13
21945 7
21945 64
21945 11
21945 10
21945 69
21945 71
21945 36
21945 30
21945 56
21945 21
21945 2
21945 35
21945 6
21945 33
21945 53
21945 15
21945 44
21945 58
21945 42
21945 25
21945 79
21945 24
21945 66
21945 74
21589 40
21589 6
22112 239
22112 213
22112 153
22112 28
22112 189
22112 76
22112 273
22112 57
22112 94
22112 82
22112 260
22112 261
22112 122
22112 156
22112 88
22112 175
22112 7
22112 188
22112 83
22112 106
22112 202
22112 128
22112 50
22112 147
22112 205
22112 264
22112 216
22112 151
22112 177
22112 16
22112 140
22112 271
22112 32
22112 263
22112 48
22112 302
22112 103
22112 2
22112 84
22112 166
22112 227
22112 53
22112 77
22112 215
22112 60
22112 167
22112 115
22112 41
22112 12
22112 75
22112 89
22112 256
22112 182
22112 14
22112 19
22112 108
22112 45
22112 279
22112 126
22112 99
22112 173
22112 285
22112 35
22112 96
22112 195
22112 212
22112 276
22112 112
22112 33
22112 170
22112 240
22112 129
22112 104
22112 44
22112 141
22112 80
22112 286
22112 201
22112 198
22112 142
22112 125
22112 52
22112 133
22112 303
22112 248
22112 8
22112 127
22112 157
22112 251
22112 159
22112 169
22112 237
22112 29
22112 174
22112 247
22112 197
22112 71
22112 280
22112 176
22112 268
22112 154
22112 221
22112 65
22112 78
22112 206
22112 191
22112 297
22112 249
22112 23
22112 42
22112 11
22112 283
22112 194
22112 3
22112 287
22112 289
22112 105
22112 244
22112 58
22112 211
22112 225
22112 199
22112 22
22112 73
22112 30
22112 124
22112 277
22112 204
22112 254
22112 165
22112 295
22112 135
22112 37
22112 111
22112 236
22112 163
22112 47
22112 231
22112 81
22112 62
22112 132
22112 21
22112 200
22112 281
22112 120
22112 91
22112 278
22112 168
22112 262
22112 292
22112 305
22112 296
22112 25
22112 113
22112 300
22112 86
22112 233
22112 184
22112 74
22112 72
22112 230
22112 119
22112 155
22112 139
22112 270
22112 164
22112 138
22112 298
22112 137
22112 131
22112 102
22112 255
22112 179
22112 217
22112 238
22112 68
22112 118
22112 85
22112 210
22112 269
22112 146
22112 183
22112 49
22112 95
22112 64
22112 24
22112 121
22112 6
22112 301
22112 92
22112 229
22112 101
22112 266
22112 116
22112 59
22112 100
22112 97
22112 87
22112 293
22112 274
22112 253
22112 294
22112 46
22112 98
22112 259
22112 55
22112 134
22112 93
22112 282
22112 209
22112 267
22112 180
22112 288
22112 258
22112 152
22112 17
22112 51
22112 246
22112 241
22048 11
22048 21
22048 1
22048 16
22048 7
22048 20
22048 22
22048 0
22048 4
22048 10
22048 24
22048 9
22048 15
22048 17
22048 18
22048 14
22048 3
22048 13
22048 2
22048 25
21671 4
21671 2
21671 0
21671 1
21671 7
21671 5
21671 6
21671 8
21671 3
21608 5
21608 72
21608 80
21608 0
21608 33
21608 47
21608 61
21608 8
21608 7
21608 79
21608 3
21608 89
21608 2
21608 24
21608 70
21608 75
21608 63
21608 87
21608 16
21608 67
21608 73
21608 26
21608 74
21608 14
21608 27
21608 57
21608 19
21608 53
21608 71
21608 86
21608 48
21608 54
21608 58
21608 68
21608 42
21608 32
21608 30
21608 20
21608 44
21608 21
21608 64
21608 9
21608 18
21608 55
21608 62
21608 69
21608 41
21608 56
21608 6
21608 77
21608 34
21608 85
21608 13
21608 15
21608 66
21608 88
21584 10
21478 4
21478 24
21478 23
21478 7
21478 25
21478 2
21478 19
21478 5
21478 8
21478 14
21478 17
21478 0
21478 6
21478 15
21478 18
21478 11
21478 26
21478 3
21478 16
21478 20
21478 1
21478 9
21478 12
21478 27
21478 10
21478 21
21598 39
21598 71
21598 75
21598 103
21598 45
21598 83
21598 0
21598 47
21598 69
21598 9
21598 10
21598 46
21598 67
21598 21
21598 54
21598 64
21598 22
21598 24
21598 97
21598 84
21598 80
21598 6
21598 85
21598 43
21598 90
21598 72
21598 25
21598 20
21598 51
21598 104
21598 44
21598 26
21598 36
21598 86
21598 17
21598 32
21598 87
21598 8
21598 94
21598 98
21598 3
21598 42
21598 58
21598 12
21598 23
21598 79
21598 33
21598 65
21598 96
21598 89
21598 16
21598 30
21598 76
21598 5
21598 59
21598 70
21598 60
21598 91
21598 55
21598 18
21598 4
21598 92
21598 73
21598 62
21598 95
21598 7
21598 28
21598 41
21598 2
21598 102
21598 50
21598 81
21598 40
21598 57
21598 34
21598 74
21598 1
21598 49
22184 55
22184 59
22184 24
22184 20
22184 25
22184 17
22184 14
22184 15
22184 36
22184 35
22184 34
22184 10
22184 42
22184 22
22184 29
22184 48
22184 37
22184 40
22184 18
22184 9
22184 33
22184 26
22184 60
22184 51
22184 57
22184 52
22184 27
22184 19
22184 46
22184 45
22184 23
22184 38
22184 43
22184 49
22184 53
22184 11
22184 21
21731 10
21731 50
22182 10
22182 69
21647 54
21647 9
21647 35
21647 31
21647 70
21647 139
21647 196
21647 30
21647 40
21647 47
21647 294
22089 65
22089 35
22089 41
22089 12
21750 14
21750 16
21750 3
21750 7
21750 36
21750 9
21750 37
21750 0
21750 24
21750 28
21750 35
21750 40
21750 22
21750 21
21750 29
21750 25
21750 38
21750 13
21750 12
21750 1
21750 23
21750 2
21750 10
21750 18
21750 20
21750 5
21750 31
21750 26
21750 15
21750 6
21750 8
21750 32
21750 30
21743 50
21743 21
21743 43
21743 15
21743 33
21743 76
21743 27
21743 83
21743 95
21743 52
21743 12
21743 2
21743 93
21743 6
21743 74
21743 46
21743 68
21743 75
21743 94
21743 37
21743 78
21743 88
21743 91
21743 58
21743 61
21743 45
21743 28
21743 72
21743 4
21743 7
21743 14
21743 49
21743 3
21743 22
21743 40
21743 51
21743 87
21743 82
21743 54
21743 23
21743 35
21743 19
21743 55
21743 60
21743 36
21743 81
21743 73
21743 41
21743 66
21743 86
21743 92
21743 1
21743 29
21743 30
21743 42
21743 89
21743 0
21743 24
21743 8
21743 11
21743 32
21743 17
21743 48
21743 13
21743 56
21743 90
21743 59
21743 63
21743 64
21743 80
21743 26
21743 67
21743 31
21824 22
21824 23
21824 7
21824 0
21824 33
21824 40
21824 41
21824 2
21824 3
21824 15
21824 32
21824 9
21824 28
21824 31
21824 36
21824 6
21824 35
21824 20
21824 43
21824 47
21824 16
21824 34
21824 39
21824 21
21824 13
21824 1
21824 12
21824 26
21824 17
21824 37
21824 10
21824 49
21824 4
21824 8
21824 19
21824 27
21824 38
21824 46
21873 18
21873 29
21873 12
21873 34
21873 8
21873 39
21873 32
21873 2
21873 31
21873 13
21873 3
22181 31
22181 25
22181 57
22181 18
22181 46
22181 8
22181 119
22181 138
22181 72
22181 112
22181 145
21592 56
21592 93
21592 140
21592 142
21592 148
21592 23
21592 14
21592 30
21592 100
21592 113
21592 149
21592 156
21592 77
21592 171
21592 62
21592 109
21592 52
21592 102
21592 114
21592 115
21592 121
21592 139
21592 159
21592 164
21592 169
21592 75
21592 89
21592 94
21592 19
21592 43
21592 78
21592 4
21592 111
21592 118
21592 127
21592 131
21592 178
21592 61
21592 90
21592 106
21592 70
21592 54
21592 65
21592 97
21592 124
21592 125
21592 138
21592 31
21592 101
21592 105
21592 137
21592 146
21592 150
21592 155
21592 166
21592 170
21592 175
21592 45
21592 87
21592 79
21592 81
21592 136
21592 48
21948 143
21948 116
21948 25
21948 123
21948 154
21948 161
21948 24
21948 122
21948 77
21948 93
21948 98
21948 3
21948 70
21948 100
21948 75
21948 64
21948 158
21948 69
21948 71
21948 92
21948 7
21948 139
21948 111
21948 110
21948 104
21948 145
21948 165
21948 107
21948 26
21948 53
21948 79
21948 156
21948 163
21948 54
21948 130
21948 167
21948 28
21948 0
21948 113
21948 142
21948 27
21948 11
21948 118
21948 67
21948 48
21948 32
21948 52
21948 152
21948 15
21948 146
21948 88
21948 120
21948 42
21948 14
21948 63
21948 36
21948 31
21948 126
21948 157
21948 137
21948 78
21948 20
21948 129
21948 150
21948 9
21948 46
21948 90
21948 106
21948 103
21948 147
21948 160
21948 62
21948 85
21948 37
21948 4
21948 18
21948 97
21948 6
21948 22
21948 115
21948 108
21948 94
21948 13
21948 40
21948 12
21948 17
21948 8
21948 168
21948 132
21948 134
21948 50
21948 99
21948 82
21948 16
21948 47
21948 87
21948 80
21948 109
21948 57
21948 155
21948 41
21948 43
21948 151
21948 76
21948 105
21948 29
21948 66
21948 159
21948 131
21948 55
21948 84
21948 68
21948 59
21948 74
21948 133
21948 21
21948 91
21948 164
21948 81
21948 101
21948 121
21948 2
21948 166
21948 39
21948 162
21948 144
21948 35
21948 141
21947 36
21947 49
21947 7
21947 46
21947 72
21947 97
21947 79
21947 56
21947 102
21947 69
21947 78
21947 42
21947 40
21947 111
21947 91
21947 47
21947 48
21947 22
21947 105
21947 98
21947 37
21947 2
21947 108
22211 21
22211 56
22211 33
22211 27
22211 30
22211 15
22211 51
22211 1
22211 37
22211 12
22211 77
22211 38
22211 9
22211 47
22211 71
22211 49
22211 41
22211 72
22211 18
22211 57
22211 45
22211 17
22211 5
22211 0
22211 64
22211 23
22211 14
22211 39
22211 24
22211 31
22211 44
22211 54
22211 36
22211 16
22211 19
22211 59
22211 20
22211 60
22211 22
22211 11
22211 26
22211 34
22211 75
22211 13
22211 29
22211 42
22211 6
22211 63
22211 2
22211 52
22211 78
22211 4
22211 10
22211 28
22211 35
22211 73
22211 8
22211 43
22211 40
22211 76
22211 58
22211 32
22211 74
22211 48
22211 53
22211 50
22211 62
22211 61
21652 55
21652 12
21652 58
21652 21
21652 60
21652 78
21652 43
21652 83
21652 28
21652 29
21652 68
21652 18
21652 49
21652 65
21652 16
21652 74
21652 40
21947 99
21947 57
21520 20
21520 29
21520 5
21520 41
21520 24
21520 10
21520 25
21520 26
21520 44
21520 16
21520 46
21520 23
21520 42
21520 11
21520 18
21520 43
21520 13
21520 14
21520 33
21520 45
21520 3
21520 6
21520 27
21520 39
21520 28
21520 34
21520 17
21520 15
21520 19
21520 30
21520 36
21520 21
21520 35
21520 32
21520 37
22180 91
22180 139
22180 97
22180 20
22180 64
22180 14
22180 101
21451 26
21451 12
21451 23
21451 33
21451 37
21451 13
21451 31
21451 19
21451 30
21451 41
21451 6
21451 8
21451 36
21451 38
21451 16
21451 11
21451 35
21451 4
21451 21
21451 43
21451 25
21451 14
21451 18
21451 40
21451 0
21451 28
21451 32
21451 15
21451 20
21451 7
21451 22
21451 24
21451 29
21451 1
21451 27
21451 42
21451 44
21451 9
21451 17
21451 39
21451 5
21450 54
21450 46
21450 20
21450 11
21450 35
21450 33
21450 39
21450 18
21450 1
21450 31
21450 52
21450 15
21450 42
21450 3
21450 36
21450 2
21450 47
21450 48
21450 12
21450 28
21450 45
21450 19
21450 9
21450 13
21450 37
21450 6
21450 22
21450 41
21450 29
21450 34
21450 8
21450 30
21450 49
21450 25
21450 27
21450 32
21450 40
21450 53
21450 10
21450 17
21450 5
21450 26
21865 51
21865 111
21865 182
21844 19
21844 2
21844 29
21844 75
21844 34
21844 82
21844 74
21844 4
21844 41
22207 30
22207 206
22207 71
22207 88
22207 127
22207 126
22207 108
22207 97
22207 224
22207 157
22207 181
22207 155
22207 171
22207 188
22207 13
22207 23
22207 168
22207 207
22207 208
22207 165
22207 169
22207 164
22207 80
22207 39
22207 41
22207 20
22207 44
22207 158
22207 116
22207 72
22207 163
22207 183
22207 57
22207 198
22207 99
22207 63
22207 203
22207 174
22207 212
22207 182
22207 12
22207 151
22207 149
22207 121
22207 75
22207 96
22207 130
22207 105
22207 9
22207 142
22207 135
22207 136
22207 178
22207 204
22207 111
22207 225
22207 69
22207 215
22207 133
22207 37
22207 16
22207 229
22207 64
22207 223
22207 201
22207 219
22207 101
22207 52
22207 190
22207 199
22207 4
22207 2
22207 200
22207 119
22207 185
21635 3
21635 5
21635 0
21635 10
21635 11
21635 6
21635 19
21635 7
21635 14
21635 12
21635 9
21635 15
21635 17
21635 8
21635 18
21635 4
21968 175
21968 224
21968 510
21968 512
21968 316
21968 337
21968 137
21968 534
21968 291
21968 57
21968 513
21968 171
21968 397
21968 477
21968 232
21968 114
21968 328
21968 102
21968 524
21968 431
21968 522
22173 408
21658 87
21903 393
21903 290
21903 229
21903 527
21903 8
21903 479
21903 543
21903 367
21903 267
21903 542
21903 272
21903 385
21903 297
21903 190
21903 340
21903 427
21903 200
21903 399
21903 525
21903 545
21903 248
21903 304
21903 53
21903 364
21903 47
21903 338
21903 22
21903 281
21903 369
21903 294
21903 436
21903 258
21903 48
21903 504
21903 482
21903 376
21903 520
21903 390
21903 10
21903 412
21903 238
21903 252
21903 396
21903 403
21903 425
21903 3
21903 212
21903 264
21903 418
21903 314
21903 45
21903 51
21903 284
21903 354
21903 500
21903 251
21903 306
21903 323
21903 344
21903 309
21903 349
21903 303
21903 397
21903 288
21903 523
21903 36
21903 389
21903 291
21903 409
21903 420
21903 378
21903 421
21903 26
21903 335
21903 442
21903 18
21903 187
21903 35
21903 214
21903 529
21903 447
21903 331
21903 514
21903 468
21903 202
21903 433
22107 6
22107 2
22107 10
22107 15
22107 19
22107 11
22107 23
22107 8
22107 21
22107 0
22107 17
22107 3
22107 1
22107 7
22107 13
22107 14
22107 9
22107 12
22107 18
22107 20
22107 16
22107 22
22107 4
22137 47
22042 326
22042 312
22042 349
22042 347
22042 377
22042 408
22042 365
22042 387
22042 319
22042 376
22042 324
22042 311
22042 329
22042 345
22042 337
22042 360
22042 371
22042 411
22042 389
22042 310
22042 399
22042 334
22042 323
22042 339
22042 335
22042 388
22042 301
22042 398
22042 355
22042 393
22042 342
22042 328
22042 304
22042 322
22042 373
22042 316
22042 362
22042 395
22042 400
22042 404
22042 358
22042 330
22042 394
22042 397
22042 386
22042 353
22042 307
22042 402
22042 367
22042 375
22042 369
22042 336
22042 372
22042 321
22042 403
22042 363
22042 305
22042 392
22042 314
22042 332
22042 320
22042 302
22042 340
22042 306
22042 317
22042 406
22042 391
22042 303
22042 359
22042 370
22042 327
22042 352
22159 133
21725 41
21923 126
21923 106
21923 77
21923 142
21923 154
21923 82
21923 140
21923 171
21923 4
21923 93
21923 18
21923 85
21923 116
21923 114
21923 157
21923 21
21923 8
21923 191
21923 14
21923 144
21923 61
21923 28
21923 137
21923 177
21923 130
21923 188
21923 10
21923 101
21923 104
21923 29
21923 136
21923 39
21923 97
21923 78
21923 36
21923 17
21722 0
21722 27
21722 3
22083 3
22083 80
22083 49
22083 38
22083 86
22083 55
22083 25
22083 96
22083 60
22083 20
22083 35
22083 59
22083 4
22083 65
22083 45
22083 64
22083 2
22083 7
22083 77
22083 88
22083 71
22083 87
22083 61
22083 83
22083 16
22083 94
22117 13
22117 36
22117 147
22117 86
22117 39
22117 154
21450 43
21450 44
22183 133
22183 52
22183 20
22183 19
21703 3
21703 13
21703 9
21703 7
21703 0
21703 11
21703 12
21703 2
21703 6
21703 4
21703 8
21989 27
21989 17
21989 4
21989 8
21989 29
21989 12
21989 31
21989 0
21989 34
21989 23
21989 16
21989 5
21989 40
21989 24
21989 22
21989 42
21989 28
21989 26
21989 33
21989 9
21989 39
21989 44
21989 35
21989 6
21989 30
21989 43
21989 11
21989 15
21989 20
21989 38
21989 10
21989 41
21989 13
21989 19
21692 231
21692 226
21692 229
21692 210
21692 193
21692 203
21692 213
22140 96
22140 174
22140 152
22140 303
22140 44
22140 124
22140 246
22140 72
22140 296
22140 279
22140 182
22140 181
22140 122
22140 63
22140 194
22140 119
22140 160
22140 234
22140 306
22140 12
22140 46
22140 190
22140 237
22140 170
22140 307
22140 56
22140 92
22140 235
22140 55
22140 151
22140 52
22140 202
22140 16
22140 157
22140 59
22140 225
22140 90
22140 201
22140 64
22140 191
22140 207
22140 263
22140 240
22140 93
22140 154
22140 34
22140 82
22140 61
22140 143
22140 131
22140 83
22140 228
22140 186
22140 155
22140 43
22140 147
22140 264
22140 211
22140 283
22140 98
22140 62
22140 308
22140 221
22140 108
22140 103
22140 136
22140 45
22140 168
22140 77
22140 277
22140 32
22140 230
22140 87
22140 164
22140 298
22140 199
22140 89
22140 25
22140 236
22140 76
22140 104
22140 257
22140 161
22140 304
22140 39
22140 172
22140 84
22140 210
22140 30
22140 109
22140 247
22140 203
22140 107
22140 29
22140 60
22140 312
22140 9
22140 110
22140 91
22140 149
22140 7
22140 36
22140 187
22140 54
22140 79
22140 173
22140 284
22140 141
22140 217
22140 294
22140 281
22140 2
22140 140
22140 118
22140 78
22140 37
22140 14
22140 125
22140 197
22140 71
22140 269
22140 1
22140 159
22140 188
22140 144
22140 171
22140 293
22140 243
22140 290
22140 163
22140 49
22140 224
22140 212
22140 231
22140 219
22140 300
22140 5
22140 94
22140 0
22140 271
22140 183
22140 66
22140 68
22140 139
22140 276
22140 287
22140 3
22140 305
22140 120
22140 75
22140 58
22140 38
22140 232
22140 135
22140 19
22140 215
22140 266
22140 223
22140 53
22140 138
22140 260
22140 100
22140 214
22140 31
22140 111
22140 301
22140 148
22140 204
22140 208
22140 192
22140 112
22140 302
22140 205
22140 292
22140 47
22140 209
22140 13
22140 299
22140 177
22140 33
22140 137
22140 262
22140 189
22140 185
22140 295
22140 113
22140 22
22140 6
22140 21
22140 286
22140 285
22140 213
22140 200
22140 216
22140 268
22140 114
22140 67
22140 69
22140 51
22140 222
22140 18
22140 158
22140 8
22140 48
22140 254
22140 275
22140 167
22140 41
22140 180
22140 309
22140 15
22140 127
22140 73
22140 10
22140 206
22140 134
22140 128
22140 297
22140 11
22140 35
22140 253
22140 255
22140 142
22140 198
22140 146
22140 233
22140 105
22140 132
21578 2
21578 0
21578 21
21578 16
21578 11
21578 12
21578 9
21578 20
21578 26
21578 22
21578 17
21578 8
21578 10
21578 7
21578 14
21578 1
21578 25
21578 18
21578 5
21578 19
21578 24
21578 4
21578 6
21578 15
21578 3
21578 23
21578 13
21707 8
21707 20
21707 41
21707 71
21707 44
21707 14
21707 16
21707 45
21707 23
21707 28
21707 13
21707 35
21707 10
21707 62
21707 6
21707 64
21707 15
21707 67
21707 37
21707 55
21707 58
21707 2
21707 57
21707 31
21707 69
21707 56
21707 72
21707 50
21707 66
21707 7
21707 42
21707 59
21707 36
21707 63
21707 11
21707 40
21707 54
21707 5
21707 12
21707 21
21707 29
21707 32
21707 27
21707 46
21707 26
21707 18
21707 3
21707 34
21707 25
21707 33
21707 70
21496 39
21496 6
21829 9
21829 277
21829 292
21829 303
21829 394
21829 87
21829 171
21829 176
21829 228
21829 354
21829 67
21829 474
21829 360
21829 240
21829 10
21829 76
21829 113
21829 323
21829 28
21829 12
21829 50
21829 137
21829 260
21829 385
21829 388
21829 417
21829 374
21829 481
21829 73
21829 136
21829 222
21829 227
21829 241
21829 288
21829 314
21829 332
21829 48
21829 54
21829 79
21829 91
21829 108
21829 132
21829 139
21829 138
21829 175
21829 184
21829 210
21829 305
21829 356
21829 370
21829 3
21829 32
21829 236
21829 242
21829 337
21829 346
21829 355
21829 369
21829 381
21829 150
21829 336
21829 31
21829 33
21829 45
21829 47
21829 121
21829 284
21829 157
21829 272
21829 293
21829 333
21829 357
21829 375
21829 384
21829 205
21829 372
21829 392
21829 398
21829 226
21829 246
21829 269
21829 331
21829 347
21829 377
21829 124
21829 216
21829 254
21829 300
21829 351
21829 378
21829 389
21829 486
21829 406
21829 187
21829 206
21829 320
21829 363
21829 387
21829 281
21829 301
21829 352
21829 409
21829 5
21829 29
21829 49
21829 66
21829 82
21829 92
21829 96
21829 140
21829 311
21829 353
21829 365
21829 396
21829 408
21829 416
21829 421
21829 456
21829 433
21829 460
21829 20
21829 40
21829 94
21829 127
21829 267
21829 43
21829 415
21829 443
21829 465
21829 470
21829 431
21829 445
21829 482
21829 129
21829 160
21829 263
21829 274
21829 295
21829 321
21829 168
21829 219
21829 237
21829 278
21829 312
21829 317
21829 341
21829 424
21829 462
21829 473
21829 450
21829 451
21829 464
21829 8
21829 21
21829 74
21829 98
21829 106
21829 112
21829 23
21829 24
21829 26
21829 42
21829 46
21829 53
21829 167
21829 425
21829 447
21829 467
21829 430
21829 153
21829 190
21829 213
21829 239
21829 252
21829 298
21829 350
21829 471
21829 151
21829 233
21829 438
21829 197
21829 247
21829 395
21829 404
21829 411
21829 27
21829 479
21829 457
21829 192
21829 231
21829 251
21829 259
21829 290
21829 325
21829 414
21829 418
21829 420
21829 287
21829 0
21829 186
21829 189
21829 232
21829 310
21829 22
21829 44
21829 145
21829 147
21829 169
21829 244
21829 280
21829 306
21829 358
21829 362
21829 334
21829 11
21829 37
21829 57
21829 62
21829 88
21829 95
21829 104
21829 107
21829 230
21829 444
21829 452
21829 461
21829 475
21829 183
21829 264
21829 271
21829 319
21829 367
21829 30
21829 63
21829 133
21829 165
21829 194
21829 299
21829 435
21829 439
21829 436
21829 428
21829 117
21829 152
21829 182
21829 243
21829 275
21829 297
21829 383
21829 329
21829 2
21829 313
21829 393
21829 283
21829 459
21829 327
21829 34
21829 166
21829 211
21829 223
21829 266
21829 335
21829 90
21829 131
21829 318
21829 204
21829 224
21829 225
21829 234
21829 289
21829 359
21829 405
21829 441
21829 35
21829 265
21829 446
21829 75
21829 120
21829 13
21829 52
21829 72
21829 60
21829 156
21829 185
21829 238
21829 250
21829 296
21829 93
21829 123
21829 196
21829 214
21829 257
21829 324
21829 366
21829 17
21829 338
21829 407
21829 39
21829 51
21829 68
21829 85
21829 100
21829 122
21829 426
21829 440
21829 448
21829 449
21829 282
21829 273
21829 61
21829 70
21829 84
21829 115
21829 125
21829 178
21829 454
21829 315
21829 437
21829 78
21829 135
21829 149
21829 173
21829 198
21829 215
21829 101
21829 477
21829 466
21829 126
21829 478
21829 158
21829 364
21829 423
21829 432
21829 344
21829 256
21829 380
21829 386
21829 397
21829 402
21829 412
21829 202
21829 368
21829 390
21829 400
21829 410
21829 419
21829 309
21829 472
21829 480
21829 116
21829 146
21829 164
21829 203
21829 249
21829 191
21829 286
21829 97
21829 161
21829 195
21829 207
21829 245
21829 308
21829 340
21829 468
21829 109
21829 162
21829 209
21829 255
21829 302
21829 316
21829 373
21829 144
21723 2
21723 8
21723 13
21723 20
21723 4
21723 17
21723 10
21723 11
21723 16
21723 18
21723 1
21723 7
21723 6
21723 3
21723 5
21723 9
21723 19
21749 44
21749 57
21749 60
21749 32
21749 5
21749 58
21749 45
21749 67
21749 61
21749 70
21749 37
21749 46
21749 38
21749 68
21749 42
21749 8
21749 65
21749 0
21749 64
21749 7
21749 66
21749 2
21749 56
21749 47
21749 43
21749 72
21749 59
21749 29
21749 33
21749 4
21749 34
21749 53
21749 6
21749 1
21749 15
21749 51
21749 48
21749 14
21749 49
21749 52
21749 30
21749 28
21749 63
21749 13
21749 62
21749 35
21749 71
21749 10
21749 11
21749 54
21749 41
21749 3
21749 50
21749 9
21749 36
21749 39
21749 69
21749 12
21749 40
22190 1
22190 9
22190 11
22190 15
22190 12
22190 14
22190 16
22190 3
22190 17
22190 13
22190 0
22190 8
22190 10
22190 18
22190 2
21663 119
21663 100
22044 14
22044 8
22044 23
22044 24
22044 9
22044 2
22044 19
22044 12
22044 6
22044 7
22044 13
22044 3
22044 20
22044 4
22044 17
22044 22
22044 11
22044 1
22044 25
22044 18
22044 5
22044 21
22044 10
22044 16
22044 0
21442 58
21442 81
21442 136
21442 164
21442 33
21442 96
21442 188
21442 26
21442 36
21442 88
21442 119
21442 120
21442 34
21442 56
21442 168
21442 50
21442 74
21442 29
21442 52
21442 78
21442 107
21442 166
21442 16
21442 115
21442 145
21442 184
21442 1
21442 167
21442 86
21442 110
21442 123
21442 137
21442 141
21442 148
21442 190
21442 3
21442 5
21442 6
21442 59
21442 97
21442 109
21442 193
21442 53
21442 55
21442 84
21442 104
21442 129
21442 183
21442 23
21442 31
21442 40
21442 63
21442 65
21442 171
21442 37
21442 42
21442 47
21442 174
21442 180
21442 17
21442 27
21442 49
21442 106
21442 127
21442 103
21442 82
21442 99
21442 19
21442 35
21442 89
21442 92
21442 176
21442 39
21442 155
21442 158
21442 162
21442 124
21442 170
21442 2
21442 60
21442 91
21442 121
21442 156
21442 157
21442 178
21442 181
21442 24
21442 30
21442 100
21442 154
21442 4
21442 108
21442 126
21442 130
21442 177
21442 13
21442 45
21442 93
21442 10
21442 153
21442 69
21442 71
21442 101
21442 133
21442 138
21442 191
21442 54
21442 161
21442 163
21442 12
21442 21
21442 175
21442 185
21442 20
21442 43
21442 68
21442 116
21442 8
21442 15
21442 32
21442 98
21442 41
21442 66
21442 80
21442 125
21442 147
21442 22
21442 57
21442 70
21442 77
21442 111
21442 146
21442 149
21442 7
21442 139
21442 151
21442 44
21442 112
21442 122
21442 186
21787 12
21787 221
21787 248
21787 187
21787 19
21787 63
21787 15
21787 32
21787 128
21787 166
21787 182
21787 218
21787 140
21787 69
21787 29
21787 34
21787 247
21787 174
21787 193
21787 235
21787 107
21787 135
21787 167
21787 241
21787 39
21787 37
21787 98
21787 89
21787 48
21787 121
21787 132
21787 168
21787 205
21787 209
21787 257
21787 220
21787 73
21787 170
21787 215
21787 25
21787 31
21787 78
21787 67
21787 96
21787 77
21787 207
21787 176
21787 231
21822 128
21822 35
21822 97
21822 141
21822 191
21822 204
21822 26
21822 39
21822 104
21822 165
21822 201
21822 58
21822 132
21822 179
21822 13
21822 41
21822 90
21822 172
21822 192
21822 16
21822 59
21822 96
21822 164
21822 209
21822 1
21822 53
21822 82
21822 106
21822 122
21822 131
21822 202
21822 226
21822 52
21822 176
21822 49
21822 146
21822 178
21822 187
21822 3
21822 9
21822 11
21822 61
21822 84
21822 157
21822 200
21822 8
21822 14
21822 15
21822 60
21822 93
21822 155
21822 186
21822 205
21822 6
21822 27
21822 46
21822 135
21822 193
21822 218
21822 72
21822 76
21822 99
21822 101
21822 118
21822 127
21822 156
21822 215
21822 63
21822 85
21822 124
21822 137
21822 149
21822 223
21822 71
21822 57
21822 86
21822 108
21822 42
21822 105
21822 167
21822 198
21822 229
21822 24
21822 5
21822 109
21822 136
21822 139
21822 162
21822 188
21822 100
21822 144
21822 173
21822 208
21822 221
21822 222
21822 224
21822 232
21822 7
21822 17
21822 28
21822 102
21822 185
21822 211
21822 12
21822 80
21822 121
21822 143
21822 158
21822 231
21822 150
21822 55
21822 67
21822 91
21822 94
21822 199
21822 51
21822 129
21822 174
21822 197
21822 0
21822 10
21822 33
21822 65
21822 140
21822 177
21822 69
21822 56
21822 148
21822 184
21822 225
21822 66
21822 81
21822 88
21822 113
21822 203
21822 227
21822 47
21822 62
21822 126
21822 181
21822 18
21822 74
21822 87
21822 95
21822 110
21822 130
21822 78
21822 112
21822 114
21822 210
21822 214
21822 19
21822 31
21822 111
21822 145
21822 189
21822 29
21822 77
21822 183
21822 194
21822 228
21822 4
21822 116
21822 138
21822 151
21822 216
21822 182
22209 62
22209 30
22209 44
22209 45
22209 55
22209 57
22209 25
22209 50
22209 34
22209 53
22209 36
22209 3
22209 19
22209 5
22209 10
22209 32
22209 61
22209 21
22209 41
22209 33
22209 46
22209 29
22209 35
22209 6
22209 13
22209 63
22209 27
22209 16
22209 49
22209 9
22209 52
22209 20
22209 14
22209 54
22209 24
22209 58
22209 56
22209 60
22209 23
22209 8
22209 26
22209 22
22209 2
22209 37
22209 4
22209 7
22209 64
22209 15
21978 114
21978 172
21978 22
21978 3
21978 160
21978 24
21978 179
21978 153
21978 26
21978 5
21978 158
21978 10
21978 12
21977 118
21977 30
21977 96
21977 78
21977 29
21977 11
21977 21
21977 46
21977 0
21977 110
21977 100
21977 47
21977 53
21977 36
21977 7
21977 56
21977 32
21977 34
21977 79
21977 55
21977 54
21498 15
21498 54
21498 68
21498 84
21498 113
21498 11
21498 30
21498 60
21498 121
21498 13
21498 14
21498 20
21498 78
21498 96
21498 124
21498 1
21498 2
21498 58
21498 67
21498 119
21498 21
21498 22
21498 57
21498 59
21498 107
21498 26
21498 28
21498 61
21498 85
21498 56
21498 73
21498 91
21498 103
21498 118
21498 25
21498 47
21498 49
21498 97
21498 116
21498 127
21498 3
21498 27
21498 43
21498 82
21498 108
21498 24
21498 35
21498 122
21498 33
21498 126
21498 6
21498 10
21498 17
21498 74
21498 95
21498 105
21498 72
21498 23
21498 81
21498 39
21498 52
21498 65
21498 32
21498 37
21498 64
21498 86
21498 101
21498 4
21498 44
21498 77
21498 38
21498 40
21498 110
21498 51
21498 99
21498 8
21498 42
21498 75
21498 55
21498 90
21498 94
21498 41
21498 92
21498 111
21498 19
21498 120
21498 71
21498 109
21923 13
21923 122
21923 53
21923 6
21923 87
21923 88
21923 179
21923 35
21923 145
21923 184
21923 181
21923 175
21923 158
21923 117
21923 42
21923 3
21923 9
21923 134
21923 40
21923 0
21923 172
21923 47
21923 65
21923 153
21923 50
21923 33
21923 138
21923 63
21923 92
21923 118
21923 123
21923 151
21923 62
21923 52
21923 166
21923 43
21923 100
21923 168
21923 54
21923 178
21923 159
21923 115
21923 30
21923 133
21923 162
21923 55
21923 113
21923 41
21923 71
21923 24
21923 83
21923 70
21923 128
21923 187
21923 176
21923 108
21923 94
21923 139
21923 46
21923 26
21923 48
21923 189
21923 150
21923 95
21923 57
21923 80
21923 37
21923 127
21923 107
21923 51
21923 11
21923 152
21923 81
21923 119
21923 59
21923 34
21923 103
21923 58
21923 86
21923 1
21923 143
21923 96
21923 89
21923 69
21923 147
21923 66
21923 190
21923 170
21923 15
21923 19
21923 141
21923 27
21923 169
21923 84
21923 156
21923 174
21923 146
21923 91
21923 5
21923 90
21923 60
21923 109
21923 148
21923 163
21923 183
21923 111
21923 155
21923 124
21923 12
21923 121
21923 120
21923 38
21923 167
21923 129
21923 131
21923 164
21923 132
21923 186
21923 23
21923 20
21923 45
21923 22
21923 180
21923 193
21923 44
21923 16
21923 192
21923 105
21923 102
21923 149
21923 2
21923 67
21923 76
21923 98
21923 173
21923 112
21923 135
21923 185
21923 68
21923 165
21923 99
21923 161
21923 79
21913 59
21913 75
21913 155
21913 166
21913 103
21913 80
21913 89
21913 104
21913 127
21913 108
21913 148
21913 94
21913 26
21913 142
21913 40
21913 57
21913 39
21913 143
21913 119
21913 144
21913 101
21913 69
21913 140
21913 12
21913 124
21913 23
21913 68
21913 154
21913 24
22244 47
22244 15
21719 483
21719 518
21719 531
21719 163
21719 228
21719 333
21719 512
21719 521
21719 34
21719 113
21719 297
21719 306
21719 335
21719 405
21719 432
21719 465
21719 506
21719 524
21719 68
21719 143
21719 197
21719 276
21719 318
21719 331
21719 456
21719 491
21719 503
21719 25
21719 26
21719 217
21719 229
21719 272
21719 293
21719 361
21719 375
21719 387
21719 419
21719 267
21719 485
21719 49
21719 52
21719 218
21719 234
21719 260
21719 305
21719 354
21719 364
21719 378
21719 461
21719 72
21719 48
21719 209
21719 261
21719 63
21719 136
21719 184
21719 232
21719 237
21719 324
21719 389
21719 392
21719 423
21719 450
21719 128
21719 248
21719 310
21719 370
21719 396
21719 421
21719 438
21719 482
21719 500
21719 515
21719 35
21719 40
21719 252
21719 270
21719 273
21719 296
21719 381
21719 390
21719 399
21719 463
21719 2
21719 176
21719 97
21719 150
21719 175
21719 196
21719 282
21719 316
21719 352
21719 384
21719 444
21719 479
21719 138
21719 291
21719 517
21719 5
21719 522
21719 103
21719 442
21719 33
21719 39
21719 86
21719 115
21719 117
21719 179
21719 256
21719 259
21719 307
21719 468
21719 78
21719 93
21719 156
21719 181
21719 373
21719 386
21719 395
21719 437
21719 474
21719 420
21719 126
21719 235
21719 309
21719 144
21719 398
21719 277
21719 353
21719 402
21719 299
21719 37
21719 426
21719 308
21719 346
21719 92
21719 107
21719 172
21719 311
21719 338
21719 371
21719 434
21719 455
21719 473
21719 488
21719 24
21719 460
21719 17
21719 508
21719 110
21719 132
21719 203
21719 219
21719 226
21719 298
21719 368
21719 415
21719 441
21719 487
21719 369
21719 41
21719 104
21719 133
21719 135
21719 258
21719 362
21719 425
21719 435
21719 490
21719 494
21719 66
21719 102
21719 137
21719 169
21719 171
21719 187
21719 300
21719 372
21719 393
21719 466
21719 124
21719 64
21719 142
21719 164
21719 173
21719 319
21719 330
21719 382
21719 497
21719 507
21719 509
21719 50
21719 58
21719 182
21719 220
21719 221
21719 236
21719 240
21719 241
21719 304
21719 332
21719 130
21719 359
21719 502
21719 505
21719 189
21719 94
21719 146
21719 216
21719 264
21719 416
21719 427
21719 430
21719 445
21719 520
21719 46
21719 108
21719 158
21719 168
21719 190
21719 283
21719 347
21719 403
21719 407
21719 449
21719 96
21719 328
21719 534
21719 535
21719 18
21719 61
21719 28
21719 60
21719 65
21719 121
21719 167
21719 193
21719 215
21719 388
21719 422
21719 154
21719 105
21719 59
21719 74
21719 118
21719 139
21719 231
21719 257
21719 266
21719 363
21719 451
21719 457
21719 274
21719 431
21719 4
21719 470
21719 109
21719 47
21719 87
21719 367
21719 70
21719 211
21719 223
21719 262
21719 325
21719 357
21719 366
21719 464
21719 471
21719 0
21719 11
21719 45
21719 98
21719 162
21719 265
21719 312
21719 329
21719 374
21719 409
21719 417
21719 439
21719 42
21719 127
21719 245
21719 271
21719 355
21719 358
21719 413
21719 428
21719 452
21719 475
21719 9
21719 19
21719 336
21719 397
21719 3
21719 157
21719 210
21719 239
21719 290
21719 322
21719 343
21719 377
21719 414
21719 462
21719 499
21719 213
21719 30
21719 36
21719 114
21719 125
21719 170
21719 186
21719 233
21719 453
21719 454
21719 495
21719 1
21719 76
21719 15
21719 263
21719 88
21719 100
21719 292
21719 339
21719 55
21719 57
21719 77
21719 224
21719 278
21719 394
21719 429
21719 458
21719 477
21719 160
21719 525
21719 6
21719 340
21719 10
21719 22
21719 20
21719 194
21719 199
21719 249
21719 268
21719 286
21719 321
21719 380
21719 385
21719 476
21719 486
21719 174
21719 317
21719 275
21719 279
21712 14
21712 23
21712 15
21712 26
21712 29
21712 11
21712 1
21712 3
21712 4
21712 10
21712 0
21712 2
21712 7
21712 9
21712 28
21712 18
21712 24
21712 12
21712 27
21712 17
21712 19
21712 20
21712 5
22267 26
22267 15
22267 1
22267 6
22267 2
22267 3
22267 30
22267 25
22267 5
22267 39
22267 11
22267 36
22267 19
22195 7
22195 21
21510 460
21510 477
21510 495
21510 497
21510 535
21510 536
21510 548
21510 166
21510 248
21510 277
21510 46
21510 102
21510 187
21510 267
21510 321
21510 436
21510 334
21510 58
21510 355
21510 365
21510 368
21510 0
21510 108
21510 110
21510 117
21510 132
21510 165
21510 239
21510 259
21510 364
21510 40
21510 206
21510 77
21510 123
21510 253
21510 298
21510 81
21510 369
21510 391
21510 266
21510 293
21510 39
21510 48
21510 120
21510 399
21510 173
21510 223
21510 406
21510 409
21510 247
21510 17
21510 47
21510 290
21510 346
21510 363
21510 402
21510 67
21510 143
21510 148
21510 229
21510 231
21510 496
21510 61
21510 214
21510 257
21510 432
21510 488
21510 490
21510 501
21510 525
21510 543
21510 549
21510 136
21510 221
21510 487
21510 84
21510 164
21510 169
21510 186
21510 135
21510 375
21510 146
21510 227
21510 261
21510 13
21510 64
21510 99
21510 133
21510 138
21510 155
21510 235
21510 272
21510 294
21510 342
21510 23
21510 25
21510 151
21510 200
21510 315
21510 347
21510 302
21510 340
21510 345
21510 419
21510 121
21510 198
21510 280
21510 415
21510 113
21510 129
21510 327
21510 21
21510 57
21510 85
21510 88
21510 95
21510 141
21510 171
21510 204
21510 92
21510 111
21510 170
21510 178
21510 183
21510 209
21510 273
21510 300
21510 343
21510 162
21510 55
21510 256
21510 333
21510 378
21510 359
21510 366
21510 98
21510 106
21510 260
21510 308
21510 149
21510 103
21510 114
21510 189
21510 462
21510 513
21510 522
21510 530
21510 553
21510 50
21510 217
21510 295
21510 381
21510 387
21510 6
21510 87
21510 160
21510 212
21510 351
21510 382
21510 429
21510 442
21510 19
21510 107
21510 139
21510 156
21510 176
21510 228
21510 271
21510 456
21510 480
21510 499
21510 534
21510 550
21510 453
21510 486
21510 503
21510 552
21510 152
21510 389
21510 83
21510 33
21510 367
21510 377
21510 408
21510 286
21510 426
21510 182
21510 275
21510 73
21510 326
21510 249
21510 393
21510 386
21510 210
21510 240
21510 329
21510 451
21510 9
21510 66
21510 74
21510 341
21510 468
21510 470
21510 526
21510 65
21510 157
21510 311
21510 323
21510 193
21510 258
21510 401
21510 76
21510 431
21510 434
21510 437
21510 459
21510 469
21510 474
21510 506
21510 542
21510 51
21510 115
21510 53
21510 75
21510 142
21510 316
21510 59
21510 70
21510 417
21510 45
21510 190
21510 205
21510 213
21510 309
21510 433
21510 438
21510 458
21510 471
21510 472
21510 475
21510 494
21510 527
21510 546
21510 444
21510 445
21510 450
21510 452
21510 507
21510 554
21510 68
21510 225
21510 318
21510 405
21510 416
21510 54
21510 299
21510 199
21510 285
21510 14
21510 251
21510 404
21510 237
21510 144
21510 34
21510 167
21510 350
21510 514
21510 529
21510 556
21510 20
21510 42
21510 301
21510 335
21510 22
21510 86
21510 262
21510 116
21510 224
21510 373
21510 410
21510 394
21510 520
21510 32
21510 395
21510 2
21510 41
21510 130
21510 230
21510 358
21510 400
21510 461
21510 481
21510 493
21510 502
21510 504
21510 512
21510 551
21510 27
21510 56
21510 63
21510 125
21510 140
21510 168
21510 188
21510 191
21510 219
21510 243
21510 30
21510 423
21510 5
21510 242
21510 4
21510 252
21510 457
21510 492
21510 508
21510 510
21510 523
21510 28
21510 233
21510 265
21510 338
21510 398
21510 174
21510 222
21510 284
21510 297
21510 372
21510 317
21510 473
21510 482
21510 515
21510 540
21510 119
21510 255
21510 145
21510 215
21510 407
21510 421
21510 440
21510 447
21510 104
21510 208
21510 268
21510 112
21510 175
21510 269
21510 274
21510 425
21510 29
21510 118
21510 245
21510 354
21510 100
21510 10
21510 154
21510 179
21510 304
21510 1
21510 403
21510 109
21510 127
21510 287
21510 52
21510 250
21510 101
21510 134
21510 339
21510 16
21510 390
21510 424
21510 89
21510 538
21510 26
21510 185
21510 276
21510 313
21510 413
21510 296
21510 430
21510 196
21510 18
21510 306
21510 324
21510 420
21510 441
21510 465
21510 467
21510 484
21510 500
21510 521
21510 532
21510 537
21459 22
21459 74
21459 97
21459 28
21459 37
21459 64
21459 75
21459 2
21459 12
21459 40
21459 67
21459 8
21459 69
21459 106
21459 47
21459 68
21459 1
21459 31
21459 41
21459 58
21459 70
21459 50
21459 94
21459 104
21459 35
21459 45
21459 91
21459 48
21459 59
21459 62
21459 93
21459 92
21459 56
21459 76
21459 87
21459 6
21459 84
21459 78
21459 7
21459 86
21459 96
21459 55
21459 61
21459 81
21459 0
21459 73
21459 3
21459 26
21459 46
21459 10
21459 66
21459 51
21459 79
21459 36
21459 65
21459 33
21459 44
21459 29
21459 43
21459 13
21459 14
21459 42
21459 63
21459 24
21459 98
21459 54
21459 23
21459 105
21459 21
21896 9
21747 4
21747 26
21747 82
21747 21
21747 31
21747 30
21747 70
21747 109
21747 69
21747 104
21747 83
21747 2
21747 27
21747 65
21747 48
21747 22
21747 78
21747 45
21747 102
21747 13
21747 49
21747 91
21747 93
21747 8
21747 28
21747 57
21747 68
21747 94
21747 15
21747 50
21747 40
21747 75
21747 92
21747 95
21747 14
21747 19
21747 42
21747 33
21747 46
21747 97
21747 101
21747 86
21747 41
21747 24
21747 52
21747 56
21747 84
21747 100
21747 39
21747 61
21747 9
21747 44
21747 67
21747 103
21747 12
21747 54
21747 10
21747 20
21747 23
21747 35
21747 66
21747 76
21747 80
21747 64
21747 73
21747 107
21747 29
21747 32
21747 34
21747 88
21747 37
21747 89
21747 1
21747 98
21747 96
21747 105
21747 43
21747 5
21747 17
21747 38
21747 81
21747 6
21747 58
21747 90
21747 51
21747 59
21747 74
21747 71
21747 79
21747 3
21747 77
21747 87
21747 108
21747 7
21747 16
21747 18
21747 72
21747 0
21747 11
21747 25
21747 53
21747 99
21747 60
21813 127
21813 70
21813 143
21813 154
21813 163
22105 260
22105 151
22105 66
22105 173
22105 55
22105 198
22105 42
22105 167
22105 295
22105 90
22105 222
22105 11
22105 135
22105 118
22105 168
22105 201
22105 16
22105 92
22105 156
22105 244
22105 158
22105 136
22105 208
22105 75
22105 196
22105 81
22105 197
22105 212
22105 181
22105 288
22105 73
22105 6
22105 242
22105 302
22105 146
22105 99
22105 219
22105 297
22105 215
22105 4
22105 262
22105 191
22105 138
22105 177
22105 0
22105 21
22105 202
22105 193
22105 261
22105 10
22105 51
22105 200
22105 190
22105 27
22105 22
22105 29
22105 129
22105 3
22105 28
22105 296
22105 139
22105 56
22105 35
22105 187
22105 265
22105 228
22105 104
22105 46
22105 93
22105 163
22105 65
22105 272
22105 24
22105 102
22105 38
22105 226
22105 117
22105 115
22105 105
22105 298
22105 205
22105 188
22105 189
22105 7
22105 172
22105 155
22105 289
22105 12
22105 103
22105 257
22105 67
22105 263
22105 9
22105 175
22105 273
22105 280
22105 37
22105 300
22105 256
22105 100
22105 271
22105 123
22105 41
22105 270
22105 132
22105 282
22105 154
22105 63
22105 259
22105 220
22105 281
22105 182
22105 47
22105 124
22105 174
22105 125
22105 180
22105 207
22105 301
22105 235
22105 254
22105 49
22105 164
22105 85
22105 246
22105 286
22105 184
22105 31
22105 148
22105 277
22105 53
22105 248
22105 101
22105 243
22105 238
22105 45
22105 224
22105 39
22105 287
22105 110
22105 76
22105 97
22105 98
22105 267
22105 165
22105 150
22105 210
22105 61
22105 206
22105 241
22105 268
22105 122
22105 245
22105 249
22105 1
22105 252
22105 30
22105 218
22105 131
22105 194
22105 141
22105 251
22105 94
22105 149
22105 8
22105 114
22105 80
22105 276
22105 50
22105 108
22105 186
22105 199
22105 161
22105 233
22105 68
22105 36
22105 159
22105 58
22105 130
22105 170
22105 19
22105 299
22105 304
22105 84
22105 33
22105 290
22105 140
22105 221
22105 152
22105 237
22105 14
22105 96
22105 48
22105 106
22105 292
22105 116
22105 137
22105 126
22105 32
22105 160
22105 255
22105 171
22105 227
22105 293
22105 134
22105 153
22105 25
22105 204
22058 454
22058 447
22058 365
22058 406
22058 563
22058 465
22058 540
22058 559
22058 433
22058 456
22058 567
22058 468
22058 478
22058 484
22058 388
22058 378
22058 354
22058 511
22058 470
22058 525
22058 386
22058 370
22058 389
22058 452
22058 367
22058 579
22058 512
22058 479
22058 462
22058 362
22058 551
22058 520
22058 401
22058 453
22058 473
22058 476
22058 545
22058 459
22058 446
22058 361
22058 427
22058 565
22058 581
22058 506
22058 428
22058 417
22058 359
22058 526
22058 402
22058 528
22058 356
22058 472
22058 573
22058 561
22058 391
22058 547
22058 399
22058 552
22058 425
22058 519
22058 383
22058 436
22058 432
22058 523
22058 491
22058 405
22058 413
22058 555
22058 360
22058 419
22058 363
22058 474
22058 550
22058 488
22058 434
22058 464
22058 440
22058 537
22058 471
22058 570
22058 566
22058 562
22058 455
22058 410
22058 469
22058 441
22058 507
22058 504
22058 396
22058 515
22058 490
22058 576
22058 442
22058 463
22058 502
22058 371
22058 477
22058 435
22058 372
22058 375
22058 527
22058 364
22058 430
22058 574
22058 534
22058 557
22058 541
22058 514
22058 424
22058 544
22058 487
22058 503
22058 522
22058 498
22058 369
22058 457
22058 366
22058 448
22058 516
22058 549
22058 524
22058 569
22058 421
22058 543
22058 400
22058 467
22058 376
22058 521
22058 451
22058 418
22058 500
22058 531
22058 439
22058 494
22058 564
22058 481
22058 510
22058 358
22058 397
22058 575
22058 578
22058 508
22058 493
22058 548
22058 580
22058 444
22058 382
22058 497
22058 560
22058 518
22058 486
22058 485
22058 482
22058 384
22058 509
22058 458
22058 373
22058 429
22058 449
22058 529
22058 426
22058 394
22058 393
22058 422
21529 350
21529 367
21529 369
21529 372
21529 442
21529 456
21529 498
21529 108
21529 138
21529 186
21529 230
21529 272
21529 273
21529 287
21529 290
21529 15
21529 29
21529 78
21529 85
21529 119
21529 227
21529 266
21529 1
21529 30
21529 136
21529 171
21529 301
21529 378
21529 387
21529 475
21529 503
21529 45
21529 117
21529 154
21529 188
21529 203
21529 308
21529 338
21529 416
21529 425
21529 514
21529 31
21529 44
21529 235
21529 257
21529 271
21529 382
21529 316
21529 322
21529 326
21529 337
21529 380
21529 506
21529 523
21529 525
21529 320
21529 364
21529 366
21529 423
21529 448
21529 453
21529 483
21529 491
21529 507
21529 529
21529 39
21529 94
21529 134
21529 144
21529 199
21529 20
21529 66
21529 75
21529 164
21529 229
21529 276
21529 102
21529 196
21529 237
21529 261
21529 22
21529 72
21529 97
21529 159
21529 168
21529 187
21529 262
21529 282
21529 324
21529 429
21529 434
21529 436
21529 450
21529 482
21529 129
21529 10
21529 11
21529 110
21529 170
21529 172
21529 248
21529 270
21529 6
21529 41
21529 81
21529 101
21529 176
21529 228
21529 17
21529 104
21529 121
21529 174
21529 189
21529 242
21529 306
21529 354
21529 375
21529 455
21529 511
21529 541
21529 552
21529 325
21529 344
21529 348
21529 417
21529 432
21529 468
21529 528
21529 534
21529 309
21529 399
21529 407
21529 430
21529 440
21529 452
21529 540
21529 542
21529 555
21529 327
21529 352
21529 404
21529 424
21529 426
21529 445
21529 467
21529 544
21529 143
21529 149
21529 165
21529 207
21529 223
21529 259
21529 77
21529 167
21529 205
21529 219
21529 113
21529 123
21529 182
21529 209
21529 253
21529 343
21529 391
21529 419
21529 435
21529 501
21529 537
21529 3
21529 4
21529 86
21529 157
21529 52
21529 2
21529 150
21529 274
21529 285
21529 293
21529 339
21529 355
21529 397
21529 412
21529 469
21529 512
21529 530
21529 361
21529 385
21529 406
21529 473
21529 531
21529 553
21529 558
21529 35
21529 69
21529 87
21529 175
21529 232
21529 331
21529 342
21529 365
21529 374
21529 414
21529 495
21529 515
21529 520
21529 82
21529 107
21529 185
21529 217
21529 305
21529 336
21529 351
21529 402
21529 415
21529 466
21529 538
21529 557
21529 43
21529 55
21529 57
21529 99
21529 132
21529 247
21529 13
21529 58
21529 112
21529 127
21529 161
21529 216
21529 236
21529 370
21529 463
21529 504
21529 562
21529 16
21529 323
21529 332
21529 353
21529 362
21529 371
21529 518
21529 539
21529 300
21529 80
21529 42
21529 46
21529 74
21529 106
21529 116
21529 163
21529 214
21529 388
21529 401
21529 418
21529 431
21529 477
21529 480
21529 505
21529 54
21529 114
21529 120
21529 130
21529 210
21529 275
21529 286
21529 307
21529 312
21529 321
21529 363
21529 379
21529 392
21529 516
21529 526
21529 95
21529 225
21529 249
21529 267
21529 292
21529 294
21529 296
21529 298
21529 303
21529 297
21529 359
21529 422
21529 458
21529 464
21529 478
21529 527
21529 340
21529 376
21529 395
21529 460
21529 470
21529 499
21529 18
21529 47
21529 59
21529 79
21529 115
21529 135
21529 200
21529 208
21529 212
21529 60
21529 61
21529 71
21529 155
21529 179
21529 226
21529 239
21529 268
21529 5
21529 92
21529 96
21529 173
21529 213
21529 310
21529 315
21529 457
21529 459
21529 551
21529 311
21529 333
21529 384
21529 394
21529 462
21529 481
21529 490
21529 510
21529 386
21529 427
21529 437
21529 439
21529 446
21529 486
21529 521
21529 433
21529 314
21529 328
21529 390
21529 403
21529 443
21529 447
21529 479
21529 487
21529 500
21529 560
21529 56
21529 73
21529 131
21529 141
21529 153
21529 169
21529 250
21529 405
21529 409
21529 493
21529 502
21529 360
21529 438
21529 471
21529 474
21529 533
21529 559
21529 281
21529 25
21529 27
21529 191
21529 241
21529 265
21529 280
21529 295
21529 335
21529 341
21529 396
21529 421
21529 492
21529 497
21529 522
21529 23
21529 26
21529 28
21529 48
21529 152
21529 93
21529 103
21529 140
21529 183
21529 224
21529 258
21529 289
21529 19
21529 264
21529 277
21529 9
21529 24
21529 32
21529 67
21529 146
21529 181
21529 215
21529 221
21529 302
21529 334
21529 368
21529 410
21529 485
21529 488
21529 496
21594 10
21594 26
21594 2
21594 28
21594 3
21594 17
21594 41
21594 35
21594 53
21594 29
21594 56
21594 48
21594 49
21594 60
21594 11
21594 13
21594 1
21594 46
21594 8
21594 43
21594 42
21594 59
21594 54
21594 31
21594 32
21594 33
21594 24
21594 14
21594 21
21594 57
21594 20
21594 27
21594 4
21594 58
21594 5
21594 19
21594 0
21594 9
21594 16
21594 34
21594 45
21594 18
21594 51
21594 39
21594 12
21594 25
21594 50
21594 55
21594 40
21484 11
21484 14
21694 8
21694 1
21694 9
21694 29
21694 19
21694 28
21694 26
21694 10
21694 6
21694 22
21694 0
21694 16
21694 20
21694 24
21498 5
21498 89
21498 93
21498 31
21498 48
21498 87
21498 112
21498 34
21498 62
21498 76
21498 83
21498 50
21498 125
21498 7
21498 53
21498 9
21498 66
21498 69
21498 100
21498 123
21498 12
21498 36
21498 63
21498 80
21498 106
21498 18
21498 46
21498 79
21498 102
21498 117
21498 0
21498 16
21498 98
21498 114
21775 79
21775 195
21775 261
21775 53
21775 104
21775 113
21775 67
21775 157
21775 244
21775 300
21775 329
21775 218
21775 46
21759 2
21759 17
21759 0
21759 16
21759 6
21759 12
21759 1
21759 8
21759 4
21759 3
21759 15
21759 5
21759 14
21759 9
21637 31
21637 6
21637 76
21637 116
21637 154
21637 28
21637 115
21637 125
21637 140
21637 7
21637 16
21637 50
21637 68
21637 119
21637 33
21637 61
21637 79
21637 92
21637 9
21637 55
21637 78
21637 163
21637 94
21637 63
21637 93
21637 129
21637 133
21637 62
21637 134
21637 3
21637 150
21637 59
21637 65
21637 85
21637 137
21637 146
21637 48
21637 71
21637 97
21637 144
21637 60
21637 5
21637 22
21637 88
21637 118
21637 127
21637 138
21637 15
21637 95
21637 113
21637 13
21637 90
21637 128
21637 131
21637 45
21637 157
21637 111
21637 112
21637 142
21637 81
21637 84
21637 10
21637 43
21637 46
21637 153
21637 8
21637 12
21637 72
21637 143
21637 162
21637 122
21637 1
21637 27
21637 57
21637 139
21637 4
21637 74
21637 156
21637 149
21637 26
21637 69
21637 82
21637 91
21637 152
21637 2
21637 32
21637 47
21637 117
21637 159
21637 17
21637 52
21637 96
21637 124
21637 160
21637 38
21637 49
21637 54
21492 5
21492 42
21492 53
21492 99
21492 118
21492 10
21492 52
21492 61
21492 104
21492 137
21492 29
21492 75
21492 127
21492 14
21492 25
21492 67
21492 129
21492 7
21492 62
21492 82
21492 119
21492 3
21492 13
21492 121
21492 22
21492 35
21492 50
21492 73
21492 96
21492 70
21492 83
21492 110
21492 117
21492 15
21492 92
21492 26
21492 30
21492 34
21492 114
21492 66
21492 128
21492 134
21492 16
21492 28
21492 88
21492 97
21492 21
21492 49
21492 58
21492 130
21492 135
21492 18
21492 24
21492 87
21492 131
21492 37
21492 51
21492 55
21492 123
21492 103
21492 12
21492 19
21492 98
21492 106
21492 4
21492 126
21492 43
21492 80
21492 27
21492 59
21492 85
21492 8
21492 60
21492 63
21492 6
21492 40
21492 56
21492 95
21492 46
21492 79
21492 108
21492 2
21492 17
21492 38
21492 77
21492 41
21492 44
21492 100
21492 112
21492 78
21492 81
21492 84
21907 35
21907 57
21907 10
21907 22
21907 69
21907 14
21907 65
21907 39
21907 64
21907 42
21907 12
21907 59
21907 43
21907 25
21907 58
21907 66
21907 3
21907 21
21907 8
21907 31
21907 6
21907 52
21907 63
21907 24
21907 47
21907 2
21907 38
21907 27
21907 16
21907 40
21907 13
21907 9
21907 34
21907 36
21907 46
21907 44
21907 71
21907 62
21907 17
21907 56
21907 48
21907 53
21907 26
21907 5
21907 1
21907 68
21907 50
21907 61
21907 18
21907 55
21907 19
21907 11
21907 15
21907 7
21907 30
21907 72
21907 60
21907 29
21760 34
21760 218
21760 223
21760 40
21760 50
21760 76
21760 135
21760 142
21760 181
21760 185
21760 311
21760 263
21760 285
21760 162
21760 252
21760 271
21760 272
21760 287
21760 319
21760 321
21760 1
21760 112
21760 5
21760 72
21760 85
21760 101
21760 127
21760 240
21760 242
21760 309
21760 60
21760 61
21760 82
21760 121
21760 132
21760 216
21760 217
21760 245
21760 253
21760 259
21760 133
21760 288
21760 303
21760 26
21760 100
21760 141
21760 173
21760 183
21760 222
21760 237
21760 344
21760 52
21760 78
21760 195
21760 246
21760 302
21760 3
21760 22
21760 91
21760 89
21760 107
21760 189
21760 220
21760 257
21760 346
21760 266
21760 294
21760 241
21760 225
21760 276
21760 106
21760 44
21760 48
21760 49
21760 98
21760 139
21760 239
21760 280
21760 317
21760 332
21760 23
21760 36
21760 90
21760 103
21760 116
21760 13
21760 24
21760 58
21760 136
21760 143
21760 166
21760 169
21760 21
21760 74
21760 138
21760 178
21760 191
21760 145
21760 293
21760 292
21760 298
21760 29
21760 187
21760 197
21760 199
21760 215
21760 219
21760 10
21760 42
21760 59
21760 68
21760 158
21760 201
21760 214
21760 165
21760 170
21760 188
21760 211
21760 228
21760 233
21760 265
21760 313
21760 254
21760 325
21760 43
21760 151
21760 341
21760 227
21760 289
21760 307
21760 129
21760 148
21760 192
21760 212
21760 33
21760 84
21760 109
21760 123
21760 32
21760 62
21760 66
21760 128
21760 150
21760 176
21760 231
21760 247
21760 270
21760 282
21760 0
21760 274
21760 264
21760 234
21760 315
21760 248
21760 279
21760 323
21760 92
21760 120
21760 243
21760 251
21760 339
21760 6
21760 14
21760 86
21760 95
21760 140
21760 168
21760 4
21760 31
21760 99
21760 108
21760 203
21760 232
21760 11
21760 37
21760 41
21760 153
21760 261
21760 284
21760 250
21760 286
21760 131
21760 281
21760 312
21760 347
21760 7
21760 137
21760 171
21760 275
21760 273
21760 320
21760 88
21760 115
21760 190
21760 193
21760 194
21760 213
21760 35
21760 46
21760 80
21760 105
21760 204
21760 53
21760 16
21760 38
21760 63
21760 163
21760 130
21760 306
21760 338
21760 340
21760 79
21760 152
21760 172
21760 186
21760 198
21760 226
21760 334
21760 335
21760 9
21760 19
21760 57
21760 73
21760 238
21760 268
21760 331
21760 25
21760 81
21760 93
21760 156
21760 316
21760 144
21760 28
21760 83
21760 114
21747 47
21747 63
21747 85
22179 10
22179 22
22179 13
22179 7
22179 4
22179 8
22179 12
22179 17
22179 3
22179 9
22179 2
22179 6
22179 20
22179 1
22179 19
22179 11
22170 17
22170 53
22170 18
22170 11
22170 0
22170 40
22170 22
22170 43
22170 59
22170 26
22170 4
22170 29
22170 24
22170 25
22170 54
22170 34
22170 12
22170 31
22170 46
22170 20
22170 9
22170 30
22170 35
22170 14
22170 1
22170 48
22170 8
22170 55
22170 39
22170 60
22170 33
22170 27
22170 6
22170 52
22170 58
22170 38
22170 7
22170 56
22170 47
22170 13
22170 42
21800 38
21800 42
21800 43
21800 17
21800 3
21800 23
21800 45
21800 24
21800 2
21800 5
21800 34
21800 44
21800 1
21800 15
21800 0
21800 22
21800 36
21800 39
21800 25
21800 29
21800 6
21800 7
21800 20
21800 8
21800 13
21800 4
21800 9
21800 40
21800 33
21800 28
21800 11
21827 65
21827 101
21827 49
21827 45
21827 6
21827 64
21827 4
21827 72
21827 89
21827 59
21827 98
21827 54
21827 62
21827 93
21827 92
21827 8
21827 11
21827 32
21827 27
21827 7
21827 76
21827 17
21827 5
21827 94
21827 21
21827 29
21827 44
21827 61
21827 104
21827 39
21827 66
21827 73
21827 91
21827 3
21827 16
21827 10
21827 36
21827 57
21827 81
21827 20
21827 42
21827 47
21827 13
21827 95
21827 79
21827 30
21827 12
21827 14
21827 26
21827 53
21827 0
21827 40
21827 56
21827 90
21827 2
21827 63
21827 25
21827 58
21827 41
21827 60
21827 74
21827 46
21827 85
21827 99
21827 71
21827 97
21827 55
22206 25
22206 85
22206 36
22206 72
22206 88
22206 17
21741 221
21448 20
21448 4
21448 10
21448 21
21448 11
21448 3
21448 19
21448 13
21448 6
21448 18
21448 12
21448 14
21448 9
21448 0
21448 8
21448 16
21448 7
21923 32
21923 25
21923 110
21923 7
21923 182
21923 72
21923 125
21923 75
21923 64
21923 160
21923 31
22085 14
21644 9
21644 8
21644 13
21644 2
21644 7
21644 6
21644 5
21644 12
21644 10
21644 1
21644 0
21644 11
21644 3
21870 274
21870 194
21870 324
21870 174
21870 245
21870 18
21870 40
21870 12
21870 255
21870 265
21870 23
21870 13
21870 154
21870 88
21870 256
21870 172
21870 204
21870 87
21870 21
22050 0
22050 13
22050 26
22050 11
22050 27
22050 8
22211 25
21668 24
21668 83
21668 9
21668 36
21668 44
21668 48
21668 6
21668 74
21668 100
21668 21
21668 22
21668 52
21668 67
21668 68
21668 91
21668 5
21668 42
21668 75
21668 19
21668 47
21668 18
21668 33
21668 56
21668 8
21668 50
21668 80
21668 16
21668 45
21668 53
21668 59
21668 72
21668 99
21668 89
21668 39
21668 73
21668 85
21668 64
21668 7
21668 13
21668 102
21668 79
21668 84
21668 20
21668 82
21668 41
21668 69
21668 95
21668 14
21668 37
21668 55
21668 94
21668 46
21668 93
21668 3
21668 0
21668 97
21668 101
21668 25
21668 38
21668 49
21668 58
21668 87
21668 17
21668 86
21668 98
21668 66
21668 2
21668 54
21668 61
21668 81
21668 30
21668 29
21668 35
21668 63
21668 90
21668 96
21668 34
21668 70
21668 78
21668 4
21668 31
21668 76
21499 3
21499 7
21908 103
21655 263
21655 49
21655 58
21655 184
21655 329
21655 7
21655 12
21655 84
21655 85
21655 111
21655 266
21655 9
21655 48
21655 62
21655 113
21655 163
21655 228
21655 244
21655 258
21655 290
21655 310
21655 260
21655 276
21655 73
21655 122
21655 190
21655 265
21655 277
21655 283
21655 160
21655 209
21655 238
21655 248
21655 255
21655 268
21655 278
21655 284
21655 21
21655 24
21655 335
21655 78
21655 126
21655 206
21655 234
21655 267
21655 303
21655 22
21655 71
21655 224
21655 1
21655 37
21655 104
21655 129
21655 183
21655 217
21655 271
21655 177
21655 157
21655 220
21655 96
21655 107
21655 159
21655 187
21655 203
21655 76
21655 179
21655 243
21655 299
21655 64
21655 75
21655 90
21655 27
21655 66
21655 11
21655 89
21655 118
21655 79
21655 193
21655 309
21655 316
21655 41
21655 109
21655 115
21655 133
21655 274
21655 292
21655 72
21655 16
21655 254
21655 273
21655 74
21655 169
21655 287
21655 5
21655 19
21655 36
21655 55
21655 198
21655 251
21655 256
21655 286
21655 327
21655 300
21655 314
21655 328
21655 305
21655 65
21655 188
21655 54
21655 38
21655 6
21655 25
21655 31
21655 40
21655 50
21655 77
21655 100
21655 139
21655 35
21655 108
21655 192
21655 17
21655 167
21655 46
21655 156
21655 288
21655 105
21655 142
21655 180
21655 237
21655 242
21655 249
21655 275
21655 125
21655 67
21655 151
21655 216
21655 272
21655 13
21655 39
21655 101
21655 102
21655 4
21655 45
21655 52
21655 103
21655 153
21655 186
21655 130
21655 137
21655 166
21655 201
21655 289
21655 69
21655 88
21655 99
21655 106
21655 155
21655 165
21655 196
21655 199
21655 279
21655 93
21655 94
21655 134
21655 141
21655 250
21655 15
21655 43
21655 269
21655 325
21655 30
21655 56
21655 143
21655 240
21655 219
21655 233
21655 331
21655 319
21655 333
21655 86
21655 28
21655 26
21655 95
21655 296
21655 326
21655 60
21655 114
21655 176
21655 191
21655 204
21655 91
21655 110
21655 227
21655 211
21655 212
21655 229
21655 245
21655 253
21655 302
21655 293
21655 304
21655 8
21655 61
21655 112
21655 44
21655 34
21655 57
21655 80
21655 117
21655 162
21655 321
21655 145
21655 150
21655 225
21655 311
21655 317
21655 161
21655 164
21655 259
21655 285
21655 81
21655 29
21655 14
21655 23
21655 87
21655 124
21655 197
21655 215
21655 298
21655 241
21655 213
21655 33
21655 51
21655 158
21655 174
21655 239
21655 252
21655 138
21655 195
21655 236
21655 262
21655 264
21655 297
21655 324
22263 193
22263 223
22263 126
22263 31
22263 232
22263 148
22263 73
22263 82
22263 152
22039 298
22039 216
22039 58
22039 110
22039 118
22039 314
22039 264
22039 354
22039 146
22039 243
22039 304
22039 328
22039 112
22039 180
22039 99
22039 262
22039 175
22039 331
22039 83
22039 144
22039 40
22039 295
22039 195
22039 299
22039 348
22039 343
22039 265
22039 76
22039 393
22039 48
22039 114
22039 371
22039 137
22039 170
22039 247
22039 100
22039 78
22039 349
22039 285
22039 208
22039 102
22039 44
22039 54
22039 14
22039 101
22039 212
22039 315
22039 155
22039 223
22039 194
22039 255
22039 109
22039 378
22039 0
22039 240
22039 22
22039 280
22039 238
22039 116
22039 360
22039 55
22039 342
22039 232
22039 274
22039 313
22039 45
22039 227
22039 308
22039 132
22039 4
22039 326
22039 9
22039 136
22039 69
22039 211
22039 214
22039 133
22039 28
22039 75
22039 373
22039 150
22039 263
22039 121
22039 68
22039 171
22039 93
22039 234
22039 20
22039 189
22039 283
22039 318
22039 340
22039 49
22039 103
22039 105
22039 173
22039 215
22039 7
22039 257
22039 60
22039 364
22039 80
22039 104
22039 209
22039 287
22039 119
22039 279
22039 67
22039 276
22039 319
22039 12
22039 260
22039 339
22039 357
22039 273
22039 98
22039 226
22039 197
22039 85
22039 261
22039 302
22039 125
22039 256
22039 163
22039 220
22039 278
22039 316
22039 168
22039 344
22039 134
22039 36
22039 398
22039 92
22039 39
22039 1
22039 135
22039 162
22039 19
22039 149
22039 239
22039 205
22039 368
22039 188
22039 294
22039 166
22039 142
22039 129
22039 152
22039 320
22039 120
22039 106
22039 11
22039 64
22039 63
22039 82
22039 330
22039 177
22039 271
22039 333
22039 338
22039 296
22039 290
22039 37
22039 77
22039 79
22039 249
22039 361
22039 15
22039 141
22039 27
22039 358
22039 43
22039 245
22039 210
22039 30
22039 41
22039 390
22039 23
22039 113
22039 367
22039 377
22039 185
22039 266
22039 221
22039 250
22039 282
22039 325
22039 81
22039 277
22039 165
22039 138
22039 375
22039 351
22039 228
22039 236
22039 160
22039 369
22039 167
22039 270
22039 126
22039 267
22039 396
22039 366
22039 272
22039 312
22039 324
22039 25
22039 362
22039 190
22039 322
22039 379
22039 383
22039 97
22039 65
22039 182
22039 61
22039 213
22039 395
22039 53
22039 359
22039 2
22039 248
22039 29
22039 309
22039 26
22039 268
22039 286
22039 42
22039 156
22039 13
22039 21
22039 127
22039 370
22039 179
22039 222
22039 71
22039 94
22039 128
22039 380
22039 347
22039 301
22039 95
22039 386
22039 311
22039 145
22039 317
22039 130
22039 206
22039 204
22039 18
22039 124
22039 350
22039 183
22039 72
22039 306
22039 70
22039 140
22039 131
22039 225
22039 46
22039 186
22039 200
22039 229
22039 392
22039 87
22039 56
22039 176
22039 219
22039 303
22039 117
21794 18
21794 34
21794 136
21794 61
21794 49
21794 60
21794 72
21794 130
21794 183
21912 1
21912 6
21912 43
21912 16
21912 46
21912 5
21912 50
21912 42
21912 2
21912 79
21912 72
21912 27
21912 37
21912 69
21912 47
21912 7
21912 68
21912 28
21912 62
21912 13
21912 65
21912 34
21912 73
21912 58
21912 19
21912 66
21912 67
21912 17
21912 57
21912 4
21912 76
21912 41
21912 53
21912 36
21912 48
21912 25
21912 78
21912 59
21912 9
21912 60
21912 52
21912 0
21912 45
21912 29
21912 71
21912 26
21912 55
21912 64
21912 30
21912 54
21912 22
21912 12
21912 56
21912 35
21912 15
21912 14
22089 46
22089 66
22089 19
22089 8
22089 36
22089 40
22089 74
22089 25
22089 54
22089 71
22089 24
22089 67
22089 32
22089 20
22089 33
22089 56
22089 18
22089 59
22089 30
22089 57
22089 42
22089 61
22089 64
22089 23
22089 0
22089 27
22089 22
22089 58
22089 78
22089 9
22089 49
22089 55
22089 47
22089 15
22089 44
22089 75
22089 38
22089 70
22089 29
22089 34
22089 21
22089 37
22089 72
22089 14
22089 11
22089 68
22089 13
22089 79
22089 31
22089 69
22089 1
21849 1
21849 18
21849 11
21849 23
21849 21
21849 6
21849 16
21849 7
21849 10
21849 8
21849 14
21849 17
21849 22
21849 3
21849 2
21849 9
21849 15
21849 25
21849 4
21849 19
21849 13
21849 24
21849 20
21849 5
21624 0
21624 40
21624 47
21624 14
21624 30
21624 16
21624 45
21624 46
21624 22
21624 38
21624 3
21624 21
21624 12
21624 42
21624 50
21624 35
21624 7
21624 31
21624 2
21624 51
21624 54
21624 27
21624 43
21624 52
21624 10
21624 39
21624 41
21624 6
21624 15
21624 57
21624 24
21624 37
21624 20
21624 48
21624 49
21624 58
21624 36
21624 8
21624 23
21624 33
21624 1
21624 53
21624 44
21624 5
21624 9
21624 4
21624 18
21624 17
22108 17
21970 19
21970 23
21970 28
21970 29
21970 27
21741 160
21741 187
21741 190
21741 157
21741 235
21741 65
21741 229
21741 234
21741 250
21741 274
21741 282
21741 255
21741 82
21741 159
21741 214
21741 104
21741 188
21741 62
21741 179
21741 285
21741 272
21741 287
21741 68
21741 80
21741 88
21741 196
21741 230
21741 1
21741 4
21741 5
21741 20
21741 6
21741 15
21741 208
21741 177
21741 178
21741 182
21741 189
21741 194
21741 220
21741 129
21741 131
21741 244
21741 249
21741 266
21741 53
21741 56
21741 13
22078 62
22078 6
22078 95
22078 138
22078 56
22078 31
22078 87
22078 52
21620 0
21620 2
21620 8
21620 7
21620 4
21620 1
21620 3
21620 6
21518 44
21518 46
21518 36
21518 17
21518 49
21518 14
21518 26
21518 31
21518 32
21518 37
21518 15
21518 22
21518 12
21518 34
21518 38
21518 18
21518 27
21518 45
21518 4
21518 25
21518 40
21518 11
21518 20
21518 13
21518 39
21518 42
21518 0
21518 30
21518 41
21518 3
21518 23
21518 9
21518 10
21518 19
21518 8
21518 2
21518 5
21518 1
21518 6
21518 24
21518 47
21518 43
21770 31
21770 47
21770 60
21770 51
21770 35
21770 44
21770 13
21770 2
21770 19
21770 18
21770 49
21770 32
21770 46
21770 25
21770 41
21770 42
21770 45
21770 6
21770 12
21770 50
21770 56
21770 27
21770 58
21770 48
21770 28
21770 30
21770 33
21770 57
21770 8
21770 14
21770 16
21770 17
21770 61
21770 29
21770 10
21770 59
21770 43
21770 23
21770 34
21770 38
22061 308
22061 430
22061 343
22061 188
22061 397
22061 428
22061 243
22061 338
22061 559
22061 285
22061 288
22061 22
22061 363
22061 27
22061 234
22061 161
22061 30
22061 303
22061 106
22061 519
22061 127
22061 237
22061 121
22061 165
21607 19
21607 35
21607 13
21607 32
21607 43
21607 5
21607 8
21607 2
21607 4
21607 33
21607 28
21607 27
21607 57
21607 25
21607 30
21607 51
21607 64
21607 60
21607 53
21607 23
21607 16
21607 0
21607 26
21607 29
21607 21
21607 15
21607 63
21607 47
21607 24
21607 9
21607 17
21607 22
21607 3
21607 20
21607 46
21607 40
21607 34
21607 42
21607 58
21607 12
21607 41
21607 14
21607 11
21607 37
21607 49
21607 50
21607 7
21607 38
21607 61
21607 62
21638 140
21802 123
21802 166
21802 173
21802 220
21802 248
21802 13
21802 25
21802 34
21802 45
21802 65
21802 155
21802 170
21802 106
21802 28
21802 58
21802 70
21802 85
21802 182
21802 153
21802 171
21802 181
21802 187
21802 249
21802 115
21802 24
21802 44
21802 71
21802 82
21802 111
21802 156
21802 188
21802 0
21802 8
21802 33
21802 55
21802 79
21802 88
21802 103
21802 113
21802 128
21802 146
21802 164
21802 222
21802 158
21802 192
21802 229
21802 97
21792 93
21792 145
21792 156
21792 184
21792 185
21792 191
21792 205
21792 208
21792 134
21792 162
21792 193
21792 203
21792 207
22114 466
22114 399
22114 395
22114 444
22114 408
22114 302
22114 447
22114 284
21946 127
22246 75
22246 138
22246 45
22246 266
22246 21
22246 171
22246 190
22246 96
22246 145
22246 173
22246 119
22246 18
22246 268
22246 64
22246 102
22246 236
22246 163
22246 154
22246 299
22246 212
22246 101
22246 246
22246 104
22246 272
22246 241
22246 200
22246 155
22246 222
22246 245
22246 250
22246 251
22246 70
22246 71
22246 244
22246 291
22246 213
22246 319
22246 275
22246 265
22246 283
22246 150
22246 317
22246 109
22246 178
22246 206
22246 162
22246 120
22246 254
22246 73
22246 74
22246 217
22246 315
22246 76
22246 313
22246 160
22246 177
22246 184
22246 41
22246 167
22246 140
22246 224
22246 209
22246 189
22246 111
22246 19
22246 279
22246 258
22246 312
22246 304
22246 136
22246 146
22246 238
22246 99
22246 196
22246 106
22246 22
22246 105
22246 25
22246 85
22246 165
22246 230
22246 300
22246 204
22246 218
22246 197
22246 188
22246 284
22246 127
22246 116
22246 115
22246 199
22246 277
22246 79
22246 186
22246 281
22246 130
22246 112
22246 191
22246 231
22246 132
22246 278
22246 166
22246 37
22246 247
22246 148
22246 310
22246 27
22246 52
22246 257
22246 175
22246 288
22246 216
22246 144
22246 185
22246 86
22246 26
22246 255
22246 261
22246 35
22246 303
22246 273
22246 90
22246 183
22246 40
22246 237
22246 225
22246 118
22246 59
22246 290
22246 161
22246 87
22246 124
22246 195
22246 205
22246 95
22246 33
22246 42
22246 297
22246 46
22246 249
22246 93
22246 280
22246 228
22246 260
22246 55
22246 276
22246 229
22246 36
22246 58
22246 316
22246 259
22246 38
22246 221
22246 309
22246 219
22246 181
22246 157
22246 322
22246 295
22246 264
22246 208
22246 23
22246 262
22246 72
22246 61
22246 125
22246 211
22246 187
22246 151
22246 253
22246 169
22246 97
22246 110
22246 63
22246 103
22246 318
22246 16
22246 62
22246 159
22246 137
22246 50
22246 153
22246 113
22246 17
22246 305
22246 158
22246 48
22246 126
22246 271
22246 94
22246 114
22246 248
22246 242
22246 156
22246 220
22246 43
22246 14
22246 301
22246 67
22246 77
22246 69
22246 202
22246 149
22246 128
22246 117
22246 129
22246 274
22246 207
22246 31
22246 60
22246 252
22246 123
22246 91
22246 51
22246 80
22246 194
22246 214
22246 176
22246 201
22246 89
22246 170
21904 142
21904 210
21817 156
21817 230
21463 10
21463 0
21463 20
21463 8
21463 3
21463 21
21463 5
21463 11
21463 15
21463 18
21463 6
21463 13
21463 7
21463 19
21463 17
21463 12
21463 14
21463 9
21463 16
21463 1
21463 2
21922 229
21922 438
21922 388
21922 219
21922 36
21922 253
21922 423
21922 22
21922 258
21922 51
21922 350
21922 173
21922 278
21922 227
21922 180
21922 391
21922 449
21922 262
21922 359
21922 168
21922 316
21922 61
21922 377
21922 33
21922 145
21922 225
21922 46
21922 85
21922 400
21922 410
21922 268
21922 312
21922 45
21922 296
21922 425
21922 92
21922 41
21922 451
21922 382
21922 93
21922 96
21922 115
21922 133
21922 446
21922 444
21922 248
21922 314
21922 167
21922 91
21922 310
21922 20
21922 272
21922 15
21922 139
21922 238
21922 273
21922 48
21922 65
21922 420
21922 101
21922 183
21922 413
21922 294
21922 195
21922 81
21922 134
21922 84
21922 82
21922 372
21922 354
21922 324
21922 187
21922 249
21922 58
21922 125
21922 384
21922 102
21922 142
21922 450
21922 217
21922 338
21922 363
21922 23
21922 235
21922 256
21922 165
21922 14
21922 266
21922 146
21922 194
21922 361
21922 24
21922 347
21922 118
21922 267
21922 1
21922 148
21922 231
21922 292
21922 369
21922 49
21922 174
21922 353
21922 178
21922 386
21922 260
21922 360
21922 203
21922 279
21922 275
21922 340
21922 103
21922 54
21922 200
21922 117
21922 362
21922 35
21922 322
21922 334
21922 432
21922 89
21922 348
21922 109
21922 239
21922 68
21922 212
21922 100
21922 428
21922 95
21922 213
21922 286
21922 305
21922 336
21922 435
21922 182
21922 434
21922 105
21922 70
21922 126
21922 106
21922 62
21922 433
21922 233
21922 179
21922 232
21922 424
21922 407
21922 83
21922 79
21922 419
21922 13
21922 197
21922 169
21922 140
21922 144
21922 205
21922 241
21922 50
21922 67
21922 393
21922 301
21922 357
21922 436
21922 329
21922 38
21922 304
21922 32
21922 59
21922 431
21922 154
21922 373
21922 90
21922 345
21922 99
21922 331
21922 73
21922 3
21922 124
21922 236
21922 398
21922 242
21922 4
21922 88
21922 218
21922 53
21922 429
21922 299
21922 405
21922 291
21922 98
21922 27
21922 8
21922 376
21922 12
21922 390
21922 108
21922 116
21922 366
21922 207
21922 147
21922 189
21922 0
21922 303
21922 128
21922 112
21922 177
21922 131
21922 57
21922 175
21922 135
21922 130
21922 29
21922 122
21922 448
21922 222
21922 224
21922 87
21922 368
21922 204
21922 422
21922 141
21922 282
21922 252
21922 181
21922 198
21922 342
21922 387
21922 284
21922 2
21922 214
21922 409
21922 234
21922 250
21922 226
21922 274
21922 153
21922 110
21922 399
21922 94
21922 215
21922 259
21922 18
21922 327
21922 395
21922 426
21922 317
21922 427
21922 414
21922 9
21922 439
21922 352
21922 311
21922 277
21922 104
21922 326
21922 421
21922 383
21922 172
21922 28
21922 43
21922 162
21922 394
21922 295
21922 337
21922 60
21922 293
21922 298
21922 319
21922 389
21922 206
21922 323
21922 97
21922 261
21922 367
21922 196
21922 244
21922 210
21922 137
21922 44
21922 21
21922 417
21922 289
21922 246
21922 6
21922 127
21922 34
21922 74
21922 380
21922 374
21922 356
21922 136
21922 333
21922 332
21922 132
21922 171
21922 442
21922 114
21922 397
21922 240
21922 381
21922 77
21922 39
21922 201
21922 265
21922 163
21922 263
21922 185
21922 396
21922 107
21922 120
21922 80
21922 280
21922 452
21922 113
21922 161
21922 370
21922 430
21922 69
21922 138
21922 10
21922 220
21922 228
21922 121
21922 440
21941 2
21941 17
21941 25
21941 19
21941 31
21941 0
21941 23
21941 44
21941 15
21941 30
21941 50
21941 13
21941 18
21503 24
21503 97
21503 122
21503 60
21503 126
21503 69
21503 98
21503 170
21503 23
21503 31
21503 41
21503 82
21503 91
21503 114
21503 43
21503 73
21503 154
21503 135
21503 143
21503 177
21503 77
21503 161
21503 72
21503 159
21503 48
21503 124
21503 19
21503 42
21503 46
21503 149
21503 164
21503 168
21503 84
21503 103
21503 105
21503 136
21503 179
21503 2
21503 35
21503 111
21503 106
21503 121
21503 176
21503 9
21503 120
21503 29
21503 83
21503 140
21503 150
21503 157
21503 139
21503 38
21503 78
21503 132
21503 100
21503 174
21503 14
21503 57
21503 178
21503 67
21503 20
21503 95
21503 169
21503 85
21503 102
21503 113
21503 108
21503 27
21503 37
21503 52
21503 153
21503 4
21503 26
21503 30
21503 58
21503 163
21503 107
21503 166
21503 0
21503 90
21503 74
21503 96
21503 144
21503 5
21503 68
21503 70
21503 99
21503 119
21503 21
21503 65
21503 123
21503 15
21503 45
21503 115
21503 129
21503 145
21503 162
21503 47
21503 64
21503 32
21503 50
21503 148
21503 152
21503 33
21503 71
21503 3
21503 44
21503 76
21503 112
21503 55
21503 62
21503 141
21503 147
21503 10
21503 79
21503 88
21503 133
21503 13
21503 16
21503 66
21503 138
21503 171
21503 89
21503 117
21503 56
21503 172
21503 49
21503 155
21503 158
21503 28
21503 142
21503 167
21503 22
21503 25
21503 34
21503 80
21503 104
21503 156
21503 7
21503 59
21503 92
21503 175
21503 17
21503 39
21503 128
21503 146
21503 53
21503 116
21503 118
21503 173
21503 61
21503 75
21503 86
21503 87
21503 101
21503 134
21503 36
21503 94
21503 110
21503 151
21503 125
21503 137
21503 63
21503 109
22109 34
22109 56
22109 93
22109 31
22109 24
22109 26
22109 23
22109 30
22109 85
22109 69
22109 84
22109 41
22109 68
22109 53
22109 75
22109 38
22109 76
22109 80
22109 88
22109 50
22109 52
22109 49
22109 91
22109 77
22109 45
22109 51
22109 15
22109 58
22109 40
22109 61
22109 66
22109 29
22109 22
22109 0
22109 39
22109 4
22109 3
22109 2
22109 59
22109 89
22109 57
22109 27
22109 62
22109 83
22109 64
22109 13
22109 44
22109 42
22109 43
22109 82
22109 74
22109 81
22109 33
22109 46
22109 17
22109 8
22109 47
22109 25
22109 28
22109 35
22109 72
22109 87
22109 48
22109 6
22109 12
22109 21
21805 57
21805 41
21805 29
21805 54
21803 1
21803 178
21803 96
21803 259
21803 150
21803 171
21803 185
21803 187
21803 250
21803 124
21803 170
21803 175
21803 223
21803 244
21890 7
21890 346
21890 36
21890 201
21890 376
21890 199
21890 211
21890 303
21890 435
21890 198
21890 402
21890 114
21890 214
21890 340
21890 390
21890 3
21890 311
21890 23
21890 350
21890 22
21890 394
21890 102
21890 106
21890 429
21890 262
21890 446
21890 379
21890 101
21890 473
21890 247
21890 145
21890 295
21890 430
21890 307
21890 423
21890 453
21890 259
21890 418
21890 14
21890 44
21890 503
21890 216
21890 33
21890 20
21890 209
21890 0
21890 461
21890 329
21890 335
21890 413
21890 268
21890 464
21890 141
21890 177
21890 419
21890 396
21890 356
21890 218
21890 2
21890 220
21890 155
21890 174
21890 318
21890 455
21890 392
21890 126
21890 151
21890 12
21890 494
21890 321
21890 43
21890 118
21890 180
21890 86
21890 181
21890 283
21890 189
21890 349
21890 437
21890 245
21890 297
21890 420
21890 401
21890 62
21890 291
21890 445
21890 225
21890 269
21890 502
21890 65
21890 80
21890 275
21890 82
21890 260
21890 205
21890 414
21890 416
21890 442
21890 223
21890 480
21890 490
21890 111
21890 16
21890 46
21890 19
21890 411
22067 69
22067 56
22067 62
22067 54
22067 21
22067 34
22067 7
22067 4
22067 31
22067 0
22067 28
22067 53
22067 16
22067 2
22067 76
22067 19
22067 8
22067 52
22067 36
22067 27
22067 38
22067 49
22067 67
22067 50
22067 11
22067 82
22067 39
22067 64
22067 79
22067 40
22067 80
22067 81
22067 35
22067 6
22067 73
22067 55
22067 32
22067 33
22067 51
22067 24
22067 15
22067 22
22067 65
22067 71
22067 23
22067 59
22067 45
22067 72
22067 1
22067 48
22067 41
22067 43
22067 5
22067 85
22067 57
22067 86
22067 9
22067 83
22067 3
22067 44
22067 25
22067 20
22067 46
22067 12
22067 26
22067 60
22067 58
22067 13
22067 61
22067 78
22067 17
22067 66
21935 31
21935 12
21935 17
21935 65
21616 11
21616 27
21616 0
21616 5
21616 7
21616 10
21616 4
21616 8
21616 26
21616 20
21616 28
21616 16
21616 13
21616 23
21616 2
21616 9
21616 21
21616 15
21616 19
21616 3
21616 18
21616 6
21616 29
21600 6
21600 52
21600 85
21600 68
21600 50
21600 7
21600 47
21600 56
21600 32
21600 38
21600 70
21600 33
21600 53
21600 2
21600 25
21600 73
21600 37
21600 67
21600 77
21600 79
21600 87
21600 28
21600 48
21600 66
21600 75
21600 17
21600 22
21600 41
21600 59
21600 30
21600 51
21600 78
21600 69
21600 62
21600 88
21600 1
21600 12
21600 9
21600 15
21600 45
21600 10
21600 27
21600 34
21600 42
21600 40
21600 43
21600 84
21600 31
21600 46
21600 76
21600 72
21600 80
21600 81
21600 35
21600 64
21600 0
21600 74
21600 18
21600 71
21600 4
21600 14
21600 29
21600 60
21600 44
21600 36
21600 3
21600 13
21600 82
21600 65
21600 63
21942 3
21942 12
21942 2
21942 8
21942 6
21942 0
21942 7
21942 14
21942 1
21942 9
21942 10
21942 13
21745 1
21745 28
21745 31
21745 5
21745 43
21745 24
21745 36
21745 27
21745 13
21745 7
21745 20
21745 35
21745 16
21745 40
21745 15
21745 10
21745 30
21745 25
21745 11
21745 4
21745 8
21745 21
21745 38
21745 22
21745 37
21745 32
21745 18
21745 41
21745 2
21745 12
21745 17
21745 42
21745 3
21745 6
21745 34
21745 0
21745 14
21745 19
21745 23
21745 33
21745 29
21745 26
21745 39
21835 5
21835 6
21835 18
21835 10
21835 14
21835 21
21835 26
21939 264
21939 275
21939 177
21939 37
21939 194
21939 57
21939 142
21939 228
21939 16
21939 34
21939 280
21939 167
21939 202
21939 233
21939 129
21939 254
21939 141
21939 28
21939 281
21939 68
21939 63
21939 247
21939 189
21939 238
21939 120
21939 220
21939 102
21939 109
21939 98
21939 58
21939 128
21939 163
21939 89
21939 225
21939 153
21939 207
21939 212
21939 206
21939 53
21939 196
21939 20
21939 75
21939 123
21939 241
21939 15
21939 86
21939 136
21939 168
21939 269
21939 155
21939 162
21939 147
21939 110
21939 218
21939 42
21939 230
21939 195
21939 216
21939 235
21939 131
21939 38
21939 250
21939 71
21939 152
21939 171
21939 92
21939 49
21939 217
21939 47
21939 156
21939 157
21939 66
21939 6
21939 180
21939 52
21939 246
21939 173
21939 239
21939 159
21939 169
21939 91
21939 192
21939 74
21939 83
21939 183
21939 13
21939 124
21939 105
21939 273
21939 166
21939 17
21939 94
21939 234
21939 256
21939 1
21939 279
21939 140
21939 82
21939 227
21939 193
21939 41
21939 18
21939 209
21939 85
21939 80
21939 208
21939 245
21939 112
21939 3
21939 107
21939 25
21939 101
21939 172
21939 224
21939 50
21939 118
21939 251
21939 29
21939 261
21939 278
21939 201
21939 187
21939 161
21939 203
21939 191
21939 104
21939 214
21939 268
21939 22
21939 182
21939 59
21939 222
21939 165
21939 44
21939 81
21939 197
21939 12
21939 79
21939 8
21939 135
21939 9
21939 113
21939 181
21939 62
21939 262
21939 26
21939 24
21939 31
21939 240
21939 200
21939 97
21939 186
21939 265
21939 90
21939 14
21939 274
21939 119
21939 55
21939 271
21939 231
21939 100
21939 139
21939 115
21939 7
21939 73
21939 223
21939 54
21939 255
21939 204
21939 84
21939 117
21939 160
21939 276
21939 130
21939 36
21939 69
21939 122
21939 46
21939 134
21939 190
21939 56
21939 267
21939 154
21939 126
21939 88
21939 95
21939 260
21939 243
21939 99
21939 133
21939 127
21939 151
21939 149
21939 64
21939 176
21939 205
21939 164
22100 46
22100 196
22100 224
22100 62
22100 96
22100 161
22100 255
22100 156
22100 177
21669 506
21669 89
21669 117
21669 363
21669 454
21669 489
21669 525
21669 532
21669 539
21669 174
21669 62
21669 71
21669 161
21669 169
21669 193
21669 6
21669 12
21669 17
21669 28
21744 229
21744 243
21968 112
21968 194
21968 154
21968 39
21968 141
21968 287
21968 179
21968 277
21968 267
21968 399
21968 339
21968 31
21968 531
21968 200
21968 387
21968 300
21968 415
21968 166
21968 354
21968 419
21968 454
21968 104
21968 90
21968 64
21968 383
21968 441
21968 26
21968 87
21968 178
21968 96
21968 470
21968 464
21968 342
21968 67
21968 113
21968 252
21968 421
21968 482
21968 34
21968 343
21968 479
21968 536
21968 6
21968 334
21968 309
21968 435
21968 519
21968 478
21968 228
21968 366
21968 264
21968 426
21968 103
21968 346
21968 92
21968 297
21968 414
21968 223
21968 270
21968 462
21968 58
21968 160
21968 237
21968 323
21968 217
21968 461
21968 231
21968 59
21968 526
21968 207
21968 110
21968 80
21968 266
21968 365
21968 191
21968 257
21968 261
21968 198
21968 511
21968 30
21968 136
21968 425
21968 473
21968 66
21968 177
21968 62
21968 311
21968 449
21968 450
21968 523
21968 504
21968 131
21968 134
21968 33
21968 5
21968 239
21968 117
21968 1
21968 538
21968 52
21968 490
21968 292
21968 13
21968 95
21968 254
21968 472
21968 423
21968 364
21968 443
21968 369
21968 332
21968 404
21968 413
21968 7
21968 307
21968 170
21968 190
21968 12
21968 24
21968 227
21968 381
21968 428
21968 493
21968 140
21968 530
21968 56
21968 378
21968 377
21968 25
21968 94
21968 453
21968 100
21968 22
21968 197
21968 169
21968 211
21968 356
21968 535
21968 93
21968 246
21968 488
21968 412
21968 505
21968 345
21968 51
21968 496
21968 386
21968 135
21968 290
21968 459
21968 537
21968 167
21968 174
21968 11
21968 500
21968 281
21968 440
21968 173
21968 396
21968 196
21968 446
21968 220
21968 85
21968 243
21968 15
21968 53
21968 445
21968 285
21968 341
21968 508
21968 367
21968 193
21968 86
21968 204
21968 161
21968 116
21968 353
21968 269
21968 229
21968 236
21968 181
21968 484
21968 402
21968 76
21968 376
21968 372
21968 185
21968 195
21968 209
21968 433
21968 379
21968 514
21968 417
21968 487
21968 389
21968 533
21968 434
21968 437
21968 394
21968 517
21968 163
21968 50
21968 273
21968 203
21968 70
21968 89
21968 430
21968 28
21968 395
21968 21
21968 296
21968 259
21968 165
21968 272
21968 442
21968 424
21968 362
21968 520
21968 491
21968 249
21968 48
21968 391
21968 371
21968 65
21968 27
21968 101
21968 247
21968 370
21968 149
21968 221
21968 465
21968 363
21968 148
21968 19
21968 235
21968 467
21968 146
21968 210
21968 483
21968 143
21968 422
21968 294
21968 336
21968 54
21968 429
21968 348
21968 17
21968 460
21968 29
21968 81
21968 298
21968 380
21968 360
21968 42
21968 447
21968 384
21968 469
21968 3
21968 187
21968 503
21968 68
21968 321
21968 466
21968 84
21968 72
21968 262
21968 314
21968 9
21968 444
21968 405
21968 99
21968 331
21968 230
21968 40
21968 44
21968 283
21968 400
21968 480
21968 14
21968 322
21968 374
21968 214
21968 286
21968 317
21968 276
21968 327
21968 406
21968 107
21968 77
21968 35
21968 375
21968 245
21968 401
21968 199
21968 299
21968 312
21968 164
21968 326
21968 351
21968 295
21968 420
21968 318
21968 73
21968 78
21968 452
21968 518
21968 278
21968 156
21968 222
21968 10
21968 219
21968 253
21968 329
21968 373
21968 282
21968 436
21968 471
21968 128
21968 151
21968 130
21968 315
21968 501
21968 46
21968 144
21968 293
21968 451
21968 153
21968 481
21968 320
21968 79
21968 74
21968 411
21968 225
21968 532
21968 18
21968 47
21968 0
21968 8
21968 234
21968 97
21968 213
21968 542
21968 502
21968 280
21968 150
21968 250
21968 410
21968 340
21968 82
21968 492
21968 106
21968 507
21968 274
21968 541
21968 388
21968 540
21968 91
21968 268
21968 498
21968 509
21968 159
21968 38
21968 145
21968 338
21968 390
21968 180
21968 324
21968 506
21968 88
21968 427
21968 361
21968 75
21968 521
21968 205
21968 494
21968 208
21968 215
21968 36
21968 392
22072 13
22072 63
22072 5
22072 64
22072 6
22072 35
22072 22
22072 41
22072 37
22072 32
22072 58
22072 53
22072 14
22072 57
22072 27
22072 25
22072 17
22072 43
22072 18
22072 10
22072 40
22072 28
22072 23
22072 54
22072 51
22072 66
22072 48
22072 15
22072 34
22072 52
22072 0
22072 73
22072 70
22072 65
22072 74
22072 50
22072 4
22072 46
22072 59
22072 16
22072 8
22072 39
22072 33
22072 44
22072 47
22072 21
22072 49
22072 72
22072 12
22072 19
22172 79
22172 43
22172 83
22172 75
22172 61
22172 77
22172 19
22172 21
22172 55
22172 18
22172 80
22172 40
22172 68
22172 72
22172 59
22172 15
22172 39
22172 42
22172 70
22172 56
22172 69
22172 53
22172 63
22172 5
22172 88
22172 49
22172 10
22172 38
22172 20
22172 30
22172 1
22172 86
22172 87
22172 27
22172 36
22172 9
22172 47
22172 4
22172 73
22172 35
22172 32
22172 62
22172 85
22172 31
22172 76
22172 84
22172 54
22172 37
22172 7
22172 2
22172 16
22172 50
21854 16
21854 17
21854 66
21854 71
21854 60
22115 29
22115 6
22115 4
22115 116
22115 136
22115 10
22115 127
22115 9
22115 12
22115 55
22115 52
22115 71
22115 30
22115 79
22115 91
22115 85
22115 39
22115 119
22115 114
22115 65
22115 0
22115 117
22115 8
22115 123
22115 35
22115 56
22115 43
22115 44
22115 82
22115 18
22115 40
22115 130
22115 84
22115 42
22115 20
22115 68
22115 70
22115 113
22115 77
22115 59
22115 66
22115 110
22115 97
22115 37
22115 3
22115 106
22115 16
22115 46
22115 69
22115 122
22115 83
22115 63
22115 88
22115 49
22115 2
22115 78
22115 67
22115 15
22115 98
22115 118
22115 7
22115 5
22115 135
22115 48
22115 75
22115 108
22115 1
22115 17
22115 41
22115 90
22115 60
22115 51
22115 57
22115 64
22115 137
22115 103
22115 94
22115 45
22115 21
22115 131
22115 23
22115 22
22115 89
22115 102
22115 111
22115 27
22115 95
22115 13
22115 31
22115 100
22115 104
22115 124
22115 120
22115 93
22115 61
22115 105
22115 72
22115 26
22115 76
22115 134
22115 58
22115 73
21470 14
21470 20
21470 24
21470 12
21470 28
21470 22
21470 7
21470 25
21470 5
21470 18
21470 4
21470 23
21470 36
21470 29
21470 13
21470 32
21470 35
21470 16
21470 19
22042 354
22042 409
22042 407
22042 390
22133 38
22133 42
22133 30
22133 18
22133 66
22133 55
22133 3
22133 32
22133 50
22133 37
22133 74
22133 26
22133 6
22133 5
22133 73
22133 65
22133 4
22133 54
22133 78
22133 43
22133 35
22133 82
22133 63
22133 57
22133 23
22133 24
22133 44
22133 22
22133 56
22133 48
22133 61
22133 76
22133 60
22133 28
22133 39
22133 31
22133 79
22133 33
22133 21
22133 15
22133 11
22133 36
22133 9
22133 75
22133 71
22133 81
22133 64
22133 14
22133 25
22133 62
22133 29
22133 40
22133 80
22133 16
22133 72
22133 13
22133 51
22133 52
22133 45
22133 20
22133 69
22126 71
22126 111
22126 39
22126 149
22126 222
22126 73
22126 64
22126 165
22126 59
22126 94
22126 128
22126 90
22126 132
22126 123
22126 54
22126 14
22126 127
22126 84
22126 190
22126 29
22126 202
22126 62
22126 12
22126 159
22126 172
22126 117
22126 119
22126 169
22126 1
22126 126
22126 161
22126 18
22126 194
22126 211
22126 148
22126 204
22126 196
22126 186
22126 110
22126 7
22126 65
22126 153
22126 104
22126 177
22126 83
22126 174
22126 109
22126 50
22126 58
22126 47
22126 101
22126 40
22126 112
22126 46
22126 85
22126 26
22126 5
22126 60
22126 167
22126 183
22126 209
22126 212
22126 95
22126 41
22126 25
22126 24
22126 9
22126 70
22126 97
22126 124
22126 198
22126 131
22126 178
22126 215
22126 221
22126 214
22126 22
22126 121
22126 185
22126 154
22126 163
22126 157
22126 43
22126 72
22126 114
22126 120
22126 219
22126 81
22126 80
22126 213
22126 2
22126 173
22126 91
22126 200
22126 134
22126 28
22126 171
22126 86
22126 191
22126 133
22126 143
22126 79
22126 38
22126 17
22126 23
22126 106
22126 45
22126 49
22126 32
22126 93
22126 175
22126 187
22126 138
22126 199
22126 100
22126 92
22126 103
22126 115
22126 136
22126 69
22126 77
22126 34
22126 192
22126 229
22126 181
22126 56
22126 42
22126 155
22126 151
22126 141
22126 216
22126 223
22126 53
22126 44
22126 220
22126 210
22126 188
22126 27
22126 129
22126 98
22126 57
22126 82
22126 55
22126 137
22126 87
22126 130
22126 0
22126 118
22126 51
22126 193
22126 207
22126 205
22126 33
22126 225
22126 15
22126 10
22126 195
22126 160
22126 122
22126 37
22126 107
22126 36
22126 113
22126 152
22126 61
22126 74
22126 135
22126 206
22126 147
22126 180
22126 88
21501 24
21501 37
21501 192
21501 298
21501 350
21501 7
21501 20
21501 34
21501 69
21501 130
21501 185
21501 190
21501 223
21501 243
21501 296
21501 336
21501 95
21501 108
21501 140
21501 163
21501 278
21501 315
21501 332
21501 335
21501 379
21501 380
21501 80
21501 21
21501 66
21501 156
21501 184
21501 187
21501 316
21501 351
21501 371
21501 399
21501 173
21501 290
21501 22
21501 83
21501 57
21501 64
21501 235
21501 295
21501 355
21501 100
21501 133
21501 144
21501 208
21501 361
21501 386
21501 406
21501 109
21501 139
21501 143
21501 180
21501 106
21501 216
21501 266
21501 285
21501 323
21501 389
21501 8
21501 10
21501 40
21501 293
21501 354
21501 383
21501 149
21501 175
21501 218
21501 1
21501 75
21501 86
21501 179
21501 183
21501 251
21501 333
21501 67
21501 242
21501 271
21501 360
21501 403
21501 409
21501 148
21501 264
21501 13
21501 56
21501 114
21501 231
21501 363
21530 3
21530 45
21530 9
21530 26
21530 69
21530 8
21530 23
21530 13
21530 35
21530 37
21530 5
21530 10
21530 32
21530 51
21530 56
21530 25
21530 31
21530 66
21530 80
21530 20
21530 18
21530 41
21530 83
21530 33
21530 61
21530 67
21530 84
21530 40
21530 59
21530 65
21530 0
21530 11
21530 27
21530 57
21530 46
21530 48
21530 63
21530 81
21530 28
21530 47
21530 76
21530 19
21530 78
21530 4
21530 58
21530 6
21530 52
21530 71
21530 72
21530 82
21530 22
21530 34
21530 54
21530 36
21530 55
21530 70
21530 79
21530 29
21530 39
21530 62
21530 7
21530 24
21530 12
21530 15
21530 73
21823 58
21823 8
21823 70
21823 54
21823 3
21823 20
21823 33
21823 2
21823 31
21823 16
21823 82
21823 21
21823 34
21823 66
21823 1
21823 18
21823 47
21823 25
21823 43
21823 64
21823 39
21823 62
21823 87
21823 90
21823 17
21823 55
21823 76
21823 32
21823 41
21823 5
21823 86
21823 91
21823 57
21823 7
21823 53
21823 68
21823 72
21823 29
21823 0
21823 12
21823 77
21823 23
21823 4
21823 37
21823 59
21823 67
21823 10
21823 46
21823 28
21823 50
21823 9
21823 63
21823 79
22167 86
22167 128
22167 37
22167 34
22167 125
22167 43
22167 10
22167 12
22167 95
22167 66
22167 127
22167 0
22167 18
22167 57
22167 134
22167 100
22167 131
22167 61
22167 77
22167 30
22167 76
22167 65
22167 25
22167 52
22167 26
22167 48
22167 115
22167 58
22167 88
22167 90
22167 103
22167 120
22167 98
22167 2
22167 67
22167 74
22167 11
22167 108
22167 40
22167 32
22167 39
22167 110
22167 113
22167 42
22167 51
22167 4
22167 105
22167 24
22167 94
22167 96
22167 5
22167 121
22167 21
22167 73
22167 13
22167 82
22167 23
22167 69
22167 7
22167 68
22167 28
22167 54
22167 47
22167 97
22167 50
22167 93
22167 33
22167 126
22167 130
22167 89
22167 85
22167 35
22167 17
22167 72
22167 102
22167 118
22167 117
22167 91
22167 112
22167 27
22167 79
22167 132
22167 63
22167 19
22167 137
22167 84
22167 1
22167 14
22167 60
22167 133
22167 123
22167 116
22167 56
22167 15
22167 8
22167 3
22167 75
21840 102
21840 122
21840 21
21840 56
21840 103
21840 5
21840 8
21840 57
21840 31
21840 33
21840 130
21840 92
21840 114
21840 135
21840 34
21840 129
21840 23
21840 148
21840 156
21840 69
21840 113
21840 118
21840 150
21840 151
21840 55
21840 4
21840 22
21840 38
21840 51
21840 63
21840 24
21840 42
21840 52
21840 100
21840 142
21840 30
21840 37
21840 78
21840 48
21840 131
21840 13
21840 88
21840 64
21840 99
21840 97
21840 138
21840 11
21840 18
21840 68
21840 136
21840 40
21840 86
21840 119
21840 134
21840 147
21840 109
21840 32
21840 45
21840 62
21840 76
21840 124
21840 10
21840 1
21840 117
21840 140
21840 91
21840 104
21840 121
21840 127
21840 61
21840 81
21840 71
21840 93
21840 101
21840 3
21840 53
21840 153
21840 125
21840 126
21840 72
21840 83
21840 123
21840 111
21840 144
21840 149
21840 155
21840 59
21840 107
21840 157
21840 16
21840 28
21840 65
21840 75
21840 90
21840 17
21840 85
21840 2
21840 77
21840 137
21840 39
21840 67
21840 84
21840 105
21840 128
21840 112
21840 82
21840 120
21840 139
21840 29
21840 46
21840 79
21840 115
21840 141
21840 26
21840 54
21840 6
21840 60
21840 66
21840 132
21840 12
21840 106
21840 133
21840 159
21840 96
21840 25
21840 44
22175 21
22175 12
22175 38
22175 29
22175 5
22175 32
22175 15
22175 10
22175 34
22175 20
22175 30
22175 36
22175 31
22175 26
22175 1
22175 9
22175 7
22175 39
22175 41
22175 11
22175 17
22175 37
22175 24
22175 13
22175 2
22175 4
22175 18
22175 23
22175 19
22175 25
22175 22
22175 28
22175 3
22175 0
22175 16
22175 35
22175 6
21661 86
21661 138
21661 144
21661 20
21661 83
21954 162
21954 121
21954 258
21954 194
21954 8
21954 56
21954 317
21954 19
21954 169
21954 25
21954 28
21954 11
21954 336
21954 33
21954 68
21954 26
21954 219
21954 232
21954 340
21954 186
21954 344
21954 345
21954 161
21954 165
21954 129
21954 175
21954 124
21954 44
21954 246
21954 229
21954 190
21954 291
21954 230
21954 231
21954 39
21954 263
21954 329
21954 58
21954 40
21954 53
21954 32
21954 255
21954 280
21954 334
21954 24
21954 41
21954 247
21954 290
21954 60
21954 315
21954 63
21954 199
21954 101
21954 16
21954 211
21954 298
21954 140
21954 7
21954 139
21954 88
21954 181
21954 210
21954 27
21954 64
21954 172
21954 59
21954 18
21954 45
21954 145
21954 78
21954 95
21954 83
21954 20
21954 248
21954 66
21954 62
21954 335
21954 320
21954 21
21954 22
21954 272
21954 236
21954 208
21954 307
21954 309
21954 70
21954 65
21954 171
21954 342
21954 178
21954 167
21954 111
21954 220
21954 279
21954 4
21954 163
21954 243
21954 203
21954 9
21954 205
21954 191
21954 256
21954 303
21954 86
21954 343
21954 89
21954 188
21954 196
21954 103
21954 253
21954 284
21954 197
21954 114
21954 300
21954 209
21954 217
21954 109
21954 281
21954 76
21954 151
21954 193
21954 215
21954 252
21954 96
21954 55
21954 310
21954 297
21954 97
21954 166
21954 201
21954 31
21954 34
21954 12
21954 17
21954 134
21954 222
21954 328
21954 77
21954 285
21954 261
21954 118
21954 233
21954 314
21954 316
21954 173
21954 288
21954 107
21954 184
21954 347
21954 337
21954 104
21954 249
21954 91
21954 105
21954 123
21954 132
21954 57
21954 182
21954 130
21954 302
21954 177
21954 289
21954 38
21954 0
21954 286
21954 50
21954 72
21954 207
21954 346
21954 278
21954 116
21954 183
21954 266
21954 13
21954 147
21954 82
21954 185
21954 90
21954 259
21954 299
21954 228
21954 267
21954 106
21954 254
21954 154
21954 189
21954 48
21954 92
21954 250
21954 148
21954 61
21954 242
21954 74
21954 277
21954 305
21954 341
21954 46
21954 3
21954 158
21954 216
21954 117
21954 304
21954 260
21954 176
21954 241
21954 311
21954 204
21954 131
21954 301
21954 49
21954 218
21954 180
21954 71
21954 136
21954 265
21954 332
21954 235
21954 10
21954 325
21954 240
21954 292
21954 202
21954 313
21954 122
21954 160
21954 94
21954 318
21954 47
21954 150
21954 85
21954 159
21954 323
21954 330
21954 127
21954 276
21954 306
21954 226
21954 112
21954 108
21954 275
21954 152
21954 271
21954 102
21954 168
21954 324
21954 5
21954 238
21954 137
21954 149
21954 99
21954 339
21954 319
21645 3
21855 94
21855 42
21855 65
21855 75
21855 92
21855 119
21855 48
21787 112
21787 223
21787 75
21787 14
21787 49
21787 88
21787 106
21787 101
21787 3
21787 26
21787 74
21787 246
21497 3
21497 41
21497 24
21497 68
21497 28
21497 50
21497 53
21497 35
21497 65
21497 70
21497 14
21497 7
21497 37
21497 11
21497 32
21497 61
21497 25
21497 44
21497 59
21497 40
21497 43
21497 67
21497 22
21497 5
21497 47
21497 1
21497 4
21497 9
21497 17
21497 18
21497 13
21497 19
21497 12
21497 51
21497 71
21497 16
21497 8
21497 20
21497 62
21497 69
21497 54
21497 26
21497 31
21497 58
21497 56
21497 64
21497 48
21497 52
21497 66
21497 42
21497 29
21497 63
21497 72
21497 0
21497 6
21497 39
21497 46
21497 10
21497 45
21497 60
21497 38
21497 21
21497 23
21497 27
21497 34
21497 2
21497 36
21497 33
21497 49
21497 57
21851 26
21851 13
21851 8
21851 17
21851 31
21851 40
21851 10
21851 6
21851 22
21851 29
21851 11
21851 14
21851 28
21851 18
21851 20
21851 1
21851 19
21851 30
21851 25
21851 5
21851 12
21851 36
21851 33
21851 43
21851 21
21851 37
21851 38
21851 42
21851 16
21851 7
21851 27
21851 34
21851 35
21851 23
21851 2
21851 0
21851 3
21851 15
21851 24
21851 39
22206 43
22206 24
22206 15
22206 80
22206 51
22206 44
22206 49
22206 35
22206 89
22206 53
22206 52
22206 61
22206 70
22206 18
22206 62
22206 29
22206 48
22206 39
22206 59
22206 74
22206 86
22206 9
22206 77
22206 96
22206 14
22206 71
22206 87
22206 76
22206 75
22206 98
22206 30
22206 84
22206 11
22206 21
22206 41
22206 93
22206 54
22206 97
22206 8
22206 0
22206 23
22206 28
22206 78
22206 100
22206 81
22206 55
22206 57
22206 40
22206 69
22206 83
22206 4
22206 99
22206 2
22206 79
22206 64
22206 10
22206 37
22206 31
22206 1
22206 47
22206 20
22206 65
22206 16
22206 95
22206 58
22206 26
22206 42
22206 32
22206 73
21638 105
21638 4
21638 21
21638 95
21638 98
21638 114
21638 11
21638 10
21638 39
21638 64
21638 93
21638 115
21638 134
21638 70
21638 59
21638 150
21638 29
21638 53
21638 129
21638 14
21638 23
21638 46
21638 138
21638 123
21638 130
21638 146
21638 68
21638 125
21638 137
21638 166
21638 1
21638 24
21638 83
21638 6
21638 9
21638 30
21638 76
21638 27
21638 35
21638 75
21638 126
21638 168
21638 171
21638 155
21638 169
21638 40
21638 61
21638 67
21638 71
21638 139
21638 12
21638 78
21638 82
21638 117
21638 149
21638 28
21638 33
21638 69
21638 97
21638 3
21638 7
21638 25
21638 31
21638 170
21638 102
21638 161
21638 5
21638 77
21638 99
21638 127
21638 62
21638 65
21638 111
21638 113
21638 26
21638 66
21638 119
21638 80
21638 100
21638 135
21638 47
21638 60
21638 74
21638 88
21638 142
21638 148
21638 158
21638 54
21638 17
21638 55
21638 136
21638 108
21638 131
21638 41
21638 44
21638 86
21638 106
21638 118
21638 167
21638 133
21638 16
21638 58
21638 151
21638 2
21638 38
21638 91
21638 152
21638 13
21638 48
21638 120
21638 107
21638 132
21638 160
21638 165
21638 19
21638 104
21638 72
21638 84
21638 92
21638 0
21638 34
21638 37
21638 43
21638 63
21638 101
21638 42
21638 122
21638 156
21638 96
21496 2
21496 19
21496 5
21496 10
21496 15
21496 24
21496 7
21496 18
21496 30
21496 29
21496 31
21496 34
21496 0
21496 25
21496 13
21496 27
21496 21
21496 35
21496 1
21496 9
21496 14
21496 3
21496 17
21496 20
21496 32
21496 38
21496 23
21496 26
21496 4
21496 22
21496 36
21496 28
21496 11
21496 33
21496 16
21496 8
22158 103
22158 101
22158 177
22158 116
22158 141
22158 210
22158 157
22158 69
22158 161
22158 91
22158 35
22158 29
22158 58
22158 34
22158 130
22158 49
22158 57
22158 22
22158 214
22158 13
22158 230
22158 100
22158 76
22158 224
22158 104
22158 21
22158 80
22158 123
22158 56
22158 175
22158 14
22158 48
22158 3
22158 85
22158 174
22158 154
22158 159
22158 194
22158 222
22158 111
22158 66
22158 178
22158 1
22158 167
22158 25
22158 150
22158 46
22158 108
22158 95
22158 43
22158 226
22158 138
22158 120
22158 133
22158 171
22158 28
22158 146
22158 4
22158 63
22158 179
22158 229
22158 18
22158 12
22158 216
22158 20
22158 71
22158 139
22158 205
22158 11
22158 27
22158 8
22158 38
22158 209
22158 165
22158 32
22158 42
22158 33
22158 221
22158 158
22158 77
22158 23
22158 54
22158 199
22158 134
22158 68
22158 86
22158 213
22158 217
22158 37
22158 173
22158 122
22158 145
22158 119
22158 78
22158 99
22158 79
22158 44
22158 142
22158 124
22158 36
22158 198
22158 64
22158 231
22158 30
22158 136
22158 197
22158 211
22158 144
22158 132
22158 17
22158 118
22158 181
22158 140
22158 156
22158 166
22158 163
22158 160
22158 74
22158 172
22158 61
22158 182
22158 110
22158 169
22158 152
22158 55
22158 164
22158 51
22158 155
22158 89
22158 88
22158 5
22158 112
22158 105
22158 149
22158 81
22158 232
22158 114
22158 180
22158 234
22158 185
22158 218
22158 225
22158 109
22158 220
22158 125
22158 200
22158 94
22158 7
22158 126
22158 59
22158 0
21943 162
21943 74
21943 133
21943 84
21943 139
21943 94
21943 100
21943 163
21943 125
21943 156
21943 95
21943 32
21943 87
21943 240
21943 72
21943 171
21943 183
21943 154
21943 214
21943 179
21943 180
21943 40
21943 92
21943 143
21943 207
21943 210
21943 165
21943 3
21943 15
21943 59
21943 176
21943 166
21943 50
21943 25
21943 67
21943 173
21943 64
21943 31
21943 68
21943 22
21943 223
21943 140
21943 246
21943 245
21943 197
21943 221
21943 213
21943 250
21943 29
21943 120
21943 235
21943 35
21943 81
21943 126
21943 255
21943 177
21943 160
21943 117
21943 169
21943 231
21943 2
21943 182
21943 98
21943 233
21943 203
21943 147
21943 190
21943 132
21943 118
21943 43
21943 71
21943 45
21943 7
21943 188
21943 42
21943 90
21943 216
21943 257
21943 41
21943 65
21943 138
21943 28
21943 54
21943 208
21943 130
21943 70
21943 252
21943 164
21943 222
21943 131
21943 121
21943 191
21943 109
21943 80
21943 237
21943 6
21943 49
21943 239
21943 79
21943 232
21943 218
21943 196
21943 122
21943 129
21943 243
21943 247
21943 114
21943 52
21943 212
21943 119
21943 146
21943 4
21943 106
21943 58
21943 254
21943 194
21943 1
21943 24
21943 199
21943 227
21943 149
21943 11
21943 153
21943 242
21943 124
21943 258
21943 27
21943 224
21943 38
21943 5
21943 112
21943 55
21943 181
21943 195
21943 136
21943 209
21943 82
21943 103
21943 0
21943 46
21943 63
21943 37
21943 144
21943 30
21943 127
21943 128
21943 102
21943 184
21943 88
21943 192
21943 21
21943 142
21943 20
21943 14
21943 141
21943 111
21943 26
21943 211
21943 23
21943 204
21943 86
21943 13
21943 172
21943 101
21943 170
21943 261
21943 75
21943 230
21943 198
21943 145
21943 253
21943 174
21943 89
21943 48
21943 61
21943 123
21943 115
21943 17
21943 12
21943 236
21943 241
22142 30
22142 20
22142 17
22142 89
22142 4
22142 88
22142 76
22142 35
22142 15
22142 75
22142 36
22142 6
22142 40
22142 24
22142 56
22142 86
22142 44
22142 92
22142 100
22142 19
22142 106
22142 12
22142 33
22142 59
22142 53
22142 47
22142 55
22142 62
22142 107
22142 87
22142 23
22142 49
22142 84
22142 38
22142 93
22142 43
22142 104
22142 60
22142 27
22142 99
22142 9
22142 90
22142 39
22142 2
22142 91
22142 5
22142 51
22142 22
22142 109
22142 101
22142 34
22142 80
22142 28
22142 96
22142 45
22142 102
22142 79
22142 41
22142 10
22142 61
22142 16
22142 32
22142 50
22142 57
22142 77
22142 52
21453 6
21453 7
21453 0
21453 2
21453 5
21453 8
21453 1
21453 4
21453 9
21453 3
22187 168
22187 164
22187 65
22187 63
22187 206
22187 131
22187 33
22187 335
22187 24
22187 325
22187 191
22187 137
22187 49
22187 291
22187 258
22187 101
22187 46
22187 173
22187 59
22187 279
22187 136
22187 48
22187 76
22187 176
22187 199
22187 327
22187 147
22187 107
22187 198
22187 67
22187 50
22187 11
22187 197
22187 272
22187 188
22187 288
22187 109
22187 84
22187 148
22187 87
22187 329
22187 235
22187 328
22187 138
22187 289
22187 222
22187 26
22187 163
22187 40
22187 195
22187 145
22187 0
22187 273
22187 52
22187 314
22187 149
22187 130
22187 250
22187 294
22187 91
22187 306
22187 61
22187 82
22187 214
22187 287
22187 20
22187 16
22187 15
22187 208
22187 216
22187 35
22187 184
22187 192
22187 286
22187 278
22187 220
22187 324
22187 115
22187 17
22187 215
22187 187
22187 295
22187 237
22187 297
22187 51
22187 336
22187 100
22187 243
22187 36
22187 18
22187 135
22187 333
22187 154
22187 210
22187 234
22187 106
22187 185
22187 162
22187 323
22187 6
22187 308
22187 166
22187 27
22187 159
22187 313
22187 110
22187 236
22187 320
22187 261
22187 103
22187 211
22187 213
22187 112
22187 113
22187 133
22187 169
22187 247
22187 196
22187 330
22187 120
22187 129
22187 55
22187 317
22187 93
22187 19
22187 300
22187 47
22187 68
22187 80
22187 8
22187 296
22187 146
22187 31
22187 21
22187 102
22187 86
22187 132
22187 227
22187 212
22187 312
22187 158
22187 157
22187 85
22187 22
22187 332
22187 54
22187 322
22187 134
22187 56
22187 338
22187 37
22187 321
22187 114
22187 257
22187 193
22187 58
22187 151
22187 152
22187 285
22187 60
22187 223
22187 229
22187 92
22187 150
22187 179
22187 265
22187 249
22187 89
22187 241
22187 161
22187 64
22187 267
22187 12
22187 280
22187 281
22187 170
22187 175
22187 97
22187 310
22187 69
22187 57
22187 238
22187 124
22187 153
22187 9
22187 276
22187 260
22187 96
22187 38
22187 177
22187 2
22187 240
22187 331
22187 282
22187 189
22187 251
22187 88
22187 156
22187 160
22187 337
22187 301
22187 232
22187 118
22187 316
22187 207
22187 231
22187 224
22187 264
22187 256
22187 275
22187 111
22187 1
22187 202
22187 30
22187 218
22187 181
22187 171
22187 244
22187 32
22187 119
22187 41
22187 302
22187 174
22187 167
22187 283
22187 45
22187 186
22187 204
22187 10
22187 127
22187 269
22187 268
22187 62
22187 270
21592 5
21592 33
21592 26
21592 42
21592 108
21592 1
21592 40
21592 122
21592 2
21592 3
21592 82
21592 120
21592 69
21592 145
21592 35
21592 21
21592 24
21592 38
21592 135
21592 160
21592 161
21592 16
21592 32
21592 39
21592 66
21592 6
21592 51
21592 96
21592 152
21592 10
21592 58
21592 103
21592 119
21592 130
21592 46
21592 60
21592 68
21592 83
21592 91
21592 8
21592 12
21592 84
21592 99
21592 9
21592 18
21592 59
21592 92
21592 49
21592 174
21592 158
21592 177
21592 162
21592 64
21592 107
21592 133
21592 11
21592 67
21592 129
21592 34
21592 80
21592 28
21592 104
21592 27
21592 85
21592 141
21592 25
21592 57
21592 63
21592 116
21592 117
21592 134
21592 29
21592 36
21592 50
21592 76
21592 98
21592 168
21592 128
21592 143
21592 17
21592 71
21592 86
21592 53
21592 73
21592 163
21592 172
21592 112
21592 132
21592 95
21592 147
21592 151
21592 153
21592 154
21592 157
21592 165
21519 28
21593 175
21964 213
21600 54
21839 9
21839 19
21839 28
21839 10
21839 26
21839 25
21839 8
21839 7
21839 0
21839 16
21839 22
21839 13
21839 2
21839 20
21839 11
21839 17
21839 27
21839 18
21839 23
21839 12
21839 21
21839 24
21839 4
21839 14
21864 9
21864 14
21864 58
21864 60
21864 66
21864 5
21864 17
21864 26
21864 70
21864 4
21864 20
21864 53
21864 36
21864 7
21864 8
21864 64
21864 16
21864 62
21864 34
21864 42
21864 55
21864 69
21864 46
21864 27
21864 47
21864 39
21864 43
21864 65
21864 45
21864 19
21864 50
21864 33
21864 35
21864 51
21864 6
21864 41
21864 12
21864 48
21864 56
21864 44
21864 25
21864 32
21864 15
21864 40
21864 52
21864 61
21461 3
21461 5
21461 4
21461 2
21461 6
21461 7
21461 1
21461 0
22269 49
22269 77
22269 123
22269 105
22269 89
22269 46
22269 73
22269 71
22269 39
22269 115
22269 65
22269 110
22269 55
22269 81
22269 6
22269 45
22269 98
22269 114
22269 50
22269 80
22269 113
22269 95
22269 30
22269 120
22269 52
22269 116
22269 3
22269 56
22269 61
22269 4
22269 99
22269 51
22269 102
22269 8
22269 40
22269 53
22269 2
22269 109
22269 15
22269 92
22269 10
22269 82
22269 19
22269 64
22269 29
22269 18
22269 28
22269 119
22269 100
22269 78
22269 16
22269 68
22269 33
22269 107
22269 91
22269 111
22269 97
22269 96
22269 11
22269 74
22269 63
22269 86
22269 26
22269 0
22269 84
22269 117
22269 87
22269 112
22269 35
22269 21
22269 57
22269 85
22269 70
22269 7
22269 90
22269 83
22269 32
22269 62
22269 58
22269 42
22269 101
22269 69
22269 94
22269 122
22269 31
22269 48
22269 9
22269 76
22269 38
21767 42
21767 14
21767 51
21767 73
21767 66
21767 32
21767 1
21767 31
21767 55
21767 71
21767 7
21767 41
21767 61
21767 65
21767 34
21767 27
21767 56
21767 69
21767 70
21767 5
21767 12
21767 52
21767 63
21767 17
21767 45
21767 29
21767 30
21767 3
21767 47
21767 54
21767 67
21767 35
21767 44
21767 53
21767 64
21767 37
21767 18
21767 9
21767 20
21767 26
21767 2
21767 57
21767 58
21767 59
21767 72
21767 11
21767 40
21767 43
21767 60
21767 62
21767 19
21767 24
21767 22
21767 0
21767 6
21767 50
21767 75
21767 8
21767 38
21767 16
21767 10
21767 13
21767 46
21767 4
21767 15
21767 28
21767 48
21767 33
21767 49
21767 21
21767 39
21860 7
21860 11
21860 23
21860 12
21860 1
21860 4
21860 15
21860 20
21860 19
21860 22
21860 2
21860 8
21860 18
21860 21
21860 10
22132 7
22132 1
22132 4
22132 25
22132 48
22132 24
22132 6
22132 59
22132 35
22132 17
22132 52
22132 23
22132 16
22132 73
22132 76
22132 28
22132 3
22132 62
21660 129
21660 115
21660 14
21660 19
21660 42
21660 157
22113 59
22113 27
22113 54
22113 15
22113 24
22113 52
22113 20
22113 38
22113 70
22113 56
22113 21
22113 16
22113 45
22113 28
22113 22
22113 48
22113 9
22113 36
22113 65
22113 33
22113 58
22113 35
22113 29
22113 7
22113 47
22113 51
22113 31
22113 0
22113 67
22113 63
22113 57
22113 50
22113 41
22113 14
22113 26
22113 71
22113 2
22113 17
22113 40
22113 69
22113 1
22113 37
22113 64
22113 39
22113 10
22113 4
22113 3
22113 62
22113 49
22113 46
22113 5
22113 32
22113 61
22113 42
22113 23
22113 66
22113 30
22113 13
22113 44
22113 11
22113 53
21818 17
21818 20
21818 12
21818 23
21818 24
21818 5
21818 8
21818 15
21818 2
21818 21
21818 13
21818 4
21818 14
21818 22
21818 9
21818 0
22101 43
22101 66
22101 42
22101 7
22101 34
22101 68
22101 39
22101 61
22101 4
22101 64
22101 67
22101 0
22101 70
22101 60
22101 31
22101 33
22101 56
22101 46
22101 11
22101 50
22101 5
22101 22
22101 28
22101 44
22101 35
22101 51
22101 58
22101 65
22101 13
22101 8
22101 24
22101 9
22101 21
22101 55
22101 49
22101 63
22101 59
22101 12
22101 41
22101 6
22101 15
22101 48
22101 19
22101 32
22101 47
22101 27
22101 36
22101 26
22101 40
22101 29
22101 45
22101 38
22101 57
22101 17
22101 52
22101 14
22101 54
21652 11
21652 72
21652 39
22168 144
22168 100
22168 198
22168 35
22168 15
22168 137
22168 90
22168 135
22168 250
22168 214
22168 159
22168 241
22168 139
22168 54
22168 49
22168 185
22168 134
22168 1
22168 5
22168 195
22168 174
22168 142
22168 269
22168 262
22168 64
22168 89
22168 165
22168 48
22168 233
22168 91
22168 200
22168 119
22168 52
22168 80
22168 125
22168 79
22168 268
22168 183
22168 252
22168 30
22168 247
22168 222
22168 259
22168 75
22168 170
22168 191
22168 95
22168 204
22168 17
22168 133
22168 112
22168 173
22168 113
22168 217
22168 123
22168 265
22168 127
22168 254
22168 120
22168 28
22168 249
22168 92
22168 202
22168 57
22168 175
22168 116
22168 244
22168 196
22168 59
22168 50
22168 18
22168 136
22168 16
22168 180
22168 150
22168 236
22168 44
22168 186
22168 56
22168 151
22168 163
22168 212
22168 70
22168 94
22168 12
22168 65
22168 51
22168 10
22168 32
22168 237
22168 37
22168 194
22168 83
22168 77
22168 73
22168 36
22168 266
22168 99
22168 129
22168 205
22168 107
22168 260
22168 182
22168 238
22168 193
22168 117
22168 258
22168 71
22168 207
22168 218
22168 33
22168 181
22168 47
22168 38
22168 210
22168 167
22168 41
22168 68
22168 154
22168 11
22168 124
22168 188
22168 219
22168 149
22168 209
22168 251
22168 7
22168 227
22168 148
22168 3
22168 86
22168 157
22168 187
22168 27
22168 240
22168 169
22168 178
22168 78
22168 160
22168 26
22168 122
22168 245
22168 97
22168 162
22168 206
22168 156
22168 132
22168 168
22168 31
22168 42
22168 131
22168 141
22168 111
22168 55
22168 87
22168 243
22168 261
22168 221
22168 9
22168 21
22168 184
22168 104
22168 161
22168 208
22168 74
22168 201
22168 58
22168 109
22168 103
22168 199
22168 4
22168 229
22168 20
22168 60
22168 239
22168 72
22168 76
22168 228
22168 263
22168 226
22168 225
22168 145
22168 84
22168 220
22168 172
22168 267
22168 235
22168 255
21939 137
21939 244
21939 229
21939 35
21939 259
21939 45
21939 48
21939 236
21710 29
21710 43
21710 16
21710 45
21722 18
21722 26
21722 1
21722 28
21722 25
21722 7
21722 23
21722 10
21722 13
21722 20
21722 8
21722 14
21722 16
21722 9
21722 5
21722 15
21722 24
21722 4
21722 19
21722 2
21722 11
21722 21
21722 22
21722 12
21722 6
21722 17
21589 5
21589 44
21589 9
21589 32
21589 7
21589 11
21589 16
21589 23
21589 24
21589 25
21589 1
21589 28
21589 36
22093 180
22093 187
22093 104
22093 219
22093 202
22093 92
22093 170
22093 52
22093 117
22093 207
22093 138
22093 78
22093 65
22093 31
22093 221
22093 18
22093 73
22093 192
22093 22
22093 39
22093 194
22093 5
22093 175
22093 209
22093 46
22093 21
22093 230
22093 199
22093 7
22093 140
22093 87
22093 16
22093 168
22093 76
22093 208
22093 143
22093 89
22093 203
22093 47
22093 157
22093 90
22093 93
22093 23
22093 20
22093 84
22093 184
22093 214
22093 35
22093 142
22093 141
22093 136
22093 191
22093 131
22093 48
22093 80
22093 228
22093 220
22093 122
22093 155
22093 25
22093 108
22093 133
22093 100
22093 229
22093 61
22093 88
22093 222
22093 69
22093 57
22093 101
22093 130
22093 182
22093 107
22093 86
22093 6
22093 67
22093 224
22093 33
22093 181
22093 14
22093 103
22093 36
22093 75
22093 231
22093 165
22093 200
22093 148
22093 172
22093 95
22093 152
22093 40
22093 71
22093 164
22093 38
22093 129
22093 53
22093 13
22093 62
22093 111
22093 96
22093 3
22093 28
22093 154
22093 176
22093 63
22093 158
22093 8
22093 212
22093 60
22093 119
22093 144
22093 55
22093 37
22093 149
22093 77
22093 134
22093 66
22093 146
22093 162
22093 58
22093 109
22093 120
22093 56
22093 234
22093 189
22093 135
22093 127
22093 125
22093 206
22093 139
22093 0
22093 193
22093 105
22093 163
22093 70
22093 99
22093 26
22093 225
22093 121
22093 153
22093 174
22093 43
22093 128
22093 112
22093 211
22093 97
22093 91
22093 45
22093 81
22093 29
22093 169
22093 2
22093 213
22093 197
22093 190
22093 171
22093 132
22093 223
22093 137
22093 50
22093 30
22093 85
22093 68
22093 54
22093 179
22093 204
22093 116
22093 215
21927 22
21927 440
21927 15
21927 20
21927 10
21927 185
21927 270
21927 342
21927 364
21927 278
21927 200
21927 358
21927 171
21927 4
21927 55
21927 153
21927 496
21927 195
21927 251
21927 461
21927 58
21927 546
21927 63
21927 250
21927 381
21927 21
21927 512
21927 272
21927 516
21927 69
21927 156
21927 468
21927 16
21927 151
21927 481
21927 377
21927 379
21927 306
21927 532
21927 125
21927 207
21927 159
21927 77
21927 349
21927 458
21927 487
21927 104
21927 443
21927 322
21927 248
21927 157
21927 305
21927 415
21927 430
21927 277
21927 448
21927 145
21927 66
21927 260
21927 521
21927 140
21927 399
21927 245
21927 336
21927 314
21927 402
21927 115
21927 183
21927 82
21927 438
21927 184
21927 488
21927 225
21927 94
21927 492
21927 433
21927 524
21927 380
21927 497
21927 389
21927 116
21927 242
21927 383
21927 50
21927 510
21927 288
21927 212
21927 312
21927 88
21927 395
21927 100
21927 412
21927 2
21927 101
21927 46
21927 362
21927 85
21927 218
21927 56
21927 139
21927 498
21927 265
21927 361
21927 259
21927 432
21927 221
21927 5
21927 335
21927 285
21927 466
21927 484
21927 60
21927 414
21927 338
21927 264
21927 526
21927 261
21927 545
21927 169
21927 499
21927 453
21927 237
21927 410
21927 536
21927 280
21927 436
21927 313
21927 198
21927 48
21927 98
21927 32
21927 175
21927 489
21927 42
21927 0
21927 289
21927 173
21927 471
21927 308
21927 187
21927 294
21927 535
21927 297
21927 291
21927 541
21927 240
21927 408
21927 155
21927 273
21927 211
21927 90
21927 326
21927 233
21927 44
21927 384
21927 246
21927 258
21927 393
21927 281
21927 129
21927 154
21927 426
21927 543
21927 419
21927 392
21927 9
21927 57
21927 219
21927 310
21927 472
21927 215
21927 427
21927 409
21927 127
21927 455
21927 514
21927 102
21927 478
21927 505
21927 385
21927 179
21927 205
21927 459
21927 283
21927 114
21927 235
21927 96
21927 539
21927 247
21927 244
21927 43
21927 36
21927 130
21927 346
21927 181
21927 508
21927 528
21927 37
21927 109
21927 503
21927 357
21927 303
21927 327
21927 324
21927 132
21927 188
21927 152
21927 252
21927 148
21927 435
21927 186
21927 254
21927 95
21927 112
21927 222
21927 80
21927 316
21927 103
21927 360
21927 72
21927 147
21927 133
21927 534
21927 176
21927 520
21927 224
21927 269
21927 366
21927 500
21927 167
21927 374
21927 515
21927 547
21927 45
21927 268
21927 255
21927 137
21927 300
21927 465
21927 220
21927 363
21927 354
21927 83
21927 525
21927 449
21927 123
21927 65
21927 64
21927 262
21927 302
21927 527
21927 296
21927 309
21927 91
21927 345
21927 6
21927 41
21927 476
21927 190
21927 30
21927 178
21927 49
21927 163
21927 298
21927 421
21927 454
21927 39
21927 149
21927 124
21927 544
21927 369
21927 106
21927 138
21927 40
21927 328
21927 485
21927 209
21927 350
21927 352
21927 446
21927 142
21927 329
21927 382
21927 71
21927 417
21927 199
21927 529
21927 182
21927 234
21927 34
21927 180
21927 416
21927 299
21927 311
21927 469
21927 538
21927 372
21927 343
21927 279
21927 370
21927 318
21927 263
21927 121
21927 424
21927 331
21927 131
21927 493
21927 33
21927 375
21927 136
21927 491
21927 166
21927 282
21927 210
21927 29
21927 418
21927 507
21927 519
21927 113
21927 51
21927 340
21927 420
21927 232
21927 292
21927 227
21927 542
21927 284
21927 365
21927 387
21927 388
21927 3
21927 368
21927 158
21927 75
21927 107
21927 266
21927 216
21927 164
21927 509
21927 249
21927 172
21927 8
21927 486
21927 390
21927 62
21927 371
21927 437
21927 517
21927 126
21927 201
21927 355
21927 267
21927 61
21927 456
21927 494
21927 18
21927 518
21927 128
21927 54
21927 413
21927 423
21927 226
21927 117
21927 463
21927 253
21927 359
21927 213
21927 319
21927 290
21927 307
21927 341
21927 501
21927 24
21927 236
21927 74
21927 442
21927 373
21927 108
21927 59
21927 122
21927 473
21927 386
21927 206
21927 204
21927 391
21927 86
21927 480
21927 228
21927 439
21927 452
21927 431
21927 170
21927 135
21927 191
21927 214
21927 110
21927 150
21976 5
21976 9
21976 3
21976 0
21976 6
21976 7
21976 8
21976 4
21976 2
21976 1
22099 100
22099 90
22099 105
22099 89
22099 67
22099 94
22099 101
22099 23
22099 66
22099 76
22099 41
22099 52
22099 51
22099 79
22099 38
22099 35
22099 72
22099 104
22099 29
22099 19
22099 61
22099 17
22099 49
22099 4
22099 57
22099 73
22099 60
22099 59
22099 25
22099 37
22099 74
22099 15
22099 30
22099 93
22099 31
22099 22
22099 7
22099 47
22099 83
22099 92
22099 16
22099 33
22099 44
22099 55
22099 36
22099 96
22099 68
22099 103
22099 64
22099 48
22099 39
22099 27
22099 0
22099 28
22099 6
22099 2
22099 63
22099 24
22099 65
22099 75
22099 88
22099 45
22099 20
22099 40
22099 82
22099 11
22099 97
22099 99
22058 390
22058 535
22058 423
22058 460
22058 450
22058 513
22058 533
22058 495
22058 536
22058 532
22058 539
22058 381
22058 501
21981 54
21981 61
21981 50
21981 79
21981 20
21898 62
21898 163
21898 7
21898 155
21898 185
21898 3
21898 177
21898 20
21898 50
21898 106
21898 126
21898 57
21898 88
21898 148
21898 156
21898 73
21898 23
21898 105
21898 186
21898 35
21898 146
21898 59
21898 115
21898 109
21898 21
21898 66
21898 137
21898 6
21898 91
21898 111
21898 135
21898 147
21898 82
21898 113
21898 181
21898 173
21898 51
21898 69
21642 4
21642 55
21642 60
21642 94
21935 22
21935 50
21935 54
21935 66
21935 25
21935 29
21935 6
21935 15
21935 34
21935 11
21935 16
21935 28
21935 13
21935 27
21935 71
21935 19
21935 48
21935 20
21935 72
21935 62
21935 60
21935 69
21935 73
21935 38
21935 55
21935 24
21935 59
21935 26
21935 68
21935 32
21935 45
21935 51
21935 9
21935 43
21935 0
21935 2
21935 40
21935 39
21935 8
21935 42
21935 4
21935 74
21935 14
21935 35
21935 49
21935 64
21935 44
21935 63
21935 47
21935 37
21935 23
21935 52
21935 46
21935 41
21738 43
21738 53
21738 57
21738 96
21738 1
21738 104
21738 48
21738 44
21738 84
21738 98
21738 40
21738 102
21738 60
21738 99
21738 11
21738 19
21738 89
21738 92
21738 58
21738 52
21738 51
21738 87
21738 18
21738 69
21738 28
21738 30
21738 93
21738 4
21738 27
21738 49
21738 78
21738 7
21738 32
21738 36
21738 37
21738 5
21738 56
21738 70
21738 79
21738 97
21738 24
21738 86
21738 54
21738 62
21738 72
21738 42
21738 61
21738 81
21738 59
21738 64
21738 15
21738 34
21738 35
21738 14
21738 83
21738 12
21738 46
21738 77
21738 0
21738 26
21738 33
21738 71
21738 76
21738 3
21738 38
21738 41
21738 21
21738 50
21738 63
21738 2
21738 22
21738 23
21738 16
21738 74
21738 82
21738 10
21738 29
21738 75
21738 103
21738 17
21738 39
21738 85
21738 25
21738 47
21738 100
21738 8
21738 31
21738 55
21738 67
21738 68
21738 101
21741 268
21741 94
21741 148
21741 0
21741 176
21491 70
21491 8
21491 58
21491 96
21491 112
22073 83
22073 55
22073 127
22073 13
22073 47
22073 104
22073 137
22073 36
22073 34
22073 42
22073 38
22073 5
22073 60
22073 142
22073 23
22073 17
22073 76
22073 3
22073 102
22073 150
22073 140
22073 32
22073 75
22073 54
22073 33
22073 18
22073 28
22073 84
22073 147
22073 62
22073 94
22073 29
22073 128
22073 58
22073 112
22073 51
22073 1
22073 120
22073 20
22073 40
22073 154
22073 90
22073 122
21490 9
21490 1
21490 14
21490 13
21490 4
21490 10
21490 6
21490 16
21490 17
21490 5
21490 11
21490 0
21490 7
21490 2
21490 8
21490 15
21490 12
21980 44
21980 17
21980 20
21980 35
21980 42
21980 15
21980 2
22172 14
22172 29
22172 46
22172 65
22172 24
22172 11
22172 74
22172 44
22172 64
22157 114
22157 119
22157 97
22157 54
22157 101
22157 84
22157 1
22157 16
22157 23
22157 69
22157 19
22157 43
22157 77
22157 61
22157 82
22157 22
22157 57
22157 55
22157 47
22157 31
22157 107
22157 110
22157 92
22157 105
22157 112
22157 88
22157 46
22157 38
22157 99
22157 65
22157 63
22157 93
22157 21
22157 74
22157 81
22252 22
22252 61
22252 51
22252 3
22252 81
22252 10
22252 24
22252 118
22252 85
22252 66
22252 54
22252 91
22252 45
22252 62
22252 77
22252 57
22252 122
22252 7
22252 114
22252 87
22252 38
22252 121
22252 86
22252 44
22252 35
22252 25
22252 12
22252 105
22252 119
22252 41
22252 110
22252 55
22252 1
22252 80
22252 69
22252 93
22252 92
22252 16
22252 37
22252 31
22252 9
22252 113
22252 108
22252 116
22252 78
22252 53
22252 34
22252 27
22252 46
22252 23
22252 79
22252 5
22252 48
22252 26
22252 6
22252 84
22252 103
22252 123
22252 30
22252 13
22252 8
22252 42
22252 65
22252 112
22252 47
22252 106
22252 102
22252 107
22252 75
22252 20
22252 95
22252 21
22252 76
22252 100
22252 52
22252 83
22252 32
22252 68
22252 29
22252 74
22252 15
22252 101
22252 72
22252 50
22252 4
22252 109
22252 94
22252 56
21486 36
21479 2
21479 29
21479 48
21479 44
21479 52
21479 113
21479 148
21479 3
21479 6
21479 51
21479 134
21479 35
21479 98
21479 123
21479 34
21479 55
21479 136
21479 11
21479 27
21479 39
21479 46
21479 108
21479 1
21479 14
21479 15
21479 62
21479 58
21479 92
21479 122
21479 19
21479 137
21479 147
21479 49
21479 69
21479 73
21479 112
21479 66
21479 26
21479 86
21479 102
21479 119
21479 142
21479 12
21479 17
21479 33
21479 64
21479 105
21479 94
21479 139
21479 8
21479 37
21479 60
21479 63
21479 72
21479 84
21479 109
21479 76
21479 59
21479 61
21479 107
21479 133
21479 140
21479 24
21479 77
21479 13
21479 87
21479 93
21479 125
21479 38
21479 42
21479 74
21479 103
21479 96
21479 101
21479 118
21479 128
21479 4
21479 110
21479 120
21479 144
21479 5
21479 81
21479 117
21479 121
21479 129
21479 36
21479 43
21479 71
21479 90
21479 104
21479 0
21479 53
21479 57
21479 99
21479 146
21479 30
21479 89
21479 91
21479 155
21479 31
21479 32
21479 85
21479 88
21479 79
21479 97
21479 143
21503 1
21503 6
21503 51
21503 54
21503 81
21503 127
21503 12
21896 16
21896 10
21556 359
21556 356
21556 371
21556 361
21556 355
21556 360
21556 368
21556 362
21556 367
21556 370
21556 365
21556 366
21556 354
21556 363
21556 364
21556 369
21556 357
21513 13
21791 86
21791 88
21791 120
21791 5
21791 92
21791 116
21791 125
21791 49
21791 57
21791 60
21791 71
21791 87
21791 119
21791 94
21791 8
21791 72
21791 147
21791 11
21791 29
21791 50
21731 3
21731 49
21731 87
21731 99
21444 0
21444 8
21444 2
21444 11
21444 17
21444 7
21444 1
21444 18
21444 3
21444 15
21444 16
21444 19
21444 5
21444 10
21444 9
21444 13
21444 14
21444 4
21444 6
21780 34
21780 3
21780 17
21780 24
21780 12
21780 29
21780 14
21780 33
21780 22
21780 7
21780 26
21780 28
21780 16
21780 9
22247 36
22247 23
22247 49
21481 40
21481 117
21481 170
21481 177
21481 207
21481 23
21481 46
21481 64
21481 108
21481 156
21481 159
21481 27
21481 30
21481 77
21481 110
21481 157
21481 163
21481 15
21481 119
21481 139
21481 186
21481 41
21481 97
21481 98
21481 129
21481 194
21481 34
21481 48
21481 81
21481 167
21481 178
21481 188
21481 189
21481 13
21481 152
21481 153
21481 208
21481 4
21481 31
21481 47
21481 58
21481 61
21481 125
21481 162
21481 93
21481 103
21481 124
21481 36
21481 155
21481 203
21481 10
21481 181
21481 196
21481 173
21481 198
21481 205
21481 56
21481 75
21481 109
21481 150
21481 0
21481 5
21481 38
21481 121
21481 127
21481 138
21481 195
21481 6
21481 12
21481 165
21481 184
21481 8
21481 11
21481 17
21481 133
21481 79
21481 113
21481 183
21487 1
21487 11
21487 133
21487 167
21487 169
21487 190
21487 243
21487 307
21487 314
22204 36
22204 42
22204 50
22204 181
22204 118
22204 33
22204 266
22204 29
22204 78
22204 255
22204 260
22204 66
22204 39
22204 26
22204 189
22204 53
22204 179
22204 164
22204 217
22204 247
22204 211
22204 157
22204 98
22204 80
22204 83
22204 254
22204 156
22204 138
22204 151
22204 130
22204 197
22204 40
22204 169
22204 159
22204 41
22204 63
22204 67
22204 203
22204 220
22204 96
22204 158
22204 175
22204 19
22204 88
22204 120
22204 162
22204 62
22204 72
22204 25
22204 97
22204 195
22204 180
22204 261
22204 54
22204 155
22204 134
22204 52
22204 73
21875 57
21875 94
21875 125
21875 123
21875 111
21875 28
21875 31
21875 129
21875 75
21875 66
21875 84
21875 93
21875 3
21875 69
21875 68
21875 101
21875 106
21875 88
21875 130
21875 121
21875 110
21875 24
21875 0
21875 51
21875 127
21875 8
21875 61
21875 85
21875 7
21875 89
22031 8
22252 2
22252 71
22252 60
22252 18
21625 16
21625 23
21625 50
21625 56
21625 59
21625 6
21625 8
21625 18
21625 48
21625 49
21625 62
21625 19
21625 20
21625 66
21625 9
21625 65
21625 26
21625 64
21625 14
21625 39
21625 44
21625 7
21625 32
21625 10
21625 17
21625 43
21625 29
21625 30
21625 22
21625 37
21625 54
21625 33
21625 57
21625 40
21625 51
21625 55
21625 58
21625 53
21625 28
21625 45
21625 72
21625 42
21625 63
21625 12
21625 60
21625 21
21625 52
21625 1
21625 3
21625 34
21625 46
21625 0
22143 18
22143 48
22143 56
22143 61
22143 98
22143 31
22143 27
22143 75
22143 45
22143 10
22143 30
22143 86
22143 20
22143 23
22143 36
21667 329
21667 64
21667 67
21667 113
21667 117
21667 146
21667 208
21667 276
21667 161
21667 193
21667 213
21667 275
21667 289
21667 349
21667 250
21667 253
21667 325
21667 185
21667 204
21667 247
21667 306
21667 313
21667 342
21667 364
21785 50
21785 54
21785 66
21785 76
21785 106
21785 111
21785 124
21785 146
21785 24
21785 11
21785 31
21785 37
21785 58
21785 68
21785 80
21785 81
21785 103
21785 128
21785 133
21785 25
21785 6
21785 61
21785 94
21785 109
21785 114
21785 115
21785 132
21785 142
22035 4
22035 2
22202 14
21942 5
21844 40
21844 59
21844 7
21844 49
21844 6
21844 24
22030 6
22030 5
22030 0
22030 9
22030 2
22030 4
22030 3
22030 8
22030 7
21641 33
21641 24
21641 13
21641 15
21641 7
21641 22
21641 27
21641 29
21641 11
21641 32
21641 25
21641 2
21641 31
21641 19
21983 180
21983 113
21983 63
21983 242
21983 126
21983 255
21983 136
21983 42
21983 219
21983 84
21983 123
21983 243
21983 195
21982 480
21982 233
21982 178
21982 29
21982 494
21982 399
21982 94
21982 54
21982 228
21982 508
21982 456
21982 338
21982 202
21982 111
21982 285
21982 191
21982 417
21982 500
21982 243
21982 300
21982 534
21982 478
21982 42
21982 320
21982 466
21982 78
21982 133
21982 495
21982 162
21982 410
21982 307
21982 403
21982 460
21982 175
21982 350
21982 501
21982 413
21982 352
21982 305
21982 370
21982 195
21982 351
21982 354
21982 45
21982 104
21982 314
21982 502
21982 396
21982 546
21982 294
21982 185
21982 108
21982 56
21982 182
21982 139
21982 254
21982 430
21982 258
21982 365
21982 510
21982 119
21982 428
21982 522
21982 275
21982 77
21982 542
21982 82
21982 33
21982 288
21982 309
21982 89
21982 93
21982 433
21982 450
21982 536
21982 382
21982 241
21982 473
21982 92
21982 97
21982 387
21982 20
21982 35
21982 373
21982 180
21982 239
21982 271
21982 6
21982 287
21982 146
21982 74
21982 426
21982 84
21982 279
21982 349
21982 36
21982 541
21982 217
21982 140
21982 459
21982 549
21982 360
21982 336
21982 304
21982 109
21982 526
21982 543
21982 361
21982 421
21982 65
21982 273
21982 231
21982 405
21982 519
21982 468
21982 14
21982 398
21982 194
21982 404
21982 296
21982 445
21982 95
21982 240
21982 353
21982 392
21982 269
21982 474
21982 374
21982 201
21982 209
21982 507
21982 51
21982 13
21982 26
21982 408
21982 219
21982 484
21982 245
21982 325
21982 17
21982 530
21982 448
21982 125
21982 27
21982 272
21982 214
21982 455
21982 107
21982 62
21982 454
21982 432
21982 535
21982 221
21982 377
21982 159
21982 348
21982 216
21982 503
21982 545
21982 41
21982 3
21982 8
21982 340
21982 260
21982 21
21982 48
21982 136
21982 220
21982 90
21982 414
21982 343
21982 11
21982 1
21982 329
21982 248
21982 264
21982 481
21982 225
21982 461
21982 25
21982 515
21982 342
21982 161
21982 170
21982 200
21982 389
21982 295
21982 153
21982 282
21982 453
21982 210
21982 407
21982 550
21982 144
21982 250
21982 47
21982 505
21982 188
21982 441
21982 86
21982 244
21982 444
21982 143
21982 395
21982 67
21982 488
21982 147
21982 538
21982 447
21982 43
21982 310
21982 34
21982 145
21982 375
21982 235
21982 236
21982 401
21982 183
21982 154
21982 281
21982 355
21982 38
21982 524
21982 101
21982 122
21982 22
21982 177
21982 289
21982 59
21982 155
21982 247
21982 525
21982 381
21982 246
21982 197
21982 227
21982 150
21982 99
21982 497
21982 70
21982 12
21982 276
21982 356
21982 326
21982 477
21982 317
21982 149
21982 380
21982 532
21982 224
21982 331
21982 476
21982 266
21982 423
21982 120
21982 256
21982 10
21982 123
21982 509
21982 364
21982 168
21982 156
21982 504
21982 23
21982 434
21982 284
21982 151
21982 409
21982 61
21982 341
21982 358
21982 186
21982 467
21982 422
21982 332
21982 15
21982 127
21982 169
21982 199
21982 0
21982 132
21982 431
21982 443
21982 257
21982 176
21982 316
21982 5
21982 286
21982 328
21982 278
21982 440
21982 223
21982 18
21982 270
21982 516
21982 100
21982 393
21982 19
21982 66
21982 218
21982 548
21982 335
21982 436
21982 540
21982 261
21982 523
21982 337
21982 55
21982 485
21982 400
21982 4
21982 206
21982 121
21982 158
21982 537
21982 498
21982 486
21982 334
21982 7
21982 173
21982 157
21982 118
21982 362
21982 58
21982 499
21982 547
21982 242
21982 379
21982 463
21982 452
21982 487
21982 539
21982 79
21982 308
21982 37
21982 514
21982 190
21982 229
21982 293
21982 424
21982 259
21982 213
21982 96
21982 303
21982 318
21982 9
21982 369
21982 517
21982 457
21982 482
21982 376
21982 138
21982 69
21982 449
21982 60
21982 83
21982 112
21982 130
21982 88
21982 28
21982 506
21982 91
21982 205
21982 330
21982 129
21982 238
21982 290
21982 64
21982 471
21982 152
21982 165
21982 57
21982 528
21982 116
21982 44
21982 117
21982 164
21982 277
21982 166
21982 113
21982 172
21982 531
21982 427
21982 551
21982 324
21982 263
21982 215
21982 230
21982 464
21982 63
21982 134
21982 411
22176 61
22176 104
22176 77
22176 28
22176 63
22176 122
22037 256
22037 22
22037 229
22037 0
22037 209
22037 75
22037 155
22037 103
22037 20
22037 151
22037 181
21516 69
21516 70
21516 5
21516 15
21516 4
21516 16
21516 59
21516 17
21516 55
21516 13
21516 27
22091 44
22091 98
22091 107
22091 103
22091 76
22091 104
22091 108
22091 77
22091 71
22091 99
22091 52
22091 62
22091 38
22091 94
22091 100
22091 96
22091 16
22091 10
22091 78
22091 28
22091 69
22091 74
22091 31
22091 7
22091 82
22091 109
22091 83
22091 40
22091 63
22091 17
22091 72
22091 27
22091 84
22091 4
22091 80
22091 18
22091 42
22091 66
22091 75
22091 95
22091 88
22091 12
22091 50
22091 51
22091 106
22091 2
22091 97
22091 49
22091 29
22091 68
22091 37
22091 58
22091 9
22091 54
22091 92
22091 19
22091 61
22091 39
22091 26
22091 24
22091 57
22091 86
22091 15
22091 53
22091 20
22091 30
22091 101
22091 35
22091 65
22091 34
22091 105
22091 5
22091 32
22091 36
22091 48
22091 56
22091 60
21756 40
21756 183
21756 184
21756 191
21756 275
21756 74
21955 81
21955 43
21955 18
21955 33
21955 37
21749 31
21749 55
22250 44
22053 55
22053 163
22053 53
22053 76
22053 241
22053 217
22053 10
22053 31
22053 226
22053 66
22053 239
22053 184
22118 20
22118 27
22240 15
22240 1
22240 40
22144 42
22144 31
22130 105
22130 7
21943 53
21590 30
21590 20
21590 22
21590 39
21590 64
21590 15
22073 53
22073 24
22073 6
22073 111
22073 138
22073 87
22073 121
21833 226
21833 228
21833 241
21833 261
21833 297
21833 315
21833 326
21833 341
21833 353
22146 29
21975 88
21975 68
21975 32
21975 26
21975 0
22146 24
22146 33
22146 6
22146 0
22146 39
22146 7
22146 11
22146 19
22146 20
22146 9
22146 5
22146 43
22146 34
22146 45
22146 17
22146 41
22146 2
22146 40
22146 18
22146 35
22146 15
22146 22
22146 30
22146 42
22146 1
22146 14
22146 4
22146 32
22146 12
22146 21
22146 8
22146 37
22146 26
22146 27
22146 28
22146 25
22146 10
22146 13
22146 36
22146 3
22146 44
22146 16
22146 38
22146 23
22146 31
21834 17
21834 29
21834 51
21834 83
21834 142
21834 61
21834 113
21834 96
21834 59
21834 71
21834 25
21834 8
21834 141
21834 28
21834 13
21834 18
21834 10
21834 125
21834 150
21834 86
21834 37
21834 49
21834 58
21834 139
21834 67
21834 24
21834 93
21834 20
21834 69
21834 97
21834 134
21834 152
21834 156
21834 57
21834 42
21834 112
21834 127
21834 40
21834 84
21834 85
21834 89
21834 91
21834 140
21834 77
21834 80
21834 82
21834 109
21834 2
21834 3
21834 73
21834 117
21834 50
21834 79
21834 154
21834 70
21834 21
21834 63
21834 99
21834 19
21834 35
21834 155
21834 34
21834 45
21834 78
21834 88
21834 110
21834 136
21834 144
21834 9
21834 14
21834 0
21834 30
21834 62
21834 94
21834 121
21834 126
21834 143
21834 46
21834 66
21834 92
21834 118
21834 120
21834 135
21834 138
21834 81
21834 102
21834 103
21834 128
21834 147
21834 153
21834 12
21834 44
21834 41
21834 146
21834 27
21834 36
21834 65
21834 111
21834 43
21834 23
21834 31
21834 106
21834 54
21834 68
21834 26
21834 60
21834 76
21834 101
21834 119
21834 131
21834 132
21834 148
21911 22
21911 223
21911 192
21911 42
21911 127
21911 122
21911 55
21911 235
21911 124
21911 78
21911 241
21476 419
21476 472
21476 484
21476 497
21476 526
21476 530
21476 545
21476 561
21486 16
21486 95
21486 40
21486 61
21486 140
21486 46
21486 64
21486 69
21486 76
21486 93
21486 148
21486 5
21486 106
21486 18
21486 65
21486 135
21486 89
21486 133
21486 15
21486 19
21486 71
21486 105
21486 39
21486 57
21486 83
21486 132
21486 31
21486 45
21486 23
21486 82
21486 123
21486 116
21486 127
21486 131
21486 7
21486 43
21486 0
21486 99
21486 138
21486 21
21486 139
21486 38
21486 47
21486 56
21486 92
21486 130
21486 144
21486 13
21486 80
21486 96
21486 126
21486 146
21486 27
21486 54
21486 114
21486 136
21486 84
21486 120
21486 29
21486 34
21486 70
21486 100
21486 118
21486 147
21486 59
21486 142
21486 58
21486 108
21486 125
21486 85
21486 90
21486 115
21486 42
21486 60
21486 87
21486 98
21486 53
21486 51
21486 68
21486 81
21486 110
21486 124
21486 134
21486 48
21486 63
21486 129
21486 77
21486 94
21486 113
21486 121
21486 12
21486 101
21486 22
21486 67
21486 20
21486 24
21486 109
21486 8
21486 11
21486 1
21486 6
21486 66
21486 97
21486 33
21486 74
21486 30
21486 41
21486 86
21486 26
21486 44
21486 112
21486 28
21486 75
21486 4
21663 11
21663 129
21663 145
21663 93
21663 156
21663 120
21663 123
21663 143
21663 160
21663 23
21663 105
21663 101
21663 87
21663 125
21663 188
21663 106
21663 5
21663 110
21663 89
21663 25
21663 68
21663 16
21663 162
21663 116
21663 154
21663 191
21663 117
21663 107
21663 137
21663 157
21663 193
21663 57
21663 108
21663 127
21663 128
21663 21
21663 71
21663 176
21663 35
21663 50
21663 85
21663 94
21663 98
21663 118
21663 161
21663 20
21663 12
21663 62
21663 92
21663 113
21663 150
21663 130
21663 141
21663 183
21663 56
21663 15
21663 4
21663 146
21663 131
21663 135
21663 22
21663 142
21663 163
21663 175
21663 180
21663 72
21663 80
21663 181
21663 38
21663 165
21663 168
21663 187
21663 190
21663 34
21663 58
21663 64
21663 90
21663 124
21663 76
21663 0
21663 42
22086 373
22093 196
22093 1
22093 34
21775 1
21775 71
21775 98
21775 206
21775 259
21775 50
21775 341
21775 250
21775 119
21775 137
21775 190
21775 196
21775 105
21775 7
21775 61
21775 171
21775 221
21775 155
21775 33
21775 249
21775 164
21775 324
21775 353
21775 114
21775 165
21775 175
21775 179
21775 301
21775 305
21775 335
21775 342
21775 24
21775 29
21775 159
21775 325
21775 319
21775 236
21775 21
21775 12
21775 91
21775 223
21775 239
21775 169
21775 230
21775 210
21775 14
21775 123
21775 138
21775 181
21775 183
21775 20
21775 68
21775 99
21775 191
21775 26
21775 74
21775 349
21775 270
21775 306
21775 326
21775 40
21775 56
21775 118
21775 70
21775 134
21775 251
21775 204
21775 240
21775 246
21775 282
21775 346
21775 3
21775 85
21775 139
21775 127
21775 328
21775 237
21775 348
21775 147
21775 203
21775 317
21775 320
21775 254
21775 212
21775 274
21775 311
21775 143
21775 232
21775 242
21775 284
21775 312
21775 327
21775 338
21775 226
21775 354
21775 57
21775 108
21775 303
21775 25
21775 42
21775 51
21775 78
21775 19
21775 47
21775 83
21775 116
21775 144
21775 149
21775 151
21775 167
21775 182
21775 185
21775 295
21775 11
21775 75
21775 90
21775 268
21775 352
21775 163
21775 177
21775 180
21775 213
21775 334
21775 93
21775 110
21775 130
21775 238
21775 0
21775 16
21775 17
21775 101
21775 276
21775 288
21775 289
21775 293
21775 80
21775 82
21775 197
21775 202
21775 41
21775 36
21775 84
21775 162
21775 194
21775 227
21775 235
21775 107
21775 125
21775 173
21775 9
21775 69
21775 201
21775 336
21775 89
21775 124
21775 256
21775 269
21775 122
21775 217
21775 253
21775 4
21775 97
21775 229
21775 241
21775 222
21775 252
21775 299
21775 318
21775 281
21775 351
21775 176
21775 302
21775 145
21775 154
21775 216
21775 225
21775 258
21775 277
21775 307
21775 257
21775 52
21775 58
21775 76
21775 153
21775 38
21775 66
21775 44
21775 59
21775 72
21775 65
21775 94
21775 200
21775 248
21775 208
21775 309
21775 337
21775 77
21775 156
21775 160
21775 219
21775 45
21775 211
21775 330
21775 297
21775 64
21775 150
21775 161
21775 347
21775 2
21775 30
21775 296
21775 49
21775 135
21775 117
21775 140
21775 224
21775 315
21775 109
21775 172
21775 184
21775 308
21775 243
21775 214
21775 215
21775 228
21775 231
21775 304
21775 322
21775 141
21775 142
21775 152
21775 262
21775 247
21775 120
21775 170
21775 55
21775 86
21775 126
21775 192
21775 115
21775 267
21775 13
21775 43
21775 81
21775 92
21775 96
21775 136
21775 35
21775 340
21775 158
21775 168
21775 188
21775 332
21775 264
21775 278
21775 286
21775 323
21775 345
21775 283
21775 291
21775 321
21775 265
21775 39
21775 273
21775 106
21775 146
21775 205
22028 43
22028 51
22028 64
22028 49
22028 65
22028 56
22028 72
22028 47
22028 74
22028 70
22028 34
22028 46
22028 71
22028 55
22028 76
22028 41
22028 50
22028 69
22028 59
22028 68
22028 57
22028 48
22028 52
22028 53
22028 67
22028 54
22028 42
22028 66
22028 58
22028 60
22028 36
21783 250
21783 410
21783 444
21783 452
21783 493
21783 118
21783 71
21783 267
21783 53
21783 93
21783 343
21783 495
21783 513
21893 105
21893 48
21893 96
21893 72
21893 126
21893 124
21893 69
21893 92
21893 44
21893 84
21893 27
21893 8
21893 22
21893 82
21893 114
21893 99
21893 104
21893 51
21893 26
21893 131
21893 110
21893 57
21893 63
21893 17
21893 37
21893 73
21893 62
21893 130
21893 76
21893 87
21893 117
21893 18
21893 43
21893 56
21893 31
21893 103
21893 12
21893 74
21893 49
21893 120
21893 85
21893 21
21893 123
21893 10
21893 32
21893 4
21893 33
21893 128
21893 65
21893 108
21893 36
21893 55
21893 46
21893 15
21893 58
21893 80
21893 111
21893 79
21893 60
21893 6
21893 97
21893 3
21893 121
21893 115
21893 77
21893 129
21893 66
21893 54
21893 90
21893 94
21893 119
21893 64
21893 91
21893 107
21893 70
21893 118
21893 116
21893 88
21893 100
21893 47
21893 86
21893 19
21893 67
21893 16
21893 101
21893 40
21893 132
21893 25
21893 53
21893 20
21893 75
21893 81
21893 95
21893 38
21893 5
21893 39
21893 1
21893 7
21893 11
21893 127
21925 175
21925 21
21925 38
21925 115
21925 195
21925 60
21925 193
21925 34
21925 125
21925 31
21925 66
21925 154
21925 64
21925 25
21925 192
21925 39
21925 185
21925 24
21925 138
21925 178
21925 42
21925 70
21925 199
21925 170
21925 75
21925 183
21925 78
21925 90
21925 142
21925 196
21925 51
21925 186
21925 95
21925 126
21925 139
21925 121
21925 169
21925 55
22158 90
22158 135
22158 215
22158 106
22158 129
22158 107
22158 98
22158 196
22158 219
22158 113
22158 70
22158 39
22158 184
22158 75
22158 45
22158 143
22158 233
22158 40
22158 9
22158 84
22158 93
22158 47
22158 193
22158 6
22158 41
22158 96
22158 26
22158 195
22158 121
22158 62
22158 52
22158 50
22158 16
22158 204
22158 10
22158 201
22158 183
22158 127
22158 82
22158 203
22158 223
22158 168
22158 212
22158 97
22158 162
22158 202
22158 19
22158 151
22158 176
22158 148
22158 73
22158 83
22158 60
22158 115
22158 65
22158 228
22158 15
22158 128
22073 103
22073 131
22073 11
22073 80
22073 129
22073 106
22073 72
22073 143
22073 115
22073 134
22073 125
22073 22
22073 50
22073 39
22073 26
22073 27
22073 141
22073 49
22073 14
22073 85
22073 100
22073 114
22073 4
22073 41
22073 116
22073 101
22073 86
22073 48
22073 151
22073 2
22073 67
22073 108
22073 16
22073 79
22073 148
22073 68
22073 8
22073 153
22073 93
22073 110
22073 15
22073 99
22073 97
22073 19
22073 98
22073 123
22073 139
22073 61
22073 59
22073 89
22073 31
22073 74
22073 9
22073 35
22073 7
22073 152
22073 65
22073 132
22073 43
22073 95
22073 66
22073 130
22073 81
22073 73
22073 91
22073 70
22073 88
22073 25
22073 126
22073 133
22073 117
22073 78
22073 109
22073 92
22073 57
22073 135
22073 46
22073 105
22073 52
22073 45
22073 146
22073 56
22073 118
22073 10
22073 124
22073 69
22073 82
22073 30
22073 0
22073 113
22073 71
22073 37
22073 119
22073 12
22073 77
22073 96
22073 136
22073 145
22073 44
22073 144
22073 107
22073 63
22073 21
22073 64
21937 5
21937 20
21523 3
21523 32
21761 11
21761 21
21761 3
21761 12
21761 32
21761 31
21761 10
21761 28
21761 16
21761 37
21761 20
21761 17
21761 19
21761 7
21761 1
21761 0
21761 42
21761 39
21761 6
21761 23
21761 25
21761 41
21761 36
21761 18
21761 14
21761 43
21761 33
21761 26
21761 8
21761 4
21761 22
21761 34
21716 9
21716 35
21716 36
21716 143
21716 177
21716 19
21716 89
21716 92
21716 129
21716 164
21716 219
21716 13
21716 29
21716 38
21716 39
21716 17
21716 21
21716 26
21716 40
21716 78
21716 87
21716 97
21716 149
21716 171
21716 178
21716 188
21716 62
21716 101
21716 117
21716 123
21716 146
21716 160
21716 73
21716 90
21716 139
21716 185
21716 190
21716 204
21716 249
21716 199
21716 47
21716 48
21716 54
21716 145
21716 205
21716 217
21716 238
21716 240
21716 74
21716 124
21716 195
21716 212
21716 243
21716 244
21716 84
21716 114
21716 197
21716 5
21716 7
21716 10
21716 23
21716 33
21716 41
21716 42
21716 119
21716 0
21716 8
21716 14
21716 58
21716 203
21716 229
21716 138
21716 163
21716 111
21716 140
21716 93
21716 94
21716 104
21716 115
21716 122
21716 161
21716 174
21716 184
21716 246
21716 130
21716 151
21716 175
21716 239
21716 95
21716 55
21716 120
21716 128
21716 150
21716 170
21716 194
21716 6
21716 16
21716 46
21716 64
21716 70
21716 127
21716 165
21716 237
21716 245
21716 133
21716 169
21716 179
21716 236
21716 253
21716 211
21716 132
21716 142
21716 108
21716 180
21716 208
21716 15
21716 27
21716 28
21716 32
21716 77
21716 88
21716 100
21716 144
21716 158
21716 166
21716 187
21716 228
21716 20
21716 168
21716 222
21716 233
21716 59
21716 136
21716 191
21716 231
21716 134
21716 201
21716 210
21716 247
21716 99
21716 110
21716 60
21716 67
21716 167
21716 227
21716 193
21716 118
21716 141
21716 162
21716 192
21716 218
21716 250
21716 86
21716 109
21716 153
21716 220
21716 224
21716 230
21716 235
21716 52
21716 65
21716 71
21716 91
21716 189
21716 226
21716 98
21716 51
21716 126
21716 155
21716 206
21716 213
21716 53
21716 61
21716 75
21716 106
21716 135
21716 183
21716 252
21716 225
21716 107
21716 159
21716 176
21716 186
21716 2
21716 50
21716 80
21716 102
21716 105
21716 198
21716 207
21716 215
21716 103
21716 63
21716 69
21716 112
21716 154
21716 182
21716 68
21716 137
21716 173
21716 22
21716 44
21716 1
21716 30
21716 31
21716 34
21716 81
21716 83
21716 121
21716 200
21716 241
21716 3
21716 4
21716 11
21716 25
21716 43
21716 45
21716 66
21716 147
21716 148
21716 49
21716 82
21716 116
21716 157
21716 172
21716 216
21716 196
21716 232
21475 14
21475 33
21475 46
21475 21
21475 17
21475 19
21475 52
21475 55
21475 10
21475 44
21475 18
21475 49
21475 26
21475 6
21475 16
21475 48
21475 45
21475 9
21475 28
21475 22
21475 53
21475 41
21475 40
21475 54
21475 35
21475 5
21475 36
21475 43
21475 29
21475 50
21475 12
21475 51
21475 1
21475 7
21475 31
21475 2
21475 20
21475 3
21475 8
21475 27
21475 0
21475 24
21475 25
21475 30
21475 47
21475 57
21475 23
21475 42
21475 11
21475 13
21475 4
21804 280
21804 17
21804 58
21804 62
21804 89
21804 67
21804 217
21804 362
21804 87
21804 88
21804 240
21804 252
21804 107
21804 334
21804 74
21804 279
21804 213
21804 185
21804 363
21804 12
21804 83
21804 340
21804 317
21804 321
21804 328
21804 246
21804 303
21804 336
21804 370
21804 290
21804 293
21804 157
21804 259
21804 283
21804 291
21804 277
21804 313
21804 56
21804 343
21804 357
21804 172
21804 341
21804 203
21804 302
21804 84
21804 167
21804 284
21804 342
21804 16
21804 38
21804 90
21804 152
21804 169
21804 205
21804 366
21804 354
21804 368
21804 53
21804 154
21804 112
21804 100
21804 111
21804 133
21804 140
21804 184
21804 218
21804 233
21804 299
21804 27
21804 48
21804 200
21804 204
21804 147
21804 265
21804 296
21804 324
21804 2
21804 295
21804 8
21804 39
21804 46
21804 114
21804 166
21804 187
21804 219
21804 266
21804 183
21804 138
21804 130
21804 301
21804 367
21804 176
21804 126
21804 33
21804 297
21804 300
21804 137
21804 92
21804 104
21804 122
21804 315
21804 109
21804 371
21804 373
21804 189
21804 325
21804 333
21804 351
21804 346
21804 347
21804 326
21804 255
21804 42
21804 127
21804 149
21804 190
21804 227
21804 228
21804 243
21804 59
21804 273
21804 294
21804 344
21804 369
21804 268
21804 68
21804 28
21804 102
21804 320
21804 36
21804 66
21804 155
21804 258
21804 271
21804 339
21804 103
21804 350
21804 353
21804 358
21804 307
21804 311
21804 226
21804 101
21804 356
21804 355
21804 375
21804 32
21804 153
21804 198
21804 225
21804 329
21804 272
21804 239
21804 86
21804 289
21804 25
21804 194
21804 29
21804 81
21804 148
21804 191
21804 196
21804 263
21804 312
21804 20
21804 34
21804 49
21804 71
21804 160
21804 248
21804 72
21804 98
21804 146
21804 158
21804 177
21804 209
21804 229
21804 108
21804 121
21804 208
21804 215
21804 224
21804 281
21804 99
21804 73
21804 50
21804 13
21804 61
21804 94
21804 151
21804 188
21804 254
21804 77
21804 22
21804 128
21804 129
21804 135
21804 256
21804 257
21804 175
21804 360
21804 18
21804 75
21804 95
21804 118
21804 245
21804 276
21804 316
21804 330
21804 359
21804 365
21804 4
21804 9
21804 21
21804 47
21804 79
21804 141
21804 163
21804 253
21804 261
21804 327
21804 262
21804 19
21804 44
21804 45
21804 131
21804 180
21804 242
21804 285
21804 51
21804 70
21804 76
21804 142
21804 170
21804 174
21804 249
21804 251
21804 55
21804 323
21804 11
21804 31
21804 41
21804 85
21804 123
21804 144
21804 210
21804 30
21804 119
21804 349
21804 282
21804 164
21804 319
21804 5
21804 15
21804 69
21804 124
21804 6
21804 270
21804 10
21804 96
21804 97
21804 110
21804 145
21804 156
21804 181
21804 220
21804 247
21804 274
21804 275
21804 24
21804 352
21804 361
21804 310
21804 306
21804 52
21804 80
21804 202
21804 230
21804 292
21804 288
21804 182
21972 214
21972 77
21972 85
21972 100
21972 81
21972 215
21972 90
21972 260
21972 93
21972 11
21972 110
21972 24
21972 92
21972 245
21972 133
21972 205
21972 169
21972 253
21972 146
21972 39
21972 70
21972 124
21972 30
21972 61
21972 225
21972 256
21972 45
21972 120
21972 95
21972 104
21972 13
21972 211
21972 37
21972 127
21972 113
21972 33
21972 227
21972 9
21972 17
21972 219
21972 16
21972 126
21972 88
21972 89
21972 40
21972 148
21972 200
21972 119
21972 184
21972 67
21972 216
21972 193
21972 15
21972 27
21972 6
21972 102
21972 144
21972 91
21972 240
21972 157
21972 2
21972 243
21972 58
21972 229
21972 140
21972 234
21972 233
21972 213
21972 98
21972 167
21972 25
21972 26
21972 20
21972 220
21972 97
21972 195
21972 12
21972 241
21972 153
21972 154
21972 164
21972 166
21972 161
21972 218
21972 111
21972 122
21972 201
21972 42
21972 173
21972 107
21972 31
21972 232
21972 56
21972 226
21972 141
21972 158
21972 62
21972 238
21972 123
21972 180
21972 74
21972 254
21972 149
21972 83
21972 181
21972 129
21972 72
21972 59
21972 221
21972 75
21972 155
21972 96
21972 29
21972 257
21972 175
21972 43
21972 57
21972 44
21972 99
21972 49
21972 223
21972 194
21972 168
21972 51
21972 32
21972 231
21972 217
21972 55
21972 207
21972 147
21972 176
21972 143
21972 204
21972 4
21972 142
21972 108
21972 190
21972 137
21972 159
21972 239
21972 139
21972 188
21972 191
21972 47
21972 1
21972 145
21972 68
21972 192
21972 236
21972 251
21972 130
21972 165
21972 203
21972 48
21972 255
21972 115
21972 162
21972 19
21972 212
21972 121
21972 189
21972 198
21972 246
21972 84
21972 262
21972 230
21972 135
21972 38
21972 41
21972 247
21972 131
21972 14
21972 183
21972 261
21972 187
21972 65
21972 259
21972 250
21972 8
21972 7
21972 202
21972 76
21972 196
21972 206
21972 128
21972 117
21972 112
21972 125
21972 46
21972 0
22043 339
22043 91
22043 281
22043 351
22043 426
22043 280
22043 6
22043 396
22043 499
22043 356
22043 515
22043 523
22043 394
22043 60
22043 1
22043 288
22043 272
22043 59
22043 103
22043 470
22089 63
22089 3
22089 2
22089 73
22089 53
22089 51
22089 52
22089 16
22089 45
22089 17
22089 39
22089 28
22089 76
22089 62
22089 26
22089 48
22089 10
22089 43
22089 6
22089 50
22089 4
22089 5
22208 59
22208 440
22208 167
22208 160
22208 25
22208 30
22208 454
22208 11
22208 435
22208 3
22208 466
22208 10
22208 450
22208 457
22208 452
22208 43
22208 122
22208 16
22208 445
22208 76
22208 180
22208 28
22208 186
22208 447
22208 428
22208 89
22208 446
22208 430
22208 63
22208 177
22208 35
22208 97
22208 131
22208 135
22208 108
22208 65
22208 110
22208 26
22208 141
22208 37
22208 93
22208 21
22208 61
22208 156
22208 7
22208 79
22208 468
22208 143
22208 149
22208 171
22208 463
22208 133
22208 174
22208 460
22208 172
22208 142
22208 150
22208 442
22208 120
22208 4
22208 134
22208 464
22208 98
22208 48
22208 75
22208 64
22208 54
22208 431
22208 146
22208 449
22208 103
22208 44
22208 109
22208 69
22208 175
22208 60
22208 130
22208 113
22208 102
22208 456
22208 101
22208 158
22208 107
22208 67
22208 56
22208 85
22208 455
22208 33
22208 105
22208 190
22208 91
22208 70
22208 144
22208 123
22208 444
22208 50
22208 433
22208 68
22208 84
22208 27
22208 52
22208 161
22208 152
22208 183
22208 12
22208 145
22208 469
22208 437
22208 83
22208 448
22208 51
22208 42
22208 77
22208 55
22208 19
22208 114
22208 137
22208 0
22208 62
22208 125
22208 168
22208 189
22208 471
22208 29
22208 86
22208 92
22208 181
22208 465
22208 106
22208 41
22208 34
22208 111
22208 129
22208 6
22208 136
22208 38
22208 36
22208 188
22208 87
22208 159
22208 441
22208 459
22208 99
22208 165
22208 9
22208 115
22208 148
22208 5
22208 40
22208 462
22208 124
22208 81
22208 461
22208 472
22208 173
22208 82
22208 2
22208 72
22208 154
22208 182
22208 176
22208 100
21840 110
21840 143
21840 154
21840 19
21840 41
21511 22
21511 23
21511 44
21511 50
21511 3
21511 11
21511 12
21511 67
21511 70
21511 73
21511 123
21511 126
21511 127
21511 139
21511 26
21511 38
21511 74
21511 82
21511 81
21511 133
21511 144
21511 145
21511 39
21511 42
21511 146
21511 0
21511 2
21511 68
21511 83
21511 84
21511 95
21511 102
21511 115
21511 140
21511 7
21511 8
21511 15
21511 24
21511 29
21511 46
21511 31
21511 49
21511 55
21511 48
21511 57
21511 30
21511 51
21511 65
21511 71
21511 79
21511 97
21511 110
21511 113
21511 141
21511 148
21511 89
21511 98
21511 101
21511 120
21511 149
21511 77
21511 109
21511 143
21511 151
21511 27
21511 32
21511 34
21511 16
21511 18
21511 36
21511 59
21511 64
21511 87
21511 91
21511 93
21511 94
21511 96
21511 121
21511 75
21511 85
21511 108
21511 114
21511 116
21511 119
21511 136
21511 63
21511 106
21511 122
21511 132
21511 152
21511 103
21511 104
21511 125
21511 129
21511 150
21511 17
21511 40
21511 69
21511 76
21511 78
21511 92
21511 111
21511 112
21511 130
21511 137
21511 138
21511 1
21511 10
21511 20
22075 42
22075 116
22075 23
22075 97
22075 1
21488 62
21488 114
21488 11
21488 41
21488 78
21488 148
21488 85
21488 150
21488 66
21488 145
21488 4
21488 35
21488 40
21488 75
21488 44
21488 69
21488 91
21488 104
21488 106
21488 116
21488 134
21488 0
21488 58
21488 83
21488 119
21488 25
21488 31
21488 46
21488 88
21488 155
21488 139
21488 12
21488 90
21488 131
21488 5
21488 17
21488 48
21488 64
21488 87
21488 107
21488 126
21488 30
21488 82
21488 21
21488 110
21488 136
21488 10
21488 53
21488 68
21488 94
21488 24
21488 70
21488 146
21488 7
21488 117
21488 140
21488 37
21488 96
21488 32
21488 43
21488 141
21488 2
21488 95
21488 115
21488 154
21488 20
21488 29
21488 67
21488 109
21488 118
21488 54
21488 55
21488 65
21488 99
21488 153
21488 19
21488 56
21488 63
21488 135
21488 138
21488 3
21488 13
21488 22
21488 52
21488 73
21488 112
21488 128
21488 38
21488 23
21488 57
21488 80
21488 84
21488 122
21488 16
21488 33
21488 97
21488 113
21488 120
21488 137
21488 18
21488 28
21488 105
21488 129
21488 130
21488 59
21488 81
21488 102
21488 6
21488 77
21488 9
21488 51
21488 60
21488 72
21488 1
21488 14
21488 50
21488 98
21949 23
21949 28
21949 18
21949 8
21949 16
21949 29
21949 13
21949 27
21949 14
21949 19
21949 12
21949 15
21949 9
21949 7
21949 0
21949 1
21949 17
21949 11
21949 30
21949 5
21949 10
21949 3
21949 20
21949 24
21949 2
21949 26
22121 13
22121 2
21573 1
21573 14
21573 16
21573 18
21573 12
21817 138
21817 209
21817 107
21817 33
21817 100
21817 113
21817 148
21817 172
21817 205
21817 58
21817 34
21817 85
21817 106
21817 200
21817 116
21817 163
21817 102
21817 183
21817 206
21817 173
21817 178
21817 190
21817 191
21817 4
21817 50
21817 86
21817 111
21817 132
21817 147
21817 226
21817 38
21817 122
21817 29
21817 143
21817 135
21817 207
21817 22
21817 51
21817 128
21817 149
21817 192
21817 193
21817 161
21817 222
21817 212
21817 0
21817 110
21817 187
21817 216
21817 224
21817 96
21817 225
21817 14
21817 45
21817 99
21817 126
21817 174
21817 220
21817 42
21817 67
21817 182
21817 16
21817 61
21817 13
21817 48
21817 164
21817 194
21817 12
21817 46
21817 18
21817 47
21817 153
21817 215
21817 115
21817 168
21817 228
21817 118
21817 165
21817 218
21817 117
21817 109
21817 185
21817 154
21817 17
21817 27
21817 125
21817 74
21817 81
21817 101
21817 119
21817 179
21817 208
21817 79
21817 5
21817 82
21817 201
21817 166
21817 112
21817 73
21817 53
21817 103
21817 11
21817 9
21817 39
21817 144
21817 176
21817 152
21817 167
21817 26
21817 94
21817 142
21817 139
21817 151
21817 214
21817 1
21817 30
21817 32
21817 75
21817 219
21817 145
21817 66
21817 150
21817 227
21817 78
21817 203
21817 136
21817 68
21817 133
21817 7
21817 124
21817 155
21817 221
21817 64
21817 170
21817 159
21817 57
21817 8
21817 88
21817 90
21817 91
21817 160
21817 199
21817 146
21817 62
21817 20
21817 134
21817 3
21817 25
21817 36
21817 54
21817 76
21817 77
21817 108
21817 130
21817 121
21817 97
21817 210
21817 158
21817 104
21817 70
21832 35
21832 355
21832 417
21832 204
21832 16
21832 38
21832 92
21832 231
21832 271
21832 273
21832 310
21832 321
21832 330
22110 12
22110 27
22110 26
22110 19
22110 14
22110 6
22110 28
22110 52
22110 34
22110 4
22110 36
22110 53
22110 49
22110 1
22110 3
22110 33
22110 5
22110 2
22110 21
22110 17
22110 22
22110 37
22110 0
22110 40
22110 45
22110 16
22110 38
22110 8
22110 10
22110 42
22110 11
22110 35
22110 32
22110 39
22110 47
22110 13
22110 7
22110 25
22110 9
22123 156
22123 98
22123 115
22123 83
22123 140
22123 151
22123 91
21624 55
21647 38
21647 308
21647 260
21647 86
21647 203
21647 239
21647 4
21647 287
21647 67
21647 124
21647 159
21647 193
21647 210
21647 255
21647 125
21647 145
21647 171
21647 273
21647 184
21647 68
21647 178
21647 261
21647 120
21647 129
21647 155
21647 169
21647 189
21647 301
21647 79
21647 96
21647 117
21647 138
21647 167
21647 246
21647 19
21647 121
21647 127
21647 318
21647 48
21647 284
21647 306
21647 327
21647 65
21647 190
21647 234
21647 185
21647 197
21647 233
21647 286
21647 325
21647 265
21647 280
21647 317
21647 112
21647 94
21647 134
21647 192
21647 217
21647 10
21647 295
21647 107
21647 223
21647 235
21647 251
21647 57
21647 77
21647 116
21647 199
21647 277
21647 292
21647 310
21647 303
21647 91
21647 162
21647 259
21647 314
21647 12
21647 24
21647 93
21647 135
21647 188
21647 231
21647 110
21647 166
21647 168
21647 198
21647 221
21647 49
21647 98
21647 104
21647 187
21647 291
21647 296
21647 298
21647 267
21647 270
21647 236
21647 305
21647 58
21647 62
21647 82
21647 126
21647 5
21647 34
21647 60
21647 309
21647 111
21647 81
21647 149
21647 150
21647 170
21647 218
21647 290
21647 140
21647 219
21647 288
21647 80
21647 153
21647 128
21647 73
21647 95
21647 202
21647 226
21647 258
21647 101
21647 156
21647 191
21647 205
21647 213
21647 108
21647 75
21647 281
21647 113
21647 119
21647 254
21647 320
21647 78
21647 186
21647 232
21647 29
21647 312
21647 56
21647 179
21647 322
21647 143
21647 225
21647 271
21647 37
21647 88
21647 20
21647 53
21647 204
21647 262
21647 151
21647 241
21647 64
21647 123
21647 200
21647 230
21647 242
21647 51
21647 102
21647 206
21647 92
21647 15
21647 84
21647 181
21647 222
21647 263
21647 89
21647 87
21647 8
21647 41
21647 3
21647 16
21647 27
21647 32
21647 72
21647 90
21647 216
21647 293
21647 321
21647 326
21647 45
21647 319
21647 132
21647 275
21647 36
21647 42
21647 44
21647 194
21647 55
21647 61
21647 83
21647 152
21647 182
21647 209
21647 214
21647 245
21647 256
21647 158
21647 207
21647 227
21647 240
21647 14
21647 157
21647 220
21647 282
21647 50
21647 114
21647 164
21647 172
21647 66
21647 105
21647 211
21647 237
21647 212
21647 264
21647 268
21647 269
21647 278
21647 302
21647 130
21647 7
21647 21
21647 46
21647 137
21647 176
21647 323
21647 69
21647 74
21647 183
21647 23
21647 63
21647 71
21647 141
21499 12
21499 16
21499 8
21499 11
21499 2
21499 5
21499 6
21499 14
21499 15
21499 13
21499 1
21499 10
21499 9
21499 0
21499 4
22140 85
22032 25
22032 34
22032 14
22032 29
22032 22
22032 50
22032 44
22032 54
22032 35
22032 20
22032 28
22032 2
22032 27
22032 15
22032 57
22032 30
22032 6
22032 0
22032 48
22032 4
22032 7
22032 3
22032 52
22032 24
22032 47
22032 56
22032 45
22032 13
22032 32
22032 1
22032 40
22032 10
22032 16
22032 39
22032 41
22032 55
22032 53
22032 26
22032 5
22032 36
22032 17
22032 37
21953 71
21714 9
21714 18
21825 67
21825 210
21825 264
21825 218
21825 14
21825 28
21825 47
21825 66
21825 105
21825 113
21825 115
21825 177
21825 96
21825 32
21825 315
21825 317
21825 41
21825 57
21825 91
21825 130
21825 174
21825 300
21825 314
21825 333
21825 336
21825 269
21825 175
21825 80
21825 141
21825 281
21825 297
21825 23
21825 294
21825 308
21825 201
21825 255
21825 190
21825 225
21825 320
21825 29
21825 6
21825 311
21825 195
21825 335
21825 282
21825 248
21825 25
21825 159
21825 158
21825 287
21825 328
21825 116
21825 167
21825 75
21825 290
21825 309
21825 88
21825 312
21825 334
21825 226
21825 170
21825 321
21825 236
21825 38
21825 39
21825 258
21825 148
21825 35
21825 219
21825 179
21825 121
21825 150
21825 33
21825 3
21825 205
21825 251
21825 278
21825 298
21825 325
21825 339
21825 49
21825 142
21825 280
21825 279
21825 301
21825 128
21825 108
21825 97
21825 8
21825 134
21825 166
21825 231
21825 93
21825 22
21825 176
21825 117
21825 310
21825 318
21825 272
21825 51
21825 129
21825 143
21825 164
21825 188
21825 199
21825 206
21825 43
21825 288
21825 193
21825 261
21825 327
21825 4
21825 44
21825 50
21825 180
21825 254
21825 296
21825 302
21825 337
21825 305
21825 81
21825 232
21825 65
21825 21
21825 284
21825 98
21825 299
21825 68
21825 243
21825 274
21825 114
21825 275
21825 306
21825 241
21825 197
21825 7
21825 147
21825 262
21825 132
21825 229
21825 191
21825 13
21825 101
21825 37
21825 208
21825 111
21825 213
21825 53
21825 109
21825 182
21825 209
21825 215
21825 82
21825 87
21825 90
21825 122
21825 124
21825 135
21825 133
21825 92
21825 242
21825 110
21825 71
21825 234
21825 1
21825 46
21825 178
21825 63
21825 112
21825 17
21825 64
21825 125
21825 169
21825 222
21825 16
21825 42
21825 60
21825 118
21825 267
21825 2
21825 48
21825 52
21825 55
21825 58
21825 89
21825 84
21825 239
21825 203
21825 95
21825 237
21825 62
21825 216
21825 160
21825 313
21825 322
21825 157
21825 139
21825 119
21825 277
21825 285
21825 194
21825 70
21825 266
21825 77
21825 265
21825 187
21825 227
21825 319
21825 161
21825 152
21825 0
21825 151
21825 245
21825 196
21825 246
21825 59
21825 323
21825 24
21825 45
21825 76
21825 100
21825 107
21825 233
21825 295
21825 238
21825 154
21825 173
21825 256
21825 73
21825 276
21825 12
21825 171
21825 228
21825 338
21825 211
21825 20
21825 204
21825 183
21825 240
21825 15
21825 192
21825 172
21825 56
21825 165
21709 0
21709 14
21709 11
21709 3
21709 2
21709 15
21709 9
21709 13
21709 5
21709 10
21709 7
21709 6
21709 12
21709 1
21709 4
21709 8
21803 2
21803 190
21803 82
21803 194
21803 196
21803 220
21803 245
21803 258
21803 177
21803 180
21803 271
21803 161
21803 209
21803 138
21803 86
21803 115
21803 239
21803 278
21803 87
21803 182
21803 191
21803 125
21803 205
21803 219
21803 128
21803 295
21803 199
21803 214
21803 152
21803 246
21803 288
21803 208
21803 225
21803 228
21803 8
21803 129
21803 252
21803 94
21803 119
21803 292
21803 16
21803 27
21803 31
21803 19
21803 32
21803 33
21803 67
21803 75
21803 18
21803 88
21803 90
21803 92
21803 101
21803 123
21803 133
21803 143
21803 147
21803 238
21803 247
21803 261
21803 264
21803 265
21803 207
21803 102
21803 106
21803 215
21803 273
21803 275
21803 37
21803 39
21803 68
21803 70
21803 251
21803 299
21803 276
21803 111
21803 158
21803 176
21803 212
21803 224
21803 235
21803 236
21803 198
21803 4
21803 109
21803 197
21803 260
21803 23
21803 38
21803 41
21803 62
21803 76
21803 83
21803 189
21803 107
21803 173
21803 216
21803 230
21803 172
21803 100
21803 114
21803 140
21803 203
21803 226
21803 281
21803 89
21803 188
21803 201
21803 285
21803 291
21803 93
21803 113
21803 117
21803 297
21459 38
21459 85
21785 69
21785 84
21785 107
21785 138
21785 145
21785 147
21785 39
21785 10
21785 41
21785 55
21785 83
21785 88
21785 91
21785 116
21785 117
21785 21
21785 47
21785 1
21785 17
21785 30
21785 137
21785 46
21785 36
21785 44
21785 0
21785 74
21785 28
21785 15
21785 19
21785 20
21785 38
21785 48
21785 26
21785 64
21785 71
21785 82
21785 99
21785 102
21785 130
21785 60
21785 73
21785 77
21785 101
21785 104
21785 110
21785 13
21785 23
21785 53
21785 75
21785 112
21785 113
21785 119
21785 123
21785 127
21785 134
21785 27
21785 9
21785 8
21785 34
21785 59
21785 65
21785 85
21785 92
21785 95
21785 118
21785 126
21785 72
21785 100
21785 108
21785 120
21785 67
21785 98
21785 122
21785 140
21785 12
21785 14
21785 16
21785 49
21785 3
21785 62
21785 78
21785 90
21785 96
21785 144
21785 4
21785 70
21785 89
21785 105
21785 121
21785 125
21785 131
21785 79
21785 86
21785 93
21785 97
21785 143
21947 17
21947 44
21947 23
21947 84
21947 12
21947 16
21947 38
21947 24
21947 73
21947 0
21947 35
21947 53
21947 103
21947 109
21947 6
21947 31
21947 94
21947 32
21947 26
21947 45
21947 75
21947 5
21947 29
21947 50
21947 76
21947 18
21947 96
21947 60
21947 11
21947 34
21947 66
21947 8
21947 70
21947 27
21947 41
21947 74
21947 68
21947 80
21947 110
21947 43
21947 104
21947 9
21947 107
21947 25
21947 54
21947 33
21947 21
21947 30
21947 51
21947 58
21947 85
21947 95
21947 39
21947 52
21947 10
21947 89
21947 100
21947 59
21947 88
21947 1
21947 20
21947 14
21947 71
21947 77
21947 87
21947 13
21947 65
21947 15
21947 90
21947 55
21947 83
21947 86
21947 19
21947 67
21947 93
21947 82
21947 106
21947 28
21947 101
21947 92
21947 81
21889 105
21889 11
21889 75
21889 24
21889 103
21889 64
21889 57
21889 35
21889 84
21889 22
21889 61
21889 85
21889 127
21889 134
21889 6
21889 21
21889 143
21889 43
21889 7
21889 115
21889 130
21889 47
21889 128
21889 109
21889 89
21889 88
21889 71
21889 50
21889 28
21889 49
21889 44
21889 69
21889 45
21889 70
21889 98
21889 141
21889 25
21889 27
21889 12
21889 52
21889 139
21889 108
21889 36
21889 13
21889 92
21889 129
21889 106
21889 18
21889 59
21889 83
21889 68
21889 3
21889 39
21889 140
21889 91
21889 72
21889 124
21889 0
21889 33
21889 110
21889 48
21889 19
21889 136
21889 132
21889 65
21889 121
21889 5
21889 138
21889 60
21889 95
21889 63
21889 99
21889 46
21889 120
21889 86
21889 9
21889 20
21889 137
21889 15
21889 126
21889 97
21889 73
21889 42
21889 122
21889 87
21969 79
21969 4
21969 7
21969 28
21969 88
22157 123
22157 122
22157 3
22157 85
