10394 15
10975 9
10936 50
10936 51
10538 101
10839 103
10520 347
10493 142
10493 143
10493 144
8769 190
8769 191
11001 63
10473 78
10473 79
10473 80
10660 219
10660 220
10660 221
10660 222
10795 168
10521 275
10521 276
10521 277
10521 278
10521 279
10521 281
10521 283
10929 260
10831 132
10884 328
10884 329
10719 215
10719 220
10719 221
10618 61
10618 62
10618 64
10647 56
10647 134
10700 209
10700 210
10700 211
10634 64
10634 65
10634 66
10634 67
10634 68
10846 39
10846 40
10846 41
10846 42
10846 43
10846 44
10846 45
10846 46
10846 47
10647 71
10647 82
10647 279
10647 280
10647 281
10647 282
10647 283
10712 299
10712 300
10712 311
10712 312
10712 313
10845 86
10845 187
10845 188
10845 189
10845 190
10845 191
10593 138
10593 139
10593 140
10441 163
10441 165
10441 166
10441 167
10441 168
10441 169
10441 170
10441 171
10441 172
10441 173
10660 256
10660 257
10660 258
10660 259
10660 260
10660 261
10712 283
10712 284
10712 285
10922 83
10624 87
10624 88
10624 106
10624 109
10624 110
10624 111
10624 112
10624 113
10624 114
10663 40
10663 41
10663 42
10663 43
10663 44
10663 45
10663 46
8762 323
8762 324
8762 325
8762 326
8762 327
8762 328
8762 329
10795 107
10563 181
10563 182
10563 183
10563 184
10563 185
10563 186
10563 187
10563 188
10846 107
10475 150
10475 151
10475 152
10475 275
10475 276
10475 277
10475 281
10475 282
10869 8
10869 9
10869 19
10449 224
10818 6
10772 6
10772 7
10772 138
10772 139
10772 140
10772 141
10772 142
10609 144
10609 145
10609 146
10609 147
10609 148
10609 149
10609 150
10609 151
10609 152
10442 121
10442 122
10442 123
10442 124
10442 125
10442 126
10442 127
10442 128
10856 42
10856 43
10963 132
10963 133
10963 134
10963 135
10963 136
10963 137
10611 212
10611 213
10611 214
10611 215
10611 216
10748 56
10748 57
10748 58
10931 205
10931 206
10931 207
10931 208
10931 209
10931 210
10480 272
10480 273
10480 274
10480 275
10480 276
10480 277
10480 278
10743 46
10743 47
10743 55
10743 56
10743 57
10743 67
10743 76
10743 77
8764 261
8764 262
8764 263
8764 264
8764 265
8764 266
8764 267
8764 268
10711 110
10711 111
10711 112
10711 113
10711 114
10711 115
10711 116
10711 117
10711 118
8750 116
8750 118
10625 167
10625 168
10625 169
10625 170
10625 171
10625 172
10625 173
10839 104
10475 39
10475 48
10475 49
10475 55
10475 56
10475 57
10475 58
10624 11
10624 12
10624 13
10624 14
10624 65
10502 211
10502 212
10502 213
10502 217
10563 256
10563 275
10563 276
10563 294
10563 295
10563 296
10563 305
10747 56
10747 57
10747 68
10747 69
10473 146
10704 88
10704 89
10704 90
10704 129
10704 130
10704 131
10704 132
10704 133
10995 44
10995 45
10995 46
10995 47
10995 48
10995 49
10995 50
10781 113
10781 114
10781 115
10781 116
10781 117
10781 118
10781 119
10781 120
10781 121
10929 13
10929 15
10929 19
10929 142
10929 144
10929 145
10929 146
10929 147
10929 148
10969 58
10969 59
10969 60
10969 61
10969 62
10969 63
8750 113
8750 114
10848 15
10848 16
10848 17
10848 18
10848 29
10848 30
10848 31
10848 32
10848 33
10436 143
10436 144
10436 145
10436 146
10436 147
10436 148
10436 149
10436 150
10436 151
10504 244
10504 245
10504 246
10504 247
10504 248
10382 117
10382 118
10382 119
10675 225
10675 226
10675 227
10675 228
10675 229
10675 230
10675 231
10675 232
10675 233
10672 156
10623 60
10623 61
10623 62
10623 63
10623 64
10623 65
10623 66
10623 67
10484 60
10484 61
10484 62
10484 63
10484 64
10484 65
10484 66
10484 67
10484 68
10803 168
10803 169
10803 170
10803 171
10803 172
10803 173
10803 174
10803 175
8747 17
10663 11
10663 12
10663 13
10663 57
10663 58
10663 59
10663 60
10608 93
10608 94
10608 95
10608 96
10608 97
10608 98
8750 17
8750 20
8750 21
8750 22
8750 52
8750 58
10696 202
10696 203
10696 204
10696 205
10696 206
10696 207
10696 208
10696 209
10529 194
10529 195
10529 196
10529 197
10529 200
10529 201
10786 19
10786 20
10786 21
10786 22
10786 23
10786 24
10786 25
10786 26
10786 27
10786 28
8750 23
8750 24
8750 25
8750 90
8750 91
8750 92
10624 59
10624 60
10624 62
10624 63
10624 64
10624 85
10624 86
8767 50
8767 51
8767 52
8767 53
8767 54
8767 57
8767 58
10563 313
10563 314
10563 352
10563 353
10848 90
10848 91
10848 92
10848 93
10848 94
10848 95
10848 96
10501 39
10501 49
10501 67
10501 298
10501 299
10501 303
10501 304
10929 86
10929 87
10929 88
10929 89
10929 90
10929 91
10929 92
10929 93
10861 23
10861 28
10861 29
10843 8
10843 9
10846 202
10846 203
10846 204
10846 205
10846 206
10846 207
10846 208
10846 209
10600 19
10600 30
10600 39
10600 40
10600 41
10600 42
10471 183
10471 184
10471 185
10471 186
10471 187
10471 188
10471 189
10471 190
10533 153
10533 154
10533 155
10533 156
10533 157
10533 158
10533 159
10533 160
10963 107
10963 108
10963 111
10963 112
10963 113
10963 114
10963 115
10504 37
10504 38
10504 39
10504 73
10504 308
10504 309
10504 316
10504 317
10724 146
10724 263
10724 269
10724 271
10724 318
10724 319
8769 16
8769 17
8769 18
8769 19
8769 20
8769 21
8769 22
8769 23
8769 24
10720 71
10720 72
10720 73
10720 74
10720 75
10720 76
10720 77
10923 256
10923 257
10923 258
10923 259
10923 260
10923 261
10923 262
8748 128
8748 129
8748 130
8748 132
8748 133
8748 134
10921 124
10921 125
10921 126
10921 127
10647 218
10647 219
10647 220
10647 221
10647 222
10647 223
10647 224
10647 276
10563 120
8747 78
8747 108
8747 118
8747 127
8747 129
8747 130
8747 131
8747 133
8747 134
10710 19
10710 21
10710 22
10710 23
10710 24
10710 25
10710 26
10710 27
10850 95
10850 96
10850 97
10850 98
10850 99
10850 145
10850 146
8762 190
8762 191
8762 192
8762 193
8762 204
8762 205
8762 206
10666 208
10666 209
10666 210
10666 211
10666 212
10666 213
10766 36
10439 144
10439 145
10439 146
10439 147
10646 60
10646 61
10646 62
10646 63
10646 64
10646 65
10646 66
10646 67
10646 68
10747 95
10747 102
10747 103
10747 104
10747 105
10747 106
10747 107
10747 108
10918 0
10918 1
10918 2
10918 3
10918 4
10918 5
10840 19
10840 59
10840 60
10840 61
10840 62
10840 63
10840 92
10840 93
10755 48
10755 49
10755 50
10755 51
10755 52
10755 53
10755 54
10755 55
10929 230
10929 231
10929 246
10929 247
10929 251
10929 252
10929 254
10756 110
10756 111
10756 112
10756 113
10756 114
10756 115
10756 116
10756 117
10437 34
10743 123
10743 136
10743 137
10743 138
10743 146
10743 147
10743 148
10743 156
10743 157
10838 45
10838 46
10838 47
10838 48
10838 49
10838 50
10848 203
10741 153
10741 154
10741 155
10719 30
10719 31
10719 53
10719 54
10719 55
10719 56
10719 57
10501 92
10501 115
10501 164
10501 165
10501 166
10501 172
10988 16
10988 17
10988 18
10988 19
10988 20
10988 21
10796 273
10796 274
10796 275
10796 306
10796 307
10796 308
10796 309
10796 310
10490 132
10490 133
10490 134
10490 135
10490 136
10490 137
10490 138
10490 139
10551 52
10551 53
10551 54
10551 55
10551 56
10551 57
10551 58
10551 59
10473 223
10473 224
10473 243
10473 244
10473 255
10870 47
10870 48
10870 57
10926 16
10926 17
10926 18
10926 19
10926 20
10926 21
10926 22
10926 23
10432 330
10432 341
10787 22
10592 48
10592 49
10592 50
10592 51
10592 52
10592 53
10592 54
10592 55
10622 0
10622 1
10622 2
10622 3
10622 4
10622 5
10622 6
10737 117
10737 168
10737 184
10737 249
10737 250
10737 251
10737 252
10626 0
10626 1
10626 2
10626 3
10626 4
10490 92
10490 93
10490 94
10490 95
10490 96
10490 97
10490 98
10490 99
10490 100
10807 37
10807 38
10807 39
10807 58
10807 59
10893 33
10893 34
10893 35
10893 36
10893 37
10893 38
10893 39
10603 11
10603 12
10603 13
10603 14
10603 15
10603 16
10603 17
10603 18
10610 112
10610 113
10610 114
10610 115
10610 116
10610 117
10610 217
10602 87
10602 88
10602 89
10602 90
10602 91
10602 96
10602 97
10741 247
10741 248
10741 249
10741 266
10741 267
10741 268
10741 269
10755 0
10755 1
10755 2
10755 3
10755 4
10755 5
10599 12
10599 13
10599 14
10599 15
10599 16
10599 17
10599 18
10781 45
10781 46
10781 47
10781 48
10781 49
10781 64
10781 65
10649 15
10491 1
10959 63
10534 112
10834 128
10834 134
10693 155
10693 156
10500 27
10500 28
10500 29
10786 86
10786 125
10786 126
10786 146
10601 106
10601 107
10700 256
10595 156
10645 20
10645 21
10645 22
10517 62
10517 63
10517 68
10517 69
10478 119
10478 120
10478 121
10478 209
10478 210
10436 329
10436 330
10436 307
10436 308
10436 309
10436 310
8751 150
8751 151
8751 222
8751 223
8751 224
8751 225
8751 226
8751 227
8751 228
8751 229
10773 162
10773 163
10773 164
10773 165
10913 114
10913 115
10913 116
10913 117
10913 118
10913 119
10913 120
10505 8
10505 9
10505 27
10505 28
10505 29
10505 81
10505 82
10505 83
10831 84
10831 85
10831 86
10831 87
10831 88
10831 89
10831 90
10781 215
10781 216
10781 217
10781 218
10781 219
10781 220
10848 181
10848 182
10848 184
10848 185
10848 187
10848 188
10848 189
10848 190
10601 72
10601 73
10601 79
10601 80
10611 119
10611 120
10611 121
10611 122
10611 123
8750 31
8750 36
8750 37
10432 127
10432 148
10432 149
10551 20
10551 21
10551 22
10551 23
10551 24
10551 25
10551 26
10689 68
10689 69
10597 260
10597 261
10597 262
10597 263
10597 264
10597 265
10773 81
10773 82
10773 83
10773 84
10773 85
10773 86
10773 97
10773 98
10773 99
10734 20
10734 28
10734 29
10734 30
10734 39
10734 40
10734 49
10734 51
10755 159
10755 161
10755 162
10755 163
10755 164
10755 165
10719 136
10719 137
10719 144
10719 145
10719 146
10719 147
10649 98
10649 99
10649 110
10649 111
10649 112
10975 13
10439 10
10439 11
10439 12
10439 13
10439 14
10439 15
10574 329
10929 32
10929 33
10929 34
10929 35
10929 36
10929 37
10929 38
10929 39
10929 220
10828 8
10828 9
10828 30
10828 31
10828 32
10828 33
10828 34
10828 35
10828 38
10824 64
10546 35
10546 36
10546 37
10546 38
10546 39
10546 40
10720 53
10720 54
10720 55
10720 56
10720 57
10720 58
10720 59
10927 58
10927 59
10927 110
10927 112
10927 113
10927 116
10927 117
10927 247
10592 162
10592 163
10592 164
10592 165
10592 166
10592 167
10888 88
10616 21
10616 22
10616 23
10616 24
10616 25
10616 26
10616 27
10616 28
10616 29
10646 17
10646 18
10646 19
10646 20
10646 21
10646 30
10646 31
10442 131
10442 132
10442 133
10442 134
10442 135
10442 136
10442 137
10442 138
10442 139
10923 248
10923 249
10923 250
10923 251
10923 252
10923 253
10923 254
10923 255
10923 263
10923 264
8750 303
8750 304
8750 305
8750 306
8750 307
8750 308
8750 309
8750 310
10547 8
10547 9
10547 18
10547 151
10547 152
10547 153
10547 154
10547 155
10741 156
10741 157
10741 158
10741 159
10741 160
10741 161
10741 162
10647 208
10647 209
10647 210
10647 211
10647 212
10647 213
10829 20
10829 21
10829 22
10829 23
10829 24
10829 25
10829 26
10886 326
10886 327
10886 328
10886 329
10886 330
10886 331
10886 332
10886 333
10680 10
10680 11
10680 12
10680 16
10680 17
10680 18
10680 44
10680 45
10649 138
10649 139
10649 148
10649 149
10634 232
10634 233
10634 243
10634 244
10634 245
10634 246
10634 247
10649 154
10649 155
10649 175
10649 194
10649 195
10649 201
10649 202
10649 203
10649 204
10874 212
10874 213
10874 214
10874 215
10874 216
10874 217
10874 218
10874 272
10911 20
10441 113
10441 114
10441 115
10441 116
10441 117
10441 118
10441 119
10441 120
10441 121
10441 122
10540 40
10591 298
10591 299
10591 300
10591 301
10591 302
10591 303
10591 304
10756 158
10756 159
10756 160
10756 161
10756 162
10756 163
10756 164
10756 165
10439 128
10439 129
10439 130
10439 131
10439 132
10439 133
10439 134
10755 320
10755 321
10755 322
10755 323
10755 324
10755 325
10755 326
10888 190
10888 191
10888 193
10888 194
10888 195
10888 196
10888 197
10888 198
10534 104
10534 105
10602 29
10602 30
10602 31
10602 32
10602 33
10602 34
10602 35
10602 36
10574 70
10574 71
10574 72
10574 73
10574 74
10574 75
10574 76
10574 77
10436 287
10436 288
10436 289
10436 290
10436 291
10436 292
10436 293
8769 32
8769 33
10960 21
10960 22
10960 23
10960 24
10960 25
10960 26
10960 27
10960 28
10687 104
10529 256
10529 257
10966 328
10966 329
10708 63
10590 30
10590 31
10590 32
10590 33
10590 34
10590 35
10590 36
10590 37
10590 38
10590 39
10807 30
10807 31
10807 32
10807 33
10807 74
10807 75
10807 76
10569 91
10569 92
10569 93
10569 94
10569 95
10569 96
10857 87
10857 88
10522 85
10522 86
10522 87
8771 121
10644 58
11045 115
11045 119
10816 53
10570 29
10434 113
10434 114
10434 115
10434 116
10434 117
10434 118
10726 20
10726 21
10726 22
10726 23
10726 24
10726 25
10726 26
10726 27
10726 28
10850 115
10850 116
10850 117
10645 174
10645 175
10654 100
10654 101
10681 11
10681 12
10681 13
10681 14
10681 15
10681 16
10681 17
10681 18
10681 19
10681 20
10473 16
10473 39
10473 40
10584 94
10584 95
10584 96
10583 0
10583 1
10583 2
10583 3
10583 4
10583 5
10583 6
10583 7
10925 101
10925 102
10925 103
10925 104
10925 105
10925 106
10925 107
10925 108
10861 22
10504 135
10600 58
10600 59
10922 35
10892 64
10892 65
10892 66
10892 67
10892 68
10892 69
10892 70
10394 25
10923 160
10923 169
10923 198
10923 199
10923 200
10923 210
10923 219
10923 220
10811 65
10832 10
10832 80
10832 81
10832 82
10832 83
10832 84
10832 85
10774 25
10774 26
10774 27
10481 40
10481 41
10730 22
10730 23
10730 24
10624 172
10624 174
10861 40
10861 41
10861 42
10861 43
10861 44
10861 45
10861 46
8767 56
10804 100
10804 101
10804 198
10804 199
10804 200
10804 201
10771 120
10771 121
10771 122
10771 123
10771 124
10771 125
10771 126
10771 127
10725 0
10725 1
10725 2
10574 256
10574 257
10574 258
10574 259
10574 281
10845 117
10845 118
10772 163
10772 164
10772 165
10772 166
10772 167
10846 230
10846 231
10846 309
10846 310
10846 311
10799 13
10799 14
10799 15
10799 24
10799 25
10799 26
10799 27
10799 30
10781 345
10781 346
10781 347
10781 348
10745 107
10745 108
10745 109
10745 110
10745 111
10745 112
10745 121
10716 209
10716 210
10716 211
10716 212
10716 213
10716 214
10716 215
8769 120
8769 121
8769 122
8769 123
10762 117
10762 118
10762 119
10762 120
10762 121
10762 122
10475 104
10475 109
10475 173
10475 174
10618 31
10925 159
10925 167
10925 168
10925 169
10925 178
10925 179
10925 188
10578 209
10578 257
10578 261
10578 262
10578 263
10578 264
10578 286
10578 287
8769 97
8769 98
8769 99
8769 100
10631 37
10833 87
10833 88
10833 89
10833 90
10833 91
10833 93
10833 94
10833 95
10824 0
10824 1
10824 2
10824 3
10824 4
10688 63
10688 231
10688 248
10688 249
10781 225
10781 226
10781 227
10781 228
10781 229
10781 230
10781 296
10846 299
10846 300
10846 301
10846 302
10846 303
10846 304
10444 30
10444 31
10444 32
10444 33
10444 34
10444 36
10444 37
10886 64
10886 65
10886 66
10886 67
10886 68
10886 69
10886 70
10886 71
10647 236
10647 262
10647 263
10647 264
10647 265
10647 273
10706 15
10706 16
10706 17
10706 52
10706 53
10706 54
10704 245
10704 246
10704 247
10704 248
10704 249
10704 250
10704 288
10704 289
10704 290
10704 291
10683 11
10683 12
10683 13
10683 15
10683 16
10683 17
10683 18
10683 20
10966 10
10966 11
10966 12
10966 13
10966 14
10966 15
8757 30
8757 31
8757 32
8757 33
8757 34
8757 35
8757 36
8757 37
8757 38
10654 238
10654 239
10654 240
10654 241
10654 242
10654 243
10654 244
10592 18
10592 19
10592 20
10592 21
10592 22
10592 23
10592 24
10592 25
10592 26
10771 61
10771 62
10771 63
11046 50
11046 51
11046 72
11046 73
11046 89
10778 130
10778 131
10778 132
10778 133
10778 134
10778 135
10778 136
10972 96
10972 97
10482 0
10482 1
10482 2
10482 3
10482 4
10482 5
10482 6
10482 7
8749 23
8749 24
8749 25
8749 26
8749 27
8749 28
11045 148
11045 149
11045 150
11045 151
11045 152
10893 6
10893 7
10893 8
10893 9
10893 17
10893 18
10893 19
10394 13
10394 14
10394 34
10394 38
10394 39
10394 55
10737 97
10737 185
10737 186
10737 187
10737 188
10737 189
10737 190
10987 220
10987 221
10987 222
10987 223
10987 224
10987 225
10987 226
10987 227
10778 10
10778 11
10778 13
10778 14
10778 15
10778 16
10778 17
10778 18
10960 91
10960 92
10960 94
10988 10
10988 11
10988 12
10988 13
10988 14
10988 15
10988 36
10988 37
10988 38
10694 187
10694 188
10694 189
10694 190
10694 191
10694 192
10694 193
10441 289
10441 290
10441 291
10441 292
10441 293
10441 294
10441 295
10441 296
10441 297
10633 38
10633 39
10633 45
10633 46
10690 16
10690 17
10690 31
10690 32
10690 33
10574 30
10574 31
10574 32
10574 33
10574 34
10574 35
10574 36
10574 37
10574 38
11045 154
11045 155
11045 156
11045 157
11045 163
10624 248
10624 249
10624 250
10624 251
10624 252
10624 253
10624 254
10624 255
10624 326
10624 334
10807 9
10807 90
10807 91
10807 96
10807 97
10807 98
10807 99
10634 70
10634 71
10634 72
10634 73
10634 74
10634 75
10634 76
10634 77
10737 267
10737 268
10737 269
10737 316
10737 317
10737 318
10737 319
10567 9
10567 18
10567 19
10567 29
10567 39
10567 49
10567 58
10567 59
10609 92
10609 93
10609 94
10609 95
10609 98
10609 99
10609 100
10534 89
10534 96
10534 97
10534 98
10534 99
10534 100
10534 101
10534 102
10547 27
10547 28
10547 29
10963 16
10963 17
10963 18
10963 168
10963 169
10963 170
10963 171
10963 172
10963 173
10708 40
10432 109
10432 110
10432 111
10432 112
10432 113
10432 114
10432 115
10886 96
10886 98
10886 99
10886 111
10886 130
10886 136
10886 137
10886 140
10886 141
10886 142
10590 47
10590 48
10590 49
10590 58
10590 59
10590 68
10590 69
10778 69
10778 70
10778 71
10778 72
10778 73
10778 74
10778 75
10816 71
10816 72
10816 73
10816 90
10816 91
10816 92
10657 190
10657 191
10657 202
10657 203
10657 204
10657 205
10657 206
10818 75
10818 76
10818 77
10818 78
10818 79
10818 80
10818 81
10910 63
10441 100
10441 101
10441 102
10710 88
10710 90
10710 91
10710 92
10710 93
10710 94
10890 107
10890 108
10890 109
10890 110
10890 111
10890 112
10890 113
10890 114
10890 115
10755 16
10755 17
10755 18
10755 19
10755 20
10755 21
10471 66
10471 68
10471 70
10471 71
10471 72
10471 73
10471 74
10471 75
10471 77
10551 7
10551 8
10551 9
10551 18
10551 19
10551 27
10551 28
10551 29
10725 215
10725 216
10725 217
10725 218
10725 219
10725 220
10725 221
10725 222
10591 10
10591 11
10591 12
10591 13
10591 14
10591 15
10591 16
10591 17
10591 18
10910 82
10625 204
10625 205
10625 206
10625 217
10625 218
10846 305
10795 49
10918 20
10918 21
10918 22
10918 23
10918 74
10918 75
10918 76
10918 77
10834 268
10798 37
10798 38
10798 39
10798 40
10798 41
10798 42
10869 49
8747 33
10929 255
10534 278
10534 279
10665 136
10793 72
10745 128
10745 129
10745 130
10745 131
10745 132
10745 133
10745 134
10745 135
10540 22
10574 310
10700 259
10608 39
10608 40
10608 41
10608 42
10608 43
10608 44
10748 42
10748 44
10810 187
10810 188
10805 64
10805 65
10805 66
10805 67
10805 68
10805 69
10805 70
8762 165
8762 166
8762 167
8762 168
8762 169
8762 170
8762 171
8762 172
8762 173
10660 206
10660 208
10660 209
10660 210
10660 211
10660 212
10660 283
10660 284
10660 285
10521 331
10521 332
10521 334
8746 123
8746 124
8746 125
8746 126
8746 127
10693 232
10693 233
10693 234
10693 235
10693 236
10693 249
10693 250
10561 10
10561 11
10561 12
10561 13
10561 14
10561 15
10561 16
10561 17
10561 18
10449 88
10449 89
10449 90
10961 13
10961 14
10961 15
10961 16
10961 17
10961 18
10961 19
10961 20
10948 63
10948 68
10948 69
10649 166
10649 167
10649 168
10649 169
10649 172
10649 173
10649 174
10608 64
10608 65
10608 66
10608 67
10608 68
10608 69
10608 70
8770 158
8770 159
8770 160
8770 161
8770 162
8770 163
8770 164
8770 165
8770 166
8770 167
10704 217
10704 218
10704 219
10704 224
10704 225
10704 226
10658 5
10658 6
10658 7
10658 8
10658 9
10612 9
10789 30
10789 31
10789 32
10789 33
10789 34
10789 35
10789 36
10789 37
8763 0
8763 1
8763 2
8763 3
8763 4
8763 5
10505 19
10505 129
10434 123
10434 124
10434 125
10434 126
10434 127
10386 10
10386 11
10386 12
10386 13
10386 14
10386 15
10386 16
10386 17
10733 31
10733 32
10733 33
10733 34
10733 35
10733 36
10733 37
10733 38
10890 24
10890 26
10890 27
10890 55
10890 57
10890 58
10574 319
10574 325
10574 326
10574 327
10574 328
10716 143
10716 152
10716 153
10716 154
10696 201
10696 213
10696 222
10696 223
10696 286
10669 30
10669 32
10669 33
10669 34
10669 35
10669 36
10669 37
10625 258
10625 259
10625 260
10625 261
10625 262
10625 263
10625 264
10625 265
10700 21
10700 22
10700 23
10700 24
10624 66
10624 67
10624 68
10624 69
10624 70
10624 135
10624 136
10624 137
10624 138
10648 164
10648 165
10648 166
10648 167
10648 168
10648 169
10648 170
10648 171
10648 172
10648 173
10558 136
10558 137
10558 138
10558 139
10558 140
10558 141
10558 142
10694 0
10694 1
10694 2
10694 3
10694 4
10694 6
10694 7
10436 49
10436 50
10436 51
10436 52
10436 53
10436 54
10436 55
10436 56
10436 57
10656 49
10656 50
10656 51
10656 52
10656 53
10656 54
10656 55
10668 288
10668 289
10668 290
10668 291
10668 292
10668 293
10668 294
10521 159
10521 170
10521 256
10521 257
10521 258
10521 259
10521 260
10520 73
10520 100
10520 124
10520 125
10520 126
10520 127
10445 202
10445 203
10445 204
10445 205
10445 206
10445 207
10445 208
10922 77
10922 103
10922 109
10922 110
10922 125
10922 126
10578 155
10578 156
10578 157
10578 158
10578 159
10578 160
10578 161
10578 162
8770 55
8770 74
8770 76
8770 77
8770 78
8770 178
8770 179
8770 182
8770 184
10533 163
10533 165
10533 166
10533 167
10533 168
10533 169
10533 170
10533 171
10533 172
10716 10
10716 11
10716 12
10716 13
10716 14
10837 86
10578 115
10578 116
10578 117
10578 118
10578 119
10578 120
10578 121
10578 122
10578 123
10771 0
10771 1
10771 2
10771 3
10771 4
10771 5
10771 6
10796 153
10796 154
10796 155
10796 156
10796 157
10796 158
10796 159
10796 160
10796 161
8746 41
8746 42
10805 118
10805 119
10805 120
10805 138
10805 139
10805 140
10805 141
10805 142
10805 143
10475 178
10475 179
10475 188
10475 189
10475 228
10475 232
10475 233
10475 234
10958 22
10821 220
10821 221
10821 228
10821 229
10631 64
10631 65
10631 66
10834 196
10834 197
10834 198
10834 200
10834 201
10834 203
10834 205
10834 207
10502 151
10502 152
10502 160
10502 161
10502 162
10502 191
10502 192
10502 253
10502 254
10850 10
10850 11
10850 12
10850 13
10850 14
10850 15
10830 223
10830 266
10830 267
10830 268
10830 269
10830 270
10830 271
10534 280
10534 281
10534 282
10574 321
10849 290
10445 288
10445 289
10445 335
10445 336
10445 337
10445 338
10445 339
10445 340
10445 341
10931 220
10931 221
10931 222
10931 223
10931 224
10568 18
10568 19
10568 30
10568 31
10568 32
10568 33
10568 34
10666 232
10666 233
10830 273
10830 274
10727 248
10727 249
10873 0
10873 1
10873 2
10873 3
10873 6
10873 7
10873 12
10772 200
10772 201
10848 117
10847 183
10847 185
10847 186
10847 189
10923 30
10923 31
10923 32
10923 36
10923 37
10923 38
10923 39
10923 40
10923 41
10923 42
10307 40
10307 41
10307 42
10307 43
10307 44
10307 45
10307 46
10307 47
10307 48
10502 128
10502 129
10502 270
10502 272
10799 21
10799 40
10720 78
10720 79
10720 80
10438 25
10438 26
10438 27
10849 244
10581 30
10581 31
10502 5
10502 6
10502 7
10502 8
10938 141
10938 145
10938 147
10974 65
10974 66
10974 67
10593 77
10593 78
10593 79
10593 80
10593 81
10593 82
10593 83
10700 52
10700 53
10700 54
10700 55
10700 56
10700 57
10700 75
10786 104
10786 105
10786 106
10786 137
10436 152
10436 228
10436 229
10436 230
10436 231
10436 232
10436 233
10436 234
10782 20
10782 21
10782 22
10782 23
10921 241
10921 242
10921 243
8751 212
8751 213
8751 214
8751 215
8751 216
8751 217
8751 218
8751 219
8751 220
8751 221
8750 141
8750 142
8750 256
8750 257
8750 259
8750 260
8750 261
8750 262
10442 276
10442 277
10442 278
10442 281
10727 240
10727 241
10727 242
10727 243
10727 244
10727 245
10727 246
10727 247
10635 95
10635 96
10635 97
10635 98
10635 99
10635 100
10635 101
10923 18
10923 19
10923 53
10923 54
10923 55
10923 56
10923 57
10923 58
10923 59
10475 120
10475 121
10475 122
10475 123
10475 124
10680 182
10680 183
10680 184
10680 185
10680 186
10680 187
10680 202
10680 203
10490 52
10490 53
10490 62
10490 63
10490 73
10490 90
10490 91
10490 101
10687 64
10687 65
10687 66
10687 67
10687 68
10687 69
10687 70
10687 71
10551 72
10551 73
10551 74
10551 75
10551 76
10551 77
10551 78
10551 79
10551 80
10567 320
10567 321
10567 323
10567 324
10567 325
10567 326
10567 327
10567 328
10567 329
10574 210
10574 211
10574 212
10574 213
10574 214
10574 336
10574 337
10574 338
10952 10
10952 11
10952 12
10952 13
10952 14
10952 16
10952 56
8750 347
8750 348
8750 359
8750 360
8750 361
8750 362
8750 363
10913 28
10913 56
10913 58
10913 85
10913 86
10921 0
10921 1
10921 2
10921 3
10921 4
10921 5
10530 25
10530 27
10530 36
10530 147
10530 148
10530 154
10530 155
10390 26
10390 27
10390 32
10390 33
10390 34
10390 35
10390 38
10584 315
10584 316
10584 317
10584 318
10584 319
10584 330
10584 331
10569 121
10569 122
10569 123
10569 124
10569 125
10569 126
10569 127
10569 128
10432 150
10432 151
10432 155
10432 156
10432 157
10432 158
10432 159
10432 160
10538 183
10538 184
10538 185
10538 186
10538 187
10538 188
10538 189
10442 191
10442 192
10442 193
10442 194
10442 195
10442 196
10442 197
10442 198
10442 199
10700 94
10700 95
10700 96
10700 112
10700 113
10700 114
10700 115
10700 116
10437 166
10437 167
10437 168
10437 229
10437 250
10437 251
10437 252
10437 253
10437 254
11005 0
11005 1
11005 2
11005 3
11005 4
10711 80
10711 81
10711 82
10711 83
10711 84
10711 85
10711 86
10600 52
10600 53
10600 54
10600 55
10600 56
10600 57
10658 10
10658 11
10658 12
10658 13
10658 14
10658 15
10658 16
10658 17
10696 236
10696 237
10696 238
10696 239
10696 240
10696 276
10696 277
10696 278
10803 145
10803 146
10803 147
10803 148
10803 149
10803 150
10803 151
10803 152
10545 18
10545 22
10545 23
10545 24
10545 25
10545 26
10545 27
10545 28
10545 29
10545 30
10921 78
10921 79
10921 80
10921 81
10921 87
10685 128
10685 129
10685 130
10685 131
10685 132
10685 133
10685 134
10685 135
10601 36
10601 37
10601 38
10601 39
10601 40
10601 41
10601 42
10601 43
10601 44
10601 45
10602 21
10602 22
10602 23
10602 24
10602 25
10602 26
10602 27
10602 28
10874 127
10874 129
10874 130
10874 131
10874 132
10874 133
10874 134
10874 135
10874 136
10534 161
10534 162
10534 163
10534 164
10534 165
10534 166
10534 167
10534 168
10612 97
10612 98
10612 109
10612 110
10612 111
10612 112
10612 113
10612 114
10612 115
10612 116
10727 155
10727 198
10727 199
10727 200
10727 201
10727 202
10727 203
10727 204
10597 330
10597 331
10597 332
10597 333
10597 334
10597 335
10597 336
10597 337
10592 276
10592 277
10592 278
10592 279
10592 280
10592 281
10592 282
10493 128
10493 129
10493 130
10493 131
10493 132
10493 133
10493 134
10493 135
10857 180
10857 181
10857 196
10857 197
10857 198
10857 207
10857 208
10857 220
10489 50
10489 51
10489 52
10489 53
10489 54
10489 55
10489 56
10489 57
10489 58
10634 20
10634 21
10634 22
10634 23
10634 24
10634 25
10725 325
10725 326
10725 327
10725 328
10725 329
10725 330
10725 331
10725 332
10810 216
10810 217
10810 218
10810 219
10810 220
10810 221
10810 223
10810 224
10810 226
10530 195
10530 197
10530 212
10530 216
10530 219
10530 237
10530 238
10530 280
11048 44
11048 49
11048 54
11048 55
11048 56
10766 34
8769 207
8769 208
8769 209
8769 219
8769 220
8769 221
8769 222
8769 223
10578 242
10578 243
10578 244
10578 245
10578 246
10578 247
10578 248
10805 145
10805 146
10805 147
10805 148
10805 149
10805 150
10805 151
10805 152
10502 268
10502 269
10502 286
10502 287
10502 288
10502 289
10502 290
10502 291
10772 290
10772 291
10772 292
10772 293
10772 294
10772 295
10772 296
10772 297
10597 341
10597 342
10597 344
10610 244
10610 245
10610 246
10610 247
10610 248
10610 249
10610 250
10610 251
10728 19
10728 20
10728 21
10728 22
10728 23
10728 24
10728 25
10928 35
10928 36
10928 37
10928 38
10928 39
10928 71
10928 72
10771 112
10771 113
10771 114
10771 115
10771 116
10771 117
10771 118
10873 9
10873 15
10873 41
10873 45
10873 47
10873 48
10873 82
10678 76
10850 29
10850 38
10850 39
10850 48
10850 49
10850 58
10850 59
10922 34
8771 129
10766 38
11001 12
10857 202
10540 73
10861 88
10530 321
10929 244
10810 227
10824 88
10927 29
10480 279
10480 280
10597 7
10597 8
10683 95
10683 96
10683 107
10963 70
10963 71
10963 72
10963 73
10714 87
10714 88
10803 7
10803 8
10490 147
10490 148
10888 170
10439 61
10439 62
10439 63
10482 100
10482 101
10482 102
10482 103
10482 104
10482 105
10482 106
10442 346
10442 347
10442 348
10383 25
10383 26
10383 27
10383 28
10383 29
10683 246
10683 263
10683 264
10683 265
10683 313
10683 314
10683 315
10683 350
10683 351
10529 174
10529 252
10529 253
10529 254
10771 185
10771 186
10771 187
10771 190
10771 191
10533 49
10533 59
10533 69
10533 70
10533 152
10533 161
10533 162
10533 173
10533 183
10963 142
10963 143
10963 144
10963 145
10963 146
10963 147
10861 47
10861 48
10861 49
10574 140
10574 141
10574 142
10574 143
10574 144
10574 145
10574 146
10574 147
10574 148
10645 188
10645 189
10645 190
10645 191
10645 220
10645 221
10886 83
10886 84
10886 85
10886 86
10886 87
10635 214
10635 223
10635 224
10635 245
10635 246
10635 247
10635 249
10635 128
10635 129
10635 130
10635 131
10635 132
10635 133
10520 18
10520 95
10849 229
10849 233
10849 234
10849 235
10849 236
10849 237
10849 242
10590 50
10590 51
10590 52
10590 53
10590 54
10590 55
10590 56
10590 57
10910 66
10910 69
10910 77
10910 86
10848 171
10848 172
10848 173
10848 174
10848 175
10848 176
10848 177
10489 60
10489 61
10489 62
10489 63
10489 64
10489 65
10489 66
10725 245
10725 246
10725 247
10725 248
10725 249
10725 250
10725 251
10445 107
10445 229
10445 230
10445 231
10445 232
10445 234
10445 235
10445 236
10445 237
10547 111
10547 112
10547 113
10547 114
10547 115
10547 116
10547 117
10547 118
10547 119
10546 6
10546 7
10546 8
10546 9
10546 76
10546 77
10546 78
10546 79
10482 90
10482 91
10482 92
10482 93
10482 94
10482 95
10482 96
10482 97
10482 98
10432 31
10432 51
10432 52
10432 53
10432 54
10432 55
10432 56
10432 57
10432 58
10675 262
10675 263
10675 264
10675 272
10675 273
10675 281
10675 289
10675 300
10675 301
10831 43
10831 44
10831 45
10831 46
10831 47
10831 48
10831 49
10831 50
10831 51
10711 0
10711 1
10711 2
10711 3
10711 4
10952 221
10952 222
10952 223
10952 224
10952 225
10952 226
10432 9
10432 12
10432 13
10432 14
10432 15
10432 16
10432 17
10432 18
10502 294
10502 295
10502 296
10502 297
10502 298
10502 299
10502 300
10502 301
10631 50
10631 51
10631 52
10631 53
10631 54
10631 55
10631 56
10631 57
10631 58
10870 31
10870 36
10870 37
10870 38
10870 39
10870 40
10870 42
10870 43
10578 74
10578 82
10578 83
10578 84
10578 92
10578 93
10578 94
10578 103
10847 98
10847 99
10847 100
10847 101
10847 102
10847 103
10744 114
10744 115
10744 116
10744 117
10744 118
10744 119
10593 26
10593 27
10593 28
10593 29
10593 30
10593 31
10593 32
10886 118
10886 119
8747 135
8747 136
8747 137
8747 138
8747 139
8747 140
8747 141
8747 142
8747 153
10745 0
10745 1
10745 8
10745 9
10745 34
10745 35
10745 36
10756 10
10756 11
10756 12
10756 13
10756 14
10756 15
10716 51
10716 52
10716 53
10716 54
10716 55
10716 56
10716 57
10716 58
10888 312
10888 313
10888 314
10888 315
10888 316
10888 317
10888 318
10848 134
10848 135
10848 136
10848 137
10609 0
10609 1
10609 2
10609 3
10609 4
10609 5
10609 6
10609 7
10845 33
10845 34
10845 35
10845 36
10845 55
10845 56
10988 220
10988 221
10988 222
10988 223
10988 224
10988 225
10988 226
10929 20
10929 21
10929 22
10929 23
10929 24
10929 25
10929 26
10929 98
10963 19
10963 76
10963 77
10963 78
10963 79
10963 88
10963 89
10963 97
10578 95
10578 96
10578 97
10578 98
10578 99
10578 100
10578 101
10578 102
10654 82
10654 83
10654 84
10654 85
10654 86
10654 87
10654 88
10710 45
10710 46
10710 47
10710 48
10710 49
10584 203
10584 204
10584 205
10584 206
10584 207
10584 208
10584 209
10584 210
10837 194
10837 195
10837 216
10837 217
10837 218
10837 219
10837 220
10874 261
10874 262
10874 263
10874 264
10874 265
10874 266
10874 267
10505 0
10505 1
10505 2
10505 3
10505 4
10505 5
10505 6
10505 7
10581 73
10581 74
10581 75
10581 76
10581 77
10581 78
10581 79
10800 210
10800 211
10800 212
10800 213
10800 214
10800 215
10800 216
11046 131
11046 132
11046 133
11046 134
10592 218
10592 219
10592 220
10592 221
10592 222
10592 223
10592 229
10629 20
10629 21
10629 22
10629 23
10629 24
10629 131
10629 132
10519 32
10519 33
10519 34
10519 35
10519 36
10519 37
10519 38
10519 39
10519 40
10445 127
10445 128
10445 129
10445 130
10445 131
10445 132
10445 133
10445 134
10445 135
10716 71
10716 72
10716 73
10716 74
10716 75
10716 76
10716 77
10716 78
10716 79
10885 10
10885 11
10885 12
10885 13
10885 14
10885 15
10885 16
10885 17
10885 18
8751 162
8751 163
8751 164
8751 165
8751 166
8751 167
8751 168
8751 169
10788 84
10788 85
10788 86
10788 87
10788 88
10788 89
10788 90
10788 91
8754 140
8754 141
8754 142
8754 143
8754 144
8754 145
8754 146
8754 147
10921 154
10921 155
10921 156
10921 157
10921 158
10772 300
10772 301
10772 302
10772 303
10772 304
10772 305
10772 306
10772 307
10772 308
10601 0
10601 1
10601 2
10601 3
10601 4
10601 5
10601 6
10601 7
10601 8
10601 9
10490 242
10490 243
10490 244
10490 245
10490 246
10490 247
10490 248
10781 60
10781 61
10781 62
10781 63
10781 79
10781 80
10781 81
10781 82
10781 83
10781 84
10913 31
10913 32
10913 33
10913 34
10913 35
10913 36
10913 37
10517 80
10517 81
10517 82
10517 83
10517 84
10517 85
10517 86
10517 87
10913 161
10913 162
10913 163
10913 164
10913 165
10913 166
10913 167
10918 60
10918 61
10918 62
10918 63
10918 64
10918 65
10918 66
10918 67
10439 29
10439 30
10439 31
10439 32
10439 33
10439 34
10439 35
10439 36
10439 64
10439 65
10693 74
10693 75
10693 76
10693 77
10693 78
10693 79
10693 80
10693 81
10987 65
10987 66
10987 67
10987 68
10987 69
10987 70
10987 71
10522 20
10522 21
10522 22
10522 23
10522 27
10522 28
10522 29
10522 30
10449 56
10449 57
10449 58
10449 59
10449 60
10449 61
10449 62
10675 125
10675 126
10675 127
10675 128
10675 129
10675 130
10675 131
10490 310
10490 311
10490 312
10490 313
10490 314
10490 315
10490 316
10490 317
10988 140
10988 141
10988 142
10988 143
10988 144
10988 145
10988 146
10737 258
10693 309
10693 310
10693 320
10693 321
10693 322
10693 323
10693 324
10693 325
11048 86
11048 87
11048 88
11048 89
11048 90
10493 10
10493 85
10493 86
10493 87
10493 89
10493 90
10493 91
10491 105
10491 106
10491 107
10491 108
10491 111
10491 112
10491 113
10849 246
10892 104
10892 105
10892 106
10892 107
10892 108
10892 109
10646 244
10959 11
10959 12
10959 13
10959 14
10959 15
10959 16
10959 17
10959 18
10959 19
10745 306
10745 307
10745 308
10745 309
10745 310
10745 311
10745 312
10521 99
10521 109
10521 110
10521 119
10521 120
10521 136
10521 137
10521 138
10521 139
10432 152
10432 192
10432 193
10432 202
10432 203
10432 204
10432 205
10708 14
10922 7
10922 9
10922 30
10922 31
10922 32
10922 33
10593 33
10593 34
10593 35
10593 54
10593 55
10593 65
10593 66
10654 210
10654 211
10654 212
10654 213
10654 214
10654 215
10654 216
10438 28
10438 29
10438 30
10438 31
10438 32
10438 33
10438 34
10438 35
10438 36
10654 268
10654 269
10654 320
10654 321
10654 322
10654 323
10654 324
10654 325
10633 0
10633 1
10633 2
10633 3
10633 4
10633 5
10633 6
10633 7
10633 8
10925 189
10925 199
10925 248
10925 258
10925 259
10925 266
10925 267
10925 268
10492 28
10492 29
10492 30
10492 31
10492 32
10492 33
10492 34
10492 35
10492 36
10940 0
10940 1
10940 2
10940 3
10940 4
10940 5
10940 6
10940 7
10436 66
10436 67
10436 68
10436 69
10436 70
10436 71
10436 72
10436 73
10735 56
10735 57
10735 58
10735 59
10735 60
10735 61
10735 62
10735 63
10810 213
10810 214
10810 222
10920 143
10920 144
10920 145
10920 146
10920 147
10892 128
10892 129
10892 130
10892 131
10892 132
10892 134
10892 136
10810 136
10810 137
10810 138
10810 139
10810 140
10810 141
10810 142
10807 116
10504 98
10624 127
10308 48
10697 120
10849 111
10692 31
10746 23
10733 15
10733 16
10976 16
10610 212
10394 16
10394 36
10927 114
10927 115
10707 41
10707 42
10707 43
10707 44
10847 142
8759 145
8759 146
11045 120
11045 121
10540 77
10955 60
10955 61
10955 62
10796 313
10789 0
10789 1
10789 2
10517 17
10517 18
10517 19
10597 279
10592 203
8751 20
8751 21
8751 22
8751 23
8751 24
8751 25
10438 145
10438 146
10438 147
10857 8
10857 9
8748 5
8748 6
8748 7
8748 8
8748 9
8748 10
8748 11
8748 12
8748 13
8748 14
10884 15
10884 16
10884 17
10884 18
10884 19
10884 20
10884 21
10834 256
10834 263
10834 265
10432 60
10432 61
10432 62
10432 71
10432 72
10432 73
10432 99
10432 100
10432 101
8771 117
10850 20
10850 21
10850 22
10850 23
10850 24
10850 25
10850 26
10850 27
10850 28
10834 260
10434 32
10434 33
10434 84
10434 85
10434 86
10434 87
10434 88
10434 89
10434 90
10601 114
10601 115
10601 116
10601 117
10601 118
10601 119
10601 120
10601 121
10601 122
10951 1
10951 2
10842 28
10842 29
10842 30
10842 31
10842 32
10842 33
10842 34
10842 35
10819 10
10819 11
10819 12
10819 13
10819 14
10819 15
10819 16
10819 17
10819 18
10927 80
10927 81
10927 82
10927 83
10927 84
10927 85
10927 86
10927 87
10952 275
10952 295
10952 296
10441 256
10441 257
10441 258
10441 260
10441 261
10441 262
10441 263
10475 243
10475 244
11046 150
11046 151
11046 152
11046 153
10382 0
10382 1
10382 2
10382 3
10382 4
10382 5
10382 6
10382 7
10382 8
10762 6
10705 128
10705 129
10705 130
10705 131
10705 132
10705 133
10705 134
10850 179
10850 187
10850 215
10850 217
10558 0
10558 1
10558 2
10558 3
10558 4
10558 5
10558 6
10847 193
10847 194
10847 195
10482 77
10482 78
10482 79
10482 87
10482 88
10482 120
10482 121
10482 122
10475 59
10475 60
10475 61
10475 62
10746 55
10746 56
10746 57
10746 64
10529 45
10529 47
10529 48
10529 169
10712 187
10712 210
10712 248
10712 249
10712 250
10712 251
10712 252
10625 37
10625 38
10625 39
10625 40
10625 41
10625 42
10625 43
8748 23
8748 24
10436 59
10436 60
10436 61
10436 62
10436 63
10928 142
10928 143
10928 147
10928 148
10928 149
10922 111
10922 128
10922 130
10922 131
10791 79
10696 303
10696 304
10696 305
10696 334
10696 335
10535 50
10535 51
10834 74
10834 75
10834 76
10834 77
10834 78
10834 79
10834 80
10834 81
10522 17
10522 18
10522 19
10821 76
10821 79
10821 80
10821 81
10821 82
10821 83
10821 84
10645 52
10645 53
10645 54
10645 55
10645 56
10645 57
10645 58
10705 185
10705 195
10478 168
10478 169
10478 170
10478 202
10478 203
10478 204
10744 173
10744 182
10744 183
10744 202
10744 203
10744 236
10744 237
8771 184
8771 185
8771 186
8771 188
8771 189
8771 190
8771 191
8771 215
10807 64
10807 65
10807 66
10807 67
10807 68
10807 69
10807 70
10807 71
10807 72
10807 73
10517 30
10517 31
10517 32
10517 33
10517 64
10517 65
10517 66
10517 67
10719 32
10719 41
10719 42
10719 51
10719 52
10719 58
10969 67
10969 71
10969 111
10969 114
10969 121
10969 135
10681 31
10681 32
10681 33
10681 34
10681 35
10681 36
10800 35
10800 36
10800 37
10800 38
10800 39
10725 154
10725 163
10725 164
10725 171
10725 172
10725 173
10725 174
10725 335
10725 336
10733 39
10733 40
10733 49
10733 50
10733 71
10733 80
10733 81
8764 117
8764 118
8764 119
8764 120
8764 121
8764 122
8764 123
8764 124
8764 125
8764 126
10521 64
10521 65
10521 66
10521 67
10521 68
10521 69
10521 70
10521 71
10837 42
10837 43
10837 44
10837 54
10707 14
10707 15
10707 16
10707 25
10707 26
10669 64
10669 65
10669 66
10669 67
10669 68
10669 69
10669 70
10669 71
10735 206
10735 207
10678 64
10678 65
10678 66
10678 67
10678 68
10678 69
10678 70
10678 71
10892 121
10892 122
10892 138
10892 139
10890 30
10890 133
10890 143
10890 144
10890 145
10890 146
10696 118
10696 119
10696 120
10696 158
10696 159
10696 160
10696 161
10696 162
10888 172
10834 17
10834 18
10834 60
10834 61
10834 62
10834 63
10436 12
10436 13
10436 14
10436 15
10436 16
10436 17
10436 18
10580 30
10580 31
10580 32
10580 33
10580 34
10580 35
10580 90
10580 91
10562 0
10562 1
10562 2
10562 3
10562 4
10562 5
10562 6
10562 7
10591 208
10591 209
10591 340
10591 341
10591 342
10591 343
10920 104
10920 105
10920 106
10920 107
10920 108
10578 75
10578 76
10578 77
10578 78
10578 79
10578 80
10578 81
10966 256
10966 257
10966 258
10966 259
10966 260
10966 261
10966 262
10540 108
10540 109
10818 18
10818 19
10818 20
10818 29
10818 30
10818 44
10818 53
10818 54
10521 51
10521 52
10521 63
10521 74
10521 75
10521 76
10521 77
10580 265
10580 266
10580 267
10580 268
10580 269
10580 270
10580 271
11005 11
11005 12
11005 13
11005 14
11005 15
10922 23
10629 9
10629 10
10629 11
10629 12
10629 13
10629 14
10473 327
10473 328
10473 329
10473 330
10473 331
10473 332
10473 333
10473 334
10473 335
10954 60
10954 61
10954 62
10954 63
10654 198
10654 199
10654 200
10654 201
10654 202
10654 203
10654 204
10654 205
10647 54
10647 55
10647 57
10647 58
10647 59
10647 203
10647 204
10551 51
10551 60
10551 61
10551 68
10551 256
10551 257
10551 258
10551 259
10551 260
10551 261
11045 168
11045 169
11045 170
11045 171
11045 172
10735 183
10580 203
10580 204
10580 205
10580 206
10580 225
10580 226
10580 235
10580 236
10490 84
8764 198
8764 199
8764 200
8764 201
10863 7
10863 8
10863 9
10472 16
10472 17
10472 18
10472 19
10623 15
10807 29
10654 92
10654 93
10654 94
10654 95
10654 96
10654 97
8771 19
8771 20
8771 21
8771 23
8771 24
8771 25
8771 26
8771 27
8771 28
10942 0
10942 1
10942 3
10942 4
10942 5
10942 6
10942 7
10942 8
10942 9
10613 112
10613 120
10613 121
10613 171
10613 172
10613 178
10613 179
10613 180
10857 138
10857 139
10857 140
10857 141
10857 142
10857 143
10857 144
8749 20
8749 21
8749 22
10987 159
10987 160
10987 161
10987 162
10987 163
10987 164
10987 165
10625 24
10625 25
10625 33
10625 34
10625 35
10625 44
10625 89
10584 344
10584 345
10584 346
10584 347
10584 348
10584 349
10635 177
10635 178
10635 179
10635 180
10635 181
10951 25
10951 26
10951 27
10951 28
10951 29
10951 30
10951 31
10951 32
10951 33
10700 122
10700 123
10700 124
10700 125
10700 126
10700 127
10657 0
10657 1
10657 2
10657 3
10657 4
10657 5
10657 6
10657 7
10929 132
10929 133
10929 134
10929 136
10929 137
10929 138
10929 160
10929 161
10929 162
10888 87
10959 55
10959 56
10959 57
10959 58
10959 72
10959 73
10737 290
10737 291
10737 292
10737 293
10737 294
10737 295
10737 296
10979 0
10979 1
10979 2
10979 3
10979 4
10979 6
10979 9
10725 267
10725 268
10725 269
10725 270
10725 271
10725 320
10725 321
10725 322
8750 237
8750 238
8750 239
8750 240
8750 241
8750 242
8750 243
8750 246
10796 192
10796 193
10796 194
10796 195
10796 196
10796 197
10796 198
10445 280
10445 342
10445 343
10445 344
10927 57
10927 111
10927 119
10927 240
10927 241
10927 242
10704 136
10704 137
10704 138
10704 139
10704 140
10704 141
10704 142
10704 143
10704 144
10847 219
10847 220
10847 222
10847 223
10837 144
10837 145
10649 10
10649 11
10649 12
10649 13
10649 14
10649 16
10649 17
10649 18
10656 0
10656 1
10656 2
10656 3
10656 4
10656 5
10656 6
10584 10
10584 11
10584 12
10584 14
10584 15
10584 16
10482 42
10482 43
10482 44
10482 45
10482 64
10482 65
10482 66
10482 67
10482 68
10482 69
10624 235
10624 236
10624 237
10624 238
10624 239
10624 240
10624 241
10482 110
10482 111
10482 112
10482 113
10482 114
10482 115
10744 265
10744 266
10744 267
10744 268
10744 269
10744 270
10744 271
10744 272
10744 273
10888 150
10888 151
10888 152
10888 153
10888 154
10888 155
10432 64
10432 65
10432 66
10432 67
10432 68
10432 69
10432 70
10747 165
10747 166
10747 174
10747 175
10747 176
10488 67
10488 68
10488 69
10488 70
10488 71
10488 72
10488 73
10488 74
10488 75
10987 129
10987 130
10987 131
10987 132
10987 133
10987 134
10987 135
10987 136
10682 24
10682 25
10682 26
10682 27
10682 28
10682 29
10682 30
10966 174
10966 195
10966 196
10966 197
10966 198
10966 199
10803 58
10803 71
10803 72
10803 73
10803 91
10803 92
10803 93
10646 90
10646 201
10646 202
10646 203
10646 204
10646 205
10646 206
10646 207
10743 15
10743 16
10743 17
10743 18
10743 19
10743 20
10743 21
10743 22
10743 23
10672 62
10672 63
10672 71
10672 72
10672 73
10672 78
10672 157
10672 158
10755 294
10755 295
10755 296
10755 309
10755 310
10755 311
10755 312
10521 19
10521 20
10521 21
10521 22
10521 23
10521 24
10521 25
10521 26
10521 27
10602 56
10602 57
10602 58
10602 59
10602 60
10602 61
10602 62
10745 180
10745 181
10745 182
10745 183
10745 184
10745 185
10745 186
10712 84
10712 85
10712 86
10712 87
10712 88
10712 128
10712 129
10448 159
10448 160
10448 161
10448 162
10448 163
10448 164
10448 165
10687 54
10687 122
10687 123
10687 124
10687 125
10687 126
10687 127
10687 149
10834 230
10834 231
10834 232
10834 233
10834 234
10834 235
10834 236
10834 237
10834 238
10834 274
10591 112
10591 113
10591 114
10591 115
10591 116
10591 117
10966 175
10966 176
10966 297
10966 298
10966 299
10966 300
10966 301
10966 302
10680 168
10680 169
10680 170
10680 171
10680 172
10680 173
10680 174
10680 175
10471 141
10471 142
10471 143
10471 144
10471 145
10471 146
10471 147
10921 28
10921 38
10921 39
10921 42
10921 43
10693 239
10693 240
10693 241
10693 242
10693 243
10693 244
10688 102
10688 108
10688 109
10688 233
10688 235
10688 236
10688 238
10688 240
10683 48
10683 50
10683 51
10683 52
10683 53
10683 54
10683 55
10608 7
10608 8
10608 9
10608 10
10608 11
10608 12
10608 13
10963 64
10963 65
10963 66
10963 67
10963 68
10963 69
10578 113
10578 114
10578 124
10578 143
10578 144
10578 154
10772 203
10772 204
10772 205
10772 206
10772 207
10772 208
10772 209
10772 210
10925 51
10925 52
10925 53
10925 54
10925 55
10925 56
10925 57
10925 58
10925 59
10558 145
10558 154
10558 155
10558 163
10558 164
10558 165
10558 173
10558 174
10966 152
10966 153
10966 267
10966 268
10966 269
10966 270
10966 271
10696 241
10696 242
10696 243
10696 244
10696 245
10696 246
10790 128
10790 129
10790 130
10790 131
10790 132
10790 133
10790 134
10790 135
8752 0
8752 1
8752 2
8752 3
8752 4
8752 5
8752 6
8752 7
8752 8
10781 97
10781 98
10781 99
10781 185
10781 186
10781 187
10781 188
10781 189
10781 190
10781 191
10386 106
10386 107
10386 108
10386 109
10386 110
10386 111
10386 117
10386 118
10593 248
10593 249
10593 250
10593 252
10593 253
10593 254
10593 255
10593 274
10771 93
10771 94
10771 95
10771 96
10771 97
10771 98
10771 99
8770 128
8770 129
8770 130
10861 24
10629 110
10730 31
10678 49
10886 126
10886 127
10744 130
10744 131
10744 132
10649 73
8764 76
8764 85
10655 25
10655 26
10830 50
8771 113
10521 90
10521 91
10773 51
10773 52
10849 279
10786 89
10622 51
10848 146
10848 149
10613 122
10988 238
10857 205
10845 119
10845 120
10961 11
10961 12
10502 266
10613 127
10922 50
10584 109
10672 96
10672 97
10672 98
10796 311
10796 312
10644 32
10578 251
10578 285
10578 288
10998 55
10998 56
10998 57
10840 79
10840 80
10840 81
10888 344
10888 345
10888 346
10624 256
10624 257
10801 12
10992 24
10992 25
10992 26
10992 58
8771 258
8771 262
8771 264
8771 265
10840 87
10840 88
10840 89
10840 90
10840 91
10840 105
8769 0
8769 1
8769 2
8769 3
8769 4
8769 5
8769 6
8770 53
8770 54
8770 56
8770 57
8770 180
8770 181
8770 183
10533 118
10533 119
10533 120
10533 123
10533 124
10627 23
10627 24
10627 25
10627 26
10732 36
10732 62
10732 63
10913 29
10913 30
10712 231
10712 232
10712 236
10712 237
10873 86
10873 87
10873 88
10873 89
10629 28
10629 29
10629 77
10629 78
10629 79
10846 89
10846 90
10846 91
10846 93
10846 94
10696 317
10696 318
10696 319
10696 323
10696 324
10696 325
10649 205
10649 225
10649 229
8746 203
8746 204
8746 205
8746 206
8746 207
8746 208
8746 209
10682 34
10682 35
10682 36
10682 37
10682 38
10595 106
10595 107
10595 108
10595 109
10595 110
10595 111
10595 112
10700 257
10445 212
10445 213
10445 214
10445 215
10445 216
10445 264
10501 147
10501 148
10501 149
10501 150
10501 151
10501 152
10501 153
10508 0
10508 1
10508 2
10508 3
10508 4
10508 5
10508 6
10473 313
10473 314
10473 315
10473 316
10473 317
10473 318
10473 319
10762 127
10795 45
8750 96
8750 97
8750 98
8750 99
8750 100
8750 101
8750 102
8750 128
10987 55
10987 56
10987 57
10987 58
10987 59
10987 61
10987 62
10892 115
10892 116
10892 117
10892 118
10892 119
10892 120
10998 65
10998 66
10998 67
10675 290
10675 291
10675 292
10675 293
10675 294
10675 295
10675 296
10675 297
10449 9
10449 10
10449 11
10449 12
10449 13
10449 128
10449 129
10449 130
10449 131
10960 105
10960 106
10960 107
10960 108
10680 198
10680 199
10680 200
10680 201
10489 30
10489 31
10489 32
10489 33
10489 36
10489 37
10489 38
10574 324
10849 176
10849 178
10849 181
10849 186
10849 187
10849 188
10849 189
10591 152
10591 153
10591 154
10591 155
10591 156
10591 157
10591 158
10591 159
10849 291
10794 52
10794 53
10794 54
10794 55
10794 56
10794 57
10794 58
10794 59
10794 60
10666 50
10666 51
10666 52
10666 53
10666 54
10666 55
10666 57
10445 281
10445 282
10445 283
10445 284
10445 285
10445 286
10445 287
10685 124
10685 125
10685 126
10685 127
10521 37
8747 99
8747 100
8747 101
8747 102
8747 103
8747 104
8747 105
8747 106
8747 107
10660 172
10810 113
10810 114
10810 116
10810 117
10810 118
10810 119
10810 124
10810 125
8771 96
8771 97
8771 98
8771 99
8771 100
8771 101
8771 102
8771 103
8771 104
10432 323
10432 331
10432 332
10432 333
10432 334
10432 335
8771 133
10644 48
10644 50
10644 51
10644 52
10644 53
10644 54
10644 55
10644 56
10804 166
10804 167
10804 168
10804 169
10804 170
10804 171
10804 172
10804 173
10804 174
10807 100
10473 256
10473 257
10473 258
10473 259
10473 260
10473 261
10473 262
10473 263
10710 30
10710 61
10710 62
10710 63
10710 64
10710 65
10710 66
10710 67
10710 68
10688 94
10688 95
10688 96
10688 97
10688 100
10688 101
10688 230
10960 18
10960 19
10960 58
10960 59
10960 60
10960 61
10960 62
10960 63
10504 300
10504 301
10504 302
10504 303
10504 304
10504 305
10504 306
10504 307
10789 50
10789 51
10789 52
10789 53
10789 54
10789 55
10789 56
10959 42
10959 43
10959 49
10959 50
10959 51
10959 52
10959 53
10959 54
10953 1
10953 2
10953 3
10953 4
10953 5
10953 6
10953 7
10771 159
10771 160
10771 161
10771 162
10771 163
10771 164
10771 165
10771 166
10972 6
10972 7
10972 8
10972 9
10972 10
10972 11
10972 12
10697 22
10697 23
10697 24
10697 32
10697 88
10697 89
10697 90
10693 222
10693 223
10693 224
10693 225
10693 226
10693 227
10693 228
10693 229
10693 230
10663 24
10663 25
10663 26
10663 27
10663 29
10663 33
10480 26
10480 27
10480 28
10480 29
10480 32
10480 33
10480 34
10473 284
10473 285
10473 286
10473 287
10473 288
10473 289
10473 290
10473 291
10473 292
10473 293
10532 0
10532 1
10532 2
10532 3
10532 4
10532 5
10532 6
10532 7
10799 31
10799 32
10434 50
10434 51
10624 15
10624 16
10624 17
10624 18
10624 19
10624 71
10888 204
10888 205
10888 206
10888 207
10888 208
10888 209
10750 25
10750 26
10750 27
10750 28
10750 29
10750 30
10750 31
10750 32
10490 308
10490 309
10490 318
10490 319
10490 327
10490 328
10490 329
10433 92
10433 93
10433 94
10433 95
10433 96
10433 97
10433 98
10433 99
10848 151
10848 152
10848 153
10848 154
10848 155
10848 156
10848 157
10940 39
10940 40
10940 41
10940 42
10940 43
10940 44
10940 45
10940 46
10504 55
10504 56
10504 57
10504 58
10504 59
10504 110
10540 118
10540 119
10540 120
10540 122
10540 123
10540 124
10540 125
10786 61
10786 62
10786 63
10786 87
10786 88
10553 0
10553 1
10553 2
10553 3
10553 4
10553 5
10553 6
10553 7
10921 6
10921 7
10921 8
10921 10
10921 11
10921 12
10921 13
10675 245
10675 246
10675 247
10675 248
10675 249
10675 250
10675 251
10675 252
10675 253
10580 10
10580 11
10580 12
10580 13
10580 14
10580 15
10580 16
10595 35
10595 36
10595 37
10595 38
10595 39
10595 40
10595 41
10886 153
10886 154
10886 155
10886 165
10886 200
10886 209
10886 210
10886 231
10762 72
10762 73
10921 55
10921 56
10921 57
10858 108
10858 109
10858 110
10858 111
10858 118
10858 119
10858 120
10833 176
10833 177
10551 172
10551 173
10551 174
10551 175
10551 176
10551 177
10551 178
10988 128
10988 129
10988 130
10988 131
10988 132
10988 133
10988 134
10988 135
10988 136
10763 32
10763 33
10763 34
10763 35
10763 36
10763 37
10763 38
10763 39
10847 88
10847 89
10847 90
10847 91
10847 92
10847 93
10847 94
10847 95
10824 35
10824 89
10824 90
10824 91
10824 92
10824 93
10824 94
10824 95
10480 8
10480 9
10480 24
10480 25
10480 35
10480 37
10480 38
10480 48
10948 48
10948 49
10948 79
10551 69
10551 70
10551 71
10551 81
10551 90
10551 91
10551 99
10698 10
10698 11
10698 12
10698 13
10698 14
10698 15
10698 16
10698 17
10820 0
10820 1
10820 2
10820 3
10820 4
10820 5
10820 6
10820 7
10716 123
10716 124
10716 125
10716 126
10716 127
10716 129
10716 130
10716 131
10716 132
10530 150
10530 288
10530 313
10530 314
10442 151
10442 152
10442 153
10442 154
10442 155
10442 156
10442 157
10442 158
10786 109
10786 114
10786 115
10786 116
10725 195
10725 196
10725 197
10725 198
10725 199
10725 200
10725 201
10756 256
10756 257
10756 258
10756 259
10756 260
10756 261
10756 262
10756 263
10756 264
8759 98
8759 99
8759 113
8759 114
8759 115
10763 28
10763 29
10763 30
10763 31
10662 15
10662 17
11045 178
11045 179
11045 180
11045 181
11045 182
11045 183
10308 0
10308 1
10308 2
10308 3
10308 4
10308 5
10308 6
10966 70
10966 71
10966 72
10966 73
10966 74
10966 75
10836 10
10836 11
10836 12
10836 13
10836 14
10836 15
10836 16
10836 17
10747 209
10747 210
10747 211
10747 212
10747 213
10747 214
10747 215
10747 216
10743 78
10743 79
10743 80
10743 81
10743 82
10743 83
10743 84
10922 133
10922 134
10922 135
10922 136
10922 137
10922 138
10922 139
10790 80
10790 81
10790 82
10790 83
10790 84
10790 85
10790 86
10804 30
10804 31
10804 38
10804 39
10862 1
10861 119
10683 352
10490 283
10688 23
10688 25
10688 28
10688 29
10688 30
10688 32
10688 33
10688 34
10688 35
10688 36
10616 20
10616 30
10616 31
10616 32
10616 33
10616 34
10616 35
10616 36
8750 50
10791 64
10678 4
10678 5
10678 6
10678 7
10678 8
10678 9
10678 10
10678 11
10678 12
10540 26
8747 19
10745 72
10745 73
10781 299
10781 300
10781 301
10781 304
10781 305
10781 320
10781 321
10593 128
10593 129
10593 130
10593 131
10593 132
10593 133
8763 16
10952 202
10952 203
10952 214
10952 215
10952 216
10952 217
10952 218
10952 219
10952 220
10952 256
10629 87
10629 88
10629 89
10629 90
10629 91
10629 92
10629 93
10629 128
10484 0
10484 9
10884 339
10963 117
10963 118
10963 119
10963 120
10963 121
10963 122
10963 123
10622 52
10569 59
10569 251
10569 252
10569 253
10569 296
10569 297
8771 126
8771 127
10918 10
10918 11
10918 12
10918 13
10918 14
10918 15
10918 16
10918 17
10972 49
10972 50
10972 51
10972 52
10972 53
10972 54
10972 55
10972 56
10894 30
10894 31
10894 32
10894 33
10894 34
10894 35
10894 36
10545 0
10545 1
10545 2
10545 3
10545 4
10545 5
10545 6
10441 146
10441 147
10737 256
10966 178
10966 188
10966 189
10966 190
10966 191
10966 304
10966 305
10966 306
10437 186
10437 0
10888 342
10888 343
8762 297
8762 298
8762 299
8762 300
8762 301
8762 302
8762 303
8762 304
8762 305
10725 345
10725 346
10490 287
10567 120
10567 121
10567 122
10567 123
10567 124
10567 125
10567 126
10567 127
10728 57
10728 58
10747 83
10747 84
10747 85
10747 86
10747 87
10747 90
10741 254
10741 255
10584 130
10584 131
10584 132
10584 133
10584 134
10584 135
10584 136
10584 137
10574 0
10574 1
10574 2
10574 3
10574 4
10574 5
10574 6
10574 7
10832 40
10832 41
10832 42
10832 43
10832 44
10832 45
10832 46
10832 47
10832 48
10884 281
10884 282
10884 283
10884 284
10884 285
10884 286
10884 287
10884 288
10569 99
10569 100
10569 109
10569 110
10569 118
10569 119
10569 120
10569 129
10569 130
10535 52
10535 53
10535 54
10535 55
10535 56
10535 57
10533 125
10533 126
10533 127
10439 213
10439 214
10888 262
10888 266
10888 267
10888 268
8750 14
8750 15
8750 19
10547 31
10547 32
10547 33
10547 34
10547 35
10547 36
10547 37
10547 38
10567 100
10567 101
10567 102
10567 103
10567 104
10567 105
10567 106
10567 107
10567 108
10567 109
10678 30
10678 31
10678 33
10678 34
10678 35
10678 36
10678 37
10471 105
10471 205
10471 206
10471 207
10471 208
10471 209
10471 210
10471 211
10547 120
10547 127
10547 128
10547 129
10547 130
10547 140
10547 147
10690 35
10690 44
10690 46
10690 47
10690 48
10690 50
10690 51
10690 52
10727 208
10727 209
10727 210
10727 211
10727 212
10727 213
10727 214
10571 31
10571 32
10624 234
10690 269
10690 270
10690 271
10690 290
10690 291
10648 128
10648 129
10648 130
10648 131
10648 132
10648 133
10648 134
10750 0
10750 1
10750 2
10750 3
10750 4
10750 5
10750 6
10886 27
10886 28
10886 30
10886 31
10886 32
10886 33
10886 34
10886 35
10861 90
10861 91
10861 92
10861 93
10861 94
10861 95
10665 145
10665 146
10665 147
10624 201
10624 202
10624 203
10624 204
8754 20
8754 21
8754 22
8754 23
8754 24
8754 25
8754 26
8754 27
8754 28
8754 29
10926 34
10926 35
10926 44
10926 45
10926 53
10926 54
10926 55
10716 251
10716 252
10716 253
10716 254
10716 255
10716 347
10716 348
10913 102
10913 103
10913 112
10913 124
10913 125
10913 126
10913 127
10913 139
10913 140
10874 252
10874 253
10874 254
10874 255
10700 196
10700 197
10700 198
10645 205
10645 206
10645 207
10645 208
10645 209
10645 210
10645 211
10937 22
10937 23
10937 24
10937 25
10782 32
10782 48
10782 49
10782 50
10782 51
10782 52
10782 53
10537 87
10537 88
10537 89
10537 90
10537 91
10533 30
10533 34
10533 36
10533 37
10533 39
10711 54
10711 55
10711 56
10711 57
10711 58
10711 59
10307 190
10307 191
10307 192
10307 193
8770 58
8770 187
8770 189
8770 190
8770 191
10480 89
10480 90
10480 91
10480 92
10480 93
10480 94
10480 95
10480 96
10480 97
10480 242
10480 243
10480 244
10480 245
10480 266
10480 267
10480 268
10605 20
10605 21
10605 22
10583 26
10583 27
10583 28
10583 29
10583 30
10583 31
10583 32
10522 8
10522 9
10522 31
10522 32
10522 33
10522 34
10485 10
10485 11
10485 12
10485 13
10485 14
10485 15
10485 16
10485 17
10521 183
10521 184
10521 185
10521 186
10521 187
10521 188
10521 189
10521 190
10529 129
10529 137
10529 142
10529 146
10529 158
10501 157
10501 158
10501 159
10501 160
10501 161
10501 162
10501 163
10846 115
10846 116
10846 117
10846 118
10846 138
10846 139
10721 120
10721 121
10721 122
10721 123
10721 124
10721 125
10721 126
10721 127
10730 0
10730 1
10730 2
10730 3
10730 5
10730 30
10931 215
10931 216
10931 217
10931 218
10931 219
10931 326
10931 327
10931 328
10931 329
10436 331
10436 332
10436 333
10436 334
10436 335
10436 336
10436 337
10597 40
10597 41
10597 42
10597 43
10597 70
10597 71
10597 72
10597 73
10546 22
10546 23
10546 24
10546 32
10546 33
10546 34
10546 41
10546 42
10445 156
10445 157
10445 159
10445 160
10445 161
10445 162
10445 163
10445 164
10382 24
10382 25
10382 26
10382 27
10382 28
10382 29
10382 30
10382 31
10382 32
10690 277
10690 338
10690 339
10690 340
10690 343
10690 344
10959 64
10959 65
10959 66
10959 67
10959 68
10959 69
10959 70
10959 71
10473 17
10473 18
10473 19
10473 20
10473 21
10473 22
10473 23
10667 20
10667 21
10667 22
10667 23
10667 24
10667 25
10667 26
10667 27
10667 28
10837 156
10837 157
10837 158
10837 160
10837 161
10837 162
10837 163
10837 164
10580 237
10580 238
10580 239
10580 240
10580 241
10580 242
10580 243
10580 244
10821 202
10821 203
10821 204
10821 205
10821 206
10821 207
10821 208
10888 41
10888 160
10888 161
10888 162
10888 163
10888 164
10888 165
10888 166
10888 167
10803 330
10803 331
10803 332
10803 333
10803 334
10803 335
10803 336
10766 43
10766 44
10766 45
10766 46
10766 47
10766 64
10697 114
10697 115
10697 116
10697 117
10697 118
10697 119
10479 16
10479 17
10479 18
10479 19
10479 20
10479 21
10479 22
10479 23
10595 0
10595 1
10595 2
10595 3
10595 4
10595 5
10595 6
10595 7
10595 8
10595 9
10925 260
10925 261
10925 262
10925 263
10925 264
10925 265
10833 77
10833 78
10833 79
10833 80
10833 81
10833 82
10833 83
10501 9
10501 45
10501 46
10501 47
10501 48
10501 305
10501 306
10530 174
10530 301
10530 302
10530 303
10530 304
10530 305
10530 306
10530 307
10530 308
10502 70
10502 71
10502 72
10502 73
10502 74
10502 75
10502 76
10502 77
10502 78
10951 35
10951 36
10951 37
10951 38
10951 39
10951 40
10951 41
10951 42
10923 61
10923 62
10923 63
10923 64
10923 65
10923 66
10923 67
10923 68
10721 90
10721 91
10721 92
10721 93
10721 94
10721 95
10721 96
10721 97
10721 98
10721 99
10711 15
10711 16
10711 17
10711 18
10711 19
10711 20
10711 21
10728 44
10728 45
10728 46
10728 47
10728 48
10728 49
10728 50
10728 51
10994 10
10994 11
10994 16
10994 17
10994 19
10994 20
10994 21
10994 22
10994 23
10700 274
10700 288
10700 289
10700 290
10700 291
10700 292
10700 293
10573 20
10573 21
10573 22
10573 23
10573 24
10573 25
10573 26
10687 22
10687 23
10687 24
10687 25
10687 26
10687 27
10687 28
10687 29
10687 30
10480 319
10480 320
10480 321
10480 322
10480 323
10480 324
10480 325
10480 326
10481 87
10481 88
10481 89
10481 90
10481 91
10481 92
10481 93
10700 128
10700 129
10700 130
10700 131
10700 132
10700 133
10700 134
10573 40
10573 41
10573 42
10573 43
10573 44
10573 45
10573 46
10719 135
10795 112
10837 128
10771 193
10537 62
10834 162
10834 163
10658 47
10623 4
10842 10
10704 128
10873 30
10873 31
10873 32
10873 33
10873 34
10873 36
10873 37
10994 115
10449 226
10449 230
10449 231
10856 48
10857 206
10478 117
10923 227
10888 103
10938 165
10432 164
10857 232
10574 44
10574 45
10574 46
10574 48
10574 49
10574 303
10574 306
10574 307
10687 107
10796 285
10796 294
10856 81
10874 209
10874 210
10609 70
10609 71
10803 176
10803 177
10432 116
10432 117
10432 118
10505 38
10505 39
10436 114
10436 115
10436 116
10672 40
10672 41
10847 135
10847 136
10847 137
10647 278
10690 55
10690 56
10690 57
10520 317
10520 318
10520 319
10520 332
10520 336
10784 141
10784 142
10784 143
8757 41
8757 42
8757 43
8757 44
10836 48
10836 49
10836 69
10836 70
8769 202
8769 204
8769 235
8769 236
8769 237
8769 238
8769 239
10845 57
10845 58
10845 59
10845 60
10845 61
10845 64
10845 65
10845 66
10725 32
10725 33
10725 34
10725 35
10725 90
10725 91
10725 92
10873 17
10873 18
10873 19
10873 35
10873 40
10756 136
10756 137
10756 144
10756 221
10756 222
10756 223
10756 224
8762 231
8762 232
8762 233
8762 244
8762 245
8762 246
8762 247
8762 248
8762 249
10529 138
10529 140
10561 129
10561 130
10561 131
10561 132
10561 133
10561 134
10561 135
10561 136
10634 115
10634 116
10634 117
10634 118
10634 119
10595 188
10595 189
10595 190
10595 191
10595 192
10595 193
10595 194
10595 195
10584 225
10584 226
10584 227
10584 228
8759 7
8759 8
8759 9
8759 10
8759 64
8759 65
8759 66
8759 67
8759 68
10716 144
10716 145
10716 146
10716 147
10716 148
10716 149
10716 150
10716 151
10683 286
10683 287
10683 288
10683 289
10683 290
10683 291
10683 292
10683 295
10911 17
10911 24
10911 29
10911 34
8748 124
8748 125
8748 126
8748 127
8748 135
8748 136
8748 137
10529 46
10529 130
10529 131
10529 132
10529 134
10529 135
10990 37
10990 38
10990 39
10953 48
10953 50
10953 51
10953 52
10953 53
10953 54
10645 182
10645 183
10645 184
10645 185
10645 186
10645 187
10974 44
10974 45
10974 46
10974 47
10974 48
10974 49
10974 64
10705 138
10705 139
10705 140
10705 141
10705 142
10705 143
10705 144
10705 145
10705 146
10590 97
10590 98
10590 99
10590 100
10590 101
10590 102
10590 103
10873 71
10873 72
10873 73
10873 74
10873 116
10873 117
10873 118
10873 120
10687 135
10687 136
10687 137
10687 166
10687 167
10687 168
10687 169
10687 170
10743 226
10743 227
10743 235
10743 236
10743 237
10743 273
10743 274
10743 275
10801 0
10801 1
10801 2
10801 3
10801 4
10801 5
10795 16
10795 17
10795 18
10795 19
10795 21
10795 22
10795 23
10795 24
10795 25
10847 153
10847 154
10847 155
10847 156
10847 157
10847 158
10847 159
10799 8
10799 10
10799 11
10799 16
10799 17
10799 18
10799 19
10799 20
10816 10
10816 11
10816 12
10816 13
10816 14
10816 15
10816 16
10682 22
10682 23
10682 31
10682 32
10682 33
10682 47
10682 48
10448 137
10448 138
10448 148
10448 157
10448 158
10448 166
10448 167
10567 50
10567 51
10567 52
10567 53
10567 54
10567 55
10567 56
10567 57
10516 50
10516 51
10516 52
10516 53
10516 74
10516 75
10516 76
10516 77
10743 175
10743 176
10743 177
10743 178
10743 179
10743 193
10786 49
10786 138
10786 139
10786 140
10786 141
10786 142
10786 143
10786 144
10786 145
10954 30
10954 31
10954 32
10954 33
10954 34
10954 55
10954 56
10666 171
10666 172
10666 173
10666 174
10666 175
10666 176
10666 177
10666 178
10612 2
10612 3
10612 4
10612 6
10612 7
10612 8
10591 30
10591 31
10591 32
10591 33
10591 34
10591 35
10591 36
10591 37
10821 103
10821 104
10821 124
10821 133
10821 134
10821 143
10821 144
10821 154
10712 238
10712 239
10712 240
10712 241
10712 242
10712 243
10712 244
10712 288
10712 289
10781 241
10781 242
10781 243
10781 244
10781 249
10781 250
10781 251
10781 252
10475 36
10475 37
10475 38
10475 40
10475 41
10475 42
10475 43
10928 64
10928 65
10928 66
10928 67
10928 68
10928 69
10928 140
10928 141
8762 274
8762 275
8762 276
8762 277
8762 278
8762 279
8762 280
8762 281
8762 282
8762 283
10992 43
10992 44
10992 45
10992 46
10992 47
10992 48
10992 49
10992 50
10784 108
10784 128
10784 129
10784 130
10784 138
10784 139
10885 0
10885 1
10885 2
10885 3
10885 4
10885 5
10885 6
10885 7
10885 8
10647 80
10647 81
10647 83
10647 84
10647 85
10647 86
10647 87
10647 88
10696 174
10696 175
10696 184
10696 192
10696 200
10696 224
10696 225
10696 226
10696 227
10821 164
10821 174
10821 186
10821 197
10821 198
10821 199
10821 200
10821 201
10821 230
10925 240
10925 241
10925 242
10925 243
10925 244
10925 245
10925 246
10925 247
10590 85
10590 86
10590 87
10590 88
10590 89
10590 90
10590 91
10590 92
10953 8
10953 9
10953 10
10953 31
10953 32
10953 33
10953 34
10953 35
10953 36
10563 150
10563 151
10563 152
10563 153
10563 154
10563 155
10563 157
10563 158
10563 159
10580 60
10580 61
10580 62
10580 63
10580 64
10580 65
10580 66
10580 67
10574 39
10574 57
10574 58
10574 59
10574 68
10574 69
10574 78
10959 0
10959 1
10959 2
10959 3
10959 4
10959 5
10959 6
10959 7
10534 263
10534 264
10534 266
10534 267
10534 268
10534 269
10534 270
10534 271
10810 159
10810 160
10810 161
10810 162
10810 163
10810 164
10810 165
10834 102
10834 103
10834 104
10834 105
10834 106
10834 107
10834 108
10834 109
10683 247
10683 248
10683 249
10683 250
10683 251
10683 252
10683 253
10567 172
10567 173
10567 174
10567 175
10567 176
10567 177
10567 178
10567 179
10386 0
10386 1
10386 2
10386 3
10386 4
10386 5
10386 6
10386 7
10856 58
10856 59
10856 60
10856 61
10856 76
10856 77
10856 78
10856 79
10856 80
10608 45
10608 46
10608 47
10608 48
10608 49
10608 50
10608 51
10608 52
10608 53
10547 131
10547 132
10547 133
10547 134
10547 135
10547 136
10547 137
10547 138
10547 139
10597 139
10597 140
10597 141
10597 142
10597 143
10597 144
10597 145
10597 160
10597 161
10690 151
10690 161
10690 162
10690 216
10690 217
10690 218
10690 219
10925 61
10925 62
10925 63
10925 64
10925 65
10925 66
10925 67
10694 133
10694 134
10694 135
10694 136
10694 137
10694 138
10694 139
10694 140
10790 0
10790 1
10790 2
10790 3
10790 4
10790 5
10790 6
10532 20
10532 21
10532 22
10532 23
10532 24
10532 25
10532 26
10532 27
10772 178
10772 179
10772 180
10772 182
10772 183
10772 184
10772 185
10772 186
10922 22
10922 102
10922 114
10922 143
10922 144
10922 145
10922 146
10922 147
10922 148
8752 22
8752 23
8752 24
8752 25
8752 26
8752 27
8752 28
8752 29
8764 0
8764 1
8764 2
8764 3
8764 4
8764 5
8764 6
8764 7
8764 8
10724 230
10724 231
10724 232
10724 233
10724 234
10724 235
10724 236
10724 237
10724 238
10886 120
10886 121
10886 122
10886 123
10886 124
10886 125
10833 63
10833 64
10833 184
10833 185
10833 186
10833 187
10833 188
10833 189
10591 278
10591 279
10591 280
10591 281
10591 282
10591 283
10591 284
10591 285
10591 286
10716 199
10716 200
10716 201
10716 202
10716 203
10716 204
10716 205
10716 206
10716 207
8747 90
8769 349
8769 350
10471 200
10471 201
10781 328
10781 329
10710 7
10989 33
10687 108
8747 162
10502 355
11001 58
10847 196
10847 201
8758 9
10696 10
10696 11
10801 18
10801 19
10700 262
10842 16
10842 17
10449 83
10800 22
10597 113
10538 98
8754 151
8754 155
8754 156
10675 122
10675 123
10675 124
10855 34
8771 138
10520 331
10938 172
10938 173
10848 208
10765 91
10680 188
10680 189
10680 190
10680 191
10771 194
10771 195
10771 196
10700 177
10700 178
10520 346
10520 348
10927 245
10927 248
10475 214
10475 280
10475 283
10475 284
10733 23
10733 24
10733 26
10593 214
10593 215
10593 217
10593 218
10593 219
10593 220
10593 222
10762 131
10762 132
10762 133
10846 108
10846 109
10605 14
10605 15
10605 16
10605 17
10605 19
10714 100
10714 101
10714 102
10714 109
10714 110
10874 107
10874 108
10874 109
10874 110
10874 112
10874 113
10874 114
10520 254
10520 255
10520 257
10687 154
10687 155
10687 171
10687 172
10654 63
10654 64
10654 65
10654 66
10654 67
10654 68
10857 199
10704 266
10704 267
10704 268
10540 20
10795 158
10795 159
10795 160
10795 161
10795 162
10795 163
10545 127
10545 137
10545 156
10848 204
10732 10
10732 11
10660 20
10660 72
10660 73
10660 74
10660 75
10660 76
10660 77
10763 0
10763 1
10763 2
10763 3
10763 4
10763 5
10389 19
10389 20
10389 21
10389 43
10389 44
10849 151
10518 42
8750 357
8750 358
8750 364
8750 365
8750 366
10648 189
10648 190
10648 191
10648 203
8770 282
8770 283
8770 284
8770 285
8770 286
8770 287
8745 12
8745 13
8745 14
8745 15
8745 16
8745 17
8745 18
8745 19
10675 185
10675 186
10675 187
10675 188
10675 189
10675 190
10675 191
10675 192
10952 204
10952 205
10952 206
10952 207
10952 208
10952 209
10737 20
10737 21
10737 22
10737 23
10737 34
10737 35
10690 302
10690 303
10690 304
10690 305
10690 306
10690 307
10690 308
10690 309
10690 310
10690 311
10660 228
10660 229
10660 230
10660 231
10660 232
10660 297
10660 307
10660 312
10634 345
10716 29
10716 37
10716 38
10716 39
10716 156
10716 157
10716 158
10716 167
10613 128
10613 129
10613 130
10613 131
10613 132
10613 133
10613 134
10502 29
10502 30
10502 31
10502 32
10502 33
10502 34
10502 35
10502 36
10502 37
10535 42
10535 43
10535 44
10535 45
10535 46
10535 47
10535 48
10535 49
10848 205
10727 133
10727 134
10727 135
10727 136
10727 137
10727 138
10727 139
10727 140
10727 141
8758 10
8758 11
8758 12
8758 13
8758 14
8758 15
8758 16
8758 17
10970 29
10970 30
10660 203
10660 205
10660 207
10660 328
10660 329
10660 330
10660 331
10603 7
10603 8
10603 9
10603 10
10625 192
10625 193
10625 194
10625 195
10625 196
10625 197
10625 198
10625 199
10481 94
10481 95
10481 96
10745 158
10745 159
10745 165
10745 166
10745 167
10745 169
10745 171
10439 192
10439 193
10439 194
10439 195
10439 196
10439 197
10439 198
10439 199
10439 200
10439 201
10629 122
10629 123
10629 124
10629 125
10629 126
10629 127
10689 45
10689 46
10689 47
10689 48
10689 49
10689 50
10689 51
10689 52
10649 130
10649 131
10649 132
10649 133
10649 134
10649 135
10649 136
10848 53
10848 54
10848 55
10848 56
10848 58
10848 59
10624 195
10624 198
10624 199
10624 200
11046 119
11046 120
11046 121
11046 122
11046 123
10924 111
10924 112
10924 113
10924 114
10924 115
10924 116
10924 117
10687 8
10687 9
10687 152
10442 264
10442 265
10567 10
10567 11
10567 12
10567 13
10567 14
10567 15
10567 17
10927 40
10927 41
10927 42
10927 43
10927 44
10927 45
10927 46
10597 245
10597 246
10597 247
10597 248
10597 249
10597 250
10597 251
10597 252
10520 299
10520 302
10520 311
10520 322
10520 323
10592 313
10592 314
10592 315
10592 316
10592 317
10592 318
10592 319
10592 329
10772 247
10772 248
10772 249
10772 275
10772 351
10475 139
10475 155
10475 176
10475 177
10475 206
10475 207
10475 208
10475 209
10475 210
10747 146
10747 147
10747 148
10747 149
10747 150
10747 151
10747 156
10747 158
10747 159
10687 128
10687 129
10687 130
10687 131
10687 132
10687 133
10687 134
10704 209
10704 238
10704 239
10704 240
10648 162
10648 163
10648 174
10648 175
10648 176
10648 177
10648 178
10648 179
10920 0
10920 1
10920 2
10920 3
10920 4
10920 5
10920 6
10920 7
10772 93
10772 94
10772 95
10772 96
10772 97
10772 98
10772 99
10772 100
10772 101
10822 10
10822 11
10822 12
10822 13
10822 14
10822 15
10822 16
10822 17
10830 256
10830 257
10830 258
10830 259
10830 260
10830 261
10830 262
10858 24
10858 25
10858 26
10858 27
10858 28
10858 29
10813 14
10813 15
10813 16
10813 17
10813 18
10813 19
10813 20
10813 21
10813 22
10813 23
10578 105
10578 106
10578 107
10578 108
10578 109
10578 110
10578 111
10563 337
10563 338
10563 339
10563 340
10563 341
10563 342
10563 343
10563 344
10563 345
10563 346
10821 115
10821 116
10821 117
10821 118
10821 119
10821 120
10821 121
10821 122
10821 123
10439 93
10439 94
10439 95
10439 158
10439 159
10439 160
10439 161
10439 162
10439 163
10744 148
10744 149
10744 150
10744 151
10744 152
10744 153
10744 154
10508 7
10508 8
10508 9
10508 10
10508 11
10508 12
10445 105
10445 145
10445 153
10445 154
10445 155
10445 165
10445 201
10445 209
10928 99
10928 155
10928 156
10928 158
10928 159
10610 68
10610 69
10610 70
10610 71
10610 72
10610 73
10610 146
10610 147
10610 158
10974 88
10974 89
10974 90
10974 91
10974 92
10974 157
10974 166
10974 167
10974 180
10504 200
10504 201
10504 202
10504 203
10504 204
10504 205
10504 206
10504 207
10504 208
10744 54
10744 55
10744 56
10744 57
10744 58
10744 59
10744 60
10744 61
10781 109
10781 165
10781 166
10569 256
10569 257
10569 258
10569 259
10569 260
10569 261
10569 262
10719 0
10719 1
10719 2
10719 3
10719 4
10719 5
10719 6
10719 7
10694 90
10694 91
10694 92
10694 93
10694 94
10694 95
10694 96
10694 97
10704 186
10704 187
10704 188
10704 189
10593 203
10593 213
10593 224
10593 225
10593 226
10593 227
10593 228
10959 79
10959 81
10959 82
10959 83
10448 201
10448 202
10448 203
10448 204
10448 205
10448 206
10448 207
10821 187
10821 188
10821 189
10821 190
10821 191
10821 192
10821 193
10821 194
10821 195
10535 14
10535 15
10535 16
10535 18
10535 19
10535 20
8759 40
8759 41
8759 42
8759 43
8759 44
8759 45
8759 46
10610 84
10610 118
10610 119
10610 120
10610 121
10610 122
10610 123
10610 124
10610 127
10610 153
10592 342
10592 343
10592 344
10592 345
10592 346
10592 352
10592 353
10647 266
10647 267
10647 268
10647 269
10647 270
10647 271
10647 272
10886 6
10886 7
10886 9
10886 12
10886 91
10886 92
10886 93
10624 1
10624 2
10624 3
10624 4
10624 5
10624 6
10624 7
10624 8
10840 0
10840 1
10840 2
10840 3
10840 4
10840 5
10840 6
10448 122
10448 123
10448 124
10448 125
10448 126
10448 127
10578 185
10578 186
10578 187
10578 188
10578 189
10578 190
10578 191
10578 192
10578 193
10434 64
10434 65
10434 66
10434 67
10434 68
10434 69
10434 70
10434 71
10434 82
10434 83
10716 59
10716 60
10716 68
10716 69
10716 70
10716 80
10716 90
10716 108
10680 158
10680 159
10680 160
10680 161
10680 162
10680 163
10680 164
10680 165
10680 166
10680 167
10591 132
10591 133
10591 134
10591 135
10591 136
10591 137
10591 138
10591 139
11046 84
11046 85
11046 86
11046 87
11046 88
10504 17
10504 18
10504 19
10504 81
10504 167
10504 168
10504 169
10447 24
10447 25
10447 26
10447 27
10447 28
10447 29
10447 30
10447 31
10447 32
10992 0
10992 1
10992 2
10992 3
10705 39
10705 40
10705 41
10705 42
10705 43
10705 60
10705 61
10386 95
10386 101
10386 144
10601 55
10601 56
10601 57
10601 58
10601 59
10601 60
10601 61
10602 122
10602 123
10602 124
10602 125
10602 126
10602 127
10602 132
10729 91
10729 92
10729 93
10729 94
10729 95
10729 96
10729 97
10712 291
10712 292
10712 293
10712 294
10712 295
10712 296
10712 297
10712 298
10737 239
10737 240
10737 241
10737 242
10737 243
10737 244
10737 245
10471 158
10471 159
10471 160
10471 161
10471 162
10471 163
10471 164
10471 165
10648 51
10648 52
10648 53
10648 54
10648 55
10648 56
10648 57
10648 58
10563 221
10563 222
10563 223
10563 224
10563 225
10563 226
10439 138
10439 139
10439 140
10439 141
10439 142
10439 143
10952 115
10952 116
10952 117
10952 118
10952 119
10952 120
10952 121
10952 122
10952 274
10744 0
10744 1
10744 2
10744 3
10744 4
10744 5
10744 6
10597 69
10597 99
10597 107
10597 108
10597 109
10597 230
10600 11
10600 12
10600 13
10600 14
10600 15
10600 16
10600 17
10600 18
10810 10
10810 11
10810 12
10810 13
10810 14
10810 15
10810 16
10810 17
10810 18
10448 177
10448 178
10448 179
10448 180
10448 181
10448 225
10448 226
10448 227
10448 228
10490 172
10490 173
10490 174
10490 175
10490 176
10490 177
10490 178
10490 179
10490 180
10920 111
10920 112
10920 113
10920 122
10920 123
10920 129
10920 130
10920 131
10561 40
10561 41
10561 42
10561 43
10561 44
10561 45
10561 46
10830 174
10830 175
10830 176
10830 177
10830 178
10830 179
10830 180
10830 181
10830 182
10737 77
10737 78
10737 89
10737 90
10737 91
10737 92
10737 93
10737 96
10888 6
10888 7
10888 8
10888 9
10888 17
10888 18
10888 19
10675 214
10675 222
10675 223
10675 224
10675 234
10675 241
10675 242
10675 243
10574 183
10574 184
10574 185
10574 186
10574 187
10574 188
10574 189
10890 95
10890 96
10890 97
10890 98
10890 99
10890 100
10890 101
10890 102
10382 14
10382 15
10382 16
10382 17
10382 18
10382 19
10382 20
10382 21
10683 78
10683 79
10683 81
10683 82
10683 83
10683 84
10683 85
10850 8
10850 9
10850 16
10850 17
10850 18
10850 19
10850 158
10850 159
10850 171
10704 320
10704 321
10704 322
10704 323
10704 324
10704 325
10704 326
10704 327
10657 90
10657 141
10657 167
10657 172
10657 179
10657 184
10657 185
10657 186
10657 187
10922 18
10922 19
10922 45
10922 46
10922 47
10922 48
10922 49
10772 20
10772 21
10772 22
10772 23
10772 24
10772 25
10772 26
10772 27
10772 28
8764 27
8764 32
8764 33
8764 34
8764 35
8764 36
8764 37
8764 38
8764 39
8764 40
10968 47
10968 48
10968 49
10968 50
10968 51
10968 52
10968 53
10968 54
10968 55
10968 56
10743 131
10743 222
10743 223
10743 244
10743 245
10743 248
10743 249
10790 70
10790 71
10790 72
10790 74
10790 75
10790 76
10861 150
10861 151
10861 152
10861 153
10861 154
10861 155
10861 156
11048 10
11048 11
11048 12
11048 13
11048 14
10884 261
10884 262
10884 263
10884 264
10884 265
10884 266
10884 267
10884 268
10884 269
10884 270
10432 268
10432 269
10432 270
10432 271
10432 272
10432 273
10432 274
10432 275
10432 276
10744 204
10744 205
10744 206
10744 207
10744 218
10744 219
10744 224
10744 225
10744 226
10746 6
10746 7
10746 8
10746 9
10737 38
10737 40
10737 41
10737 42
10737 44
10737 45
10737 46
10818 65
10818 66
10818 67
10818 68
10818 69
10818 70
10818 71
10818 72
10818 73
10818 74
10995 19
10995 30
10995 32
10995 33
10995 34
10995 35
10995 36
10995 37
10995 38
10988 58
10988 59
10988 70
10988 71
10988 72
10988 73
10540 136
10540 137
10540 158
10540 159
10540 160
10540 163
10705 230
10705 246
10705 247
10705 249
10705 250
8756 15
8756 16
8756 17
8756 18
8756 19
8756 20
8756 21
8756 22
8756 23
8756 24
10995 29
10436 40
10714 42
10735 6
10449 222
10708 16
10603 41
10840 76
10848 150
10725 137
10821 223
10848 206
10622 26
10911 12
10840 78
10824 180
10824 181
10837 127
10796 139
10796 140
10910 87
10538 100
8769 25
8769 26
10840 68
10840 69
10840 70
10840 71
10491 86
10491 148
10663 61
10663 62
10663 63
10823 14
10724 78
10502 126
10502 273
10502 274
10520 120
10520 121
10630 1
10712 140
10501 272
10501 273
10501 274
10501 275
10888 63
10966 253
10966 265
10834 228
10834 229
10532 19
10532 28
10532 29
10532 77
10532 78
10692 98
10692 106
10847 160
10847 161
10847 162
10772 29
10772 38
10772 39
10772 49
11048 107
11048 108
11048 109
10690 4
10690 6
10741 273
10741 274
10741 275
10741 276
10741 277
10952 184
10952 185
10952 186
10478 36
10478 37
10478 38
10478 39
10732 25
10732 26
10929 221
10929 222
10929 223
10929 229
10868 47
10868 48
10868 49
10308 73
10308 82
10308 83
10581 19
10581 20
10581 21
10581 22
10918 18
10918 83
8762 0
8762 1
8762 2
8770 79
8770 80
8770 81
8770 82
8770 83
8770 84
8770 85
8770 86
8770 87
8770 88
10633 47
10675 303
10675 304
10675 305
10675 306
10675 307
10675 308
10692 22
10692 23
10692 24
10692 25
10692 49
10692 50
10544 10
10544 11
10544 12
10544 13
10544 14
10544 15
10544 16
10544 17
10732 0
10732 1
10732 2
10732 3
10732 4
10732 5
10732 6
10732 7
10732 8
10491 6
10714 120
10714 121
10714 122
10714 123
10714 124
10714 125
10714 126
10714 127
8748 114
8748 115
8748 116
8748 117
8748 118
8748 119
8748 120
8748 121
8748 122
8748 123
10611 156
10611 157
10611 158
10611 168
10611 169
10741 10
10741 11
10741 12
10741 13
10578 25
10578 26
10578 27
10578 28
10578 29
10578 30
10578 32
10602 70
10602 71
10602 72
10602 73
10602 74
10602 75
10602 76
10602 78
10602 79
8771 111
10534 236
10534 237
10534 239
10534 240
10534 241
10534 242
10696 146
10696 191
10696 234
10696 235
10471 42
10471 43
10471 44
10471 45
10471 46
10471 47
10471 64
10471 65
8747 36
8750 41
8750 42
8750 43
8750 44
8750 45
8750 46
8750 48
8750 49
10558 106
10558 107
10558 108
10558 109
10558 110
10558 111
10558 112
10558 113
10795 50
10675 274
10675 275
10675 276
10675 279
10675 280
10675 283
11001 56
10995 51
10995 52
10995 53
10995 61
10995 62
10995 63
10995 71
10836 8
10836 9
10836 18
10836 19
10836 28
10836 29
10836 38
10836 39
10810 37
10810 38
10810 39
10810 40
10810 42
10810 70
10810 71
10579 30
10579 31
10579 32
10579 33
10579 34
10579 35
10579 36
10579 37
10579 38
10579 39
10794 12
10794 13
10794 14
10794 15
10794 16
10794 17
10794 18
10794 19
10794 20
10794 21
10771 131
10771 132
10771 133
10771 134
10771 135
10771 136
10771 137
10771 138
10966 80
10966 81
10966 82
10966 83
10966 84
10966 85
10966 86
10724 306
10724 307
10724 308
10724 309
10724 310
10724 311
10724 312
10724 313
10724 314
10516 0
10516 10
10516 11
10516 12
10516 14
10516 16
10516 17
10516 18
10784 122
10784 123
10784 124
10888 80
10888 81
10888 82
10888 83
10888 84
10888 85
10725 147
10725 148
10725 149
10725 150
10725 151
10725 152
10725 153
10545 31
10545 32
10545 33
10545 34
10545 35
10545 36
10545 37
10545 38
10545 39
10608 99
10608 100
10608 101
10608 102
10608 103
10608 104
10608 105
10608 106
10608 107
10669 15
10669 16
10669 38
10669 39
10669 100
10669 101
10669 102
10669 103
10669 104
10646 80
10646 81
10646 82
10646 83
10646 84
10480 269
10480 270
10480 271
8764 86
8764 96
8764 106
8764 116
8764 136
8764 146
8764 155
8764 156
10948 6
10948 7
10948 8
10948 9
10948 64
10948 65
10948 66
10948 67
10747 66
10747 70
10747 71
10747 96
10747 97
10747 98
10747 99
10747 100
10803 153
10803 155
10803 156
10803 157
10803 178
10803 179
10803 180
10488 47
10488 48
10488 49
10488 50
10488 51
10488 52
10488 53
10688 245
10688 265
10598 7
10598 8
10598 9
10727 42
10727 43
10727 143
10727 144
10727 145
10727 146
10727 147
10685 44
10685 45
10668 22
10668 23
10668 24
10668 25
10668 26
10668 27
10668 28
10668 29
10788 81
10788 82
10788 83
10534 70
10534 71
10534 72
10534 73
10534 74
10534 75
10534 76
10704 234
10704 235
10704 236
10646 120
10646 121
10646 122
10646 123
10646 124
10646 125
10646 126
10646 127
10929 8
10929 9
10929 48
10929 49
10929 55
10929 56
10612 38
10612 39
10612 42
10612 43
10612 44
10612 45
10612 46
10675 341
10675 342
10675 343
10675 344
10675 345
10675 346
10675 347
8769 105
8769 106
8769 108
8769 109
8769 110
8769 111
8769 112
10737 192
10737 193
10737 194
10737 195
10737 196
10737 197
10737 198
10737 199
10593 309
10593 310
10593 311
10593 312
10593 313
10593 314
10593 315
10593 316
10816 20
10816 21
10816 22
10816 23
10816 24
10816 25
10816 26
8762 194
8762 195
8762 196
8762 197
8762 198
8762 199
8762 200
8762 201
8762 202
10439 39
10439 40
10439 41
10439 42
10562 190
10562 191
10562 192
10562 193
10562 194
10562 195
10562 196
10562 197
10520 47
10520 48
10520 57
10520 58
10520 59
10520 60
10520 63
10520 84
10706 28
10706 29
10706 30
10706 31
10706 32
10706 33
8750 131
8750 132
8750 133
8750 134
8750 135
8750 136
8750 137
8750 138
8750 139
10850 40
10850 41
10850 42
10850 43
10850 44
10850 45
10850 46
10850 47
10923 71
10923 72
10923 73
10923 74
10923 75
10923 76
10923 77
10923 78
10441 266
10441 267
10441 268
10441 269
10441 270
10441 271
10441 272
10441 273
10821 196
10821 231
10928 2
10928 3
10928 4
10928 5
10928 6
10928 7
10928 8
10873 141
10873 142
10873 143
10873 144
10873 145
10873 146
10873 147
10873 148
8752 12
8752 13
8752 14
8752 15
8752 17
8752 18
8752 19
8752 20
8752 21
10488 25
10488 26
10488 45
10488 77
10488 78
10488 79
10488 80
10771 55
10771 58
10771 59
10771 60
10771 74
10771 75
10771 76
10952 91
10952 132
10952 133
10952 142
10952 143
10952 152
10441 128
10441 129
10441 130
10441 131
10441 132
10441 133
10441 134
10441 135
10667 83
10667 92
10667 93
10537 41
10537 42
10537 43
10537 44
10537 45
10537 46
10537 47
10537 48
10490 307
10490 340
10490 341
10490 342
10490 343
10490 344
10490 345
10490 346
10490 347
10796 316
10796 317
10796 318
10796 319
10940 74
10940 75
10940 76
10940 77
10940 78
10940 79
10940 80
10940 81
10796 223
10796 224
10797 0
10797 1
10797 2
10797 3
10797 4
10797 5
10797 6
10634 40
10634 41
10634 42
10634 43
10634 44
10634 45
10634 46
10995 16
10995 17
10995 18
10960 31
10960 32
10960 33
10960 66
10960 67
10960 68
10954 10
10954 11
10954 12
10954 13
10954 14
10954 15
10811 8
10811 9
10811 38
10811 39
10811 40
10735 181
10735 182
10735 184
10735 185
10735 186
10735 187
10735 188
10712 156
10712 159
10712 183
10712 184
10712 185
10712 186
10687 173
10687 174
10687 175
10687 176
10687 177
10832 0
10832 1
10832 2
10832 3
10832 4
10832 5
10832 6
10832 7
10832 8
10873 115
10873 119
10873 123
10873 124
10873 125
10873 131
10873 134
10873 135
10660 273
10660 274
10660 275
10660 276
10660 277
10660 293
10660 294
10660 295
10660 296
10920 84
10920 85
10920 86
10920 87
10920 88
10920 89
10920 90
10920 91
10603 0
10603 1
10603 2
10603 3
10603 4
10603 5
10603 6
10778 7
10778 8
10778 9
10743 48
10743 49
10743 50
10743 51
10743 52
10743 53
10743 54
10865 21
10865 22
10865 23
10865 24
10865 25
10865 26
10865 27
10865 28
10865 29
10741 14
10741 15
10741 16
10741 17
10741 18
10741 19
10923 296
10923 297
10923 298
10923 299
10923 300
10923 301
10923 302
10646 107
10646 108
10646 140
10646 141
10646 142
10646 143
10546 100
10546 101
10546 103
10546 104
10546 105
10546 106
10546 107
10988 108
10988 109
10988 110
10988 111
10988 112
10988 113
10988 114
10667 61
10667 64
10667 65
10667 66
10667 68
10667 69
10667 70
10667 71
10667 72
10667 73
10680 13
10680 14
10680 15
10680 19
10680 46
10680 47
10857 150
10857 168
10857 169
10857 170
10857 172
10857 173
10857 174
10732 38
10732 40
10732 41
10732 42
10732 43
10732 44
10940 17
10940 18
10940 19
10940 20
10940 21
10940 22
10940 23
10940 24
10940 25
10940 26
10936 22
10936 23
10936 31
10936 32
10936 33
10936 34
10737 134
10737 135
10737 136
10737 137
10737 138
10737 139
10737 140
10737 141
10929 271
10929 272
10929 273
10929 274
10929 275
10929 276
10929 277
10929 278
10929 279
10773 10
10773 11
10773 12
10773 13
10773 14
10773 15
10773 16
10773 17
10591 182
10591 183
10591 184
10591 185
10591 186
10591 187
10591 188
10591 189
10591 200
10810 77
10810 111
10810 112
10810 126
10810 133
10810 134
10810 135
10563 70
10563 71
10563 72
10563 73
10563 74
10563 75
10563 76
10563 77
10563 78
10563 79
10721 7
10721 8
10721 9
10721 65
10721 73
10721 74
10721 106
10721 107
10721 108
10721 109
10828 40
10828 41
10828 42
10828 43
10828 44
10828 45
10828 46
10828 47
10828 48
10828 49
10766 12
10766 13
10766 54
10766 55
10766 56
10766 57
10766 58
10766 126
10668 80
10668 81
10668 82
10668 83
10668 84
10668 85
10668 86
10668 87
10508 14
10508 15
10508 16
10508 23
10508 24
10508 25
10508 26
10508 36
10508 45
10766 97
10766 98
10766 111
10766 112
10766 120
10766 121
10569 51
10569 52
10569 53
10569 54
10569 55
10569 56
10569 57
10569 58
10884 271
10884 272
10884 273
10884 274
10884 275
10884 276
10884 277
10884 278
10534 50
10534 51
10534 52
10534 53
10534 54
10534 55
10534 56
10533 71
10533 72
10533 73
10533 74
10533 75
10533 76
10533 77
10533 78
10533 79
10533 81
10692 109
10692 110
10692 120
10692 140
10692 141
10692 142
10692 143
10611 149
10611 150
10611 151
10611 152
10611 153
10611 154
10611 155
10712 89
10712 90
10712 91
10712 92
10712 93
10712 94
10712 95
10599 93
10599 94
10599 95
10599 106
10599 107
10599 108
10599 109
10599 110
10599 111
10599 112
10308 8
10308 9
10308 52
10308 53
10308 54
10308 60
10308 61
10482 46
10482 47
10482 48
10482 49
10482 50
10482 51
10482 52
10716 30
10716 31
10716 32
10716 33
10716 34
10716 35
10716 36
10646 7
10646 9
10646 32
10646 33
10646 34
10646 35
10646 36
10646 37
10581 43
10581 44
10581 45
10581 46
10581 47
10581 48
10811 56
10811 57
10811 58
10811 59
10811 60
10811 61
10811 62
10811 63
10634 167
10634 168
10634 169
10634 170
10634 171
10634 172
10634 173
10634 174
10929 99
10929 100
10929 101
10929 102
10929 103
10929 104
10929 105
10821 155
10821 156
10821 157
10821 158
10821 159
10821 160
10821 161
10821 162
10821 163
10592 252
10592 253
10592 255
10592 286
10592 287
10471 107
10471 108
10471 109
10471 112
10471 115
10649 196
10649 197
10649 198
10649 199
10649 200
10442 161
10442 162
10442 163
10442 164
10442 165
10442 166
10442 167
10442 168
10442 169
10530 256
10530 261
10530 266
10530 267
10530 268
10530 269
10530 270
10720 40
10720 41
10720 42
10720 43
10720 44
10720 48
10720 49
10846 210
10846 211
10846 224
10846 225
10846 226
10846 227
10846 228
10846 229
10886 0
10886 1
10886 2
10886 3
10886 4
10886 5
10624 246
10624 247
10624 347
10624 348
10624 349
10624 350
10624 351
10624 352
10491 131
10491 132
10491 133
10491 134
10491 137
10491 138
10781 19
10781 28
10781 29
10781 37
10781 38
10781 39
10848 114
10670 26
10772 202
10942 2
10765 89
8747 128
10600 29
10849 150
10609 43
10670 14
10670 15
10784 73
10911 25
10491 2
10678 53
10974 103
10974 104
10444 38
10444 39
10840 74
10714 46
10816 102
11005 63
10629 138
10712 191
10888 89
10856 9
10473 119
10473 137
10473 220
10705 62
10705 63
10995 31
10995 39
10613 16
10613 17
10613 18
10792 9
10792 10
10792 11
10792 12
10716 118
10716 119
10716 128
10680 51
10680 52
10600 6
10600 7
10600 8
10600 10
10894 66
10894 67
10894 68
10894 69
10766 76
10766 77
10766 78
10714 29
10714 30
10714 31
10847 54
10847 55
10837 159
10771 139
10771 140
10396 17
10396 19
10396 20
10396 22
10480 233
10480 234
10480 235
10480 236
10613 59
10613 60
10613 61
10473 31
10473 35
10473 36
10473 41
10563 297
10563 298
10563 299
10563 300
10563 301
10563 302
10721 40
10721 41
10721 42
10721 43
10721 44
10721 45
10911 14
10873 121
10873 122
10873 126
10873 127
10520 214
10520 215
10520 216
10520 218
10874 182
10874 183
10874 184
10874 185
8770 277
8750 244
8750 245
8750 253
8750 255
8750 273
10706 1
10706 2
10706 3
10706 4
10706 5
10706 6
10706 7
10436 206
10436 207
10436 252
10436 253
10436 254
10436 255
10562 49
10562 108
10562 179
10562 188
10562 189
10562 208
10562 209
10570 27
10504 94
10767 17
10767 18
10767 19
10767 20
10493 42
10493 43
10493 44
10493 45
10493 46
10493 47
10493 48
10493 49
10989 6
10989 12
10989 13
10989 14
10989 15
10989 37
10989 38
10669 72
10669 73
10987 35
10987 36
10987 37
10987 38
10987 39
10987 40
10804 26
10804 28
10804 29
10804 95
10804 98
10804 99
10529 93
10529 94
10529 95
10529 96
10877 0
10877 1
10877 2
10877 3
10877 5
10786 79
10786 80
10786 81
10786 82
10786 83
10786 84
10649 113
10649 114
10649 115
10649 124
10649 125
10649 153
10649 226
10649 227
10649 228
10803 61
10803 62
10803 63
10778 46
10778 47
10778 48
10778 49
10778 50
10778 51
10778 52
10936 41
10936 64
10936 65
10936 66
10936 67
10936 69
10762 59
10762 74
10762 76
10762 77
10762 78
10762 79
10762 80
10762 81
10762 82
10521 224
10521 226
10521 227
10521 228
10521 229
10521 230
10521 287
10521 288
8762 156
8762 157
8762 158
8762 159
8762 160
8762 161
8762 162
8762 163
8762 174
8762 175
10685 136
10685 137
10517 40
10517 41
10517 42
10517 43
10517 44
10517 45
10517 46
10725 12
10725 13
10725 14
10725 15
10725 16
10725 17
10725 18
10747 81
10747 186
10747 187
10747 188
10747 189
10747 190
10748 49
10748 50
10748 51
10748 52
10748 53
10938 121
10938 122
8763 17
8763 18
10580 78
10580 79
10580 88
10580 89
10580 125
10580 126
10890 123
10890 126
10505 30
10505 31
10505 32
10505 33
10505 34
10505 35
10505 36
10505 37
10538 49
10782 10
10782 11
10782 12
10782 13
10782 14
10782 15
10782 16
10782 17
10782 18
10569 161
10569 162
10569 163
10569 164
10569 165
10569 166
10569 167
10569 168
10953 11
10953 12
10953 13
10953 14
10953 15
10953 16
10953 17
10959 21
10959 22
10959 23
10959 24
10959 25
10959 26
10959 27
10502 2
10502 4
10502 131
10502 138
10502 139
10502 170
10502 171
10502 172
10782 34
10782 35
10782 36
10782 37
10782 38
10782 39
10782 40
10782 41
10782 42
10784 7
10784 8
10784 9
10784 10
10784 11
10784 12
10784 13
10784 15
10784 75
11046 34
11046 35
11046 36
11046 37
11046 38
10923 130
10923 138
10923 139
10923 140
10923 147
10923 148
10923 149
10923 150
10601 88
10601 89
10601 100
10601 101
10601 102
10601 103
10601 104
10601 105
8762 23
8762 24
8762 25
8762 26
8762 27
8762 28
10831 13
10831 14
10831 15
10831 16
10831 17
10831 18
10831 19
10831 20
10831 21
10683 200
10683 209
10683 210
10683 230
10683 231
10683 232
10683 233
10921 193
10921 194
10921 195
10921 196
10921 197
10921 198
10921 199
10704 256
10704 257
10704 258
10704 259
10704 260
10704 261
10704 262
10649 216
10649 217
10649 218
10649 219
10649 220
10649 221
10649 222
10649 223
10649 224
10952 258
10952 259
10952 260
10952 261
10952 262
10952 263
10952 264
10952 265
10952 266
10563 161
10563 162
10563 163
10563 164
10563 165
10563 166
10563 167
10563 168
10570 14
10570 15
10570 16
10570 17
10570 18
10570 19
10570 20
10570 21
10570 22
10849 157
10849 158
10849 160
10849 162
10849 179
10849 180
10849 182
10849 183
10611 108
10611 109
10611 110
10611 111
10611 112
10611 113
10611 114
10611 115
10611 116
11005 57
11005 58
11005 59
11005 60
11005 61
10480 329
10480 330
10480 331
10480 332
10480 333
10480 334
10480 335
10480 336
10480 337
10441 138
10441 139
10441 140
10441 141
10441 142
10441 143
10441 144
10441 145
10439 169
10439 170
10439 173
10439 174
10439 180
10439 181
10439 202
10439 203
10796 174
10796 175
10796 176
10796 177
10796 178
10796 179
10796 180
10796 181
10804 71
10804 72
10804 73
10804 82
10804 120
10804 121
10804 122
10804 123
10804 124
10992 33
10992 34
10992 35
10992 36
10992 37
10992 38
10992 39
10992 40
10992 41
10788 40
10788 41
10788 42
10788 44
10788 45
10788 46
10788 47
10788 48
10520 81
10520 85
10520 86
10520 87
10520 88
10520 96
10520 97
10520 98
10520 99
10690 282
10690 283
10690 284
10690 285
10690 286
10690 287
10690 288
10874 138
10874 139
10874 140
10874 141
10874 142
10874 143
10874 144
10687 76
10687 78
10687 79
10687 80
10687 81
10687 83
10687 84
10687 85
10744 275
10744 277
10744 278
10744 279
10744 280
10744 281
10744 282
10545 77
10545 78
10545 79
10625 96
10625 138
10625 139
10625 140
10625 141
10625 142
10625 143
10625 144
10849 37
10849 39
10849 40
10849 41
10849 42
10849 43
10849 44
10483 74
10483 75
10483 76
10483 77
10483 78
10483 79
10483 80
10483 81
10445 290
10445 291
10445 292
10445 293
10445 294
10445 295
10445 296
10445 297
11001 23
11001 24
11001 25
11001 26
11001 27
11001 29
11001 30
11001 31
11001 32
10480 217
10480 218
10480 219
10480 220
10480 221
10480 222
10480 223
10569 5
10569 6
10569 7
10569 8
10569 9
10569 27
8751 35
8751 36
8751 37
8751 38
8751 39
10520 184
10520 185
10520 186
10520 187
10520 188
10520 189
10520 190
10847 104
10847 105
10847 106
10847 107
10693 264
10693 265
10693 274
10693 275
10693 276
10693 278
10693 279
10693 280
10538 163
10538 164
10538 165
10538 166
10538 167
10538 168
10538 169
10960 95
10960 96
10960 97
10960 98
10960 99
10563 160
10563 169
10563 200
10563 208
10563 209
10563 210
10563 245
10563 246
10592 320
10592 321
10592 323
10592 324
10592 325
10592 326
10592 327
10592 328
10976 1
10976 7
10976 8
10976 10
10976 11
10976 12
10976 13
10976 15
10884 33
10884 40
10884 41
10884 42
10884 43
10884 46
10884 47
10884 48
8757 5
8757 6
8757 7
8757 8
8757 9
8757 10
8757 11
8757 12
10737 275
10737 276
10737 278
10737 280
10737 281
10737 282
10737 283
10737 284
10693 186
10693 187
10693 188
10693 189
10693 190
10693 191
10519 8
10519 9
10519 29
10519 30
10519 31
10519 48
10519 49
10519 50
10568 28
10568 29
10568 35
10568 36
10567 30
10567 31
10567 32
10567 33
10567 34
10567 35
10567 36
10567 37
10567 38
10725 214
10725 223
10725 224
10725 233
10725 234
10725 242
10725 243
10725 244
10927 100
10927 101
10927 102
10927 103
10927 104
10927 105
10927 106
10927 107
10591 90
10591 91
10591 92
10591 93
10591 94
10591 95
10591 96
10591 97
10591 98
10591 99
10561 70
10561 71
10561 72
10561 73
10561 74
10561 75
10561 76
10561 77
10660 21
10660 22
10660 23
10660 24
10660 25
10660 26
10660 27
10647 168
10647 169
10647 180
10647 181
10647 182
10647 183
10647 184
10647 185
10647 186
10595 150
10595 151
10595 152
10595 153
10595 154
10595 155
10745 148
10745 149
10745 150
10745 151
10745 152
10745 153
10745 154
10998 10
10998 11
10998 12
10998 13
10998 14
10998 15
10998 16
10998 17
10998 18
10441 180
10441 181
10441 182
10441 183
10441 184
10441 185
10441 186
10665 85
10665 86
10665 87
10665 88
10665 89
10665 90
10665 91
10634 192
10634 193
10634 194
10634 195
10634 196
10634 197
10634 198
10708 54
10708 55
10708 56
10708 57
10708 58
10708 59
10693 8
10693 9
10693 18
10693 19
10693 85
10693 86
10683 86
10683 87
10683 90
10683 91
10683 92
10683 93
10683 94
10744 228
10744 229
10744 230
10744 231
10744 232
10744 233
10744 234
10744 235
10478 27
10478 28
10478 29
10478 31
10478 32
10478 33
10478 34
10478 35
10522 42
10522 43
10522 44
10522 54
10522 56
10795 148
10795 149
10795 150
10795 151
10795 152
10795 153
10795 154
10795 155
10551 237
10551 238
10551 239
10551 240
10551 241
10551 242
10551 243
10609 64
10609 65
10609 66
10609 67
10609 68
10609 69
10609 72
10597 235
10597 343
10597 345
10597 346
10597 347
10597 348
10534 7
10534 8
10534 9
10534 19
10534 27
10534 28
10534 29
10534 36
10519 12
10519 13
10519 14
10519 15
10519 16
10519 17
10519 18
10834 24
10834 26
10834 27
10834 28
10834 29
10834 32
10834 33
10834 34
11005 6
11005 7
11005 8
11005 9
11005 10
10755 26
10755 27
10755 28
10755 29
10755 30
10755 31
10755 32
10755 33
10724 167
10724 168
10724 179
10724 180
10724 181
10724 182
10724 183
10530 1
10530 13
10530 23
10530 34
10530 37
10530 42
10502 258
10502 259
10502 260
10502 261
10502 262
10502 263
10502 264
10502 265
10947 0
10947 1
10947 2
10947 3
10947 4
10947 5
10947 6
10947 7
10940 10
10940 11
10940 12
10940 13
10940 14
10940 15
10940 16
10940 61
10694 28
10694 29
10694 30
10694 31
10694 32
10694 33
10694 34
10694 35
10772 280
10772 281
10772 282
10772 283
10772 284
10772 285
10772 340
10772 341
10563 317
10563 318
10563 319
10563 320
10563 321
10563 322
10563 323
10563 324
10563 325
10750 45
10750 46
10750 47
10750 48
10750 49
10750 50
10551 102
10551 103
10551 104
10551 105
10551 106
10551 107
10569 28
10569 29
10569 37
10569 38
10569 39
10569 48
10491 35
10491 36
10491 60
10491 66
10491 73
10491 79
10491 82
10491 85
8750 202
8750 203
8750 204
8750 205
8750 206
8750 207
8750 208
8750 209
8750 292
8750 293
10693 10
10693 11
10693 12
10693 13
10693 14
10693 15
10693 16
10693 17
10646 138
10646 139
10646 167
10646 168
10646 169
10646 217
10646 218
10705 147
10705 148
10705 149
10705 150
10705 151
10705 152
10705 153
10705 155
10624 20
10624 21
10624 22
10624 23
10624 24
10624 25
10574 91
10574 92
10574 93
10574 94
10574 95
10574 96
10574 97
10504 6
8771 149
10649 21
10795 104
10680 151
10795 48
10969 12
10911 19
10697 132
10711 53
10734 10
10687 102
10685 0
8747 51
8747 52
10623 5
10433 61
10433 62
10517 27
10602 117
10693 245
10693 246
10693 247
10693 248
10913 0
10913 1
10537 23
10839 55
10839 56
10839 57
10971 11
10971 12
10971 13
10657 173
10533 164
10646 241
10646 79
10646 246
10646 247
10573 10
10573 11
10573 12
10573 13
10573 14
10573 15
10573 16
10389 10
10389 11
10987 177
10987 192
10987 193
10987 194
10612 57
10612 58
10612 59
10612 60
10471 104
10784 25
11001 20
11001 21
11001 22
8747 0
8747 2
8747 3
8747 4
8747 6
8747 8
8747 9
8747 10
8762 154
8762 155
8762 176
8762 177
8762 178
8762 272
8762 273
10953 38
10953 39
10953 40
10771 45
10771 90
10771 91
10771 92
10390 15
10390 16
10390 17
10390 66
10390 67
10390 68
10390 69
10390 70
10390 71
10434 146
10434 147
10434 148
10434 155
10434 156
10434 157
10434 160
10816 103
10816 104
10816 106
10816 107
10816 108
10735 160
10735 161
10735 162
10735 191
10752 0
10752 1
10752 2
10752 3
10752 4
10752 5
10752 6
10730 15
10730 16
10730 17
10730 18
10730 19
10730 20
10730 21
10804 223
10804 224
8763 6
8763 7
8763 8
8763 9
8763 10
8763 11
8763 12
8763 13
10439 175
10439 176
10439 177
10439 178
10439 179
10685 64
10685 65
10685 66
10685 67
10685 68
10685 69
10685 70
10685 71
10685 72
10394 24
10394 31
10394 51
10562 20
10562 21
10562 22
10562 23
10562 24
10562 25
10562 26
10562 27
10562 28
10562 29
10773 18
10773 19
10773 33
8749 11
8750 130
10952 15
10952 17
10952 18
10952 74
10952 75
10952 76
10952 77
10952 78
10920 133
10920 134
10920 135
10920 137
10920 138
10920 139
10690 0
10690 1
10690 5
10690 22
10501 70
10501 71
10501 72
10501 81
10501 82
10501 89
10501 90
10501 91
11005 35
10747 128
10747 129
10747 130
10747 131
10747 132
10747 133
10747 134
10747 135
10747 136
10747 137
10624 306
10624 307
10624 308
10624 309
10624 310
10624 311
10624 312
10624 313
10624 314
10437 154
10437 155
10437 156
10437 157
10437 158
10648 199
10648 200
10648 201
10648 211
10648 212
10648 213
10648 222
10850 91
10850 92
10850 93
10850 94
10850 118
10850 125
10850 126
10842 24
10842 25
10842 46
10842 47
10842 48
10842 49
10771 230
10771 232
10635 258
10635 259
10635 260
10635 261
10635 262
10635 263
10635 264
10635 265
10670 0
10670 1
10670 2
10670 3
10670 4
10670 5
10818 10
10972 13
10972 14
10972 15
10972 22
10972 23
10972 24
10972 25
10972 47
10716 284
10716 295
10716 296
10716 297
10716 298
10716 299
10716 300
10716 301
10772 9
10772 103
10772 104
10772 176
10772 177
10772 187
10772 188
10772 189
10849 216
10849 217
10849 218
10849 219
10849 222
10849 223
10606 21
10606 24
10606 25
10606 26
10606 27
10606 28
10606 29
10606 30
10520 204
10520 205
10520 206
10520 209
10520 210
10520 211
10727 14
10727 15
10727 16
10727 17
10727 18
10727 19
10727 20
10390 25
10390 28
10390 29
10390 30
10390 31
10390 36
10390 37
10874 288
10874 289
10874 290
10874 291
10874 292
10874 293
10874 294
10874 295
10631 59
10690 40
10690 82
10690 83
10690 86
10690 87
10382 127
10382 129
10987 72
10987 73
10987 74
10786 6
10786 7
10786 8
10786 9
10786 10
10913 45
10913 46
10635 79
10635 80
10635 81
10635 82
10635 83
10635 84
10635 138
10635 139
10635 140
10813 64
10813 65
10813 66
10813 67
10813 68
10813 69
10813 70
10813 71
10913 149
10913 150
10913 157
10913 218
10913 219
10913 220
10913 221
10913 222
10382 90
10382 91
10382 92
10382 93
10382 94
10382 95
10382 96
10756 33
10756 34
10756 56
10756 57
10756 58
10756 64
10756 65
10745 252
10745 253
10745 304
10745 305
10745 323
10745 324
10745 325
10745 344
10725 155
10725 156
10725 157
10725 158
10725 159
10725 160
10725 161
10725 162
10923 181
10923 182
10923 183
10923 184
10923 185
10923 186
10923 187
10923 188
10921 14
10921 15
10921 16
10921 17
10921 18
10921 19
10974 126
10694 59
10694 60
10694 61
10694 62
10694 63
10950 46
10950 47
10950 48
10950 49
10833 65
10833 66
10833 74
10833 75
10833 76
10833 85
10833 86
10833 96
10579 1
10579 2
10579 3
10579 4
10579 5
10579 6
10675 282
10675 284
10675 285
10675 286
10675 287
10675 288
10890 2
10890 79
10890 124
10890 125
10994 157
10994 158
10994 159
10994 160
10994 161
10994 162
10994 163
10994 164
10994 165
10773 42
10773 43
10672 17
10672 18
10672 19
10672 42
10672 43
10672 44
10892 73
10892 81
10892 82
10892 83
10892 91
10892 92
10892 93
10892 101
10449 42
10449 43
10449 44
10449 45
10449 46
10449 47
10449 48
10646 210
10646 211
10646 212
10646 213
10646 214
10646 215
10646 216
10558 53
10558 54
10558 55
10558 65
10558 75
10558 85
10558 94
10558 95
10558 176
10745 254
10745 255
10745 274
10745 275
10745 293
10745 294
10745 295
10745 303
10484 90
10484 91
10484 92
10484 93
10484 94
10484 95
10484 96
10484 97
10484 98
10926 64
10926 65
10926 72
10926 73
10926 74
10926 75
10926 84
10432 154
10432 167
10432 185
10432 213
10432 216
11048 15
11048 110
11048 111
11048 112
11048 113
10798 27
10798 28
10798 29
10798 30
10798 31
10798 32
10798 33
10634 177
10634 178
10634 179
10634 180
10634 181
10634 182
10634 183
10634 184
10781 133
10781 134
10781 135
10781 136
10781 137
10781 138
10781 139
10781 140
10781 141
10781 142
10744 216
10744 246
10744 247
10540 10
10540 11
10540 12
10540 13
10540 14
10540 15
10540 16
10540 17
10929 70
10929 71
10929 72
10929 73
10929 74
10929 75
10929 76
10929 77
10929 245
10569 276
10569 277
10569 278
10569 279
10569 280
10569 281
10569 282
10569 283
10694 99
10694 109
10694 118
10694 119
10694 127
10694 131
10438 8
10438 9
10438 37
10475 63
10475 68
10475 70
10475 71
10475 80
10475 81
10475 82
10475 83
10921 328
10921 335
10639 25
10639 26
10639 27
10639 28
10639 29
10639 30
10771 73
10771 79
10771 80
10771 81
10771 82
10771 83
10771 84
10771 85
10774 8
10774 9
10774 20
10774 21
10774 22
10774 23
10774 24
10849 106
10849 107
10849 108
10849 109
10849 121
10849 122
10920 30
10920 31
10920 32
10920 33
10920 34
10920 35
10920 36
10920 37
10839 145
10839 146
10839 147
10839 148
10839 149
10839 150
10839 151
10502 346
10810 232
10888 121
10874 42
10874 43
10874 44
10874 45
10874 46
10874 47
10874 48
8770 279
10713 8
10713 9
10675 10
10675 11
10675 14
10675 15
10675 16
10675 17
10988 204
10988 205
10988 206
10988 207
10988 208
10988 209
10988 212
10795 46
10520 349
10646 10
10795 136
10706 26
10706 27
10706 34
10706 35
10706 36
10706 37
10781 77
10781 78
10592 231
10592 232
10592 240
10592 241
10592 242
10592 249
10592 250
10592 251
10634 286
10634 287
10634 288
10634 289
10634 290
10634 291
10634 292
10546 43
10546 44
10546 53
10546 54
10546 63
10546 64
10546 73
10888 227
10888 228
10888 229
10888 230
10888 231
10888 232
10888 233
10888 234
10988 213
10988 214
10988 244
10988 245
10988 246
10988 247
10693 113
10693 128
10693 129
10693 130
10693 131
10693 132
10693 133
10693 134
10693 135
10693 136
10595 65
10595 66
10595 67
10595 68
10595 69
10595 70
10595 71
10595 72
10595 73
10708 49
10708 50
10708 51
10708 53
10708 85
10708 86
10471 88
10471 89
10471 91
10471 92
10674 20
10674 21
10674 22
10674 23
10674 24
10674 25
10674 26
10674 27
10846 222
10846 223
10846 244
10846 245
10846 247
10846 248
10846 249
10846 250
10951 34
10574 8
10574 9
10574 18
10574 19
10574 29
10574 158
10574 159
10436 180
10436 181
10436 182
10436 183
10436 184
10436 203
10436 204
10436 205
10601 96
10666 142
10666 143
10666 144
10666 145
10666 218
10666 219
10913 158
10913 159
10913 160
10913 168
10913 169
10913 170
10913 187
10913 188
10913 189
10610 159
10610 168
10610 170
10610 171
10610 172
10610 173
10610 174
10610 175
10441 84
10441 85
10766 5
10988 137
8750 61
8750 62
8750 188
8750 189
10595 42
10595 43
10595 44
10595 53
10595 54
10595 60
10595 61
10660 89
10660 126
10475 285
10475 286
10475 287
10656 96
10656 97
10656 109
10656 110
10656 111
10656 112
10656 113
10656 114
10608 20
10608 24
10608 25
10608 26
10608 27
10608 28
10873 55
10873 56
10873 57
10873 58
10725 93
10725 94
10725 95
10567 310
10567 311
10567 312
10567 313
10567 314
10567 315
10567 316
10948 10
10948 11
10948 12
10948 13
10948 14
10948 70
10948 71
10948 72
10948 73
10687 105
10522 74
10522 75
10522 76
10522 77
10725 185
10725 186
10725 187
10725 188
10725 189
10725 190
10725 191
10647 214
10647 215
10647 216
10647 217
10830 10
10830 11
10830 12
10830 13
10830 14
10830 15
10830 16
10830 17
10830 18
10846 0
10846 1
10846 2
10846 3
10846 4
10846 5
10846 6
8745 5
8745 6
8745 7
8745 8
8745 9
10955 30
10955 31
10955 32
10955 33
10624 99
10624 100
10624 101
10624 102
10624 103
10624 104
10624 115
10741 253
10865 8
10865 9
10865 16
10865 30
10924 120
10924 129
10924 130
10924 150
10924 152
10924 153
10805 42
10805 43
10805 71
10805 72
10805 73
10886 42
10886 49
10886 52
10886 53
10886 54
10886 55
10569 60
10569 69
10569 70
10569 78
10569 79
10569 80
10569 89
10569 90
10569 97
10928 23
10928 24
10928 26
10928 151
10928 152
10928 153
10611 82
10611 83
10611 84
10611 94
10611 95
8762 12
8762 22
8762 43
8762 44
8762 45
8762 46
8762 47
8762 48
8762 49
8762 50
10530 33
10530 180
10530 182
10530 183
10530 185
10530 187
10530 188
10530 194
11046 5
11046 6
11046 7
11046 8
10448 330
10448 331
10448 332
10448 333
10448 334
10448 335
10448 336
10448 337
10448 339
10800 176
10800 177
10800 178
10800 179
10800 180
10800 181
10913 68
10913 69
10913 77
10913 78
10913 79
10913 80
10913 81
10913 82
10913 83
10913 84
10519 52
10519 53
10519 54
10519 55
10519 56
10519 57
10519 58
10519 59
10437 230
10437 231
10437 232
10437 233
10437 234
10437 235
10437 236
10581 113
10581 114
10581 115
10581 116
10581 117
10581 118
10581 119
10581 120
10599 44
10599 45
10599 46
10599 47
10599 48
10599 49
10599 50
10599 51
10884 243
10884 244
10884 245
10884 246
10884 247
10884 248
10884 249
10884 250
10721 50
10721 52
10721 113
10721 114
10721 115
10721 116
10721 117
10734 11
10734 12
10734 13
10734 14
10734 15
10734 18
10734 19
10690 24
10690 25
10690 26
10690 27
10690 28
10690 29
10690 30
10789 60
10789 61
10789 62
10789 63
10789 64
10789 65
10789 66
10789 67
10789 68
10595 86
10595 87
10595 88
10595 89
10595 90
10595 91
10931 242
10931 243
10931 244
10538 115
10538 201
10538 202
10538 203
10538 204
10538 205
10538 206
10538 207
10799 58
10799 59
10799 60
10799 61
10799 62
10799 63
10778 96
10778 97
10778 98
10778 99
10778 100
10778 101
10778 102
10778 103
10490 192
10490 193
10490 194
10490 195
10490 196
10490 197
10490 198
10490 199
10501 176
10501 177
10501 178
10501 179
10501 180
10501 181
10501 182
10720 52
10720 60
10720 61
10720 62
10720 88
10720 89
10591 20
10591 21
10591 22
10591 23
10591 24
10591 25
10591 26
8764 271
8764 272
8764 273
8764 274
8764 275
8764 276
8764 277
8764 278
8770 239
8770 240
8770 241
8770 242
8770 243
8770 244
8770 245
8770 246
10756 36
10756 37
10756 38
10756 39
10756 40
10756 41
10965 13
10965 14
10965 15
10965 16
10965 17
10965 18
10561 158
10561 167
10561 168
10561 173
10561 174
10892 74
10892 75
10892 76
10892 77
10892 78
10892 79
10892 80
10601 10
10601 11
10601 12
10601 13
10601 14
10601 15
10601 16
10601 17
10743 35
10743 39
10743 40
10743 41
10743 42
10743 43
10743 44
10610 219
10610 220
10610 221
10610 224
10610 225
10610 226
10610 270
10490 34
10490 35
10490 36
10490 37
10490 38
10490 39
10666 198
10666 199
10666 200
10666 201
10666 202
10666 203
10666 204
10666 205
10657 99
10657 100
10657 115
10657 124
10657 126
10657 127
10657 138
10657 139
10625 46
10625 47
10625 48
10625 49
10625 50
10625 51
10625 52
10625 53
10625 54
10578 12
10578 13
10578 14
10578 24
10578 33
10578 34
10578 205
10683 149
10683 150
10683 151
10683 152
10683 153
10683 154
10683 155
10520 64
10520 65
10520 66
10520 67
10520 68
10520 69
10501 53
10501 54
10501 55
10501 56
10501 57
10501 58
10501 69
10683 0
10683 1
10683 2
10683 3
10683 4
10683 5
10534 0
10534 1
10534 2
10534 3
10534 4
10534 5
10534 6
10623 50
10623 51
10623 52
10623 53
10623 54
10623 55
10623 56
10623 57
10599 22
10599 23
10599 24
10599 25
10599 26
10599 27
10599 28
10501 44
10501 291
10501 292
10501 293
10501 294
10501 295
10501 296
10501 297
10591 223
10591 224
10591 225
10591 226
10591 227
10591 228
10591 229
10591 348
10591 349
10591 350
10538 142
10538 143
10538 144
10538 145
10538 146
10538 147
10538 148
10538 149
10675 96
10675 97
10675 98
10675 99
10675 100
10675 101
10688 164
10688 165
10688 168
10688 169
10688 170
10849 266
10849 267
10849 268
10849 269
10849 270
10849 271
10849 272
10849 273
10849 274
10849 275
10810 228
10810 229
10810 230
10810 231
10810 240
10810 241
10593 8
10593 9
10593 10
10593 11
10593 12
10593 13
10593 14
10586 0
10586 1
10586 2
10586 3
10586 4
10586 5
10505 10
10505 11
10505 12
10505 13
10505 14
10505 15
10505 16
10505 17
10505 18
10834 100
10834 101
10834 112
10834 113
10834 114
10834 115
10834 116
10834 117
10834 118
10654 328
10654 329
10654 330
10654 331
10654 332
10654 333
10654 334
10790 51
10790 52
10790 53
10790 54
10790 55
10790 56
10790 57
10790 121
10624 79
10624 80
10624 81
10624 82
10624 83
10624 84
10768 1
10768 3
10768 4
10768 5
10768 6
10768 7
10768 8
10768 9
10768 79
10584 283
10584 284
10584 285
10584 292
10584 293
10584 294
10584 295
10584 296
10584 297
10800 58
10800 59
10800 60
10800 61
10800 62
10800 63
10800 64
10800 65
10483 34
10483 35
10483 36
10483 37
10483 38
10483 39
10483 40
10483 41
10483 42
10616 37
10616 38
10616 39
10616 40
10616 41
10616 42
10616 43
10616 44
10567 0
10567 1
10567 2
10567 3
10567 4
10567 5
10567 6
10567 7
10567 8
10646 91
10646 92
10646 93
10646 94
10646 95
10646 96
10646 97
10646 180
10696 166
10696 167
10696 168
10696 169
10696 170
10696 171
10696 172
10696 173
10574 270
10574 271
10574 272
10574 273
10574 274
10574 275
10574 276
10574 277
10683 75
10683 97
10683 98
10683 99
10683 100
10683 101
10683 102
10683 103
10683 104
10839 152
10839 153
10839 154
10839 155
10839 156
10839 157
10839 158
10834 123
10834 124
10834 125
10834 126
10834 127
10489 59
10489 67
10489 68
10489 69
10489 78
10489 79
10563 50
10563 51
10563 52
10563 53
10563 54
10563 55
10563 56
10969 112
10969 128
10969 129
10969 130
10969 132
10969 133
10969 134
10969 136
10432 217
10545 167
10545 168
10545 169
10545 170
10545 171
10545 172
10545 173
10545 174
10545 175
10609 117
10969 64
10969 65
10969 66
10969 68
10969 69
10969 70
10969 72
10969 73
10969 131
10611 16
10611 17
10611 18
10611 19
10611 20
10611 21
10504 148
10504 149
10696 64
10696 65
10696 66
10737 17
10737 18
10831 93
10568 7
10568 8
10568 9
10504 10
10504 11
10504 12
10504 13
10504 14
10504 15
10504 16
10622 50
10478 110
10478 111
10767 0
10490 282
10609 58
10609 59
10609 60
10609 61
10609 62
10609 63
10609 73
10609 74
10910 78
10910 79
10910 81
10675 155
10675 156
10675 157
10675 158
10675 159
10675 160
10502 350
10502 351
10685 96
10970 8
10441 329
10623 11
10778 148
10778 149
10778 158
10778 159
10778 167
10778 168
10778 169
10778 179
10593 223
10593 229
10593 230
10735 29
10735 35
10660 163
10660 164
10660 165
10660 166
10660 167
10660 168
10660 169
10660 170
10660 171
10781 283
10781 284
10486 9
10877 6
10654 53
10654 54
10654 55
10893 28
10893 29
10893 30
10893 31
10436 250
10436 251
10863 30
10863 31
10863 32
10701 26
10701 27
10701 28
10701 29
10701 30
10933 7
10933 8
10933 9
10911 28
10687 48
10502 19
10502 20
10502 21
10502 22
10502 23
10502 24
10502 25
10989 0
10989 1
10989 2
10700 233
10803 107
10803 108
10727 65
10727 66
10727 67
10727 68
10727 69
10727 70
10727 71
10727 72
10599 3
10599 4
10599 5
10599 6
10599 7
10599 8
10599 9
10610 39
10610 48
10610 49
10610 50
10602 63
10602 68
10602 69
10602 40
10602 42
10849 330
10849 331
10849 332
10849 333
10849 336
10849 337
10849 339
8767 55
8767 59
10819 19
10624 304
10624 305
10624 315
10624 316
8750 126
8750 127
10729 98
10729 99
10668 89
10668 99
10668 114
10668 121
10668 122
10668 123
10668 124
10668 133
10848 138
10848 139
10848 140
10848 141
10848 142
10848 143
10848 144
10791 55
10791 56
10791 57
10791 58
10791 59
10791 60
10791 61
10791 62
10884 191
10884 192
10884 193
10884 194
10884 195
10884 196
10884 197
10551 109
10551 110
10551 111
10551 120
10551 121
10551 129
10551 130
10551 131
10551 139
10818 31
10818 32
10818 33
10818 34
10657 36
10657 37
10657 38
10657 39
10657 40
10657 41
10657 60
10657 61
10950 20
10950 21
10950 22
10950 23
10950 24
10714 89
10714 90
10714 91
10714 92
10714 165
10940 65
10940 66
10940 67
10561 62
10561 63
10561 64
10561 65
10666 80
10666 81
10666 82
10666 83
10666 84
10666 85
10592 168
10592 170
10592 171
10595 175
10595 200
10595 202
10595 205
8769 27
8769 28
8769 29
8769 30
8769 31
8748 64
8748 65
8748 66
8748 68
8748 69
8748 70
8748 71
8748 72
8748 73
10562 89
10562 149
10562 158
10562 159
10562 218
10562 219
10815 28
10815 29
10815 30
10815 31
10815 32
10654 42
10654 43
10654 44
10654 45
10654 46
10654 47
10592 181
10592 182
10592 183
10592 184
10592 185
10592 186
10592 187
10610 157
10610 178
10610 179
10610 180
10610 181
10610 182
10610 183
10610 184
10788 8
10788 9
10788 17
10788 18
10788 19
10788 39
10788 70
10788 71
10693 46
10693 47
10693 48
10693 49
10693 50
10693 51
10693 52
10693 53
10693 54
10830 57
10830 58
10830 59
10830 60
10830 61
10830 62
10830 63
11048 0
11048 1
11048 2
11048 3
11048 4
10481 19
10481 20
10481 21
10481 22
10481 23
10481 24
10481 25
10481 26
10480 6
10480 7
10480 189
10480 190
10480 191
10480 212
10480 213
10668 249
10668 250
10668 251
10668 252
10668 253
10668 254
10668 255
10921 82
10921 83
10921 84
10921 85
10921 138
10921 139
10737 312
10737 313
10737 314
10737 315
10737 334
10737 335
10737 337
10987 139
10987 140
10987 141
10987 142
10987 143
10987 144
10987 145
10530 239
10530 241
10530 242
10530 243
10530 245
10530 247
10530 248
10530 250
10530 252
10530 253
10648 28
10648 29
10648 30
10648 31
10648 32
10648 33
10648 34
10610 101
10610 102
10610 103
10610 104
10610 105
10610 213
10610 214
10610 215
10610 216
10966 280
10966 281
10966 282
10966 283
10966 284
10966 285
10966 286
10966 287
10803 254
10803 255
10803 263
10803 264
10803 265
10803 284
10803 285
10803 318
10445 167
10445 168
10445 169
10445 170
10445 171
10445 249
10445 250
10445 251
10445 252
10445 253
8749 2
8749 10
8749 12
8749 15
8749 29
10803 228
10803 229
10803 230
10803 236
10803 237
10803 325
10803 326
10803 327
8764 237
8764 238
8764 239
8764 240
8764 241
8764 242
8764 243
10492 20
10492 21
10492 22
10492 23
10492 24
10492 25
10492 26
10743 169
10743 172
10743 173
10743 174
10743 270
10743 271
10743 272
10923 151
10923 152
10923 153
10923 154
10923 155
10923 156
10923 157
10923 158
10923 159
10894 7
10894 8
10894 9
10894 86
10894 87
10894 88
10894 89
10700 139
10700 140
10700 141
10700 142
10700 143
10700 144
10700 168
10700 169
10805 24
10805 25
10805 26
10805 27
10805 28
10805 29
10805 30
10502 69
10502 80
10502 81
10502 82
10502 83
10502 84
8764 48
8764 49
8764 50
8764 51
8764 52
8764 53
8764 54
8764 55
8764 56
8764 57
10842 7
10842 8
10842 9
10842 11
10842 12
10842 13
10842 14
10842 15
10551 112
10551 113
10551 114
10551 115
10551 116
10551 117
10551 118
10551 119
10884 216
10884 217
10884 218
10884 219
10884 220
10884 291
10884 292
10884 293
8769 54
8769 55
8769 56
8769 57
8769 58
8769 59
8769 60
8769 61
8769 62
10743 121
10743 122
10743 158
10743 167
10743 246
10743 247
11046 74
11046 75
11046 76
11046 77
11046 78
10561 98
10561 106
10561 107
10561 108
10561 169
10561 170
10561 171
10561 172
10928 160
10928 161
10928 162
10928 163
10928 164
10928 165
10928 166
10928 167
10928 168
10613 74
10613 75
10613 76
10613 77
10613 78
10613 79
10613 80
10613 81
10922 90
10922 91
10922 92
10922 107
10922 108
10922 151
10922 152
10755 284
10755 285
10755 286
10755 313
10755 314
10755 315
10755 316
10448 139
10448 140
10448 141
10448 142
10448 143
10448 144
10448 145
10956 0
10956 1
10956 2
10956 3
10956 4
10956 5
10956 6
10956 7
10719 33
10719 34
10719 35
10719 36
10719 37
10719 38
10719 39
10719 40
10583 20
10583 21
10583 22
10583 23
10583 24
10583 25
10972 16
10972 17
10972 18
10972 19
10972 20
10972 21
10952 36
10952 37
10952 58
10952 79
10952 80
10952 81
10994 94
10994 95
10994 96
10994 97
10994 98
10994 99
10529 117
10529 118
10529 120
10529 121
10529 122
10529 123
10529 124
10529 125
10433 65
10433 66
10433 67
10433 68
10433 69
10433 71
10433 72
10436 128
10436 129
10436 130
10436 131
10436 132
10436 133
10436 134
10436 135
10436 136
10436 137
10794 39
10794 40
10794 41
10794 61
10794 71
10635 142
10635 143
10635 144
10635 145
10635 146
10635 147
10635 148
8764 41
8764 42
8764 43
8764 44
8764 45
8764 47
8764 64
8764 65
8764 66
10492 58
10492 59
10492 60
10492 61
10492 62
10492 63
10492 64
10492 65
10492 66
10675 18
10675 19
10675 27
10675 28
10675 29
10675 39
10675 48
8759 197
8759 198
8759 199
8759 200
8759 201
8759 202
8759 203
8759 204
8759 205
10963 20
10963 21
10963 22
10963 23
10963 24
10690 312
10690 314
10690 315
10690 316
10690 317
10690 318
10690 319
10672 32
10672 33
10672 34
10672 35
10672 36
10672 37
10672 38
10672 39
10439 206
10439 207
10439 208
10439 209
10439 210
10439 211
10439 212
8759 234
10568 11
10568 12
10568 13
10568 14
10568 15
10568 16
10568 17
10521 45
10521 59
10521 78
10521 84
10521 86
10521 131
10521 167
10521 108
10540 75
10385 16
10385 17
10385 18
10923 16
8771 49
10711 119
10831 1
10831 2
10597 1
10922 26
10834 136
10834 137
10441 136
10441 137
10947 105
10947 106
10947 107
10379 160
10379 162
10888 79
8769 124
8769 125
8769 126
10569 295
10833 106
10833 107
10994 122
10994 123
10994 124
10994 125
10994 190
10994 191
10994 192
10747 109
10747 111
10473 345
10473 346
10567 335
10567 336
10623 0
10612 83
10612 88
10960 46
10960 47
10960 70
10923 1
10837 165
11005 5
10390 58
10390 59
10390 60
10390 61
10390 62
10390 63
10597 253
10597 254
10597 255
10597 292
10597 293
10597 294
10744 91
10744 92
10744 93
10744 94
10744 95
10744 96
10744 97
10744 274
10744 283
10702 22
10702 23
10702 24
10702 25
10702 26
10657 25
10657 26
10657 32
10657 33
10657 34
10741 166
10741 167
10741 168
10741 169
10741 170
10741 171
10445 243
10445 314
10445 324
10925 140
10925 141
10925 142
10925 143
10925 144
10925 145
10925 146
10925 147
10925 148
10925 149
10850 100
10850 101
10850 120
10850 121
10850 122
10663 81
10663 82
10663 83
10663 84
10663 85
10663 86
10663 87
10856 31
10856 89
10856 90
10856 96
10856 97
10856 98
10735 88
10735 89
10735 90
10735 91
10735 92
10846 297
10846 298
10846 306
10846 307
10846 308
10680 0
10680 4
10680 5
10680 6
10680 7
10680 8
10781 57
10781 58
10781 59
10781 88
10781 89
10781 90
10963 138
10963 139
10963 140
10963 141
10517 10
10517 11
10517 12
10517 13
10517 14
10517 15
10517 16
10590 10
10590 11
10590 12
10590 13
10590 14
10590 15
10639 24
10432 324
10432 325
10432 326
10432 327
10432 328
10432 329
8764 9
8764 22
8764 23
8764 24
8764 25
8764 26
10837 55
10837 56
10837 57
10837 58
10837 59
10837 60
10837 61
10837 62
10727 47
10727 48
10727 49
10727 50
10727 51
10727 52
10727 53
10727 54
10624 176
10624 177
10624 178
10624 179
10624 180
10624 181
10624 182
10624 183
10473 69
10473 70
10473 86
10473 87
10473 88
10972 29
10972 30
10972 31
10972 32
10972 33
10972 34
10972 35
10972 36
10972 37
10502 173
10502 174
10502 175
10502 176
10502 177
10846 110
10846 111
10846 112
10846 113
10846 119
10846 180
10846 181
10563 110
10563 111
10563 112
10563 113
10563 114
10563 115
10563 116
10928 169
10928 170
10928 171
10928 172
10928 173
10928 174
10928 175
10928 176
10924 91
10924 92
10924 93
10924 94
10924 95
10924 96
10924 97
10501 102
10501 103
10501 107
10501 125
10501 126
10501 127
10913 151
10913 152
10913 153
10913 154
10913 155
10913 156
10436 153
10436 154
10436 155
10436 158
10436 159
10436 164
10436 165
10436 166
10436 167
10508 47
10508 48
10508 49
10508 50
10508 51
10508 52
10508 53
10508 54
10508 55
10704 156
10704 157
10704 158
10704 159
10704 160
10704 161
10529 65
10529 66
10529 68
10529 69
10529 71
10529 74
10529 75
10635 10
10635 11
10635 12
10635 13
10635 14
10635 15
10635 16
10635 17
10649 20
10649 22
10649 23
10649 24
10649 25
10649 26
10649 27
10649 28
10646 70
10646 71
10646 72
10646 73
10646 74
10646 75
10646 76
10707 7
10707 8
10707 9
10707 10
10707 11
10707 12
10707 13
10481 27
10481 28
10481 75
10481 76
10481 97
10481 98
10481 99
10886 211
10886 212
10886 213
10886 214
10886 215
10886 216
10886 217
10886 218
10974 136
10974 137
10974 147
10974 170
10974 171
10846 58
10846 59
10846 60
10846 61
10846 62
10846 63
10846 85
10846 86
8747 53
8747 56
8747 60
8747 62
8747 63
8747 64
8747 65
8747 66
8747 67
8747 68
10530 10
10530 40
10530 44
10530 46
10530 56
10530 274
10530 275
10530 279
10689 20
10689 21
10689 22
10689 23
10689 24
10689 25
10803 231
10803 232
10803 233
10803 234
10803 235
10803 300
10803 301
10803 302
10655 6
10655 7
10655 8
10655 9
10743 25
10743 26
10743 27
10743 28
10743 29
10743 30
10743 31
10888 244
10888 245
10888 246
10888 300
10563 0
10563 1
10563 2
10563 3
10563 4
10563 5
10563 6
10773 94
10773 95
10773 96
10773 158
10773 159
10923 91
10923 92
10923 93
10923 94
10923 95
10923 96
10923 97
10683 237
10683 238
10683 239
10683 240
10683 241
10683 242
10683 243
10654 109
10654 110
10654 111
10654 112
10654 113
10654 114
10654 115
10654 116
10591 326
10591 327
10591 328
10591 329
10591 330
10591 331
10591 332
10591 333
10591 334
10729 42
10729 43
10729 44
10729 45
10729 46
10729 47
10729 48
10729 49
10729 50
10726 8
10726 9
10726 18
10726 19
10726 29
10726 30
10726 31
10726 32
10737 285
10737 286
10750 15
10750 16
10750 17
10750 18
10750 19
10750 20
10750 21
10886 296
10886 297
10886 298
10886 299
10886 300
10886 301
10886 302
10987 171
10987 172
10987 173
10987 174
10987 175
10987 176
10567 60
10567 61
10567 62
10567 63
10567 64
10567 65
10567 66
10567 67
10481 7
10481 8
10481 9
10481 36
10481 37
10481 38
10481 39
10791 65
10791 66
10791 67
10791 68
10791 69
10791 70
10791 71
10791 72
10791 73
10716 179
10716 180
10716 181
10716 182
10716 183
10716 184
10716 185
10716 186
10478 50
10478 51
10478 52
10478 53
10478 54
10478 55
10478 56
10478 64
10965 3
10965 4
10965 5
10965 6
10965 7
10965 8
10965 9
10634 134
10634 135
10634 136
10634 137
10634 138
10634 139
10634 140
10634 141
10634 142
8771 130
10861 138
10861 139
10861 140
10861 141
10861 142
10861 143
10538 141
10538 150
10538 171
10538 177
10538 178
10855 18
10601 62
10601 63
10601 71
10601 74
10601 75
10601 76
10601 77
10601 78
10927 0
10927 1
10927 2
10927 3
10927 4
10927 5
10927 6
10521 140
10521 157
10521 158
10521 193
10521 194
10521 195
10521 196
10688 144
10688 145
10688 146
10688 147
10688 148
10688 149
10688 150
10688 151
10574 340
10574 341
10574 342
10574 343
10574 344
10574 345
10574 346
8764 137
8764 138
8764 139
8764 140
8764 141
8764 142
8764 143
8764 144
8764 145
10685 11
10685 12
10685 13
10685 16
10685 17
10685 46
10685 47
10685 48
10432 153
10666 206
10666 207
10646 245
10931 134
10931 135
10931 136
10931 137
10931 138
10931 139
10931 140
10931 141
10666 70
10666 71
10666 72
10666 73
10666 74
10666 75
10666 76
10929 27
10929 28
10929 29
10929 30
10929 31
10929 224
10929 225
10929 226
10929 227
10929 228
10948 50
10948 51
10948 52
10948 53
10948 54
10948 55
10948 56
10441 236
10441 320
10441 321
10441 322
10441 324
10441 325
10441 326
10441 327
10599 0
10599 1
10599 2
10803 29
10803 30
10803 31
10803 32
10803 33
10803 34
10803 35
10803 36
10803 37
10601 23
10601 24
10601 25
10601 26
10601 27
10601 28
10601 32
10601 33
10845 128
10845 129
10845 130
10845 131
10845 132
10845 133
10845 134
10845 135
10534 265
10534 272
10534 273
10441 0
10441 1
10441 2
10441 3
10441 4
10441 5
10441 6
10480 59
10480 60
10480 61
10480 62
10480 63
10480 64
10480 65
10534 179
10534 180
10534 209
10534 210
10534 219
10534 220
10534 230
10534 243
10534 244
10648 61
10648 62
10648 63
10648 65
10648 66
10648 67
10741 222
10741 223
10741 224
10741 225
10741 226
10741 227
10741 228
10720 6
10720 7
10720 8
10720 9
10720 17
10720 38
10720 39
10720 50
10720 51
10714 139
10538 78
10538 79
10538 80
10441 74
10441 75
10441 103
10441 104
10441 105
10441 106
10441 107
10441 108
10793 0
10793 1
10793 2
10968 10
10968 11
10968 12
10968 13
10968 14
10968 15
10968 16
10968 17
10968 18
10675 235
10675 236
10675 237
10675 238
10675 239
10675 240
10471 32
10471 33
10471 35
10471 36
10533 92
10533 93
10533 94
10533 95
10533 96
10533 97
10533 98
10657 156
10714 14
10714 16
10714 17
10714 18
10714 19
10714 20
10714 21
10714 64
10571 10
10571 11
10571 12
10571 13
10571 14
10571 15
10571 16
10571 17
10756 100
10756 101
10756 102
10756 103
10756 104
10756 105
10756 106
10592 256
10592 257
10592 258
10592 259
10592 260
10592 261
10592 262
10592 263
10592 264
10529 269
10888 123
10727 74
10727 75
10727 76
10727 77
10727 78
10727 79
10727 80
10727 81
8750 234
8750 235
8750 236
8750 266
8750 267
8750 268
8750 269
8750 270
8750 271
10473 336
10786 128
10786 129
10786 130
10786 131
10786 132
10786 133
10786 134
10786 135
10786 136
10816 0
10816 1
10816 2
10816 3
10816 4
10816 5
10816 6
10816 7
10745 244
10745 245
10745 246
10745 247
10745 248
10745 249
10745 250
10745 251
10668 0
10668 1
10888 269
10888 270
10888 271
10888 272
10888 273
10888 274
10448 168
10448 175
10448 176
10442 286
10442 287
10442 288
10442 289
10442 320
10442 321
10448 149
10448 150
10448 151
10448 152
10448 153
10448 154
10448 155
10448 156
10886 105
10886 144
10886 145
10992 12
10992 13
10850 0
10850 1
10850 2
10850 3
10850 4
10850 5
10850 6
10850 7
10654 217
10654 218
10654 219
10654 227
10654 335
10654 336
10654 337
10690 123
10690 124
10690 125
10690 126
10690 127
10690 208
10690 209
10690 210
10530 158
10530 167
10530 191
10530 220
10530 222
10530 257
10530 259
10673 32
10673 33
10673 34
10673 35
10673 36
10673 37
10673 38
10704 114
10704 115
10646 228
10646 229
8759 116
8759 117
8759 118
8759 119
8759 120
8759 121
8759 122
8759 123
10631 17
10631 18
10969 89
10969 90
10969 91
10969 92
10969 93
10969 94
10969 95
10969 96
10432 19
10432 20
10432 28
10432 102
10432 103
10432 104
10743 190
10743 195
10743 196
10973 15
10721 28
10721 29
10721 30
10721 31
10721 32
10721 33
10721 34
10721 35
10386 121
10386 122
10386 123
10386 124
10386 125
10386 126
10386 127
10386 136
10926 46
10926 47
10926 48
10926 49
10926 50
10926 51
10926 52
10625 66
10625 67
10625 68
10625 69
10869 0
10869 1
10869 2
10869 3
10869 4
10869 5
10869 6
10869 7
10602 135
10602 136
10602 137
10602 138
10602 139
10602 140
10602 141
10602 142
10692 64
10692 65
10692 66
10692 67
10692 138
10692 139
8771 145
10602 80
10602 81
10602 82
10602 83
10602 84
10602 85
10602 86
10790 108
10790 109
10743 38
10624 281
10624 282
10624 283
10624 284
10624 285
10624 286
10624 287
10624 288
10744 89
10744 197
10744 208
10744 209
10744 210
10744 211
10744 212
10608 138
10608 139
10608 140
10608 141
10608 142
10608 143
10608 144
10608 145
8771 151
10890 70
10890 71
10890 80
10890 147
10890 148
10890 149
10890 150
10690 173
10690 174
10690 175
10690 176
10690 177
10690 178
10690 179
10690 213
10810 189
10810 190
10810 191
10810 192
10810 193
10810 194
10810 195
10645 31
10645 32
10938 11
10938 22
10688 120
10635 115
10635 116
10635 117
10635 118
10635 119
10635 120
10635 121
10602 101
10602 102
10602 103
10602 104
10602 105
10602 106
10602 107
10602 108
10781 67
10781 68
10781 71
10781 72
10781 73
10781 74
10781 75
10781 76
10646 191
10646 192
10646 193
10646 194
10646 195
10646 196
10646 197
10796 256
10796 257
10796 258
10796 259
10796 260
10796 261
10796 262
10796 263
10675 195
10675 196
10675 197
10675 198
10675 199
10675 200
10675 201
10675 202
10675 203
10439 121
10439 122
10439 123
10439 124
10439 125
10439 126
10439 127
10988 203
10988 227
10988 228
10988 229
10858 30
10858 48
10858 49
10858 50
10858 79
10858 86
10822 52
10822 81
10822 82
10822 83
10822 84
10822 85
10705 19
10705 20
10705 21
10705 22
10705 23
10705 24
10705 25
10705 26
10705 27
10705 28
10796 264
10796 265
10529 166
10529 172
10529 176
10529 235
10529 248
10529 250
10727 55
10727 56
10727 73
10800 129
10800 130
8747 151
8747 152
10597 27
10597 28
10597 29
10597 30
10597 31
10597 38
10597 39
10609 124
10609 125
10609 126
10609 127
10609 129
10609 130
10609 131
10574 40
10574 41
10574 42
10574 43
10574 47
10574 300
10574 301
10822 9
10755 198
10755 199
10755 276
10755 299
10755 301
10485 9
10485 18
10485 19
10485 20
10485 21
10485 22
10485 23
10485 24
10700 27
10700 28
10700 29
10700 30
10700 31
10700 32
10441 64
10441 65
10441 66
10441 67
10441 68
10441 69
10441 70
10645 222
10645 223
10645 224
10645 225
10645 226
10645 227
10645 228
10645 229
10645 230
10645 231
10810 43
10810 44
10810 64
10810 65
10810 66
10810 67
10810 68
10810 69
10772 211
10772 212
10772 251
10772 252
10772 263
10772 264
10772 265
10772 274
8770 168
8770 169
8770 171
8770 172
8770 173
8770 174
8770 175
8770 176
10624 156
10624 157
10624 158
10624 159
10624 160
10624 161
10624 162
10624 163
10624 164
10624 175
10481 50
10481 51
10481 61
10810 143
10810 144
10810 145
10810 235
10810 236
10810 237
10810 238
10705 54
10705 55
10705 56
10705 57
10705 58
10705 59
10890 81
10890 82
10890 103
10890 104
10890 116
10890 130
10890 131
10592 154
10592 155
10592 156
10592 157
10592 158
10592 159
10592 160
10592 161
10839 120
10839 128
10839 129
10839 130
10839 131
10947 19
10947 20
10657 53
10657 54
10657 55
10657 56
10657 57
10657 58
10657 59
10657 69
10657 70
10657 71
10505 40
10505 41
10505 42
10505 43
10505 44
10505 45
10505 46
10505 47
10505 48
10505 49
10849 276
10698 30
10698 31
10698 32
10698 33
10698 34
10698 35
10698 36
10811 46
10811 47
10811 48
10811 49
10811 50
10811 51
10811 52
10796 235
10796 236
10796 237
10796 238
10796 239
10796 240
10796 241
10796 242
10796 243
10712 307
10712 308
10712 309
10712 310
10530 0
10530 5
10530 128
10530 136
10530 140
10530 144
10530 146
10530 175
10502 336
10502 337
10502 338
10502 339
10502 340
10692 62
10692 63
10706 87
10706 88
10711 97
10711 98
10711 99
8759 20
8759 22
8759 23
8759 24
8759 25
8759 26
8759 27
8759 28
8759 29
8759 196
10666 214
10666 215
10666 216
10666 217
10799 81
10799 82
10799 83
10799 84
10799 85
10799 86
10799 122
10848 3
10848 10
10848 11
10848 12
10848 13
10848 14
10501 73
10501 74
10501 75
10501 76
10501 77
10501 78
10501 79
10501 80
10712 161
10712 162
10712 163
10712 164
10712 165
10712 166
10712 167
10712 168
10745 120
10745 187
10745 188
10745 189
10745 198
10745 199
10745 209
10714 47
10569 0
10569 1
10569 2
10569 3
10569 4
10931 225
10931 226
10931 228
10931 229
10931 230
10931 231
10931 232
10931 233
10922 84
10856 33
10856 45
10856 46
10856 47
10856 49
10856 50
10856 51
10856 52
10592 137
10592 138
10592 146
10592 147
10592 148
10592 149
10592 150
10592 151
10810 6
10810 7
10810 8
10810 9
10810 29
10810 48
10810 49
10810 58
10810 59
8770 131
8770 132
8770 133
8770 134
8770 135
8770 136
8770 137
8770 138
8770 139
8770 140
10966 179
10966 180
10966 181
10966 182
10966 183
10966 184
10545 12
10545 13
10545 14
10545 15
10545 16
10545 17
10849 110
10849 112
10849 113
10849 114
10849 115
10849 116
10849 117
10635 53
10635 54
10635 55
10635 64
10635 65
10635 75
10635 76
10635 77
10635 78
10666 77
10666 78
10666 79
10666 170
10929 157
10929 158
10929 159
10929 170
10929 171
10929 172
10929 173
10929 186
10929 188
10929 189
10929 233
10929 234
10929 235
10929 236
10929 237
10849 0
10849 1
10849 2
10849 3
10849 6
10849 7
10849 8
10849 9
10849 36
10858 134
10858 135
10858 136
10858 137
10858 138
10858 139
10858 140
10858 141
10675 165
10675 166
10675 167
10675 168
10675 169
10675 170
10675 171
10795 54
10795 55
10795 56
10795 57
10795 58
10795 59
10795 60
10795 61
10771 250
10771 251
10771 252
10771 253
10771 254
10771 255
10846 25
10846 26
10846 27
10846 28
10846 29
10846 30
10846 31
10846 32
10473 71
10473 72
10473 73
10473 74
10473 75
10473 76
10473 77
10610 81
10610 82
10610 83
10610 86
10610 87
10610 148
10610 149
10610 150
10884 51
10884 56
10884 57
10884 58
10884 59
10884 60
10884 61
10390 0
10390 1
10390 8
10390 9
10390 44
10390 45
10390 46
10390 47
10649 52
10649 53
10649 54
10649 55
10649 56
10649 57
10649 58
10649 59
10578 41
10578 42
10578 43
10578 44
10578 51
10578 52
10578 53
10578 54
10578 63
10790 153
10790 154
10790 155
10790 156
10790 157
10790 160
10790 161
10733 41
10733 42
10733 43
10733 44
10733 45
10733 46
10733 47
10733 48
10545 49
10545 50
10545 51
10545 52
10545 64
10545 65
10545 66
10545 67
10595 177
10595 178
10595 179
10595 180
10595 181
10595 182
10595 183
10595 184
10595 185
10595 186
11047 1
11047 2
11047 3
11047 4
11047 5
11047 6
10704 73
10704 74
10704 75
10704 76
10704 77
10704 78
10704 79
10818 82
10818 83
10818 84
10818 85
10818 86
10818 87
10818 88
10818 89
10925 6
10925 131
10925 132
10925 133
10925 134
10925 135
10925 136
10925 137
10803 290
10803 291
10803 292
10803 293
10803 294
10803 295
10307 171
10307 174
10307 175
10307 176
10307 177
10307 178
10307 179
10307 180
10685 51
10685 52
10685 53
10685 54
10685 56
10685 74
10685 75
10685 76
10690 243
10690 245
10690 246
10690 247
10690 248
10690 249
10580 20
10580 21
10580 22
10580 23
10580 24
10580 25
10580 26
10657 210
10657 211
10657 212
10657 213
10602 41
10602 43
10602 44
10602 45
10602 46
10602 47
10602 48
10602 49
10382 110
10382 111
10382 112
10382 113
10382 114
10382 115
10382 116
10755 97
10755 134
10755 182
10755 183
10755 184
10755 189
10755 190
10755 191
10813 41
10813 42
10813 43
10813 44
10813 45
10813 46
10813 47
10813 48
10931 14
10931 16
10931 17
10931 18
10931 19
10931 20
10931 21
10931 22
10887 0
10887 1
10887 2
10887 3
10887 4
10887 5
10887 6
10887 7
10887 8
10578 230
10578 231
10578 232
10578 233
10578 234
10578 235
10578 236
10578 237
10578 238
10666 130
10666 131
10666 132
10666 133
10666 134
10666 135
10666 136
10666 137
10610 92
10610 95
10610 253
10610 254
10610 255
10873 93
10873 96
10873 104
10873 108
10873 109
10873 110
10873 111
10591 38
10591 39
10591 102
10591 103
10591 104
10591 105
10584 13
10584 17
10584 18
10584 19
10584 20
10584 21
10584 22
10584 23
10584 24
10960 34
10960 35
10960 36
10960 37
10960 38
10960 39
10960 40
10960 45
10918 51
10918 52
10918 53
10918 54
10918 55
10918 56
10918 57
10918 58
10918 59
10634 143
10634 144
10634 145
10634 146
10634 147
10634 148
10634 149
10529 54
10529 55
10529 57
10529 58
10529 59
10529 60
10529 61
10529 62
10993 0
10993 1
10993 2
10993 3
10993 4
10993 5
10993 6
10993 7
10432 0
10432 1
10432 2
10432 3
10432 4
10432 5
10432 6
10432 7
10432 8
10685 104
10685 105
10685 106
10685 107
10685 108
10685 109
10685 110
10685 111
10540 25
10755 78
10755 79
10755 80
10755 81
10755 82
10755 83
10755 84
10938 150
10938 151
10938 152
10938 153
10938 154
10938 155
10938 156
10493 11
10493 61
10493 62
10493 63
10493 64
10493 65
10493 66
10493 68
10493 69
10654 235
10654 236
10654 237
10836 71
10836 72
10836 73
10836 74
10836 75
10836 76
10836 77
10988 0
10988 1
10988 2
10988 3
10988 4
10988 5
10988 6
10570 11
10729 82
10646 240
10491 3
8771 114
10538 96
10602 134
8769 210
8769 212
10504 7
10804 158
10804 159
10804 160
10804 161
10804 162
10804 163
10804 164
10804 165
10660 28
10800 263
10591 100
10591 101
10761 156
10761 157
10761 175
10746 46
10746 47
10746 48
10746 49
10746 50
10746 51
10746 52
10746 53
10746 54
10438 11
10438 12
10438 13
10438 14
10438 15
10438 38
10438 39
10438 40
10947 21
10432 257
10432 264
10821 8
10821 9
10612 108
10540 88
10737 176
8771 51
10700 252
10700 253
10700 305
10870 64
10870 65
10436 10
10436 11
8771 256
8771 257
8771 259
8771 260
8771 261
10773 100
10773 108
10773 109
10773 110
10920 81
10920 82
10778 66
10778 67
10778 68
10475 262
10475 263
10475 264
10842 1
10842 2
10842 5
10921 320
10921 321
10921 322
10798 88
10798 135
10563 220
10563 227
10563 228
10563 229
10563 230
10563 239
10563 240
10563 244
10744 213
10744 214
10744 215
10744 284
10480 135
10480 136
10480 137
10629 25
10629 26
10629 27
10565 9
10565 16
10565 17
10565 18
10565 19
10565 27
10565 28
10565 29
10565 60
10565 61
10972 38
10725 24
10725 25
10725 66
10597 157
10597 158
10597 159
10597 177
10597 178
10597 179
10597 199
10750 35
10750 36
10750 37
10750 38
10750 39
10609 153
10609 154
10609 155
10609 156
10688 239
10688 255
10849 75
10849 76
10849 77
10849 79
10847 181
10847 184
10847 187
10847 188
10847 190
10847 191
10856 20
10856 75
10856 84
10856 85
10856 86
10856 87
8747 92
10849 294
10849 295
10849 296
10849 297
10849 298
10849 299
10849 300
8755 0
8755 2
8755 3
8755 4
8755 5
8755 6
8755 7
8755 8
8755 9
10491 77
10491 78
10491 80
10491 81
10491 84
10491 87
10491 88
10741 265
10741 270
10741 271
10741 272
10818 11
10818 12
10818 13
10818 14
10818 15
10818 16
10818 17
10987 178
10987 179
10987 180
10987 181
10987 182
10987 183
10936 36
10936 37
10936 38
10936 39
10936 40
10936 56
10936 57
10936 58
10697 15
10697 16
10697 17
10697 18
10697 19
10697 20
10697 21
10625 229
10625 230
10625 231
10625 232
10625 233
10625 234
10625 235
10625 236
10921 41
10921 44
10928 185
10928 186
10928 187
10928 188
10928 189
10988 248
10988 249
10988 250
10988 252
10988 258
10988 259
10448 254
10448 269
10448 270
10448 295
10520 194
10520 195
10432 128
10432 129
10432 130
10432 131
10432 132
10432 133
10432 134
10432 135
10646 0
10646 1
10646 2
10646 3
10646 4
10646 38
10646 39
10654 0
10654 1
10654 2
10654 3
10654 4
10654 5
10654 6
10892 19
10892 20
10892 21
10892 22
10892 30
10892 31
10892 32
10593 97
10593 98
10593 99
10593 100
10593 101
10593 102
10593 103
10593 104
10593 105
10484 78
10484 79
10484 86
10484 87
10484 88
10484 89
10484 99
11047 7
10819 8
10819 9
10819 29
10819 48
10819 49
10819 69
10819 77
10819 120
10660 91
10660 92
10660 93
10660 94
10660 95
10660 96
10660 97
10849 282
8750 79
8750 80
8750 81
8750 82
8750 83
8750 84
8750 85
8750 93
8750 94
10645 10
10645 11
10645 12
10645 14
10645 15
10645 16
10645 18
10645 19
10645 23
10890 0
10890 1
10890 3
10890 7
10890 8
10890 9
10890 10
10890 11
10890 12
10894 37
10894 38
10894 39
10894 47
10894 48
10894 49
10894 57
10704 176
10704 177
10704 178
10704 179
10704 180
10704 181
10704 182
10704 183
10529 92
10529 102
10529 103
10529 104
10529 126
10529 127
10529 150
10529 159
10618 6
10618 7
10618 8
10618 9
10618 10
10618 11
8771 296
8771 297
8771 298
8771 299
8771 300
8771 301
8771 302
8771 303
8771 304
10533 8
10533 9
10533 31
10533 224
10533 225
10533 226
10850 232
10850 236
10850 237
10850 238
10850 239
10850 240
10850 241
10850 242
10850 243
10892 94
10892 95
10892 96
10892 97
10892 98
10892 99
10892 100
10683 201
10683 202
10683 203
10683 204
10683 205
10683 206
10683 207
10683 208
10601 124
10601 125
10601 126
10781 30
10781 31
10781 32
10781 33
10781 34
10781 35
10781 36
10660 83
10660 84
10660 85
10660 86
10660 87
10660 98
10828 37
10828 39
10828 78
10828 79
10828 80
10828 81
10828 82
10828 83
10828 84
10538 81
10538 82
10538 83
10538 84
10660 332
10660 333
10660 334
10660 335
10660 336
10660 337
10581 89
10581 90
10581 91
10581 96
10581 97
10581 98
10922 1
10922 3
10922 5
10922 6
10922 8
10922 73
10716 320
10716 321
10716 322
10716 323
10716 324
10716 325
10716 326
10441 339
10441 340
10441 341
10441 342
10441 343
10441 344
10500 32
10500 33
10500 34
10500 35
10500 36
10500 37
10500 38
10500 39
10500 40
10610 222
10610 223
10610 227
10610 228
10610 229
10610 230
10610 231
10610 232
10610 51
10610 52
10610 53
10610 54
10610 55
10610 56
10610 57
10610 58
10721 10
10721 11
10721 14
10721 15
10721 16
10721 17
10721 18
10721 19
10690 322
10690 323
10690 324
10690 325
10690 326
10690 327
10690 328
10690 329
10690 330
10441 187
10441 196
10441 197
10441 338
10441 345
10441 346
10741 212
10741 213
10741 214
10741 215
10741 216
10741 245
10741 246
10551 122
10551 123
10551 124
10551 125
10551 126
10551 127
10551 128
10884 22
10884 24
10884 25
10884 26
10884 27
10884 28
10884 29
10884 30
10471 116
10471 120
10471 123
10666 146
10666 147
10666 148
10666 149
10666 190
10666 191
10666 192
10666 193
10666 194
10530 81
10530 83
10530 85
10530 90
10530 93
10530 94
10530 263
10693 93
10693 114
10693 115
10693 123
10693 157
10693 158
10693 159
10693 160
10693 161
10693 162
10471 128
10471 129
10471 130
10471 131
10471 132
10471 133
10471 134
10471 135
10744 30
10744 31
10744 32
10744 33
10744 35
10744 36
10744 37
10744 38
10824 36
10824 37
10824 38
10824 39
10824 40
10824 41
10824 43
10824 44
10386 92
10386 93
10386 94
10386 96
10386 97
10386 98
10386 99
10386 100
10580 114
10580 115
10580 116
10580 117
10580 118
10580 119
10772 0
10772 1
10772 2
10772 3
10772 4
10772 5
10772 134
10772 135
10772 136
10772 137
10573 0
10573 1
10573 2
10573 3
10573 4
10573 5
10573 6
10573 7
10810 30
10810 31
10810 32
10810 33
10810 41
10810 45
10810 46
10810 47
10591 122
10591 123
10591 124
10591 125
10591 126
10591 127
10591 128
10591 129
10591 130
10970 9
10970 10
10970 11
10970 12
10970 13
10970 14
10970 15
10970 16
10649 156
10649 157
10649 158
10649 159
10649 160
10649 161
10649 162
10649 163
10649 164
10649 165
10569 171
10569 172
10569 173
10569 174
10569 175
10569 176
10569 177
10569 178
10535 12
10535 13
10535 21
10535 22
10535 23
10535 24
10535 25
10535 26
10540 23
10797 20
10797 21
10797 22
10797 23
10797 24
10797 25
10797 26
10797 27
10797 28
10491 64
10491 76
10491 90
10491 91
10491 143
10491 144
10491 157
10725 165
10725 166
10725 167
10725 168
10725 169
10725 170
10601 108
10601 109
10601 110
10601 111
10601 112
10601 113
10439 19
10439 20
10439 21
10439 22
10439 23
10439 24
10439 25
10439 26
10988 84
10988 85
10988 86
10988 87
10925 200
10925 201
10925 202
10925 203
10925 204
10925 205
10925 206
10925 207
10925 208
10750 7
10750 8
10750 9
10680 141
10680 142
10680 143
10680 144
10680 145
10680 146
10680 147
10833 10
10833 11
10833 12
10833 13
10833 14
10833 15
10833 16
10833 17
10819 60
10819 61
10819 62
10819 63
10819 64
10819 65
10819 66
10819 67
10819 68
10475 18
10475 19
10475 35
10475 44
10475 45
10475 46
10475 52
10492 38
10492 39
10492 40
10492 41
10492 42
10492 43
10492 44
10492 45
10969 32
10969 38
10969 39
10969 40
10969 41
10969 42
10442 181
10442 182
10442 183
10442 184
10442 185
10442 186
10442 187
10890 72
10890 73
10890 74
10890 75
10890 76
10890 77
10890 78
10824 70
10824 71
10824 72
10824 73
10824 74
10824 99
10824 100
10824 101
10886 192
10886 193
10886 194
10886 195
10886 196
10886 197
10886 198
10886 199
10529 160
10529 170
10529 224
10529 229
10529 236
10529 237
10529 274
8768 9
10394 12
10394 20
10394 22
10394 33
10394 35
10394 37
10394 40
10394 44
10394 49
10830 135
10830 136
10830 137
10830 138
10830 139
10830 140
10830 141
10622 19
8751 157
8751 158
8751 159
8751 160
10848 19
10848 20
10848 21
10848 22
10848 23
10848 24
10848 25
10848 26
10848 27
10672 22
10672 23
10672 24
10672 25
10672 26
10672 27
10790 140
10790 141
10790 142
10790 143
10959 31
10959 32
10959 33
10959 34
10959 35
10959 36
10959 37
10959 38
10491 118
10491 120
10491 121
10491 122
10491 123
10491 124
10491 125
10609 77
10609 78
10609 79
10609 80
10609 81
10609 82
10609 83
10609 84
10849 71
10849 72
10849 73
10849 74
10436 269
10436 270
10436 271
10436 272
10436 273
10436 274
10436 275
10767 8
10702 27
10702 28
10702 29
8759 109
10921 32
10921 33
10921 34
10921 35
10921 36
10921 37
10921 40
10442 15
10442 16
10442 17
10442 18
10442 19
10442 20
10442 21
10591 205
10591 206
10591 207
10591 220
10591 221
10591 222
10591 336
10591 337
10591 338
10666 157
10666 158
10666 159
10666 160
10666 179
10666 180
10649 88
10649 89
10649 100
10649 102
10649 103
10649 104
10649 105
10649 106
10649 137
10940 58
10940 59
10940 60
10940 82
10940 83
10940 95
10940 96
8770 210
8770 211
8770 212
8770 213
8770 214
8770 215
8770 216
8770 217
8770 218
10725 317
10725 318
10725 319
10725 323
10725 324
10578 210
10578 211
10578 212
10578 213
10578 214
10578 215
10590 70
10590 71
10590 72
10590 73
10590 74
10590 75
10590 76
10480 216
10979 5
10444 46
10444 47
10444 48
10444 49
10444 50
10444 52
10444 54
10629 40
10629 41
10629 43
10629 44
10629 45
10629 51
10629 52
10884 31
10884 32
10884 49
10884 50
10884 62
10884 63
10884 64
10884 73
10884 343
10724 255
10918 79
8759 207
8759 208
8759 209
8759 210
8759 211
8759 212
8759 213
8759 214
8759 215
8759 216
10480 116
10480 117
10480 166
10480 167
10480 185
10480 237
10480 238
10480 239
10975 0
10975 1
10975 3
10975 4
10975 5
10975 6
10975 7
10975 8
10629 59
10629 62
10629 66
10629 67
10629 69
10629 80
10629 81
10629 82
10629 83
10436 41
10436 42
10436 43
10436 44
10436 45
10436 46
10436 47
10436 48
10994 8
10994 9
10994 61
10894 10
10894 11
10894 12
10894 70
10894 71
10894 72
10894 73
10894 75
10925 40
10925 41
10925 42
10925 43
10925 44
10925 45
10925 46
10925 47
10925 48
10925 49
10813 49
10813 83
10547 102
10547 103
10547 104
10547 105
10547 106
10547 108
10547 109
10547 110
10816 34
10816 35
10816 36
10816 37
10816 38
10816 41
10667 0
10667 1
10667 2
10667 3
10667 4
10667 5
10667 6
10667 7
10535 32
10535 33
10535 34
10535 35
10535 36
10535 37
10535 38
10535 39
10535 40
10936 10
10936 11
10936 12
10936 13
10936 14
10936 15
10884 313
10884 314
10884 315
10884 316
10884 317
10884 318
10884 319
10490 43
10490 111
10490 119
8770 10
8770 35
8770 44
8770 46
8770 47
8770 48
8770 49
8770 50
8770 51
8770 52
10965 10
10965 11
10965 12
10965 19
10965 20
10965 21
10965 22
10965 27
10965 28
10694 141
10694 142
10694 220
10694 221
10694 222
10694 223
10694 224
10694 225
11005 26
11005 27
11005 32
11005 33
11005 34
10796 143
10796 144
10796 145
10796 146
10796 147
10796 148
10796 149
10796 150
10687 10
10687 11
10687 12
10687 13
10687 14
10687 15
10929 201
10929 202
10929 203
10929 204
10929 205
10929 206
10929 207
10929 208
10381 0
10381 1
10381 2
10381 3
10381 4
10381 5
10381 6
10574 286
10574 287
10574 288
10574 289
10574 290
10574 291
10574 292
10928 40
10928 41
10928 42
10928 43
10928 44
10928 45
10928 46
10928 47
10767 11
10767 12
10767 13
10767 14
10767 15
10767 16
10472 10
10472 11
10472 12
10472 13
10472 14
10472 15
10693 266
10693 267
10693 268
10693 269
10693 270
10693 271
10693 272
10569 49
10569 50
10537 61
10537 63
10537 94
10537 95
10537 96
10537 97
10537 98
10537 99
10537 100
10385 10
10385 11
10385 12
10385 13
10385 14
10385 15
10931 0
10931 1
10931 2
10931 3
10931 4
10931 5
10931 6
10931 7
10931 8
10931 9
10629 38
10629 39
10629 42
10629 46
10629 47
10629 48
10629 49
10629 50
10629 53
10890 117
10890 118
10890 119
10890 120
10890 121
10890 127
10890 128
10890 129
10688 71
10688 72
10688 73
10688 121
10688 122
10692 96
10692 97
10692 99
10692 100
10692 101
10692 102
10692 103
10692 104
10692 105
10704 286
10704 287
10444 7
10444 8
10444 9
10656 7
10656 8
10656 9
10307 128
10307 129
10307 130
10307 131
10307 132
10307 133
10307 134
10635 66
10635 67
10635 68
10635 69
10635 70
10635 71
10635 72
10635 73
10635 74
10520 174
10520 175
10520 176
10520 177
10520 178
10520 179
10520 180
10520 181
10520 182
10788 92
10805 155
10805 156
10805 157
10805 158
8764 269
8764 270
8764 279
8764 280
10849 277
10822 38
10822 39
10822 61
10822 62
10822 72
10822 73
10799 111
10799 112
10799 113
10799 114
10799 115
10799 116
10799 117
10799 118
10799 119
10668 243
10668 244
10668 245
10668 246
10668 247
10668 248
10668 287
10688 111
10597 2
10795 106
10888 107
10635 8
10635 9
10629 190
10629 191
10748 69
10748 70
10748 71
10748 72
10748 73
10748 74
10748 75
10584 313
10584 314
10432 136
10732 37
10732 39
10735 78
10735 79
10735 80
10735 81
10735 82
10735 83
10735 84
10735 85
10791 33
10768 47
10768 48
10438 151
10438 152
10438 153
10438 154
10438 155
10438 156
10926 97
10926 98
10486 7
10442 325
10444 44
10444 45
10444 67
10444 68
10444 69
10444 70
10745 47
10745 48
10433 8
10433 9
10433 100
10433 101
10534 238
10534 275
10434 28
10434 29
10434 30
10434 31
10434 52
10434 53
10997 7
10997 8
10997 9
10534 211
10534 212
10534 213
10534 214
10534 215
10534 216
10534 217
10534 218
10569 81
10569 83
10569 84
10569 85
10569 86
10569 87
10569 88
10778 89
10778 90
10778 91
10778 92
10778 93
10778 94
10778 95
10441 299
10441 300
10441 301
10441 302
10441 303
10441 304
10441 305
10441 306
10441 307
10441 308
10952 227
10952 228
10952 229
10952 230
10952 252
10521 42
10521 43
10521 44
10521 46
10521 47
10521 48
10521 49
10521 50
10672 99
10672 100
10672 101
10672 102
10672 103
10501 21
10501 22
10501 23
10501 25
10501 26
10501 27
10501 28
10501 29
10475 265
10475 266
10475 267
10475 268
10475 269
10475 270
10475 271
10475 272
10672 57
10672 58
10747 154
10747 155
10747 157
10747 160
10747 161
10747 162
10747 163
10747 164
10847 230
10847 231
10847 232
10847 233
10475 95
10475 295
10475 296
10688 154
10688 155
10688 156
10688 157
10688 158
10688 159
10804 45
10804 46
10804 47
10804 48
10804 49
10804 50
10804 51
10804 53
10570 7
10570 8
10570 9
10570 23
8750 171
8750 174
8750 175
8750 176
8750 177
8750 178
8750 179
8750 181
10998 58
10998 59
10998 60
10998 61
10998 62
10998 63
10998 64
10737 287
10737 288
10737 289
10737 320
10737 321
10737 322
10737 323
10737 325
10553 20
10553 21
10553 22
10553 23
10553 24
10553 25
10553 26
10553 27
10705 78
10705 79
10705 80
10705 81
10705 82
10705 83
10705 84
10705 85
10493 104
10493 105
10493 106
10493 107
10493 108
10493 109
10705 154
10705 156
10705 186
10705 187
10705 188
10705 189
8759 135
8759 136
8759 137
8759 138
8759 139
8759 140
8759 141
8759 142
8759 143
8759 144
10668 219
10668 220
10668 221
10668 222
10668 223
10668 224
10668 225
10668 226
10540 47
10585 10
10585 11
10585 12
10585 13
10585 14
10585 15
10923 276
10923 277
10923 278
10923 279
10923 280
10923 281
10923 282
10923 283
10923 284
10923 285
10848 0
10848 1
10848 2
10848 4
10848 5
10848 6
10848 7
10848 8
10482 70
10482 71
10482 72
10482 73
10482 74
10482 75
10482 76
10386 60
10386 61
10386 62
10386 63
10386 64
10386 65
10386 66
10888 30
10888 31
10888 32
10888 33
10888 34
10888 35
10888 36
10888 37
10711 67
10711 68
10711 69
10711 70
10711 71
10711 72
10685 55
10685 57
10685 120
10685 121
10685 122
10685 123
10737 62
10737 63
10737 74
10737 75
10737 76
10870 13
10870 15
10711 129
10725 81
10725 82
10725 83
10725 84
10725 85
10725 86
10725 123
10969 113
10969 115
10969 116
10969 117
10969 118
10969 119
10786 127
10804 225
10804 226
10804 227
10804 228
10804 229
10804 230
10804 231
10804 266
10863 0
10863 1
10863 2
10863 3
10863 4
10863 5
10863 6
10874 275
10874 286
10874 287
10630 51
10630 52
10630 53
10630 54
10630 55
10630 56
10630 57
10849 265
10778 40
10721 131
10385 8
10385 9
10925 180
10925 181
10925 182
10925 183
10925 184
10925 185
10925 186
10925 187
10437 1
10437 2
10437 3
10437 4
10437 5
10437 6
10437 7
10437 8
10437 9
10490 19
10490 87
10490 166
10490 167
10490 169
10696 0
10696 1
10696 2
10696 23
10696 24
10696 25
10696 26
10762 44
10762 45
10762 46
10762 47
10762 48
10762 49
10762 50
10762 51
10762 52
10484 48
10484 49
10484 58
10484 59
10484 69
10484 77
10796 209
10796 210
10796 211
10796 212
10796 213
10796 214
10796 295
10771 233
10771 235
10771 236
10771 237
10771 238
10771 239
10771 240
10771 241
10771 242
10692 45
10692 56
10692 57
10692 58
10692 59
10692 60
10692 61
10747 229
10747 230
10747 231
10747 232
10747 233
10747 234
10747 235
10747 236
10822 20
10822 21
10822 22
10822 23
10822 24
10822 25
10822 26
10822 27
10683 156
10683 157
10683 158
10683 167
10683 168
10683 186
10683 187
10683 188
10782 24
10782 25
10782 26
10782 27
10782 28
10782 29
10782 30
10811 26
10811 27
10811 28
10811 29
10811 30
10811 31
10869 30
10869 31
10869 32
10869 33
10869 34
10869 35
10869 36
8769 84
8769 85
8769 86
8769 87
8769 88
8769 89
8769 90
8769 91
8769 92
8769 93
10668 53
10668 54
10668 55
10668 56
10668 57
10668 58
10668 59
10668 60
10668 61
10772 66
10772 68
10772 69
10772 70
10772 71
10772 72
10772 73
10772 74
10668 307
10668 308
10668 309
10668 310
10668 311
10668 313
10668 314
10668 315
10762 41
10762 42
10762 43
10580 80
10580 81
10580 82
10580 83
10580 84
10580 85
10580 86
10580 87
10708 69
10708 70
10708 71
10708 72
10708 73
10708 74
10708 75
10708 76
10708 77
10987 109
10987 110
10987 111
10987 112
10987 113
10987 114
10987 115
10886 128
10886 129
10886 131
10886 132
10886 133
10886 134
10886 135
10886 138
10886 139
10705 176
10705 177
10705 178
10705 179
10705 180
10705 181
10705 182
10705 183
10705 184
10657 144
10657 145
10657 146
10657 147
10657 151
10657 152
10657 153
10657 154
10657 155
10517 50
10517 51
10517 52
10517 53
10517 54
10517 55
10517 56
10517 57
10861 108
10861 109
10861 120
10861 121
10861 122
10861 123
10861 124
10861 125
10683 138
10683 139
10683 140
10683 141
10683 142
10683 144
10683 145
10683 146
10520 74
10520 75
10520 76
10520 77
10520 78
10520 79
10520 80
10772 30
10772 31
10772 32
10772 33
10772 34
10772 35
10772 36
10772 37
10307 164
10307 165
10307 166
10307 167
10307 168
10307 169
10307 170
10471 127
10471 136
10471 137
10471 157
10471 166
10471 167
10795 26
10795 27
10795 28
10795 29
10795 30
10795 31
10795 32
10687 44
10687 45
10687 46
10687 47
10687 49
10687 50
10687 51
10687 52
10687 53
10592 254
10592 294
10592 295
10592 296
10592 297
10592 298
10756 148
10756 149
10756 150
10756 151
10756 152
10756 153
10574 322
10797 40
10797 41
10990 47
10647 30
10647 31
10647 32
10647 33
10647 34
10647 35
10647 36
10646 47
10646 48
10646 49
10744 69
10744 70
10744 71
10744 72
10744 73
10744 74
10538 50
10538 55
10538 56
10538 57
10538 58
10538 59
10538 60
10597 150
10597 151
10597 152
10597 153
10597 154
10597 155
10597 156
10578 241
10578 249
10578 250
10578 252
10578 253
10578 254
10578 255
10743 88
10743 89
10743 90
10743 91
10743 92
10743 93
10743 94
10743 95
10743 96
10622 65
10622 66
10622 67
10622 68
10622 69
10622 70
10622 71
10721 76
10721 77
10721 78
10721 79
10721 100
10721 101
10721 102
10721 103
10810 209
10810 210
10735 3
10534 37
10534 38
10534 69
10534 77
10534 129
10534 130
10534 160
10534 169
10968 19
10601 64
10601 65
10601 66
10601 67
10601 68
10601 69
10601 70
10735 53
10735 54
10735 55
10735 64
10735 65
10735 104
10735 105
10697 121
10697 122
10697 123
10697 124
10697 125
10697 128
10697 129
10697 130
10697 131
10478 128
10478 129
10478 130
10478 131
10478 132
10478 133
10478 134
10745 168
10745 170
10745 173
10745 177
10442 41
10442 42
10442 43
10442 44
10442 45
10442 46
10442 47
10660 62
10660 63
10660 64
10660 65
10660 66
10660 158
10660 159
10660 160
10660 161
10595 55
10595 56
10595 57
10595 58
10595 59
10960 55
10960 57
10847 167
10847 168
10847 169
10847 170
10847 171
10847 172
10847 192
8770 64
8770 65
8770 66
8770 67
8770 68
8770 69
8770 70
8770 71
8770 72
8770 73
10833 98
10833 99
10833 100
10833 101
10833 102
10833 103
10833 104
10833 105
10946 29
10946 38
10946 39
10946 48
10946 59
10946 69
10602 15
10602 16
10602 17
10602 18
10602 19
10602 20
8771 76
8771 77
8771 78
8771 79
8771 80
8771 81
8771 82
8771 83
8771 84
8771 85
10716 341
10716 342
10716 343
10716 344
10716 345
10716 346
10672 89
10672 90
10672 91
10672 92
10672 93
10672 94
10672 95
10483 50
10483 51
10483 52
10483 53
10483 94
10719 23
10719 24
10719 25
10719 26
10719 27
10719 28
10719 29
10931 82
10931 83
10931 84
10931 92
10931 93
10931 94
8751 86
8751 87
8751 88
8751 89
8751 110
8751 111
8751 112
8751 113
10857 45
10857 48
10857 49
10857 50
10857 51
10857 52
10857 53
8769 64
8769 65
8769 66
8769 67
8769 68
8769 69
8769 70
8769 71
8769 72
8769 73
10436 321
10436 322
10436 323
10436 324
10436 325
10436 326
10436 327
10436 328
10599 96
10599 97
10599 98
10599 99
10599 100
10599 101
10599 102
10599 103
10599 104
10845 17
10845 18
10845 19
10845 22
10845 23
10845 24
10845 148
10845 149
10657 192
10657 193
10657 194
10657 195
10657 196
10657 197
10657 198
10657 199
10994 193
10994 194
10994 195
10994 196
10994 197
10994 198
10994 199
10994 200
10994 201
10994 202
10913 197
10913 198
10913 199
10913 200
10913 201
10913 202
10913 203
10921 48
10921 49
10921 50
10921 51
10921 52
10921 53
10921 54
10931 192
10931 193
10931 194
10931 195
10931 196
10931 197
10438 64
10438 65
10438 66
10438 67
10438 78
10438 79
10438 80
10529 128
10529 136
10529 141
10529 143
10529 144
10529 145
10529 147
10529 148
10529 149
10834 306
10834 307
10834 308
10834 309
10834 310
10834 311
10834 312
10834 313
10927 30
10927 31
10927 32
10927 33
10927 34
10927 35
10927 36
10716 274
10716 275
10716 276
10716 277
10716 278
10716 279
10716 280
10716 281
10716 282
10874 11
10874 12
10708 11
10755 127
10755 200
10755 209
10755 210
10755 219
10755 220
8771 244
8771 245
8771 246
8771 247
8771 248
8771 253
8759 11
8759 12
8759 13
8759 14
8759 15
8759 16
8759 17
8759 18
8759 19
10756 184
10756 185
10741 241
10585 9
10735 4
11046 124
11046 125
10433 63
10766 89
10766 90
10766 91
10766 92
10766 93
10766 94
10766 95
10766 96
10444 55
10444 71
10861 25
10856 44
10687 82
8750 16
10888 335
10888 339
10888 340
10838 61
10838 62
10838 63
10838 64
10838 65
10838 66
8746 82
10846 255
10772 112
10772 119
10772 190
10772 191
10379 163
10379 164
10379 165
10379 166
10379 167
10923 14
10952 318
10952 319
10847 62
10847 122
10847 123
10847 124
10847 125
10847 127
8771 120
10923 13
10735 189
10735 190
8751 75
8751 95
8751 96
8751 97
8751 107
8751 108
8751 109
10533 205
10533 206
10533 207
10533 208
10533 209
10533 210
10533 211
10911 31
10888 290
10888 293
10888 294
10888 295
10888 296
10888 297
10772 151
10772 152
10584 236
10584 237
10584 243
10584 244
8748 43
8748 44
10748 23
10748 24
10748 25
10748 26
10748 27
10744 101
10744 102
10744 103
10744 133
10744 172
10599 153
10599 154
10599 155
10599 156
10599 157
10602 0
10602 1
10602 2
10602 3
10602 4
10602 5
10888 180
10888 181
10888 182
10888 183
10888 184
10888 185
10816 27
10816 28
10816 29
10816 33
10816 54
10729 51
10533 21
8754 9
8754 30
8754 31
8754 32
10504 99
10504 136
10504 138
10504 266
10504 267
10504 268
10504 269
10771 288
10771 289
10771 290
10771 291
10771 292
10771 293
10660 233
10660 234
10660 235
10660 236
10660 238
10660 239
10660 240
10660 241
10655 17
10655 18
10655 19
10655 20
10655 21
10655 22
10655 23
10655 24
10960 7
10960 8
10960 9
10960 29
10960 30
10534 221
10534 222
10534 223
10534 224
10534 225
10534 226
10534 227
10534 228
10534 229
10856 71
10493 31
10493 32
10493 34
10493 35
10493 36
10493 37
10493 38
10493 39
10520 246
10520 247
10520 248
10520 249
10520 250
10520 251
10520 252
10520 253
10520 256
10796 251
10796 320
10796 321
10796 322
10796 323
10796 324
10796 325
10796 326
10857 72
10857 73
10857 135
10857 136
10857 137
8771 231
8771 232
8771 233
8771 234
8771 236
8771 237
8771 238
8771 239
10732 73
10732 74
10732 75
10886 24
10886 25
10886 26
10886 36
10886 37
10994 25
10994 56
10994 57
10439 66
10439 67
10439 68
10439 69
10439 70
10439 71
10725 235
10725 236
10725 237
10725 238
10725 239
10725 240
10725 241
10644 37
10471 148
10471 149
10471 150
10471 151
10471 154
10471 155
10471 156
10724 328
10724 329
10724 330
10724 331
10724 332
10724 333
10724 334
10724 335
10724 336
10563 191
10563 192
10563 193
10563 194
10563 195
10563 196
10563 197
10563 198
10563 199
10593 109
10593 110
10593 111
10593 112
10886 50
10886 51
10886 56
10886 57
10886 58
10886 59
10886 60
10432 184
10432 186
10432 187
10432 188
10432 189
10584 276
10584 277
10584 278
10584 279
10584 280
10584 281
10584 282
10725 46
10725 47
10725 106
10725 108
10725 109
10725 110
10725 111
10725 113
10976 0
10976 2
10976 3
10976 5
10976 6
10976 9
10925 249
10925 269
10925 270
8762 214
8762 215
8762 256
8762 257
8762 258
8762 259
8762 260
8762 261
8754 50
8754 51
8754 52
8754 53
8754 54
8754 55
8754 56
8754 57
8754 58
8754 59
10913 62
10913 63
10913 75
10913 76
10478 192
10478 193
10478 194
10478 195
10478 196
10478 197
10478 198
10434 79
10434 98
10434 99
10434 100
10434 101
10434 152
10434 153
10874 219
10874 224
10874 225
10874 226
10874 227
10874 228
10874 284
10874 285
8770 11
8770 12
8770 13
8770 14
8770 15
8770 16
8770 17
8770 18
8770 19
8770 20
10920 50
10920 51
10920 52
10920 53
10920 54
10920 55
10920 56
8771 216
8771 218
8771 219
8771 220
8771 221
8771 223
8771 224
8771 225
8771 227
10592 109
10592 110
10592 111
10592 112
10592 113
10592 114
10592 115
10592 116
10772 16
10772 17
10772 18
10772 90
10772 91
10772 92
10772 124
10772 125
10772 126
10508 13
10508 57
10508 58
10508 59
10508 60
10508 61
10442 51
10442 52
10442 53
10442 54
10442 59
10442 60
10482 116
10482 117
10482 118
10482 119
10666 90
10666 91
10666 92
10666 93
10666 94
10666 95
10666 96
10666 97
10681 8
10681 9
10681 29
10681 30
10681 44
10681 45
10791 5
10791 6
10791 7
10791 8
10791 9
10791 10
10791 11
10756 166
10756 167
10756 187
10756 195
10756 196
10756 197
10756 199
10445 301
10445 302
10445 303
10445 304
10584 125
10584 126
10584 127
10584 128
10584 129
10545 53
10545 54
10545 55
10545 56
10545 68
10545 69
10592 265
10592 266
10592 267
10592 268
10592 269
10592 270
10592 271
10558 156
10558 157
10558 158
10558 159
10558 160
10558 161
10558 162
10790 139
10790 144
10790 145
10449 19
10449 20
10449 21
10449 24
10449 25
10449 26
10449 27
10839 108
10839 109
10508 76
10508 77
10508 78
10508 81
10508 82
10665 43
10665 44
10665 45
10665 46
10665 47
10665 48
10665 49
10665 50
10687 57
10687 58
10687 59
10687 60
10687 61
10687 62
10773 0
10773 1
10773 2
10773 3
10773 4
10773 5
10773 6
10773 7
10538 154
10538 155
10538 156
10538 157
10538 158
10538 159
10538 160
10970 23
10970 24
10970 25
10597 146
10597 147
10597 148
10597 149
10597 162
10665 95
10665 96
10665 97
10665 98
10665 99
10665 100
10665 101
10665 102
10737 64
10737 79
10737 80
10737 81
10737 82
10737 83
10737 84
10737 85
10737 86
10955 48
10955 54
10955 55
10955 56
10955 57
10955 58
10955 59
8770 95
10530 38
10530 39
10530 41
10530 43
10530 45
10530 48
10530 49
10530 50
10987 45
10987 46
10987 47
10987 48
10987 49
10987 50
10987 51
10987 52
10809 22
10809 23
10809 25
10809 26
10809 27
10809 32
10635 185
10635 186
10635 187
10635 188
10635 189
10635 190
10635 191
10635 192
10634 100
10634 101
10634 102
10634 103
10634 104
10634 105
10634 106
10634 107
10634 108
10634 109
10755 98
10755 128
10755 129
10755 130
10755 131
10755 132
10755 133
10803 256
10803 257
10803 258
10803 259
10803 260
10803 261
10803 262
10478 11
10478 22
10478 24
10478 87
10517 94
10517 95
10517 96
10517 97
10517 98
10517 110
10517 111
10517 112
10517 170
10432 32
10432 33
10432 34
10432 35
10432 36
10432 37
10432 38
10432 39
10668 105
10668 106
10668 107
10668 108
10668 109
10668 110
10668 111
10668 112
10668 113
10743 228
10743 229
10743 230
10743 231
10743 232
10743 233
10743 234
10592 272
10592 273
10592 274
10592 283
10592 284
10592 285
10663 28
10663 30
10663 31
10663 32
10663 34
10663 35
10663 36
10663 37
10830 195
10830 196
10830 197
10830 198
10830 199
10830 200
10830 201
10830 202
10592 288
10592 289
10592 290
10592 291
10592 292
10592 293
10790 18
10790 19
10790 39
10666 161
10666 162
10666 163
10666 164
10666 165
10666 166
10666 167
10666 168
10811 78
10790 10
10790 11
10790 12
10790 13
10790 14
10790 15
10790 16
10790 17
10700 263
10929 80
10929 81
10929 82
10929 83
10929 84
10929 85
10929 311
10929 312
10768 50
10768 51
10768 52
10768 53
10768 54
10768 55
10768 56
10768 57
10768 58
10481 77
10481 78
10481 79
10481 80
10481 81
10481 82
10481 83
10481 84
10618 32
10828 10
10828 11
10828 12
10828 13
10828 14
10828 15
10828 16
10884 251
10884 252
10884 253
10884 254
10884 255
10884 296
10884 297
10821 45
10821 46
10821 47
10821 48
10821 49
10821 50
10821 51
10821 52
10864 0
10864 1
10864 2
10864 3
10864 4
10864 5
10725 59
10725 60
10725 61
10725 62
10725 63
10725 64
10700 157
10700 158
10700 159
10700 187
10700 188
10700 206
10700 294
10700 295
10922 39
10922 40
10922 41
10922 42
10922 43
10922 44
10922 51
10922 52
10966 98
10966 99
10833 92
10765 90
10988 184
10988 185
10988 255
10988 257
10803 125
10796 296
10796 297
10796 298
10796 299
10796 300
10796 301
10796 302
10796 303
10439 104
10439 105
10439 156
10439 157
10822 28
10822 29
10958 0
10958 1
10958 2
10958 3
10958 4
10958 5
10958 6
10960 0
10960 1
10960 2
10960 3
10960 4
10960 5
10960 6
10432 42
10432 43
10432 44
10432 45
10743 114
10743 115
10743 116
10743 117
10743 118
10743 119
10743 120
10797 10
10797 11
10797 12
10797 13
10797 14
10797 15
10797 16
10797 17
10778 121
10778 122
10778 123
10778 124
10778 125
10778 126
10778 127
10635 165
10635 166
10635 167
10635 168
10635 169
10635 170
10635 171
10635 172
10635 173
10988 32
10988 33
10988 34
10988 35
10988 40
10988 41
10988 42
10791 34
10471 106
10471 117
10471 121
10471 122
10657 174
10657 175
10657 176
10657 177
10657 178
10657 180
10657 181
10657 182
10657 183
10690 250
10690 251
10690 252
10862 9
10800 0
10800 1
10800 2
10800 3
10800 4
10800 5
10800 6
10800 7
10668 64
10668 65
10668 66
10668 67
10668 68
10668 69
10668 70
10668 71
10803 337
10803 338
10803 339
10816 48
10911 30
10794 42
10794 43
10794 44
10794 45
10794 46
10794 47
10479 10
10479 11
10479 12
10479 13
10479 14
10479 15
10608 146
10608 147
10561 7
10561 80
10561 81
10561 82
10561 83
10561 84
11046 31
11046 32
11046 33
11046 39
11046 40
8762 292
8762 293
8762 294
8762 295
8762 296
8762 330
8762 331
8762 332
8762 333
10644 12
10644 13
10644 14
10644 15
10644 26
10644 27
10938 132
10938 134
10938 160
10938 161
10938 162
10938 163
10938 166
10938 167
10725 175
10725 176
10725 177
10725 178
10725 179
10725 180
10725 181
8771 170
8771 249
8771 250
8771 251
8771 252
8771 254
8771 255
8771 295
10861 61
10791 25
10791 26
10791 27
10791 28
10791 29
10791 30
10791 31
10762 93
10762 94
10762 95
10762 96
10762 128
10762 129
10762 130
10538 116
10538 120
10538 208
10538 209
10765 83
10765 84
10765 85
10765 87
10765 88
10765 96
10765 97
8762 151
8762 152
10834 199
10834 202
10834 204
10974 8
10974 9
10974 10
10974 11
10948 30
10948 31
10948 32
10948 33
10948 34
10948 35
10948 36
10948 37
10948 38
10948 39
8770 21
8770 22
8770 23
8770 24
10834 269
10383 48
10873 75
10873 76
10873 77
10873 78
10873 79
10873 80
10940 33
10940 34
10940 35
10940 36
10940 37
10940 38
10940 64
8750 86
10433 0
10433 1
10433 2
10433 3
10433 4
10433 5
10433 6
10433 7
10837 67
10837 68
10837 69
10837 70
10837 71
10855 11
10855 28
10855 29
10584 267
10584 268
10704 83
10704 84
10704 85
10704 86
10704 87
10704 120
10704 121
10704 122
10629 70
10629 71
10629 72
10629 73
10629 74
10629 75
10629 76
10647 143
10647 148
10647 149
10501 116
10501 134
10501 135
10501 136
10501 154
10501 155
10501 156
10520 102
10520 103
10520 104
10520 158
10520 159
10520 160
10520 161
10520 162
10504 139
10441 275
10441 276
10441 277
10441 278
10441 280
10675 255
10675 256
10675 257
10675 258
10675 259
10675 260
10675 261
10714 49
10714 50
10714 51
10714 52
10714 53
10714 65
10714 66
10561 127
10561 128
10561 137
10561 138
10561 148
10561 156
10561 157
10591 0
10591 1
10591 2
10591 3
10591 4
10591 5
10490 13
10490 14
10490 16
10490 17
10490 21
10490 81
10490 82
10490 83
10490 86
10534 256
10534 257
10534 258
10534 259
10534 260
10534 261
10534 262
10700 172
10700 173
10700 174
10700 175
10700 176
10386 50
10386 51
10386 52
10386 53
10386 54
10386 55
10386 56
10386 57
10386 58
10386 59
10680 148
10680 149
10680 150
10714 131
10714 132
10714 133
10714 134
10714 135
10714 136
10714 137
10714 140
10471 58
10471 59
10471 60
10471 61
10471 62
10471 63
10966 163
10966 164
10955 13
10955 14
10667 10
10667 11
10667 12
10667 13
10667 14
10667 15
10667 16
10724 71
10724 72
10724 73
10724 74
10724 75
10724 76
10724 77
10711 90
10711 91
10711 92
10711 93
10711 94
10711 95
10711 96
11005 52
11005 53
10938 64
10938 65
10938 66
10938 67
10938 68
10938 69
10938 70
10938 71
10848 48
10848 49
10848 72
10848 73
10848 74
10848 81
10848 82
10848 83
10848 84
10591 297
10591 305
10591 306
10591 307
10591 310
10591 311
10580 17
10580 18
10580 19
10580 120
10580 121
10580 122
10580 123
10580 124
10700 254
10700 255
10625 266
10625 267
10625 275
10625 276
10625 277
10625 285
10625 286
10625 298
10625 299
10987 245
10987 246
10987 247
10987 248
10755 317
10755 318
10755 319
10610 261
10610 262
10610 263
10610 264
10610 265
10610 266
10610 267
10610 268
10610 269
10987 24
10953 0
10502 347
10680 214
10680 215
10839 132
10839 134
10839 135
8771 192
8771 193
8771 194
8771 195
8771 196
8771 197
8771 198
8771 199
10765 98
10765 99
10581 81
10581 82
10581 83
10581 84
10581 85
10581 86
10581 87
10581 88
10611 55
10611 56
10611 57
10611 58
10611 59
10611 60
10611 61
10611 62
10840 55
10840 56
10840 57
10840 58
10840 83
10840 84
10685 114
10685 115
10685 116
10685 117
10685 118
10685 119
10987 25
10987 26
10987 27
10987 28
10987 29
10987 30
10987 31
10987 32
10987 33
10987 34
10831 63
10831 64
10831 65
10831 66
10831 67
10831 68
10831 69
10831 70
10874 186
10874 187
10874 188
10874 189
10795 128
10795 129
10795 130
10795 131
10795 132
10795 133
10795 134
10795 135
10598 10
10598 11
10598 12
10598 13
10382 109
10613 124
10940 57
10940 84
10940 85
10940 86
10940 87
10940 88
10940 89
10772 192
10772 193
10772 194
10772 195
10772 196
10772 197
10772 198
10772 199
10848 120
10848 121
10848 122
10848 123
10848 124
10848 125
10848 126
10821 210
10821 211
10821 212
10821 213
10821 214
10821 215
10821 216
10821 217
10821 218
10821 219
10382 54
10382 55
10382 56
10382 57
10382 58
10382 120
10382 123
10382 124
10382 125
10616 0
10616 1
10616 2
11000 0
11000 1
11000 2
11000 3
11000 4
11000 5
11000 6
11000 7
10869 28
10869 29
10445 334
10622 64
10622 72
10622 73
10622 74
10622 83
10622 84
10622 85
10622 86
10622 87
10660 0
10668 231
10668 232
10668 233
10668 234
10668 256
10668 257
10668 284
10668 285
10668 286
10611 40
10611 41
10611 42
10611 43
10611 44
10611 45
10611 46
10611 47
10611 48
10955 35
10955 36
10955 37
10955 38
10669 27
10669 28
10669 29
10833 196
10833 197
10833 198
10833 199
10833 200
10833 201
10647 239
10647 240
10647 241
10647 242
10647 243
10647 244
10647 245
10663 67
10663 68
10663 69
10663 70
10663 71
10663 72
10663 73
10654 278
10856 11
10856 12
10856 66
10856 67
10856 68
10856 69
10856 70
11005 28
11005 29
11005 30
10613 62
10613 63
10613 73
10711 105
10711 106
10711 107
10711 108
10711 109
10711 120
10711 121
10608 128
10608 129
10608 130
10608 131
10608 132
10608 133
10608 134
10608 135
10848 105
10848 106
10848 107
10848 108
10848 109
10797 42
10797 43
10797 44
10733 25
10733 58
10733 59
10733 60
10733 61
10733 62
10561 50
10561 51
10561 52
10561 53
10561 54
10561 55
10561 56
10561 57
10561 58
10574 235
10574 236
10574 237
10574 238
10574 239
10574 250
10574 251
10574 252
10849 61
10849 62
10849 63
10849 156
10849 184
10849 185
10516 26
10516 27
10516 28
10516 29
10537 31
10537 32
10537 33
10537 34
10537 35
10537 36
10537 37
10616 6
10616 7
10616 8
10616 9
10616 10
10861 87
10700 199
10700 200
10700 201
10700 202
10700 203
10700 204
10700 205
10693 330
10693 331
10693 332
10693 333
10693 334
10693 335
10693 336
10693 337
10693 338
10735 46
10735 47
10735 48
10735 49
10735 50
10735 51
10735 52
11046 18
11046 19
11046 20
11046 104
11046 105
10308 14
10308 15
10308 16
10308 17
10308 18
10308 19
10308 20
10562 50
10562 51
10562 52
10562 53
10562 54
10562 55
10562 56
10668 134
10668 143
10668 144
10668 163
10668 164
10668 173
10648 214
10648 215
10648 216
10648 217
10648 218
10648 219
10648 220
10648 221
10938 139
10938 187
10938 188
10938 189
10938 190
10938 191
10936 0
10936 1
10936 2
10936 3
10936 4
10936 5
10936 6
10936 7
10537 74
10537 82
10537 86
10492 37
10492 46
10492 47
10492 68
10492 69
10492 70
10492 71
10956 58
10610 15
10610 16
10610 19
10610 20
10610 21
10781 239
10781 240
10781 253
10781 255
10781 265
10781 274
10781 295
10865 10
10865 11
10865 12
10865 13
10865 14
10865 15
10927 120
10927 121
10927 122
10927 123
10927 124
10927 125
10927 126
10558 7
10558 8
10558 9
10558 17
10558 18
10558 19
10558 29
10558 37
10931 65
10931 66
10931 67
10931 68
10931 69
10931 70
10931 71
10931 72
10578 259
10578 260
10578 265
10578 273
10578 274
10578 275
10578 283
10578 284
10769 27
10769 28
10769 29
10584 256
10584 257
10584 258
10584 259
10584 260
10584 261
10929 256
10958 7
10958 8
10958 9
10687 103
10704 174
10704 175
10704 184
10704 185
10940 97
10623 26
10976 4
10623 2
10771 279
10771 280
10748 59
10748 60
10748 63
10913 11
10913 12
10913 15
10913 18
10910 83
10791 36
10791 43
10502 314
10502 315
10502 326
10502 327
10502 328
10502 329
10502 330
10502 331
10502 332
10646 22
10646 23
10646 24
10646 25
10646 26
10646 27
10646 28
8769 351
10781 349
10828 64
10828 65
10828 66
10828 67
10828 68
10828 69
10828 70
10956 32
10956 33
10798 49
10798 50
10798 51
10798 52
10798 53
10798 54
10798 109
10798 110
10602 6
10602 7
10602 8
10602 9
10602 10
10602 11
10602 12
10602 13
10602 14
10892 84
10892 85
10892 86
10892 87
10892 88
10892 89
10892 90
10778 88
10648 105
10648 106
10648 114
10648 115
10648 116
10648 124
10648 125
10648 126
10735 126
10735 127
10504 4
10724 79
10724 80
10724 81
10724 82
10724 83
10584 328
10584 329
10584 332
10584 333
10584 334
10752 7
10756 210
10696 138
10696 139
10696 140
10696 141
10696 142
10696 143
10696 144
10696 145
10484 50
10484 51
10484 52
10484 53
10484 54
10484 55
10484 57
10845 10
10845 11
10845 13
10845 14
10845 15
10845 16
10558 86
10558 87
10558 88
10558 90
10558 91
10558 92
10558 93
8769 347
8769 348
8769 352
8769 353
8769 354
8769 355
8769 356
8769 357
8769 358
8769 359
10610 197
10610 198
10846 33
10846 34
10756 211
10756 214
10756 215
10756 216
10756 217
10756 218
10756 219
10490 285
8769 136
8769 137
8769 170
8769 171
10791 14
11046 44
11046 45
11046 46
11046 47
11046 48
10562 40
10562 41
10562 42
10562 43
10562 44
10562 45
10562 46
10810 60
10810 61
10810 62
10810 63
10810 84
10849 142
10849 143
10849 144
10849 145
10849 146
10849 147
10849 148
10931 149
10931 150
10931 151
10931 152
10931 153
10931 154
10931 165
10931 166
10483 27
10483 28
10483 29
10483 30
10483 31
10483 107
10483 108
10449 133
10449 134
10449 135
10449 136
10449 137
11046 94
11046 95
11046 96
11046 97
10741 114
10741 115
10741 116
10741 117
10741 118
8751 18
8751 19
8751 57
10705 216
10705 217
10705 218
10705 219
10705 220
10635 44
10635 45
10436 185
10436 187
10436 188
10436 189
10436 190
10436 191
10966 44
10966 45
10966 46
10966 47
10966 48
10966 49
10966 50
10966 51
10966 52
10966 53
10913 113
10913 121
10913 122
10913 123
10612 50
10612 51
10612 52
10612 53
10612 54
10612 55
10612 56
10705 47
10705 48
10705 49
10705 53
10705 73
10705 75
10705 76
10705 77
10647 63
10647 69
10647 89
10647 138
10647 139
10647 156
10647 157
10836 78
10836 79
10836 80
10432 226
10432 227
10432 245
10432 246
10432 248
10432 249
10432 267
10798 89
10798 91
10798 92
10798 93
10574 225
10574 226
10574 227
10574 229
10574 230
10574 231
10574 232
10488 37
10488 38
10488 39
10488 40
10488 41
10488 42
10488 43
10488 44
10516 9
10516 31
10516 32
10516 33
10516 34
10516 35
10516 36
10516 37
10516 38
10516 39
8769 74
8769 75
8769 76
8769 77
8769 78
8769 79
8769 127
8767 10
8767 11
8767 12
8767 13
8767 14
8767 15
8767 16
10448 229
10448 304
10448 305
10745 104
10745 105
10745 106
10781 275
10781 276
10646 29
10823 18
10445 66
10445 67
10445 75
10445 76
10445 77
10445 94
10445 95
10445 96
10974 86
10974 87
10974 113
10974 114
10974 115
10974 116
10974 117
10974 118
8767 27
8767 28
8767 29
8767 30
8767 31
8767 32
8767 33
8767 34
8767 35
8767 36
10918 6
10918 7
10918 8
10918 9
10918 71
10918 72
10918 73
10918 78
10592 307
10592 308
10592 309
10592 310
10592 311
10592 312
10491 28
10491 29
10491 30
10491 56
10491 59
10491 61
10610 160
10610 161
10610 162
10610 163
10610 164
10610 165
10610 166
10610 167
10747 19
10747 27
10747 28
10747 29
10747 88
10747 89
10647 190
10647 191
10647 195
10647 196
10647 197
10647 198
10647 199
10571 18
10571 19
10571 27
10571 28
10571 29
10571 30
10721 20
10721 21
10721 22
10721 23
10721 25
10721 26
10721 27
10634 0
10634 1
10634 2
10634 3
10634 4
10634 5
10634 6
10634 7
10778 41
10778 42
10778 43
10778 44
10778 45
10778 64
10778 65
10471 138
10471 139
10471 140
10562 224
10562 225
10562 226
10562 227
10788 74
10788 75
10788 76
10788 77
10788 78
10788 79
10788 80
10602 176
10602 177
10602 178
10602 179
10602 180
10602 181
10599 126
10599 127
10599 158
10732 27
10732 28
10732 29
10732 30
10732 31
10732 32
10721 12
10721 13
10721 80
10721 81
10721 82
10721 83
10578 165
10578 166
10578 167
10578 168
10578 169
10578 170
10578 171
10578 172
10669 50
10669 51
10669 52
10669 53
10669 58
10669 59
10669 60
10858 54
10858 55
10858 56
10858 57
10858 70
10858 72
10858 73
10858 75
11046 107
11046 108
11046 109
11046 110
10922 24
10922 72
10922 85
10922 86
10922 87
10922 88
10922 89
10584 97
10584 98
10584 99
10584 100
10563 10
10563 11
10563 12
10563 13
10563 14
10563 15
10500 12
10500 13
10500 14
10500 15
10500 16
10500 17
10500 18
10500 19
10475 20
10475 21
10475 22
10475 23
10475 24
10475 25
10547 91
10547 92
10547 93
10547 94
10547 95
10547 96
10547 97
10547 98
10700 64
10700 65
10700 66
10700 67
10700 68
10700 69
10700 70
10921 144
10921 145
10921 146
10921 147
10921 148
10921 149
10657 110
10657 111
10657 112
10657 113
10657 114
10590 104
10590 105
10473 184
10473 185
10473 186
10473 187
10473 188
10473 189
10473 190
10473 191
10473 192
10473 193
10789 20
10789 21
10789 22
10789 23
10789 24
10789 25
10789 26
8770 141
8770 142
8770 143
8770 144
8770 145
8770 146
8770 147
8770 148
8770 149
8770 150
10608 86
10608 87
10608 88
10608 89
10608 90
10608 91
10608 92
10538 64
10538 65
10538 66
10538 67
10538 68
10538 69
10538 70
10849 54
10849 55
10849 56
10849 57
10849 58
10849 59
10849 60
10482 9
8757 39
8762 216
8762 217
8762 218
8762 219
8762 220
8762 221
8762 222
10744 174
10744 175
10744 176
10744 177
10744 178
10744 179
10744 180
10744 181
10707 17
10707 18
10707 19
10707 20
10707 21
10707 22
10707 23
10707 24
10520 156
10520 164
10520 166
10520 167
10520 168
10520 169
10520 170
10520 171
10834 19
10834 20
10834 22
10834 23
10834 57
10834 58
10834 59
10781 175
10781 176
10781 177
10781 178
10781 179
10781 180
10892 54
10892 55
10892 56
10892 57
10892 58
10892 59
10892 60
10648 117
10648 118
10648 119
10648 120
10648 121
10648 122
10648 123
10645 59
10645 60
10645 61
10645 62
10645 63
10938 176
10938 177
10938 178
10938 179
10938 180
10938 181
10938 182
10938 183
10441 86
10441 87
10441 88
10441 89
10441 90
10441 91
10441 92
10602 143
10602 144
10602 145
10602 146
10602 147
10602 148
10602 149
10602 150
10602 151
10627 28
10627 29
10627 30
10627 31
10627 32
10627 33
10627 34
10627 35
10991 10
10991 11
10991 12
10991 13
10991 14
10991 15
10991 16
10991 17
8750 0
8750 1
8750 2
8750 3
8750 4
8750 5
8750 6
8750 7
8751 40
8751 41
8751 42
8751 43
8751 44
8751 45
8751 46
8751 47
8751 48
8759 0
8759 1
8759 2
8759 3
8759 4
8759 5
8759 6
8759 21
10816 115
10816 116
10816 117
10816 118
10816 119
10816 120
10816 121
10602 50
10602 51
10602 182
10602 183
10602 184
10602 185
10442 336
10442 337
10442 339
10563 171
10563 172
10563 173
10563 174
10563 175
10563 176
10563 177
10847 56
10847 57
10847 58
10847 59
10847 60
10847 61
10704 306
10704 307
10704 308
10704 309
10704 310
10704 311
10781 10
10781 11
10781 12
10781 13
10781 14
10781 15
10781 16
10307 182
10307 184
10307 185
10307 186
10307 187
10307 188
10307 189
10745 49
10745 50
10745 51
10745 52
10745 53
10745 54
10745 55
10745 56
10745 57
10583 36
10583 37
10583 38
10583 39
10583 40
10583 41
10660 262
10990 23
10990 24
10990 25
10990 26
10990 27
10990 28
10990 45
10990 46
10840 24
10840 25
10840 26
10840 27
10840 28
10840 29
10840 30
10840 31
10840 32
10840 33
10683 211
10683 212
10683 213
10683 214
10683 215
10683 226
10683 227
10683 228
10683 229
10683 76
10683 77
10683 169
10683 170
10683 171
10683 172
10683 173
10601 99
10712 221
10712 222
10712 223
10712 225
10712 226
10712 227
10712 228
10712 229
10712 230
10778 79
10778 80
10778 81
10778 82
10778 83
10778 84
10778 85
10778 86
10778 87
10764 9
10764 10
10764 11
10764 12
10764 13
10764 14
10764 15
10764 16
10698 0
10698 1
10698 2
10698 3
10698 4
10698 5
10698 6
10538 51
10538 52
10538 53
10538 54
10705 196
10705 197
10705 198
10705 199
10705 200
10705 201
10705 202
10705 203
10784 115
10784 116
10784 117
10784 118
10784 119
10784 120
10784 121
10565 10
10565 11
10565 12
10565 13
10565 14
10565 15
10743 58
10743 59
10743 60
10743 61
10743 62
10743 63
10743 64
10743 65
10743 66
10839 48
10839 49
10839 50
10839 51
10839 52
10839 53
10839 54
10574 138
10574 139
10574 150
10574 151
10574 152
10574 153
10574 154
10563 60
10563 61
10563 62
10563 63
10563 64
10563 65
10563 66
10563 67
10635 195
10635 196
10635 197
10635 198
10635 209
10635 210
10635 211
10635 212
10635 213
10732 33
10732 34
10732 35
10732 57
10732 58
10732 59
10732 60
10732 61
10613 6
10613 7
10613 8
10613 9
10613 10
10613 11
10613 12
10613 13
10613 14
10613 15
10630 2
10630 3
10630 4
10630 5
10630 6
10630 7
10630 8
10630 9
10630 10
10711 130
10711 133
10711 134
10711 135
10711 138
10711 139
8769 101
8769 102
8769 103
10743 183
10743 184
10743 185
10743 186
10743 187
10743 188
10743 189
8747 16
10952 257
10952 267
10952 268
10952 269
10952 270
10952 271
10952 272
10952 273
10993 14
10993 15
10993 16
10993 17
10993 18
10993 19
10819 20
10819 21
10819 22
10819 23
10819 24
10819 25
10819 26
10819 27
10819 28
10438 132
10438 133
10438 135
10438 136
10438 138
10438 139
10438 144
10781 285
10781 286
10781 287
10781 288
10781 289
10781 290
10781 291
10781 292
10781 293
10606 0
10606 1
10606 2
10606 3
10606 4
10606 5
10606 6
10606 7
10606 8
10606 9
10683 266
10683 267
10683 268
10683 269
10683 270
10683 271
10683 272
10600 49
10600 60
10600 61
10600 62
10600 63
10600 65
10600 66
10600 67
10504 60
10504 61
10504 62
10504 63
10504 74
10504 75
10504 76
10504 77
10771 141
10771 142
10771 143
10771 145
10771 146
10771 147
10700 135
10700 136
10700 137
10521 198
10521 199
10570 31
10848 113
10991 7
10991 8
10991 9
10991 18
10991 19
10502 79
10502 124
10502 125
10502 222
10502 248
10502 275
10502 276
10502 277
10502 278
10502 279
10864 58
10864 59
10864 60
10864 61
10864 62
10864 63
10595 136
10595 137
10595 138
10595 139
10595 140
10595 141
10595 142
10595 143
10595 144
10595 145
10954 20
10954 21
10954 22
10954 23
10954 24
10954 25
10954 26
10522 78
10522 79
10522 80
10522 81
10522 82
10522 83
10522 84
10764 0
10764 1
10764 2
10764 3
10764 4
10764 5
10764 6
10764 7
10764 8
10966 235
10966 236
10966 237
10966 335
10966 336
10966 337
10966 338
10308 10
10308 11
10308 12
10308 13
10308 49
10308 50
10308 51
10990 20
10990 21
10990 22
10990 64
10990 65
10990 66
10990 67
10990 68
10990 69
10745 2
10745 3
10745 4
10745 5
10745 6
10745 37
10675 0
10675 1
10675 2
10675 3
10675 4
10675 5
10675 6
10675 7
10471 67
10471 69
10471 93
10471 94
10471 95
10857 65
10857 71
10857 75
10857 76
10857 77
10857 78
10857 134
10437 219
10437 220
10437 221
10437 222
10437 223
10437 224
10437 225
10773 8
10773 9
10687 111
10687 121
10773 25
10773 26
10773 27
10773 28
10773 29
10773 30
10773 31
10773 32
10857 79
10857 80
10857 81
10857 82
10857 83
10857 84
10857 85
10857 86
10592 38
10592 39
10592 40
10592 41
10592 43
10592 46
10721 36
10721 37
10721 38
10721 39
10721 128
10721 129
10694 175
10694 176
10694 204
10694 205
10694 206
10714 67
10714 68
10714 69
10714 70
10714 71
10714 72
10714 73
10714 74
8750 103
8750 104
8750 105
8750 106
8750 107
8750 108
8750 109
8750 110
8750 111
10987 228
10987 229
10805 0
10805 1
10805 2
10805 3
10675 313
10675 314
10675 315
10675 316
10675 317
10675 318
10807 101
10682 7
10682 8
10682 9
8759 60
8759 61
8759 62
8759 63
8759 69
8759 100
10795 145
10795 146
10795 147
10850 180
10850 181
10850 229
10850 230
10850 231
10850 233
10892 7
10892 8
10892 9
10892 10
10892 11
10892 12
10926 6
10926 7
10926 8
10926 9
10926 10
10926 11
10926 12
10888 106
10480 141
10480 142
10480 143
10480 144
10480 145
10480 146
10480 147
10480 148
10803 139
10803 140
10803 141
10803 142
10803 143
10803 144
10803 158
10803 159
10803 160
8770 106
8770 107
8770 108
8770 109
8770 110
8770 111
8770 112
10725 205
10725 206
10725 207
10725 208
10725 209
10725 210
10725 211
10725 212
10690 68
10690 69
10690 70
10690 71
10690 72
10690 73
10690 74
10690 75
10590 0
10590 1
10590 2
10590 3
10590 4
10590 5
10590 6
10590 7
10590 8
10646 50
10646 51
10646 52
10646 53
10646 54
10646 55
10646 56
10646 57
10641 10
10641 11
10641 12
10641 13
10641 14
10641 15
10641 16
10641 17
10641 18
10858 0
10858 1
10858 2
10858 3
10858 4
10858 5
10858 6
10858 7
10849 96
10849 97
10849 98
10849 99
10849 197
10849 200
10849 201
10480 121
10480 122
10480 123
10480 124
10480 125
10480 126
10480 127
10480 138
10700 152
10700 160
10700 161
10700 179
10700 180
10700 181
10700 182
10700 183
10700 184
10732 47
10732 48
10732 49
10732 50
10732 51
10732 52
10732 55
10732 56
10921 245
10921 248
10921 249
10921 250
10921 251
10921 252
10921 253
10654 338
10654 339
10654 340
10654 341
10654 342
10654 343
10654 344
10654 345
10737 103
10737 104
10737 105
10737 106
10737 107
10737 108
10921 101
10921 102
10921 103
10652 0
10652 1
10652 2
10652 3
10652 4
10652 5
10652 6
10652 7
10652 8
10652 9
8771 169
8771 171
8771 172
8771 174
8771 175
8771 176
8771 178
10832 30
10832 31
10832 32
10832 33
10832 34
10832 35
10832 36
10832 37
10832 38
10884 173
10884 174
10884 175
10884 176
10884 177
10884 178
10884 179
10948 24
10948 25
10948 26
10948 27
10948 28
10948 29
10948 74
10948 84
8771 40
8771 41
8771 42
8771 43
8771 44
8771 45
8771 46
8771 47
10647 125
10647 126
10647 127
10647 167
10647 187
10647 189
10948 40
10948 42
10948 43
10948 44
10948 45
10948 77
10948 78
10948 80
10948 81
10647 40
10647 41
10647 42
10647 43
10647 110
10647 111
10439 51
10439 52
10439 53
10439 54
10439 55
10439 56
10439 57
10439 58
10790 100
10790 101
10790 102
10790 103
10634 32
10634 33
10634 34
10634 35
10634 36
10634 37
10634 38
10634 39
10505 50
10505 51
10505 52
10505 64
10505 65
10505 66
10505 67
10505 68
10683 135
10683 136
10683 137
10683 147
10683 148
10683 174
10660 67
10660 68
10660 69
10660 70
10660 71
10660 79
10660 80
10660 81
10660 82
8759 225
8759 226
8759 227
8759 228
8759 229
8759 230
8759 231
8759 232
8759 233
10707 35
10707 36
10707 37
10707 38
10707 39
10707 40
10890 14
10890 15
10890 16
10890 23
10890 25
10890 28
10890 29
10737 143
10737 144
10737 145
10737 146
10737 147
10737 148
10737 149
10737 150
10737 151
10492 13
10492 14
10492 15
10492 16
10492 17
10492 18
10492 19
10727 156
10727 157
10727 165
10727 166
10727 167
10727 185
10861 0
10861 1
10861 2
10861 3
10861 5
10861 6
10861 7
10861 9
10645 212
10645 213
10645 214
10645 215
10645 216
10645 217
10645 218
10645 219
10657 142
10657 143
10657 148
10657 149
10657 150
10657 168
10657 169
10657 171
10874 271
10874 274
10874 276
10874 277
10874 278
10874 279
10705 11
10705 12
10705 13
10705 50
10705 51
10705 88
10705 89
10705 90
10705 91
10796 276
10796 277
10796 278
10796 279
10796 280
10796 281
10796 282
10796 283
10635 94
10635 125
10635 126
10635 127
10635 134
10635 135
10635 136
10635 137
10864 10
10864 11
10864 12
10864 13
10864 14
10864 15
10728 26
10728 27
10728 28
10728 59
10728 60
10728 61
10728 62
10599 73
10599 74
10599 75
10599 86
10599 87
10599 88
10599 89
10599 90
10705 100
10705 101
10705 102
10705 103
10705 104
10705 122
10705 123
10675 76
10675 77
10675 78
10675 79
10675 80
10675 81
10675 82
10675 83
10307 71
10307 72
10307 73
10307 74
10307 77
10307 80
10307 82
10480 246
10480 247
10480 248
10480 249
10480 250
10480 251
10480 252
10580 157
10580 158
10580 159
10580 160
10580 161
10580 162
10580 163
10580 164
10580 165
10837 77
10837 78
10837 79
10837 80
10837 81
10837 82
10837 83
10837 84
10837 85
10766 69
10766 70
10766 71
10766 72
10766 73
10766 74
10766 75
8747 69
8747 70
8747 71
8747 72
8747 73
8747 74
8747 75
8747 76
8747 77
10697 76
10697 77
10697 85
10697 86
10697 87
10697 102
10697 103
10697 111
10697 126
10697 112
10697 113
10697 127
10781 302
10781 303
10781 306
10781 307
10781 308
10781 325
10781 326
10781 327
10634 98
10634 120
10634 121
10634 122
10634 123
10634 124
10634 125
10634 126
10696 296
10696 297
10696 298
10696 299
10696 300
10696 301
10696 302
10744 104
10744 105
10744 106
10744 107
10744 108
10744 109
10744 110
10744 111
10744 112
10744 113
10735 76
10735 77
10735 128
10735 129
10735 130
10735 131
10735 132
10735 133
10735 134
10675 40
10675 41
10675 42
10675 43
10675 44
10675 45
10675 46
10675 47
8771 146
10737 216
10936 63
10623 13
10911 32
10540 28
10490 358
10630 61
10396 23
10449 106
10858 96
10623 16
10648 180
10811 41
10844 20
10844 21
8762 252
8762 253
10574 320
10921 309
10921 312
10921 339
10516 13
10516 15
10831 126
10831 127
10613 157
10613 158
10613 159
10613 160
10613 161
10613 162
10968 42
10968 43
10968 44
10968 45
10968 46
10534 274
10534 276
10534 283
10534 284
10534 285
11048 40
11048 41
11048 42
11048 43
10927 10
10927 11
10927 12
10927 13
10927 14
10927 15
10927 16
10927 17
10828 71
10828 72
10828 73
10828 77
10846 240
10846 241
10846 261
10846 265
8758 24
8758 26
8758 27
10662 18
10662 19
10662 20
10845 8
10845 9
11048 20
11048 21
11048 22
11048 23
11048 24
11048 35
10696 117
10755 60
10755 61
10755 62
10755 63
10602 159
10602 160
10602 161
10534 234
10795 174
10505 121
10505 122
10505 123
10773 60
10773 61
10773 62
10773 63
10747 118
10747 119
10892 41
10892 63
10892 71
10892 72
10892 110
10892 111
10874 259
10874 260
10920 132
10685 73
10436 200
10436 202
10610 65
10610 66
10610 67
8769 42
8769 43
8769 44
10737 191
10807 115
10947 101
10732 45
10732 46
10732 64
10732 65
10987 204
10987 205
10716 7
10716 8
10716 9
10537 20
10537 21
10537 24
10537 25
10537 26
10974 60
10974 61
10974 62
10974 63
10608 75
10608 76
10608 77
10608 78
10608 79
10608 80
10702 0
10702 1
10702 2
10702 3
10702 4
10702 5
10702 6
10929 116
10929 117
10929 118
10929 119
10929 248
10929 249
10929 250
10995 9
10995 10
10995 11
10995 12
10995 13
10995 14
10995 15
10444 19
10687 109
10744 253
10744 254
10744 255
10744 276
10473 325
10473 326
10680 138
10680 139
10680 140
10741 101
10741 102
10741 103
10801 6
10801 7
10801 8
10801 9
10704 101
10704 102
10704 103
10704 109
10704 110
10704 111
10704 112
10704 113
10434 18
10434 19
10434 20
10921 306
10921 307
10921 310
8750 8
8750 9
8750 10
8750 11
8750 12
8750 13
10530 88
10530 278
10530 282
10530 309
10530 310
10694 100
10694 101
10694 102
10694 103
10694 104
10694 105
10694 106
10694 107
10694 108
10848 97
10848 98
10848 99
10784 27
10784 28
10925 79
10925 80
10925 89
10925 139
10521 301
10521 302
10521 303
10521 306
10521 307
10521 308
10788 0
10788 1
10788 2
10788 3
10788 4
10788 5
10788 6
10788 7
10433 20
10433 21
10433 22
10433 23
10433 24
10433 26
10480 109
10480 110
10480 111
10480 112
10480 113
10480 114
10480 115
10480 118
10803 310
10803 311
10803 312
10803 313
10803 314
10803 315
10803 316
10803 317
10581 100
10581 101
10581 102
10581 103
10581 104
10432 200
10432 201
10432 218
10432 219
10432 220
10432 221
10432 222
10432 223
10432 224
8770 59
8770 61
8770 63
8770 123
8770 124
8770 125
8770 126
8770 127
8770 188
10624 55
10624 56
10624 57
10624 58
10624 140
10624 141
10624 142
10624 143
10624 144
10630 44
10630 45
10630 46
10630 47
10630 48
10630 49
10630 50
10508 86
10508 87
10508 88
10508 89
10508 90
10508 91
10508 92
10508 93
10508 94
10873 21
10873 22
10873 23
10873 24
10873 25
10873 26
10873 27
10818 35
10818 36
10818 37
10818 38
10818 39
10818 40
10818 41
10818 42
10818 43
10654 258
10654 259
10654 260
10654 261
10654 262
10654 263
10797 7
10797 8
10797 9
8771 10
8771 11
8771 12
8771 13
8771 14
8771 15
8771 16
8771 17
8771 18
10504 160
10504 161
10504 162
10504 163
10504 164
10504 165
10832 20
10832 21
10832 22
10832 23
10832 64
10832 65
10832 66
10832 67
10658 30
10658 31
10658 32
10658 33
10658 34
10658 35
10540 138
10540 139
10540 140
10540 141
10540 142
10540 143
10540 144
10540 145
10540 146
10540 147
10743 318
10743 319
10743 321
10743 322
10743 323
10743 324
10743 325
10743 326
10849 163
10849 165
10849 167
10849 168
10849 170
10849 171
10849 172
10849 177
10821 10
10821 11
10821 12
10821 13
10821 14
10821 15
10821 16
10821 17
10578 125
10578 126
10578 127
10578 128
10578 129
10578 130
10578 131
10578 132
10578 133
10578 134
10756 201
10756 202
10756 203
10756 204
10756 205
10756 206
10756 207
10756 208
10756 209
10762 8
10762 9
10762 10
10762 11
10762 12
10762 13
10762 14
10762 15
10773 34
10773 35
10773 36
10773 37
10773 38
10773 39
10773 40
10773 41
10654 275
10654 276
10654 277
10654 319
10654 326
10654 327
10936 24
10936 25
10936 26
10936 27
10936 28
10936 29
10936 30
10633 10
10633 11
10633 12
10633 13
10633 14
10633 15
10633 16
10633 17
10633 18
10719 205
10719 206
10719 207
10719 208
10719 209
10719 210
10719 211
10719 212
10927 160
10927 161
10927 162
10927 163
10927 164
10927 165
10927 166
10634 250
10634 251
10634 252
10634 253
10634 254
10634 255
10719 17
10719 18
10719 19
10719 72
10719 73
10569 30
10569 31
10569 32
10569 33
10569 34
10569 35
10569 36
10923 286
10923 287
10923 288
10923 289
10923 290
10923 291
10923 292
10923 293
10547 19
10547 30
10547 39
10547 40
10547 48
10547 49
10547 50
10547 57
10688 134
10688 135
10688 136
10688 137
10688 138
10688 139
10688 140
10925 220
10925 221
10925 222
10925 223
10925 224
10925 225
10925 226
10925 227
10925 228
10674 40
10674 41
10674 42
10674 43
10674 44
10674 45
10674 46
10674 47
10674 48
10674 49
10994 147
10994 148
10994 150
10994 152
10994 154
10994 155
10994 156
10936 42
10936 43
10936 44
10936 45
10936 46
10936 47
10936 48
10936 49
10558 40
10558 41
10558 42
10558 43
10558 44
10558 45
10558 46
10558 47
10874 128
10874 148
10874 149
10874 150
10874 151
10874 152
10874 153
10874 154
10874 155
10649 116
10649 117
10649 118
10649 119
10649 120
10649 121
10649 122
10649 123
10645 239
10645 241
10645 242
10645 253
10645 254
10645 255
10641 0
10641 1
10641 2
10641 3
10641 4
10641 5
10641 6
10641 7
10641 8
10936 73
10936 74
10936 75
10936 76
10936 77
10936 78
10936 79
10857 217
10857 224
10857 225
10857 226
10857 227
10857 228
10857 229
10768 30
10768 31
10768 32
10768 33
10768 34
10768 35
10768 36
10768 37
10755 99
10755 100
10755 101
10755 102
10755 103
10755 104
10755 105
10755 106
10803 276
10803 277
10803 278
10803 279
10803 280
10803 281
10803 282
10803 283
10966 154
10966 165
10966 166
10966 167
10966 168
10966 169
10966 170
10966 171
10580 147
10580 148
10580 149
10580 150
10580 151
10580 152
10580 153
10580 154
10580 155
10434 129
10434 130
10434 131
10434 132
10434 133
10434 134
10434 135
10666 125
10666 126
10666 127
10666 128
10666 129
10666 141
10856 32
10856 53
10856 54
10856 72
10856 73
10856 74
10856 88
10921 268
10921 269
10921 270
10921 271
10921 272
10921 273
10921 274
10888 179
10888 186
10888 187
10888 188
10888 189
10888 199
10888 200
8759 147
8759 148
8759 150
8759 151
8759 152
8759 153
8759 154
8759 155
8759 156
10971 6
10971 7
10971 8
10971 9
10741 69
10741 70
10741 71
10741 72
10741 73
10741 74
10741 75
10741 76
10741 77
10741 78
10807 63
10807 77
10807 78
10807 79
10834 51
10834 55
10837 166
10837 167
10837 168
10837 169
10837 170
10837 171
10837 172
10837 173
8769 113
8769 138
8769 139
8769 140
10475 53
10475 54
10658 18
10658 19
10846 242
10846 243
10846 246
10846 252
10846 253
10746 12
10746 13
10746 14
10746 15
10746 16
10680 204
10680 205
10714 145
10714 146
10714 147
10714 148
10714 149
10714 151
10714 152
10735 194
10735 195
10735 196
10735 197
10486 27
10486 28
10486 29
10486 30
10486 31
10533 228
10533 229
10533 230
10518 20
10518 21
10518 22
10518 23
10593 121
10593 122
10593 136
10593 137
10529 161
10529 162
10529 184
10529 188
10529 189
10521 85
10521 92
10521 173
10521 240
10521 270
10830 120
10830 121
10830 122
10830 123
10830 124
10830 125
10830 126
10830 127
10593 247
10593 275
10593 284
10593 285
10593 295
10593 297
10593 298
10940 8
10940 9
10940 62
10940 63
10603 53
10575 19
10947 11
10947 12
10947 13
10947 14
10947 15
10947 16
10947 17
10947 18
10966 204
10966 205
10966 206
10966 207
10966 208
10966 209
10966 210
10994 166
10994 167
10994 168
10994 169
10994 170
10994 171
10994 172
10994 173
10931 198
10931 199
10931 200
10931 201
10931 202
10931 203
10931 204
8769 146
8769 147
8769 148
8769 149
10846 276
10846 277
10846 278
10846 279
10846 280
10846 281
10846 282
10846 283
10846 284
10850 119
10850 123
10850 124
10850 128
10850 129
10850 130
10850 131
10850 132
10697 0
10697 1
10697 2
10697 3
10697 4
10697 5
10697 6
10516 20
10516 21
10516 22
10516 23
10516 24
10516 25
8771 107
10390 10
10390 11
10390 12
10390 13
10390 14
8764 21
10667 19
10667 29
10667 37
10667 38
10667 39
10667 59
10667 82
10850 248
10968 9
10390 39
10929 155
10929 156
10929 174
10929 175
10929 176
10929 177
10929 178
10643 7
10643 8
10967 9
10807 119
10988 106
10988 107
8747 23
10702 13
10702 14
10702 15
10702 16
10702 17
10702 18
10702 19
10702 20
10702 21
10735 146
10735 147
10735 148
10735 149
10735 150
10735 151
10735 152
10735 153
10781 322
10781 323
10781 324
10473 303
10473 304
10473 305
10473 306
10473 307
10473 308
10473 309
10490 339
10490 348
8759 217
8759 218
8759 219
8759 220
8759 221
8759 222
8759 223
8759 224
8759 235
8759 236
10834 64
10834 65
10834 66
10834 67
10834 68
10834 69
10834 70
10834 71
10834 72
10834 73
10959 10
10432 95
10680 103
10680 104
10680 105
10680 106
10680 107
10680 108
10680 109
10888 102
10483 22
10483 23
10483 62
10483 63
10920 8
10920 9
10480 39
10480 40
10480 41
10480 42
10480 43
10480 44
10480 45
10480 46
10480 47
8770 219
10737 324
10737 328
10737 329
10737 330
10737 331
10737 332
10737 333
10602 164
10581 10
10581 11
10581 12
10581 13
10581 14
10581 15
10581 16
10581 17
10581 18
10781 143
10781 144
10781 145
10781 146
10781 172
10781 174
10781 192
10781 193
10781 194
10994 100
10994 101
10994 102
10994 138
10994 139
10994 140
10994 141
10994 142
10696 187
10649 126
10649 127
10649 128
10649 129
10649 150
10649 151
10649 152
10481 101
10481 102
10745 10
10745 11
10745 12
10745 13
10840 10
10840 11
10840 12
10840 13
10840 14
10840 15
10840 16
10840 17
10840 18
10846 232
10846 233
10846 234
10846 235
10846 236
10846 237
10846 238
10846 239
10593 46
10593 47
10593 48
10593 49
10593 50
10593 51
10593 52
10593 53
10755 7
10755 8
10755 9
10755 10
10755 11
10755 12
10755 13
10601 46
10601 47
10601 48
10601 49
10601 50
10601 51
10601 52
10601 53
10601 54
10584 73
10584 74
10584 75
10584 76
10584 77
10584 78
10584 79
10846 164
10846 165
10846 166
10846 167
10846 168
10846 169
10846 170
10846 171
10481 16
10481 17
10481 18
10481 72
10481 73
10481 74
10789 57
10789 58
10789 59
10861 30
10861 31
8769 274
8769 275
8769 276
8769 277
8769 278
8769 319
8769 320
8769 321
10800 236
10800 237
10800 238
10800 239
10800 247
10800 248
10800 249
10800 262
10556 8
10556 10
10556 11
10556 12
10556 13
10556 14
10556 15
10798 48
10798 132
10798 133
10798 136
10729 20
10729 24
10729 53
10729 54
10729 55
10729 56
10729 61
10729 62
10874 56
10874 57
10696 247
10696 248
10696 249
10696 250
10672 138
10672 139
10672 140
10672 141
10672 142
10672 143
10672 144
10672 145
10672 146
10672 147
10913 190
10913 205
10913 206
10913 207
10913 216
10913 217
10888 42
10888 43
10888 44
10888 45
10888 46
10888 47
10888 192
10448 286
10448 287
10448 288
10448 289
10448 290
10448 291
10448 292
10448 293
10448 294
10592 192
10592 193
10592 194
10592 195
10592 196
10592 197
10592 198
10383 17
10383 18
10383 19
10987 219
10987 240
10987 241
10884 257
10884 258
10884 259
10884 260
10884 294
10884 295
10884 298
10884 299
10884 300
10861 96
10861 97
10861 98
10861 99
10530 223
10530 224
10530 226
10530 290
10530 312
10530 315
10592 188
10592 189
10592 199
10592 200
10592 201
10592 202
10581 105
10581 106
10581 107
10581 108
10581 109
10579 28
10579 29
10579 42
10579 43
10579 44
10579 45
10579 46
10966 155
10966 156
10966 157
10966 158
10966 159
10966 160
10966 161
10966 162
10888 129
10888 138
10888 139
10888 148
10888 149
10888 156
10725 204
10725 213
10725 252
10725 253
10725 254
10725 292
10725 294
10725 304
10475 107
10475 166
10475 167
10475 168
10475 169
10475 170
10475 171
10475 172
10711 122
10711 123
10711 124
10711 125
10711 126
10711 127
10845 20
10845 21
10845 25
10845 26
10845 145
10845 146
10845 147
10848 75
10848 76
10848 77
10848 78
10848 79
10848 80
10913 181
10913 182
10913 183
10913 184
10913 185
10913 186
10478 41
10478 42
10478 43
10478 44
10478 45
10624 89
10624 90
10624 91
10624 92
10624 93
10624 94
10624 105
10925 250
10925 251
10925 252
10925 253
10925 254
10925 255
10925 256
10925 257
10690 185
10690 186
10690 233
10690 234
10690 235
10690 236
10690 255
10690 259
10772 168
10772 169
10772 170
10772 171
10772 172
10796 225
10796 226
10796 227
10796 228
10796 229
10796 230
10796 231
10796 232
10442 119
10442 120
10442 129
10442 130
10442 140
10442 150
8750 319
8750 320
8750 321
8750 322
8750 323
8750 324
8750 325
8750 326
8750 327
8750 328
10772 213
10772 214
10772 215
10772 216
10772 217
10772 218
10772 219
10855 2
10855 3
10855 9
10855 12
10855 13
10855 14
10855 15
10855 16
10755 109
10755 110
10755 111
10755 112
10755 113
10755 114
10755 115
10755 116
10625 103
10625 104
10625 105
10625 106
10625 119
10625 127
10625 136
10625 137
10987 99
10987 100
10987 101
10987 102
10987 103
10987 104
10987 105
10819 70
10819 71
10819 72
10819 73
10819 74
10819 75
10819 76
10700 45
10700 46
10700 47
10700 48
10700 49
10700 50
10700 51
10700 61
10613 49
10613 51
10613 52
10613 53
10613 54
10613 55
10613 56
10613 57
10613 58
10921 303
10921 305
10921 327
10921 329
10921 331
10921 332
11048 45
11048 46
11048 47
11048 48
10597 44
10597 45
10597 46
10597 47
10597 48
10597 49
10597 74
10597 75
10839 139
10839 140
10839 141
10839 142
10839 143
10839 144
10522 91
10522 92
10522 93
10522 94
10522 95
10728 29
10728 30
10728 31
10728 32
10728 33
10728 54
10728 55
10728 56
8769 141
8769 152
8769 153
8769 154
8769 155
8769 156
8769 157
8769 158
10491 44
10491 48
10491 49
10491 57
10491 58
10491 161
10491 162
10819 40
10819 41
10819 42
10819 43
10819 44
10819 45
10819 46
10819 47
10645 0
10645 1
10645 2
10645 3
10645 4
10645 5
10645 6
10645 7
10645 8
10648 107
10648 108
10648 109
10648 110
10648 111
10648 112
10648 113
10773 87
10773 88
10773 89
10773 90
10773 91
10773 92
10773 93
10712 141
10712 142
10712 143
10712 144
10712 145
10712 146
10712 147
10798 10
10798 11
10798 12
10798 13
10798 14
10798 15
10798 16
10612 119
10612 120
10612 121
10612 122
10612 123
10612 124
10612 125
10724 316
10724 317
10724 320
10724 321
10724 322
10724 323
10724 324
10724 325
8751 10
8751 11
8751 12
8751 13
8751 14
8751 15
8751 16
10529 106
10529 107
10529 108
10529 110
10529 111
10529 112
10529 113
10529 114
10529 115
10529 116
10648 223
10648 232
10648 233
10648 271
10648 272
10648 329
10648 330
10648 331
10648 332
10442 0
10442 1
10442 2
10442 3
10442 4
10442 5
10442 6
10442 7
10819 100
10819 101
10819 102
10819 103
10819 104
10819 105
10819 106
10819 107
10819 108
10819 109
10937 44
10937 45
10937 46
10937 47
10937 65
10937 66
10937 67
10508 27
10508 28
10508 29
10508 30
10508 31
10508 32
10508 33
10508 34
10508 35
10712 30
10712 31
10712 32
10712 33
10712 34
10712 35
10714 32
10714 33
10714 34
10714 35
10714 36
10714 37
10714 38
10714 39
10714 40
10734 56
10734 57
10734 58
10734 59
10663 47
10663 48
10663 49
10663 66
10663 74
10663 75
10663 76
10663 80
10663 4
10663 5
10663 6
10663 7
10663 8
10663 9
10663 10
10800 160
10800 161
10800 162
10800 163
10800 164
10800 165
10800 182
10800 183
10834 206
10834 220
10834 221
10834 222
10834 223
10834 224
10834 225
10834 226
10834 227
8746 171
8746 172
8746 173
8746 174
8746 175
8746 176
8746 177
8746 178
8746 179
8746 180
10756 0
10756 1
10756 2
10756 3
10756 4
10756 5
10756 6
10756 8
10966 106
10966 107
10966 108
10966 109
10966 110
10966 111
10966 112
10665 128
10665 129
10665 130
10665 131
10665 132
10665 133
10665 134
10665 135
10530 47
10530 51
10530 168
10530 169
10530 170
10530 171
10530 172
10530 176
8750 69
8750 70
8750 71
8750 72
8750 73
8750 74
8750 75
8750 76
10849 26
10849 27
10849 28
10849 29
10849 51
10849 52
10849 53
10704 59
10704 60
10704 61
10704 62
10704 63
10704 64
10704 65
10517 88
10517 89
10517 100
10517 101
10517 102
10517 103
10517 104
10517 105
10517 106
10517 107
10729 38
10729 39
10729 40
10729 41
10729 70
10729 71
10729 72
10688 219
10688 224
10688 226
10688 228
10688 229
10948 0
10948 1
10948 2
10948 3
10948 4
10948 5
10948 60
10948 61
10948 62
10884 123
10884 124
10884 125
10884 126
10884 127
10884 128
10884 129
10884 130
8746 96
8746 97
8746 98
8746 99
8746 100
8746 101
8746 102
8746 103
8746 104
10520 154
10520 155
10520 172
10520 173
10520 183
10520 191
10520 192
10520 193
10645 263
10645 264
10645 265
10645 266
10645 267
10645 268
10645 269
10645 270
10697 52
10697 53
10697 54
10697 55
10697 56
10697 57
10697 64
10609 44
10609 45
10609 46
10609 47
10609 48
10609 49
10609 50
10609 51
10850 50
10850 51
10850 52
10850 53
10850 54
10850 55
10850 56
10850 57
10994 24
10504 93
10781 350
10781 351
10791 32
10968 20
10968 21
10929 179
10888 120
10690 53
10690 54
10436 305
10436 306
10988 168
10646 179
10574 323
10725 114
10725 115
10910 64
10910 67
10910 68
10502 348
10434 91
11002 3
11002 8
10667 49
10612 31
10612 32
10612 150
10805 112
10805 113
8746 20
8746 21
8746 23
8746 24
8746 25
8746 26
10721 75
10721 104
10721 105
10868 50
10868 51
8769 211
8769 213
8769 214
8769 215
8769 216
10613 135
10613 136
10613 137
10613 139
10848 28
10848 34
10735 93
10735 94
10735 95
10690 220
10690 221
10690 222
10998 30
10998 31
10998 32
10998 33
10890 56
10890 59
10890 62
10475 273
10475 274
10690 207
10690 211
10690 212
10672 124
10672 125
10672 126
10672 127
10798 124
10798 125
10798 126
10810 166
10810 167
10810 168
8750 32
8750 294
8750 295
8750 297
8750 298
8750 299
8750 300
8750 301
8750 302
10626 13
10626 14
10626 16
10626 17
10626 18
10626 19
10626 23
10626 24
10640 10
10640 11
10640 12
10640 13
8764 225
8764 226
8764 227
8764 228
8764 229
8764 230
8764 231
10745 221
10745 222
10745 223
10745 224
10745 225
10745 226
10842 38
10842 39
10842 40
10842 41
10842 42
10842 43
10842 44
10842 45
10439 83
10439 84
10439 85
10439 115
10439 116
10439 117
10669 118
10669 119
10669 120
10669 121
10669 122
10669 128
10669 129
10547 10
10547 11
10547 12
10547 14
10547 15
10547 16
10547 17
10612 61
10612 62
10612 63
10612 73
10612 82
10612 84
10612 85
10612 87
10625 0
10625 1
10625 2
10625 3
10625 4
10625 5
10625 6
10931 286
10931 287
10931 288
10931 289
10931 290
10931 291
10931 292
10931 293
10725 124
10725 125
10725 126
10725 127
10924 131
10924 132
10924 133
10924 134
10924 135
10924 136
10924 137
10924 138
10924 139
10538 9
10538 13
10538 14
10538 15
10538 16
10538 17
10538 18
10502 280
10502 281
10502 282
10502 283
10502 316
10502 320
10502 321
8759 124
8759 125
8759 126
8759 127
8759 184
8759 185
10669 140
10669 141
10669 142
10669 143
10669 144
10669 145
10669 146
10669 147
10654 10
10654 11
10654 12
10654 13
10654 14
10654 15
10654 16
10654 17
10861 12
10861 13
10861 14
10861 15
10861 16
10861 17
10861 18
10861 19
10861 20
10591 268
10591 269
10591 270
10591 271
10591 272
10591 273
10937 10
10937 11
10937 12
10937 13
10937 14
10937 15
10954 16
10954 17
10954 18
10954 19
10645 43
10645 44
10645 45
10645 46
10645 47
10645 48
10645 50
10645 74
10696 72
10696 73
10696 74
10696 75
10696 76
10696 107
10696 108
10696 212
10696 233
10491 145
10491 149
10491 151
10491 152
10491 153
10491 154
10491 155
10491 156
10938 87
10938 88
10938 89
10938 90
10938 91
10938 96
10938 97
10938 107
10561 89
10561 90
10561 91
10561 92
10561 93
10561 94
10561 95
10561 96
10561 97
10574 90
10574 200
10574 201
10574 202
10574 203
10574 204
10574 205
10574 207
10830 0
10830 1
10830 2
10830 4
10830 5
10830 6
10830 7
10830 8
10931 256
10931 257
10931 258
10931 259
10931 260
10931 261
10931 262
10931 263
10745 97
10745 98
10745 99
10745 100
10745 101
10745 102
10745 103
10755 147
10755 148
10755 149
10755 150
10755 151
10755 152
10755 153
10755 154
10958 10
10958 11
10958 12
10958 13
10958 14
10439 37
10439 38
10439 43
10439 44
10439 45
10439 46
10439 47
10755 158
10755 266
10755 267
10755 268
10755 269
10755 270
10755 272
10704 263
10704 269
10704 271
10704 272
10704 273
10704 274
10704 275
10704 341
10704 342
10662 0
10662 1
10662 2
10662 3
10662 5
10662 6
10662 7
10662 8
10886 259
10886 260
10886 261
10886 335
10720 18
10720 19
10720 20
10720 21
10720 22
10720 23
10720 24
10720 25
10720 26
10931 276
10931 277
10931 278
10931 279
10931 280
10931 281
10931 282
10931 283
10931 284
10931 285
10584 211
10584 212
10584 213
10584 215
10584 216
10584 217
10584 218
10725 36
10725 37
10725 38
10725 39
10725 40
10725 41
10725 42
10913 191
10913 192
10913 193
10913 194
10913 195
10913 196
10913 204
10805 31
10805 32
10805 33
10805 108
10805 109
10805 110
10805 111
10884 223
10884 224
10884 225
10884 226
10884 227
10884 228
10884 229
10884 230
10884 231
10798 79
10798 80
10798 81
10798 82
10798 83
10798 84
10504 240
10504 241
10504 242
10504 243
10504 334
10504 335
10504 336
10504 337
10504 338
10504 339
10920 10
10920 11
10920 12
10920 13
10920 14
10920 15
10561 20
10561 21
10561 22
10561 23
10561 24
10561 25
10561 26
10804 128
10804 129
10804 130
10804 131
10804 132
10804 133
10804 134
10804 135
10804 156
10927 90
10927 91
10927 92
10927 93
10927 94
10927 95
10927 96
10927 97
10927 98
10475 118
10475 142
10475 143
10475 144
10475 229
10475 230
10475 231
10830 164
10830 165
10830 166
10830 167
10830 168
10830 169
10830 170
10830 171
10793 79
10831 113
10772 159
10668 303
10668 304
10668 305
10668 306
10668 312
10668 316
10668 317
10534 246
10534 247
10534 248
10534 249
10534 250
10534 251
10534 252
10534 253
10534 254
10534 255
8749 31
10984 10
10984 11
10984 12
10984 13
10984 14
10984 15
10984 16
8769 279
10580 27
10580 28
10580 29
10580 49
10580 68
10580 69
10839 38
10839 39
10839 40
10839 41
10839 42
10839 43
10839 44
10839 45
10839 46
8750 47
8750 51
10441 188
10441 189
10441 190
10441 191
10441 192
10441 193
10441 194
10441 195
10609 75
10609 76
10480 69
10480 70
10480 71
10480 72
10480 73
10480 74
10480 75
10521 252
10521 253
10521 254
10521 255
10521 272
10521 273
10521 284
10521 285
10824 98
10928 50
10928 51
10928 52
10928 53
10928 54
10928 55
10928 56
10928 57
8747 84
10833 30
10756 200
10798 112
10798 113
10966 290
10966 291
10966 292
10966 293
10966 294
10966 295
10966 296
10966 303
10490 252
10490 253
10490 254
10490 255
10490 256
10490 257
10490 258
10490 259
10490 260
10750 65
10750 66
10750 67
10750 68
10750 69
10750 70
10750 71
10750 72
10625 311
10625 312
10625 313
10625 325
10625 326
10517 58
10517 59
8747 34
10584 229
10584 230
10584 262
10584 263
10584 264
10584 265
10584 266
10501 173
10501 174
10501 175
10501 286
10501 287
10501 288
10501 289
10501 310
10610 199
10610 200
10610 201
10610 202
10610 203
10610 204
10610 205
10602 109
10602 110
10602 111
10602 112
10602 113
10602 114
10602 115
10602 116
10818 0
10818 1
10818 2
10818 3
10818 4
10818 7
10818 9
10697 7
10697 8
10697 9
10697 61
10697 62
10697 63
10921 285
10921 286
10921 287
10921 323
10744 155
10744 156
10744 157
10830 77
10830 79
10830 80
10830 81
10830 82
10830 83
10830 84
10830 85
10830 86
10611 8
10611 9
10611 10
10611 11
10611 12
10611 15
10704 145
10563 90
10563 91
10563 92
10563 93
10563 94
10563 95
10888 86
10436 22
10436 23
10436 24
10436 25
10436 26
10436 29
10436 86
10436 87
10987 150
10987 151
10987 152
10987 153
10987 154
10987 155
10987 156
10688 52
10688 75
10688 76
10688 77
10766 35
10931 127
10931 148
10931 167
10931 168
10931 178
10931 183
10931 184
10660 181
10660 182
10641 19
10856 21
10856 22
10856 23
10856 24
10856 25
10856 26
10856 27
10856 28
10693 180
10693 181
10693 182
10551 202
10551 203
10551 204
10551 205
10551 206
10551 207
10551 208
10804 252
10804 253
10804 254
10804 255
10884 23
10706 58
10706 59
10706 69
10706 70
10706 71
10706 72
10706 73
10706 103
10530 64
10530 73
10530 75
10530 77
10530 84
10530 87
10530 92
10530 196
10530 218
10795 109
10502 88
10502 98
10502 108
10502 113
10502 114
10762 123
10762 124
10762 125
10762 126
10521 225
10761 166
10761 167
10761 168
10761 169
10761 170
10761 171
10766 79
10766 80
10766 81
10766 82
10766 83
10766 84
10766 85
10766 86
10766 87
10493 96
10493 97
10493 98
10493 110
10493 111
10493 112
10493 113
10493 114
10728 64
10728 65
10728 66
10728 67
10728 68
10728 69
10728 70
10728 71
10728 72
10728 73
10969 13
10969 14
10969 15
10969 17
10969 19
10969 22
10969 84
10796 234
10796 245
10796 246
10796 247
10796 248
10796 249
10796 252
10796 253
10796 314
10950 26
10950 27
10950 28
10950 29
10950 30
10950 31
10950 32
10950 33
10950 34
10873 20
10873 81
10873 83
10873 84
10873 85
10952 158
10952 159
10952 160
10952 161
10952 162
10952 163
10952 164
10952 165
10745 296
10745 297
10745 298
10745 299
10745 300
10745 301
10745 302
10888 125
10874 211
10874 220
10874 221
10874 222
10874 223
10874 229
10874 230
10874 273
10502 163
10502 164
10502 165
10502 166
10502 167
10502 168
10502 169
10502 180
10502 181
10502 182
10847 64
10847 66
10847 67
10847 68
10847 71
10847 78
10847 79
10847 81
10847 121
10847 126
10547 58
10547 59
10547 90
10547 148
10547 149
10547 150
10547 156
10547 157
10445 106
10445 137
10445 138
10445 139
10445 140
10445 141
10445 142
10445 143
10445 144
10563 18
10563 19
10563 28
10563 29
10563 37
10563 38
10563 39
10563 46
10794 2
10794 3
10794 4
10794 5
10794 6
10794 7
10794 8
10794 9
10794 10
10794 11
8764 77
8764 78
8764 79
8764 80
8764 81
8764 82
8764 83
8764 84
8764 107
8764 108
8764 109
8764 110
8764 111
8764 112
8764 113
8764 114
8764 115
10449 76
10449 77
10449 78
10449 79
10449 80
10449 81
10449 82
10386 74
10786 56
10786 57
10786 58
10786 69
10786 77
10786 78
10724 220
10724 221
10724 222
10724 223
10724 224
10724 225
10724 226
10724 227
10845 37
10845 38
10845 40
10845 41
10845 42
10845 43
10845 44
10788 60
10788 61
10788 62
10788 63
10788 64
10788 65
10788 66
10788 67
10858 23
10870 16
10870 18
10870 19
10870 28
10870 29
10772 40
10772 41
10772 42
10772 43
10772 44
10772 45
10772 46
10772 47
10772 48
10834 83
10745 316
10745 317
10745 318
10745 319
10745 320
10745 321
10745 322
10593 231
10593 232
10593 233
10593 234
10593 235
10593 236
10593 237
10593 296
10683 273
10683 274
10683 275
10683 284
10683 285
10683 304
10683 305
10520 196
10520 197
10520 198
10520 199
10520 200
10520 201
10520 202
10520 203
10988 50
10988 51
10988 52
10988 53
10988 54
10988 55
10988 56
10988 57
10888 126
10563 20
10563 21
10563 22
10563 23
10563 24
10563 25
10563 26
10563 27
8783 34
8783 35
8783 36
8783 37
10968 32
10968 33
10968 34
10968 35
10968 36
10968 37
10438 59
10438 60
10438 61
10438 62
10438 63
10727 7
10727 8
10727 9
10727 21
10727 44
10727 45
10727 46
10849 304
10849 305
10849 306
10849 307
10849 308
10849 309
10849 310
10849 311
10849 313
10849 314
10574 215
10574 216
10574 217
10574 218
10574 219
10574 220
10574 221
10545 19
10545 20
10545 21
10485 0
10485 1
10485 2
10485 3
10485 4
10485 5
10485 6
10485 7
10485 8
10654 346
10700 207
10700 208
10700 296
10700 297
10669 98
10669 99
10669 105
10669 106
10669 107
10669 108
10669 109
10535 3
10535 4
10535 5
10535 6
10535 7
10535 8
10535 10
10535 11
8769 249
8769 250
8769 251
10716 134
10716 135
10716 136
10716 137
10716 138
10716 139
10716 140
10716 141
10989 3
10989 4
10989 5
10828 50
10828 51
10828 52
10828 53
10828 54
10828 55
10828 56
10828 57
10828 85
10562 130
10562 131
10562 132
10562 133
10562 134
10562 135
10562 136
10562 137
10565 50
10565 51
10565 52
10565 53
10565 54
10565 55
10565 56
10626 15
8764 244
8764 245
8764 246
10992 27
10992 28
10992 29
10992 30
10992 31
10992 32
10535 27
10535 28
10535 29
10535 30
10535 31
10535 41
10842 26
10842 27
10842 50
10842 51
10842 52
10842 53
10795 137
10795 138
10795 139
10795 140
10795 141
10795 142
10795 143
10795 144
10886 306
10886 307
10886 308
10886 309
10886 310
10886 311
10886 312
10886 313
10886 314
10581 70
10581 71
10581 72
10612 100
10612 101
10612 102
10612 103
10612 104
10612 105
10612 106
10612 107
10649 29
10649 31
10649 32
10649 33
10649 34
10649 35
10649 36
10442 85
10442 86
10442 87
10442 88
10442 89
10442 90
10442 91
10442 92
10442 93
10648 284
10648 285
10648 286
10648 287
10648 288
10648 289
10648 290
10520 137
10520 138
10520 139
10520 141
10520 142
10520 143
10520 144
10969 125
10969 126
10969 127
10830 88
10830 89
10830 90
10830 91
10830 92
10830 93
10830 94
10830 95
10830 96
10478 8
10478 9
10478 12
10478 13
10478 15
8756 30
8756 31
8756 32
8756 33
8756 34
8756 35
8756 36
10697 94
10697 95
10697 96
10697 97
10697 98
10697 99
10697 100
10697 101
10484 10
10484 11
10484 12
10484 13
10484 14
10484 15
10484 16
10484 17
10484 18
10786 15
10786 16
10786 17
10786 18
10803 286
10803 287
10803 288
10803 289
10832 100
10832 101
10832 102
10832 103
10569 219
10569 220
10569 229
10923 201
10923 202
10923 203
10923 204
10923 205
10923 206
10771 174
10771 175
10771 176
10771 178
10771 179
10771 269
10771 270
10778 0
10778 1
10778 2
10778 3
10778 4
10778 5
10778 6
10690 152
10690 153
10690 154
10690 155
10690 156
10690 157
10690 158
10690 159
10690 160
10822 74
10822 75
10822 76
10822 77
10822 78
10822 79
10822 80
10688 276
10688 277
10688 278
10688 279
10688 280
10597 117
10597 118
10597 119
10597 120
10597 121
10597 122
8771 165
8771 166
8771 167
8771 168
8771 179
8771 180
8771 181
8771 182
8771 183
10625 7
10625 8
10625 9
10625 10
10625 11
10625 12
10625 13
10625 14
10839 34
10839 35
10839 47
10839 71
10839 72
10839 81
10839 82
10473 310
10473 311
10473 312
10473 354
10473 355
10473 356
10473 357
10473 358
10761 142
10761 143
10761 144
10761 145
10761 146
10761 147
10761 148
10816 93
10816 94
10816 95
10816 96
10816 97
10816 98
10816 99
10816 100
10816 101
10771 10
10771 11
10771 12
10771 13
10771 14
10771 15
10771 16
10771 17
10771 18
10938 169
10647 228
10647 229
10647 230
10647 231
10647 284
10790 20
10790 21
10790 22
10790 23
10790 24
10790 25
10771 36
10771 37
10771 38
10771 39
10771 40
10771 41
10771 42
10771 43
10625 327
10625 328
10625 329
10625 330
10625 331
10625 332
10625 333
10625 334
10625 335
10597 163
10597 164
10597 165
10597 166
10597 200
10597 201
10597 202
8746 138
8746 139
8746 140
8746 141
8746 142
8746 143
8746 144
8746 145
8746 146
8746 147
10832 54
10832 55
10832 69
10874 22
10874 23
10874 24
10874 25
10874 26
10874 27
10688 241
10688 242
10688 243
10688 244
10688 246
10688 247
10688 257
10688 261
10688 262
10688 264
11048 30
11048 31
11048 32
11048 33
11048 34
10781 266
10781 267
10781 268
10781 269
10781 270
10781 271
10781 272
10781 273
10974 128
10974 129
10974 131
10974 132
10974 133
10974 134
10974 135
10436 241
10436 256
10436 257
10436 258
8748 74
8748 75
8748 76
8748 77
8748 78
8748 79
8748 80
8748 81
8748 82
10712 314
10712 315
10712 316
10712 317
10712 318
10712 319
10712 320
10437 169
10437 170
10437 171
10437 172
10437 173
10437 174
10437 175
10804 232
10804 233
10804 234
10804 235
10804 236
10804 237
10804 238
10781 20
10781 21
10781 22
10781 23
10781 24
10781 25
10781 26
10781 27
10441 279
10441 281
10441 282
10441 283
10441 284
10529 168
10529 198
10529 199
10529 247
10529 275
10719 177
10719 178
10719 179
10719 180
10719 181
10719 182
10719 183
10929 210
10929 211
10929 217
10929 218
10929 219
10811 0
10811 1
10811 2
10811 3
10811 4
10811 5
10811 6
10811 7
10888 10
10888 11
10888 12
10888 13
10888 14
10888 15
10888 16
10711 60
10711 61
10711 62
10711 63
10711 64
10711 65
10711 66
10490 181
10490 189
10490 292
10490 293
10490 294
10490 295
10490 296
10490 297
10490 298
10634 26
10634 27
10634 28
10634 29
10634 30
10634 31
10490 54
10490 55
10490 56
10490 57
10490 58
10490 59
10490 60
10490 61
8746 0
8746 1
8746 3
8746 4
8746 5
8746 6
8746 7
8746 8
8746 9
10781 147
10781 148
10781 149
10781 150
10781 151
10781 152
10781 153
10963 158
10963 159
10963 160
10963 161
10963 162
10963 163
10963 164
10963 165
10963 166
8747 18
10688 84
10382 50
10382 51
10382 87
10382 88
10382 89
10382 121
10382 122
10382 126
10382 128
10612 126
10612 127
10612 137
10612 145
10721 46
10721 47
10721 48
10721 49
10721 60
10721 61
10721 62
10721 63
10721 64
10533 214
10533 215
10533 216
10533 217
10533 218
10533 219
10533 220
10857 209
10857 210
10857 211
10857 212
10857 213
10857 214
10857 215
10857 216
10719 59
10719 60
10857 149
10857 152
10857 153
10857 154
10857 155
10857 156
10857 157
10438 95
10831 11
10831 12
10831 22
10831 32
10831 42
10831 52
10831 61
10831 62
10831 71
10831 73
10714 43
10445 191
8771 39
10696 57
10696 58
10696 59
10696 60
10696 61
10696 63
10988 92
10988 93
10988 94
10988 95
10988 96
10988 97
10922 37
10922 38
10922 53
10922 54
10922 76
10922 112
10922 124
10725 128
10725 129
10725 130
10725 131
10725 132
10725 133
10804 109
10804 126
10804 127
10729 25
10729 26
10729 27
10729 28
10729 29
10729 30
10729 31
10729 52
10803 64
10803 65
10803 66
10803 67
10803 68
10803 69
10803 70
10540 83
10994 213
10994 214
10994 215
10994 216
10994 217
10994 218
10994 219
10884 52
10884 53
10436 64
10436 65
10813 24
10813 25
10846 95
10846 96
10846 156
10846 157
10846 158
10846 159
10846 189
10846 190
10449 41
10634 185
10634 186
10634 187
10704 276
10660 49
10660 50
10660 51
10500 0
10500 1
10500 2
10500 3
10500 4
10500 5
10500 6
10500 7
10608 108
10608 109
10608 110
10608 111
10608 112
10608 113
10608 114
10672 135
10672 136
10672 137
10987 202
10987 203
10700 102
10700 103
10700 104
10700 105
10700 106
10558 56
10558 57
10558 58
10558 59
10558 60
10558 61
10558 62
10558 63
10558 64
10725 116
10725 117
10725 118
10725 119
10849 205
10613 126
10487 30
10487 31
10487 32
10487 33
10487 34
10487 35
10487 36
10487 37
10432 225
10884 171
10884 172
10884 180
10884 181
10884 182
10884 190
10884 221
10727 256
10727 257
10727 258
10727 259
10727 260
10727 261
10727 262
10727 263
10745 256
10745 257
10745 258
10857 0
10857 1
10857 2
10857 3
10857 4
10857 5
10857 6
10857 7
10695 10
10695 11
10695 12
10613 35
10613 36
10613 37
10613 38
10613 39
10613 40
10613 41
10613 42
10613 43
10613 44
11046 103
11046 106
10974 78
10974 79
10974 80
10974 81
10974 82
10974 84
10974 85
10818 21
10818 22
10818 23
10818 24
10818 25
10818 26
10818 27
10818 28
10602 37
10602 38
10602 39
10623 19
10516 64
10516 65
10516 66
10516 67
10516 68
10516 69
10516 70
10516 71
8764 147
8764 148
8764 149
8764 150
8764 151
8764 152
8764 153
8764 154
10922 123
10922 149
10772 102
10951 11
10951 12
10951 13
10951 14
10951 15
10951 16
10951 17
10966 138
10966 139
10966 140
10966 141
10966 142
10966 143
10966 144
10966 145
10966 146
10540 156
10540 157
10540 164
8769 116
8769 117
8769 118
8769 119
8769 128
8769 129
10611 64
10611 65
10611 66
10611 67
10611 68
10611 69
10611 70
10748 66
10748 67
10748 68
10623 6
10432 138
10432 139
10432 140
10432 141
10432 142
10432 143
10432 144
10629 100
10629 101
10629 102
10629 103
10629 113
10629 114
10629 129
10629 130
10657 8
10657 9
10657 62
10657 63
10657 88
10657 89
10584 173
10584 174
10584 175
10584 176
10584 177
10584 178
10584 179
10969 109
10969 110
10530 61
10530 62
10530 63
10530 65
10530 67
10530 69
10530 70
10471 22
10471 23
10471 24
10471 25
10471 26
10471 27
10471 28
10471 29
10502 143
10502 144
10502 145
10502 146
10502 147
10502 148
10502 149
10502 150
10960 20
10584 110
10584 112
10584 113
10584 114
10584 115
10584 116
10438 10
10438 16
10438 17
10438 41
10438 42
10484 80
10484 81
10484 82
10484 83
10484 84
10484 85
10727 168
10727 169
10727 170
10727 171
10727 172
10727 173
10727 174
10727 175
10727 176
10625 114
10625 212
10635 215
10635 216
10635 217
10635 218
10635 219
10635 220
10635 221
10635 222
10830 205
10830 206
10830 207
10830 208
10830 209
10830 210
10830 211
10830 212
10830 213
10830 214
10998 45
10998 46
10998 47
10998 50
10998 51
10998 52
10998 53
10828 0
10828 1
10828 2
10828 3
10828 4
10828 5
10828 6
10828 7
10521 151
10521 152
10521 153
10521 154
10521 155
10521 156
8757 0
8757 1
8757 2
8757 3
8757 4
10508 83
10508 84
10508 85
10989 16
10989 17
10989 18
10989 19
10989 20
10989 21
10989 22
10989 23
10837 97
10837 98
10837 99
10837 100
10837 101
10837 102
10837 103
10837 104
10837 105
10795 33
10795 34
10795 35
10629 65
10629 68
10745 63
10745 84
10745 85
10745 86
10988 64
10988 65
10988 66
10988 67
10988 68
10988 69
10563 84
10563 85
10563 86
10563 87
10656 10
10656 11
10842 0
10842 4
10842 6
8759 59
10449 34
10449 35
10449 36
10449 37
10449 38
10449 39
10449 40
10449 66
10755 328
10755 329
10755 334
10874 0
10874 1
10874 2
10874 3
10874 4
10874 5
10874 6
11000 34
11000 35
11000 36
11000 37
11000 38
11000 39
10520 55
10520 56
10520 89
10520 90
10520 91
10520 92
10520 93
10956 34
10956 35
10956 36
10956 37
10555 11
10864 96
10863 27
10863 28
10863 29
10967 0
10967 1
10967 2
10967 3
10967 4
10967 5
10967 6
10967 7
10967 8
10444 20
10444 21
10444 22
10444 23
10444 24
10444 72
10544 20
10544 21
10847 242
10847 243
10960 41
10960 42
10960 43
10960 44
10987 10
10987 11
10987 12
10987 13
10987 14
10567 130
10567 131
10567 132
10567 133
10567 134
10567 135
10567 136
10675 204
10675 213
10675 244
10675 254
10675 302
10675 348
10745 266
10745 267
10745 268
10745 269
10745 270
10745 271
10745 272
10745 273
10745 241
10745 242
10745 243
10745 338
10745 339
10745 340
10745 341
10745 342
10745 343
8751 142
8751 143
8751 144
8751 145
8751 146
8751 147
8751 148
8751 149
10913 40
10913 41
10913 42
10913 43
10913 47
10913 48
10913 49
10913 50
10520 266
10520 267
10520 286
10520 287
10520 295
10520 296
10520 297
10520 298
10489 9
10489 19
10489 29
10489 39
10489 47
10489 48
10489 49
10611 179
10611 188
10611 189
10611 196
10611 197
10611 198
10611 199
10611 200
10584 163
10584 164
10584 165
10584 166
10584 167
10584 168
10584 169
10584 170
10678 38
10678 39
10678 54
10678 55
10678 56
10678 57
10678 58
10678 59
10678 60
10432 191
10432 194
10432 195
10432 196
10432 197
10432 198
10432 199
10950 10
10950 11
10950 12
10950 13
10950 14
10950 15
10950 16
10888 127
11048 116
11048 117
11048 118
10570 24
10807 0
10807 1
10807 2
10807 3
10807 4
10807 5
10807 6
10807 7
10807 8
10921 104
10921 105
10921 106
10921 107
10921 108
10921 109
10921 110
10921 111
10921 112
10724 291
10724 292
10724 298
10724 299
10724 300
10724 301
10724 302
10724 303
10724 304
10668 12
10668 13
10668 14
10668 15
10668 16
10668 17
10668 18
10668 19
10646 110
10646 111
10646 112
10646 113
10646 114
10646 115
10646 116
10646 117
10716 96
10716 97
10716 98
10716 99
10716 100
10849 283
10745 38
10529 51
10529 52
10529 53
10529 192
10529 215
10529 216
10529 218
10529 241
10884 13
10873 128
10873 129
10873 130
10873 132
10873 133
10873 136
10797 18
10797 19
10921 9
10921 91
10921 92
10921 93
10611 129
10611 130
10611 131
10611 132
10611 133
10611 134
10611 135
10611 136
10618 18
10618 19
10618 20
10618 21
10618 22
10618 23
10618 24
10517 118
10517 119
10995 54
10995 55
10995 56
10995 57
10995 58
10995 59
10995 60
10574 89
10574 118
10574 119
10574 136
10574 137
10574 155
10574 156
10574 157
10574 170
10574 171
10719 163
10719 164
10719 165
10719 166
10719 167
10719 168
10719 227
10567 140
10567 141
10567 142
10567 143
10567 144
10567 145
10799 33
10799 34
10799 35
10799 36
10799 37
10799 38
10799 39
10799 57
10504 92
10922 78
10538 42
10518 40
10518 41
10483 44
10483 45
10483 46
10483 47
10483 48
10483 49
10483 96
10483 98
10483 100
10483 101
10441 228
10441 229
10441 230
10441 231
10441 232
10441 233
10441 234
10441 235
10441 237
10668 30
10668 31
10668 62
10668 100
10668 102
10668 103
10668 104
10562 70
10562 71
10562 72
10562 73
10562 74
10562 75
10562 76
10562 77
10522 57
10522 58
10522 59
10522 60
10522 61
10522 62
10522 63
10952 27
10952 28
10952 35
10952 64
10952 65
10952 66
10952 67
10952 187
10952 188
10952 189
10952 191
10952 192
10952 193
10952 194
10630 26
10630 27
10630 28
10630 29
10630 30
10630 31
10630 32
10630 33
10630 34
10630 35
10437 189
10437 190
10437 191
10437 192
10437 193
10437 194
10437 195
10437 196
10657 116
10657 117
10657 118
10657 119
10657 120
10657 121
10657 122
10657 123
10694 157
10694 185
10694 186
10574 100
10574 101
10574 102
10574 104
10574 105
10574 106
10574 107
10931 185
10931 186
10931 187
10931 188
10931 189
10931 190
10931 191
10994 220
10994 221
10994 222
10491 26
10491 43
10491 45
10491 46
10491 52
10491 53
10491 54
10491 55
10580 217
10580 218
10580 219
10580 220
10580 221
10580 222
10580 223
10580 224
10847 224
10847 225
10847 226
10847 227
10847 228
10847 229
10888 331
10888 332
10888 333
10888 334
10888 336
10888 337
10888 338
10888 341
10442 266
10442 267
10442 268
10442 269
10442 270
10442 271
10442 272
10442 273
10442 274
10442 275
10534 80
10534 81
10534 82
10534 83
10534 84
10534 85
10534 86
10534 87
10534 88
10656 69
10656 70
10656 71
10656 72
10656 73
10656 74
10656 75
10795 116
10795 117
10795 118
10795 119
10795 124
10795 125
10795 126
10795 127
10849 221
10473 147
10473 148
10473 266
10473 267
10473 268
10473 269
10473 270
10473 271
10490 0
10490 1
10490 2
10490 3
10490 4
10490 5
10490 6
10729 8
10729 9
10729 10
10729 11
10729 12
10729 13
10729 14
10729 15
10389 8
10389 9
10670 6
10670 7
10670 8
10670 9
10670 10
10670 11
10670 12
10670 13
10966 4
10966 5
10966 9
10966 30
10966 60
10966 61
10966 62
10966 63
8751 9
8751 17
8751 50
8751 51
8751 52
8751 53
8751 54
8751 55
8751 56
10530 66
10530 122
10530 125
10530 126
10530 131
10530 132
10530 152
10530 157
10530 159
10666 68
10666 69
10666 86
10666 123
10666 124
10666 195
10666 196
10666 197
10520 278
10520 279
10520 280
10520 281
10520 282
10520 283
10520 284
10520 285
10927 140
10927 141
10927 142
10927 143
10927 144
10927 145
10927 146
10927 147
10927 148
10489 40
10489 41
10489 42
10489 43
10489 44
10489 45
10489 46
10694 158
10694 159
10694 160
10694 161
10694 162
10694 163
10694 164
10694 165
10704 0
10704 1
10704 2
10704 3
10704 4
10704 5
10704 6
10704 7
10704 8
10685 83
10685 84
10685 85
10685 141
10685 142
10685 143
10685 144
10794 22
10794 23
10794 24
10794 25
10794 26
10794 27
10794 28
10794 29
10834 295
10834 296
10834 297
10834 298
10834 299
10834 300
10834 301
10834 302
10834 303
10834 304
10696 294
10696 295
10517 8
10567 202
10567 203
10567 204
10567 205
10567 206
10567 207
10563 47
10563 48
10563 49
10563 57
10563 58
10563 59
10563 68
10563 69
10486 32
10486 33
10486 34
10486 54
10486 55
10486 56
10486 57
10486 58
10921 29
10921 30
10921 31
10772 330
10772 331
10772 332
10772 333
10772 334
10772 335
10772 336
10772 337
10772 338
10744 75
10744 76
10744 77
10744 78
10744 85
10744 86
10744 87
10744 88
10634 189
10634 190
10634 191
10634 199
10634 200
10634 201
10813 4
10813 6
10813 7
10813 8
10813 9
10813 10
10813 11
10649 51
10489 0
10489 1
10489 2
10489 3
10489 4
10489 5
10489 6
10489 7
10489 8
10778 160
10778 161
10778 162
10778 163
10778 165
10778 166
10990 8
10990 9
10967 10
10706 44
10706 45
10706 46
10706 47
10706 55
10706 56
10706 57
10624 107
10624 108
10624 145
10766 33
10994 18
10439 119
10439 120
10432 76
10432 79
10647 2
10647 3
10647 4
10647 6
10647 133
10647 135
10647 136
10647 137
10581 41
10581 42
10581 49
10581 63
10581 64
10581 65
10439 0
10439 1
10439 2
10439 3
10439 4
10439 5
10439 6
10439 7
10439 8
10696 121
10696 122
10696 123
10696 124
10696 125
10696 126
10696 127
10965 23
10965 24
10965 25
10965 26
10719 216
10719 217
10719 218
10719 219
10719 224
10719 225
10719 226
10834 176
10834 177
10834 178
10834 179
10834 180
10834 181
10834 182
10834 183
10580 277
10580 278
10580 279
10580 280
10580 281
10580 282
10591 274
10591 275
10591 276
10591 277
10591 287
10591 296
10591 308
10591 309
10493 72
10493 74
10493 75
10493 76
10493 77
10493 78
10493 79
10493 80
10493 81
10772 8
10772 105
10772 106
10772 107
10772 108
10772 109
10772 110
10504 82
10504 83
10504 84
10504 85
10504 86
10504 87
10504 88
10504 89
10504 230
10873 4
10873 5
10873 8
10873 10
10873 11
10873 14
10829 0
10829 1
10829 2
10829 3
10829 4
10829 5
10448 307
10448 308
10448 309
10448 310
10448 311
10448 312
10448 314
10448 315
10448 316
10448 317
10490 330
10490 331
10490 332
10490 333
10490 334
10490 335
10490 336
10490 337
10490 338
10683 46
10683 47
10449 29
10449 30
10449 31
10735 96
10735 97
10735 98
10735 99
10735 100
10735 101
10735 102
10735 103
10811 69
10811 72
10811 73
10811 74
10811 75
10811 76
10811 77
10482 12
10482 13
10482 14
10482 15
10482 16
10482 17
10482 18
10482 19
10737 226
8769 130
8769 132
8769 133
8769 134
8769 135
8762 74
8762 75
8762 76
8762 77
8762 78
8762 79
8762 80
8762 81
8762 82
8762 83
10745 122
10745 123
10745 124
10745 125
10745 126
10745 127
10966 308
10966 309
10966 310
10966 311
10966 312
10966 330
10966 331
10966 332
10694 110
10694 111
10694 112
10694 113
10694 114
10694 115
10694 116
10694 117
10694 11
10694 12
10694 13
10694 14
10694 15
10694 16
10694 17
10473 149
10473 150
10473 173
10473 181
10473 182
10473 183
10473 201
10473 202
10473 231
10473 299
10307 36
10307 37
10307 38
10307 39
10307 50
10969 159
10969 160
10969 161
10969 162
10969 163
10969 164
10969 165
10520 39
10520 40
10520 41
10520 42
10520 43
10520 44
10520 45
10520 46
10688 20
10688 21
10688 22
10688 24
10724 115
10724 122
10724 123
10724 125
10520 140
10520 147
10520 148
10520 149
10520 150
10520 151
10520 152
10520 153
10625 190
10625 191
10625 250
10625 251
10625 252
10625 253
10625 254
10625 255
10786 33
10786 34
10786 35
10786 36
10786 37
10786 38
10786 39
10786 40
10786 59
10786 60
10716 311
10716 327
10716 328
10716 329
10716 330
8759 165
8759 167
8759 169
8759 170
8759 171
8759 172
8759 173
8759 174
8759 175
10972 64
10972 65
10972 66
10972 67
10972 68
10972 69
10694 18
10694 19
10694 20
10694 21
10694 22
10694 23
10694 24
10694 25
10831 33
10831 34
10831 35
10831 36
10831 37
10831 38
10831 39
10831 40
10831 41
10772 298
10772 299
10772 309
10772 317
10772 318
10772 319
10579 53
10579 54
10579 55
10579 56
10579 57
10579 58
10794 48
10794 49
10794 50
10794 51
10575 0
10575 1
10575 2
10575 3
10575 4
10575 5
10575 6
10562 180
10562 181
10562 182
10562 183
10562 184
10562 185
10562 186
10562 187
10795 79
10795 80
10795 81
10795 82
10795 83
10795 84
10795 85
10795 86
10988 60
10988 61
10988 62
10988 63
10520 337
10520 338
10520 339
10520 340
10520 341
10520 342
10520 343
10520 344
10520 345
10716 264
10716 265
10716 266
10716 267
10716 268
10716 269
10716 270
10491 7
10491 8
10491 14
10491 15
10491 22
10491 27
10491 31
10521 87
10521 88
10521 89
10521 93
10521 94
10521 95
10521 96
10769 9
10769 31
10769 32
10769 33
10769 34
10769 35
10769 36
10769 37
10648 0
10648 1
10648 2
10648 3
10648 4
10648 5
10648 6
10648 7
10648 8
10954 45
10954 46
10954 47
10954 48
10954 49
10954 50
10954 51
10649 0
10649 1
10649 2
10649 3
10649 6
10649 7
10649 8
10649 9
10688 92
10688 93
10688 227
10688 237
10688 256
10688 258
10688 259
10688 260
10688 263
10647 44
10647 45
10647 46
10647 47
10647 48
10647 49
10647 114
10955 39
10955 40
10955 41
10955 42
10955 43
10955 44
10955 45
10955 46
10955 47
10885 40
10885 41
10885 42
10885 43
10885 80
10885 81
10885 87
10885 88
10481 10
10481 11
10481 12
10481 13
10481 14
10481 15
10773 44
10773 45
10773 46
10773 47
10773 48
10773 49
10773 50
10845 155
10845 156
10845 157
10845 163
10845 164
10845 165
10845 166
10845 167
11045 111
11045 112
11045 113
11045 114
10445 111
10445 112
10445 113
10445 114
10445 115
10445 116
10445 181
10445 182
10445 97
10445 98
10445 99
10445 100
10445 101
10445 102
10445 103
10445 104
10708 0
10708 1
10708 2
10708 3
10708 4
10708 5
10708 6
10690 93
10690 94
10690 95
10690 96
10690 97
10690 98
10690 99
10690 100
10690 101
10690 102
10483 64
10483 65
10483 66
10483 67
10483 68
10483 69
10483 70
8747 109
8747 110
8747 111
8747 112
8747 113
8747 114
8747 115
8747 116
8747 117
10475 77
10475 78
10475 79
10475 86
10475 88
10475 89
10475 96
10807 48
10807 49
10807 80
10807 81
10807 82
10807 83
10807 84
10788 30
10788 31
10788 33
10788 34
10788 35
10788 36
10788 37
10788 38
10693 163
10693 164
10693 165
10693 166
10693 167
10693 168
10693 169
10611 139
10611 140
10611 141
10611 142
10611 143
10611 144
10611 145
10821 145
10821 146
10821 147
10821 148
10821 149
10821 150
10821 151
10821 152
10821 153
10534 20
10534 21
10534 22
10534 23
10534 24
10534 25
10534 26
10893 40
10893 41
10893 42
10893 49
10893 76
10893 77
10521 291
10521 292
10521 293
10521 294
10521 295
10521 296
10521 297
10521 298
10923 131
10923 132
10923 133
10923 134
10923 135
10923 136
10923 137
10927 60
10927 61
10927 62
10927 63
10927 64
10927 65
10927 66
10603 33
10603 34
10603 35
10603 36
10603 37
10603 38
10603 39
10603 40
10926 36
10926 37
10926 38
10926 39
10926 40
10926 41
10926 42
10926 43
10716 219
10716 220
10716 221
10716 222
10716 223
10716 224
10716 225
10700 215
10700 216
10700 217
10700 218
10700 219
10700 220
10700 221
8769 259
8769 260
8769 261
8769 262
8769 263
8769 264
8769 265
8769 266
8769 268
10439 76
10439 77
10439 78
10439 79
10439 80
10439 81
10634 330
10634 331
10634 332
10634 333
10634 334
10634 335
10634 336
10634 337
10534 131
10534 132
10534 133
10534 134
10534 135
10534 136
11046 142
11046 162
11046 163
11046 164
10788 10
10788 11
10788 12
10788 13
10788 14
10788 15
10788 16
10584 25
10584 26
10584 27
10584 28
10966 0
10966 1
10966 2
10966 3
10966 6
10966 7
10966 8
10966 31
10551 132
10551 133
10551 134
10551 135
10551 136
10551 137
10551 138
10610 133
10610 134
10610 135
10610 136
10610 137
10610 138
10610 139
10610 140
10441 164
10714 23
10437 177
10654 154
10654 155
10382 52
10382 53
10382 59
10442 221
10613 123
10567 210
10807 104
10594 8
10594 9
10678 0
10678 1
10678 2
10678 3
10701 7
10701 8
10701 9
10471 212
10847 96
10847 97
10888 304
10888 305
10888 307
10735 180
8771 52
10768 29
10951 43
10951 44
10800 140
10800 144
10800 145
10390 42
10390 43
10390 65
10863 33
10863 34
10863 35
8771 50
10570 26
10713 25
10713 26
10538 190
10538 191
10538 192
10771 119
10771 156
10771 157
10771 158
10861 127
10861 147
10861 178
10861 179
10844 59
10844 60
10844 61
10844 74
10518 24
10518 25
10518 26
10518 27
10518 28
10518 29
10449 67
10449 68
10449 69
10449 70
10449 71
10733 27
10733 28
10733 29
10733 30
10837 72
10837 73
10837 74
10837 95
10837 96
10837 106
8771 110
10790 120
10706 97
8747 83
10538 95
10864 53
10864 54
10864 55
8746 181
8746 182
8746 188
8746 189
8746 190
10720 27
10546 74
10434 56
10434 57
10434 58
10434 59
10434 149
10434 150
10434 151
8752 9
8752 10
8752 11
10810 207
10810 208
10810 239
10810 244
10810 245
8746 158
8746 159
8746 160
10737 270
10737 271
10737 272
10737 274
10737 277
10737 279
10472 20
10472 21
10472 22
10472 23
10472 24
10846 83
10846 84
10442 312
10442 313
10634 285
10634 293
10634 294
10634 295
10839 58
10839 59
10839 60
10839 61
10839 62
10834 317
10834 318
10834 319
10448 349
10448 350
10448 351
10931 319
10931 324
10931 325
10705 190
10705 191
10705 214
10705 215
10705 253
10705 254
10705 255
10558 66
10558 67
10558 68
10558 69
10558 71
10558 72
10558 73
10558 74
8762 254
8762 255
8762 262
8762 263
8762 310
8762 311
8762 312
8762 313
8762 314
8762 315
10571 41
10571 42
10571 43
10571 44
10571 46
10700 12
10700 13
10700 14
10700 15
10700 16
10886 166
10886 167
10886 168
10886 169
10886 170
10886 171
10886 172
10733 8
10733 9
10733 10
10733 11
10733 12
10733 13
10733 14
10649 90
10649 91
10649 92
10649 93
10649 94
10649 95
10710 43
10504 158
10504 159
10504 218
10504 219
10504 325
10504 343
10504 344
10504 345
10504 348
10839 63
10839 64
10839 65
10839 66
10839 67
10839 68
10839 69
10839 70
10490 15
10490 20
10490 22
10490 24
10490 25
10490 26
10490 30
10741 79
10741 80
10741 82
10741 83
10741 84
10741 85
10741 86
8768 10
8768 11
8768 12
8768 13
8768 14
8768 15
8768 16
8768 17
8768 18
8768 19
10819 0
10819 1
10819 2
10819 3
10819 4
10819 5
10819 6
10819 7
10545 113
10545 114
10545 115
10545 116
10545 117
10545 118
10545 119
10545 120
10545 121
10633 30
10633 31
10633 32
10633 33
10633 34
10633 35
10633 36
10633 37
10521 29
10521 30
10521 31
10521 32
10521 33
10521 34
10521 35
10725 305
10725 306
10725 307
10725 308
10725 309
10519 22
10519 23
10519 24
10519 25
10519 26
10519 27
10519 28
10791 78
10569 71
10569 72
10569 73
10569 74
10569 75
10569 76
10569 77
10888 70
10888 71
10888 72
10888 73
10888 74
10888 75
10888 76
10803 266
10803 267
10803 268
10803 269
10803 270
10803 271
10803 272
10803 273
10805 16
10805 17
10805 18
10805 19
10805 84
10805 85
10805 86
10805 87
10805 88
10805 89
10502 292
10502 293
10502 302
10502 303
10502 312
10502 313
10502 333
10502 349
10729 63
10501 93
10501 94
10501 109
10501 110
10501 111
10501 112
10501 113
10501 114
10700 58
10700 59
10700 60
10592 152
10592 153
10805 14
10805 15
10805 22
10805 23
10850 60
10850 61
10850 62
10850 63
10850 64
10850 65
10850 66
10850 67
10850 68
8747 80
8747 81
8747 82
8747 93
8747 94
8747 95
8747 96
8747 97
8747 98
10755 14
10755 15
10755 22
10755 23
10755 24
10755 25
10755 34
10755 35
10929 130
10929 163
10929 287
10929 300
10929 309
10929 310
10929 313
10471 83
10656 22
10656 23
10656 24
10656 25
10656 26
10656 27
10656 28
10656 29
10445 166
10445 175
10445 176
10445 177
10445 178
10445 179
10445 180
8751 58
8751 59
8751 60
8751 61
8751 62
8751 63
8751 64
8751 65
8751 140
8751 141
10480 299
10480 300
10480 301
10480 302
10480 303
10480 304
10599 128
10599 129
10599 130
10599 131
10599 132
10599 133
10599 134
10801 20
10801 21
10801 22
10801 23
10801 24
10801 25
10801 26
10796 166
10796 202
10796 203
10796 204
10796 205
10796 206
10796 207
10473 128
10473 129
10473 130
10473 131
10473 132
10473 133
10473 134
10473 135
10473 136
10593 339
10593 340
10593 341
10593 342
10593 343
10593 344
10593 345
10593 346
10382 80
10382 81
10382 82
10382 83
10382 84
10382 85
10382 86
10747 177
10747 178
10747 179
10747 180
10747 181
10747 182
10747 183
10747 184
10747 185
10483 85
10483 86
10483 87
10483 88
10483 89
10483 90
10483 91
10700 91
10700 92
10700 93
10700 117
10700 118
10700 119
10700 120
10700 121
10667 50
10667 51
10667 52
10667 53
10667 55
10667 56
10667 57
10667 58
10613 125
10892 44
10892 45
10892 46
10892 47
10892 48
10892 49
10892 50
8751 128
8751 129
8751 180
8751 181
8751 182
8751 183
8751 184
8751 185
8751 186
10657 91
10657 92
10657 93
10657 94
10657 95
10657 96
10657 97
10657 98
10645 40
10645 42
10666 151
10666 152
10666 153
10666 154
10666 155
10666 156
10954 0
10954 1
10954 2
10954 3
10954 4
10954 5
10634 266
10634 267
10634 268
10634 269
10634 270
10634 271
10634 272
10558 20
10558 21
10558 22
10558 23
10558 24
10558 25
10558 26
10558 27
10558 28
10448 230
10448 231
10448 232
10448 233
10448 234
10448 278
10448 279
10448 280
10471 96
10471 97
10471 98
10471 99
10471 100
10471 101
10471 102
10471 103
10475 7
10475 8
10475 9
10475 17
10475 47
10475 50
10475 51
10755 303
10755 304
10755 305
10755 306
10755 307
10755 308
10308 74
10308 75
10308 76
10308 77
10308 78
10308 79
10308 80
10308 81
10502 9
10502 10
10502 11
10502 12
10502 13
10502 14
10502 15
10502 16
10502 17
10483 11
10483 12
10483 13
10483 71
10483 72
10483 73
10483 114
10483 115
10683 10
10712 82
10712 83
10478 77
10478 78
10478 79
10478 80
10478 81
10478 82
10478 83
10743 128
10743 129
10743 130
10743 132
10743 133
10743 134
10743 135
10845 67
10845 68
10845 69
10845 70
10845 71
10845 72
10845 73
10845 74
10608 60
10608 61
10608 62
10608 63
10608 71
10608 72
10608 73
10608 74
10580 136
10580 145
10580 146
10580 156
10580 166
10580 175
10580 176
10580 186
10580 195
10584 245
10584 246
10584 247
10584 248
10584 249
10584 250
10584 251
10584 252
10570 28
10574 260
10574 261
10574 262
10574 263
10574 264
10574 265
10574 266
10574 267
10574 268
10719 10
10719 11
10719 12
10719 13
10719 14
10719 15
10719 16
10797 29
10772 128
10772 129
10772 130
10772 131
10772 132
10772 133
10890 33
10890 34
10890 35
10890 36
10890 37
10890 38
10675 145
10675 146
10675 147
10675 148
10675 149
10675 150
10675 151
10714 48
10624 270
10624 271
10624 272
10624 273
10624 274
10624 275
10624 276
10473 0
10473 1
10473 2
10473 3
10473 4
10473 5
10473 6
10473 7
10473 8
10308 7
10308 56
10308 57
10308 58
10308 59
10448 313
10448 340
10448 341
10448 342
10448 343
10448 344
10448 345
10448 346
10473 121
10473 245
10473 246
10473 247
10473 248
10473 251
10473 252
10473 253
10473 254
10744 220
10744 221
10744 222
10744 223
10744 227
10805 104
10805 105
10805 106
10805 107
10609 96
10609 97
10611 137
10611 138
10611 146
10611 147
10611 148
10657 125
10657 140
10657 188
10833 192
10833 193
10833 194
10833 195
10444 25
10444 26
10444 27
10444 28
10444 29
10444 74
10693 137
10693 138
10693 139
10693 140
10693 141
10693 142
10693 143
10693 144
10923 20
10923 21
10923 22
10923 23
10923 24
10923 25
11000 10
11000 11
11000 12
11000 13
11000 14
11000 20
11000 21
11000 22
11000 23
10721 0
10721 1
10721 2
10721 3
10721 4
10721 5
10721 6
10578 195
10578 196
10578 197
10578 198
10578 199
10578 200
10578 201
10675 64
10675 65
10675 66
10675 67
10675 68
10675 69
10675 70
10675 71
10690 90
10690 91
10690 92
10966 214
10966 225
10966 226
10966 227
10966 228
10966 229
10966 230
10966 231
8768 0
8768 1
8768 2
8768 3
8768 4
8768 5
8768 6
8768 7
8768 8
10660 88
10660 90
10660 149
10660 151
10660 152
10656 99
10656 100
10656 101
10656 102
10656 103
10656 104
10656 105
10656 106
10688 181
10688 182
10688 183
10688 189
10688 190
10688 191
10688 272
10682 0
10682 1
10682 2
10682 3
10682 4
10682 5
10682 6
10631 29
10631 30
10631 31
10631 32
10631 33
10631 34
10631 35
10631 36
10784 80
10784 81
10784 100
10784 101
10784 102
10784 103
10784 104
10989 26
10989 27
10989 28
10989 29
10989 30
10989 31
10989 32
10645 33
10645 34
10645 36
10645 37
10645 38
10645 39
10481 29
10481 30
10481 31
10481 32
10481 33
10481 34
10481 35
10481 100
10810 146
10810 147
10810 148
10810 149
10810 150
10810 151
10810 152
10810 153
10648 235
10648 236
10648 237
10648 238
10648 239
10648 240
10385 0
10385 1
10385 2
10385 3
10385 4
10385 5
10385 6
10385 7
10533 195
10533 196
10533 197
10533 198
10533 199
10533 200
10533 201
10533 202
10433 50
10433 51
10433 52
10433 53
10433 54
10433 55
10433 56
10579 18
10579 19
10579 27
10579 40
10579 41
10546 80
10546 81
10546 82
10546 83
10546 84
10546 85
10546 86
10546 87
10669 24
10669 25
10669 26
10669 61
10669 62
10669 63
10603 19
10603 23
10603 24
10603 25
10603 26
10603 27
10603 28
10974 156
10974 172
10974 173
10974 176
10974 177
10974 178
10974 179
10716 218
10716 226
10716 227
10716 228
10716 237
10716 238
10716 246
10716 247
10558 10
10558 11
10558 12
10558 13
10558 14
10558 16
10616 11
10616 12
10616 13
10616 14
10616 15
10616 16
10616 17
10616 18
10616 19
10727 207
10727 250
10727 251
10727 252
10727 253
10727 254
10727 255
10858 144
10858 145
10858 146
10858 147
10858 148
10858 149
10858 150
10858 151
10858 152
10473 42
10473 43
10473 44
10473 45
10473 46
10473 47
10473 48
10473 49
10473 50
10595 75
10595 76
10595 77
10595 78
10595 79
10595 80
10595 81
10595 82
10521 10
10521 12
10521 13
10521 14
10521 15
10521 16
10521 17
10521 18
10307 64
10307 65
10307 66
10307 67
10307 68
10307 69
10307 70
10307 75
10952 134
10952 135
10952 136
10952 137
10952 138
10952 139
10952 140
10952 141
10874 76
10874 86
10874 94
10874 95
10874 96
10874 105
10874 106
10874 115
10874 116
10706 89
10706 90
10706 91
10706 92
10706 93
10706 94
10706 95
10706 96
10926 66
10926 67
10926 68
10926 69
10926 70
10926 71
10622 7
10578 0
10578 5
10578 6
10578 7
10578 8
10578 256
10578 258
10987 89
10987 90
10987 91
10987 92
10987 93
10987 94
10987 95
10987 96
10987 97
10448 347
10448 348
10644 21
10644 22
10786 29
10786 30
10669 89
10602 133
10521 282
10890 92
10890 93
10890 94
10693 145
10693 146
10861 100
10861 101
10861 102
10861 103
10861 104
10861 106
10546 55
10546 56
10546 57
10546 58
10546 59
10546 60
10546 61
10546 62
10861 26
10931 73
10931 74
10931 106
10781 231
10781 232
10781 233
10781 234
10781 235
10781 236
10781 237
10781 238
10849 152
10839 36
10839 37
10845 76
10845 87
10845 88
10845 89
10845 90
10845 91
10845 92
10994 103
10994 104
10994 105
10994 106
10994 107
10994 112
10994 113
10994 114
8755 10
8755 11
8755 12
8755 13
8755 14
8771 150
10799 123
10950 25
11002 9
10502 127
10858 80
10858 81
10518 31
10518 33
10680 176
10680 177
10472 7
10472 8
10472 9
10648 152
10648 153
10627 48
10627 49
10627 50
10627 51
10491 92
10491 93
10491 94
10491 95
10491 96
10491 97
10491 100
10491 102
10491 103
10491 104
10921 113
10816 80
10816 81
10816 83
10500 8
10500 9
11005 40
10936 80
10936 81
10936 82
10809 24
10809 28
10809 29
10809 30
10809 31
10809 33
10675 50
10675 51
10675 52
10675 53
10675 54
10675 63
10433 57
10433 102
10433 103
10433 104
10433 105
10308 22
10308 23
10308 31
10308 32
10922 2
10787 20
10787 21
10634 166
10618 26
10389 32
10389 33
10389 34
10521 172
10521 174
10521 175
10521 176
10521 177
10521 178
10521 179
10521 180
10521 181
10581 112
8747 86
10787 0
10787 1
10787 2
10969 0
10969 1
10969 3
10969 5
10969 6
10969 24
10606 42
10606 43
10606 44
10606 45
10606 46
10940 52
10940 53
10940 54
10940 55
10940 56
10940 93
10940 94
10819 78
10819 79
10819 99
10819 119
10819 121
10819 122
10611 25
10611 26
10611 32
10611 33
10611 34
10611 35
10611 36
10611 37
10830 191
10937 36
10937 37
10937 38
10937 39
10937 40
10937 41
10755 157
10755 178
10755 179
10755 180
10755 181
8746 83
8746 84
8746 85
8746 86
8746 87
8746 88
8746 89
10960 10
10960 11
10960 12
10960 13
10960 14
10960 15
10960 16
10960 17
10790 7
10790 8
10790 9
10790 48
10790 49
10790 50
10969 29
10969 30
10969 31
10969 43
10969 44
10969 45
10969 46
10969 47
10556 0
10556 1
10556 2
10556 3
10556 4
10556 5
10556 6
10556 7
10480 49
10480 50
10480 51
10480 52
10480 53
10480 54
10741 232
10741 233
10741 234
10741 235
10741 236
10741 237
10741 238
10658 27
10658 28
10658 29
10724 339
10884 143
10884 144
10884 145
10884 146
10884 147
10884 148
10884 149
10884 150
10884 151
10884 152
10529 64
10529 76
10529 77
10529 80
10529 90
10529 91
10529 186
10795 175
10795 176
10795 177
10795 178
10795 179
10795 180
10795 181
10795 182
10611 201
10611 202
10694 67
10694 68
10694 69
10694 79
10694 87
10694 88
10694 89
10694 98
10694 130
10683 306
10683 307
10683 308
10683 309
10683 310
10683 311
10683 312
10656 89
10656 90
10656 91
10656 92
10656 93
10656 94
10656 95
10694 207
10694 208
10694 209
10694 210
10694 211
10694 212
10845 102
10845 103
10845 104
10845 105
10845 106
10845 107
10657 75
10657 76
10657 77
10657 78
10657 82
10657 83
10657 84
10893 32
10893 70
10893 71
10893 72
10893 73
10893 74
10893 75
10611 190
10611 191
10611 192
10611 193
10611 194
10611 195
8767 60
8767 61
8767 62
8767 63
10956 10
10956 11
10956 12
10956 13
10584 219
10861 32
10799 120
10538 123
10538 124
10538 125
10538 126
10538 127
10538 170
10538 181
10538 182
10700 9
10700 10
10700 17
10700 79
10700 89
10700 97
10700 98
10991 20
10704 49
10704 50
10704 51
10704 52
10704 53
10704 54
10704 55
10704 56
10990 49
10990 50
10990 51
10990 52
10990 53
10990 54
10990 55
10772 346
10772 347
10772 348
10772 349
10478 99
10478 100
10478 101
10478 135
10478 136
10478 137
10771 20
10771 21
10771 22
10771 23
10771 24
10771 25
10574 98
10574 99
10574 122
10574 123
10574 124
10938 127
10938 192
10856 0
10856 1
10856 2
10856 3
10856 4
10856 5
10856 6
10856 7
10856 8
10693 284
10693 285
10693 288
10693 289
10693 290
10693 311
10693 312
10693 313
10693 314
10874 200
10874 202
10874 203
10874 204
10874 205
10874 206
10874 207
10874 208
10436 297
10436 298
10436 299
10436 300
10436 301
10436 302
10436 303
10436 304
8762 51
8762 52
8762 53
8762 54
8762 55
10885 19
10885 27
10885 28
10885 29
10885 50
10885 51
10555 29
10849 94
10849 159
10849 161
10849 164
10849 166
10849 169
10849 173
10849 174
10692 28
10692 40
10692 41
10692 42
10692 43
10692 46
10692 47
10692 48
10888 90
10888 91
10888 92
10888 93
10888 94
10888 95
10888 96
10888 97
10888 98
10888 99
10654 245
10654 246
10654 247
10654 295
10654 296
10654 297
10696 147
10696 148
10696 149
10696 150
10696 151
10696 153
10696 154
10654 25
10654 26
10654 27
10654 28
10654 29
10870 0
10870 1
10870 2
10870 3
10870 4
10870 5
10923 0
10580 137
10580 138
10580 139
10580 140
10580 141
10580 142
10580 143
10580 144
10921 203
10921 204
10921 205
10921 206
10921 207
10921 208
10921 209
10921 210
10689 18
10689 19
10689 26
10689 27
10689 56
10689 57
10850 216
10850 218
10850 219
10850 220
10850 221
10850 223
10990 71
10990 72
10990 73
10990 74
10990 75
10990 76
10990 77
10990 78
10442 25
10442 26
10442 27
10442 28
10442 29
10442 30
10442 31
10442 32
10442 33
10442 34
10687 106
10644 10
10644 11
10644 16
10644 17
10644 18
10644 19
10644 20
11046 68
11046 69
11046 70
11046 71
10665 41
10665 42
10712 96
10712 97
10712 98
10712 123
10712 130
10712 131
10712 132
10884 211
10884 212
10884 213
10884 214
10884 215
10884 256
10644 36
10687 63
10448 128
10966 215
10966 216
10966 217
10966 218
10966 219
10966 221
10966 222
10597 184
10597 185
10597 186
10597 187
10597 188
10597 189
10597 203
10796 151
10796 152
10796 162
10796 170
10796 171
10796 172
10796 173
10796 182
10796 183
10521 241
10521 249
10521 250
10521 251
10521 286
10521 289
10521 290
10743 45
10743 85
10743 86
10743 127
10743 191
10743 219
10795 110
10538 22
10538 23
10538 24
10538 25
10538 26
10538 27
10538 28
10538 29
10538 32
10538 33
10929 107
10929 108
10929 109
10929 120
10929 121
10929 122
10929 123
10929 124
10929 128
10810 93
10810 94
10810 95
10810 96
10810 97
10810 98
10810 99
10810 100
10848 191
10848 222
10848 223
10848 224
10848 225
10848 226
10848 227
10591 47
10591 48
10591 49
10591 58
10591 59
10591 66
10591 67
10591 68
10505 53
10505 54
10505 55
10505 56
10505 57
10505 59
10558 146
10558 147
10558 148
10558 149
10558 150
10558 151
10558 152
10558 153
10850 224
10850 225
10850 227
10756 188
10756 189
10756 190
10756 191
10756 192
10756 193
10756 194
10480 178
10480 179
10480 180
10480 181
10480 182
10480 183
10480 184
10625 145
10625 146
10563 88
10563 89
10563 119
10563 347
10563 348
10563 349
10563 350
10563 351
10547 121
10547 122
10547 123
10547 124
10547 125
10547 126
10704 191
10704 202
10704 203
10704 204
10704 205
10704 206
10704 207
10726 10
10726 11
10726 12
10726 13
10726 16
10726 17
10928 73
10928 74
10928 79
10928 137
10928 138
10928 139
10442 62
10442 63
10442 64
10442 84
10442 94
10442 109
10442 110
10733 92
10733 93
10805 114
10805 115
10805 116
10805 117
10533 134
10533 135
10533 137
10533 138
10533 139
10533 140
10533 141
10533 142
10850 170
10850 172
10850 173
10850 174
10850 175
10799 47
10799 48
10799 49
10799 50
10799 52
10682 14
10682 15
10682 16
10682 17
10682 18
10682 19
10682 20
10682 21
10767 1
10767 2
10767 3
10767 4
10767 5
10767 6
10767 7
10767 9
10767 10
10438 102
10438 103
10438 104
10438 105
10517 128
10517 129
10517 140
10517 141
10517 142
10517 143
10517 144
10517 145
10771 231
10771 243
10771 244
10771 245
10771 246
10771 247
10771 248
10771 249
10771 259
10771 260
10448 296
10448 297
10448 298
10448 299
10448 300
10448 301
10448 302
10448 303
8748 32
8748 45
8748 46
8748 47
8748 48
8748 49
8748 60
8748 61
8748 62
8748 63
10534 189
10534 196
10534 197
10534 198
10534 199
10534 200
10534 277
10646 85
10646 86
10646 87
10646 88
10646 89
10646 118
10646 119
10646 128
10884 163
10884 164
10884 165
10884 166
10884 167
10884 168
10884 169
10714 77
10714 78
10714 80
10714 81
10714 82
10714 83
10714 84
10714 85
10938 106
10938 108
10938 109
10938 110
10938 111
10938 112
10938 113
10938 114
10938 174
10840 41
10840 42
10840 43
10840 49
10840 50
10840 51
10840 53
10840 54
10520 29
10520 30
10520 31
10520 32
10520 33
10520 34
10520 35
10520 36
10581 50
10581 51
10581 52
10581 61
10581 62
10581 66
10581 67
10727 188
10727 189
10727 190
10727 191
10727 192
10727 193
10727 194
10727 195
10727 196
10735 136
10735 137
10735 138
10735 139
10735 140
10735 141
10735 142
10660 29
10660 30
10660 31
10660 32
10660 33
10660 34
10660 35
10660 36
10660 37
10660 38
10490 212
10490 213
10490 215
10490 216
10490 217
10490 218
10490 219
10490 220
10921 68
10921 69
10921 70
10921 114
10921 115
10921 116
10804 11
10804 12
10804 13
10804 14
10804 15
10804 16
10804 17
10804 18
10870 17
10870 20
10870 21
10870 22
10870 23
10870 24
8769 197
8769 198
8769 199
8769 200
8769 203
8769 232
8769 233
8769 234
8769 362
8769 363
10504 326
10504 327
10504 328
10504 329
10504 340
10504 341
10504 342
10819 80
10819 81
10819 82
10819 83
10819 88
10819 89
10634 78
10634 79
10634 80
10634 81
10634 82
10634 83
10634 84
10634 85
10766 14
10766 15
10766 16
10766 17
10766 28
10766 30
10766 53
10501 137
10501 138
10501 139
10501 140
10501 141
10501 142
10501 143
10501 144
10501 145
10501 146
10763 6
10763 7
10763 8
10763 9
10763 10
10763 11
10491 98
10491 101
10491 109
10491 110
10491 116
10491 119
10491 127
10491 163
10591 142
10591 143
10591 144
10591 148
10652 10
10652 11
10652 12
10652 13
10652 14
10652 15
10652 16
10652 17
10652 18
10652 19
10648 241
10648 242
10648 243
10648 261
10648 262
10648 263
10648 269
10648 270
10800 68
10800 69
10800 70
10800 71
10800 72
10800 73
10800 74
10800 75
10800 76
10584 138
10584 139
10584 140
10584 141
10584 142
10584 143
10584 144
10584 145
10584 146
10584 147
10647 10
10647 11
10647 12
10647 14
10647 16
10647 17
10647 18
10647 140
10647 141
10755 221
10755 222
10755 223
10755 224
10755 225
10441 309
10441 310
10441 311
10441 312
10441 313
10441 314
10441 315
10741 110
10741 123
10741 126
10741 127
10741 145
10741 187
10741 188
10694 55
10694 56
10694 57
10694 58
10694 64
10694 65
10694 66
10629 55
10629 56
10629 57
10629 58
10629 60
10629 61
10629 63
10629 64
10988 22
10988 23
10988 24
10988 25
10988 26
10988 27
10988 28
8762 94
8762 95
8762 128
8762 129
8762 130
8762 131
8762 132
8762 133
10688 192
10688 193
10688 194
10688 195
10688 266
10688 267
10688 268
10688 269
10688 270
10561 159
10561 160
10561 161
10561 162
10561 163
10561 164
10561 165
10561 166
10727 84
10727 85
10727 86
10727 87
10727 88
10727 89
10727 90
10804 256
10804 257
10804 258
10804 259
10804 260
10804 261
10804 262
10688 10
10688 11
10688 12
10688 13
10688 14
10688 15
10688 16
11046 98
11046 99
11046 100
11046 101
11046 102
10745 214
10745 215
10745 216
10745 217
10745 276
10745 277
10745 278
10963 127
10963 128
10963 129
10963 130
10963 131
10963 152
10963 153
10963 154
10963 155
10735 18
10735 19
10735 156
10735 157
10735 158
10735 159
10608 81
10608 82
10608 83
10608 84
10608 85
10623 35
10623 36
10623 37
10623 38
10623 40
10623 41
8769 50
8769 51
10561 149
10561 150
10561 151
10561 152
10561 153
10561 154
10561 155
10931 62
10931 64
10931 143
10788 49
10788 68
10788 69
10788 72
10788 73
10522 88
10522 89
10522 90
10480 253
10480 254
10480 255
10480 327
10480 328
10480 338
8771 9
10848 148
10667 67
10846 10
10846 11
10846 12
10846 13
10846 14
10995 20
10995 21
10995 22
10995 24
10995 25
10995 26
10995 27
10995 28
10756 265
10482 20
10482 21
10482 56
10482 57
10482 58
10482 59
10482 61
10482 62
10704 126
10704 127
8771 108
10696 68
8747 39
10672 104
10800 155
10519 68
10519 69
10519 70
10623 3
10782 44
10782 45
10782 46
10745 64
10745 65
10745 66
10745 67
10745 68
10745 69
10745 70
10745 71
10600 43
10600 44
10600 45
10600 46
10600 47
10600 48
10600 64
10648 38
10648 39
10648 40
10648 41
10648 42
10648 46
10648 47
10648 48
10648 49
10665 127
10746 36
10746 65
10471 118
10471 124
11048 67
11048 68
11048 69
8769 7
8769 8
8769 9
8769 10
8769 11
8769 12
8769 13
8769 14
8769 15
10609 27
10609 28
10609 29
10609 30
10609 31
10609 32
10609 34
10609 35
10735 7
8769 96
10444 75
10444 76
10708 12
8759 186
8759 187
8759 188
8759 189
8759 190
8759 191
8759 192
8759 193
8759 194
8759 195
10666 224
10666 225
10666 226
10666 227
10666 228
10666 229
10666 230
10666 231
10845 160
10845 161
10845 162
10855 32
10700 148
10700 149
10700 150
10700 151
10534 231
10534 232
10534 233
11002 0
11002 1
11002 2
11002 6
10781 330
10781 331
10781 332
10667 8
10667 9
10667 18
10667 94
10667 95
10667 96
10667 97
10667 98
10667 99
8771 153
10886 48
10480 106
10480 107
10480 108
10966 124
10966 125
10551 182
10551 183
10551 184
10551 185
10551 186
10551 187
10551 188
10773 20
10773 21
10773 22
10773 23
10807 105
10833 178
10833 179
8770 121
8770 186
8770 209
10505 124
10505 125
10505 126
10505 127
10745 326
10745 327
10745 328
10745 329
10745 330
10745 331
10952 29
10952 68
10952 69
10952 123
10952 124
10952 125
10952 126
10952 127
10952 156
10952 157
10910 71
10910 80
10441 250
10441 251
10441 252
10441 253
10441 254
10441 255
10441 316
10441 317
10613 147
10613 148
10613 156
10920 153
10920 154
10920 155
10920 156
10994 177
10994 178
10994 179
10994 180
10994 181
10994 182
10994 183
10994 184
10994 185
8770 99
8770 100
8770 101
8770 102
8770 103
8770 104
8770 105
8770 151
8770 152
8770 153
10800 10
10800 11
10800 12
10800 13
10800 14
10800 15
10800 19
10800 20
10800 21
10579 47
10579 48
10579 49
10579 50
10579 51
10579 52
10712 50
10712 51
10712 52
10712 53
10712 54
10712 55
10712 56
10649 206
10649 207
10649 208
10649 209
10649 210
10649 211
10649 212
10649 213
10649 214
8770 249
8770 250
8770 252
8770 253
8770 254
8770 255
10807 40
10807 41
10807 42
10807 43
10807 44
10807 45
10807 46
10807 47
10449 91
10449 92
10449 93
10449 112
10449 113
10449 114
10449 115
10578 216
10578 217
10578 218
10578 219
10578 228
10578 229
10578 239
10578 240
10846 266
10846 267
10846 268
10846 269
10846 270
10846 271
10846 272
10846 273
10966 76
10966 77
10966 78
10966 79
10966 87
10966 88
10966 89
10966 123
10307 79
10307 81
10307 86
10307 87
10307 88
10307 89
10680 152
10680 153
10680 154
10680 155
10680 156
10680 157
10893 43
10893 44
10893 45
10893 46
10893 47
10893 48
10892 34
10892 35
10892 36
10892 37
10892 38
10892 39
10892 40
10712 171
10712 172
10712 173
10712 174
10712 175
10712 176
10712 177
10442 159
10442 188
10442 189
10442 190
10442 200
10442 210
10442 219
10442 220
10442 231
10530 151
10530 215
10530 225
10530 227
10530 229
10530 291
10530 292
10921 299
10921 300
10921 301
10921 302
10921 336
10846 194
10846 195
10846 197
10846 256
10846 257
10846 260
10846 262
10846 263
10846 264
10658 21
10658 22
10658 23
10658 24
10658 25
10658 26
10712 256
10712 257
10712 258
10712 259
10712 260
10712 261
10712 262
10712 263
10928 100
10928 101
10928 102
10928 103
10928 104
10928 105
10928 106
10928 107
10727 221
10727 222
10727 223
10727 224
10727 225
10727 226
10727 227
10529 133
10529 139
10529 171
10529 173
10529 175
10737 229
10737 231
10737 232
10737 233
10737 234
10737 235
10737 236
10737 237
10737 238
10447 48
10447 50
10447 51
10447 52
10447 53
10447 54
10735 208
10735 209
10735 210
10735 211
10735 212
10735 213
10923 111
10923 112
10923 113
10923 114
10923 115
10923 116
10923 117
10743 168
10743 170
10743 171
10743 180
10743 181
10743 182
10743 192
10743 194
10486 10
10486 11
10486 12
10486 13
10486 14
10486 15
10486 16
10928 60
10928 61
10928 62
10928 63
10928 144
10928 145
10928 146
10737 158
10737 159
10737 160
10737 161
10737 162
10737 163
10737 164
10737 165
10654 308
10654 309
10654 310
10654 311
10654 312
10654 313
10654 314
10654 315
10772 223
10772 224
10772 225
10772 226
10772 227
10772 228
10772 229
10772 230
10745 74
10745 75
10745 76
10745 77
10745 78
10745 79
10745 80
10886 38
10886 39
10886 40
10886 41
10886 44
10886 45
10886 46
10886 47
10795 164
10795 165
10795 166
10795 167
10795 170
10795 171
10795 172
10590 9
10590 16
10590 17
10590 18
10590 19
10590 29
10590 46
10688 0
10688 1
10688 2
10688 3
10688 4
10688 5
10688 6
10688 7
10688 8
10591 258
10591 259
10591 260
10591 261
10591 263
10591 264
10591 265
10591 266
10591 267
10714 75
10714 76
10714 103
10714 104
10714 105
10714 106
10714 107
10714 108
10878 0
10878 1
10878 2
10878 3
10878 4
10551 162
10551 163
10551 164
10551 165
10551 166
10551 167
10551 168
10551 169
10551 170
10551 171
10696 109
10696 110
10696 111
10696 112
10696 113
10696 114
10445 124
10445 125
10445 126
10445 136
10445 217
10445 240
10445 241
10445 242
10517 0
10517 1
10517 2
10517 3
10517 4
10517 5
10517 6
10517 7
10771 46
10771 47
10771 48
10771 49
10771 50
10771 51
10771 52
10771 53
10771 54
10561 139
10561 140
10561 141
10561 142
10561 143
10561 144
10561 145
10561 146
10561 147
10446 0
10446 1
10446 2
10446 3
10446 4
10446 5
10446 6
10446 7
10446 8
10634 202
10634 203
10634 204
10634 205
10634 206
10634 207
10634 208
10634 209
10545 57
10545 58
10545 59
10545 60
10545 61
10545 62
10545 63
10884 161
10884 240
10884 241
10884 242
10884 301
10884 302
10884 312
10884 340
10888 108
10888 109
10888 119
10888 157
10888 255
10888 263
10888 264
11048 73
11048 74
11048 102
11048 103
11048 104
10386 8
10386 9
10386 18
10386 19
10386 85
10386 86
10584 171
10584 172
10584 180
10584 181
10584 182
10584 183
10488 46
10488 54
10488 55
10488 56
10488 66
10488 76
10488 81
10488 82
10698 20
10698 21
10698 22
10698 23
10698 24
10698 25
10698 26
10698 27
10925 91
10925 92
10925 93
10925 94
10925 95
10925 96
10925 97
10925 98
10925 99
10925 100
10432 255
10432 342
10432 343
10432 344
10432 345
10432 346
8759 47
8759 48
8759 50
8759 51
8759 52
8759 53
8759 54
8759 55
10516 19
10516 41
10516 42
10516 43
10516 44
10516 45
10894 60
10894 61
10894 62
10894 63
10894 64
10894 65
10938 80
10938 131
10938 133
10938 136
10938 137
10712 153
10712 154
10712 155
10712 157
10712 158
10712 160
10712 181
10712 182
8764 247
8764 248
8764 249
8764 250
8764 251
8764 252
8764 253
8764 254
8764 255
10562 120
10562 121
10562 122
10562 123
10562 124
10562 125
10441 33
10441 34
10441 35
10441 36
10441 37
10441 38
10441 39
10816 55
10816 74
10816 75
10816 76
10816 77
10816 78
10816 79
10578 220
10578 221
10578 222
10578 223
10578 224
10578 225
10578 226
10578 227
10798 85
10798 86
10798 96
10798 97
10798 98
10798 99
10798 100
10858 51
10858 52
10858 53
10858 58
10858 59
10858 60
10858 61
10858 62
10858 63
10858 78
10675 320
10675 322
10675 323
10675 324
10675 325
10675 326
10675 327
10690 193
10690 194
10690 195
10690 196
10690 197
10690 198
10690 199
10755 67
10755 76
10755 77
10755 85
10755 86
10755 87
10755 95
10755 96
10584 335
10584 336
10584 337
10584 338
10584 339
10584 340
10584 341
10584 342
10584 343
10446 53
10635 206
10635 207
10635 208
10696 69
8747 14
10733 63
10486 59
10704 99
10993 20
10705 52
10657 85
10623 14
10799 65
10799 66
10799 67
10484 126
10484 127
10972 88
10574 347
8759 166
10931 304
10931 305
10735 2
10782 31
10888 174
8771 30
8771 31
10921 117
10921 118
10921 119
8747 163
8747 164
8747 165
10888 128
10769 54
10769 55
10769 56
10974 32
10974 33
10974 34
10974 35
10974 36
10974 37
10974 38
10974 39
8747 37
10441 20
10441 21
10441 22
10700 303
10700 304
10432 96
10432 97
10432 98
10874 239
10874 240
10874 241
10478 144
10478 145
10478 146
10478 147
10592 8
10592 9
10592 14
10592 15
10592 16
10704 284
10704 285
10648 149
10648 150
10648 151
10727 122
10727 123
10727 124
10727 125
10727 126
10931 117
10696 210
10696 211
10696 254
10696 255
10696 52
10696 53
10696 54
10696 55
10696 56
8750 229
8750 230
8750 231
8750 232
8750 233
8750 291
10597 0
10848 101
10646 129
10646 137
10646 219
10646 238
10646 239
10799 68
10799 70
10799 71
10799 72
10491 9
10805 137
10648 339
10648 340
10648 341
10644 34
10888 78
10837 118
10837 119
10837 120
10837 121
10837 122
10837 123
8759 206
8759 237
8759 238
8759 239
8759 240
8759 241
10807 120
10807 121
10807 122
10807 123
10951 0
10745 138
10745 139
10745 140
10745 141
10745 142
10745 143
10745 144
10745 145
10745 146
10445 146
10445 147
10445 149
10445 150
10445 151
10445 152
10394 42
10394 43
10394 54
10537 28
10537 29
10537 30
10537 38
10537 39
10537 40
10537 105
10537 106
10439 106
10439 107
10439 108
10439 109
10439 111
10439 112
10439 118
10737 341
10737 342
10737 343
10737 344
10737 345
10888 328
10888 329
10888 330
10493 95
10593 238
10593 239
10593 240
10593 241
10593 242
10593 244
10593 245
10593 246
10992 53
10992 54
10992 55
10992 56
10992 57
10983 0
10983 1
10983 2
10983 3
10983 4
10983 5
10597 217
10597 218
10597 219
10597 231
10597 232
10597 233
10597 234
10921 200
10921 201
10921 202
10834 275
10834 276
10834 277
10834 278
10834 279
10834 280
10834 281
10534 103
10640 8
10640 9
10708 17
10987 195
10987 196
10987 197
10987 198
10987 199
10987 200
10987 201
10781 108
10781 110
10781 111
10781 112
10781 154
10781 155
10781 156
10781 164
10505 20
10505 21
10505 22
10505 23
10505 24
10505 25
10505 26
10993 8
10993 9
10394 26
10394 27
10394 28
10394 29
10579 7
10579 8
10579 9
10888 158
10888 159
10888 169
10888 219
10888 220
10888 221
10888 265
10888 279
10894 40
10894 41
10894 42
10894 43
10894 44
10894 45
10997 0
10997 1
10997 2
10997 3
10997 4
10997 5
10997 6
10575 20
10575 21
10575 22
10575 23
10575 24
10733 56
10733 57
10733 64
10733 65
10733 66
10733 67
10733 68
10733 69
10733 70
10735 123
10735 124
10735 125
10974 100
10974 101
10974 102
10974 112
10660 186
10660 187
10660 188
10660 189
10660 190
10660 191
10639 8
10639 9
10639 10
10639 11
10639 12
10639 13
10639 14
10639 15
10639 16
10741 163
10741 164
10741 165
10741 179
10741 180
10741 217
10741 218
10741 219
10502 120
10502 121
10502 122
10502 123
10434 136
10434 137
10434 138
10784 17
10784 18
10784 19
10784 20
10784 21
10784 22
10784 23
10784 24
10921 177
10921 178
10921 179
10921 180
10921 181
10647 205
10505 91
10505 92
10505 93
10505 109
10505 118
10505 119
10505 120
10858 113
10858 114
10858 115
10858 116
10858 117
10858 154
10858 155
10647 90
10647 91
10647 92
10647 93
10647 94
10647 95
10647 96
10647 97
10647 188
10436 172
10436 173
10436 174
10436 175
10436 176
10436 177
10436 178
10436 179
10505 94
10505 95
10505 96
10505 97
10505 98
10505 99
10821 0
10821 1
10821 2
10821 3
10821 4
10821 5
10821 6
10821 7
10693 170
10693 171
10693 172
10434 54
10434 55
10795 89
10795 90
10795 95
10795 97
10795 98
10795 99
10804 110
10804 111
10804 112
10804 113
10804 114
10804 115
10804 116
10838 55
10838 56
10838 57
10838 58
10838 59
10836 20
10836 21
10836 22
10836 23
10836 24
10836 25
10836 26
10836 27
10563 277
10563 278
10563 279
10563 280
10563 281
10563 282
10563 283
10563 284
10563 285
10563 286
8770 0
10688 37
10688 38
10688 39
10688 40
10688 41
10688 42
10688 43
10688 44
10688 45
10963 26
10963 27
10963 28
10963 29
10963 30
10963 31
10963 32
10969 48
10969 49
10969 50
10969 51
10969 52
10969 53
10745 200
10745 201
10745 202
10745 203
10745 204
10745 205
10745 206
10745 207
10745 208
10591 217
10591 218
10591 219
10591 230
10591 231
10591 232
10591 233
10591 234
10591 235
10537 59
10537 60
10537 80
10537 81
10537 83
10537 85
10600 31
10600 32
10600 33
10600 34
10600 36
10600 37
10600 38
10847 244
10847 245
10847 246
10501 11
10501 12
10501 13
10501 14
10501 16
10501 17
10501 18
10821 85
10821 86
10821 87
10821 88
10821 89
10821 90
10821 91
10821 92
11005 22
11005 23
11005 24
11005 25
10955 49
10955 50
10955 51
10955 52
10955 53
10694 143
10694 144
10694 145
10694 146
10694 147
10694 148
10694 149
10694 150
8754 73
8754 74
8754 75
8754 76
8754 77
8754 78
8754 79
8754 80
8754 81
8754 82
10654 208
10654 209
10654 220
10654 221
10654 222
10654 223
10654 224
10654 225
10654 226
8748 25
8748 26
8748 27
8748 28
8748 29
8748 30
10584 155
10584 156
10584 157
10584 158
10584 159
10584 161
10584 162
10663 14
10663 15
10663 16
10663 17
10663 18
10663 19
10551 211
10551 221
10551 229
10551 230
10551 231
10551 232
10551 233
10551 234
8769 309
8769 310
8769 311
8769 312
8769 313
8769 314
8769 315
8769 316
8769 317
8769 318
10727 24
10727 25
10727 26
10727 27
10727 28
10727 29
10727 30
10727 31
10861 148
10861 149
10861 170
10861 171
10861 172
10861 173
10861 174
10861 175
10861 176
10861 177
10478 122
10478 123
10478 124
10478 125
10478 126
10478 127
10478 191
10800 192
10800 193
10800 256
10800 257
10800 258
10800 259
10800 260
10800 261
10562 140
10562 141
10562 142
10562 143
10562 144
10562 145
10562 146
10592 204
10592 205
10592 206
10592 207
10592 208
10592 209
10592 210
10592 211
10592 212
10592 213
10787 13
10787 14
10787 15
10787 16
10787 17
10787 18
10787 19
10595 92
10595 93
10595 94
10595 95
10595 104
10595 105
10595 115
10595 126
10857 89
10857 90
10857 91
10857 92
10857 93
10857 96
10857 97
10744 64
10744 65
10744 66
10744 67
10744 98
10744 99
10744 100
8762 234
8762 235
8762 236
8762 237
8762 238
8762 239
8762 240
8762 241
8762 242
10946 30
10946 31
10946 32
10946 33
10946 34
10946 35
10946 36
10946 37
10778 150
10778 151
10778 152
10778 153
10778 154
10778 155
10778 156
10778 157
10784 45
10784 46
10784 47
10784 48
10784 126
10784 127
10748 7
10748 8
10748 9
10807 86
10807 87
10807 88
10807 89
10807 106
10807 108
10807 109
10747 122
10747 123
10747 124
10747 125
10747 126
10747 127
10968 38
10968 39
10968 40
10968 41
10668 63
10668 74
10668 75
10668 76
10668 77
10668 78
10668 79
10940 27
10940 28
10940 29
10940 30
10940 31
10940 32
10725 96
10725 97
10725 98
10725 99
10725 100
10725 101
10725 102
10567 150
10567 151
10567 152
10567 153
10567 154
10567 155
10625 26
10625 27
10625 28
10625 29
10625 30
10625 31
10625 32
10848 35
10848 36
10848 37
10848 38
10848 39
10848 50
10848 51
10848 52
10824 25
10824 26
10824 27
10824 28
10824 29
10824 30
10824 31
10824 32
10824 33
10824 34
10819 30
10819 31
10819 32
10819 33
10819 34
10819 35
10819 36
10819 37
10819 38
10819 39
10921 137
10921 150
10921 151
10921 152
10921 153
10921 182
10921 183
10921 184
10966 16
10966 17
10966 18
10966 19
10966 100
10966 101
10966 122
10929 40
10929 41
10929 42
10929 43
10929 44
10929 45
10929 46
10929 47
10436 117
10436 118
10436 119
10436 120
10436 138
10436 139
10436 140
10436 141
10436 142
10667 30
10667 31
10667 32
10667 33
10667 34
10667 35
10667 36
10648 244
10648 246
10648 247
10648 248
10648 249
10648 250
10648 251
10648 252
10648 253
10966 28
10966 29
10966 126
10966 127
10966 148
10966 149
10966 150
10966 151
10771 212
10771 213
10771 214
10771 215
10771 281
10771 282
10598 0
10598 1
10598 2
10598 3
10598 4
10598 5
10598 6
10540 18
10540 19
10540 29
10540 37
10540 38
10540 39
10540 80
10517 34
10517 35
10517 37
10517 38
10517 39
10517 60
10517 61
10597 244
10597 256
10597 257
10597 258
10597 259
10597 290
10597 291
10648 154
10648 155
10648 156
10648 157
10648 158
10648 159
10648 160
10648 161
10884 162
10884 170
10884 222
10884 232
10884 239
10884 341
10884 342
10441 43
10441 44
10441 45
10441 46
10441 47
10441 48
10441 49
10706 64
10706 65
10706 66
10706 67
10706 68
10624 215
10624 216
10624 217
10624 218
10624 219
10624 220
10624 221
10624 222
10574 173
10574 174
10574 175
10574 176
10574 177
10574 178
10574 179
10824 15
10824 16
10824 17
10824 18
10824 19
10824 20
10824 21
10824 22
10824 23
10824 24
10857 54
10857 55
10857 104
10857 105
10857 116
10857 117
10857 145
10857 146
10602 118
10602 119
10602 120
10602 121
10602 128
10602 129
10602 130
10602 131
10923 171
10923 172
10923 173
10923 174
10923 175
10923 176
10923 177
10716 159
10716 160
10716 161
10716 162
10716 163
10716 164
10716 165
10716 166
10948 15
10948 16
10948 17
10948 18
10948 19
10948 20
10948 21
10948 22
10948 23
10830 184
10830 185
10830 186
10830 187
10830 188
10830 189
10849 20
10849 21
10849 22
10849 23
10849 24
10849 25
10772 241
10772 242
10772 243
10772 244
10772 245
10772 246
10480 202
10480 203
10480 204
10480 205
10480 206
10480 207
10480 208
10480 209
10480 210
10719 64
10719 65
10719 66
10719 67
10719 68
10719 69
10719 70
10719 71
10547 141
10547 142
10547 143
10547 144
10547 145
10547 146
10858 36
10858 37
10858 38
10858 39
10858 42
10858 43
10858 44
10929 261
10929 262
10929 263
10929 264
10929 265
10929 266
10929 267
10929 268
10657 214
10657 215
10657 216
10657 217
10657 218
10657 219
10657 220
10839 73
10839 75
10839 77
10839 78
10839 79
10839 80
10712 11
10712 12
10712 13
10712 14
10712 15
10712 16
10712 104
10504 97
10696 188
10471 175
10741 124
10741 125
10741 189
10741 190
10741 191
10382 9
10821 93
10821 94
10704 134
10704 135
8750 272
10504 134
10922 127
10920 140
10920 141
10920 142
10791 75
10791 76
8747 40
10508 75
10994 0
10994 1
10994 2
10994 3
10994 4
10994 5
10994 6
10994 7
10574 79
10574 87
10574 88
10574 172
10500 30
10500 31
10500 41
10500 42
10929 10
10929 11
10929 12
10929 14
10929 16
10929 17
10929 18
10929 140
10929 141
10816 105
10816 109
10816 110
10816 111
10816 112
10755 327
10712 253
10712 254
10712 255
10724 240
10724 241
10724 242
10724 243
10724 244
10724 245
10724 246
10478 118
10478 138
10478 139
10478 140
10478 141
10478 142
10478 143
11001 57
10714 10
10714 11
10714 12
10714 13
10910 65
10910 74
10840 75
10505 70
10505 71
10505 72
10505 73
8762 223
8762 308
8762 309
10955 23
10955 24
10998 40
10998 41
10998 43
10998 44
10533 32
10533 35
10533 38
10533 43
10533 44
10533 45
10533 46
10533 47
10533 48
10829 27
10829 28
10829 29
10762 92
10762 106
10762 114
10762 115
10432 10
10432 11
10732 12
10732 13
10732 14
10732 15
10732 16
10938 27
10938 28
10938 29
10938 30
10938 31
10938 37
10938 184
8750 151
8750 152
8750 195
8750 196
8750 197
8750 198
8750 199
8750 200
10710 52
10710 53
10710 54
10710 59
10710 60
10834 219
10445 305
10445 306
10445 307
10445 308
10445 309
10445 310
10445 311
10445 312
8771 154
10857 24
10857 25
10857 28
10857 29
10857 30
10857 31
10857 32
10700 261
10529 212
10529 213
10529 271
10529 272
10529 278
10445 117
10445 118
10445 119
10445 120
10445 121
10445 122
10445 123
10545 164
10545 165
10545 166
10545 176
10545 177
10613 100
10963 10
10963 11
10963 12
10963 13
10963 14
10963 15
10597 167
10597 168
10597 169
10597 180
10597 181
10597 182
10597 183
10688 171
10688 172
10688 173
10688 174
10688 175
10688 176
8758 18
8758 19
8758 20
8758 21
8758 22
8758 23
10927 47
10927 48
10927 49
10927 108
10927 109
10846 174
10846 175
10846 176
10846 177
10846 182
10846 184
10846 185
10482 89
10482 99
10482 107
10482 108
10482 109
10482 123
10771 65
10771 66
10771 67
10771 68
10771 69
10771 70
10771 71
10771 72
10858 156
10968 0
10968 1
10968 2
10968 3
10968 4
10968 5
10968 6
10968 7
10694 70
10694 71
10694 72
10694 73
10694 74
10694 75
10694 76
10694 77
10694 78
10816 56
10816 57
10816 58
10816 59
10816 60
10816 61
10816 62
10816 63
10622 40
10622 41
10622 42
10622 43
10622 44
10622 45
10848 201
10561 30
10561 31
10561 32
10561 33
10561 34
10561 35
10561 36
10561 37
10561 38
10561 39
10669 5
10669 6
10540 30
10540 31
10540 32
10540 33
10540 34
10540 35
10540 36
10625 227
10625 228
10625 237
10625 238
10625 247
10625 248
10625 249
10592 58
10618 0
10618 1
10618 2
10618 3
10618 4
10618 5
10441 239
10441 240
10441 241
10441 242
10441 243
10441 244
10441 245
10979 16
10807 103
10666 87
10666 88
10666 89
10666 98
10666 99
10666 120
10666 121
10666 122
10858 107
10858 112
10581 53
10581 54
10581 55
10581 56
10581 57
10581 58
10581 59
10581 60
10704 328
10704 329
10923 161
10923 162
10923 163
10923 164
10923 165
10923 166
10923 167
10923 168
10551 222
10551 223
10551 224
10551 225
10551 226
10551 227
10551 228
10969 123
10969 124
10969 170
10969 171
10969 172
10969 173
10973 10
10973 11
10973 12
10973 13
10973 14
10973 16
10973 17
10809 34
10809 35
10809 36
10809 37
10809 38
10809 39
10809 40
10809 41
10809 42
10809 43
11005 41
11005 54
11005 55
11005 56
10583 50
10583 51
10583 52
10583 53
10583 54
10583 55
10611 96
10611 97
10611 98
10611 99
10611 100
10611 101
10810 199
10810 200
10810 201
10810 202
10810 203
10810 204
10918 19
10918 50
10918 80
10918 81
10918 82
10918 84
10918 85
10918 86
10918 87
10599 42
10599 43
10599 52
10599 53
10599 63
10599 64
10921 94
10921 95
10921 96
10921 97
10921 98
10921 99
10921 100
10475 190
10475 191
10475 192
10475 193
10475 194
10475 195
10475 196
10475 197
10475 198
10475 199
10563 327
10563 328
10563 329
10563 330
10563 331
10563 332
10563 334
10446 24
10446 25
10446 26
10952 98
10952 99
10952 100
10952 102
10952 103
10952 104
10952 105
10685 87
10685 88
10685 89
10685 90
10685 91
10685 92
10685 93
10685 94
10685 95
8762 134
8762 135
8762 136
8762 137
8762 138
8762 139
8762 140
8762 141
10922 94
10592 330
10592 331
10592 332
10592 333
10592 334
10592 335
10592 336
10592 337
10592 338
10990 59
10990 60
10990 61
10990 62
10990 63
10735 0
10988 160
10988 161
10988 162
10988 163
10988 164
10988 165
10988 167
10580 247
10580 248
10580 249
10580 250
10580 251
10580 252
10580 253
10580 254
10737 142
10737 152
10737 213
10737 214
10737 217
10737 218
10735 36
10735 38
10735 39
10735 41
10735 42
10735 170
10735 192
10735 193
10307 119
10307 120
10307 125
10307 126
10307 127
10472 0
10472 1
10472 2
10472 3
10472 4
10472 5
10472 6
10501 83
10501 84
10501 85
10501 86
10501 87
10501 88
10563 201
10563 202
10563 203
10563 204
10563 205
10563 206
10563 207
10928 30
10928 31
10928 32
10928 33
10928 34
10928 75
10928 76
10928 77
10928 78
10649 63
10649 66
10649 67
10649 68
10649 69
10649 70
10649 71
10649 81
10649 82
10649 85
10649 86
10886 256
10886 257
10886 258
10886 262
10886 263
10886 323
10886 324
10886 325
10886 334
10951 49
10951 50
10951 51
10951 52
10951 53
10951 54
10951 55
10307 76
10307 78
10307 90
10307 91
10307 92
10307 98
10307 99
10307 100
10307 101
11000 24
11000 25
11000 26
11000 27
11000 28
11000 29
11000 30
10530 145
10530 149
10530 153
10530 156
10530 160
10530 163
10530 164
10530 173
10735 8
10735 9
10735 27
10735 28
10735 30
10735 31
10735 32
10735 33
10735 34
10874 231
10874 232
10874 233
10874 234
10874 235
10874 236
10874 238
10575 10
10575 11
10575 12
10575 13
10575 14
10575 15
10734 31
10734 32
10734 33
10734 34
10734 35
10734 36
10734 37
10734 38
10766 113
10766 114
10766 115
10766 116
10766 117
10766 118
10766 119
10578 182
10578 183
10578 184
10578 194
10578 202
10578 203
10578 204
10578 206
10647 70
10647 72
10647 73
10647 75
10647 76
10647 77
10647 78
10647 79
10647 100
10890 39
10890 40
10890 43
10890 46
10890 49
10890 52
10890 54
10953 21
10953 22
10953 23
10953 24
10953 25
10953 26
10953 27
10953 28
10953 29
10953 30
10442 279
10442 282
10442 284
10442 285
10442 296
10442 297
10442 298
10442 299
10529 163
10529 164
10529 177
10529 178
10529 179
10529 180
10529 182
10529 183
10533 174
10533 175
10533 176
10533 177
10533 178
10533 179
10533 180
10533 181
10533 182
10704 166
10704 167
10704 168
10704 169
10704 170
10704 171
10704 172
10704 173
10799 22
10799 23
10799 28
10799 29
10839 0
10839 1
10839 2
10839 3
10839 4
10839 5
10839 6
10839 7
10690 230
10690 231
10690 232
10690 331
10690 347
10690 348
10690 349
10690 350
10690 351
10591 118
10591 119
10591 120
10591 121
10591 131
10591 140
10591 247
10591 248
10756 168
10756 169
10756 170
10756 171
10756 172
10756 173
10756 174
10756 175
10756 186
10648 254
10648 255
10648 256
10648 257
10648 258
10648 259
10648 260
10728 9
10728 10
10728 11
10728 12
10728 13
10728 14
10728 15
10728 16
10728 17
10728 18
10834 285
10834 286
10834 287
10834 288
10834 289
10834 290
10834 291
10834 292
10432 208
10432 209
10432 210
10432 211
10432 212
10432 214
10432 215
10591 70
10591 71
10591 72
10591 73
10591 74
10591 75
10631 43
10631 44
10631 45
10631 46
10631 47
10631 48
10631 49
10471 78
10471 79
10471 80
10471 81
10471 82
10504 286
10504 287
10504 288
10504 289
10504 320
10504 321
10849 100
10849 101
10849 102
10849 103
10849 104
10849 105
10849 120
10849 123
10595 146
10595 147
10595 148
10595 149
10864 56
10864 57
10864 64
10864 65
10864 66
10864 67
10484 20
10484 21
10484 22
10484 23
10484 24
10484 25
10484 26
10569 151
10569 152
10569 153
10569 154
10569 155
10569 156
10569 157
10569 158
10569 159
10540 92
10540 93
10540 94
10540 103
10540 104
10540 105
10540 106
10540 107
10436 192
10436 193
10436 194
10436 195
10436 196
10436 197
10436 198
10436 199
10500 20
10500 21
10500 22
10500 23
10500 24
10500 25
10500 26
10545 157
10545 158
10545 159
10545 160
10545 161
10545 162
10545 163
10839 83
10839 84
10839 85
10839 86
10839 87
10839 88
10839 89
10390 24
10390 48
10390 49
10390 51
10390 52
10390 53
10390 54
10390 55
10668 2
10668 3
10668 4
10668 5
10668 6
10668 7
10668 8
10668 9
10534 10
10534 11
10534 12
10534 13
10534 14
10534 15
10534 16
10534 17
10534 18
10473 122
10473 123
10473 124
10473 125
10473 126
10473 127
10473 144
10473 145
10473 249
10473 250
10562 150
10562 151
10562 152
10562 153
10562 154
10562 155
10562 156
10562 157
10831 53
10831 54
10831 55
10831 56
10831 57
10831 58
10831 59
10831 60
10769 40
10769 41
10769 42
10769 43
10769 44
10769 45
10894 80
10894 81
10894 82
10894 83
10894 84
10894 85
11045 191
11045 192
11045 193
11045 194
11045 195
10502 220
10502 221
10502 223
10502 224
10502 225
10502 226
10502 227
10690 20
10690 21
10690 34
10690 36
10690 37
10690 38
10690 39
10521 299
10521 300
10521 310
10521 311
10521 318
10521 319
10521 320
10521 321
10521 333
10667 74
10667 75
10667 76
10667 77
10667 78
10667 79
10667 80
10667 81
10630 12
10630 13
10630 14
10630 15
10630 16
10630 17
10630 18
10630 19
10745 81
10745 82
10745 96
10745 160
10745 161
10745 162
10745 163
10478 0
10478 1
10478 2
10478 3
10478 4
10478 5
10478 6
10478 7
10725 74
10725 75
10725 76
10725 77
10725 78
10725 79
10725 80
10445 183
10445 184
10445 185
10445 186
10445 187
10445 188
10445 189
10737 101
10737 116
10737 118
10737 119
10737 120
10737 121
10737 122
10737 123
8771 152
10888 122
10530 120
10530 141
10530 162
10530 255
10530 271
10530 272
10530 273
10486 18
10480 0
10480 1
10480 2
10480 3
10480 4
10480 5
10727 266
10727 267
10727 268
10727 269
10727 270
10727 271
10727 272
10562 8
10562 9
10562 17
10562 18
10562 19
10562 38
10562 39
10562 47
10562 48
10746 32
10445 223
10445 224
10445 225
10445 226
10445 227
10445 228
10921 330
10570 30
10597 4
10624 36
10624 37
10624 39
10624 40
10624 41
10624 42
10624 43
10849 292
10648 43
10648 44
10648 45
10839 105
8747 32
8769 52
8769 53
10929 291
10929 292
10929 293
10929 294
10929 295
10929 296
10929 297
10929 298
10696 176
10696 177
10696 178
10696 179
10696 180
10696 181
10696 182
10696 183
10704 17
10704 18
10704 28
10704 38
10704 45
10704 46
10704 47
10704 48
10846 216
10846 217
10846 218
10846 219
10846 220
10846 221
10846 258
10668 52
10714 54
10714 55
10714 56
10714 57
10714 58
10725 337
10725 338
10725 339
10725 340
10725 341
10725 342
10725 343
10845 97
10845 98
10592 78
10592 98
10592 99
10592 100
10974 98
10974 99
10974 105
10974 106
10974 107
10974 108
10974 109
10974 110
10974 111
10737 200
10737 201
10737 246
10737 247
10737 248
10491 4
10888 62
8745 67
8745 68
8745 69
8745 70
10669 0
10669 1
10669 2
10669 3
10386 128
10386 129
10386 130
10386 131
10386 132
10386 133
10386 134
10386 135
10890 4
10890 5
10890 6
10737 109
10737 110
10737 111
10737 112
10737 113
10439 165
10439 166
10439 167
10439 168
10439 171
10439 172
10952 153
10952 166
10952 167
10952 176
10952 177
10952 255
10815 15
10815 26
10815 27
10635 154
10635 257
10994 174
10994 175
10994 176
10994 223
10994 224
10687 32
10687 33
10687 34
10687 35
10687 36
10687 37
10441 50
10441 51
10674 57
10624 335
10624 336
10624 344
10624 345
10624 346
10624 353
10624 354
10745 113
10745 114
10745 115
10745 116
10745 117
10745 118
10745 119
10745 210
10727 186
10727 187
10727 197
10727 205
10727 206
10884 233
10884 234
10884 235
10884 236
10884 237
10884 238
8747 15
8751 98
8751 99
8751 100
8751 101
8751 102
8751 103
8751 104
8751 105
8751 106
10479 6
10479 7
10479 8
10479 9
10479 24
10479 25
10634 265
10634 273
10634 274
10634 275
10711 23
10711 24
10711 32
10711 33
10842 18
10842 19
10842 20
10842 21
10842 22
10842 23
10842 36
10842 37
8769 269
8769 270
8769 271
8769 272
8769 273
10490 202
10490 203
10490 204
10490 205
10490 206
10490 207
10490 208
10490 209
10668 260
10668 261
10668 262
10668 263
10668 264
10668 265
10668 266
10668 267
10693 316
10693 317
10693 318
10693 319
10618 27
10951 21
10951 22
10951 23
10951 24
10595 27
10595 28
10595 29
10595 30
10595 31
10595 34
10834 38
10724 106
10724 107
10724 108
10724 109
10724 110
10724 111
10724 112
10724 113
10737 49
10737 50
10737 51
10737 52
10737 54
10959 39
10959 41
10959 45
10959 74
10959 75
10959 76
10959 77
10959 78
10959 80
10530 318
10530 322
10830 45
10830 46
10830 47
10830 48
10830 49
10830 51
10830 52
10830 53
10886 8
10886 10
10886 11
10649 30
10649 37
10649 38
10649 39
10756 245
10756 246
10756 247
10519 51
10700 234
10700 238
10700 239
10700 240
10700 241
10700 242
10998 20
10998 21
10998 22
10998 23
10998 24
10998 25
10998 26
10998 27
10998 28
10975 12
10547 51
10547 52
10547 53
10547 54
10547 55
10547 56
10690 262
10690 263
10690 264
10690 265
10690 266
10690 267
10690 268
10690 289
10810 242
10810 243
10803 9
10803 10
10803 11
10803 12
10803 13
10803 14
10803 15
10483 43
10483 92
10483 93
10988 74
10988 75
10988 76
10988 77
10988 78
10988 79
10988 80
10988 81
10988 82
10561 0
10561 1
10561 2
10561 3
10561 4
10561 5
10561 6
10886 286
10886 287
10886 288
10886 289
10886 290
10886 291
10886 292
10886 293
10886 294
10886 295
10586 6
10586 7
10586 8
10586 9
10586 10
10432 40
10432 41
10432 46
10432 47
10432 48
10432 49
10432 50
10597 243
10504 190
10504 191
10504 192
10504 193
10504 294
10504 295
10504 296
10504 297
10640 0
10640 1
10640 2
10640 3
10640 4
10640 5
10640 6
10640 7
10798 34
10798 35
10798 36
10798 127
8771 0
8771 1
8771 2
8771 3
8771 4
8771 5
8771 6
8771 7
8771 8
10837 87
10837 88
10837 89
10837 90
10837 91
10837 92
10837 93
10837 94
10926 0
10926 1
10926 2
10926 3
10926 4
10926 5
10591 170
10591 180
10591 181
10591 201
10591 215
10591 216
10591 236
10591 246
10591 249
10591 335
10730 25
10730 26
10730 27
10730 28
10730 29
10804 263
10804 264
10804 265
10795 71
10795 72
10795 73
10795 74
10795 75
10795 76
10795 77
10795 78
10993 10
10993 11
10993 12
10993 13
8762 3
8762 4
8762 5
8762 6
8762 7
8762 8
8762 9
8762 10
8762 11
10756 138
10756 139
10756 140
10756 141
10756 142
10756 143
10447 15
10447 16
10447 17
10447 18
10447 19
10447 20
10663 89
10857 36
10857 37
10857 38
10857 39
10857 42
10857 43
10667 62
10521 141
10521 142
10521 143
10521 144
10521 145
10521 146
10521 147
10521 148
10521 149
10521 150
10591 190
10591 191
10591 193
10591 194
10591 195
10795 91
10795 92
10795 93
10795 94
10795 96
10591 171
10591 179
10654 228
10654 229
10654 230
10654 231
10654 232
10654 233
10654 234
10839 93
10839 94
10839 95
10839 96
10839 97
10839 99
10839 100
10839 101
10597 324
10597 325
10597 326
10597 327
10597 328
10597 329
10597 340
10593 276
10593 277
10593 278
10593 279
10593 280
10593 281
10593 282
10593 283
10732 9
10504 231
10504 239
10837 115
10837 116
10837 117
10837 124
10837 125
10837 126
10837 133
10837 134
10837 135
10600 0
10600 1
10600 2
10600 3
10600 4
10600 5
10538 61
10538 62
10538 63
10538 104
10538 105
10538 106
10538 107
10538 108
10538 109
10538 110
10308 21
10308 24
10308 25
10308 26
10308 27
10308 28
10308 29
10308 30
8771 274
8771 275
8771 276
8771 277
8771 278
8771 279
8771 280
8771 281
8771 282
8771 283
10922 93
10922 96
10922 97
10922 99
10922 100
10922 104
10922 105
10922 106
10771 221
10771 222
10771 223
10771 224
10771 225
10771 226
10771 227
10771 228
10771 229
10795 41
10795 42
10795 43
10795 64
10795 65
10795 66
10795 67
10830 215
10830 216
10830 217
10830 218
10830 219
10830 220
10830 221
10830 222
10830 254
10668 318
10668 319
10668 323
10937 56
10937 57
10712 189
10696 87
10696 88
10696 89
10696 90
10696 91
10696 92
10696 93
10696 94
10505 58
10829 9
10829 17
10829 18
10829 19
10913 17
10648 192
10648 193
10648 194
10648 195
10648 196
10648 197
10551 10
10551 11
10551 12
10551 13
10551 14
10551 15
10551 16
10551 17
10987 41
10987 42
10987 43
10987 44
10987 53
10987 54
10987 63
10987 64
10849 256
10849 257
10849 258
10849 259
10849 260
10849 261
10849 262
10574 296
10574 297
10574 298
10574 299
10574 330
10574 331
10574 332
10574 333
10874 126
10874 167
10874 237
10609 17
10609 18
10609 19
10609 20
10609 22
10609 23
10609 24
10490 182
10490 183
10490 184
10490 185
10490 186
10490 187
10490 188
10599 145
10599 150
10599 151
10599 152
10379 149
10379 150
10379 151
10379 152
10693 0
10693 1
10693 2
10693 3
10693 4
10693 5
10693 6
10693 7
10947 80
10947 81
10947 82
10947 83
10947 108
10947 109
10947 110
10591 325
10491 99
10491 164
10491 165
10538 133
10693 121
10714 155
10714 156
10714 157
10714 158
10714 159
10714 160
10714 161
10714 162
10920 16
10920 17
10920 18
10920 19
10920 38
10920 39
10920 124
10920 125
10672 0
10672 1
10672 2
10672 3
10672 4
10672 5
10672 6
10672 7
10672 8
10727 177
10727 215
10727 216
10727 217
10540 42
10570 13
10861 50
10530 32
10530 264
10530 265
10530 277
10530 281
10530 285
10530 286
10530 287
10687 138
10687 139
10687 140
10687 141
10687 142
10687 143
10687 144
10687 153
10938 92
10938 93
10938 94
10938 95
10728 0
10728 1
10728 2
10728 3
10728 4
10728 5
10728 6
10728 7
10728 8
10692 4
10692 5
10692 6
10692 7
10692 8
10692 9
10692 10
10475 84
10475 85
10627 0
10627 1
10627 2
10627 3
10627 4
10627 5
10627 6
10627 7
10705 170
10705 171
10705 172
10705 175
10705 192
10705 193
10705 194
10831 121
10831 122
10831 123
10831 124
10831 125
10831 128
10831 129
10831 130
10831 131
10597 295
10597 296
10597 297
10597 298
10597 299
10597 310
10597 320
10597 321
10597 322
10726 3
10726 4
10726 5
10726 6
10726 7
10442 201
10442 203
10442 204
10442 205
10442 206
10442 207
10442 208
10442 209
10735 20
10735 21
10735 22
10735 23
10735 24
10735 25
10735 26
10847 128
10847 129
10847 130
10847 131
10847 132
10847 133
10847 134
10608 4
10608 5
10608 6
10798 0
10798 1
10798 2
10798 3
10798 4
10798 5
10798 6
10683 326
10683 327
10683 328
10683 329
10683 330
10683 331
10683 332
10585 0
10585 1
10585 2
10585 3
10585 4
10585 5
10585 6
10585 7
10585 8
10774 10
10774 11
10774 12
10774 13
10774 14
10774 15
10774 16
10774 17
10774 18
10774 19
10545 70
10545 71
10545 72
10545 73
10545 74
10545 75
10545 76
10505 60
10505 61
10505 62
10505 63
10505 69
10505 128
10562 90
10562 91
10562 92
10562 93
10562 94
10562 95
10562 96
10562 97
10562 98
10562 99
10810 102
10810 110
10810 156
10810 157
10810 158
10928 88
10928 89
10928 180
10928 181
10928 182
10928 183
10928 184
10634 328
10634 329
10634 338
10634 339
10634 340
10634 341
10634 342
10634 343
10634 344
10855 1
10855 4
10855 5
10855 6
10855 7
10855 8
10855 10
10625 256
10625 257
10994 116
10994 117
10994 118
10994 119
10994 120
10994 121
10994 187
10994 188
10994 189
10923 141
10923 142
10923 143
10923 144
10923 145
10923 146
10504 30
10504 31
10504 32
10504 33
10504 34
10504 35
10504 36
10712 218
10712 219
10712 220
10938 85
10938 124
10938 125
10938 126
10690 237
10690 238
10690 239
10690 240
10690 241
10690 242
10690 253
10690 254
10884 54
10884 55
10884 74
10884 75
10884 76
10884 77
10884 78
10307 102
10307 161
10307 162
10307 163
10810 211
10810 212
10810 233
10810 234
10668 90
10668 91
10668 92
10668 93
10668 94
10668 95
10668 96
10668 97
10668 98
10987 15
10987 16
10987 17
10987 18
10987 19
10987 20
10987 21
10987 22
10987 23
10517 130
10517 131
10517 132
10517 133
10517 134
10517 135
10517 136
10517 137
10517 138
10517 139
10624 259
10624 260
10624 261
10624 262
10624 263
10624 264
10624 266
10624 267
10624 268
10990 0
10990 1
10990 2
10990 3
10990 4
10990 6
10990 7
10716 189
10716 190
10716 191
10716 192
10716 193
10716 194
10716 195
10810 179
10810 180
10810 181
10810 182
10810 183
10810 184
10810 185
10810 186
10480 10
10480 11
10480 12
10480 13
10480 14
10480 15
10480 16
10480 17
10599 136
10599 137
10599 138
10599 139
10599 140
10599 141
10793 64
10793 65
10793 66
10793 68
10793 70
10793 71
10518 10
10518 11
10518 13
10518 14
10518 15
10518 16
10518 17
10518 18
10925 90
10925 109
10925 110
10925 118
10925 119
10925 120
10925 129
10925 130
10925 138
10654 288
10654 289
10654 290
10654 291
10654 292
10654 293
10654 294
10803 81
10803 82
10803 83
10803 188
10803 189
10803 190
10803 191
10929 192
10929 193
10929 194
10929 195
10929 196
10929 197
10929 198
10929 199
10847 197
10847 198
10847 199
10847 202
10847 203
10847 204
10847 205
10847 216
10847 217
10847 218
10992 4
10992 5
10992 6
10992 7
10992 8
10992 9
10992 10
10992 11
10799 41
10799 42
10799 43
10799 44
10799 45
10799 46
10799 64
11048 94
11048 95
11048 101
11048 105
11048 106
10821 65
10821 66
10821 67
10821 68
10821 69
10821 70
10821 71
10821 72
10821 73
10804 177
10804 178
10804 179
10804 180
10804 181
10804 182
10804 183
10804 184
10804 185
10772 143
10772 144
10772 145
10772 146
10772 147
10772 148
10772 149
10772 150
10732 66
10732 67
10732 68
10732 69
10732 70
10732 71
10732 72
10481 62
10481 63
10481 64
10481 65
10481 66
10481 67
10481 68
10481 69
10481 70
10611 0
10611 1
10611 2
10611 3
10611 4
10611 5
10611 6
10611 7
10711 44
10711 45
10711 46
10711 47
10711 48
10711 49
10711 50
10711 51
10711 52
10928 10
10928 11
10928 12
10928 13
10928 14
10928 15
10928 16
10784 39
10784 40
10784 41
10784 42
10784 43
10784 44
10574 180
10574 181
10574 182
10574 243
10574 244
10574 245
10574 246
10574 247
10924 121
10924 122
10924 123
10924 124
10924 125
10924 126
10924 127
10924 128
10551 142
10551 143
10551 144
10551 145
10551 146
10551 147
10551 148
8771 66
8771 67
8771 68
8771 69
8771 70
8771 71
8771 72
8771 73
8771 74
8771 75
10434 34
10434 35
10434 36
10434 37
10434 38
10434 39
10434 40
10434 41
10434 62
10434 63
10624 186
10624 187
10624 188
10624 189
10624 190
10624 191
10624 192
10858 31
10858 32
10858 33
10858 34
10858 35
10858 40
10858 41
10574 149
10574 167
10574 168
10574 169
10574 269
10574 278
10574 279
10712 7
10712 8
10712 9
10712 47
10712 48
10712 49
10801 10
10801 11
10801 13
10801 14
10801 15
10801 16
10801 17
10716 81
10716 82
10716 83
10716 84
10716 85
10716 86
10716 87
10716 88
10716 89
10660 11
10660 12
10660 13
10660 14
10660 15
10660 16
10660 17
10660 18
10660 19
10873 42
10873 43
10873 44
10873 46
10873 49
10873 50
10873 52
10873 53
10745 136
10745 137
10745 155
10745 156
10745 157
10745 172
10745 174
10803 39
10803 40
10803 41
10803 42
10803 43
10803 44
10803 45
10772 80
10772 81
10772 82
10772 83
10772 84
10772 85
10772 86
10772 87
10665 53
10665 54
10665 55
10665 56
10665 57
10665 58
10665 59
10534 90
10534 91
10534 92
10534 93
10534 94
10534 95
10534 106
10534 107
10574 110
10574 111
10574 112
10574 113
10574 114
10574 115
10574 116
10574 117
8770 192
8770 193
8770 194
8770 195
8770 196
8770 197
8770 198
8770 199
8770 200
11048 96
11048 97
11048 98
11048 99
11048 100
10433 10
10433 11
10433 12
10433 13
10433 14
10433 15
10433 16
10613 25
10613 26
10613 27
10613 28
10613 29
10613 30
10613 31
10781 50
10781 51
10781 52
10781 53
10781 54
10781 55
10781 56
10727 34
10727 35
10727 36
10727 37
10727 38
10727 39
10727 40
10727 41
10688 51
10920 62
10920 63
10845 150
10845 151
10845 152
10845 153
10845 154
10781 40
10781 41
10781 42
10781 43
10781 44
10623 18
8754 93
8754 94
8754 97
8754 98
10788 59
10832 39
10832 49
10380 7
10380 8
10380 9
10519 19
10519 20
10519 21
8747 87
10886 146
10886 147
10886 148
10886 149
10886 150
10886 151
10886 152
10540 46
8771 124
10834 153
10834 190
10938 54
10938 55
10938 56
10597 125
10597 126
11047 0
10437 247
10437 248
10437 249
10748 28
10748 29
10533 62
8767 64
8767 65
10708 18
10708 19
10635 141
10696 27
10696 28
10921 187
10921 188
10921 189
10921 190
10921 191
10700 283
10700 284
10700 285
10700 286
10700 287
10631 60
10631 61
10631 62
10631 63
10631 74
10631 75
10631 76
10683 70
10683 71
10683 88
10683 89
10727 178
10727 179
10727 180
10727 181
10727 182
10727 183
10727 184
10437 237
10437 238
10437 239
10635 199
10635 200
10635 201
10635 202
10635 203
10635 204
10635 205
10611 203
10611 204
10611 205
10611 206
10611 207
10611 208
10611 209
10611 210
10611 211
10521 339
10521 340
10521 341
10521 342
10521 343
10521 344
10521 345
10521 346
10654 178
10654 192
10654 193
10654 194
10654 195
10654 196
10654 197
10654 298
10475 110
10475 111
10475 112
10475 113
10475 115
10475 116
10475 117
10668 32
10668 33
10668 34
10668 35
10668 36
10668 37
10668 38
10668 39
10913 87
10913 88
10913 89
10913 90
10913 91
10913 92
10913 93
10913 138
10438 57
10438 58
10438 81
10438 82
10438 124
10438 125
10442 141
10442 142
10442 143
10442 144
10442 145
10442 146
10442 147
10442 148
10654 250
10654 251
10654 252
10654 253
10654 254
10654 255
10654 256
10654 257
10481 131
10481 132
10481 133
10481 134
10481 135
10960 88
10960 89
8769 159
8769 160
8769 161
8769 162
8769 163
8769 164
8769 165
8769 166
8769 167
10886 74
10886 75
10886 82
10886 88
10734 62
10734 63
10734 69
10734 70
10734 71
10712 73
10712 124
10712 125
10712 126
10712 127
10624 317
10624 318
10624 319
10624 320
10624 321
10624 322
10624 323
10624 324
10624 325
10436 216
10436 217
10436 227
10597 280
10597 281
10597 282
10597 283
10597 284
10597 285
10597 286
10597 287
10654 117
10654 118
10654 119
10654 120
10654 121
10654 122
10654 123
10654 124
10654 128
10654 129
10988 98
10988 99
10988 100
10988 101
10988 102
10988 103
10988 104
10988 105
10584 298
10584 306
10584 307
10584 308
10584 309
10584 310
10584 311
10584 312
10837 206
10837 207
10837 208
10837 209
10837 210
10837 211
10599 113
10599 114
10599 115
10599 116
10599 117
10599 118
10599 119
10599 120
10599 121
10592 28
10592 29
10592 30
10592 31
10592 32
10592 33
10592 34
10938 0
10938 1
10938 2
10938 3
10938 4
10938 5
10938 6
10938 7
10807 17
10807 18
10807 19
11001 46
11001 47
11001 48
11001 49
11001 50
11001 51
11001 52
10445 4
10716 349
10716 350
10846 35
10846 36
10846 37
10846 38
10436 0
10436 1
10436 2
10436 3
10436 4
10436 5
10436 6
10762 116
10756 212
10756 213
10756 233
10756 234
10756 235
10756 236
10756 237
10756 254
10849 220
10884 34
10884 35
10884 36
10884 38
10884 39
10884 44
10884 45
10613 50
10688 86
10688 87
10688 88
10688 89
10688 90
10688 91
8750 161
8750 162
8750 163
8750 164
8750 165
8750 166
8750 167
10955 25
10955 26
10955 27
10955 28
10534 39
10534 47
10534 48
10534 49
10534 57
10534 58
10534 59
10534 68
10705 112
10705 113
10705 114
10481 0
10481 1
10481 2
10481 3
10481 4
10481 5
10481 6
10533 60
10533 61
10533 63
10533 64
10533 65
10533 66
10533 67
10533 68
10700 243
10683 127
8754 10
8754 11
8754 12
8754 13
8754 14
8754 15
8754 16
8754 17
8754 18
8754 19
11001 53
11001 54
11001 55
10611 27
10611 28
10611 29
10611 30
10611 31
10611 38
10611 39
10448 184
10448 185
10448 186
10448 187
10448 188
10448 190
10448 281
10683 316
10683 317
10683 318
10683 319
10683 320
10683 321
10683 322
10683 323
10700 63
10700 99
10700 100
10700 101
10532 8
10532 9
10555 0
10555 3
10555 4
10555 5
10747 207
10747 208
10747 217
10747 218
10436 58
10441 208
10441 209
10441 210
10441 211
10441 212
10441 213
10441 214
10441 215
10441 216
10473 120
10473 138
10756 121
10756 122
10756 123
10756 154
10756 156
10756 157
10756 198
10846 192
10846 193
10846 196
10846 198
10846 199
10846 200
10846 201
10929 190
10929 191
10929 212
10929 213
10929 214
10929 215
10929 216
10491 39
10491 41
10491 42
10436 7
10436 8
10436 9
10565 39
10565 49
10565 57
10565 58
10565 59
10743 68
10743 69
10743 70
10743 71
10743 72
10743 73
10743 74
10743 75
10704 57
10704 58
10704 66
10704 67
10704 68
10704 69
10704 70
8767 42
8767 43
8767 44
8767 45
8767 46
8767 47
8767 48
8767 49
8762 186
8762 187
8762 188
8762 189
8762 203
8762 243
10821 35
10821 36
10821 37
10821 38
10821 39
10821 40
10821 41
10821 42
10805 34
10805 35
10805 48
10805 49
10805 50
10805 51
10805 52
10805 53
10613 113
10613 114
10613 115
10613 117
10613 118
10613 119
10545 128
10545 129
10545 130
10545 131
10545 132
10545 133
10545 134
10545 135
10545 136
10837 221
10837 222
10837 223
10837 242
10837 243
10837 244
10837 245
10971 0
10971 1
10971 2
10971 3
10971 4
10971 5
10490 232
10490 233
10490 234
10490 235
10490 236
10490 237
10490 238
10493 17
10493 18
10493 19
10493 71
10493 82
10493 136
10493 137
10493 138
10595 166
10595 167
10595 168
10595 196
10595 197
10595 198
10595 199
10595 204
10437 10
10803 208
10803 209
10803 210
10803 211
10803 212
10803 214
10803 215
10546 25
10546 26
10546 27
10546 28
10546 29
10546 30
10546 31
10611 219
10839 98
10501 15
10501 40
10501 41
10501 42
10501 99
10501 100
10501 101
8763 14
8763 15
10533 102
10597 100
10597 101
10597 102
10597 103
10597 104
10597 105
10597 106
11048 82
11048 83
11048 84
11048 85
11048 91
10608 29
10608 30
10608 31
10608 32
10608 33
10608 34
10608 35
10608 36
10608 37
10608 38
10858 45
10858 46
10858 47
10858 74
10858 76
10858 77
10858 91
10674 8
10674 9
10674 50
10674 51
10674 52
10674 53
10674 54
10674 55
10654 102
10654 103
10654 104
10654 105
10654 106
10654 107
10654 108
10712 0
10712 1
10712 2
10712 3
10712 4
10712 5
10712 6
10612 5
10612 33
10612 34
10612 35
10612 36
10612 37
10888 66
10813 84
10813 85
10563 40
10563 42
10563 43
10563 44
10563 45
10721 130
10784 87
10784 88
10784 89
10784 90
10784 91
10784 92
10784 93
10784 94
10784 95
10784 96
10714 117
10714 118
10714 119
10714 128
10714 129
10714 130
10714 138
10441 264
10441 265
10441 274
10441 323
10441 328
8771 86
8771 87
8771 88
8771 89
8771 90
8771 91
8771 92
8771 93
8771 94
8771 95
10622 30
10622 31
10622 32
10622 33
10622 34
10622 35
10622 36
10622 37
8769 299
8769 300
8769 301
8769 302
8769 303
8769 304
8769 305
10501 4
10501 5
10501 6
10501 7
10501 8
10501 10
10680 37
10680 38
10680 39
10680 40
10680 41
10680 42
10680 43
10688 104
10818 55
10818 56
10818 57
10818 58
10818 59
10818 60
10818 61
10818 62
10818 63
10394 11
10394 41
10394 45
10394 46
10394 47
10394 48
10394 50
10394 52
10394 53
10885 20
10885 21
10885 22
10885 23
10885 24
10885 25
10885 26
10574 108
10574 109
10562 171
10562 172
10562 173
10562 174
10562 175
10562 176
10562 177
10562 178
10834 9
10834 10
10834 11
10834 12
10834 13
10834 14
10834 15
10834 16
10473 81
10473 82
10473 83
10473 84
10473 85
10928 0
10928 9
10928 20
10928 21
10928 22
10818 64
10700 83
10700 84
10700 85
10700 86
10700 87
10700 88
10700 90
10747 239
10747 240
10747 241
10747 242
10747 243
10747 244
10747 245
10486 45
10486 46
10486 47
10486 48
10486 49
10486 50
10486 51
10486 52
10486 53
10830 251
10830 252
10830 253
10830 263
10830 264
10830 265
10830 272
10845 99
10845 100
10845 101
10845 138
10845 139
10845 140
8764 232
8764 233
8764 234
8764 235
8764 236
8764 256
8764 257
8764 258
8764 259
8764 260
10772 153
10772 154
10772 155
10772 156
10772 157
10772 158
10772 160
10772 161
10593 56
10593 57
10593 58
10593 59
10593 60
10593 61
10593 62
10593 63
10593 64
10473 164
10473 165
10473 166
10473 167
10473 168
10473 169
10473 170
10473 171
10473 172
10480 55
10480 56
10480 78
10480 88
10480 98
10480 187
10480 188
10480 214
10480 215
10442 232
10442 233
10442 234
10442 235
10442 236
10442 237
10442 238
10442 239
10442 240
10810 215
10805 128
10805 129
10805 130
10805 131
10805 132
10805 133
10805 134
10805 135
10805 136
10772 111
10772 120
10772 121
10772 122
10772 123
10772 173
10772 174
10772 175
10966 121
10966 255
10689 0
10689 1
10689 2
10689 3
10689 4
10689 5
10689 6
10689 7
10845 77
10845 78
10845 79
10845 80
10845 81
10845 82
10845 83
10845 84
10845 85
10737 43
10737 55
10737 56
10737 57
10737 58
10737 59
10737 60
10737 61
10966 333
10966 334
10714 15
10714 86
10382 97
10382 98
10382 99
10647 22
10647 23
10647 24
10647 25
10647 26
10647 27
10647 28
10647 29
10938 185
10938 186
10702 7
10702 8
10702 9
10702 10
10702 11
10702 12
10735 73
10735 74
10735 75
10816 82
10816 84
10816 85
10816 86
10816 87
10816 88
10816 89
10516 1
10516 2
10516 3
10516 4
10516 5
10516 6
10516 7
10516 8
10922 55
10922 56
10922 57
10922 58
10922 59
10922 60
10922 61
10922 62
10922 63
10815 17
10815 18
10815 19
10815 20
10815 21
10815 22
10815 23
10815 24
10815 25
8751 202
8751 203
8751 204
8751 205
8751 206
8751 207
8751 208
8751 209
8751 210
10861 157
10861 158
10861 159
10584 192
10584 193
10584 195
10584 196
10584 197
10584 198
10584 199
10584 200
10584 201
10521 53
10521 54
10521 55
10521 56
10521 57
10521 58
10521 60
10521 62
10663 20
10663 21
10663 22
10663 38
10663 39
10663 77
10663 78
10663 79
10847 151
10847 152
10844 50
10844 51
10844 52
10844 53
10844 54
10844 55
10844 56
10844 57
10844 58
10683 336
10683 337
10683 338
10683 339
10683 340
10683 341
10683 342
10683 343
10683 344
10683 345
10856 64
10856 65
8766 0
8766 1
8766 2
10592 341
10308 42
10308 43
10308 44
10308 45
10308 46
10308 47
10960 48
10960 49
10960 50
10960 51
10960 52
10960 53
10960 54
10809 12
10809 13
10809 14
10809 15
10809 16
10809 17
10809 18
10809 19
10809 20
10809 21
10768 60
10768 61
10768 62
10768 63
10768 64
10768 65
10768 66
10768 67
10768 68
10768 69
10654 18
10654 19
10480 199
10480 200
10480 201
10480 211
10480 224
10480 225
10480 226
10480 232
10700 275
10700 276
10700 277
10700 278
10700 279
10700 280
10700 281
10700 282
10745 175
10745 176
10745 178
10745 179
10716 111
10716 112
10716 113
10716 114
10716 115
10716 116
10716 117
10716 120
10518 30
10518 32
10518 34
10518 35
10518 36
10518 39
10437 218
10437 226
10437 227
10437 228
10437 255
8750 264
8750 265
8750 274
8750 275
8750 276
8750 277
8750 278
8750 279
8750 280
8750 281
10475 211
10475 212
10475 221
10475 222
10475 224
10475 278
10475 279
10710 31
10710 103
10710 104
10710 105
10710 106
10710 107
10956 44
10956 45
10956 46
10956 47
10956 48
10956 49
10610 106
10610 107
10610 108
10610 109
10610 110
10610 111
10803 239
10803 240
10803 241
10803 242
10803 243
10803 244
10438 53
10438 54
10438 55
10438 56
10438 83
8769 245
8769 246
8769 247
8769 248
8769 323
8769 324
8769 325
8769 326
8769 327
8769 328
10873 65
10873 66
10873 67
10873 68
10873 69
10873 70
10873 151
10648 9
10648 10
10648 11
10648 12
10648 13
10648 14
10445 80
10445 81
10445 82
10445 83
10445 84
10445 85
10445 86
10445 87
10445 88
10445 89
10864 82
10864 83
10864 84
10864 85
10864 86
10864 87
10864 88
10864 89
10537 9
10537 17
10537 18
10537 19
10537 27
10537 102
10537 103
10537 104
10923 238
10923 239
10923 240
10923 241
10923 242
10923 243
10952 7
10952 8
10952 9
10744 39
10744 45
10744 46
10744 47
10540 148
10540 149
10540 150
10540 151
10540 152
10540 153
10540 154
10645 232
10645 233
10645 234
10645 235
10645 236
10645 237
10645 238
10436 259
10436 260
10436 261
10436 262
10436 263
10436 264
10436 265
10436 266
10744 167
10744 188
10744 189
10744 190
10744 191
10744 192
10597 236
10597 237
10597 238
10597 239
10597 266
10597 267
10597 268
10597 269
10562 110
10562 111
10562 112
10562 113
10562 114
10562 115
10562 116
10562 117
10668 125
10668 126
10668 127
10668 128
10668 129
10668 130
10668 131
10668 132
10669 40
10669 41
10669 42
10669 43
10669 44
10669 45
10669 46
10669 47
10669 48
10710 0
10710 1
10710 2
10710 3
10710 4
10710 5
10710 6
10781 122
10781 132
10781 202
10781 203
10781 204
10781 221
10562 30
10562 31
10562 32
10562 33
10562 34
10562 35
10562 36
10562 37
10987 148
10987 242
10987 243
10987 244
10925 230
10925 231
10925 232
10925 233
10925 234
10925 235
10888 0
10888 1
10888 2
10888 3
10888 4
10888 5
10886 13
10886 14
10886 15
10886 16
10886 17
10886 18
10886 19
10721 84
10721 85
10721 86
10721 87
10721 88
10721 89
10721 110
10504 256
10504 257
10504 258
10504 259
10504 270
10504 271
10504 272
10504 273
10504 274
10864 6
10864 7
10864 8
10864 9
10864 16
10864 17
10864 114
10864 115
10952 82
10952 83
10952 84
10952 85
10952 86
10952 87
10952 88
10952 89
10609 36
10609 37
10609 38
10609 39
10609 40
10609 41
10609 42
10545 184
10545 185
10545 186
10545 187
10545 188
10545 189
10864 68
10864 69
10864 70
10864 71
10864 108
10864 109
10864 110
10647 13
10647 15
10647 19
10647 142
10647 144
10647 145
10647 146
10647 147
10690 59
10690 60
10690 61
10690 62
10690 63
10690 118
10690 119
10690 120
10690 121
10654 7
10654 8
10654 9
10654 20
10654 21
10654 22
10654 23
10654 24
10966 202
10966 203
10966 211
10966 212
10966 213
10966 232
10966 233
10966 252
10724 198
10724 199
10724 200
10724 201
10724 203
10724 204
10724 205
10724 206
10545 92
10545 93
10545 94
10545 95
10545 102
10538 4
10475 255
10475 256
10475 257
10475 258
10475 259
10475 260
10475 261
10534 183
10929 239
10810 154
10810 155
10629 15
10629 16
10629 17
10747 82
10747 191
10747 249
10747 250
10747 251
10864 40
10864 41
10864 42
10864 43
10864 44
8750 329
8750 330
8750 331
8750 332
8750 333
8750 334
8750 335
8750 336
8750 337
8750 338
11045 123
11045 124
11045 125
11045 126
11045 127
10687 20
10687 21
10563 307
10563 308
10563 309
10563 310
10563 311
10563 312
10613 163
10613 164
10613 165
10613 166
10613 167
10613 168
10613 169
10613 170
10800 57
10931 296
10931 297
10931 298
10931 299
10931 300
10931 301
10931 302
10931 303
10688 106
10436 31
10623 27
10520 19
10520 20
10520 21
10520 22
10520 23
10520 24
10520 25
10520 26
8770 177
8770 201
10849 286
10832 90
10832 91
10832 92
10832 93
10624 296
10624 297
10624 298
10624 299
10624 300
10624 301
10624 302
10624 303
10947 10
10947 22
10947 23
10947 24
10947 25
10570 10
10848 118
10644 38
10644 39
8770 1
8770 2
8770 3
8770 4
8770 5
8770 6
8770 7
8770 8
8770 9
10698 46
10698 48
10698 49
10741 229
10741 230
10741 231
10846 48
10846 49
10846 50
10846 51
10846 52
10846 53
10846 54
10846 55
10846 56
10846 57
10546 0
10546 1
10546 2
10546 3
10546 4
10546 5
10974 2
10974 3
10922 95
10922 158
10922 160
10562 200
10562 201
10562 202
10562 203
10562 204
10562 205
10562 206
10562 207
10438 44
10438 47
10438 50
10438 51
10438 52
10438 77
8770 262
8770 263
8770 264
8770 265
8770 266
10595 18
10595 19
8750 77
8750 78
8750 95
10929 57
10929 58
10929 59
10929 95
10929 96
10929 97
10773 71
10773 72
10773 73
10938 74
10938 75
10938 76
10927 118
10927 243
10927 244
10927 246
10927 249
10599 122
10599 123
10599 125
10804 197
10804 202
10804 203
10804 204
10804 205
10848 228
10848 229
10848 230
11045 106
11045 107
11045 108
11045 109
11045 110
10611 75
10611 76
10611 77
10611 78
10611 79
10611 80
10611 81
10710 28
10710 80
10710 81
10710 82
10710 83
10710 84
10710 85
10710 86
10448 306
10448 318
10448 319
10813 50
10813 51
10813 52
10813 53
10813 54
10813 55
10789 10
10789 11
10789 12
10789 13
10789 14
10789 15
10789 16
10789 17
10789 18
10789 19
10690 163
10690 164
10690 165
10690 166
10690 167
10690 169
10690 170
10690 171
10690 172
10487 10
10487 11
10487 12
10487 13
10487 14
10487 15
10487 16
10487 17
10487 18
10946 50
10946 51
10946 52
10946 53
10946 54
10946 55
10946 57
10946 58
10849 247
10849 248
10849 249
10849 250
10849 263
10849 264
10591 202
10591 203
10591 204
10591 210
10591 211
10591 212
10591 213
10591 214
10743 139
10743 140
10743 141
10743 142
10743 143
10743 144
10743 145
10434 22
10434 23
10434 24
10434 25
10434 26
10434 27
10434 48
10434 49
10624 213
10624 214
10624 223
10624 224
10624 232
10624 233
10762 30
10762 60
10762 61
10762 62
10762 63
10794 32
10794 33
10794 34
10794 35
10794 36
10794 37
10794 38
10988 159
10988 177
10988 178
10988 179
10988 180
10988 181
10988 182
10988 183
10648 141
10648 142
10648 143
10648 145
10648 146
10648 147
10648 148
10888 130
10888 131
10888 132
10888 133
10888 134
10888 135
10888 136
10888 137
10441 218
10441 219
10441 220
10441 221
10441 222
10441 223
10441 224
10441 225
8756 25
8756 26
8756 27
8756 28
8756 29
10953 41
10953 42
10953 43
10953 44
10953 45
10953 46
10953 47
10953 49
10990 18
10990 19
10990 96
10990 97
10990 98
10741 44
10741 45
10741 46
10741 47
10741 48
10741 49
10741 50
10578 45
10578 46
10578 47
10578 48
10578 49
10578 50
10857 46
10857 47
10592 129
10592 131
10592 132
10592 133
10592 134
10592 135
10592 136
10508 46
10508 56
10508 62
10508 63
10508 64
10508 65
10804 8
10804 9
10804 10
10804 40
10804 42
10804 43
10804 44
10741 39
10741 40
10741 41
10741 42
10741 43
10741 64
10741 65
10646 77
10952 305
10952 306
10952 307
10952 308
10952 309
10952 320
10885 44
10885 45
10885 46
10885 47
10885 48
10885 49
10885 89
10885 90
10649 42
10649 43
10649 44
10649 45
10649 46
10649 47
10649 48
10755 211
10755 212
10755 213
10755 214
10755 215
10755 216
10755 217
10755 218
10966 273
10966 274
10966 275
10966 276
10966 277
10966 278
10966 279
10478 46
10478 47
10478 48
10478 49
10478 112
10478 113
10966 307
10966 313
10966 314
10966 315
10966 316
10966 318
10966 319
10660 147
10848 183
10788 28
10788 29
10766 0
10766 1
10766 6
10766 7
10766 8
10766 9
10766 10
10766 11
10605 7
10605 8
10605 9
10605 10
10605 11
10605 12
10605 13
10646 220
10646 221
10646 222
10646 223
10646 224
10646 225
10646 226
10646 227
10988 210
8747 11
10741 250
10848 161
10848 162
10848 163
10848 164
10848 165
10848 166
10848 167
10735 116
10735 117
10735 118
10735 119
10735 120
10735 121
10735 122
10625 278
10625 279
10625 280
10625 281
10625 282
10625 283
10625 284
11005 48
11005 49
11005 50
11005 51
10700 189
10700 190
10700 191
10700 192
10700 193
10700 194
10700 195
10795 52
10994 45
10994 46
10994 47
10994 48
10994 49
10994 50
10396 10
10396 11
10396 12
10396 13
10396 14
10396 15
10396 16
10396 18
10602 171
10602 172
10602 173
10602 174
10602 175
10609 165
10646 130
10646 131
10646 132
10646 133
10646 134
10646 135
10646 136
10929 242
10888 100
10480 339
10480 340
10480 341
10480 342
10480 343
10480 344
10480 345
10480 346
10480 347
10772 60
10772 61
10772 62
10772 63
10772 64
10772 65
10772 67
10772 77
10795 111
10436 19
10436 20
10436 21
10436 78
10436 79
10436 80
10436 81
10436 82
10436 111
10781 181
10781 182
10781 183
10781 184
10613 101
10613 102
10613 173
10613 174
10613 175
10613 176
10613 177
10766 31
10547 0
10547 1
10547 2
10547 3
10547 4
10547 5
10547 6
10547 7
10634 175
10634 176
10837 45
10837 46
10837 47
10837 48
10837 49
10837 50
10837 52
10837 53
8762 96
8762 97
8762 98
8762 99
8762 100
8762 101
8762 102
8762 103
8762 104
8762 105
10956 14
10956 15
10956 16
10956 17
10956 18
10956 19
10956 20
10956 21
10669 78
10669 79
10592 79
10592 80
10592 81
10592 82
10592 83
10592 84
10592 85
10592 86
10592 96
10592 97
10624 9
10781 100
10781 101
10781 102
10781 103
10781 104
10781 105
10781 106
10781 107
10811 53
10811 54
10811 55
10449 14
10449 15
10449 16
10449 17
10449 18
10694 151
10694 152
10597 206
10597 207
10597 208
10597 209
10597 220
10597 221
10597 222
10597 223
8748 104
8748 105
8748 106
8748 107
8748 108
8748 109
8748 110
8748 111
8748 112
8748 113
10534 171
10534 172
10534 173
10534 174
10534 175
10534 176
10534 177
10534 178
8751 0
8751 1
8751 2
8751 4
8751 5
8751 6
8751 7
10480 281
10480 282
10480 283
10480 284
10480 285
10480 286
10480 288
10480 289
10480 290
10824 79
10824 80
10824 81
10824 82
10824 83
10824 84
10824 85
10824 86
10623 45
10623 46
10623 47
10623 48
10623 49
8769 114
8769 115
8769 168
8769 169
8769 185
8769 186
8769 187
8769 188
8769 189
10974 50
10974 51
10974 52
10974 53
10974 54
10974 55
10974 56
10921 185
10921 186
10921 246
10921 247
10921 255
10595 116
10595 117
10595 118
10595 119
10595 120
10595 121
10595 122
10595 123
10595 124
10446 43
10446 44
10446 45
10446 46
10446 47
10446 48
10446 52
10737 297
10737 299
10737 300
10737 301
10737 302
10737 303
10737 304
10737 305
10716 40
10716 41
10716 42
10716 43
10716 44
10716 45
10716 155
10712 57
10712 58
10712 59
10712 60
10712 61
10712 62
10712 63
10597 270
10597 271
10597 272
10597 273
10597 274
10597 275
10597 276
10597 277
10597 278
10668 145
10668 146
10668 147
10668 148
10668 151
10668 152
10668 153
10668 154
8746 161
8746 162
8746 163
8746 164
8746 165
8746 166
8746 167
8746 168
8746 169
8746 170
10683 56
10683 69
10683 72
10683 106
10683 122
10683 123
10683 124
10683 125
10683 126
10683 143
10700 264
10700 265
10700 298
10700 299
10700 300
10700 301
10700 302
10597 300
10597 301
10597 302
10597 303
10597 304
10597 305
10597 306
10597 307
10597 308
10480 309
10480 310
10480 352
10480 353
10480 354
10480 355
10480 356
10480 357
10772 310
10772 311
10772 312
10772 313
10772 314
10772 315
10772 316
10504 51
10504 52
10504 53
10504 54
10504 111
10504 112
10504 125
10504 126
10504 127
10704 227
10704 228
10704 229
10704 230
10704 231
10704 232
10704 233
10635 256
10974 148
10974 149
10974 150
10974 151
10974 152
10974 153
10974 154
10974 155
10690 332
10690 333
10690 334
10690 335
10690 336
10690 337
10888 310
10888 311
10888 323
10888 324
10888 325
10888 326
10888 327
10517 127
10517 146
10517 147
10517 164
10517 165
10517 166
10517 167
10574 224
10574 233
10574 234
10574 253
10574 254
10574 335
10574 339
10593 123
10593 124
10593 125
10593 126
10593 127
10593 134
10593 135
8745 20
8745 21
8745 22
8745 23
10562 80
10562 81
10562 82
10562 83
10562 84
10562 85
10562 86
10562 87
10562 88
10540 41
10680 9
10680 34
10680 35
10680 36
10680 48
10680 49
10680 50
10680 62
8748 36
8748 37
8748 38
8748 39
8748 40
8748 41
8748 42
10741 197
10741 198
10741 199
10741 200
10741 201
10741 202
10741 203
10741 204
10491 114
10491 115
10491 117
10491 126
10491 128
10491 130
10491 140
10491 141
10649 84
10955 0
10955 1
10955 2
10955 3
10955 4
10803 161
10803 162
10803 163
10803 164
10803 165
10803 166
10803 167
10692 89
10692 90
10692 91
10692 92
10692 93
10692 94
10692 95
10716 312
10692 79
10692 80
10692 81
10692 82
10692 83
10692 84
10692 85
10692 86
10692 87
10692 88
10771 180
10771 181
10771 182
10771 183
10535 9
8754 148
8754 149
10668 295
10668 298
10668 299
10444 0
10444 1
10444 2
10444 3
10444 4
10444 5
10444 6
10683 117
10683 118
10683 119
10683 120
10683 121
10704 154
10704 155
10704 162
10704 163
10704 164
10704 165
10704 208
10951 3
10951 4
10951 5
10951 6
10951 7
10951 8
10951 10
10918 24
10918 25
10918 26
10918 27
10918 28
10918 29
10918 70
10545 48
10520 304
10992 42
10693 212
10693 213
10693 214
10693 215
10693 216
10693 217
10693 218
10693 219
10929 240
10521 123
10521 129
10521 203
10800 166
10800 167
10800 168
10800 169
10800 170
10800 171
10800 172
10800 173
10800 174
10800 175
10516 30
8750 53
8750 54
8750 55
8750 64
8750 65
8750 66
8750 67
8750 68
10569 61
10569 62
10569 63
10569 64
10569 65
10569 66
10569 67
10569 68
10646 156
10646 158
10646 159
10501 68
10501 307
10501 308
10501 309
8750 183
8750 185
8750 190
8750 191
8750 192
10724 155
10724 156
10724 165
10724 166
10724 184
10724 185
10724 186
10537 92
10537 93
10537 101
10892 123
10892 124
10892 125
10892 126
10892 127
8759 70
8759 71
8759 72
8759 73
8759 74
8759 75
8759 76
8759 77
8759 78
10832 24
10832 25
10832 26
10832 27
10832 50
10832 51
10832 52
10832 53
10803 219
10803 220
10803 221
10803 222
10803 224
10803 225
10803 226
10501 0
10501 1
10501 2
10501 3
10501 96
10501 97
10501 98
10804 1
10804 2
10804 3
10804 4
10804 5
10804 6
10804 7
10803 136
10803 137
10803 138
10803 192
10803 193
10803 194
10625 154
10625 207
10625 208
10625 209
10625 210
10625 211
10625 215
10625 216
10803 198
10803 199
10803 200
10803 201
10597 86
10597 87
10597 88
10597 89
10597 110
10597 111
10597 112
10705 29
10705 30
10705 31
10705 32
10705 33
10705 34
10705 74
10710 10
10710 11
10710 12
10710 13
10710 14
10710 15
10710 16
10540 95
10540 96
10540 97
10540 98
10540 99
10540 100
10540 101
10540 102
11048 25
11048 26
11048 27
11048 28
11048 29
10648 274
10648 275
10648 276
10648 277
10648 278
10648 279
10648 280
10648 281
8748 0
8748 1
8748 2
8748 3
8748 4
11005 31
11005 36
11005 37
11005 38
11005 39
10487 20
10487 21
10487 22
10487 23
10487 24
10487 25
10724 94
10724 95
10724 104
10724 105
10724 114
10724 126
10724 127
10724 135
10724 136
10724 137
10712 10
10712 17
10712 18
10712 105
10712 106
10712 107
10712 118
10571 20
10571 21
10571 22
10571 23
10571 24
10571 25
10571 26
10837 176
10837 177
10837 178
10837 179
10837 180
10837 181
10837 226
10837 227
10613 103
10613 104
10613 105
10613 106
10613 107
10613 108
10613 109
10613 110
10613 111
10445 244
10445 245
10445 246
10445 247
10445 248
10445 298
10445 299
10445 313
10847 118
10847 119
10847 120
10847 138
10847 139
10847 140
10847 141
10791 80
10791 81
10791 82
10791 83
10791 84
10791 85
10491 25
10491 47
10491 50
10491 51
10491 62
10491 63
10441 347
10441 348
10441 349
10441 350
10544 0
10544 1
10544 2
10544 3
10544 4
10544 5
10544 6
10544 7
10516 40
10516 46
10516 47
10516 48
10516 49
10624 327
10624 328
10624 329
10624 330
10624 331
10624 332
10624 333
10724 249
10724 250
10724 251
10724 252
10724 253
10724 254
10714 0
10714 1
10714 2
10714 3
10704 299
10704 300
10704 301
10704 302
10704 303
10704 304
10704 305
10704 312
10781 277
10781 278
10781 279
10781 280
10781 281
10781 282
10928 25
10928 29
10928 92
10928 93
10928 94
10928 95
10928 97
10928 98
10727 104
10727 105
10727 106
10727 107
10727 108
10727 109
10727 110
10727 111
10727 112
10727 113
10660 289
10660 290
10660 291
10660 292
10660 313
10660 314
10660 315
10660 316
10660 317
10595 157
10595 158
10595 159
10595 160
10595 161
10595 162
10595 163
10595 164
10567 192
10567 193
10567 194
10567 195
10567 196
10567 197
10567 198
10849 210
10849 211
10849 212
10849 213
10849 214
10849 215
10849 224
10540 128
10540 129
10540 130
10540 131
10540 132
10540 133
10540 134
10540 135
10857 57
10857 60
10857 61
10857 62
10857 63
10857 64
10861 54
10861 55
10861 57
10861 58
10861 59
11046 146
11046 147
11046 148
11046 149
10688 143
10688 152
10688 153
10688 160
10688 161
10688 162
10688 163
10520 308
10520 309
10520 310
10520 312
10520 313
10520 314
10520 315
10520 316
10735 10
10735 11
10735 12
10735 13
10735 14
10735 15
10735 16
10735 17
10840 20
10840 21
10840 22
10840 23
10840 44
10840 45
10840 46
10597 128
10597 129
10597 130
10597 131
10597 132
10597 133
10597 134
10597 135
10592 69
10592 70
10592 71
10592 72
10592 73
10592 74
10592 75
10592 76
10592 77
10864 29
10864 30
10864 31
10864 32
10864 33
10864 34
10864 35
10864 36
10864 37
10815 6
10815 8
10815 9
10815 10
10815 11
10815 12
10815 13
10815 14
10849 132
10849 133
10849 134
10849 135
10849 136
10849 137
10849 138
10849 139
11005 16
11005 17
11005 18
11005 19
11005 20
10502 153
10502 154
10502 155
10502 156
10502 157
10502 158
10502 159
10747 199
10747 200
10747 201
10747 202
10747 203
10747 204
10747 205
10747 206
10768 70
10768 71
10768 72
10768 73
10768 74
10768 75
10768 76
10768 77
10768 78
10521 82
10521 83
10521 128
10521 130
10521 132
10521 133
10521 134
10521 135
10563 287
10563 288
10563 289
10563 290
10563 291
10563 292
10563 293
10657 10
10657 11
10657 12
10657 13
10657 14
10657 35
10657 86
10657 87
10630 36
10630 37
10630 38
10630 39
10630 40
10630 41
10630 42
10630 43
10821 105
10821 106
10821 107
10821 108
10821 109
10821 110
10821 111
10821 112
10821 113
10821 114
10857 16
10857 17
10857 18
10857 19
10857 23
10857 40
10857 41
10857 44
10796 233
10796 250
10796 254
10796 315
10796 327
10955 5
10955 6
10955 7
10955 8
10955 9
10955 10
10955 11
10955 12
10508 37
10508 38
10508 39
10508 40
10508 41
10508 42
10508 43
10508 44
10937 58
10937 59
10937 60
10937 61
10937 62
10937 63
10927 130
10927 131
10927 132
10927 133
10927 134
10927 135
10927 136
10927 137
10532 30
10532 31
10532 32
10532 33
10532 34
10532 35
10532 36
10532 37
10532 38
10708 42
10708 43
10708 44
10708 45
10708 46
10708 47
10708 48
10987 7
10987 8
10987 9
10987 85
10987 86
10987 87
10987 88
11046 113
11046 114
11046 115
11046 116
11046 141
8749 0
8749 1
8749 3
8749 4
8749 5
8749 6
8749 7
8749 8
8749 9
10610 74
10610 75
10610 76
10610 77
10610 78
10610 79
10610 80
10798 46
10798 47
10798 60
10798 61
10798 63
10798 72
10798 75
10447 6
10447 7
10447 8
10447 9
10807 110
10807 111
10807 112
10807 113
10773 111
10773 112
10773 113
10773 114
10773 115
10773 116
10974 18
10974 22
10974 24
10974 25
10974 27
10974 28
10974 127
8769 94
8769 95
8769 150
8769 151
10504 137
10611 117
10790 68
10790 69
10913 44
10434 154
10849 153
10984 0
10984 1
10984 2
10984 3
10984 4
10984 5
10790 98
10790 99
10630 58
10630 59
10630 60
10910 84
10910 85
10439 48
10439 49
10439 50
10382 130
10382 131
10382 132
10382 133
10471 37
10471 38
10471 39
10471 40
10471 41
10471 48
10471 49
10471 50
10471 51
10922 80
10475 114
10475 119
8747 25
10766 48
10766 49
10766 50
10766 51
10766 52
10766 59
10766 60
10766 61
10502 334
10716 339
10716 340
10613 32
10613 33
10613 34
10818 5
10818 8
10855 33
10538 1
10538 30
10538 31
10445 190
10445 352
10918 38
10918 39
10705 135
10705 136
10705 137
10820 8
10820 9
10820 10
10820 11
10687 91
10687 101
10687 150
10687 151
10518 8
10874 281
10874 282
10874 283
10516 80
10516 81
10516 82
10516 83
10626 12
10626 20
10626 21
10626 22
10737 98
10737 227
10737 228
10737 230
10574 120
10574 125
10574 126
10574 127
10574 208
10794 72
10794 73
10794 74
10434 42
10434 43
10434 44
10434 102
10434 103
10843 14
10843 15
10843 16
10843 17
10843 18
10708 20
10708 22
10708 23
10708 24
10656 68
10656 76
10656 77
10656 78
10656 87
10656 88
10654 160
10654 161
10654 164
10654 165
10654 166
10654 167
10654 318
10693 252
10693 253
10693 254
10693 255
10591 316
10591 317
10591 318
10591 319
10591 323
10591 324
10743 252
10743 253
10743 254
10743 255
10743 276
10743 277
10696 128
10696 129
10696 130
10696 131
10696 132
10696 133
10584 194
8771 116
10741 38
10888 68
10546 65
10546 66
10546 67
10546 68
10546 69
10546 70
10546 71
10546 72
10537 49
10537 50
10438 106
10438 107
10438 108
10438 109
10438 110
10438 111
10438 112
10438 113
11045 138
11045 139
11045 140
11045 141
10584 56
10584 57
10584 64
10584 65
10584 66
10584 67
10584 68
10584 69
10741 256
10741 257
10741 258
10741 259
10741 260
10741 261
10741 262
10741 263
10741 264
10520 27
10520 28
10520 49
10520 50
10520 51
10520 52
10520 53
10520 54
10955 15
10955 16
10955 17
10955 18
10955 19
10955 20
10955 21
10955 22
10874 117
10874 118
10874 119
10874 120
10874 121
10874 122
10874 123
10874 124
10874 125
10923 237
10923 244
10923 265
10923 274
10923 275
10923 294
10923 295
10923 303
8769 227
8769 255
8769 339
10849 301
10849 302
10849 303
10849 326
10849 327
10849 328
10849 329
10669 110
10669 111
10669 113
10669 114
10669 115
10669 116
10669 117
10481 138
10888 140
10888 141
10888 142
10888 143
10888 144
10888 145
10888 146
10888 147
10929 143
10929 149
10772 233
10772 234
10772 235
10772 236
10772 237
10772 238
10772 239
10772 240
10772 350
10972 27
10972 28
10837 136
10837 137
10837 138
10837 139
10837 140
10837 141
10837 142
10837 143
8762 85
8762 88
8762 89
8762 90
8762 91
8762 92
8762 93
8762 148
10818 45
10818 46
10818 47
10818 48
10818 49
10818 50
10818 51
10818 52
10504 64
10504 65
10504 66
10504 67
10504 68
10504 69
10504 70
10504 71
10504 72
10644 49
10644 57
10644 59
10737 306
10737 307
10475 235
10475 236
10475 237
10475 238
10475 239
10475 240
10475 241
10475 242
10669 137
10669 138
10669 139
10921 140
10921 141
10921 142
10921 143
10432 29
10432 30
10432 59
10432 105
10432 106
10432 107
10432 108
10857 128
10857 129
10857 130
10857 131
10857 132
10857 133
10533 20
10533 22
10533 23
10533 24
10533 25
10533 26
10533 27
10533 28
10533 29
10921 293
10921 294
10921 295
10921 296
10921 297
10921 298
10737 128
10737 129
10737 130
10737 131
10737 132
10737 133
10737 154
10737 155
10737 156
10627 14
10627 15
10627 16
10627 17
10627 18
10627 19
10627 22
11046 111
11046 112
11046 128
11046 129
11046 130
10441 123
10441 124
10441 125
10441 127
10824 45
10824 46
10824 47
10824 48
10824 49
10824 50
10824 51
10848 65
10569 221
10569 222
10569 223
10569 224
10569 225
10569 226
10569 227
10569 228
10441 10
10441 11
10441 12
10441 13
10441 14
10441 15
10441 16
10441 17
10441 18
10441 19
10849 287
10448 238
10448 239
10448 240
10448 241
10448 242
10448 243
10448 244
10448 326
11045 128
11045 129
11045 130
11045 131
11045 132
11045 133
10690 180
10690 181
10690 182
10690 200
10690 201
10690 202
10690 214
10690 215
10948 57
10948 58
10948 59
10487 26
10487 27
10487 28
10487 29
10487 38
10487 39
10487 46
10487 47
10697 33
10697 34
10697 49
10697 50
10697 51
10697 65
10697 66
10697 68
10601 90
10601 91
10601 92
10601 93
10601 94
10601 95
10601 97
10601 98
10858 124
10858 125
10858 126
10858 127
10858 128
10858 129
10858 130
10491 10
10491 11
10491 24
10491 32
10491 33
10491 34
10491 37
10491 40
10858 143
10858 153
10672 114
10672 115
10672 116
10672 117
10672 118
10672 119
10672 120
10857 106
10857 107
10857 108
10857 109
10857 110
10857 111
10857 112
10857 115
10592 87
10592 88
10592 89
10592 90
10592 91
10592 92
10592 93
10592 94
10592 95
10734 54
10734 55
10734 64
10734 65
10734 66
10734 67
10734 68
10581 23
10581 24
10581 25
10581 26
10581 27
10581 28
10581 29
10581 40
10956 8
10956 9
10707 45
10922 0
10922 4
10735 106
10735 107
10735 108
10735 109
10735 110
10735 111
10735 112
10735 113
10819 110
10819 111
10819 112
10819 113
10819 114
10819 115
10819 116
10819 117
10819 118
8769 45
8769 46
8769 47
8769 48
8769 49
10988 139
10646 242
8750 210
8750 211
8750 212
8750 213
8750 214
8750 215
8750 216
8750 217
8750 218
8750 219
10847 108
10847 109
10847 110
10847 111
10847 112
10847 113
10847 114
10847 115
10922 116
10922 117
10922 118
10922 119
10922 120
10922 121
10922 122
10669 130
10669 131
10669 132
10669 133
10669 134
10669 135
10669 136
10839 92
10839 160
10839 161
10784 0
10784 1
10784 2
10784 3
10784 4
10784 5
10784 6
10521 171
10521 182
10521 191
10521 192
10521 197
10521 200
10521 201
10913 2
10913 3
10913 4
10913 5
10913 6
10913 7
10913 8
10913 9
10545 40
10545 41
10545 42
10545 43
10545 44
10545 45
10545 46
10545 47
10654 190
10654 191
10654 299
10654 304
10654 305
10654 306
10654 307
10747 219
10747 220
10747 221
10747 222
10747 223
10747 224
10747 225
10747 226
10747 227
10747 228
10884 198
10884 199
10884 200
10884 210
10884 279
10884 280
10781 91
10781 92
10781 93
10781 94
10781 95
10781 96
10771 167
10771 168
10771 169
10771 170
10771 171
10771 172
10771 173
10849 64
10849 65
10849 66
10849 67
10849 68
10849 69
10849 80
10849 81
10849 82
10849 83
10675 278
10675 328
10675 329
10675 330
10629 133
10629 134
10629 135
10629 136
10629 137
8762 306
8762 307
8762 316
8762 317
8762 318
8762 319
8762 334
10683 296
10683 297
10683 298
10683 299
10683 300
10683 301
10683 302
10683 303
10649 87
10649 140
10649 141
10649 142
10649 144
10649 145
10649 146
10649 147
10448 189
10448 191
10448 282
10448 283
10448 284
10448 285
10578 266
10578 267
10578 268
10578 269
10578 270
10578 271
10578 272
10597 50
10597 51
10597 52
10597 53
10597 54
10597 55
10597 56
10597 57
10597 58
10597 59
10741 172
10741 173
10741 174
10741 175
10741 176
10741 177
10741 178
10675 215
10675 216
10675 217
10675 218
10675 219
10675 220
10675 221
10938 98
10938 99
10938 100
10938 101
10938 102
10938 103
10938 104
10938 105
10938 170
10562 60
10562 61
10562 62
10562 63
10562 64
10562 65
10562 66
10593 329
10593 330
10593 331
10593 332
10593 333
10593 334
10593 335
10593 336
10593 337
8750 311
8750 312
8750 313
8750 314
8750 315
8750 316
8750 317
8750 318
10694 177
10694 178
10694 179
10694 180
10694 181
10694 182
10694 183
10694 184
10631 67
10631 68
10631 69
10631 70
10631 71
10631 72
10631 73
10968 29
10968 30
10968 31
10744 7
10744 8
10744 40
10744 41
10744 42
10744 43
10744 44
10966 177
10966 185
10966 186
10966 187
10966 192
10966 193
10966 194
10966 317
10660 153
10660 154
10660 155
10660 156
10660 157
10660 243
10563 7
10563 8
10563 9
10563 16
10563 17
10563 241
10563 242
10563 243
10874 7
10874 168
10874 169
10874 170
10874 171
10874 172
10874 174
10874 201
10584 101
10584 102
10584 103
10584 104
10584 105
10584 106
10584 107
10584 108
10591 80
10591 81
10591 83
10591 84
10591 85
10591 86
10591 87
10591 88
10886 276
10886 277
10886 278
10886 279
10886 280
10886 281
10886 282
10886 283
10727 230
10727 231
10727 232
10727 233
10727 234
10727 235
10727 236
10744 20
10744 21
10744 22
10744 23
10744 24
10744 25
10744 26
10546 10
10546 11
10546 12
10546 13
10546 14
10546 75
10647 98
10647 99
10647 120
10647 121
10647 122
10647 123
10647 124
10768 20
10768 21
10768 22
10768 23
10768 24
10768 26
10768 27
10768 28
10624 96
10624 97
10624 98
10624 116
10624 117
10624 118
10624 125
10624 126
10645 243
10645 244
10645 245
10645 246
10645 247
10645 248
10645 249
10645 250
10645 251
10768 10
10768 11
10768 12
10768 13
10768 14
10768 15
10768 16
10768 17
10768 18
10768 19
10714 24
10714 25
10714 26
10714 27
10714 28
10714 41
10599 91
10599 92
10804 146
10804 147
10804 148
10804 149
10804 150
10804 151
10804 192
10735 171
10735 172
10735 173
10735 174
10735 175
10735 176
10735 177
10735 178
10735 179
10697 25
10697 26
10697 27
10697 28
10697 29
10697 30
10697 31
10442 22
10442 23
10442 24
10442 35
10442 36
10442 37
10442 38
10442 39
10665 115
10665 116
10665 117
10665 118
10665 119
10665 120
10665 121
10665 122
10665 123
10771 177
10771 209
10771 210
10771 211
10771 283
10771 284
10771 285
10771 286
10719 74
10719 75
10719 148
10719 169
10719 170
10719 171
10719 172
10647 20
10647 21
10647 192
10647 193
10647 194
10581 8
10581 9
10581 32
10581 33
10581 35
10581 36
10581 37
10480 128
10480 129
10480 130
10480 131
10480 132
10480 133
10480 134
10438 123
8770 281
10570 12
10894 90
10386 29
10796 244
10763 40
10763 41
10649 230
10634 188
10597 5
10846 285
10922 29
10847 215
10690 345
10690 346
10690 352
10974 30
10974 31
10648 138
10648 139
10648 140
10710 8
10710 9
10491 158
10654 75
10654 76
10791 44
10696 152
10769 17
10680 96
10680 97
8769 217
8769 218
8769 224
8769 225
8769 226
8746 10
8746 12
8746 13
8746 14
8746 15
8746 16
8746 17
8746 18
8746 19
10856 10
10856 29
10856 30
10449 74
10449 75
10609 8
10609 9
10438 126
10438 127
10438 148
10438 149
10438 150
10700 0
10735 114
10735 115
10735 143
10735 144
10735 145
10654 125
10654 126
10654 127
8751 114
8751 115
8751 126
8751 127
8751 187
8751 197
10644 7
10644 8
10644 9
10683 218
10683 219
10683 220
10683 221
10683 222
10683 223
10609 139
10609 140
10609 141
10609 142
10959 20
10657 51
10657 52
10657 72
10923 3
10923 9
10923 10
10923 11
10923 12
10447 34
10447 35
10447 36
10447 37
10447 38
10447 39
10668 88
10668 175
10668 176
10668 177
10668 178
10668 180
10668 227
10668 228
10486 8
10610 22
10610 23
10610 24
10610 25
10610 26
10610 27
10610 28
10610 29
10823 5
10823 7
10823 8
10823 9
10823 10
10823 11
10823 12
10823 13
10756 70
10756 72
10756 75
10756 80
10756 87
10756 96
10756 97
10756 98
10804 188
10804 189
10804 190
10804 191
10804 193
10804 194
10804 195
10580 187
10580 188
10580 189
10580 190
10580 191
10580 192
10580 193
10580 194
10719 175
10719 176
10719 192
10719 193
10719 194
10719 195
10719 196
10719 197
10719 198
10687 77
10687 145
10687 146
10687 147
10665 0
10665 1
10665 2
10665 3
10693 36
10693 37
10693 38
10693 39
10693 40
10693 41
10693 42
10693 43
10693 44
10591 50
10591 51
10591 52
10591 53
10591 54
10591 55
10591 56
10591 57
10436 101
10436 102
10436 103
10436 104
10436 105
10436 106
10436 107
10690 134
10690 135
10690 136
10690 137
10690 256
10690 257
10690 258
10857 100
10857 101
10857 102
10692 29
10692 30
10624 337
10624 338
10624 339
10624 340
10624 341
10624 342
10624 343
10706 74
10706 75
10706 76
10706 77
10706 78
10706 99
10706 100
10706 101
10706 102
10795 10
10795 11
10795 12
10795 13
10795 14
10795 15
10786 96
10786 107
10786 108
10786 110
10786 111
10786 112
10786 113
10885 31
10885 32
10885 33
10885 34
10885 35
10885 36
10885 37
10885 38
10885 39
10475 135
10475 136
10475 137
10475 138
10475 140
10475 141
10475 146
10868 40
10868 41
10868 42
10868 43
10868 44
10868 45
10868 46
10693 107
10693 108
10693 109
10693 110
10693 111
10693 112
10693 124
10922 71
10922 98
10922 101
10922 153
10922 154
10922 155
10922 156
10922 157
10922 159
10563 96
10563 97
10563 98
10563 99
10563 109
10563 117
10563 118
10874 158
10874 159
10874 160
10874 161
10874 162
10874 163
10874 164
10952 90
10952 178
10952 179
10952 180
10952 181
10952 182
10952 183
10952 253
10952 254
10810 176
10810 177
10810 178
10810 196
10810 197
10810 198
10810 206
10711 34
10711 35
10711 36
10711 37
10711 38
10711 39
10711 40
10711 41
10625 219
10625 220
10625 221
10625 222
10625 223
10625 224
10625 225
10625 226
10939 15
10939 21
10939 22
10939 23
10939 24
10939 25
10939 26
10520 128
10520 129
10520 130
10520 131
10520 132
10520 133
10520 134
11048 76
11048 77
11048 78
11048 79
10623 7
10623 8
10623 9
10623 10
10489 20
10489 21
10489 22
10489 23
10489 24
10489 25
10489 26
10489 27
10489 28
8762 33
8762 34
8762 35
8762 36
8762 37
8762 38
8762 39
8762 40
10827 0
10827 1
10827 2
10827 3
10827 4
10827 5
10827 6
10657 42
10657 64
10657 65
10657 66
10657 67
10657 68
10972 48
10972 57
10972 58
10972 77
10972 78
10972 98
10683 244
10683 245
10683 324
10683 325
10683 333
10683 334
10683 335
10635 105
10635 106
10635 107
10635 108
10635 109
10635 110
10635 111
10635 112
10635 113
10580 127
10580 128
10580 129
10580 130
10580 131
10580 132
10580 133
10580 134
10580 135
10741 207
10741 208
10741 209
10741 210
10741 211
10741 242
10741 243
10741 244
10727 117
10727 118
10727 119
10727 120
10727 121
10727 128
10727 129
10534 121
10534 122
10534 123
10534 124
10534 125
10534 126
10520 94
10520 105
10520 106
10520 135
10520 136
10520 157
10520 163
10520 165
10821 135
10821 136
10821 137
10821 138
10821 139
10821 140
10821 141
10821 142
10884 303
10884 304
10884 305
10884 306
10884 307
10884 308
10884 309
10884 310
10884 311
10551 92
10551 93
10551 94
10551 95
10551 96
10551 97
10551 98
10840 47
10840 48
10840 64
10840 65
10840 66
10840 67
10743 308
10743 309
10743 310
10743 311
10743 312
10743 313
10743 314
10743 315
10584 269
10584 270
10584 271
10584 272
10584 273
10584 274
10584 275
10504 40
10504 41
10504 232
10504 233
10504 234
10504 235
10504 236
10504 237
10504 238
10605 0
10605 1
10605 2
10605 3
10605 4
10605 5
10605 6
10888 277
10888 278
10888 280
10888 281
10888 282
10888 283
10888 284
10888 285
10800 131
10800 132
10800 141
10800 142
10800 143
10800 152
10834 119
10834 121
10834 122
10834 305
10540 60
10540 61
10540 62
10540 63
10540 64
10540 65
10540 67
10540 68
10813 56
10813 57
10813 58
10813 59
10813 60
10813 61
10813 62
10813 63
10504 140
10504 141
10504 142
10504 143
10504 144
10504 145
10504 146
10504 147
10648 264
10648 265
10648 266
10648 267
10648 268
10520 224
10520 225
10520 226
10520 227
10520 228
10520 229
10520 230
10520 231
10931 107
10931 108
10931 109
10931 110
10931 179
10931 180
10931 181
10931 182
10441 52
10441 53
10441 54
10441 55
10441 56
10441 57
10441 58
10441 59
10845 75
10845 93
10845 94
10845 95
10845 96
10845 158
10845 159
10849 84
10849 85
10849 86
10849 87
10849 88
10849 89
10849 128
10938 8
10938 9
10938 10
10938 16
10938 17
10938 18
10938 19
10938 20
10747 167
10747 168
10747 169
10747 170
10747 171
10747 172
10747 173
10512 0
10512 1
10512 2
10512 3
10512 4
10512 5
10512 6
10512 7
10512 8
10611 180
10611 181
10611 182
10611 183
10611 184
10611 185
10611 186
10611 187
10569 286
10569 287
10569 288
10569 289
10569 290
10569 291
10569 292
10569 293
10634 313
10634 314
10634 315
10634 316
10634 317
10634 318
10634 319
10657 101
10657 102
10657 103
10657 104
10657 105
10657 106
10657 107
10657 108
10657 109
11046 54
11046 55
11046 56
11046 57
10830 30
10830 31
10830 32
10830 33
10830 34
10830 35
10830 36
10830 37
10625 288
10625 289
10625 290
10625 291
10625 292
10625 293
10625 294
10625 295
10625 296
10625 297
10610 252
10442 40
10644 60
10432 145
10432 146
10432 147
10974 119
10956 57
8747 31
10613 116
10673 29
10673 30
10673 31
10834 186
10834 187
10834 188
10834 189
10834 191
10610 169
10610 176
10610 177
10762 83
10762 85
10762 86
10762 87
10762 88
10625 287
10625 300
10689 8
10689 9
10689 10
10689 11
10689 12
10689 13
10689 14
10755 137
10755 138
10755 139
10755 140
10755 141
10755 142
10755 143
10755 144
10442 75
10442 76
10442 77
10442 78
10442 79
10442 80
10442 81
10442 82
10442 83
11048 37
11048 38
11048 39
11048 71
11048 72
10769 30
10769 38
10769 39
10538 128
10538 129
10538 130
10538 151
10538 152
10538 153
10396 21
10491 5
8771 155
10692 111
10692 112
10692 113
10692 114
10692 115
10692 116
10692 117
10692 118
10692 119
10840 73
10840 96
10840 97
10988 215
10988 216
10988 217
10988 218
10988 219
10534 137
10534 138
10534 139
10534 140
10534 150
10534 158
10534 159
10791 77
10987 237
10987 238
10987 239
10788 20
10788 21
10788 22
10788 23
10788 24
10788 25
10788 26
10788 27
8764 10
8764 11
10688 107
10439 59
10439 60
10502 18
10502 26
10502 27
10502 28
10502 109
10502 110
10502 111
10502 112
10833 38
10833 39
10833 40
10849 288
10888 275
10888 276
10888 302
10622 49
10622 53
10966 172
10966 173
10966 200
10966 201
10966 254
10966 263
10966 264
10766 40
10750 33
10750 34
10706 18
10706 19
10706 20
10706 21
10706 22
10706 23
10706 24
10849 154
10857 113
10857 114
10711 11
10711 12
10711 13
10711 14
11046 52
11046 53
11046 58
11046 59
8746 90
8746 91
8746 93
10567 306
10567 307
10567 308
10567 309
10705 105
10705 106
10705 107
10705 108
10705 109
10705 110
10705 111
8746 31
8746 32
8746 33
8746 34
8746 35
8746 36
8746 37
8746 38
8746 39
10975 10
10975 11
10490 18
10490 27
10490 80
10490 85
8746 94
8746 95
8750 140
8750 170
8750 172
8750 173
8750 180
11045 164
11045 165
11045 166
11045 167
11045 173
11045 186
11045 187
10857 201
10800 114
10800 115
10800 116
10800 117
10800 121
10800 122
10892 102
10892 103
10892 112
10892 113
10892 114
10888 177
10805 74
10805 75
10805 94
10805 95
10805 102
10805 103
10833 0
10833 1
10833 2
10833 3
10833 4
10833 5
10833 6
8770 154
8770 155
8770 156
8770 157
10675 49
10675 75
10784 36
10784 37
10784 38
10784 54
10784 55
10784 57
10734 8
10734 9
10884 113
10884 114
10884 115
10884 116
10884 117
10884 118
10884 119
10830 98
10830 99
10830 100
10830 101
10830 104
10830 105
10830 106
10830 107
10931 250
10931 251
10931 252
10931 253
10931 254
10931 255
10867 0
10867 1
10867 2
10867 3
10690 76
10690 77
10690 110
10690 111
10690 112
10925 209
10925 218
10925 219
10925 229
10925 236
10925 237
10925 238
10925 239
10622 8
10532 10
10532 11
10532 12
10532 13
10532 14
10532 15
10532 16
10532 17
10532 18
10972 89
10972 90
10972 91
10972 92
10972 93
10972 94
10972 95
10382 70
10382 72
10382 73
10382 74
10382 75
10382 76
10382 77
10382 78
10382 79
10480 227
10480 228
10480 229
10480 230
10480 231
10762 16
10762 17
10762 25
10762 26
10762 27
10762 53
10578 64
10578 104
10578 112
10578 163
10578 164
10578 173
10578 174
10578 207
10578 208
10504 105
10504 106
10504 107
10504 108
10504 109
10890 85
10890 86
10890 89
10890 90
10890 91
8745 55
8745 56
8745 57
8745 58
8745 59
8745 60
8745 61
8745 64
8745 65
8745 66
10833 164
10833 166
10833 167
10833 168
10833 169
10535 58
10535 59
10535 60
10535 61
8771 202
8771 203
8771 229
8771 230
8771 292
8771 293
10885 60
10885 61
10885 62
10885 63
10885 64
10885 65
10737 36
10737 37
10737 39
10744 90
10744 138
10744 139
10744 140
10744 141
10744 142
10744 143
10744 144
10584 184
10584 185
10584 186
10584 187
10584 188
10584 189
10584 190
10584 202
10786 70
10786 71
10786 72
10786 73
10786 74
10786 75
10786 76
10885 66
10885 67
10885 68
10885 69
10885 70
10885 71
10492 56
10492 57
10492 67
10492 72
10492 73
10492 74
10574 311
10574 312
10574 313
10574 314
10574 315
10574 316
10574 317
10574 318
10609 101
10609 102
10609 103
10609 112
10609 113
10609 114
10609 115
10609 116
8762 106
8762 107
8762 108
8762 109
8762 110
8762 111
8762 112
8762 113
10646 40
10646 41
10646 43
10646 44
10646 45
10646 46
10921 225
10921 228
10921 234
10921 235
10921 236
10921 290
10921 291
10921 292
10748 43
10748 45
10748 46
10748 47
10748 48
10748 64
10748 65
10821 95
10821 96
10821 97
10821 98
10821 99
10821 100
10821 101
10821 102
10693 147
10693 148
10693 149
10693 150
10693 151
10693 152
10693 153
10693 154
10805 36
10805 37
10805 38
10805 39
10805 40
10805 41
10666 60
10666 61
10666 62
10666 63
10666 64
10666 65
10666 66
10952 310
10952 311
10952 312
10952 313
10952 314
10952 315
10952 316
10952 317
10660 323
10660 324
10660 325
10660 326
10660 327
10693 30
10693 31
10693 32
10693 33
10693 34
10693 35
10693 63
10693 84
10606 10
10606 11
10606 12
10606 13
10538 138
10538 139
10538 140
10538 172
10538 173
10538 174
10538 175
10538 176
10847 65
10847 69
10847 70
10847 72
10847 73
10847 74
10847 75
10847 76
10822 64
10822 65
10822 66
10822 67
10822 68
10822 69
10822 70
10822 71
10886 177
10886 178
10886 179
10886 180
10886 181
10886 182
10886 183
10886 184
10530 2
10530 7
10530 28
10530 71
10530 76
10530 97
10530 139
10529 82
10529 83
10529 84
10529 85
10529 86
10529 87
10529 89
10963 0
10963 1
10963 2
10963 3
10963 4
10963 6
10963 7
10963 8
10848 85
10848 86
10848 87
10848 88
10848 89
10848 110
10848 111
10848 112
10622 10
10622 11
10622 12
10622 13
10622 14
10622 15
10622 16
10622 17
10622 18
10836 0
10836 1
10836 2
10836 3
10836 4
10836 5
10836 6
10836 7
10502 233
10502 234
10502 235
10502 236
10502 237
10502 238
10502 239
10502 250
10502 251
10475 75
10475 76
10475 97
10475 98
10475 99
10890 31
10890 32
10890 41
10890 42
10890 44
10890 45
10890 69
10769 0
10769 1
10769 2
10769 3
10769 4
10769 5
10769 7
10769 8
10692 51
10692 52
10692 53
10692 54
10692 55
10692 74
10692 75
10692 76
10692 77
10652 20
10652 21
10652 23
10652 24
10652 25
10652 26
10652 27
10652 28
10652 29
10836 60
10836 61
10836 62
10836 63
10836 64
10836 65
10836 66
10836 67
10836 68
10599 34
10599 35
10599 36
10599 37
10599 38
10599 39
10599 40
10599 41
10884 153
10884 154
10884 155
10884 156
10884 157
10884 158
10884 159
8750 143
8750 144
8750 145
8750 146
8750 147
8750 148
8750 149
8750 150
10697 42
10697 43
10697 44
10697 45
10697 46
10697 47
10697 48
10804 54
10804 55
10804 56
10804 57
10804 58
10804 59
10804 60
10804 61
10667 40
10667 41
10667 42
10667 43
10667 44
10667 45
10667 46
10667 47
10667 48
10590 77
10590 78
10590 80
10590 81
10590 82
10590 83
10590 84
10952 46
10952 47
10952 48
10952 49
10952 50
10952 51
10952 52
10924 98
10924 99
10924 100
10924 109
10924 110
10924 118
10924 119
10924 151
10654 316
10654 317
10611 85
10611 86
10611 87
10611 88
10611 89
10611 90
10611 91
10611 92
10611 93
10727 228
10727 264
10727 265
10727 273
10727 274
10727 275
10727 283
10685 77
10685 80
10685 81
10685 82
10685 138
10685 139
10685 140
10540 50
10540 51
10540 52
10540 53
10540 54
10540 55
10540 56
10540 57
10502 178
10502 179
10502 210
10502 218
10502 219
10502 352
10502 353
10502 354
10790 162
10790 163
10728 34
10728 35
10728 36
10728 37
10728 38
10728 39
10728 40
10728 41
10728 42
10848 119
10724 187
10724 188
10724 189
10724 190
10724 191
10724 192
10724 193
10724 194
10849 280
10618 46
10618 47
10618 48
10618 49
10618 50
10618 51
10618 52
10618 53
10618 54
10618 55
10560 31
10560 32
10603 20
10603 21
10603 22
8771 109
8747 85
10741 30
10741 31
10741 32
10741 33
10741 34
10741 35
10741 36
10741 37
10660 162
10485 35
10712 235
10478 179
10478 180
10929 125
10929 126
10929 127
10929 129
10990 57
10990 58
10586 20
10849 70
10849 78
10849 90
10857 158
10857 159
10857 160
10707 1
10707 2
10707 3
10707 4
10707 5
10707 6
10778 55
10778 61
10778 62
10778 63
8771 147
10849 316
10849 317
10864 72
10864 73
10864 74
10864 75
10864 76
10864 77
10864 78
10441 60
10441 71
10441 72
10441 73
10836 50
10836 51
10836 52
10836 53
10836 54
10727 276
10727 277
10727 278
10727 279
10727 280
10727 281
10727 282
10625 45
10625 55
10625 62
10625 63
10625 64
10625 65
10913 14
10913 55
10913 60
10913 61
10913 64
10913 66
10913 71
10913 73
10708 7
10708 8
10708 9
10708 52
10708 60
10708 61
10708 62
10778 104
10778 105
10778 129
10778 137
10778 138
10778 139
10778 147
10678 13
10592 117
10592 118
10592 119
10592 120
10592 121
10592 122
10592 123
10747 101
10747 110
10449 2
10449 3
10449 4
10449 6
10449 7
10837 108
10837 109
10837 110
10837 111
10837 112
10837 113
10837 114
10755 135
10755 136
10755 145
10755 146
10755 155
10755 156
10704 91
10704 92
10704 93
10704 94
10704 95
10704 96
10704 97
10704 98
10657 43
10657 44
10657 45
10657 46
10657 47
10657 48
10657 49
10657 50
10716 169
10716 170
10716 171
10716 172
10716 173
10716 174
10716 175
10716 176
10848 9
10697 10
10697 11
10697 12
10697 13
10697 14
10437 176
10437 187
10437 188
10437 197
10437 198
10437 208
10437 217
10873 90
10873 91
10873 92
10873 94
10873 95
10873 97
10873 98
10746 25
10746 26
10746 27
10746 28
10746 29
10746 30
10746 31
10646 160
10646 161
10646 162
10646 163
10646 164
10646 165
10646 166
10848 145
10850 147
10850 148
10850 149
10850 150
10850 151
10850 152
10850 153
10850 154
10850 155
10560 10
10560 11
10560 12
10560 13
10560 14
10560 15
10560 16
10560 17
10547 88
10547 89
10874 32
10874 33
10874 34
10874 36
10874 37
10874 38
10951 18
10951 19
10951 20
10693 64
10693 65
10693 66
10693 67
10693 68
10693 69
10747 138
10747 139
10747 140
10747 141
10747 142
10747 143
10747 144
10747 145
10747 152
10821 20
10821 21
10821 22
10821 23
10821 24
10821 25
10821 26
10821 27
10821 28
10821 29
10512 10
10512 11
10512 12
10512 13
10512 14
10512 15
10512 16
10512 17
10534 170
10534 245
10508 96
10508 97
10508 98
10508 99
10508 100
10508 101
10508 102
10623 70
10623 71
10623 72
10623 73
10623 74
10623 75
10623 76
10602 152
10602 153
10602 154
10602 155
10602 156
10602 157
10602 158
10437 159
10437 160
10437 161
10437 162
10437 163
10437 164
10437 165
10622 27
10622 28
10622 29
10622 38
10622 39
10622 46
10622 47
10622 48
10766 136
10766 137
10578 65
10578 66
10578 67
10578 68
10578 69
10578 70
10578 71
10578 72
10578 73
10830 87
10830 155
10830 156
10830 157
10830 158
10830 159
10830 160
10830 161
10529 151
10529 152
10529 153
10529 154
10529 155
10529 156
10529 157
10704 19
10704 20
10704 21
10704 22
10704 23
10704 24
10704 25
10704 26
10704 27
10884 133
10884 134
10884 135
10884 136
10884 137
10884 138
10884 139
10884 140
10884 141
10744 217
10744 238
10744 239
10744 240
10744 241
10744 242
10744 243
10744 244
10744 245
10436 294
10436 295
10436 296
10884 289
10884 290
10969 120
10969 122
10969 166
10969 167
10969 168
10969 169
10442 222
10442 223
10442 224
10442 225
10442 226
10442 227
10442 228
10442 229
10442 230
10748 10
10748 11
10748 12
10748 13
10748 14
10748 15
10748 16
10748 17
8754 130
8754 131
8754 132
8754 133
8754 134
8754 135
8754 136
8754 137
8754 138
8754 139
10687 0
10687 1
10687 2
10687 3
10687 4
10687 5
10687 6
10687 7
10635 56
10635 57
10635 58
10635 59
10635 60
10635 61
10635 62
10635 63
10892 13
10892 14
10892 15
10892 16
10892 17
10892 18
10874 67
10874 68
10874 69
10874 70
10874 71
10874 72
10874 73
10646 189
10646 190
10646 198
10646 199
10646 200
10646 208
10646 209
10894 13
10894 14
10894 15
10894 16
10894 17
10894 18
10894 19
10894 74
10612 40
10612 41
10612 47
10612 48
10612 49
10563 170
10563 178
10563 179
10563 180
10563 189
10563 190
10591 256
10591 312
10591 313
10591 314
10591 315
10591 320
10591 321
10591 322
10884 330
10884 331
10884 332
10884 333
10884 334
10884 335
10884 336
10884 337
10884 338
10966 128
10966 129
10966 130
10966 131
10966 132
10966 133
10966 134
10729 83
10729 84
10729 85
10729 86
10729 87
10729 88
10729 89
10729 90
10529 202
10529 211
10529 214
10529 239
10529 266
10529 267
10529 270
10635 28
10635 29
10635 30
10635 31
10635 32
10635 33
10635 34
10635 35
10704 210
10704 211
10704 212
10704 213
10704 214
10704 215
10704 216
10704 237
10987 188
10987 189
10987 190
10987 191
10647 112
10647 113
10647 115
10647 116
10647 117
10647 118
10647 119
10647 206
10647 207
10888 27
10888 28
10888 29
10888 38
10888 39
10888 48
10888 49
10888 58
10888 59
10888 69
10569 20
10569 21
10569 22
10569 23
10569 24
10569 25
10569 26
10441 76
10441 77
10441 78
10441 79
10441 80
10441 81
10441 82
10441 83
10864 45
10864 46
10864 47
10864 48
10864 49
10864 50
10864 51
10864 52
10743 34
10743 87
10743 97
10743 106
10743 107
10743 125
10743 126
10654 70
10654 71
10654 72
10654 73
10654 74
10654 77
10654 78
10654 79
10796 163
10796 164
10796 165
10796 167
10796 168
10796 169
10798 55
10798 56
10798 57
10798 58
10798 59
10798 62
10798 108
10798 111
10750 55
10750 56
10750 57
10750 58
10750 59
10750 60
10750 61
10857 66
10857 67
10857 68
10857 69
10857 70
10857 74
10927 67
10927 68
10927 69
10927 78
10927 79
10927 88
10927 89
10927 99
10921 173
10921 174
10921 175
10921 176
10921 192
10635 36
10635 37
10635 38
10635 39
10635 40
10635 41
10635 42
10635 43
10668 258
10668 259
10668 276
10668 277
10668 278
10668 280
10668 281
10668 282
10486 0
10486 1
10486 2
10486 3
10486 4
10486 5
10486 6
10937 31
10937 32
10937 33
10937 34
10937 35
10937 42
10937 43
10521 231
10521 232
10521 233
10521 235
10521 236
10521 237
10521 238
10521 239
10480 119
10480 120
10480 139
10480 140
10480 149
10480 150
10480 186
10693 173
10693 174
10693 175
10693 176
10693 177
10693 178
10693 179
10782 0
10782 1
10782 2
10782 3
10782 4
10782 5
10782 6
10782 7
10782 8
10782 9
10893 54
10893 55
10893 56
10893 57
10893 58
10936 8
10936 9
10936 16
10936 17
10936 18
10936 19
10936 20
10936 21
10442 111
10442 112
10442 113
10442 114
10442 115
10442 116
10442 117
10442 118
10625 177
10625 178
10625 179
10625 180
10625 181
10625 182
10625 183
10518 0
10518 1
10518 2
10518 3
10518 4
10518 5
10518 6
10518 7
10518 9
10569 231
10569 232
10569 233
10569 244
10569 245
10569 246
10569 247
10569 248
10569 249
10849 124
10849 125
10849 126
10849 127
10849 251
10849 252
10849 253
10693 20
10693 21
10693 22
10693 23
10693 24
10693 25
10693 26
10693 27
10693 28
10675 55
10675 56
10675 57
10675 58
10675 59
10675 60
10675 61
10675 62
10675 74
8754 63
8754 64
8754 65
8754 66
8754 67
8754 68
8754 69
8754 70
8754 71
8754 72
10597 9
10597 10
10597 11
10597 12
10597 13
10597 14
10597 15
10597 16
10969 74
10969 75
10969 76
10969 77
10969 78
10969 79
10969 80
10969 81
10969 82
10864 28
10864 38
10864 39
10864 91
10864 92
10864 93
10864 94
10864 95
10613 140
10613 141
10613 142
10613 143
10613 144
10613 145
10613 146
10562 79
10562 129
10562 138
10562 139
10562 147
10562 148
10562 198
10562 199
10849 281
8771 156
10946 9
10729 16
10729 17
10434 47
10623 25
10839 106
10824 182
10824 183
10824 184
10892 28
10848 186
8748 83
8748 93
8748 94
8748 95
10741 8
10438 114
10438 115
8745 52
8745 53
8745 54
10484 30
10484 31
10484 36
8747 45
10849 118
10849 119
10845 175
10845 176
10845 192
10529 228
10529 233
10439 27
10439 28
10649 107
10649 108
10649 109
10771 64
10756 66
10756 67
10756 68
10948 41
10948 46
10948 47
10948 82
10948 83
10888 124
10874 60
10874 61
10874 62
10657 200
10657 201
10657 207
10657 208
10657 209
10581 68
10581 69
10727 10
10727 11
10727 12
10727 13
10791 53
10660 9
10660 10
10386 87
10386 88
10386 89
10386 90
10386 91
10534 151
10534 152
10534 153
10534 154
10534 155
10534 156
10534 157
10834 184
10834 185
10845 47
10845 48
10845 49
10845 52
10845 53
10845 54
10584 253
10584 254
10584 255
10584 286
10584 287
10584 288
10584 289
10584 290
10584 291
10625 56
10625 57
10625 58
10625 59
10625 60
10625 61
10920 99
10920 100
10920 101
10920 102
10920 103
10920 109
10920 110
10696 256
10696 257
10696 258
10696 259
10696 260
10696 271
10696 272
10728 43
10728 52
10728 53
10704 330
10704 331
10704 332
10704 333
10704 334
10704 335
10704 336
10704 337
10856 37
10856 38
10856 39
10856 40
10856 41
10856 83
10856 95
10856 99
10380 0
10380 1
10380 2
10380 3
10380 4
10380 5
10380 6
10692 78
10692 121
10692 122
10692 123
10692 124
10692 125
10692 126
10884 65
10884 66
10884 67
10884 68
10884 69
10884 70
10884 71
10884 72
10547 61
10547 62
10547 63
10547 64
10547 65
10547 66
10547 67
10988 169
10988 170
10988 171
10988 172
10988 175
10988 176
10988 235
10988 237
11045 134
11045 135
11045 136
11045 137
11045 142
10713 18
10713 19
10713 20
10713 21
10713 22
10713 23
10713 24
10804 176
10804 216
10804 217
10804 218
10804 219
10804 220
10804 221
10804 222
10766 29
10517 148
10517 149
10517 160
10517 161
10517 162
10517 163
10921 20
10888 50
10888 51
10888 52
10888 53
10888 54
10888 55
10888 56
10888 57
10624 95
10624 119
10624 120
10624 121
10624 122
10624 123
10624 124
10847 63
10864 79
10864 80
10864 81
10864 90
10864 97
10864 105
10864 106
10307 49
10307 54
10307 57
10307 58
10307 59
10307 60
10307 61
10307 62
10681 0
10681 1
10681 2
10681 3
10681 4
10681 5
10681 6
10580 40
10580 41
10580 42
10580 43
10580 44
10580 45
10580 46
10700 138
10700 145
10700 146
10700 147
10700 170
10700 171
10924 141
10924 142
10924 143
10924 144
10924 145
10924 146
10924 147
10924 148
10924 149
11001 0
11001 1
11001 2
11001 3
11001 4
11001 5
11001 6
11001 7
10921 211
10921 212
10921 213
10921 214
10921 215
10921 216
10921 217
10921 218
10672 59
10672 60
10672 61
10672 74
10672 75
10672 76
10672 77
10778 106
10778 107
10778 108
10778 109
10778 110
10778 111
10778 112
10778 113
10778 128
10490 320
10490 321
10490 322
10490 323
10490 324
10490 325
10490 326
10994 62
10994 63
10529 105
10529 109
10529 119
10529 232
10529 238
10529 240
10529 242
10529 251
10858 93
10858 94
10858 95
10858 105
10858 106
10647 101
10647 102
10647 103
10647 104
10647 105
10647 106
10647 107
10647 108
10647 109
10846 65
10846 66
10846 67
10846 68
10846 69
10846 70
10745 20
10745 21
10745 22
10745 23
10972 70
10972 71
10972 73
10972 74
10623 58
10623 59
10623 77
10623 78
10623 79
10623 87
10623 88
10668 115
10668 116
10668 117
10668 118
10668 119
10668 120
10870 25
10870 26
10870 27
10870 30
10870 59
10870 60
10870 61
10724 147
10724 148
10724 149
10724 150
10724 151
10724 152
10724 153
10724 154
10743 211
10743 212
10743 213
10743 214
10743 215
10743 218
10743 224
10743 225
10573 38
10573 50
10573 51
10573 52
10573 53
10573 54
10573 55
10682 39
10682 40
10682 41
10682 42
10682 43
10682 44
10682 45
10682 46
10441 174
10441 175
10441 176
10441 177
10441 178
10441 179
10712 273
10712 274
10712 275
10712 301
10712 302
10712 303
10712 304
10712 305
10712 306
10657 15
10657 16
10657 17
10657 18
10657 73
10657 74
10599 19
10599 20
10599 21
10599 29
10599 30
10599 31
10599 32
10599 33
10553 8
10553 9
10553 30
10553 31
10553 32
10553 33
10689 53
10689 54
10689 59
10689 60
10689 61
10689 62
10307 83
10307 84
10307 110
10307 121
10307 122
10307 123
10307 124
10858 64
10858 65
10858 66
10858 67
10858 68
10858 69
10858 71
10744 10
10744 11
10744 12
10744 13
10744 14
10744 15
10966 238
10966 239
10966 240
10966 241
10966 242
10966 243
10966 244
10966 339
11046 21
11046 22
11046 23
11046 29
11046 30
10432 165
10432 166
10432 168
10432 169
10432 170
10432 171
10432 172
10432 173
10394 4
10394 5
10394 6
10394 7
10394 8
10394 9
10394 10
10873 59
10873 60
10873 61
10873 62
10873 63
10530 199
10530 201
10530 202
10530 203
10530 204
10530 206
10530 207
10307 138
10307 139
10307 140
10307 141
10307 142
10307 143
10307 144
10837 224
10837 225
10837 236
10837 237
10837 238
10837 239
10837 240
10837 241
10946 20
10946 21
10946 22
10946 23
10946 24
10946 25
10946 26
10946 27
10441 23
10441 24
10441 25
10441 26
10441 27
10441 28
10441 29
10441 30
10441 31
10441 32
10747 58
10747 60
10747 62
10747 63
10747 64
10747 65
10747 67
10747 72
10743 7
10743 8
10743 9
10743 24
10743 32
10743 33
10849 30
10849 31
10849 32
10849 33
10849 34
10849 35
10849 50
10475 0
10475 1
10475 2
10475 3
10475 4
10475 5
10475 6
10927 20
10927 21
10927 22
10927 23
10927 24
10927 25
10927 26
10927 27
10927 28
10888 20
10888 21
10888 22
10888 23
10888 24
10888 25
10888 26
10929 301
10929 302
10929 303
10929 304
10929 305
10929 306
10929 307
10929 308
10821 125
10821 126
10821 127
10821 128
10821 129
10821 130
10821 131
10821 132
10689 31
10689 32
10689 33
10689 34
10689 35
10689 36
10689 37
10689 38
10689 39
10449 100
10449 101
10449 102
10449 103
10449 107
10449 108
10449 109
10449 110
10449 111
10449 132
10626 5
10626 6
10626 7
10626 8
10626 9
10626 10
10626 11
10850 182
10850 183
10850 184
10850 199
10850 200
10850 226
10850 228
10850 244
10850 246
10850 247
10756 35
10756 42
10756 43
10756 44
10756 45
10756 55
8770 93
8770 94
8770 96
8770 97
8770 98
8770 235
8770 236
8770 237
8770 238
10505 100
10505 101
10505 102
10505 103
10505 104
10505 105
10505 106
10505 107
10505 108
10931 15
10931 23
10931 46
10931 47
10931 48
10931 56
10931 57
8750 247
8750 248
8750 249
8750 250
8750 251
8750 252
10577 9
10577 17
10577 18
10577 19
10577 20
10577 21
10577 22
10648 87
10648 88
10648 89
10648 90
10648 91
10648 92
10648 93
10648 94
10597 76
10597 77
10597 78
10597 79
10597 80
10597 81
10597 82
10839 16
10839 17
10839 18
10839 19
10839 20
10839 21
10839 22
10839 23
10490 9
10490 31
10490 32
10490 33
10490 40
10490 41
10490 42
10781 195
10781 196
10781 197
10781 198
10781 199
10781 200
10781 201
10931 97
10931 98
10931 99
10931 100
10931 101
10931 102
10931 103
10931 104
10931 105
10386 40
10386 41
10386 42
10386 43
10386 44
10386 45
10386 46
11005 42
11005 43
11005 44
11005 45
11005 46
11005 47
10704 220
10704 221
10704 222
10704 223
10704 241
10704 242
10704 243
10913 13
10672 87
10672 88
10766 122
10766 123
10766 124
10827 7
10827 8
10827 9
10827 10
10827 11
10827 12
10827 13
10827 14
10827 15
10994 84
10994 85
10994 86
10994 87
10994 88
10994 89
10994 90
10994 91
10680 216
10680 217
10680 218
10680 219
10680 220
10680 221
10680 222
10688 177
10688 178
10688 179
10688 180
10807 10
10807 11
10807 12
10807 13
10807 14
10807 15
10807 16
8759 90
8759 91
8759 92
8759 93
8759 94
8759 95
8759 96
8759 97
10611 102
10611 103
10611 104
10611 105
10611 106
10611 107
10680 89
10680 90
10680 91
10680 92
10680 93
10680 94
10680 95
10716 229
10716 230
10716 231
10716 232
10716 233
10716 234
10716 235
10716 236
10888 175
10519 62
10950 19
10888 173
10727 127
10584 222
10584 223
10584 224
10584 231
10584 232
10584 233
10584 234
10840 72
8762 63
10579 0
10652 30
10961 10
10772 266
10772 267
10772 268
10772 269
10772 270
10772 271
10772 272
10772 273
10644 31
10683 21
10683 22
10798 17
10798 18
10798 19
10798 20
10798 21
10798 22
10798 23
10437 209
10437 210
10437 211
10437 212
10437 213
10437 214
10437 215
10437 216
10818 90
10818 91
10771 148
10771 149
10771 150
10692 127
10870 62
10870 63
10865 31
10865 32
10534 78
10534 79
10534 108
10534 109
10534 119
10534 120
10534 127
10534 128
10886 173
10886 174
10886 176
10755 44
10755 45
8769 172
8769 175
8769 176
8769 177
8769 178
10623 68
10623 69
10567 171
10567 180
10567 181
10567 189
10567 190
10567 191
10938 53
10938 72
10938 73
10734 50
10734 52
10734 53
10478 88
10478 89
10478 90
10478 92
10830 65
10830 66
10830 67
10830 70
10830 71
10830 72
10931 121
10931 122
10931 123
10448 211
10448 237
10448 323
10448 324
10448 327
10448 328
10448 329
10666 58
10666 59
10666 67
10666 220
10436 319
10436 347
10436 348
10436 349
10436 350
10994 39
10994 40
10994 41
10994 42
10959 59
10959 60
10959 61
10959 62
10448 129
10448 130
10448 131
10448 132
10448 133
10448 134
10611 49
10611 50
10611 51
10611 52
10611 53
10611 54
10534 286
10534 287
10534 288
10534 289
10534 290
8764 215
8764 216
8764 217
8764 219
8764 220
8764 221
8764 222
8764 223
8764 224
10555 21
10555 22
10555 23
10555 24
10555 25
10555 26
10555 27
10555 28
10502 89
10502 90
10502 91
10502 92
10502 93
10502 94
10502 95
10502 96
10502 97
10725 182
10725 183
10725 184
10725 192
10725 193
10725 194
10725 202
10725 203
10437 240
10437 241
10437 242
10437 243
10437 244
10437 245
10610 30
10610 31
10610 59
10610 60
10610 61
10610 62
10610 63
10584 0
10584 1
10584 2
10584 3
10584 4
10584 5
10584 6
10584 7
10584 9
8746 128
8746 129
8746 130
8746 131
8746 132
8746 133
8746 134
8746 135
8746 136
8746 137
10790 58
10790 59
10790 122
10790 123
10790 124
10790 125
10790 126
10643 0
10643 1
10643 2
10643 3
10643 4
10643 5
10643 6
10537 0
10537 1
10537 2
10537 3
10537 4
10537 5
10537 6
10537 7
10537 8
10743 287
10743 296
10743 297
10743 328
10743 329
10743 330
10743 331
10743 332
10743 333
10800 113
10800 146
10800 147
10800 148
10800 149
10800 150
10800 151
10800 153
10800 154
10647 128
10647 129
10647 160
10647 161
10647 162
10647 163
10647 164
10647 166
10923 43
10923 44
10923 45
10923 46
10923 47
10923 48
10923 49
10874 52
10874 53
10874 54
10874 55
10874 58
10874 59
10505 74
10505 75
10505 76
10505 77
10505 78
10505 79
10505 80
10436 27
10436 28
10436 30
10436 88
10436 89
10436 90
10434 60
10434 61
10434 72
10434 73
10434 74
10434 75
10434 76
10434 77
10434 78
10593 256
10593 257
10593 258
10593 259
10593 260
10593 261
10593 262
10593 263
10593 265
10928 1
10928 27
10928 28
10928 90
10928 91
10928 154
10928 157
10590 60
10590 61
10590 62
10590 63
10590 64
10590 65
10590 66
10590 67
10966 234
10966 246
10966 247
10966 248
10966 249
10966 250
10966 251
10483 82
10483 83
10483 112
10483 113
10483 116
10483 117
10694 8
10694 9
10694 26
10694 48
10694 49
10694 50
10694 51
10694 52
10694 53
10772 50
10772 51
10772 52
10772 53
10772 54
10772 55
10772 56
10772 57
10501 33
10501 34
10501 35
10501 36
10501 37
10501 38
10580 227
10580 229
10580 230
10580 231
10580 232
10580 233
10580 234
10705 115
10705 116
10705 117
10705 118
10705 119
10705 121
10654 158
10654 270
10654 271
10654 272
10654 273
10654 274
10660 202
10660 244
10660 245
10660 246
10660 255
10660 263
10660 264
10660 271
10660 272
10800 220
10800 221
10800 222
10800 223
10800 224
10800 225
10665 105
10665 106
10665 107
10665 108
10665 109
10665 110
10592 347
10592 348
10592 349
10592 350
10592 351
10592 354
10592 355
10592 356
10674 17
10674 18
10674 19
10674 28
10674 29
10674 37
10674 38
10674 39
10674 56
10433 64
10433 82
10433 83
10433 84
10433 87
10433 88
10433 89
10433 90
10433 91
10533 82
10533 83
10533 84
10533 85
10533 86
10533 87
10533 88
10533 89
10624 154
10624 155
10624 184
10624 185
10624 194
10624 196
10624 197
10794 62
10794 63
10794 64
10794 65
10794 66
10794 67
10794 68
10794 69
10794 70
10799 0
10799 1
10799 2
10799 3
10799 4
10799 5
10799 6
10799 7
10799 9
10799 12
10745 213
10745 218
10745 219
10745 220
10745 280
10745 281
10745 282
10744 134
10744 135
10744 136
10744 137
10744 168
10744 169
10744 170
10744 171
10926 56
10926 57
10926 58
10926 59
10926 60
10926 61
10926 62
10926 63
10593 36
10593 37
10593 38
10593 39
10593 40
10593 41
10593 42
10593 43
10593 44
10593 45
10436 76
10436 77
10436 83
10436 84
10436 85
10436 112
10436 113
10937 16
10937 17
10937 18
10937 19
10937 20
10937 21
10745 39
10745 40
10745 41
10745 42
10745 43
10745 44
10745 45
10745 46
10743 0
10743 1
10743 2
10743 3
10743 4
10743 5
10743 6
10995 42
10995 43
10995 64
10995 65
10995 66
10995 67
10995 68
10995 69
10995 70
10725 43
10725 44
10725 45
10725 56
10725 57
10725 58
10491 12
10491 13
10491 16
10491 17
10491 18
10491 19
10491 20
10491 21
10491 23
10811 10
10811 11
10811 12
10811 13
10811 14
10811 15
10811 36
10811 37
10712 108
10712 109
10712 110
10712 111
10712 113
10712 114
10712 115
8764 67
8764 68
8764 69
8764 70
8764 71
8764 72
8764 73
8764 74
8764 75
10635 46
10635 47
10635 48
10635 49
10635 50
10635 51
10635 52
10608 150
10756 220
10756 228
10756 229
10756 230
10756 231
10756 232
10888 319
10834 271
10956 22
10956 23
10888 110
10888 111
10888 112
10888 113
10888 114
10888 115
10888 116
10888 117
10888 118
10969 83
10593 201
8747 91
8769 63
10890 83
10890 84
8783 32
8783 33
10540 71
10931 155
10931 156
10931 157
10931 158
10931 159
10931 160
10931 161
10931 162
10931 163
10888 105
10696 12
10696 97
10696 98
10696 99
10696 100
10696 101
10696 102
10849 245
8750 115
10719 199
10690 279
10690 280
10690 281
10922 25
10520 82
10520 83
10520 10
10520 11
10520 12
10520 13
10520 14
10520 15
10520 16
10520 17
10911 9
8771 122
10719 173
10719 174
10623 21
10690 260
10690 261
8749 30
8749 32
8749 33
10846 137
10648 273
10648 282
10648 283
10648 291
10386 75
10386 76
8747 42
10533 17
10533 18
10533 19
10952 297
10952 299
10952 300
10529 72
10529 191
10529 273
10716 285
10716 286
10716 287
10716 288
10716 289
10716 290
10716 291
10716 292
10490 286
8764 28
8764 29
8764 30
8764 31
10781 294
10781 317
10781 318
10382 34
10382 35
10382 36
10382 37
10382 38
10382 39
10848 60
10848 61
10857 10
10857 11
10857 12
10857 13
10857 14
10857 15
10442 48
10442 50
10442 61
10442 106
10442 108
10519 42
10519 43
10519 44
10519 45
10733 51
10733 52
10733 53
10733 54
10733 55
10685 33
10685 34
10685 35
10609 85
10609 86
10609 87
10609 88
10609 89
10609 90
10609 91
10886 248
10886 249
10886 250
10886 251
10886 336
10886 337
10886 338
10886 339
10886 340
10800 184
10800 185
10800 205
10800 206
10800 207
10810 127
10810 128
10810 129
10810 130
10810 131
10810 132
10504 113
10504 114
10504 124
10504 152
10951 45
10951 46
10951 47
10951 48
10446 27
10446 29
10446 30
10446 34
10446 35
10446 36
10804 64
10804 65
10804 66
10804 67
10804 68
10804 69
10804 70
10725 255
10725 256
10725 277
10725 278
10725 279
10725 281
10725 282
10725 283
10725 284
10791 0
10791 1
10791 2
10791 3
10791 4
10567 317
10567 318
10567 319
10567 330
10567 331
10567 332
10567 333
10567 334
10665 104
10665 111
10665 112
10665 113
10665 114
10665 124
10665 125
10665 126
10692 68
10692 69
10692 70
10692 71
10692 72
10692 73
10692 107
10692 108
10834 208
10834 209
10834 210
10834 211
10834 212
10834 213
10834 215
10668 268
10668 269
10668 270
10668 271
10668 272
10668 273
10668 274
10667 84
10667 85
10667 86
10667 87
10667 88
10667 89
10667 90
10667 91
8750 160
8750 168
8750 169
8750 193
8750 194
8750 201
8750 263
10444 57
10444 58
10444 59
10444 60
10444 61
10444 62
10593 87
10593 88
10593 89
10593 90
10593 91
10593 92
10593 93
10593 94
10798 87
10798 90
10798 94
10798 95
10798 101
10798 102
10929 50
10929 51
10929 52
10929 53
10929 54
10592 124
10592 125
10592 126
10592 127
10592 128
8748 50
8748 51
8748 52
8748 53
8748 54
8748 55
8748 56
8748 57
8748 58
8748 59
10737 124
10737 125
10737 126
10737 127
10737 157
10737 166
10737 167
10832 56
10832 57
10832 58
10832 59
10832 60
10832 61
10832 62
10832 63
10436 208
10436 209
10436 210
10436 211
10436 212
10436 213
10436 214
10436 215
10540 110
10540 111
10540 112
10540 166
10540 167
10540 168
10540 169
10540 170
10540 171
10583 33
10583 34
10583 35
10583 42
10583 43
10583 44
10547 60
10547 68
10547 69
10547 70
10701 10
10701 11
10701 12
10701 13
10701 14
10701 15
10831 74
10831 75
10831 76
10831 77
10831 78
10831 79
10831 80
10831 81
10831 82
10923 81
10923 82
10923 83
10923 84
10923 85
10923 86
10923 87
10923 88
10923 89
10569 98
10569 139
10569 180
10569 189
10569 230
10569 250
10569 298
10569 299
10569 300
10569 301
10688 116
10688 117
10688 118
10688 119
10688 250
10688 251
10688 252
10688 253
10688 254
10634 110
10634 111
10634 112
10634 113
10634 114
10846 289
10846 290
10846 291
10846 292
10846 293
10846 294
10846 295
10846 296
10625 187
10625 188
10625 189
10625 200
10625 201
10625 202
10625 203
10963 98
10963 99
10963 116
10963 124
10963 125
10963 126
10963 156
10861 33
10861 34
10861 35
10861 36
10861 37
10861 38
10861 39
10861 51
10861 52
10861 53
10745 231
10745 232
10745 233
10745 234
10745 235
10745 236
10745 237
10745 238
10700 35
10700 36
10700 37
10700 38
10700 39
10700 40
10700 41
10700 42
10994 43
10994 44
10994 51
10994 52
10994 53
10994 54
10994 55
10994 126
10994 127
10771 106
10771 107
10771 108
10771 109
10771 128
10771 129
10771 130
10894 50
10894 51
10894 52
10894 53
10894 54
10894 55
10894 56
10822 18
10822 19
10822 40
10822 41
10822 42
10822 43
10822 44
10822 63
10591 288
10591 289
10591 290
10591 291
10591 293
10591 294
10591 295
8750 282
8750 283
8750 284
8750 285
8750 286
8750 287
8750 288
8750 289
8750 290
10520 268
10520 269
10520 270
10520 271
10520 272
10520 273
10520 274
10520 275
10520 276
10520 277
10482 22
10482 23
10482 24
10482 25
10482 26
10482 27
10482 28
10482 29
10482 30
10647 225
10647 226
10647 227
10647 232
10647 233
10647 234
10647 235
10877 4
10840 34
10840 35
10840 36
10840 37
10840 38
10840 39
10840 40
10840 82
10913 141
10913 142
10913 143
10913 144
10913 145
10913 146
10913 147
10913 148
10597 288
10597 289
10597 309
10597 338
10597 339
10597 349
10597 350
10597 351
10475 245
10475 246
10475 247
10475 248
10475 249
10475 250
10475 253
10475 290
10800 156
10800 157
10800 158
10800 159
10800 202
10800 203
10800 204
10573 39
10573 47
10573 48
10573 49
10573 56
10573 57
10573 58
10635 0
10635 1
10635 2
10635 3
10635 4
10635 5
10635 6
10635 7
10624 269
10624 277
10624 279
10624 280
10624 289
10624 291
10624 292
10624 293
10892 42
10892 43
10892 51
10892 52
10892 53
10892 61
10892 62
10704 146
10704 147
10704 148
10704 149
10704 150
10704 151
10704 152
10704 153
10969 99
10969 100
10969 101
10969 102
10969 103
10969 104
10969 105
11001 61
8770 45
10848 147
10782 19
10782 43
10782 57
10782 58
10782 59
10782 60
10782 61
10782 62
10788 50
10788 51
10788 52
10788 53
10788 54
10788 55
10788 56
10788 57
10788 58
8751 76
8751 77
8751 90
8751 91
8751 92
8751 93
8751 94
10803 49
10803 50
10803 51
10803 52
10803 53
10803 54
10803 55
10857 203
10710 20
10956 24
10956 25
10956 26
10956 27
10956 28
10956 29
10956 30
10956 31
10445 256
10445 257
10445 258
10445 259
10445 260
10445 261
10445 262
10445 263
10672 9
10592 228
10766 133
10608 54
10608 55
10608 56
10608 57
10608 58
10608 59
10725 120
10725 121
10725 122
10725 138
10725 139
10725 140
10725 141
10725 142
10436 285
10436 286
10834 266
10680 73
10690 116
10690 117
10997 10
10997 11
10997 12
10725 65
10624 205
10624 206
10624 207
10624 208
10624 209
10624 210
10624 211
10439 16
10439 17
10439 18
10663 88
10787 3
10787 4
10787 5
10787 6
10787 7
10787 8
10787 9
10886 61
10886 62
10886 63
10609 25
10609 26
10834 48
10834 49
10834 52
10834 53
10834 54
10834 56
10834 82
11001 44
11001 45
10845 136
10845 137
10441 159
10716 239
10716 240
10716 241
10716 242
10716 243
10716 244
10716 245
10990 40
10990 41
10990 42
10990 43
10873 54
10873 64
10683 59
10683 60
10683 61
10683 62
10705 124
10705 125
10705 126
10705 127
10611 125
10611 126
10611 127
10611 128
10688 105
10694 226
10694 227
10834 249
10834 250
10834 251
10834 252
10834 253
10834 254
10834 255
10834 316
8769 306
8769 307
8769 308
8769 329
8769 330
8769 331
8769 332
8769 333
8769 334
8748 140
8748 141
8748 142
8748 143
8748 144
10597 204
10597 205
10545 80
10545 81
10545 82
10545 83
10545 84
10545 85
10545 86
10545 87
10545 147
10545 148
10545 149
10545 190
10545 191
10846 22
10846 23
10846 24
10846 87
10591 60
10591 61
10591 62
10591 63
10591 64
10591 65
10609 52
10609 53
10609 54
10609 55
10609 56
10609 57
10693 200
10693 210
10693 211
10693 220
10693 221
10693 231
10693 251
10822 45
10822 46
10822 47
10822 48
10822 49
10822 50
10822 51
10683 32
10683 34
10683 35
10432 250
10432 251
10432 252
10432 253
10432 254
10938 115
10938 116
10938 117
10938 118
10938 119
10938 120
10886 72
10886 73
10886 108
10886 109
10886 110
10886 143
10644 40
10644 41
10644 42
10644 43
10644 44
10644 45
10644 46
10644 47
10668 283
10668 296
10668 297
10668 300
10668 301
10668 302
10668 320
10668 321
10668 322
10921 229
10921 230
10921 231
10921 232
10921 233
10921 288
10921 289
10538 99
10629 189
10616 45
10710 34
10710 35
10710 36
10710 37
10710 38
10710 39
10710 40
10710 41
10913 20
10913 21
10913 22
10913 23
10913 24
10913 25
10913 26
10913 27
10837 35
10837 36
10837 37
10837 38
10837 39
10837 40
10837 41
10963 33
10963 45
10963 46
10963 47
10963 48
10963 49
10963 50
10649 83
10950 0
10950 1
10950 2
10950 3
10950 4
10950 5
10950 6
10501 59
10501 60
10501 61
10501 62
10501 63
10501 64
10501 65
10501 66
10569 211
10569 212
10569 213
10569 214
10569 215
10569 216
10569 217
10690 8
10690 9
10690 10
10690 11
10690 12
10690 13
10690 14
10690 15
10884 120
10884 121
10884 122
10884 131
10884 132
10884 142
10884 160
10618 33
10480 192
10480 193
10480 194
10480 195
10480 196
10480 197
10480 198
10931 227
10931 316
10931 317
10931 318
10931 320
10931 321
10931 322
10931 323
10931 75
10931 76
10931 77
10931 78
10931 79
10931 80
10931 81
10724 84
10724 85
10724 138
10724 139
10724 140
10724 141
10724 142
10724 143
10724 144
10724 145
10683 6
10683 7
10683 8
10683 9
10857 221
10913 208
10913 209
10913 210
10913 211
10913 212
10913 213
10913 214
10913 215
10790 40
10790 41
10790 42
10790 43
10790 44
10790 45
10790 46
10790 47
10763 12
10763 13
10763 14
10763 15
10763 16
10763 17
10763 18
10763 19
10644 28
10644 29
10886 20
10886 21
10886 22
10886 23
10886 29
10856 34
10856 35
10856 36
10856 82
10856 91
10856 92
10856 93
10856 94
8771 105
8771 115
8771 217
8771 222
8771 226
8771 235
8771 240
8771 241
8771 242
10862 0
10862 2
10862 3
10862 4
10862 5
10862 6
10862 7
10862 8
10920 74
10920 75
10920 76
10920 77
10920 78
10920 79
10920 80
10858 92
10858 121
10858 122
10858 123
10858 131
10858 132
10858 133
10858 142
10761 149
10761 150
10761 151
10761 152
10761 153
10761 154
10761 155
10761 158
10761 159
10660 247
10660 248
10660 249
10660 250
10660 251
10660 252
10660 253
10660 254
10502 115
10502 116
10502 117
10502 118
10502 119
10502 140
10502 141
10502 142
10502 256
10502 257
10599 80
10599 81
10599 82
10599 83
10599 84
10599 85
10648 204
10648 205
10648 206
10648 207
10648 208
10648 209
10648 210
8750 153
8750 154
8750 155
8750 156
8750 157
8750 158
8750 159
10645 17
10803 213
10803 216
10803 217
10803 340
10803 341
10803 342
10803 343
10597 190
10597 191
10597 192
10597 193
10597 194
10597 195
10597 196
10597 197
10597 198
10690 292
10690 293
10690 294
10690 295
10690 296
10690 297
10690 298
10690 299
10690 300
10870 49
10870 50
10870 51
10870 52
10870 53
10870 54
10870 55
10870 56
10668 135
10668 136
10668 137
10668 138
10668 139
10668 140
10668 141
10668 142
10833 41
10833 42
10833 43
10833 44
10833 45
10833 46
10833 47
10833 48
10833 49
10833 50
10745 14
10745 15
10745 16
10745 17
10745 18
10745 19
10520 37
10520 38
10669 54
10669 55
10669 56
10669 57
10669 74
10669 75
10669 76
10669 77
10931 31
10931 32
10931 33
10931 88
10931 89
10931 90
10931 91
10610 185
10610 186
10610 187
10610 188
10610 189
10610 190
10610 191
10744 158
10744 159
10744 160
10744 161
10744 162
10744 163
10745 286
10745 287
10745 288
10745 289
10745 290
10745 291
10745 292
10848 40
10848 41
10848 42
10848 43
10848 44
10848 45
10848 46
10848 47
10530 74
10530 283
10530 284
10530 311
10530 320
10938 24
10938 25
10938 26
10938 32
10938 33
10938 34
10938 35
10938 36
10857 56
10857 58
10857 59
10857 94
10857 95
10857 98
10857 99
10857 103
10520 258
10520 259
10520 260
10520 261
10520 262
10520 263
10520 264
10520 265
10712 36
10712 37
10712 39
10608 14
10608 15
10608 16
10608 17
10608 18
10608 19
10611 217
10611 218
10694 132
10694 153
10694 154
10694 155
10694 156
10816 64
10816 65
10816 66
10816 67
10816 68
10816 69
10816 70
10772 256
10772 257
10772 258
10772 259
10772 260
10772 261
10772 262
10727 94
10727 100
10727 101
10727 102
10492 27
10700 222
10700 273
10805 54
10805 55
10805 56
10805 57
10805 58
10805 59
10805 60
10805 61
10486 17
10504 115
10504 116
10504 117
10504 118
10504 119
10504 120
10504 346
10504 347
10810 27
10810 28
10810 34
10810 35
10810 36
10970 17
10970 18
10970 19
10970 20
10970 21
10970 22
10724 116
10724 117
10724 118
10724 119
10724 120
10724 121
10850 160
10850 161
10850 162
10850 163
10850 164
10850 165
10850 166
10711 140
10711 141
10669 31
10669 49
10584 58
10584 59
10584 60
10584 61
10584 62
10584 63
10584 70
10886 233
10886 234
10886 235
10886 236
10886 237
10886 238
10886 239
10886 240
10886 241
10966 64
10966 65
10966 66
10966 67
10966 68
10966 69
10966 135
10966 136
10966 137
10966 147
10727 132
10727 142
10727 218
10727 219
10727 220
10522 0
10522 1
10522 2
10522 3
10522 4
10522 5
10522 6
10522 7
10530 161
10530 316
10530 317
10530 319
10861 128
10861 129
10861 130
10861 131
10861 132
10861 133
10861 134
10861 135
10890 132
10890 134
10890 135
10890 136
10890 137
10890 138
10696 193
10696 194
10696 195
10696 196
10696 198
10696 199
10712 192
10712 193
10712 194
10712 195
10712 196
10712 197
10712 198
10712 199
10712 200
10712 201
10810 120
10810 121
10810 122
10810 123
10803 74
10803 75
10803 76
10803 77
10803 78
10803 79
10803 80
10799 121
10799 124
10799 125
10799 126
10799 127
10678 24
10678 25
10678 26
10678 27
10678 28
10678 29
10591 172
10591 173
10591 174
10591 175
10591 176
10591 177
10591 178
10938 157
10938 158
10938 159
10530 3
10530 8
10530 9
10530 12
10530 14
10530 15
10530 258
10530 260
10530 262
10436 320
10436 341
10436 342
10436 343
10436 344
10436 345
10436 346
10640 14
10640 15
10640 16
10640 17
10640 18
10640 19
10640 20
10640 21
10640 22
10970 26
10970 27
10970 28
10600 21
10600 22
10600 23
10600 24
10600 25
10600 26
10600 27
10600 28
10584 220
10584 221
10584 235
10584 238
10584 239
10584 240
10584 241
10584 242
10963 35
10963 37
10963 39
10963 100
10963 101
10963 102
10963 103
10963 105
10486 35
10486 36
10486 37
10486 38
10486 39
10486 40
10486 41
10486 42
10486 43
10486 44
10913 229
10913 230
10913 231
10624 258
10624 265
10624 278
10816 42
10816 43
10786 90
10786 91
10786 92
10786 93
10786 94
10786 95
10869 50
10869 51
10869 52
10869 53
10869 54
10869 55
10869 56
10869 57
10972 79
10972 80
10972 81
10972 82
10972 83
10972 84
10972 85
10972 86
10972 87
10712 40
10712 41
10712 42
10712 43
10712 44
10712 45
10712 46
10805 62
10805 63
10805 125
10805 126
10805 127
10624 147
10624 148
10624 149
10624 150
10624 151
10624 152
10624 153
8769 34
8769 35
8769 36
8769 37
8769 38
8769 39
8769 40
8769 41
10681 7
10681 37
10681 38
10681 39
10681 40
10681 41
10681 42
10681 43
10584 44
10584 45
10584 46
10584 47
10584 48
10584 49
10484 110
10484 111
10484 112
10484 121
10484 122
10484 123
10484 124
10484 125
10595 96
10595 97
10595 98
10595 99
10595 100
10595 101
10595 102
10595 103
10590 20
10590 21
10590 22
10590 23
10590 24
10590 25
10590 26
10590 27
10590 28
10701 19
10701 20
10701 21
10701 22
10701 23
10701 24
10701 25
10821 55
10821 56
10821 57
10821 58
10821 59
10821 60
10821 61
10821 62
10579 20
10579 21
10579 22
10579 23
10579 24
10579 25
10579 26
10612 128
10612 129
10612 130
10612 131
10612 132
10612 133
10612 134
10612 135
10612 136
10655 10
10655 11
10655 12
10655 13
10655 14
10655 15
10655 16
8751 188
8751 189
8751 190
8751 191
8751 192
8751 193
8751 194
8751 195
8751 196
10888 256
10888 257
10888 258
10888 259
10888 260
10888 261
10833 20
10833 21
10833 22
10833 23
10833 24
10833 25
10833 26
10442 290
10442 291
10442 292
10442 293
10442 294
10442 295
10737 24
10737 25
10737 26
10737 27
10737 28
10737 32
10737 33
10834 239
10834 240
10834 241
10834 243
10834 244
10834 245
10834 246
10834 247
8756 0
8756 1
8756 2
8756 3
8756 4
8756 5
8756 6
8756 7
10635 163
10635 164
10635 182
10635 183
10635 193
10635 194
8769 184
8769 192
8769 193
8769 194
8769 195
8769 196
10583 16
10583 17
10583 18
10583 19
10746 17
10746 18
10746 19
10746 20
10746 21
10746 22
10746 24
10577 10
10577 11
10577 12
10577 13
10577 14
10577 15
10577 16
10675 30
10675 31
10675 32
10675 33
10675 34
10675 35
10675 36
10675 37
10675 38
10888 67
10668 10
10668 11
10668 20
10668 21
10668 40
10668 41
10668 72
10668 73
10668 101
10712 178
10712 179
10712 180
10803 19
10803 20
10803 21
10803 22
10803 23
10803 24
10803 25
10803 26
10925 150
10925 151
10925 152
10925 153
10925 154
10925 155
10925 156
10925 157
10925 158
10442 252
10504 20
10504 21
10504 22
10504 23
10504 24
10504 128
10504 129
10504 150
10504 151
10654 35
10654 36
10654 37
10654 38
10654 39
10654 40
10654 41
10633 27
10633 28
10633 29
10633 40
10633 41
10633 42
10633 43
10633 44
10473 62
10473 89
10693 29
10693 45
10693 55
10693 70
10693 71
10693 72
10693 73
10693 82
10693 83
10789 48
10789 49
10789 69
10789 71
10501 30
10501 31
10501 32
10724 157
10724 158
10724 159
10724 160
10724 161
10724 162
10724 163
10724 164
10672 20
10672 21
10478 10
10478 14
10593 204
10593 207
10593 208
10593 209
10593 210
10593 211
10593 212
10873 28
10873 29
10807 118
10629 115
10629 116
10629 117
10629 118
10629 119
10629 120
10629 121
10308 62
10308 63
10833 18
10833 19
10799 53
10799 54
10799 55
10799 56
10673 17
10673 18
10673 19
10673 39
10673 40
10673 41
10798 43
10798 44
10798 45
10798 65
10798 66
10798 67
10798 70
10798 71
10741 25
10741 26
10741 27
10741 28
10741 29
10741 93
10517 150
10517 151
10517 152
10517 153
10517 154
10517 155
10517 156
10517 157
10517 158
10931 10
10931 11
10931 12
10931 13
10695 7
10695 8
10695 9
10648 15
10648 16
10648 17
10648 18
10648 19
10648 23
10648 24
8747 47
8747 48
8747 49
8747 50
8747 54
8747 55
8747 57
8747 58
8747 59
8747 61
10861 27
10654 264
10654 265
10654 266
10654 267
10959 8
10959 9
10657 19
10657 20
10657 21
10657 22
10657 23
10657 24
10657 79
10657 80
10657 81
10668 208
10805 12
10805 13
10805 96
10805 97
10805 98
10805 99
10805 100
10805 101
10623 23
10601 123
10795 51
10678 14
10678 15
10678 16
10678 17
10678 18
10678 19
10678 20
10678 21
10678 22
10591 106
10591 107
10591 108
10591 109
10504 350
10504 351
10504 352
10504 353
10504 354
10504 355
10696 336
10696 337
10696 338
10696 339
10696 340
10696 341
10745 59
10745 60
10745 61
10745 62
10480 18
10480 19
10480 20
10480 21
10480 22
10480 23
10778 180
10778 181
10778 182
10858 8
10858 10
10858 11
10858 12
10858 13
10858 20
10858 22
10756 95
10756 99
10756 124
10756 125
10756 126
10756 127
10562 210
10562 211
10562 212
10562 213
10562 214
10562 215
10562 216
10562 217
10834 258
10529 167
10529 231
10529 234
10529 244
10529 246
10755 192
10755 193
10755 194
10755 195
10755 196
10755 197
10645 256
10645 257
10645 258
10645 259
10645 260
10645 261
10645 262
8771 48
10654 174
10654 175
10654 176
10654 177
10654 207
10654 248
10654 249
10979 8
10979 10
10979 11
10979 12
10979 13
10979 14
10979 15
10837 26
10837 27
10837 28
10837 29
10837 30
10837 31
10837 32
10837 33
10837 34
10729 0
10729 1
10729 2
10729 3
10729 4
10729 5
10729 6
10729 7
10625 337
10625 338
10625 339
10625 340
10625 341
10625 342
10625 343
10625 344
10625 345
10625 346
10538 2
10538 3
10538 5
10538 6
10538 7
10538 8
10504 249
10504 298
10504 299
10504 330
10504 331
10504 332
10504 333
10694 166
10694 213
10694 214
10694 215
10694 216
10830 111
10830 112
10830 113
10830 114
10830 115
10830 116
10830 117
10830 118
10830 119
10970 0
10970 1
10970 2
10970 3
10970 4
10970 5
10970 6
10970 7
10974 68
10974 69
10974 70
10974 71
10974 72
10974 73
10974 74
10888 77
10800 186
10800 187
10800 188
10800 189
10800 190
10800 191
10595 10
10595 11
10595 12
10595 13
10595 14
10595 15
10595 16
10595 17
10829 10
10829 11
10829 12
10441 7
10441 8
10441 9
10551 82
10551 83
10551 84
10551 85
10551 86
10551 87
10551 88
10551 89
10804 242
10804 243
10804 244
10804 245
10804 246
10804 247
10804 248
10804 249
10436 74
10436 75
10436 122
10436 123
10436 124
10436 125
10436 126
10436 127
10591 40
10591 41
10591 42
10591 43
10591 44
10591 45
10591 46
10874 77
10874 78
10874 79
10874 81
10874 82
10874 83
10874 84
10874 85
10724 202
10724 207
10724 256
10724 257
10724 266
10724 293
10724 294
10737 308
10737 309
10737 310
10737 326
10737 327
10534 191
10508 66
10508 67
10508 68
10508 69
10508 70
10508 71
10508 72
10508 73
10508 74
10610 98
10610 99
10610 100
10610 206
10610 207
10610 208
10610 209
10610 210
10610 211
10694 120
10694 121
10694 122
10694 123
10694 124
10694 125
10694 126
10634 276
10634 277
10634 278
10634 279
10634 280
10634 281
10634 282
10585 16
10585 17
10585 18
10585 19
10585 20
10585 21
10873 152
10873 153
10873 154
10666 109
10666 138
10666 139
10666 187
10666 188
10666 189
10666 221
10569 234
10569 238
10569 241
10569 269
10569 270
10569 271
10569 272
10705 243
10952 109
10952 110
10952 111
10952 112
10952 128
10952 129
10952 130
10952 131
10922 82
10678 62
10678 63
10471 191
10797 37
10797 38
10797 39
10593 307
10593 308
10593 317
10593 318
10593 326
10593 327
10593 328
10593 338
10593 347
8747 89
10639 0
10680 112
10680 113
10680 114
10680 115
10680 116
10680 117
10680 118
10843 4
10843 5
10843 6
10843 7
10843 10
10843 11
10843 12
10843 13
11001 59
10599 66
10599 67
10599 68
10599 69
10599 70
10599 71
10599 72
10493 99
10493 100
10493 101
10493 102
10493 103
10493 140
10493 141
10858 82
10858 83
10858 84
10858 85
10858 87
10858 88
10858 89
10858 90
10433 73
10433 74
10433 75
10646 157
10857 218
10857 219
10857 222
10857 223
10857 230
10857 231
10824 52
10824 53
10675 277
10819 52
10819 53
10540 126
10540 127
10921 313
10921 314
10921 315
10921 316
10921 317
10921 318
10921 319
10861 4
10861 8
10768 0
10768 2
10696 261
10696 262
10696 263
10696 264
10696 265
10696 266
10696 267
10799 128
10799 129
10799 130
10799 131
10921 265
10921 275
10921 276
10921 277
10921 283
10921 284
10551 141
10551 149
10551 150
10551 151
10551 158
10551 159
10551 160
10551 161
10803 303
10803 304
10803 305
10803 306
10803 307
10803 308
10803 309
10781 205
10781 206
10781 207
10781 208
10781 209
10781 210
10781 211
10781 212
10781 213
10781 214
10784 16
10784 29
10784 30
10784 31
10784 32
10784 33
10784 34
10784 35
10833 7
10833 8
10833 9
10681 10
10741 181
10741 194
10741 195
10741 196
10741 220
10741 221
10811 32
10811 33
10811 34
10811 35
10502 241
10502 242
10502 243
10502 244
10502 245
10502 246
10502 247
10502 249
10838 51
10838 52
10838 53
10838 54
8764 202
8764 203
8764 204
8764 205
8764 206
8764 207
8764 208
8764 209
8764 210
8764 211
10920 148
10920 149
10920 150
10920 151
10920 152
10800 106
10800 107
10800 108
10800 109
10800 110
10800 111
10800 112
10800 128
10603 31
10603 32
10603 43
10603 46
10603 47
10716 20
10716 21
10716 22
10716 23
10716 24
10716 25
10716 26
10716 27
10716 28
8762 288
8762 289
8762 290
8762 291
10479 26
10479 28
10479 29
10479 30
10479 31
10479 32
10479 33
10479 34
10657 27
10657 28
10657 29
10657 30
10657 31
10490 271
10490 290
10490 291
10490 299
10743 161
10743 162
10743 163
10743 164
10743 165
10743 166
10923 306
10923 307
10923 308
10923 309
10923 310
10521 72
10521 73
10521 79
10521 80
10521 81
10954 27
10954 28
10954 29
10954 52
10954 54
8749 13
8749 14
8749 16
8749 17
8749 18
8749 19
10660 213
10660 214
10660 215
10660 216
10660 217
10660 218
10846 64
10846 75
10846 76
10846 77
10846 78
10846 79
10846 80
10846 81
10846 82
10433 76
10433 77
10433 78
10433 79
10433 80
10433 81
10613 91
10613 92
10613 93
10613 94
10613 95
10613 99
10504 25
10504 26
10504 27
10504 28
10504 29
10504 50
10668 42
10668 43
10668 44
10668 45
10668 46
10668 47
10668 48
10668 49
10668 50
10668 51
10688 50
10688 54
10688 55
10688 74
10803 47
10803 48
10803 56
10803 57
10803 101
10803 102
10803 103
10803 114
10938 44
10938 45
10938 46
10938 47
10938 48
10591 69
10591 76
10591 77
10591 78
10591 79
10591 89
10591 110
10591 111
10725 26
10725 27
10725 28
10725 29
10725 31
10725 87
10725 88
10725 89
10743 264
10743 265
10743 266
10743 267
10743 268
10743 269
10693 87
10693 88
10693 92
10693 96
10693 119
10480 256
10480 257
10480 258
10480 259
10480 260
10480 261
10480 262
10480 263
10840 85
10840 86
10840 98
10840 99
10840 100
10840 101
10840 102
10840 103
10840 104
10830 97
10830 133
10830 134
10830 142
10830 143
10830 144
10830 162
10830 163
10800 98
10800 99
10800 100
10800 101
10800 102
10800 103
10800 104
10959 28
10959 29
10959 30
10710 95
10710 96
10710 97
10710 98
10597 311
10597 312
10597 313
10597 314
10597 315
10597 316
10597 317
10597 318
10861 78
10861 80
10861 81
10861 82
10861 84
10861 86
10861 89
10940 47
10940 49
10940 50
10940 90
10940 91
10940 92
8767 8
8767 9
8767 17
8767 18
8767 19
8767 20
8767 21
8767 22
10610 42
10610 43
10610 44
10610 45
10610 46
10610 64
10937 0
10937 1
10937 2
10937 3
10937 4
10937 5
10937 6
10493 117
10493 118
10493 119
10493 120
10493 121
10493 122
10493 123
10493 124
10580 167
10580 168
10580 169
10580 170
10580 171
10580 172
10580 173
10580 174
10308 64
10308 65
10308 66
10308 67
10308 68
10308 69
10308 70
10308 71
10308 72
10520 239
10520 240
10520 241
10520 242
10520 243
10520 244
10520 245
10846 114
10846 160
10846 161
10846 162
10846 163
10683 177
10683 178
10683 179
10683 180
10683 181
10683 182
10683 183
10683 184
10683 185
10821 165
10821 166
10821 167
10821 168
10821 169
10821 170
10821 171
10821 172
10821 173
10988 187
10988 188
10988 189
10988 190
10988 191
10675 175
10675 176
10675 177
10675 178
10675 179
10675 180
10675 181
10675 182
10675 183
10570 0
10570 1
10570 2
10570 3
10570 4
10570 5
10570 6
10931 49
10931 50
10931 51
10931 52
10931 53
10931 54
10931 55
10921 71
10921 72
10921 73
10921 74
10921 75
10921 76
10921 77
10622 55
10622 56
10622 57
10622 58
10622 59
10622 60
10622 61
10622 62
10622 63
10448 210
10448 212
10448 213
10448 214
10448 224
10448 235
10448 320
10756 26
10756 27
10756 28
10756 29
10756 30
10756 31
10756 32
10822 53
10822 54
10822 55
10822 56
10822 57
10822 58
10822 59
10822 60
10547 41
10547 42
10547 43
10547 44
10547 45
10547 46
10547 47
10848 192
10848 193
10848 194
10848 195
10848 196
10848 197
10848 198
10927 8
10927 9
10927 18
10927 19
10927 37
10927 38
10927 39
10383 30
10383 31
10383 32
10383 33
10383 34
10383 35
10383 36
10383 37
10921 45
10921 46
10921 47
10921 64
10921 65
10921 66
10921 67
10810 78
10810 79
10810 80
10810 81
10810 90
10810 91
10810 92
10810 101
10442 171
10442 172
10442 173
10442 174
10442 175
10442 176
10442 177
10442 178
10442 179
10442 180
10660 196
10660 197
10660 198
10660 199
10660 200
10660 201
10551 101
10551 108
10551 140
10551 179
10551 180
10551 201
10551 209
10925 71
10925 72
10925 73
10925 74
10925 75
10925 76
10925 77
10925 78
10623 24
10745 265
10737 19
10910 73
10920 92
10920 93
10741 205
10741 206
10913 10
10595 131
10952 97
10952 106
10952 107
10834 272
10766 39
10809 10
10809 11
10603 29
10603 30
10491 38
10491 147
10974 57
10974 58
10974 59
10974 75
10974 76
10974 77
10649 50
10929 253
10929 257
10929 258
10929 259
10704 251
10704 252
10704 253
10704 254
10704 255
10480 36
10840 7
10840 8
10911 26
10778 76
10778 77
10778 78
10741 135
10741 136
10741 137
10766 103
10766 104
10766 105
10766 107
10766 108
10766 109
10766 110
10590 93
10590 94
10590 95
10590 96
10735 218
10735 219
10735 220
10735 221
10735 222
10735 223
10735 224
10839 24
10839 25
10839 33
10839 136
10839 137
10839 138
10839 159
10432 183
10432 190
10432 336
10727 103
10668 179
10668 181
10668 182
10668 202
10668 203
10668 204
10668 205
10488 27
10488 28
10488 29
10488 30
10488 31
10488 32
10488 33
10488 34
10488 35
10488 36
10813 12
10813 13
10624 290
10624 294
10624 295
10705 231
10705 232
10705 233
10705 234
10705 235
10705 236
10705 238
10705 239
10705 240
10660 318
10660 319
10660 321
10660 322
10921 304
10921 324
10921 325
10921 326
10438 128
10438 129
10438 130
10438 131
10438 134
10438 137
10438 140
10438 141
10438 142
10438 143
10988 83
10988 88
10988 89
10988 90
10988 91
10863 20
10863 21
10863 22
10863 23
10863 24
10863 25
10863 26
10705 92
10705 93
10705 94
10798 7
10798 8
10798 9
10798 24
10798 25
10798 26
10798 114
10798 115
10798 116
10521 0
10521 1
10521 2
10439 72
10439 73
10439 74
10439 75
10439 82
10439 113
10439 114
10436 338
10436 339
10436 340
10389 12
10389 13
10389 14
10501 43
10501 50
10501 51
10501 52
10501 167
10501 168
10501 169
10501 170
10501 171
10925 20
10925 21
10925 22
10925 24
10925 25
10925 26
10925 27
10925 28
10925 29
10832 74
10832 75
10832 76
10832 77
10832 98
10832 99
10657 166
10595 125
10595 127
10595 169
10595 170
10595 171
10595 172
10595 173
10595 174
10517 109
10517 120
10517 121
10517 122
10517 123
10517 124
10517 125
10517 126
8771 284
8771 285
8771 286
8771 287
8771 288
8771 289
8771 290
8771 291
10647 249
10647 250
10647 251
10647 252
10647 253
10647 254
10647 255
10805 20
10805 21
10805 90
10805 91
10805 92
10805 93
10449 119
10449 120
10449 121
10449 138
10886 175
10795 108
10700 74
10700 76
10700 77
10700 78
10700 80
10700 81
10700 82
10913 223
10913 224
10690 58
10690 64
10690 65
10690 66
10690 113
10690 114
10690 115
10810 50
10810 51
10810 52
10810 53
10810 54
10810 55
10810 56
10810 57
10630 11
10630 20
10630 21
10630 22
10630 23
10630 24
10630 25
10756 9
10756 59
10756 60
10756 61
10756 62
10756 63
10599 76
10599 77
10599 78
10599 79
10846 120
10846 121
10846 122
10846 123
10846 124
10846 125
10846 126
10846 127
10778 140
10778 141
10778 142
10778 143
10778 144
10778 145
10778 146
10928 108
10928 109
10928 110
10928 111
10928 112
10928 113
10928 116
10928 177
10928 178
8751 116
8751 117
8751 118
8751 119
8751 120
8751 121
8751 122
8751 123
8751 124
8751 125
10540 45
10471 110
10471 111
10471 113
10471 114
10471 176
10471 177
10471 178
10685 27
10685 28
10685 29
10685 30
10685 31
10685 32
10790 30
10790 31
10790 32
10790 33
10790 34
10790 35
10790 36
10790 37
10790 38
10688 17
10688 18
10688 19
10688 46
10688 61
10688 62
10924 101
10924 102
10924 103
10924 104
10924 105
10924 106
10924 107
10924 108
10810 103
10810 104
10810 105
10810 106
10810 107
10810 108
10810 109
10693 56
10693 57
10693 58
10693 59
10693 60
10693 61
10693 62
10963 90
10963 91
10963 92
10963 93
10963 94
10963 95
10963 96
10784 82
10784 83
10784 84
10784 85
10784 86
10784 105
10784 106
10784 107
10433 85
10433 86
10716 46
10716 47
10716 48
10716 49
10716 50
10716 313
10716 314
10716 315
10925 170
10925 171
10925 172
10925 173
10925 174
10925 175
10925 177
10743 298
10743 299
10743 300
10743 301
10743 302
10743 303
10743 304
10580 196
10580 245
10580 246
10580 255
10580 256
10848 199
10848 200
10848 221
10672 148
10672 149
10672 150
10672 151
10672 152
10672 153
10672 154
10672 155
10537 72
10537 73
10537 75
10537 76
10537 77
10537 78
10537 79
10921 58
10921 59
10921 60
10921 61
10921 62
10921 63
10593 286
10593 287
10593 288
10593 289
10593 290
10593 291
10593 292
10593 293
10593 294
10490 155
10490 156
10490 159
10490 163
10490 164
10490 168
10490 170
11045 158
11045 159
11045 160
11045 161
11045 162
10634 15
10634 16
10634 17
10634 18
10634 19
10634 50
10634 51
10634 52
10634 53
10606 47
10606 48
10606 49
10606 50
10606 51
10606 52
10606 53
10606 54
10606 55
10608 121
10608 122
10608 123
10608 124
10608 125
10608 126
10608 127
10567 199
10567 200
10567 201
10567 208
10567 209
10830 145
10830 146
10830 147
10830 148
10830 149
10830 150
10830 151
10830 152
10830 153
10830 154
10920 27
10920 28
10920 29
10920 57
10920 59
10920 60
10920 61
10436 99
10436 100
10744 164
10744 165
10744 166
10744 193
10744 194
10744 195
10744 196
10571 0
10571 1
10571 2
10571 3
10571 4
10571 5
10571 6
10571 7
10925 160
10925 161
10925 162
10925 163
10925 164
10925 165
10925 166
10946 16
10946 17
10946 18
10946 19
10946 28
10946 70
10946 71
10946 72
10837 196
10837 197
10837 198
10837 199
10837 200
10837 201
10837 202
10837 203
10583 9
10583 10
10583 11
10583 12
10583 13
10583 14
10583 15
10680 27
10680 28
10680 29
10680 30
10680 31
10680 32
10680 33
10885 30
10885 72
10885 73
10885 74
10885 75
10885 82
10885 83
10885 84
10705 64
10705 65
10705 66
10705 67
10705 68
10705 69
10705 70
10705 71
10705 72
10445 27
10445 37
10445 45
10445 46
10445 47
10445 56
10445 57
10625 107
10625 108
10625 109
10625 110
10625 112
10625 113
10625 115
10625 116
10625 117
10720 33
10720 45
10720 46
10720 64
10720 65
10720 66
10720 67
10720 68
10493 12
10493 13
10493 14
10493 15
10493 16
10713 10
10713 11
10713 12
10713 13
10713 14
10713 15
10713 16
10713 17
11045 143
11045 144
11045 145
11045 146
11045 147
10597 60
10597 61
10597 62
10597 63
10597 64
10597 65
10597 66
10597 67
10597 68
10874 87
10874 88
10874 89
10874 90
10874 91
10874 92
10874 93
10563 211
10563 212
10563 213
10563 214
10563 215
10563 216
10563 217
10563 218
10563 219
10735 40
10735 43
10735 44
10735 45
10735 167
10735 168
10735 169
10887 10
10887 11
10887 12
10887 13
10887 14
10863 10
10863 11
10863 12
10863 13
10863 14
10863 15
10863 16
10863 17
10863 18
10863 19
10888 168
10888 201
10888 202
10888 203
10888 210
10888 211
10888 212
10888 213
10471 192
10471 193
10471 194
10471 195
10471 196
10471 197
10471 198
10471 199
10954 36
10954 37
10954 38
10954 39
10954 40
10954 41
10954 42
10954 43
10537 51
10537 52
10537 53
10537 54
10537 55
10537 56
10537 57
10537 58
10537 84
10449 72
10449 73
10449 94
10449 95
10449 96
10449 97
10449 98
10449 99
10490 142
10490 143
10490 144
10490 145
10490 146
10490 149
10490 150
10766 66
10766 128
10766 129
10766 130
10766 131
10766 132
10766 134
10923 69
10923 79
10923 80
10923 221
10923 222
10923 223
10923 224
10923 225
10923 226
10502 267
10708 10
10768 38
10768 39
10768 40
10768 41
10768 42
10768 43
10768 44
10768 45
10781 309
10781 310
10781 311
10781 312
10781 313
10781 314
10781 315
10781 316
10874 156
10874 157
10724 86
10724 87
10724 88
10724 89
10724 90
10724 91
10724 92
10724 93
10624 0
10624 38
10394 56
10394 57
10994 58
10994 59
10994 60
10658 20
10696 71
10521 322
10521 324
10521 325
10521 326
10521 327
10521 328
10521 329
10521 330
10672 49
10672 50
10672 51
10672 52
10672 53
10672 54
10672 55
10672 56
10725 67
10725 68
10725 69
10725 70
10725 71
10725 72
10669 90
10669 91
10669 92
10669 93
10669 94
10669 95
10669 96
10669 97
10448 216
10448 217
10448 218
10448 219
10448 220
10448 221
10448 222
10448 223
10694 80
10694 81
10694 82
10694 83
10694 84
10694 85
10694 86
10712 276
10712 277
10712 278
10712 279
10712 280
10712 281
10712 282
10781 256
10781 257
10781 258
10781 259
10781 260
10781 261
10781 262
10781 263
10781 264
10563 231
10563 232
10563 233
10563 234
10563 235
10563 236
10563 238
10994 74
10994 75
10994 76
10994 77
10994 78
10994 79
10610 256
10610 257
10610 258
10610 259
10610 260
10873 99
10873 100
10873 101
10567 70
10567 71
10567 72
10567 73
10567 74
10567 75
10567 76
10567 77
10567 78
10521 111
10521 112
10521 113
10521 114
10521 115
10521 116
10521 117
10521 118
11045 174
11045 175
11045 176
11045 177
11045 184
11045 185
10987 186
10987 187
10593 16
10593 17
10593 18
10593 19
10593 20
10593 21
10593 22
10593 23
10593 24
10593 25
10599 105
10921 340
10773 77
8770 280
10737 47
10737 48
10534 186
10538 102
10540 43
10714 45
10954 44
10954 59
10954 71
10954 72
10630 0
10485 25
10485 26
10540 21
8747 41
10683 189
10683 190
10504 96
10599 65
10504 100
10504 101
10504 102
10504 103
10504 104
10990 44
10990 48
8746 191
8746 192
11000 15
11000 16
11000 17
10849 4
10849 38
10442 8
10442 9
10442 55
10442 56
10442 57
10442 58
10813 27
10813 28
10813 29
10804 62
10804 63
10804 74
10680 128
10680 130
10680 178
10680 179
10959 40
10959 46
10959 47
10959 48
10787 10
10787 11
10787 12
10848 127
10805 153
10805 154
10809 44
10809 45
10809 46
10809 47
10803 59
10803 60
11046 165
11046 166
10688 232
10938 21
10938 23
10729 57
10729 58
10947 112
10947 113
10947 122
10771 78
10771 86
10771 87
10735 214
10735 215
10735 216
10735 217
10663 0
10663 1
10663 2
10663 3
10561 78
10561 79
10561 85
10561 86
10561 87
10561 88
10963 148
10963 149
10963 150
10963 151
10963 167
10688 187
10688 188
10688 234
10693 293
10693 294
10693 295
10693 296
10693 297
10693 298
10693 299
10693 300
10913 19
10913 51
10913 52
10913 65
10960 81
10960 82
10960 83
10960 84
10960 85
8769 280
8769 281
8769 282
8769 283
8769 284
8769 285
8769 286
8769 287
8769 288
10992 51
10992 52
10793 74
10793 75
10793 76
10793 77
10793 78
10716 15
10716 16
10716 17
10716 18
10716 19
10716 331
10716 332
8767 37
8767 38
8767 39
8767 40
8767 41
10836 40
10836 41
10836 42
10836 43
10836 44
10836 45
10836 46
10836 47
10634 54
10634 55
10634 56
10634 57
10634 58
10634 59
10634 60
10807 92
10807 93
10807 94
10807 95
10654 179
10654 180
10654 181
10654 300
10654 301
10654 302
10654 303
10716 316
10716 317
10716 318
10716 319
10849 293
10849 315
10849 318
10849 319
10584 80
10584 81
10584 82
10584 83
10584 84
10584 85
10846 140
10846 141
10846 142
10846 143
10846 144
10846 145
10846 146
10846 147
10846 148
10698 7
10698 8
10698 9
10698 40
10698 41
10698 42
10698 43
10698 44
10850 107
10850 108
10850 109
10850 110
10850 111
10850 112
10634 90
10634 91
10634 92
10634 93
10634 94
10634 95
10634 96
10634 97
10711 73
10711 74
10711 75
10711 76
10711 77
10711 78
10711 79
10711 22
10711 25
10711 26
10711 27
10711 28
10711 29
10711 30
10711 31
10478 199
10478 200
10478 201
10478 205
10478 206
10478 207
10478 208
10488 0
10488 1
10488 2
10488 3
10488 4
10488 5
10488 6
10803 184
10803 248
10803 249
10803 250
10803 251
10803 252
10803 253
10724 281
10724 282
10724 283
10724 284
10724 285
10724 286
10724 287
10724 288
10704 39
10704 40
10704 41
10704 42
10704 43
10704 44
10724 261
10724 295
10724 296
10724 297
10696 77
10696 78
10696 79
10696 80
10696 81
10696 82
10696 83
10696 84
10696 85
10845 109
10845 110
10845 111
10845 112
10845 113
10845 114
10845 115
10845 116
10925 81
10925 82
10925 83
10925 84
10925 85
10925 86
10925 87
10925 88
10712 133
10712 134
10712 135
10712 136
10712 137
10712 138
10712 139
10439 182
10439 183
10439 184
10439 185
10439 204
10439 205
10960 71
10960 72
10960 73
10960 74
10960 75
10960 76
10960 77
10960 78
10960 79
8762 179
8762 180
8762 181
8762 182
8762 183
8762 184
8762 185
10720 63
10720 81
10720 82
10720 83
10720 84
10720 85
10720 86
10720 87
10432 119
10432 120
10432 121
10432 122
10432 123
10432 124
10432 125
10432 126
10772 75
10772 76
10772 113
10772 114
10772 115
10772 116
10772 117
10772 118
10475 128
10475 129
10475 130
10475 131
10475 132
10475 133
10475 134
10475 254
10634 86
10634 87
10634 88
10634 89
10634 128
10634 129
10634 130
10634 131
10634 132
8771 266
8771 267
8771 268
8771 269
8771 270
8771 271
8771 272
8771 273
8771 294
10800 88
10800 89
10800 90
10800 91
10800 92
10800 93
10800 94
10800 95
10800 96
10849 10
10849 11
10849 12
10849 13
10849 14
10849 15
10849 16
10849 17
10849 18
10849 19
10984 6
10984 7
10984 8
10984 9
10984 17
10984 18
10984 19
8759 128
8759 129
8759 130
8759 131
8759 132
8759 133
8759 134
10687 156
10687 157
10687 158
10687 159
10687 160
10687 161
10687 162
10687 163
10687 164
10687 165
10473 274
10473 275
10473 276
10473 277
10473 278
10473 279
10473 280
10716 303
10716 304
10716 305
10716 306
10716 307
10716 308
10716 309
10716 310
10933 0
10933 1
10933 2
10933 3
10933 4
10933 5
10933 6
8771 29
8771 32
8771 33
8771 34
8771 35
8771 36
8771 37
8771 38
8771 157
8771 158
10675 86
10675 87
10675 88
10675 89
10675 90
10675 91
10675 92
10675 93
10938 38
10938 77
10938 78
10938 79
10938 81
10938 82
10938 83
10938 86
10938 148
10938 149
10478 57
10478 58
10478 59
10478 60
10478 61
10478 62
10478 63
10492 48
10492 49
10492 50
10492 51
10492 52
10492 53
10492 54
10492 55
10438 96
10438 97
10438 98
10438 99
10438 100
10438 101
10579 10
10579 11
10579 12
10579 13
10579 14
10579 15
10579 16
10579 17
10789 7
10789 9
10789 27
10789 28
10789 29
10789 38
10789 39
10789 70
10648 26
10648 27
10648 35
10648 36
10648 37
10648 50
10449 52
10449 53
10449 54
10449 55
10449 122
10449 123
10449 124
10712 99
10712 100
10712 101
10712 102
10712 103
10712 119
10712 120
10712 121
10712 122
10657 221
10657 222
10657 223
10533 90
10533 91
10533 110
10533 111
10533 112
10925 0
10925 1
10925 2
10925 3
10925 4
10925 5
10562 109
10562 118
10562 119
10562 126
10562 127
10562 128
10816 44
10816 45
10816 46
10816 47
10816 49
10816 50
10816 51
10816 52
10591 6
10591 7
10591 8
10591 9
10591 19
10591 27
10591 28
10591 29
10705 86
10705 87
10705 95
10705 96
10705 97
10705 98
10705 99
10705 168
10704 192
10704 193
10704 194
10704 195
10704 196
10704 197
10704 198
10704 199
10656 39
10656 40
10656 41
10656 42
10656 43
10656 44
10656 45
10656 46
10656 47
10656 48
10873 137
10873 138
10873 139
10873 140
10873 149
10873 150
10538 34
10538 35
10538 36
10538 37
10538 38
10538 39
10538 40
10501 117
10501 118
10501 129
10501 130
10501 131
10501 132
10501 133
10920 114
10920 115
10920 116
10920 117
10920 118
10920 119
10920 120
10920 121
10966 32
10966 33
10966 42
10966 116
10966 117
10966 118
10966 119
10530 127
10530 129
10530 130
10530 133
10530 134
10530 135
10530 137
10437 178
10437 179
10437 180
10437 181
10437 182
10437 183
10437 184
10437 185
10710 42
10710 44
10710 50
10710 51
10710 55
10710 56
10710 57
10710 58
10569 254
10569 255
10569 263
10569 264
10569 265
10569 284
10569 285
10569 294
10567 80
10567 81
10567 82
10567 83
10567 84
10567 85
10567 86
10567 87
10741 138
10741 139
10741 140
10741 141
10741 142
10741 143
10741 144
10639 1
10639 2
10639 3
10639 4
10639 5
10639 6
10639 7
10675 9
10675 72
10675 73
10675 84
10675 85
10675 94
10675 95
10675 102
8747 21
8747 22
8747 24
8747 26
8747 27
8747 28
8747 29
8747 43
8747 44
8747 46
8747 119
8747 120
8747 121
8747 122
8747 123
8747 124
8747 125
8747 126
10473 232
10473 233
10473 234
10473 235
10473 236
10473 237
10473 238
10473 239
10473 240
10743 305
10743 306
10743 307
10743 316
10743 317
10743 334
10923 118
10923 119
10923 120
10923 129
10923 207
10923 208
10923 209
10721 53
10721 54
10721 55
10721 56
10721 57
10721 58
10721 59
10721 118
10534 30
10534 31
10534 32
10534 33
10534 34
10534 35
10846 128
10846 129
10846 130
10846 131
10846 132
10846 133
10846 134
10846 135
10846 136
10922 27
10641 20
10641 21
10540 24
10990 91
10990 92
10990 93
10521 347
10521 348
10610 47
10803 329
8754 101
8769 346
8762 142
8762 143
10606 56
10540 44
10741 252
10623 1
10613 138
10719 230
10719 231
10840 77
10741 63
10520 145
10520 146
10478 189
10478 190
10654 48
10654 49
10481 71
10562 160
10888 176
8770 228
8770 229
10888 65
10517 28
10517 29
10748 37
10748 38
10748 39
10949 9
10729 79
10729 81
10755 46
10755 47
10833 180
10833 181
10833 183
10490 10
10490 11
10490 12
10482 8
10482 10
10482 11
10974 42
10974 43
10922 79
10924 82
10924 85
10924 86
10924 87
10924 90
10765 93
10765 95
10741 51
10741 52
10741 53
10478 158
10478 159
10800 8
10800 9
10918 68
10918 69
10439 135
10439 136
10439 137
10436 276
10436 277
10436 278
10950 7
10950 8
10950 9
10856 55
10856 56
10856 57
10394 0
10394 1
10394 2
10394 3
10994 92
10994 93
10994 136
10994 137
10680 192
10680 196
10680 197
10504 290
10504 291
10504 292
10504 293
10804 144
10804 145
10811 42
10811 43
10811 45
10811 67
10811 68
10483 14
10483 15
10483 16
10483 17
10483 18
10483 19
10483 20
10483 21
10480 57
10480 58
10480 66
10480 67
10480 68
10480 76
10480 77
10584 29
10584 30
10584 31
10584 41
10584 42
10584 43
10721 132
10721 133
10721 134
10721 135
10721 136
10591 253
10591 254
10591 255
10834 147
10834 148
10834 149
10834 150
10834 151
10834 152
8769 201
8769 205
8769 206
8769 240
8769 241
8769 242
8769 243
10885 76
10885 77
10885 78
10885 79
10580 260
10580 261
10580 262
10580 263
10580 264
10538 10
10538 11
10538 12
10538 19
10538 20
10538 21
10640 23
10640 24
10640 25
10640 26
10640 27
10640 28
8759 79
8759 87
8759 88
8759 89
8759 110
8759 111
8759 112
10444 40
10444 41
10444 42
10444 43
10438 0
10438 1
10438 2
10438 3
10438 4
10438 5
10438 6
10438 7
10625 239
10625 240
10625 241
10625 242
10625 243
10625 244
10625 245
10625 246
10743 149
10743 150
10743 151
10743 152
10743 153
10743 154
10743 155
10849 230
10849 231
10849 232
10849 238
10849 239
10849 240
10849 241
10810 19
10810 20
10810 21
10810 22
10810 23
10810 24
10810 25
10501 283
10501 284
10501 285
10501 311
10501 312
10987 82
10987 83
10987 84
10987 169
10987 170
10624 165
10624 166
10624 167
10624 168
10624 169
10624 170
10624 171
10624 173
10824 65
10824 66
10824 67
10824 68
10824 69
10438 18
10438 19
10438 20
10438 21
10438 22
10438 23
10819 90
10819 91
10819 92
10819 93
10819 94
10819 95
10819 96
10819 97
10819 98
10732 17
10732 18
10732 19
10732 20
10732 21
10732 22
10732 23
10732 24
8762 64
8762 65
8762 66
8762 68
8762 69
8762 70
8762 71
8762 72
8762 73
10383 10
10383 11
10383 12
10383 13
10383 14
10383 15
10383 16
10538 71
10538 72
10538 73
10538 74
10538 75
10538 76
10538 77
10521 100
10521 101
10521 102
10521 103
10521 104
10521 105
10521 106
10521 107
10530 4
10530 17
10530 18
10530 19
10530 21
10530 26
10530 29
10530 276
10705 0
10705 1
10705 2
10705 3
10705 8
10705 9
10705 10
8754 119
8754 120
8754 121
10593 75
10593 76
10593 84
10593 85
10593 86
10593 95
10593 96
10846 88
10846 92
10846 150
10846 151
10846 152
10846 153
10846 154
10558 76
10558 77
10558 78
10558 79
10558 80
10558 81
10558 82
10558 83
10558 84
10833 57
10833 58
10833 59
10833 60
10833 61
10833 62
10786 117
10786 118
10786 119
10786 120
10786 121
10786 122
10786 123
10786 124
8771 56
8771 57
8771 58
8771 59
8771 60
8771 61
8771 62
8771 63
8771 64
8771 65
10478 91
10478 93
10478 94
10478 95
10478 96
10478 97
10478 98
10693 94
10693 95
10693 116
10693 117
10693 118
10693 120
10693 122
10693 183
10693 184
10693 185
10923 170
10923 178
10923 179
10923 180
10923 189
10923 190
10923 197
10706 79
10706 80
10706 81
10706 82
10706 83
10706 84
10706 85
10706 86
11046 14
11046 15
11046 16
11046 17
10540 84
10540 85
10540 86
10540 87
10540 89
10540 90
10540 91
10939 1
10939 4
10939 5
10939 6
10939 7
10939 9
10939 10
10939 13
10939 14
10569 190
10569 199
10569 200
10569 208
10569 209
10569 210
10569 218
10593 113
10593 114
10593 115
10593 116
10593 117
10593 118
10593 119
10593 120
8750 220
8750 221
8750 222
8750 223
8750 224
8750 225
8750 226
8750 227
8750 228
10656 19
10656 20
10656 21
10656 30
10656 31
10656 56
10656 57
10656 58
10656 67
10850 135
10850 136
10850 137
10850 138
10850 139
10850 140
10850 141
10850 142
10850 143
10533 184
10533 185
10533 186
10533 187
10533 188
10533 189
10533 190
10533 191
10533 192
10533 193
10952 195
10952 196
10952 197
10952 198
10952 199
10952 200
10952 201
10858 97
10858 98
10858 99
10858 100
10858 101
10858 102
10858 103
10858 104
10837 146
10837 147
10837 148
10837 149
10837 150
10837 151
10837 152
10837 153
10756 248
10756 249
10756 250
10756 251
10756 252
10756 253
8762 116
8762 117
8762 118
8762 119
8762 120
8762 121
8762 122
8762 123
8762 124
10654 182
10654 183
10654 184
10654 185
10654 186
10654 187
10654 188
10654 189
10584 32
10584 33
10584 34
10584 35
10584 36
10584 37
10584 38
10584 39
10584 40
10493 33
10493 50
10493 52
10493 54
10493 56
10493 57
10493 59
10493 60
10490 120
10490 121
10490 130
10490 131
10490 140
10490 151
10490 152
10490 153
10490 154
10537 64
10537 65
10537 66
10537 67
10537 68
10537 69
10537 70
10537 71
10612 64
10612 65
10612 66
10612 67
10612 68
10612 69
10612 70
10612 71
10612 72
10505 110
10505 111
10505 112
10505 113
10505 114
10505 115
10505 116
10505 117
10987 98
10987 106
10987 107
10987 108
10987 116
10987 117
10987 118
10987 126
10796 215
10796 217
10796 218
10796 219
10796 220
10796 221
10796 222
10675 132
10675 333
10675 334
10675 335
10675 336
10675 337
10675 338
10675 339
8762 264
8762 265
8762 266
8762 268
8762 269
8762 270
8762 271
10693 202
10693 203
10693 204
10693 205
10693 206
10693 207
10693 208
10693 209
10769 10
10769 11
10769 12
10769 13
10769 14
10769 15
10769 16
10769 18
10442 256
10442 257
10442 258
10442 259
10442 260
10442 261
10442 262
10442 263
10807 20
10807 21
10807 22
10807 23
10807 24
10807 25
10807 26
10807 27
10807 28
10725 257
10725 258
10725 259
10725 261
10725 262
10725 263
10824 102
10824 103
10824 104
10824 105
10824 106
10781 66
10781 69
10781 70
10923 228
10923 229
10923 230
10923 231
10923 232
10923 233
10923 234
10923 235
10923 236
10800 217
10800 218
10800 219
10800 226
10800 227
10800 228
10800 229
10988 194
10988 195
10988 196
10988 197
10988 198
10988 199
10988 200
10988 201
10988 202
10568 20
10568 21
10568 22
10568 23
10568 24
10568 25
10568 26
10568 27
10756 69
10756 71
10756 73
10756 74
10756 76
10756 77
10756 78
10756 79
10756 81
10921 128
10921 129
10921 130
10921 131
10921 132
10921 133
10921 134
10921 135
10857 182
10857 183
10857 186
10857 187
10857 193
10857 194
10857 195
10850 113
10850 114
10850 133
10850 134
10850 188
10850 189
10850 190
10663 50
10663 51
10663 52
10663 53
10663 54
10663 55
10663 56
10663 64
10663 65
10666 100
10666 101
10666 102
10666 103
10666 104
10666 105
10666 106
10666 107
10666 108
10683 256
10683 257
10683 258
10683 259
10683 260
10683 261
10683 262
10927 70
10927 71
10927 72
10927 74
10927 75
10927 76
10927 77
10963 9
8751 230
10938 164
10725 347
10834 270
10910 72
10771 294
10847 77
10847 80
10778 58
10778 59
10613 82
10613 84
10954 57
10954 58
10795 105
10756 255
10861 167
10861 168
10861 169
10574 80
10574 81
10574 82
10574 83
10574 84
10574 85
10574 86
10929 314
10887 9
10696 273
10696 274
10696 275
10696 279
10696 280
10571 8
10571 9
10571 45
10599 10
10599 11
10989 24
10989 25
10683 73
10683 74
10683 105
10382 22
10382 23
10382 33
10846 7
10846 8
10846 9
10668 275
10668 279
10436 121
10436 186
10436 201
10925 30
10925 31
10925 32
10925 33
10925 35
10925 36
10504 8
10442 319
11000 8
11000 9
10926 85
10926 88
10926 89
10563 156
10563 260
10563 266
10563 269
10727 57
10727 58
10727 59
10727 60
10727 61
10727 62
10727 63
10824 75
10824 76
10824 77
10824 78
10869 40
10869 41
10869 44
10869 45
10869 46
10869 47
10869 48
10629 18
10629 19
10629 30
10629 31
10629 32
10629 33
10629 34
10629 35
10517 93
10517 113
10517 114
10517 115
10517 116
10517 117
10517 171
10733 17
10733 18
10733 19
10733 20
10733 21
10733 22
10490 44
10490 45
10490 46
10490 47
10490 48
10490 49
10490 50
10490 51
10389 35
10389 36
10389 37
10389 38
10389 39
10389 40
10389 41
10389 42
10786 50
10786 51
10786 52
10786 53
10786 54
10786 55
10692 128
10692 129
10692 131
10692 132
10692 133
10692 134
10692 135
10692 136
10692 137
10475 26
10475 27
10475 28
10475 29
10475 30
10475 31
10475 32
10475 33
10475 34
10540 49
10540 58
10540 59
10540 69
10540 79
10540 81
10540 82
10798 64
10798 68
10798 69
10798 74
10798 128
10798 129
10798 130
10798 131
10798 134
10445 108
10445 109
10445 110
10445 345
10445 346
10445 347
10445 348
10445 349
10445 350
10545 89
10545 90
10545 91
10545 96
10545 97
10545 100
10545 101
10634 212
10634 213
10634 214
10634 215
10634 216
10634 217
10690 133
10690 138
10690 139
10690 140
10690 141
10690 142
10690 183
10690 184
10816 8
10816 9
10816 17
10816 18
10816 19
10816 30
10816 31
10816 32
10890 47
10890 48
10890 50
10890 51
10890 53
10890 64
10890 122
10446 10
10446 11
10446 12
10446 13
10446 14
10446 15
10446 16
10837 154
10837 155
10837 186
10837 187
10837 188
10837 189
10837 190
10837 191
10837 192
10837 193
10923 4
10923 5
10923 6
10923 7
10923 8
10923 33
10923 34
10923 35
10864 20
10864 21
10864 22
10864 23
10864 24
10864 25
10864 26
10864 27
10925 190
10925 191
10925 192
10925 193
10925 194
10925 195
10925 196
10925 197
10925 198
10479 0
10479 1
10479 2
10479 3
10479 4
10479 5
10803 195
10803 196
10803 197
10654 30
10654 31
10654 32
10654 33
10654 34
10737 94
10737 95
10737 99
10737 100
10737 102
10743 256
10743 257
10743 258
10743 259
10743 260
10743 261
10743 262
10743 263
10952 231
10952 232
10952 233
10952 234
10952 235
10952 236
10952 237
10952 238
10952 239
10861 66
10861 67
10861 68
10861 70
10861 71
10861 72
10861 73
10696 214
10696 215
10696 216
10696 217
10696 218
10696 219
10696 220
10696 221
10716 101
10716 102
10716 103
10716 104
10716 105
10716 106
10716 107
10502 193
10502 194
10502 195
10502 196
10502 197
10502 198
10502 199
10502 200
10502 201
10692 32
10692 33
10692 34
10692 35
10692 36
10692 37
10692 38
10692 39
10692 44
10473 194
10473 195
10473 196
10473 197
10473 198
10473 199
10473 200
10850 70
10850 71
10850 72
10850 73
10850 74
10850 75
10850 76
10850 77
10624 72
10624 73
10624 74
10624 75
10624 76
10624 77
10624 78
10624 139
10804 19
10804 20
10804 32
10804 33
10804 34
10804 35
10804 36
10804 37
10599 142
10599 143
10599 144
10599 146
10599 147
10599 148
10599 149
10490 229
10490 230
10490 231
10490 270
10490 281
10490 288
10490 289
8770 89
8770 90
8770 91
8770 92
8770 256
8770 257
8770 258
8770 259
8770 260
8770 261
10593 319
10593 320
10593 321
10593 322
10593 323
10593 324
10593 325
10719 187
10719 188
10719 189
10719 190
10719 191
10719 200
10821 175
10821 176
10821 177
10821 178
10821 179
10821 180
10821 181
10821 184
10821 185
10635 18
10635 19
10635 20
10635 21
10635 22
10635 23
10635 24
8758 0
8758 1
8758 2
8758 3
8758 4
8758 5
8758 6
8758 7
8758 8
10747 0
10747 1
10747 2
10747 3
10747 4
10747 5
10591 162
10591 163
10591 164
10591 165
10591 166
10591 167
10861 110
10861 111
10861 112
10861 113
10861 114
10861 115
10861 116
10861 117
10861 118
10831 94
10831 95
10831 96
10831 97
10831 98
10831 99
10831 100
10831 101
10831 102
10836 30
10836 31
10836 32
10836 33
10836 34
10836 35
10836 36
10836 37
10490 23
10490 28
10490 29
10490 160
10490 161
10490 162
10490 165
10680 131
10680 132
10680 133
10680 134
10680 135
10680 136
10680 137
10678 61
10678 72
10678 73
10678 74
10678 75
10669 80
10669 81
10669 82
10669 83
10669 84
10669 85
10669 86
10669 87
10669 88
10925 17
10925 18
10925 19
10925 38
10925 39
10925 50
10475 10
10475 11
10475 12
10475 13
10475 14
10475 15
10475 16
10822 0
10822 1
10822 2
10822 3
10822 4
10822 5
10822 6
10822 7
10822 8
10858 9
10858 16
10858 17
10858 18
10858 19
10858 21
10538 131
10538 132
10538 134
10538 135
10538 136
10538 137
10966 90
10966 91
10966 92
10966 93
10966 94
10966 95
10966 96
10966 97
10558 96
10558 100
10558 101
10558 102
10558 103
10558 104
10558 105
10928 17
10928 18
10928 19
10928 48
10928 49
10928 58
10928 59
10848 128
10848 129
10848 130
10848 131
10848 132
10848 133
10846 15
10846 16
10846 17
10846 19
10846 20
10846 21
10756 82
10756 92
10756 93
10756 94
10756 120
10502 228
10502 229
10502 240
10502 341
10502 342
10502 343
10502 344
10502 345
8747 154
8747 155
8747 156
8747 157
8747 158
8747 159
8747 160
8747 161
10755 271
10755 302
10755 330
10755 331
10755 332
10755 333
10940 68
10940 69
10940 70
10940 71
10940 72
10940 73
10551 62
10551 63
10551 64
10551 65
10551 66
10551 67
10870 32
10870 33
10870 34
10870 35
10870 41
10870 44
10870 45
10870 46
10386 67
10386 68
10386 69
10386 70
10386 71
10386 72
10386 73
10771 100
10771 101
10771 102
10771 103
10771 104
10771 105
10445 325
10445 326
10445 327
10445 328
10445 329
10445 330
10445 331
10445 332
10445 333
10769 6
10936 35
10793 67
10793 69
10793 73
10610 234
10610 241
10610 242
10610 243
10540 72
10807 117
10845 184
10845 185
10845 186
10781 254
10781 297
10781 298
10781 319
10834 30
10834 31
10688 103
10839 102
8754 150
10692 0
10692 1
10692 2
10704 244
10784 150
10784 151
8769 322
10727 32
10727 33
10921 333
10921 334
10921 337
10921 338
10448 271
10448 272
10448 273
10448 274
10448 275
10448 276
10448 277
10987 119
10987 120
10987 121
10987 122
10987 123
10987 124
10987 125
10705 204
10705 205
10705 221
10705 222
8764 97
8764 98
8764 99
8764 100
8764 101
8764 102
8764 103
8764 104
8764 105
10488 10
10488 11
10488 12
10488 13
10488 14
10488 15
10488 16
10488 17
10488 18
10488 19
10578 276
10578 277
10578 278
10578 279
10578 280
10578 281
10578 282
10613 64
10613 65
10613 66
10613 67
10613 68
10613 69
10613 70
10613 71
10613 72
10918 30
10918 31
10918 32
10918 33
10918 34
10918 35
10918 36
10918 37
10520 301
10520 303
10520 305
10520 306
10520 307
10520 333
10520 334
10520 335
10445 210
10445 211
10445 265
10445 273
10445 274
10445 275
10445 351
10530 6
10530 20
10530 35
10530 55
10530 68
10530 103
10688 26
10688 27
10688 31
10688 49
10688 53
10688 127
10931 39
10931 40
10931 41
10931 42
10931 43
10931 44
10931 45
10660 128
10660 129
10660 130
10660 132
10660 133
10660 134
10660 135
10471 52
10471 53
10471 54
10471 55
10471 56
10471 57
10445 218
10445 219
10445 220
10445 221
10445 222
10445 239
10714 59
10714 60
10714 61
10714 62
10714 63
10811 79
10811 80
10811 81
10811 82
10811 83
10811 84
10481 42
10481 43
10481 44
10481 45
10481 46
10481 47
10481 48
10481 49
10442 242
10442 243
10442 244
10442 245
10442 246
10674 10
10674 11
10674 12
10674 13
10674 14
10674 15
10674 16
8762 29
8762 30
8762 31
8762 32
8762 41
8762 42
10502 66
10502 67
10502 68
10931 169
10931 170
10931 171
10931 172
10931 173
10931 174
10931 175
10931 176
10931 177
10561 119
10561 120
10561 121
10561 122
10561 123
10561 124
10561 125
10561 126
10874 190
10874 191
10874 244
10874 245
10874 246
10874 247
10874 248
10988 149
10988 150
10988 151
10988 152
10988 153
10988 154
10988 155
10988 156
10478 155
10478 156
10478 157
10478 160
10478 161
10478 162
10478 163
10478 165
10478 166
10538 121
10538 122
10538 193
10538 194
10538 195
10538 196
10538 197
10538 198
10538 199
10538 200
10805 4
10805 5
10805 6
10805 7
10805 8
10805 9
10805 10
10805 11
10992 59
10992 60
10992 61
10992 62
10992 63
10992 64
10992 65
10992 66
10992 67
10647 170
10647 171
10647 172
10647 173
10647 174
10647 175
10647 176
10834 248
10834 273
10538 161
10538 162
10756 83
10756 84
10756 85
10756 86
10756 88
10756 89
10756 90
10756 91
10672 79
10672 80
10672 81
10672 82
10672 83
10672 84
10672 85
10672 86
10837 182
10837 183
10837 184
10837 185
10837 212
10837 213
10837 214
10837 215
10837 228
10837 229
10484 103
10484 104
10484 105
10484 106
10484 107
10484 108
10484 109
10592 0
10592 1
10592 2
10592 3
10592 4
10592 5
10592 6
10592 7
10685 1
10685 2
10685 3
10685 4
10685 5
10685 6
10685 7
10685 8
10685 9
10473 27
10473 28
10473 29
10473 30
10473 32
10473 33
10473 34
10490 102
10490 103
10490 104
10490 105
10490 106
10490 107
10490 108
10490 109
10490 110
10771 77
10769 19
10769 48
10769 49
10769 50
10769 51
10769 52
10769 53
10665 73
10665 74
10665 83
10665 84
10665 92
10665 93
10665 94
10665 103
8771 123
10974 40
10974 41
10925 7
10925 8
10925 9
10925 60
10925 68
10925 69
10925 70
10888 60
10625 120
10625 121
10625 122
10625 123
10625 124
10625 125
10625 126
10504 133
10612 10
10612 11
10612 12
10612 13
10612 14
10824 87
10618 25
10724 259
10724 260
10724 264
10724 265
10724 267
10724 268
10724 270
10724 272
10720 69
10720 70
10668 165
10668 166
10668 167
10668 168
10668 169
10668 170
10668 171
10668 172
10735 5
10831 3
10831 4
10831 5
10831 6
10831 7
10831 8
10831 9
10831 10
10625 15
10886 252
10886 253
10886 254
10886 255
10743 278
10743 279
10743 280
10743 281
10743 282
10743 283
10743 284
10743 285
10743 286
8771 125
8771 143
8771 144
8771 243
10696 86
10696 95
10696 96
10696 106
10624 50
10624 51
10624 52
10624 53
10624 54
10669 17
10669 18
10669 19
10669 20
10669 21
10669 22
10669 23
10382 10
10382 11
10382 12
10382 13
11046 136
11046 137
11046 138
11046 139
11046 140
10567 156
10567 157
10567 158
10567 159
10567 160
10567 161
10648 20
10648 21
10648 22
10800 85
10800 86
10800 87
10714 141
10714 142
10714 143
10714 144
10551 32
10551 33
10551 34
10551 35
10551 36
10551 37
10994 12
10994 13
10994 14
10994 15
10845 168
10845 169
10845 170
10845 171
10845 172
10845 173
10845 174
10533 1
10533 2
10533 3
10533 4
10533 5
10533 6
10533 7
10974 0
10974 1
10974 4
10974 5
10974 6
10974 7
10690 2
10690 3
10690 7
10690 23
10571 33
10571 34
10571 35
10571 36
10571 37
10571 38
10797 30
10797 31
10797 32
10797 33
10797 34
10797 35
10797 36
10844 67
10844 68
10844 69
10844 70
10844 71
10844 72
10844 73
10973 20
10973 21
10973 22
10973 23
10973 24
10973 25
10973 26
10837 174
10837 175
10837 204
10837 205
10481 110
10481 111
10481 120
10481 121
10481 136
10481 137
10680 53
10680 54
10680 55
10680 56
10680 57
10680 58
10680 59
10680 60
10680 61
10687 110
10445 238
10849 228
10484 40
10484 42
10484 43
10484 44
10484 46
10484 47
10747 94
10747 112
10747 113
10747 114
10747 115
10747 116
10747 117
10645 9
10645 24
10645 25
10645 26
10645 27
10645 28
10645 29
10645 30
10533 50
10533 51
10533 52
10533 53
10533 54
10533 55
10533 57
10533 58
10647 74
8764 212
8764 213
8764 214
10442 160
10442 170
10442 241
10931 264
10931 265
10931 274
10931 275
10578 175
10578 176
10578 177
10578 178
10578 179
10578 180
10578 181
10675 205
10675 206
10675 207
10675 208
10675 209
10675 210
10675 211
10675 212
10487 0
10487 1
10487 2
10487 3
10487 4
10487 5
10487 6
10487 7
10487 8
10487 9
10834 92
10834 93
10834 94
10834 95
10834 96
10834 97
10834 98
10834 99
10700 71
10700 72
10700 73
8767 0
8767 1
8767 2
8767 3
8767 4
8767 6
8767 7
10929 60
10929 180
10929 181
10929 182
10929 183
10929 184
10929 185
10634 61
10634 69
10680 20
10680 21
10680 22
10680 23
10680 24
10680 25
10680 26
8757 20
8757 22
8757 23
8757 24
8757 25
8757 26
8757 27
8757 28
8757 29
10848 115
10533 80
10833 97
10833 112
10833 190
10833 191
10307 103
10307 104
10307 105
10307 106
10307 107
10307 108
10307 109
10597 90
10597 91
10597 92
10597 93
10597 94
10597 95
10597 96
10597 97
10597 98
10485 27
10485 28
10485 29
10485 30
10485 31
10485 32
10485 33
10485 34
11048 50
11048 51
11048 52
11048 53
11048 70
8771 263
10504 78
10504 79
10504 178
10504 179
10504 188
10504 189
10504 209
10504 318
10504 319
10973 9
10973 18
10850 144
10850 157
10850 167
10850 168
10850 169
10850 176
10850 177
10850 178
10610 128
10610 129
10610 130
10610 131
10610 132
8759 30
8759 31
8759 32
8759 33
8759 34
8759 35
8759 36
8759 37
8759 39
10966 288
10966 289
10923 26
10923 27
10923 28
10923 29
10923 50
10923 51
10923 52
10923 60
10602 162
10602 163
10602 165
10602 166
10602 167
10602 168
10602 169
10602 170
10886 188
10886 189
10886 190
10886 191
10613 181
10613 182
10613 183
10613 184
10613 185
10563 147
10563 148
10563 149
10784 58
10784 59
10784 60
10784 61
10784 62
10784 63
10692 3
10692 12
10692 13
10815 0
10815 1
10815 2
10815 3
10815 4
10815 5
10849 285
10839 90
10839 91
10839 116
10839 117
10839 126
10839 127
10839 133
10929 241
10475 102
10475 103
10475 105
10475 106
10475 108
10475 175
10475 213
10475 215
10475 223
10773 101
10773 102
10773 103
10773 104
10773 105
10773 106
10773 107
10544 8
10544 9
10544 18
10544 19
10683 14
10683 19
10683 24
10683 27
10683 33
10683 36
10683 37
10683 58
10893 0
10893 1
10893 2
10893 3
10893 4
10893 5
10791 45
10791 46
10791 47
10791 48
10791 49
10791 50
10791 51
10791 52
10635 155
10635 156
10635 157
10635 158
10635 159
10635 160
10635 161
10635 162
10847 206
10847 207
10847 209
10847 210
10847 211
10847 212
10847 213
10847 214
10743 108
10743 109
10743 110
10743 111
10743 112
10743 113
10743 124
10894 20
10894 21
10894 22
10894 23
10894 24
10894 25
10648 80
10648 81
10648 82
10648 83
10648 84
10648 85
10848 64
10848 66
10848 67
10848 68
10848 69
10848 70
10848 71
10558 30
10558 31
10558 32
10558 33
10558 34
10558 35
10558 36
10690 18
10690 19
10690 78
10690 79
10690 80
10690 81
10690 84
10690 85
10988 166
10988 240
10988 241
10988 242
10988 243
10888 104
10592 139
10592 140
10592 141
10592 143
10592 145
10990 79
10990 80
10990 99
10990 100
10990 101
10990 102
10647 158
10647 159
10893 59
10893 60
10893 61
10893 62
10893 63
10893 67
10893 68
10893 69
10799 69
10799 73
10799 74
10799 75
10799 76
10799 77
10799 78
10799 80
10963 36
10963 38
10963 40
10963 41
10963 42
10963 43
10963 44
10947 8
10947 9
10688 123
10688 124
10688 125
10688 126
10688 128
10688 129
10688 130
10855 0
10609 118
10609 119
10609 120
10609 121
10609 122
10609 123
10609 128
8757 13
8757 14
8757 15
8757 16
8757 17
8757 18
8757 19
8757 40
10778 170
10778 171
10778 172
10778 173
10778 174
10778 175
10778 176
10778 177
10778 178
10683 57
10683 64
10683 65
10683 66
10683 67
10683 68
10745 58
10567 40
10567 41
10567 42
10567 43
10567 44
10567 45
10567 46
10567 47
10567 48
10804 213
10804 214
10804 215
11046 41
11046 42
11046 43
11046 49
10578 85
10578 86
10578 87
10578 88
10578 89
10578 90
10578 91
10606 14
10606 15
10606 16
10606 17
10606 18
10606 19
10606 20
10556 9
10556 16
10556 17
10556 18
10683 128
10683 129
10683 130
10683 131
10683 132
10683 133
10683 134
10436 235
10436 236
10436 237
10436 238
10436 239
10436 240
10706 98
10811 16
10811 17
10811 18
10811 19
10811 20
10811 21
10811 22
10811 23
10486 20
10486 21
10486 22
10486 23
10486 24
10486 25
10486 26
10488 57
10488 58
10488 59
10488 60
10488 61
10488 62
10488 63
10488 64
10488 65
11046 90
11046 91
11046 92
11046 93
10913 94
10913 95
10913 96
10913 97
10913 98
10913 99
10913 100
10857 151
10857 175
10857 176
10857 190
10857 191
10857 192
10745 190
10745 191
10745 192
10745 193
10745 194
10745 195
10745 196
10745 197
10595 62
10595 63
10595 64
10595 74
10595 83
10595 84
10595 85
10436 267
10436 268
10744 9
10744 17
10744 18
10744 27
10744 28
10744 29
10473 10
10473 11
10473 12
10473 13
10473 14
10473 15
10473 37
10473 38
10745 31
10745 32
10745 33
10688 64
10688 65
10688 66
10688 67
10688 68
10688 69
10688 70
10672 10
10672 11
10672 12
10672 13
10672 14
10672 15
10672 16
10705 157
10705 163
10705 164
10705 165
10705 166
10850 186
10850 192
10850 193
10850 194
10850 195
10850 196
10850 197
10850 198
10627 10
10627 11
10627 12
10627 13
10627 20
10627 21
10627 27
10931 34
10931 35
10931 36
10931 37
10931 38
10966 340
10966 341
10931 266
10931 267
10931 268
10931 269
10931 270
10931 271
10931 272
10931 273
10533 143
10533 144
10533 145
10533 146
10533 147
10533 148
10533 149
10533 150
10533 151
10445 26
10445 78
10445 79
10445 90
10445 91
10445 92
10445 93
8762 207
8762 208
8762 209
8762 227
8762 228
8762 229
8762 250
8762 251
10712 211
10712 212
10712 213
10712 214
10712 215
10712 216
10712 217
10712 233
10712 234
10480 151
10480 152
10480 153
10480 154
10480 155
10480 156
10480 157
10647 67
10647 150
10647 151
10647 152
10647 153
10647 154
10647 155
10603 42
10658 40
10658 41
10658 42
10658 43
10658 44
10658 45
10658 46
10675 8
10675 116
10675 117
10675 118
10675 119
10675 120
10675 121
10605 18
8771 119
10931 95
10931 96
10694 38
10694 39
10694 40
10694 41
10694 42
10694 43
10694 44
10694 45
10861 60
10700 1
10700 2
10700 3
10700 4
10700 5
10700 6
10700 7
10700 8
10741 94
10741 95
10741 96
10741 97
10741 98
10741 99
10741 100
10504 121
10504 122
10504 123
10504 153
10504 154
10504 155
10504 156
10504 157
10563 254
10563 255
10563 306
10563 315
10563 316
10563 326
10563 335
10563 336
10743 288
10743 289
10743 290
10743 291
10743 292
10743 293
10743 294
10743 295
10436 32
10436 33
10436 34
10436 35
10436 36
10436 37
10436 38
10436 39
10741 20
10741 21
10741 22
10741 23
10741 24
10741 89
10741 90
10741 91
10741 92
8751 161
8751 170
8751 171
8751 201
8751 211
10704 264
10704 265
10704 292
10704 293
10704 294
10704 295
10490 284
10569 101
10569 102
10569 103
10569 104
10569 105
10569 106
10569 107
10569 108
10969 139
10969 140
10969 141
10969 142
10969 143
10969 144
10969 145
10969 146
10448 182
10448 183
10448 208
10448 209
10448 215
10448 236
10695 0
10695 1
10695 2
10695 3
10695 4
10695 6
10529 56
10529 63
10529 67
10529 73
10529 185
10529 190
10529 193
10811 24
10811 25
10569 239
10569 273
10569 274
10569 275
10755 168
10755 169
10755 170
10755 171
10755 172
10755 173
10390 2
10390 3
10390 4
10390 5
10390 6
10390 7
10390 40
10390 41
10390 64
10832 12
10832 13
10832 14
10832 15
10832 72
10832 73
10644 0
10644 1
10644 2
10644 3
10644 4
10644 5
10644 6
10995 72
10995 73
10383 0
10383 1
10383 2
10383 3
10383 4
10383 5
10383 6
10383 7
10610 40
10610 41
10992 21
10992 22
10622 20
10622 21
10622 22
10622 23
10622 24
10622 25
10504 0
10504 1
10504 130
10504 131
10504 260
10504 261
10504 262
10504 263
10504 264
10504 265
10830 20
10830 21
10830 22
10830 23
10830 24
10830 25
10830 26
10830 27
10830 28
10634 150
10634 151
10634 152
10634 153
10634 154
10634 160
10634 161
10634 162
10634 163
10446 17
10446 18
10446 19
10446 20
10446 21
10446 23
10847 82
10847 83
10847 84
10847 85
10847 86
10847 87
10834 164
10834 165
10834 166
10834 167
10834 168
10834 169
10834 216
10834 217
10834 218
10634 234
10634 235
10634 236
10634 237
10634 238
10634 239
10634 240
10634 241
10634 242
10683 159
10683 160
10683 161
10683 162
10683 163
10683 164
10683 165
10683 166
10591 196
10591 197
10591 198
10591 199
10434 80
10434 81
10434 92
10434 93
10434 94
10434 95
10434 96
10434 97
10834 0
10834 1
10834 2
10834 3
10834 4
10834 6
10834 7
10834 8
10611 118
10482 32
10482 33
10482 34
10482 35
10482 36
10482 37
10482 38
10697 104
10697 105
10697 106
10697 107
10697 108
10697 109
10697 110
10692 11
10692 14
10692 15
10533 10
10533 11
10533 12
10533 13
10533 14
10533 15
10533 16
10716 0
10716 1
10716 2
10716 3
10716 4
10716 5
10716 6
10707 27
10707 28
10707 29
10707 30
10707 31
10707 32
10707 33
10707 34
10746 62
10746 63
10610 32
10610 33
10610 34
10610 35
10610 36
10610 37
10610 38
10693 237
10693 238
10693 263
10693 306
10693 307
10693 308
10693 326
10886 201
10886 202
10886 203
10886 204
10886 205
10886 206
10886 207
10744 248
10744 249
10744 250
10744 251
10744 252
10538 97
10441 148
10441 149
10441 150
10441 151
10441 152
10441 153
10580 272
10580 273
10580 274
10580 275
10580 276
10960 100
10960 101
10960 102
10960 103
10960 104
10687 92
10687 93
10687 94
10687 95
10687 98
10687 99
10687 100
10656 32
10656 33
10656 34
10656 35
10656 36
10771 216
10771 217
10771 218
10771 219
10771 220
10771 256
10771 257
10771 258
10850 69
10850 78
10850 79
10850 127
10850 156
10850 185
10480 240
10480 241
10504 228
10504 229
10504 324
10504 349
10447 21
10447 22
10447 23
10447 33
8750 87
8750 88
8750 89
10530 52
10530 54
10530 240
10530 244
10530 246
10530 249
10530 251
10530 289
10580 9
10595 45
10595 46
10595 47
10595 48
10595 49
10595 50
10595 51
10595 52
10473 213
10473 214
10473 215
10473 216
10473 217
10473 218
10473 219
10724 210
10724 211
10724 212
10724 213
10724 214
10724 215
10724 342
10724 343
10755 88
10755 89
10755 90
10755 91
10755 92
10755 93
10755 94
10828 20
10828 21
10828 22
10828 23
10828 24
10828 25
10828 26
10828 27
10886 89
10886 90
10926 90
10926 91
10926 92
10926 93
10926 94
10926 95
10926 96
10719 149
10719 150
10719 151
10719 152
10719 153
10719 154
10719 155
10719 156
10444 10
10444 11
10444 12
10444 13
10444 14
10444 15
10444 16
10444 17
10444 18
10432 229
10432 231
10432 232
10432 233
10432 235
10432 236
10624 242
10624 243
10624 244
10848 209
10848 210
10848 218
10848 219
10848 220
10716 177
10716 178
10716 187
10716 188
10716 196
10716 197
10716 198
10716 208
10987 127
10987 128
10987 137
10987 138
10987 146
10987 147
10558 143
10558 144
10558 175
10558 177
10521 336
10521 337
10521 338
10473 281
10473 282
10473 283
10727 0
10727 1
10727 2
10727 3
10727 4
10727 5
10727 6
10953 59
10946 73
10946 74
10724 169
10724 170
10724 171
10724 172
10724 173
10724 174
10724 175
10553 10
10553 11
10553 12
10553 13
10553 14
10553 15
10553 16
10553 17
10553 18
10685 14
10685 15
10685 18
10685 19
10685 20
10685 49
10685 50
10665 51
10665 52
10665 60
10665 61
10665 62
10665 71
10665 72
10755 297
10755 298
8771 200
8771 201
10784 64
10784 65
10784 66
10784 67
10784 68
10784 69
10784 70
10784 71
10784 72
10994 80
10994 81
10994 82
10994 83
10741 54
10741 55
10741 56
10741 57
10741 58
10741 59
10741 60
10741 61
10741 62
10913 16
10913 53
10913 54
10913 67
10478 67
10478 68
10478 69
10478 70
10478 71
10478 72
10478 73
10478 74
10478 75
10478 76
10612 117
10612 118
10612 138
10612 139
10612 140
10612 141
10612 142
10612 143
10612 144
10761 160
10761 172
10761 173
10761 174
10938 128
10938 129
10938 130
10938 135
10938 140
10938 168
10745 24
10745 25
10745 26
10745 27
10745 28
10745 29
10745 30
8764 12
8764 13
8764 14
8764 15
8764 16
8764 17
8764 18
8764 19
8764 20
10520 107
10520 108
10520 109
10520 110
10520 111
10483 4
10483 5
10483 6
10483 7
10483 8
10483 9
10483 10
10756 22
10756 23
10756 24
10756 25
10756 107
10756 108
10756 109
10750 22
10750 23
10750 24
10750 43
10750 44
10750 51
10750 52
10750 53
10923 245
10923 246
10923 247
10923 304
10923 305
10735 198
10735 199
10735 200
10735 201
10735 202
10735 203
10735 204
10735 205
10441 285
10441 286
10441 287
10441 288
10678 40
10678 41
10678 42
10678 43
10678 44
10678 45
10678 46
10678 47
10678 48
10800 23
10800 24
10800 25
10800 26
10800 27
10800 32
10921 224
10921 226
10921 227
10921 237
10921 238
10921 239
10921 240
10737 174
10737 175
10737 177
10737 178
10737 179
10504 170
10504 171
10504 172
10504 173
10504 174
10504 175
10504 176
10504 177
10690 41
10690 42
10690 43
10690 45
10690 49
10690 88
10690 89
10696 228
10696 229
10696 230
10696 231
10696 232
10696 251
10696 252
10696 253
10966 54
10966 55
10966 56
10966 57
10966 58
10966 59
10966 102
10966 103
10781 8
10781 9
10781 17
10781 18
10781 85
10781 86
10781 87
10438 68
10438 69
10438 70
10438 71
10438 72
10574 10
10574 11
10574 12
10574 13
10574 14
10574 15
10574 16
10574 17
10574 128
10574 129
10574 130
10574 131
10574 132
10574 133
10574 134
10574 135
10481 103
10481 104
10481 105
10481 106
10481 107
10481 108
10481 109
10861 107
10861 126
10861 136
10861 137
10861 144
10861 145
10861 146
10756 272
10756 273
10646 106
10646 109
10646 172
10646 173
10646 174
10646 175
10646 176
10646 177
10504 250
10504 251
10504 252
10504 253
10504 254
10504 255
10504 275
10504 322
10504 323
10448 245
10448 246
10448 247
10448 248
10448 249
10448 250
10448 251
10448 252
10448 253
10988 236
10988 239
10988 256
10595 128
10595 129
10595 130
10595 132
10595 133
10595 135
10480 158
10480 159
10480 160
10480 161
10480 162
10480 163
10480 164
10480 165
8754 42
8754 61
8754 62
8754 123
8754 124
8754 125
8754 126
8754 127
8754 128
8754 129
10517 73
10517 99
10517 108
10727 229
10727 237
10727 238
10727 239
10727 284
10727 285
10810 169
10810 170
10810 171
10810 172
10810 173
10810 174
10810 175
10683 63
10683 108
10683 109
10683 110
10683 111
10683 112
10683 116
10800 78
10800 79
10800 80
10800 81
10800 82
10800 83
10800 84
10578 35
10578 36
10578 37
10578 38
10578 39
10578 40
10741 240
10473 225
10473 226
10473 227
10473 228
10473 229
10473 230
10473 241
10473 242
11048 59
11048 60
11048 61
11048 62
10307 148
10307 149
10307 150
10307 152
10307 154
10307 155
10307 158
10798 103
10530 16
10530 99
10530 108
10530 119
10530 121
10530 124
10530 221
10773 64
10773 65
10773 66
10773 67
10773 68
10773 69
10773 70
10623 28
10623 29
10623 30
10623 31
10623 32
10623 33
10623 34
10807 34
10807 35
10807 36
10807 60
10807 61
10807 62
10839 118
10839 119
10839 121
10839 122
10839 123
10839 124
10839 125
10625 301
10625 302
10625 303
10625 320
10625 321
10625 322
10625 323
10927 138
10927 139
10927 149
10490 262
10490 263
10490 264
10490 265
10490 266
10490 267
10490 268
10990 94
10990 95
10990 107
10990 108
10567 20
10567 21
10567 22
10567 23
10567 24
10567 25
10567 26
10567 27
10567 28
10833 127
10833 128
10833 129
10771 110
10771 111
10771 151
10771 152
10771 153
10771 154
10771 155
10708 34
10708 35
10708 36
10708 37
10708 38
10708 39
10708 41
10708 84
10473 174
10473 175
10473 176
10473 177
10473 178
10473 179
10473 180
10439 9
10822 30
10822 31
10822 32
10822 33
10822 34
10822 35
10822 36
10822 37
10394 17
10394 18
10394 19
10394 21
10394 23
10394 30
10394 32
10382 49
10442 280
10442 283
10442 314
10442 315
10442 316
10442 317
10442 318
10687 112
10687 113
10687 114
10687 115
10687 116
10687 117
10687 118
10687 119
10687 120
10725 285
10725 286
10725 287
10725 288
10725 289
10725 290
10725 291
10581 0
10581 1
10581 2
10581 3
10581 4
10581 5
10581 6
10581 7
10958 15
10958 16
10958 17
10958 18
10958 19
10958 20
10958 21
10669 8
10669 9
10669 10
10669 11
10669 12
10669 13
10669 14
10483 24
10483 25
10483 26
10483 32
10483 33
10483 104
10483 105
10483 106
10578 135
10578 136
10578 137
10578 138
10578 139
10578 140
10578 141
10578 142
10772 320
10772 321
10772 322
10772 323
10772 324
10772 325
10772 326
10772 327
10886 106
10886 107
10886 112
10886 113
10886 114
10886 115
10886 116
10886 117
10656 12
10656 13
10656 14
10656 15
10656 16
10656 17
10656 18
10445 48
10445 49
10445 50
10445 51
10445 52
10445 53
10445 54
10445 55
10843 0
10843 1
10843 2
10843 3
10491 65
10491 67
10491 68
10491 69
10491 70
10491 71
10491 72
10491 74
10491 75
10441 154
10441 155
10441 156
10441 157
10441 158
10441 160
10441 161
10441 162
10546 90
10546 91
10885 52
10885 53
10885 54
10885 55
10885 56
10885 57
10885 58
10885 59
10931 245
10931 246
10931 247
10931 248
10931 249
10931 315
10931 330
10737 203
10737 204
10737 205
10737 206
10737 207
10737 208
10737 209
10803 104
10803 105
10803 106
10803 109
10803 110
10803 111
10803 112
10803 113
10773 53
10773 54
10773 55
10773 56
10773 57
10773 58
10773 59
10773 75
10931 111
10931 112
10931 113
10931 114
10931 124
10931 125
10931 126
8750 349
8750 350
8750 351
8750 352
8750 353
8750 354
8750 355
8750 356
10888 301
10888 306
10888 308
10888 309
10888 320
10888 321
10888 322
10729 32
10729 33
10729 34
10729 35
10729 36
10729 37
10688 9
10688 78
10688 79
10688 80
10688 81
10688 82
10688 85
10956 50
10956 51
10956 52
10956 53
10956 54
10956 55
10956 56
10720 34
10720 35
10720 36
10720 37
10720 47
10533 99
10533 100
10533 101
10533 121
10533 122
10533 203
10952 38
10952 39
10952 40
10952 41
10952 42
10952 43
10952 44
10952 45
10952 57
10471 21
8771 106
10600 20
10721 111
10848 202
10931 144
10931 164
10712 321
10517 47
10517 48
10517 49
10594 10
10697 91
10697 92
10697 93
10741 239
10766 127
10922 28
10540 48
10711 42
10711 43
10730 4
10730 7
10730 8
10730 14
10855 31
10804 83
10804 84
10804 125
10714 79
10714 111
10714 112
10800 67
10660 60
10660 61
10660 127
10530 30
10530 31
10755 174
10755 175
10755 300
10623 17
10894 58
10894 59
10756 118
10756 119
10694 194
10694 195
10694 196
10484 101
10484 102
10803 297
10803 298
10803 299
10737 87
10737 88
10790 158
10790 159
10696 29
10784 153
10784 154
10784 155
10784 156
10696 103
10696 104
10696 105
10307 172
10307 173
10307 181
10307 183
10719 228
10719 229
10839 8
10839 9
10746 10
10746 11
10502 85
10502 86
10502 87
10755 201
10755 202
10755 203
10755 204
10755 205
10755 206
10755 207
10755 208
10580 92
10580 93
10580 96
10580 97
10580 98
10580 99
8750 26
8750 27
8750 28
8750 29
8750 30
8750 33
8750 34
8750 35
10441 109
10441 110
10441 111
10441 112
10517 36
10517 70
10517 71
10517 72
10517 159
10913 38
10913 39
10913 57
10913 59
10803 154
10803 181
10803 182
10803 183
10712 169
10712 170
10600 50
10600 51
10803 218
10803 227
10803 238
10803 245
10803 246
10803 247
10803 274
10756 176
10756 177
10756 178
10756 179
10756 180
10756 181
10756 182
10756 183
10804 152
10804 153
10804 154
10804 155
10804 186
10804 187
10792 0
10792 1
10792 2
10792 3
10792 4
10792 5
10792 6
10792 7
10792 8
10848 211
10848 212
10848 213
10848 214
10848 215
10848 216
10848 217
10705 35
10705 36
10705 37
10705 38
10705 44
10705 45
10705 46
10804 239
10804 240
10804 241
10804 250
10804 251
10804 267
10804 268
10831 83
10831 91
10831 114
10831 115
10831 116
10831 117
10831 118
10831 119
10831 120
10821 182
10821 183
10821 209
10821 222
10821 224
10821 225
10821 226
10821 227
8751 172
8751 173
8751 174
8751 175
8751 176
8751 177
8751 178
8751 179
8751 200
10743 201
10743 202
10743 203
10743 204
10743 205
10743 206
10743 207
10746 0
10746 2
10746 3
10746 4
10746 5
10567 129
10567 137
10567 147
10567 148
10567 149
10729 64
10729 65
10729 67
10729 68
10729 69
10606 33
10606 34
10606 35
10606 36
10606 37
10606 38
10606 39
10606 40
10606 41
10660 223
10660 224
10660 225
10660 226
10660 227
10660 308
10660 309
10660 310
10660 311
10714 4
10714 5
10714 6
10714 7
10714 8
10714 9
10530 190
10530 254
10530 293
10530 294
10530 295
10530 296
10530 297
10530 298
10803 94
10803 95
10803 96
10803 97
10803 98
10803 99
10803 100
10688 133
10688 141
10688 142
10521 312
10521 313
10521 314
10521 315
10521 316
10521 317
10864 98
10864 99
10864 100
10864 101
10864 102
10864 103
10864 104
10648 181
10648 182
10648 183
10648 184
10648 185
10648 186
10648 187
10648 188
10648 202
10660 183
10660 184
10660 185
10660 192
10929 281
10929 282
10929 283
10929 284
10929 285
10929 286
10389 22
10389 23
10389 24
10389 25
10389 26
10389 27
10389 28
10389 29
10389 30
10389 31
10791 35
10791 37
10791 38
10791 39
10791 40
10791 41
10791 42
10562 10
10562 11
10562 12
10562 13
10562 14
10562 15
10562 16
10994 203
10994 204
10994 205
10994 206
10994 207
10994 208
10994 209
10696 115
10696 116
10696 155
10696 156
10696 157
10696 189
10696 190
10888 222
10888 223
10888 224
10888 225
10888 226
10888 253
10888 254
10379 153
10379 154
10379 155
10379 156
10379 157
10379 158
10379 159
10830 54
10830 55
10830 56
10830 64
10634 155
10634 156
10634 157
10634 158
10634 159
10634 164
10685 58
10685 59
10685 60
10685 61
10685 62
10685 63
10501 104
10501 105
10501 106
10501 108
10501 120
10501 121
10501 122
10501 123
10501 124
10913 171
10913 172
10913 173
10913 175
10913 176
10913 177
10913 178
10913 179
10913 180
10580 70
10580 71
10580 72
10580 73
10580 74
10580 75
10580 76
10580 77
10675 20
10675 21
10675 22
10675 23
10675 24
10675 25
10675 26
10611 170
10611 171
10611 172
10611 175
10611 178
10756 145
10756 146
10756 147
10756 225
10756 226
10756 227
10771 261
10771 262
10771 263
10771 264
10771 265
10771 266
10771 267
10771 268
10830 108
10830 109
10830 110
10830 128
10830 129
10830 130
10830 131
10830 132
10874 192
10874 193
10874 194
10874 195
10874 196
10874 197
10874 198
10874 199
10874 242
10741 182
10741 183
10741 184
10741 185
10741 186
10741 192
10741 193
10724 177
10724 178
10724 197
10724 277
10724 278
10724 279
10724 280
10724 289
10705 4
10705 5
10705 6
10705 7
10705 16
10705 17
10705 18
10704 29
10704 30
10704 31
10704 32
10704 33
10704 34
10704 35
10704 36
10704 37
10688 110
10688 112
10688 113
10688 114
10688 115
10688 220
10688 221
10688 222
10688 223
10540 0
10540 1
10540 2
10540 3
10540 4
10540 5
10540 6
10574 60
10574 61
10574 62
10574 63
10574 64
10574 65
10574 66
10574 67
10577 0
10577 1
10577 2
10577 3
10577 4
10577 5
10577 6
10577 7
10577 8
10928 80
10928 81
10928 82
10928 83
10928 84
10928 85
10928 86
10937 9
10937 26
10937 27
10937 28
10937 29
10937 30
10937 64
10837 75
10837 76
10837 107
10837 129
10837 130
10837 131
10837 132
8751 66
8751 67
8751 68
8751 69
8751 70
8751 71
8751 72
8751 73
8751 74
10441 198
10441 199
10441 200
10441 201
10441 202
10441 203
10441 204
10441 205
10441 206
10441 207
10697 78
10697 79
10697 80
10697 81
10697 82
10697 83
10697 84
10821 43
10821 44
10821 53
10821 54
10821 63
10821 64
10821 74
10382 100
10382 101
10382 102
10382 103
10382 104
10382 105
10382 106
10382 107
10382 108
10627 38
10627 39
10627 40
10627 41
10627 42
10627 43
10627 44
10627 45
10660 298
10660 299
10660 300
10660 301
10660 302
10660 303
10660 304
10660 305
10660 306
10583 45
10583 46
10583 47
10583 48
10583 49
10696 326
10696 327
10696 328
10696 329
10696 330
10696 331
10696 332
10696 333
10949 0
10949 1
10949 2
10949 3
10949 4
10949 5
10949 6
10949 7
10949 8
10888 40
10888 214
10888 215
10888 216
10888 217
10888 218
10888 247
10888 248
10952 53
10952 54
10952 55
10952 59
10952 60
10952 61
10952 62
10952 63
10987 230
10987 231
10987 232
10987 233
10987 234
10987 235
10987 236
10923 211
10923 212
10923 213
10923 214
10923 215
10923 216
10923 217
10923 218
10727 148
10727 149
10727 150
10727 151
10727 152
10727 153
10727 154
10810 0
10810 1
10810 2
10810 3
10810 4
10810 5
10480 79
10480 80
10480 81
10480 82
10480 83
10480 84
10480 85
10480 86
10480 87
10502 203
10502 204
10502 205
10502 206
10502 207
10502 208
10502 209
10502 230
10502 231
10593 299
10593 300
10593 301
10593 302
10593 303
10593 304
10593 305
10593 306
10725 3
10725 4
10725 5
10725 6
10725 7
10725 8
10725 9
10747 10
10747 11
10747 12
10747 13
10747 14
10747 15
10747 16
10747 17
10747 18
10612 89
10612 90
10612 91
10612 92
10612 93
10612 94
10612 95
10612 96
10432 174
10432 175
10432 176
10432 177
10432 178
10432 179
10432 180
10432 181
10432 182
10517 9
10517 20
10517 21
10517 22
10517 23
10517 24
10517 25
10517 26
10804 85
10804 86
10804 87
10804 88
10804 89
10804 90
10475 180
10475 181
10475 182
10475 183
10475 184
10475 185
10475 186
10475 187
10990 30
10990 31
10990 32
10990 33
10990 34
10990 35
10990 36
10803 319
10504 95
10618 12
10540 76
10538 94
10800 133
10800 134
10800 135
10800 136
10800 137
10800 138
10800 139
10795 44
10644 33
11001 62
10645 252
10927 229
10927 230
10927 231
10927 232
10927 233
10927 234
10927 235
10927 236
10994 186
10644 35
8771 54
10786 85
10538 0
10747 30
10747 31
10747 32
10747 33
8771 148
10701 16
10701 17
10701 18
10771 202
10771 203
10771 204
10771 205
10771 206
10771 207
10771 208
10432 161
10432 162
10918 47
10918 48
10918 49
10688 83
8771 53
10710 17
10710 18
8747 88
10938 171
10938 175
10535 17
10748 76
10748 77
10873 38
10873 39
10725 272
10725 273
10725 274
10725 275
10725 276
10725 315
10725 316
10573 8
10573 9
10573 27
10573 28
10573 29
10969 54
10969 55
10969 56
10969 57
10983 6
10983 7
10766 25
10766 26
10766 27
10623 42
10623 43
10623 44
10533 40
10533 41
10533 42
10847 200
10847 221
10597 319
10597 323
10613 45
10613 46
10613 47
10613 48
10796 200
10796 201
10796 208
10796 255
10595 165
10595 176
10595 187
10737 29
10737 30
10737 31
10966 320
10966 321
10966 322
10966 323
10966 324
10966 326
10649 186
10649 187
10649 188
10649 189
10649 190
10649 191
10649 192
10649 193
8769 179
8769 180
8769 181
8769 182
8769 183
10969 2
10969 4
10969 7
10969 23
10969 25
10969 26
10635 149
10635 150
10635 151
10635 152
10635 153
10635 266
8769 252
8769 253
8769 254
8769 340
8769 341
8769 342
8769 343
8769 344
8769 345
10473 159
10473 160
10473 161
10473 162
10473 163
10569 141
10569 142
10569 143
10569 144
10569 145
10569 146
10569 147
10911 21
10911 23
10911 33
10660 204
10660 278
10969 147
10969 148
10888 249
10888 250
10888 251
10888 252
10833 117
10833 118
10833 119
10833 122
10893 20
10893 21
10893 22
10893 23
10893 24
10893 25
10893 26
10893 27
10629 0
10629 1
10629 2
10629 3
10629 4
10629 5
10629 8
10529 79
10529 81
10529 210
10529 217
10529 222
10529 223
10529 226
10529 227
10729 18
10729 19
10729 21
10729 22
10729 23
10567 110
10567 111
10567 112
10567 113
10567 114
10567 115
10567 116
10567 117
10567 118
10720 28
10720 29
10720 30
10720 31
10720 32
10563 257
10563 258
10563 259
10563 270
10563 271
10563 272
10563 273
10563 274
10741 146
10741 147
10741 148
10741 149
10741 150
10741 151
10741 152
10635 235
10635 236
10635 237
10635 238
10635 239
10635 240
10635 241
8770 220
8770 221
8770 222
8770 223
8770 224
8770 225
8770 226
8770 227
10473 151
10473 153
10473 156
10473 158
10473 203
10473 204
10473 205
10473 206
10545 110
10545 111
10545 112
10545 122
10545 123
10545 124
10545 125
10712 74
10712 75
10712 76
10712 77
10712 78
10712 79
10712 80
10712 81
10448 256
10448 257
10448 258
10448 259
10448 260
10448 321
10448 322
10448 325
10660 173
10660 174
10660 175
10660 176
10660 177
10660 178
10660 179
10660 180
10857 118
10857 119
10857 120
10857 121
10857 122
10857 123
10857 124
10861 160
10861 161
10861 162
10861 163
10861 164
10861 165
10861 166
10675 163
10675 164
10675 172
10675 173
10675 174
10675 184
10675 193
10675 194
10569 10
10569 11
10569 12
10569 13
10569 14
10569 15
10569 16
10569 17
10569 18
10569 19
10441 93
10441 94
10441 95
10441 96
10441 97
10441 98
10441 99
10700 244
10700 245
10700 246
10700 247
10700 248
10700 249
10700 250
10700 251
10534 110
10534 111
10534 113
10534 114
10534 115
10534 116
10534 117
10534 118
10504 194
10504 195
10504 196
10504 197
10504 198
10504 199
10803 0
10803 1
10803 2
10803 3
10803 4
10803 5
10803 6
10741 104
10741 105
10741 106
10741 107
10741 108
10741 109
10508 17
10508 18
10508 19
10508 20
10508 21
10508 22
10849 193
10849 194
10849 195
10849 196
10849 198
10849 199
10849 206
10849 207
10849 208
10849 209
10396 0
10396 1
10396 2
10396 3
10396 4
10396 5
10396 6
10396 7
10396 8
10396 9
10921 86
10921 88
10921 89
10921 90
10921 120
10921 121
10921 122
10921 123
10724 96
10724 98
10724 99
10724 100
10724 101
10724 102
10724 103
10890 13
10890 17
10890 18
10890 19
10890 20
10890 21
10890 22
10925 10
10925 11
10925 12
10925 13
10925 14
10925 15
10925 16
10625 157
10625 158
10625 159
10625 160
10625 161
10625 162
10625 163
10625 164
8750 339
8750 340
8750 341
8750 342
8750 343
8750 344
8750 345
8750 346
10489 10
10489 11
10489 12
10489 13
10489 14
10489 15
10489 16
10489 17
10489 18
10522 11
10522 12
10522 13
10522 14
10522 15
10522 16
10625 147
10625 148
10625 149
10625 150
10625 151
10625 152
10625 153
10725 295
10725 296
10725 299
10725 300
10725 301
10725 302
10725 303
10805 44
10805 45
10805 46
10805 47
10805 121
10805 122
10805 123
10805 124
10623 20
10483 54
10483 55
10483 56
10483 57
10483 58
10483 59
10483 60
10483 61
10445 68
10445 69
10445 70
10445 71
10445 72
10445 73
10445 74
10689 40
10689 41
10689 42
10689 43
10689 44
10689 63
10689 67
10689 70
10689 71
10689 72
10947 111
10947 114
10947 115
10947 116
10947 117
10947 118
10947 119
10947 120
10947 121
10755 287
10755 288
10755 289
10755 290
10755 291
10755 292
10755 293
10921 21
10921 22
10921 23
10921 24
10921 25
10921 26
10921 27
10847 234
10847 235
10847 236
10847 237
10847 238
10847 239
10847 240
10847 241
10437 11
10437 12
10437 20
10568 0
10568 1
10568 2
10568 3
10568 4
10568 5
10634 320
10634 321
10634 322
10634 323
10634 324
10634 325
10634 326
10634 327
10931 211
10931 212
10931 213
10931 214
10931 294
10931 295
10635 85
10635 86
10635 87
10635 88
10635 89
10635 90
10635 91
10635 92
10635 93
10649 40
10631 9
10631 10
10631 11
10631 12
10631 13
10631 14
10631 15
10631 16
10490 239
10490 240
10490 241
10490 249
10490 250
10490 251
10490 261
10490 269
10716 293
10716 294
10716 333
10716 334
10716 335
10716 336
10716 337
10716 338
10382 60
10382 61
10382 62
10382 63
10382 64
10382 65
10382 66
10654 140
10654 141
10654 142
10654 143
10654 144
10654 145
10654 146
10654 147
10654 148
10700 162
10700 163
10700 164
10700 165
10700 166
10700 167
10521 274
10521 309
10521 323
10696 268
10696 269
10696 270
10704 338
10704 339
10522 46
10522 47
10522 48
10522 49
10522 50
10522 51
10522 52
10522 53
10584 299
10584 300
10584 301
10584 302
10584 303
10584 304
10584 305
10612 0
10612 1
10627 8
10627 9
10952 26
10952 30
10952 31
10952 33
10952 34
10952 108
10952 154
10952 155
10873 13
10873 16
10482 31
10482 39
10482 40
10482 41
10482 53
10482 54
10482 55
10482 63
10434 104
10434 105
10434 106
10434 107
10434 108
10434 109
10434 110
10434 111
10434 112
10434 128
10800 33
10800 34
10800 40
10800 41
10800 42
10800 43
10800 44
10800 45
10656 59
10656 60
10656 61
10656 62
10656 63
10656 64
10656 65
10656 66
10874 74
10874 75
10874 137
10874 145
10874 146
10874 147
10874 165
10874 166
10966 20
10966 21
10966 22
10966 23
10966 25
10966 26
10966 27
10382 67
10382 68
10382 69
10839 10
10839 11
10839 12
10839 13
10839 14
10839 15
10705 120
10705 158
10705 159
10705 160
10705 161
10705 162
10680 98
10680 99
10680 100
10893 50
10893 51
10893 52
10893 53
10893 64
10893 65
10893 66
10597 210
10597 211
10597 212
10597 213
10597 214
10597 215
10597 216
10471 30
10471 31
8764 157
8764 158
8764 159
8764 170
8764 171
8764 172
8764 173
10490 222
10490 223
10490 224
10490 225
10490 226
10490 227
10490 228
10937 7
10937 8
10927 226
10927 227
10927 228
10927 237
10927 238
10927 239
10830 234
10830 235
10830 236
10830 237
10830 238
10830 239
10830 240
10830 241
10830 242
10830 243
10705 14
10705 15
10480 264
10480 265
10546 110
10546 111
10546 112
10546 113
10546 114
10546 115
10546 116
10546 117
10546 118
10725 264
10725 265
10725 266
10504 310
10504 311
10504 312
10504 313
10504 314
10504 315
10769 46
10769 47
10769 58
10769 59
10769 60
10696 163
10696 164
10953 18
10953 19
10953 20
10953 37
10873 102
10873 103
10873 105
10873 106
10873 107
10873 112
10873 113
10994 73
10994 108
10994 109
10994 111
10994 144
10994 145
10442 326
10442 327
10442 328
10442 329
10442 330
10442 331
10442 332
10442 333
10790 73
10790 77
10790 78
10790 110
10790 111
10790 112
10790 113
10790 114
10790 115
10790 116
10592 59
10592 60
10592 61
10592 62
10592 63
10592 64
10592 65
10592 66
10592 67
10592 68
10592 172
10592 173
10592 174
10592 175
10592 176
10592 177
10592 178
10592 179
10592 180
10471 179
10471 180
10471 181
10471 182
10471 202
10471 203
10471 204
10647 37
10647 38
10647 39
10647 177
10647 178
10647 179
10884 183
10884 184
10884 185
10884 186
10884 187
10884 188
10884 189
10725 310
10725 311
10725 312
10725 313
10725 314
10725 333
10725 334
10725 344
10669 123
10669 124
10669 125
10669 126
10669 127
10834 154
10834 155
10834 156
10834 157
10834 158
10834 159
10834 160
10834 161
10745 83
10745 87
10745 88
10745 89
10745 90
10745 91
10745 92
10745 93
10745 94
10745 95
10386 77
10386 78
10386 79
10386 80
10386 81
10386 82
10386 83
10386 84
10755 166
10755 167
10755 273
10755 274
10755 275
10923 90
10923 98
10923 99
10923 100
10923 109
10923 110
10625 97
10625 98
10625 99
10625 100
10625 101
10625 102
10307 135
10307 136
10307 137
10307 145
10307 146
10307 147
10565 30
10565 31
10565 33
10565 34
10565 35
10565 36
10565 37
10565 38
10534 40
10534 41
10534 42
10534 43
10534 44
10534 45
10534 46
10683 191
10683 192
10683 193
10683 194
10683 195
10683 196
10683 197
10683 198
10683 199
10584 86
10584 87
10584 88
10584 89
10584 90
10584 91
10584 92
10584 93
10886 156
10886 157
10886 158
10886 159
10886 160
10886 161
10886 162
10886 163
10886 164
10954 6
10954 7
10954 8
10954 9
10931 58
10931 59
10931 60
10931 61
10931 63
10931 115
10931 116
10931 142
10436 218
10436 219
10436 220
10436 221
10436 222
10436 223
10436 224
10436 225
10436 226
10565 40
10565 41
10565 42
10565 43
10565 44
10565 45
10565 46
10565 47
10565 48
8762 56
8762 57
8762 58
8762 59
8762 60
8762 61
8762 62
10631 27
10631 28
10631 38
10631 39
10631 40
10631 41
10631 42
10484 113
10484 114
10484 115
10484 116
10484 117
10484 118
10484 119
10484 120
10804 75
10804 76
10804 77
10804 78
10804 79
10804 80
10804 81
10920 64
10920 65
10920 66
10920 67
10920 68
10920 69
10920 70
10786 97
10786 98
10786 99
10786 100
10786 101
10786 102
10786 103
10734 0
10734 1
10734 2
10734 3
10734 4
10734 5
10734 6
10734 7
10786 31
10786 32
10786 64
10786 65
10786 66
10786 67
10786 68
8759 157
8759 158
8759 160
8759 161
8759 162
8759 163
8759 164
10929 164
10929 165
10929 166
10929 167
10929 168
10929 169
10929 269
10929 270
10929 280
10952 113
10952 114
10952 276
10952 287
10952 288
10952 289
10952 293
10952 294
10966 34
10966 35
10966 36
10966 37
10966 38
10966 39
10966 40
10966 41
10800 16
10800 17
10800 18
10800 28
10800 29
10800 30
10800 31
10683 276
10683 277
10683 278
10683 279
10683 280
10683 281
10683 282
10683 283
10688 47
10688 48
10688 56
10688 57
10688 58
10688 59
10688 60
10593 266
10593 267
10593 268
10593 269
10593 270
10593 271
10593 272
10593 273
10874 41
10874 49
10874 50
10874 51
10874 63
10874 64
10874 65
10874 66
10824 55
10824 56
10824 57
10824 58
10824 59
10824 60
10824 61
10824 63
10886 242
10886 243
10886 244
10886 245
10886 246
10886 247
10711 87
10711 88
10711 89
10711 100
10711 101
10711 102
10711 103
10711 104
10711 128
10990 81
10990 82
10990 83
10990 84
10990 85
10990 86
10990 87
10990 88
10522 35
10522 36
10522 37
10522 38
10522 39
10522 40
10522 41
10795 20
10624 245
10522 10
10522 24
10522 25
10522 26
10522 55
10716 168
10716 216
10716 217
10716 248
10716 272
10716 273
10716 283
10716 302
10716 351
10716 352
10748 30
10748 31
10748 32
10748 33
10748 34
10748 35
10748 36
10569 235
10569 236
10569 237
10569 240
10569 242
10569 243
10569 266
10569 267
10569 268
11048 5
11048 6
11048 7
11048 8
11048 9
11048 36
10874 268
10874 269
10874 270
10745 227
10745 228
10745 229
10745 230
10745 239
10745 240
10922 81
8771 305
10911 15
10911 36
10784 131
10784 132
10784 133
10784 134
10784 135
10784 136
10784 137
10502 285
10502 318
10502 319
10502 325
10690 122
10714 93
10714 94
10714 95
10714 96
10714 97
10714 98
10714 99
10693 339
10868 36
10921 254
10921 266
10921 267
10529 165
10794 0
10794 1
10383 8
10383 9
10864 18
10864 19
10864 116
10627 52
10627 53
10627 54
10849 278
10990 103
10990 104
10990 105
10890 139
10890 140
10890 141
10890 142
10890 151
10920 126
10920 127
10743 216
10743 217
10743 220
10743 221
10516 61
10516 62
10516 63
10516 72
10516 73
10516 78
10516 79
10577 23
10577 24
10593 106
10593 107
10593 108
10714 113
10714 114
10714 115
10714 116
10800 77
10800 97
10800 105
10800 123
10800 124
10800 125
10800 126
10800 127
10874 243
10874 249
10874 250
10874 251
8750 39
8750 40
10927 127
10927 128
10927 129
10927 156
10927 157
10927 158
10927 159
10927 167
10927 168
10927 169
10546 88
10546 89
10546 98
10546 108
10546 109
10546 119
10652 22
10830 29
10611 22
10611 23
10611 24
10834 37
8770 278
10890 105
10890 106
10592 101
10592 102
10592 103
10592 104
10592 105
10592 106
10592 107
10592 108
10380 10
10482 80
10482 81
10482 82
10482 83
10482 84
10482 85
10482 86
10382 40
10382 41
10382 42
10382 43
10382 44
10382 45
10382 46
10382 47
10382 48
8771 112
10612 146
10612 147
10612 148
10612 149
10800 240
10800 241
10800 242
10800 243
10800 244
10800 245
10800 246
10578 145
10578 146
10578 147
10578 148
10578 149
10578 150
10578 151
10578 152
10578 153
10473 347
10473 348
10473 349
10473 350
10473 351
10473 352
10473 353
10727 22
10727 23
10727 114
10727 115
10727 116
10888 298
10888 299
10624 33
10624 34
10624 35
10624 44
10624 45
10624 46
10624 47
10624 48
10624 49
10857 33
10857 34
10857 35
10449 49
10449 50
10449 51
10449 84
10449 85
10449 86
10449 87
10690 128
10690 129
10690 130
10690 131
10690 132
10690 203
10690 204
10690 205
10690 206
10645 279
10645 280
10645 281
10560 8
10560 9
10560 18
10560 19
10560 29
10560 30
10925 111
10925 112
10925 113
10925 114
10925 115
10925 116
10925 117
10434 119
10434 120
10434 121
10434 122
10952 19
10952 20
10952 21
10952 24
10952 25
10755 68
10755 69
10755 70
10755 71
10755 72
10755 73
10755 74
10755 75
10490 122
10490 123
10490 124
10490 125
10490 126
10490 127
10490 128
10490 129
10750 54
10750 62
10750 63
10750 64
10750 73
10750 74
10830 224
10830 225
10830 226
10830 227
10830 228
10830 229
10830 230
10830 231
10830 232
10830 233
10586 11
10586 12
10586 13
10586 14
10586 15
10586 16
10586 17
10586 18
10586 19
10769 20
10769 21
10769 22
10769 23
10769 24
10769 25
10769 26
8746 148
8746 149
8746 150
8746 151
8746 152
8746 153
8746 154
8746 155
8746 156
8746 157
10987 157
10987 158
10987 166
10987 167
10987 168
10987 184
10987 185
10551 212
10551 213
10551 214
10551 215
10551 216
10551 217
10551 218
10551 219
10551 220
10846 149
10846 172
10846 173
10929 0
10929 1
10929 2
10929 3
10929 5
10929 6
10929 7
10963 52
10963 55
10963 56
10963 57
10963 74
10963 75
10744 184
10744 185
10744 186
10744 187
10744 198
10744 199
10744 200
10744 201
10927 150
10927 151
10927 152
10927 153
10927 154
10927 155
10660 52
10660 53
10660 54
10660 55
10660 56
10660 57
10660 58
10660 59
10690 103
10690 104
10690 105
10690 106
10690 107
10690 108
10690 109
10574 50
10574 51
10574 52
10574 53
10574 54
10574 55
10574 56
10865 0
10865 1
10865 2
10865 3
10865 4
10865 5
10865 6
10865 7
10483 95
10483 97
10483 99
10483 102
10483 103
10483 109
10483 110
10483 111
10448 261
10448 262
10448 263
10448 264
10448 265
10448 266
10448 267
10448 268
10936 52
10936 53
10936 54
10936 55
10936 59
10936 60
10936 61
10936 62
10519 41
10519 60
10519 61
10756 238
10756 239
10756 240
10756 241
10756 242
10756 243
10931 306
10931 307
10931 308
10931 309
10931 310
10931 311
10931 312
10931 313
10931 314
10712 202
10712 203
10712 204
10712 205
10712 206
10712 207
10712 208
10712 209
10386 112
10386 113
10386 114
10386 115
10386 116
10719 43
10719 44
10719 45
10719 46
10719 47
10719 48
10719 49
10719 50
10545 7
10545 8
10545 9
10545 11
10988 7
10988 8
10988 9
10988 39
10778 20
10778 21
10778 22
10778 23
10778 24
10778 25
10778 26
10778 27
10778 28
10778 29
10974 12
10974 13
10974 14
10974 15
10974 16
10974 17
10857 161
10857 163
10857 184
10857 185
10857 188
10857 189
10432 238
10432 239
10432 240
10432 241
10432 242
10432 243
10432 244
10938 39
10938 40
10938 41
10938 42
10938 43
10938 84
10938 123
8762 84
8762 86
8762 87
8762 144
8762 145
8762 146
8762 147
8762 149
8762 150
10830 244
10830 245
10830 246
10830 247
10830 248
10830 249
10830 250
10747 21
10747 22
10747 23
10747 24
10747 25
10747 26
10493 9
10493 28
10493 29
10493 58
10493 73
10567 90
10567 91
10567 92
10567 93
10567 94
10567 95
10567 96
10847 173
10847 174
10847 175
10847 176
10847 177
10847 178
10847 179
10847 180
10521 206
10521 207
10521 208
10521 209
10521 210
10521 211
10521 212
10530 228
10530 230
10530 231
10530 232
10530 233
10530 234
10530 235
10530 236
10432 256
10432 258
10432 259
10432 260
10432 261
10432 262
10432 263
10432 265
10432 266
10493 0
10493 1
10493 2
10493 3
10493 4
10493 5
10493 6
10493 7
10493 8
10990 10
10990 11
10990 12
10990 13
10990 14
10990 15
10990 16
10990 17
11001 13
11001 14
11001 15
11001 16
11001 17
11001 18
11001 19
10969 97
10969 98
10969 106
10969 107
10969 108
10931 128
10931 129
10931 130
10931 131
10931 132
10931 133
10931 145
10931 146
10931 147
10520 112
10520 113
10520 114
10520 115
10520 116
10520 117
10520 118
10520 119
10987 75
10987 76
10987 77
10987 78
10987 79
10987 80
10987 81
10386 20
10386 21
10386 24
10386 25
10386 26
10386 27
10386 28
10745 279
10745 283
10745 284
10745 285
10520 212
10520 213
10520 217
10520 219
10520 220
10520 221
10520 222
10520 223
10952 168
10952 169
10952 170
10952 171
10952 172
10952 173
10952 174
10952 175
10567 79
10567 88
10567 89
10567 97
10567 98
10567 99
10442 338
10442 340
10442 341
10442 342
10442 343
10442 344
10442 345
10972 59
10972 60
10972 61
10972 62
10972 63
10972 72
10972 75
10972 76
10657 128
10657 129
10657 130
10705 223
10705 224
10705 225
10705 226
10705 227
10705 228
10705 229
10705 256
10595 20
10595 21
10595 22
10595 23
10595 24
10595 25
10595 26
10595 32
10595 33
10480 312
10480 313
10480 314
10480 315
10480 316
10480 317
10480 318
10480 348
10480 358
10569 191
10569 192
10569 193
10569 194
10569 195
10569 196
10569 197
10569 198
10563 100
10563 101
10563 102
10563 103
10563 104
10563 105
10563 106
10563 107
10563 108
10918 40
10918 41
10918 42
10918 43
10918 44
10918 45
10918 46
10489 70
10489 71
10489 72
10489 73
10489 74
10489 75
10489 76
10489 77
10803 115
10803 116
10803 117
10803 118
10803 119
10803 120
10803 121
10803 122
10803 123
10803 124
10478 65
10478 66
10478 84
10478 85
10478 86
10478 114
10478 115
10478 116
10696 310
10696 311
10696 312
10696 313
10696 314
10696 315
10696 316
8771 134
8771 135
8771 136
8771 137
8771 139
8771 141
8771 142
10921 278
10921 279
10921 280
10921 281
10921 282
10665 75
10665 76
10665 77
10665 78
10665 79
10665 80
10665 81
10665 82
10857 164
10857 165
10857 166
10857 167
10857 171
10857 177
10857 178
10857 179
10845 108
10845 121
10845 122
10845 123
10845 141
10845 142
10845 143
10845 144
10487 19
10487 50
10487 51
10487 52
10487 53
10634 283
10634 284
10634 296
10634 297
10634 298
10634 299
10634 300
10634 301
10634 302
10790 26
10790 27
10790 28
10790 29
10790 127
10790 136
10790 137
10790 138
10647 256
10647 257
10647 258
10647 259
10647 260
10647 261
10448 192
10448 193
10448 194
10448 195
10448 196
10448 197
10448 198
10448 199
10448 200
10747 73
10747 74
10747 75
10747 76
10747 77
10747 78
10747 79
10747 80
10597 171
10597 174
10597 175
10597 176
10439 186
10439 187
10439 188
10439 189
10439 190
10439 191
10558 126
10558 127
10558 128
10558 129
10558 131
10558 132
10573 30
10573 31
10573 32
10573 33
10573 34
10573 35
10573 36
10573 37
10504 2
10504 3
10504 5
10504 9
10504 90
10504 91
10504 132
10660 138
10660 139
10660 140
10660 141
10660 142
10660 143
10660 144
10660 145
10660 146
10741 111
10741 112
10741 113
10741 119
10741 120
10741 121
10741 122
10665 137
10665 138
10665 139
10665 140
10665 141
10665 142
10665 143
10665 144
10597 224
10597 225
10597 226
10597 227
10597 228
10597 229
10597 240
10597 241
10597 242
10448 135
10448 136
10448 169
10448 170
10448 171
10448 172
10448 173
10448 174
10672 28
10672 29
10672 30
10672 31
10698 18
10698 19
10698 28
10698 29
10698 37
10698 38
10698 39
10698 45
10698 47
10540 74
10848 207
8745 71
8747 30
10700 258
10772 162
10813 82
10666 222
10666 223
10925 210
10925 211
10925 212
10925 213
10925 214
10925 215
10925 216
10925 217
10868 38
10840 9
10646 8
10846 251
10846 254
10846 259
10672 105
10672 106
10672 107
10672 108
10672 109
10672 110
10672 111
10672 112
10672 113
10704 71
10704 80
10704 81
10704 82
10704 124
10704 125
10530 165
10530 166
10530 178
10530 181
10530 184
10530 186
10530 189
10530 192
10602 52
10602 53
10602 54
10602 55
10602 64
10602 65
10602 66
10602 67
10965 0
10965 1
10965 2
10690 301
10794 30
10794 31
10693 256
10693 257
10693 258
10693 259
10693 260
10693 261
10693 262
10923 15
10848 116
10432 206
10432 207
10683 216
10683 217
10683 224
10683 225
10765 94
10530 299
10530 300
10486 19
10448 255
10821 18
10821 19
10834 110
10834 111
10667 100
10772 328
10772 329
10784 49
10784 50
10784 51
10784 52
10784 53
10535 0
10535 1
10535 2
10705 251
10705 252
10705 257
10705 258
10512 20
10512 21
10512 22
10519 10
10519 11
10921 308
10921 311
10597 20
10597 21
10597 22
10597 23
10597 24
10796 304
10796 305
10436 108
10436 109
10436 110
10952 210
10952 211
10952 212
10952 213
10546 15
10546 16
10546 17
10546 18
10546 19
10546 20
10546 21
10683 38
10683 39
10683 40
10683 41
10683 42
10683 43
10683 44
10683 45
8756 8
8756 9
8756 10
8756 11
8756 12
8756 13
8756 14
10790 87
10790 88
10790 89
10790 104
10790 105
10790 106
10790 107
10446 37
10446 38
10446 39
10446 40
10446 41
10446 42
10520 232
10520 233
10520 234
10520 235
10520 236
10520 237
10520 238
10480 349
10480 350
10480 351
10493 92
10493 93
10493 94
10493 115
10493 116
10493 125
10493 126
10493 127
10834 282
10834 284
10834 293
10834 294
10834 314
10834 315
10681 21
10681 22
10681 23
10681 24
10681 25
10681 26
10681 27
10681 28
10480 168
10480 169
10480 173
10480 174
10480 175
10480 176
10480 177
10795 36
10795 37
10795 38
10795 39
10795 40
10725 48
10725 49
10725 50
10725 51
10725 52
10725 53
10725 54
10725 55
10590 40
10590 41
10590 42
10590 43
10590 44
10590 45
10530 72
10530 86
10530 89
10530 91
10530 98
10530 104
10530 116
10565 0
10565 1
10565 2
10565 3
10565 4
10565 5
10565 6
10565 7
10565 8
10439 86
10439 87
10439 88
10439 89
10439 90
10439 91
10439 92
10849 284
10625 348
10719 138
10719 139
10719 140
10719 141
10719 142
10719 143
10755 277
10755 278
10755 279
10755 280
10755 281
10755 282
10755 283
10732 76
10732 77
10732 78
10732 79
10732 80
10732 81
10732 82
10732 83
10845 177
10845 178
10845 179
10845 180
10845 181
10845 182
10845 183
10929 243
10668 185
10668 186
10668 187
10668 188
10668 189
10668 190
10551 30
10551 31
10551 38
10551 39
10551 40
10551 41
10551 50
10781 222
10781 223
10781 224
10781 245
10781 246
10781 247
10781 248
8759 80
8759 81
8759 82
8759 83
8759 84
8759 85
8759 86
8748 96
8748 97
8748 98
8748 99
8748 100
8748 101
8748 102
8748 103
8748 138
8748 139
10771 271
10771 272
10771 273
10771 274
10771 275
10771 276
10771 277
10771 278
10933 10
11046 156
11046 157
11046 158
11046 159
10800 208
10800 209
10800 250
10800 251
10800 252
10800 253
10800 254
10800 255
10529 203
10529 204
10529 205
10529 206
10529 207
10529 208
10529 209
10741 251
8770 36
8770 37
8770 38
8770 39
8770 40
8770 41
8770 42
8770 43
10840 94
10840 95
10449 5
10449 32
10449 33
10533 212
10533 213
10533 221
10533 222
10533 223
10533 227
10848 62
10848 63
10591 339
10737 219
10737 220
10737 221
10737 222
10737 223
10737 224
10737 225
8764 160
8764 161
8764 162
8764 163
8764 164
8764 165
8764 166
10521 263
10521 264
10521 265
10521 266
10521 267
10521 268
10521 269
10521 271
10772 10
10772 11
10772 12
10772 13
10772 14
10772 15
10623 12
10646 144
10646 145
10646 146
10646 147
10646 149
10646 170
10646 171
10646 178
10984 20
10984 21
10984 22
8762 210
8762 211
8762 212
8762 213
8762 224
8762 225
8762 226
10575 7
10575 8
10575 9
10575 16
10575 17
10575 18
10634 256
10634 257
10634 258
10634 259
10634 260
10634 261
10634 262
10634 263
10634 264
10580 0
10580 1
10580 2
10580 3
10580 4
10580 5
10580 6
10580 7
10580 8
10961 0
10961 1
10961 2
10690 272
10690 273
10690 274
10690 275
10690 276
10690 278
10690 341
10690 342
10473 300
10473 301
10473 302
10473 322
10473 323
10473 324
10672 64
10672 65
10672 66
10672 67
10672 68
10672 69
10672 70
10846 188
10846 286
10846 287
10846 288
10436 311
10436 312
10436 313
10436 314
10436 315
10436 316
10436 317
10436 318
10673 20
10673 21
10673 22
10673 23
10673 24
10673 25
10673 26
10673 27
10673 28
10592 17
10592 27
10592 35
10592 36
10592 37
10592 47
10592 56
10592 57
10667 60
10667 63
10601 29
10601 30
10601 31
10601 34
10601 35
10795 120
10795 121
10795 122
10795 123
10551 100
10551 248
10551 249
10551 250
10551 251
10551 252
10437 27
10437 28
10437 29
10437 30
10437 31
10437 32
10437 33
10442 308
10442 309
10442 310
10442 311
10649 49
10809 0
10809 1
10809 2
10809 3
10809 4
10809 5
10809 6
10809 7
10809 8
10567 162
10567 163
10567 164
10567 165
10567 166
10567 167
10567 168
10567 169
10567 170
10625 128
10625 129
10625 130
10625 131
10625 132
10625 133
10625 134
10625 135
10848 100
10848 102
10848 103
10848 104
10504 180
10504 181
10504 182
10504 183
10504 184
10504 185
10504 186
10504 187
10956 38
10956 39
10956 40
10956 41
10956 42
10956 43
10436 279
10436 280
10436 281
10436 282
10436 283
10436 284
10931 24
10931 25
10931 26
10931 27
10931 28
10931 29
10931 30
10931 85
10931 86
10931 87
10473 152
10473 154
10473 155
10473 157
10592 230
10592 243
10592 244
10592 245
10592 246
10592 247
10592 248
10939 16
10939 17
10939 18
10939 19
10762 0
10762 1
10762 2
10762 3
10762 4
10762 5
10762 7
10762 28
10762 29
10442 300
10442 301
10442 322
10442 323
10442 324
10864 107
10864 111
10864 112
10864 113
10693 273
10693 281
10693 327
10693 328
10693 329
10547 71
10547 72
10547 73
10547 74
10547 75
10547 76
10618 36
10618 37
10618 38
10618 39
10618 40
10618 41
10618 42
10618 43
10540 7
10540 8
10540 9
8769 80
8769 81
8769 82
8769 83
8769 142
8769 143
8769 144
8769 145
10521 202
10521 204
10521 205
10521 213
10521 214
10521 215
10521 262
10708 30
10708 31
10708 32
10708 33
10710 32
10710 33
10710 99
10710 100
10710 101
10710 102
10920 48
10920 49
10920 71
10920 72
10920 73
10920 157
10920 158
10963 58
10963 59
10963 60
10963 61
10963 62
10963 63
10683 234
10683 235
10683 236
10683 346
10683 347
10683 348
10683 349
10693 192
10693 193
10693 194
10693 195
10693 196
10693 197
10693 198
10693 199
10670 16
10670 17
10670 18
10670 19
10670 20
10670 21
10670 22
10670 23
10670 24
8769 228
8769 229
8769 230
8769 231
8769 256
8769 257
8769 258
8769 360
8769 361
10533 113
10533 114
10533 115
10533 116
10533 117
10660 39
10660 40
10610 85
10610 125
10610 126
10610 151
10610 152
10492 0
10492 1
10492 2
10492 3
10492 4
10492 5
10492 6
10492 7
10492 8
10492 9
10928 118
10618 44
10618 45
10618 56
10618 57
10618 58
10618 59
10618 60
10618 63
10849 289
10929 131
10929 135
10929 139
10929 150
10929 151
10929 152
10929 153
10929 154
10976 17
10519 0
10519 1
10519 2
10519 3
10519 4
10519 5
10519 6
10519 7
10688 166
10688 167
10688 184
10688 185
10688 186
10569 140
10569 148
10569 149
10569 150
10569 160
10569 169
10569 170
10569 179
10966 43
10966 104
10966 105
10966 113
10966 114
10966 115
10966 120
10784 109
10784 110
10784 111
10784 112
10784 113
10784 114
10784 140
10784 149
10441 319
10441 330
10441 331
10441 332
10441 333
10441 334
10441 335
10441 336
10441 337
10747 237
10747 238
10974 93
10974 94
10974 95
10974 96
10974 97
10473 92
10473 93
10574 222
10574 223
10574 255
10574 285
10574 293
10574 294
10574 295
10574 334
10655 0
10655 1
10655 2
10655 3
10655 4
10655 5
10746 37
10746 38
10447 0
10447 1
10447 2
10447 3
10447 4
10447 5
10796 141
10796 142
10796 184
10796 185
10796 186
10796 187
10796 188
10796 189
10796 190
10796 191
10442 211
10442 212
10442 213
10442 214
10442 215
10442 216
10442 217
10442 218
8764 167
8764 168
8764 169
10989 7
10989 8
10989 9
10989 10
10989 11
10989 34
10989 35
10989 36
10766 32
10706 48
10706 49
10706 50
10706 51
10706 104
10706 105
10803 84
10803 85
10803 86
10803 87
10803 89
10803 90
10847 143
10847 144
10847 145
10847 146
10847 147
10847 148
10847 149
10847 150
10745 211
10745 212
10504 42
10504 43
10504 44
10504 45
10504 46
10504 47
10504 48
10504 49
10504 80
10597 6
11045 122
11045 153
11045 188
11045 189
11045 190
10504 210
10504 211
10504 212
10504 213
10504 214
10504 215
10504 216
10504 217
10771 26
10771 28
10771 29
10771 30
10771 31
10771 32
10771 33
10771 34
10771 35
10990 56
10990 89
10990 90
10678 23
10890 60
10890 61
10890 63
10890 65
10890 66
10890 67
10890 68
10502 202
10502 232
10502 255
10994 149
10994 153
10772 221
10772 222
10772 231
10772 232
8754 0
8754 1
8754 2
8754 3
8754 4
8754 5
8754 6
8754 7
8754 8
10581 92
10581 93
10581 94
10581 95
10581 99
10581 110
10581 111
10963 34
10963 51
10963 53
10963 54
10445 192
10445 193
10445 194
10445 195
10445 196
10445 197
10445 198
10445 199
10445 200
8750 112
8750 117
8750 119
8750 120
8750 121
8750 123
8750 124
8750 129
10911 10
10911 11
10911 13
10911 16
10911 18
10911 22
10911 35
10911 37
10741 0
10741 2
10741 3
10741 4
10741 5
10741 6
10741 7
10741 9
10563 30
10563 31
10563 32
10563 33
10563 34
10563 35
10563 36
8764 87
8764 88
8764 89
8764 90
8764 91
8764 92
8764 93
8764 94
8764 95
10857 125
10857 126
10857 127
10857 147
10857 148
10573 17
10573 18
10573 19
10501 276
10501 277
10501 278
10501 279
10501 280
10501 281
10501 282
8759 38
8759 101
8759 102
8759 103
8759 104
8759 105
8759 106
8759 107
8759 108
10884 201
10884 202
10884 203
10884 204
10884 205
10884 206
10884 207
10884 208
10884 209
10836 81
10836 82
10836 83
10836 85
10836 87
10836 88
10800 52
10800 54
10800 55
10800 56
10737 169
10737 253
10737 254
10737 255
10737 311
10584 320
10584 321
10584 322
10584 323
10584 324
10584 325
10584 326
10584 327
10694 27
10694 36
10694 37
10694 46
10694 47
10694 54
10625 111
10625 118
10625 213
10625 214
10437 256
10437 257
10437 258
10437 260
10437 261
10437 262
10437 263
11046 9
11046 10
11046 11
11046 12
11046 13
10708 78
10708 79
10708 80
10708 81
10708 82
10708 83
10610 141
10610 142
10610 143
10610 144
10610 145
10928 87
10928 114
10928 115
10928 117
10928 179
10928 190
10687 38
10687 39
10687 40
10687 41
10687 42
10687 43
10687 148
10781 123
10781 124
10781 125
10781 126
10781 127
10781 128
10781 129
10781 130
10781 131
10593 67
10593 68
10593 69
10593 70
10593 71
10593 72
10593 73
10593 74
10439 96
10439 97
10439 98
10439 99
10439 100
10439 101
10439 102
10439 103
10475 87
10475 90
10475 91
10475 92
10475 93
10475 94
10475 293
10475 294
10771 234
10719 203
10719 204
10719 213
10719 214
10719 222
10719 223
10491 89
10491 129
10491 135
10491 136
10491 139
10491 142
10491 146
10491 150
10491 159
10491 160
8762 284
8762 285
10810 82
10810 83
10810 85
10810 86
10810 87
10810 88
10810 89
10874 10
10874 13
10874 14
10874 15
10874 16
10874 17
10874 18
10874 19
10570 25
10721 119
10624 212
10624 225
10624 226
10624 227
10624 228
10624 229
10624 230
10624 231
10763 20
10763 21
10763 22
10763 23
10763 24
10763 25
10763 26
10763 27
10921 136
10921 219
10921 220
10921 221
10921 222
10921 223
10921 244
10657 131
10657 132
10657 133
10657 134
10657 135
10657 136
10657 137
8746 193
8746 194
8746 195
8746 196
8746 197
8746 198
8746 199
8746 200
8746 201
8746 202
10508 95
10645 271
10645 272
10645 273
10645 274
10645 275
10645 276
10645 277
10645 278
10733 72
10733 73
10733 74
10733 75
10733 76
10733 77
10733 78
10733 79
10558 116
10558 117
10558 118
10558 119
10558 120
10558 122
10592 214
10592 215
10592 216
10592 217
10592 224
10592 225
10592 226
10592 227
10807 114
10861 56
10436 156
10436 157
10436 160
10436 161
10436 162
10436 163
10436 168
10436 169
10436 170
10436 171
10828 58
10828 59
10828 60
10828 61
10828 62
10828 63
10828 74
10828 75
10828 76
10733 90
10733 91
10892 0
10892 1
10892 2
10892 3
10892 4
10892 5
10892 6
10791 15
10791 16
10791 17
10791 18
10791 19
10791 20
10791 21
10874 97
10874 98
10874 99
10874 100
10874 101
10874 102
10874 103
10874 104
10693 105
10693 106
10693 125
10693 126
10693 127
10646 5
10646 6
10646 11
10646 12
10646 13
10646 14
10646 15
10646 16
10886 219
10886 220
10886 228
10886 229
10886 230
10886 232
8769 335
8769 336
8769 337
8769 338
10755 119
10755 120
10755 121
10755 122
10755 123
10755 124
10755 125
10719 20
10719 21
10719 22
10433 70
10537 10
10537 11
10537 12
10537 13
10537 14
10537 15
10537 16
10597 127
10597 136
10597 137
10597 138
10795 169
10795 173
10685 112
10685 113
10616 3
10616 4
10616 5
10656 98
10656 107
10656 108
10656 115
10656 116
10675 133
10675 134
10675 142
10675 143
10675 144
10675 152
10675 153
10675 154
10675 161
10618 29
11048 16
11048 17
11048 18
11048 19
11048 114
11048 115
10675 103
10675 104
10675 105
10675 113
10675 114
10675 115
10580 177
10580 178
10580 179
10580 180
10580 181
10580 182
10580 183
10580 184
10580 185
10850 201
10850 202
10850 203
10850 204
10850 205
10850 206
10850 208
10850 222
10521 28
10521 36
10521 38
10521 39
10521 40
10521 41
10689 28
10689 29
10689 30
10689 64
10689 65
10689 66
10680 206
10680 207
10680 208
10680 209
10680 210
10680 211
10680 212
10936 70
10936 71
10936 72
10592 299
10592 300
10592 301
10592 302
10592 303
10592 304
10592 305
10592 306
10737 115
10737 180
10737 181
10737 182
10737 183
10737 210
10737 211
10560 20
10560 21
10560 22
10560 23
10560 24
10560 25
10560 26
10560 27
10560 28
10668 235
10668 236
10668 237
10668 238
10668 239
10668 240
10668 241
10668 242
8762 114
8762 115
8762 125
8762 126
8762 127
8762 286
8762 287
10696 13
10696 14
10696 15
10696 16
10696 17
10696 18
10696 19
10696 20
10696 21
10696 22
10490 64
10490 65
10490 66
10490 67
10490 68
10490 69
10490 70
10490 71
10490 72
10697 67
10697 69
10697 70
10697 71
10697 72
10697 73
10697 74
10697 75
10648 333
10648 334
10648 335
10648 336
10648 337
10648 338
10654 137
10654 138
10654 139
10654 149
10654 150
10654 151
10654 152
10654 153
10994 64
10994 65
10994 66
10994 67
10994 68
10994 69
10994 70
10994 71
10994 72
10473 264
10473 265
10473 272
10473 273
10473 297
10473 298
10747 120
10747 121
10747 153
10747 193
10747 194
10747 195
10747 196
10747 197
10922 21
10922 36
10922 66
10922 113
10922 140
10922 141
10922 142
10922 150
10606 22
10606 23
10606 31
10606 32
10991 0
10991 1
10991 2
10991 3
10991 4
10991 5
10991 6
10741 128
10741 129
10741 130
10741 131
10741 132
10741 133
10741 134
10478 164
10478 167
10478 171
10478 172
10478 173
10478 174
10478 175
10478 176
10478 177
10478 178
10580 213
10580 214
10580 215
10580 216
10538 211
10538 212
10538 213
10538 214
10538 215
10538 216
10538 217
10538 218
10540 113
10540 114
10540 115
10540 116
10540 117
10540 172
10540 173
10540 174
10952 144
10952 145
10952 146
10952 147
10952 148
10952 149
10952 150
10952 151
10795 7
10795 8
10795 9
10795 68
10795 69
10795 70
10490 300
10490 301
10490 302
10490 303
10490 304
10490 305
10490 306
10551 210
10551 235
10551 236
10551 244
10551 245
10551 246
10551 253
10551 255
10923 191
10923 192
10923 193
10923 194
10923 195
10923 196
10646 181
10646 182
10646 183
10646 184
10646 185
10646 186
10646 187
10646 188
10490 112
10490 113
10490 114
10490 115
10490 116
10490 117
10490 118
10634 224
10634 225
10634 226
10634 227
10634 228
10634 229
10634 230
10634 231
8748 84
8748 85
8748 86
8748 87
8748 88
8748 89
8748 90
8748 91
8748 92
10666 140
10666 181
10666 182
10666 183
10666 184
10666 185
10666 186
10521 242
10521 243
10521 244
10521 245
10521 246
10521 247
10521 248
10561 109
10561 110
10561 111
10561 112
10561 113
10561 114
10561 115
10561 116
10561 117
10561 118
10481 52
10481 53
10481 54
10481 55
10481 56
10481 57
10481 58
10481 59
10481 60
10693 97
10693 98
10693 99
10693 100
10693 101
10693 102
10693 103
10693 104
10755 36
10755 37
10755 38
10755 39
10755 40
10755 41
10755 42
10755 43
10654 130
10654 131
10654 132
10654 133
10654 134
10654 135
10654 136
10558 114
10558 115
10558 123
10558 124
10558 125
10558 133
10558 134
10558 135
10712 266
10712 267
10712 268
10712 269
10712 270
10712 271
10712 272
10798 117
10798 118
10798 119
10798 120
10798 121
10798 122
10798 123
10545 126
10545 138
10545 139
10545 150
10545 151
10545 152
10545 153
10545 154
10804 102
10804 103
10804 104
10804 105
10804 106
10804 107
10804 108
10804 157
10804 196
10473 51
10473 52
10473 53
10473 54
10473 55
10473 56
10473 57
10473 58
10473 59
10473 60
10648 25
10648 71
10648 72
10648 73
10648 74
10648 75
10648 76
10685 10
10685 21
10685 22
10685 24
10685 25
10790 146
10790 147
10790 148
10790 149
10790 150
10790 151
10790 152
8754 33
8754 34
8754 35
8754 36
8754 37
8754 38
8754 39
8754 40
8754 41
10922 10
10922 11
10922 12
10922 13
10922 14
10922 15
10922 16
10922 17
10725 225
10725 226
10725 227
10725 228
10725 229
10725 230
10725 231
10725 232
10929 94
10929 288
10929 289
10929 290
10929 299
10622 75
10622 76
10622 77
10622 78
10622 79
10622 80
10622 81
10622 82
10445 38
10445 39
10445 40
10445 41
10445 42
10445 43
10445 44
11046 143
11046 144
11046 145
11046 160
11046 161
11046 24
11046 25
11046 26
11046 27
11046 28
10970 31
10724 128
10724 129
10724 130
10724 131
10724 132
10724 133
10724 134
10490 190
10490 191
10490 200
10490 201
10490 210
10490 211
10490 221
10501 95
10501 119
10927 7
10545 88
10745 164
10708 15
10824 13
10824 14
10646 69
10888 171
10923 17
10885 9
10834 50
10502 335
10795 183
10593 15
10593 350
10923 2
10966 223
10966 224
10668 174
10668 229
10668 230
10766 37
10678 50
10678 51
10678 52
10690 320
10690 321
10719 184
10719 185
10719 186
10719 201
10719 202
10383 21
10383 22
10383 23
10383 24
10969 33
10969 34
10969 35
10969 36
10969 37
10892 137
10574 190
10574 191
10574 192
10574 248
10574 249
10649 176
10649 177
10649 178
10649 179
10649 180
10649 181
10649 182
10649 183
10649 184
10649 185
10672 121
10672 122
10672 123
10441 61
10441 62
10441 63
10660 136
10660 137
10660 148
10750 10
10750 11
10750 12
10750 13
10750 14
10689 15
10689 16
10689 17
10689 55
10689 58
10974 20
10974 21
10974 23
10974 26
10888 237
10888 238
10888 239
10888 240
10888 241
10888 242
10888 243
10953 55
10953 56
10953 57
10953 58
10849 45
10849 46
10849 47
10849 48
10849 49
10434 139
10434 140
10434 141
10434 142
10434 143
10434 144
10434 145
10635 233
10635 234
10635 243
10635 244
10635 250
10635 251
10432 228
10432 234
10432 237
10733 0
10733 1
10733 2
10733 3
10733 5
10733 6
10517 168
10517 169
10824 96
10824 97
8751 130
8751 131
8751 132
8751 133
8751 134
8751 135
8751 136
8751 138
8751 139
10580 51
10580 52
10580 53
10580 54
10580 55
10580 56
10580 57
10580 58
10580 59
10845 0
10845 1
10845 3
10845 4
10845 5
10845 6
10845 7
10821 30
10821 31
10821 32
10821 33
10821 34
10565 20
10565 21
10565 22
10565 23
10565 24
10565 25
10565 26
10743 197
10743 198
10743 199
10743 200
10743 208
10743 209
10743 210
10870 6
10870 7
10870 8
10870 9
10870 10
10870 11
10870 12
10645 64
10645 65
10645 66
10645 67
10645 68
10645 69
10645 70
10645 71
10645 72
8764 288
8764 289
8764 290
8764 291
8764 292
8764 293
8764 294
8764 295
8764 296
10719 157
10719 158
10719 159
10719 160
10719 161
10719 162
10795 103
10795 113
10795 114
10795 115
10601 81
10601 82
10601 83
10601 84
10601 85
10601 86
10601 87
10888 235
10888 236
10888 286
10888 288
10888 289
10888 303
10625 16
10625 17
10625 18
10625 19
10625 20
10625 21
10625 22
10625 23
10988 147
10988 148
10988 157
10988 158
10988 186
10988 251
10988 253
10988 254
10774 0
10774 1
10774 2
10774 3
10774 4
10774 5
10774 6
10774 7
10529 49
10529 88
10529 225
10529 230
10529 243
10529 245
10529 255
10529 265
10597 83
10597 84
10597 85
10597 114
10597 115
10597 116
10597 123
10597 124
10688 271
10688 273
10688 274
10688 275
10546 45
10546 46
10546 47
10546 48
10546 49
10546 50
10546 51
10546 52
10849 175
10849 190
10849 191
10849 192
10849 225
10849 226
10849 227
10849 243
10705 206
10705 207
10705 208
10705 209
10705 210
10705 211
10705 213
10484 19
10484 27
10484 28
10484 29
10484 37
10484 38
10484 39
10484 100
10727 82
10727 83
10727 91
10727 92
10727 93
10727 130
10727 131
10442 65
10442 66
10442 67
10442 68
10442 69
10442 70
10442 71
10442 72
10442 73
10442 74
10969 149
10969 150
10969 151
10969 152
10969 153
10969 154
10969 155
10969 156
10969 157
10969 158
11046 79
11046 80
11046 81
11046 82
11046 83
10660 42
10660 43
10660 44
10660 45
10660 46
10660 47
10660 48
10724 258
10724 262
10724 273
10724 274
10724 275
10724 276
10929 69
10929 187
10929 200
10929 209
10929 232
10929 238
10624 26
10624 27
10624 28
10624 29
10624 30
10624 31
10624 32
10613 85
10613 86
10613 87
10613 88
10613 89
10613 90
10613 96
10613 97
10613 98
10665 63
10665 64
10665 65
10665 66
10665 67
10665 68
10665 69
10665 70
10538 111
10538 112
10538 113
10538 114
10538 117
10538 118
10538 119
10538 179
10538 180
10538 210
10654 69
10654 80
10654 81
10654 89
10654 90
10654 91
10654 98
10654 99
10680 64
10680 65
10680 66
10680 67
10680 68
10680 69
10680 70
10680 71
10680 72
10551 0
10551 1
10551 2
10551 3
10551 4
10551 5
10551 6
10704 277
10704 278
10704 279
10704 280
10704 281
10704 282
10704 283
10810 72
10810 73
10810 74
10810 75
10810 76
10608 115
10608 116
10608 117
10608 118
10608 119
10608 120
10608 148
10608 149
10646 100
10646 101
10646 103
10646 104
10646 105
10646 148
10781 157
10781 158
10781 159
10781 160
10781 161
10781 162
10781 163
10445 58
10445 59
10445 60
10445 61
10445 62
10445 63
10445 64
10445 65
10700 153
10700 154
10700 155
10700 156
10700 185
10700 186
10790 60
10790 61
10790 62
10790 63
10790 64
10790 65
10790 66
10790 67
10766 41
10766 42
10766 88
10766 99
10766 100
10766 101
10766 102
10998 0
10998 1
10998 2
10998 3
10998 4
10998 5
10998 6
10998 7
10998 8
10687 55
10687 56
10687 74
10687 75
10687 86
10687 87
10687 88
10687 89
10687 90
10693 291
10693 292
10693 340
10693 341
10693 342
10693 343
10693 344
10693 345
10693 346
10558 38
10558 39
10558 48
10558 49
10558 50
10558 51
10558 52
10578 15
10578 16
10578 17
10578 18
10578 19
10578 20
10578 21
10578 22
10578 23
10553 19
10553 28
10553 29
10553 34
10553 35
10553 36
10553 37
10657 189
10725 143
10725 144
10654 168
10654 169
10654 170
10654 171
10654 172
10654 173
10654 206
10894 0
10894 1
10894 2
10894 3
10894 4
10894 5
10894 6
10969 27
10969 28
10447 40
10447 41
10447 42
10447 43
10447 44
10447 45
10447 46
10447 47
10558 166
10558 167
10558 168
10558 169
10558 170
10558 171
10558 172
10832 11
10832 28
10831 23
10831 24
10831 25
10831 26
10831 27
10831 28
10831 29
10831 30
10831 31
10768 59
10580 197
10580 198
10580 199
10580 200
10580 201
10580 202
10530 205
10530 208
10530 209
10530 210
10530 211
10530 213
10530 214
10593 348
10593 349
10612 24
10612 25
10612 26
10612 27
10612 28
10612 29
10612 30
8754 122
10660 193
10660 194
10660 195
10660 266
10660 267
10660 268
10660 269
10660 270
10746 39
10746 40
10746 41
10746 42
10746 43
10746 44
10746 45
10994 128
10994 129
10994 130
10994 131
10994 132
10994 133
10994 134
10994 135
10782 33
10782 47
10782 54
10782 55
10782 56
10714 22
10471 125
10471 126
10471 168
10471 169
10471 170
10471 171
10471 172
10471 173
10471 174
10846 274
10846 275
10998 42
10998 48
10998 49
10998 54
10998 68
10998 69
10998 71
10849 129
10849 130
10849 131
10849 140
10849 141
10849 149
10849 155
10762 97
10762 98
10762 99
10762 100
10762 101
10762 102
10762 103
10762 104
10762 105
10563 261
10563 262
10563 263
10563 264
10563 265
10563 267
10563 268
10796 266
10796 267
10796 268
10796 269
10796 270
10796 271
10796 272
8747 20
10846 183
10846 186
10846 187
10937 48
10937 49
10937 50
10937 51
10937 52
10937 53
10937 54
10937 55
10442 10
10442 11
10442 12
10442 13
10442 14
10690 143
10690 144
10690 145
10690 146
10690 147
10690 148
10690 149
10690 150
10683 175
10683 176
10569 111
10569 112
10569 113
10569 114
10569 115
10569 116
10569 117
10926 26
10926 27
10926 28
10926 29
10926 30
10926 31
10926 32
10804 117
10804 118
10804 119
10584 117
10584 118
10584 119
10584 120
10584 121
10584 122
10584 123
10584 124
10533 103
10533 104
10533 105
10533 106
10533 107
10533 108
10533 109
10439 148
10439 149
10439 150
10439 151
10439 152
10439 153
10439 154
10439 155
10668 155
10668 156
10668 157
10668 158
10668 159
10668 160
10668 161
10668 162
10922 64
10922 65
10922 67
10922 68
10922 69
10922 70
10922 74
10922 75
8770 113
8770 114
8770 115
8770 116
8770 117
8770 118
8770 119
8770 120
10602 92
10602 93
10602 94
10602 95
10602 98
10602 99
10602 100
10846 71
10846 72
10846 73
10846 74
10580 100
10580 101
10580 102
10580 103
10580 104
10580 105
10580 106
10580 107
10580 108
10580 109
10894 26
10894 27
10894 28
10894 29
10521 216
10521 217
10521 218
10521 219
10521 220
10521 221
10521 222
10521 223
10521 261
10921 256
10921 257
10921 258
10921 259
10921 260
10921 261
10921 262
10921 263
10921 264
10390 18
10390 19
10390 20
10390 21
10390 22
10390 23
10551 152
10551 153
10551 154
10551 155
10551 156
10551 157
10680 101
10680 102
10680 110
10680 111
10680 180
10680 181
11046 0
11046 1
11046 2
11046 3
11046 4
10823 0
10823 1
10823 2
10823 3
10823 4
10823 15
10823 16
10823 17
10561 8
10561 9
10561 19
10561 27
10561 28
10561 29
10561 47
10561 48
10561 49
10561 59
10618 28
10593 0
10593 1
10593 2
10593 3
10593 4
10593 5
10593 6
10593 7
10972 0
10972 1
10972 2
10972 3
10972 4
10972 5
10972 26
10609 104
10609 105
10609 106
10609 107
10609 108
10609 109
10609 110
10609 111
10952 277
10952 278
10952 279
10952 280
10952 281
10952 282
10952 283
10952 284
10668 183
10668 184
10668 198
10668 199
10668 200
10668 201
10668 206
10668 207
10622 9
10700 260
10432 21
10432 22
10432 23
10432 24
10432 25
10432 26
10432 27
10913 70
10913 72
10756 266
10756 267
10756 268
10756 269
10756 270
10756 271
10829 6
10829 7
10829 8
10829 13
10829 14
10829 15
10829 16
10716 61
10716 62
10716 63
10716 64
10716 65
10716 66
10716 67
10735 37
10735 154
10735 155
10735 163
10735 164
10735 165
10735 166
10762 64
10762 65
10762 66
10762 67
10762 68
10762 69
10762 70
10762 71
10992 15
10992 16
10992 17
10992 18
10834 84
10834 85
10834 86
10834 87
10834 88
10834 89
10834 90
10834 91
10766 18
10766 19
10766 20
10766 21
10766 22
10766 23
10766 24
10946 40
10946 41
10946 42
10946 43
10946 44
10946 45
10946 46
10946 47
10584 50
10584 51
10584 52
10584 53
10584 54
10584 55
10534 201
10534 202
10534 204
10534 205
10534 207
10534 208
10685 36
10685 37
10685 38
10685 39
10685 40
10685 41
10685 42
10685 43
10721 66
10721 67
10721 68
10721 69
10721 70
10721 71
10721 72
10490 349
10490 350
10490 351
10490 352
10490 353
10490 354
10490 355
10490 356
10490 357
11046 135
10963 80
10963 81
10963 82
10963 83
10963 84
10963 85
10963 86
10963 87
10834 170
10834 171
10834 172
10834 173
10834 175
10834 192
10834 193
10834 194
10442 95
10442 96
10442 98
10442 99
10442 100
10442 101
10442 102
10442 103
10442 104
10534 60
10534 61
10534 62
10534 63
10534 64
10534 65
10534 66
10534 67
10512 9
10512 18
10512 19
10493 139
10737 260
10737 261
10737 262
10737 263
10737 264
10737 265
10737 266
10796 284
10796 286
10796 287
10796 288
10796 289
10796 290
10796 291
10796 292
10796 293
10861 10
10861 11
10861 21
10861 62
10861 63
10861 64
10861 83
10861 85
10888 101
10569 40
10569 41
10569 42
10569 43
10569 44
10569 45
10569 46
10569 47
10389 0
10389 1
10389 2
10389 3
10389 4
10389 5
10389 6
10389 7
10973 0
10973 1
10973 2
10973 3
10973 4
10973 5
10973 6
10973 7
10442 247
10442 248
10442 249
10442 250
10442 251
10442 253
10442 254
10442 255
10386 103
10386 104
10386 105
10386 138
10386 139
10386 140
10646 243
10648 60
10648 68
10648 69
10648 70
10648 77
10648 78
10648 79
10449 63
10449 125
10449 126
10449 127
10687 72
10687 73
10849 255
10849 312
10824 5
10824 6
10824 7
10824 8
10824 9
10824 10
10824 11
10824 12
8762 320
8762 321
8762 322
10520 70
10520 71
10520 72
10520 101
10520 122
10520 123
10545 140
10545 141
10545 142
10545 143
10545 144
10545 145
10545 146
10502 183
10502 184
10502 185
10502 186
10502 187
10502 188
10502 189
10502 190
10795 0
10795 1
10795 2
10795 3
10795 4
10795 5
10795 6
8771 159
8771 160
8771 161
8771 162
8771 163
8771 164
8771 212
8771 213
8771 214
10771 197
10771 198
10771 199
10771 200
10771 201
10929 61
10929 62
10929 63
10929 64
10929 65
10929 66
10929 67
10929 68
10869 10
10869 11
10869 12
10869 13
10869 14
10869 15
10869 16
10869 17
10869 18
10580 36
10580 37
10580 38
10580 94
10580 95
10791 22
10791 23
10791 24
10647 50
10647 51
10647 52
10647 53
10647 200
10647 201
10647 202
10834 25
10834 39
10834 40
10834 41
10869 37
10869 38
10869 39
10869 58
10869 59
10811 44
10811 64
10811 66
10657 157
10657 158
10657 159
10657 160
10657 161
10657 162
10657 164
10657 165
10833 67
10833 68
10833 69
10833 70
10833 71
10833 72
10833 73
10810 26
10830 19
10830 40
10830 41
10830 42
10830 43
10830 44
10931 234
8771 55
10927 50
10927 51
10927 52
10927 53
10927 54
10927 55
10927 56
10789 40
10789 41
10789 42
10789 43
10789 44
10789 45
10789 46
10789 47
10831 72
10685 78
10685 79
10685 86
8764 297
10611 63
10611 71
10611 72
10611 73
10611 74
10475 125
10475 126
10475 127
10475 251
10475 252
10475 288
10475 289
10475 291
10475 292
10910 70
10844 30
10844 31
10844 32
10844 33
10844 34
10844 35
10634 99
10634 127
10634 133
10830 9
10830 38
10830 39
10830 73
10830 74
10830 75
10830 76
10830 78
10841 124
10432 230
10481 85
10481 86
10481 122
10481 123
10481 124
10481 125
8750 56
8750 57
8750 59
8750 60
8750 182
8750 184
8750 186
8750 187
10810 225
10502 284
10502 317
10502 322
10502 323
10502 324
10845 193
10845 194
10845 195
10845 196
10845 197
10845 198
10845 199
10845 200
10857 200
10521 97
10521 98
10521 121
10521 122
10521 124
10521 125
10521 126
10521 127
10612 74
10612 75
10612 76
10612 77
10612 78
10612 79
10612 80
10612 81
10438 116
10438 117
10438 118
10438 119
10438 120
10438 121
10438 122
10517 74
10517 75
10517 76
10517 77
10517 78
10517 79
10517 90
10517 91
10517 92
10755 64
10755 65
10755 66
10755 185
10755 186
10755 187
10755 188
10488 7
10488 8
10488 9
10488 20
10488 21
10488 22
10488 23
10488 24
10803 17
10803 18
10803 27
10803 28
10803 38
10803 46
10804 136
10804 137
10804 138
10804 139
10804 140
10804 141
10804 142
10804 143
10712 245
10712 246
10712 247
10712 286
10712 287
10712 290
10609 132
10609 133
10609 134
10609 135
10609 136
10609 137
10609 138
10437 36
10475 156
10475 157
10475 158
10475 159
10475 160
10475 161
10475 162
10475 163
10475 164
10662 4
10704 104
10704 105
10704 106
10704 107
10704 108
10704 116
10704 117
10704 118
10704 119
10712 264
10712 265
10816 113
10816 114
10813 40
10813 74
10813 75
10813 78
10813 79
10813 80
10813 81
10711 132
10711 136
10711 137
10307 51
10307 52
10307 53
10307 55
10307 56
10662 9
10662 10
10662 11
10662 12
10662 13
10662 14
10648 86
10648 95
10648 96
10648 127
10648 135
10648 136
10648 137
11048 75
11048 80
11048 81
11048 92
11048 93
10834 214
10668 192
10668 193
10668 194
10668 195
10668 196
10668 197
10599 135
10994 210
10994 211
10994 212
10631 0
10631 1
10631 2
10631 3
10631 4
10631 5
10631 6
10631 7
10631 8
10641 9
10445 28
10445 29
10445 30
10445 31
10445 32
10445 33
10445 34
10445 35
10445 36
10839 26
10839 27
10839 28
10839 29
10839 30
10839 31
10839 32
10846 97
10700 107
10700 108
10700 111
10778 19
10778 39
10778 53
10778 54
10778 56
10778 57
10778 60
11046 64
11046 65
11046 66
11046 67
10784 144
10784 145
10784 146
10784 147
10784 148
10784 152
10884 14
10581 38
10581 39
10445 266
10445 267
10445 268
10445 269
10445 270
10445 271
10445 272
10493 20
10493 22
10493 23
10493 24
10493 25
10493 26
10493 27
10928 131
10928 132
10928 133
10928 134
10928 135
10928 136
10913 104
10913 105
10913 106
10913 107
10913 108
10913 109
10913 110
10913 111
10623 80
10623 81
10623 82
10623 83
10623 84
10623 85
10623 86
10784 74
10784 76
10784 77
10784 78
10784 79
10848 158
10848 159
10848 160
10848 168
10848 169
10848 170
10848 178
10848 179
10848 180
10804 0
10804 21
10804 22
10804 23
10804 24
10804 25
10804 96
10804 97
10771 7
10771 8
10771 9
10771 19
10771 44
10771 88
10771 89
10658 0
10658 1
10658 2
10658 3
10658 4
10737 114
10737 153
10737 170
10737 171
10737 172
10737 173
10737 212
10737 215
10625 155
10625 156
10625 165
10625 166
10625 174
10625 175
10625 176
10625 184
10625 185
10625 186
10591 238
10591 239
10591 240
10591 241
10591 242
10591 243
10591 244
10591 245
10832 16
10832 17
10832 18
10832 19
10832 78
10832 79
10832 94
10832 95
10832 96
10832 97
10696 70
10618 30
10480 30
10480 31
10700 224
10700 225
10700 226
10700 227
10700 228
10700 229
10700 230
10700 231
10700 232
10654 156
10654 157
10804 175
10998 9
10998 29
10998 70
10923 101
10923 102
10923 103
10923 104
10923 105
10923 106
10923 107
10923 108
8771 118
11046 154
11046 155
10603 48
10603 49
10603 50
10603 51
10603 52
10530 11
10530 22
10530 24
10530 53
10530 106
10530 193
10530 217
10856 13
10856 14
10856 15
10856 16
10856 17
10856 18
10856 19
10781 167
10781 168
10781 169
10781 170
10803 126
10803 127
10803 128
10803 129
10803 131
10803 132
10786 0
10786 1
10786 2
10786 3
10786 4
10786 5
10786 11
10786 12
10786 13
10786 14
10735 66
10735 67
10735 68
10735 69
10735 70
10735 71
10441 41
10441 42
10473 139
10473 140
10473 141
10473 142
10473 143
10473 294
10473 295
10473 296
10635 225
10635 226
10635 227
10635 228
10635 229
10635 230
10635 231
10635 232
8769 290
8769 291
8769 292
8769 293
8769 294
8769 295
8769 296
8769 297
8769 298
10988 29
10988 30
10988 31
10988 43
10988 44
10988 45
10988 46
10725 10
10725 11
10725 19
10725 20
10725 21
10725 22
10725 23
10743 10
10743 11
10743 12
10743 13
10743 14
10743 36
10743 37
10700 270
10868 37
10868 39
10913 225
10913 226
10913 227
10913 228
10591 257
10845 45
10845 46
10845 124
10845 125
10845 126
10845 127
10521 280
10885 85
10885 86
10545 103
10545 104
10545 105
10545 106
10545 107
10545 108
10545 109
10856 62
10856 63
10673 0
10673 1
10673 2
10673 3
10673 4
10673 5
10673 6
10673 7
10673 8
10673 9
10747 246
10747 247
10747 248
10649 19
10649 41
10803 275
11005 62
10888 178
10735 1
10696 185
10696 186
10666 110
10666 111
10666 112
10666 113
10666 114
10666 115
10666 116
10666 117
10666 118
10666 119
10694 218
10694 219
10911 27
10611 124
10574 302
10574 304
10574 305
10574 308
10574 309
10491 0
10574 20
10574 21
10574 22
10574 23
10574 24
10574 25
10574 26
10574 27
10574 28
10846 155
10846 191
10846 212
10846 213
10747 192
10747 198
10747 252
10386 38
10386 39
10386 47
10386 48
10386 49
10383 38
10383 39
10693 286
10693 287
10693 315
10683 23
10683 25
10683 26
10683 28
10683 29
10683 30
10683 31
8770 26
8770 27
8770 28
8770 29
8770 30
8770 31
8770 32
8770 33
8770 34
10433 58
10433 59
10433 60
10705 241
10705 242
10705 244
10705 245
10672 45
10672 46
10672 47
10672 48
10737 336
10737 338
10737 339
10737 340
10744 79
10744 80
10744 81
10744 82
10744 83
10744 84
10720 0
10720 1
10720 2
10720 3
10720 4
10720 5
10834 257
10834 259
10834 261
10834 262
10961 3
10961 4
10961 5
10961 6
10961 7
10961 8
10961 9
10884 320
10884 321
10884 324
10884 325
10884 326
10884 327
10706 60
10706 61
10706 62
10706 63
10551 42
10551 43
10551 44
10551 45
10551 46
10551 47
10551 48
10551 49
10800 194
10800 195
10800 196
10800 197
10800 198
10800 199
10800 200
10800 201
10599 54
10599 55
10599 56
10599 57
10599 58
10599 59
10599 60
10599 61
10599 62
10728 63
10728 74
10708 13
10778 114
10778 115
10778 116
10778 117
10778 118
10778 119
10778 120
10988 47
10988 48
10988 49
10480 287
10480 291
10692 16
10692 17
10692 18
10692 19
10692 20
10692 21
8770 247
8770 248
10701 0
10701 1
10701 2
10701 3
10701 4
10701 5
10701 6
11046 126
11046 127
10745 313
10745 314
10745 315
10745 332
10745 333
10745 334
10745 335
10534 141
10534 142
10534 143
10534 144
10534 145
10534 146
10534 147
10534 148
10534 149
10849 320
10849 321
10849 322
10849 323
10849 324
10849 325
8759 49
8759 56
8759 57
10850 207
10850 209
10850 210
10850 211
10850 212
10850 213
10850 214
10886 316
10886 317
10886 318
10886 319
10886 320
10886 321
10886 322
10734 21
10734 22
10734 23
10734 24
10734 25
10734 26
10734 27
10648 198
10648 328
10475 64
10475 65
10475 66
10475 67
10475 69
10475 72
10475 73
10475 74
10998 34
10998 35
10998 36
10998 37
10998 38
10998 39
10501 19
10501 20
10501 24
10501 128
10501 290
10501 301
10501 302
10716 249
10716 250
10716 256
10716 257
10716 258
10716 259
10716 260
10716 261
10716 262
10716 263
10850 30
10850 31
10850 32
10850 33
10850 34
10850 35
10850 36
10850 37
10857 204
10923 121
10923 122
10923 123
10923 124
10923 125
10923 126
10923 127
10923 128
10741 66
10741 67
10741 68
10725 103
10725 104
10725 105
10725 107
10725 112
10725 134
10725 135
10725 136
10766 2
10766 3
10929 78
10929 79
10929 110
10929 111
10929 112
10929 113
10929 114
10929 115
10995 0
10995 1
10995 2
10995 3
10995 4
10995 5
10995 6
10995 7
10995 8
10449 232
10449 233
10449 234
10449 235
10449 236
10449 237
10449 238
10449 239
10449 240
10449 241
10613 19
10613 20
10613 21
10613 22
10613 23
10613 24
8767 23
8767 24
8767 25
8767 26
8762 13
8762 14
8762 15
8762 16
8762 17
8762 18
8762 19
8762 20
8762 21
10893 10
10893 11
10893 12
10893 13
10893 14
10893 15
10893 16
10734 41
10734 42
10734 43
10734 44
10734 45
10734 46
10734 47
10734 48
10635 103
10635 104
10635 114
10635 122
10635 123
10635 124
8754 83
8754 84
8754 85
8754 86
8754 87
8754 88
8754 89
8754 90
8754 91
8754 92
10696 134
10696 135
10696 136
10696 137
10696 165
10696 281
10696 282
10696 283
10696 284
10445 315
10445 316
10445 317
10445 318
10445 319
10445 320
10445 321
10445 322
10445 323
10307 111
10307 112
10307 113
10307 114
10307 115
10307 116
10307 117
10307 118
10521 162
10521 163
10521 164
10521 165
10521 166
10521 168
10521 169
10869 20
10869 21
10869 22
10869 23
10869 24
10869 25
10869 26
10869 27
10720 10
10720 11
10720 12
10720 13
10720 14
10720 15
10720 16
10591 141
10591 150
10591 151
10591 160
10591 161
10591 168
10591 169
10710 29
10710 69
10710 77
10710 78
10710 79
10710 87
10710 89
10569 131
10569 132
10569 133
10569 134
10569 135
10569 136
10569 137
10569 138
10748 0
10748 1
10748 2
10748 3
10748 4
10748 5
10748 6
10442 334
10442 335
10762 18
10762 19
10762 20
10762 21
10762 22
10762 23
10762 24
10712 116
10712 117
10712 148
10712 149
10712 150
10712 151
10712 152
10712 188
10712 190
11048 57
11048 58
11048 63
11048 64
11048 65
11048 66
10805 76
10805 77
10805 78
10805 79
10805 80
10805 81
10805 82
10805 83
10475 200
10475 201
10475 202
10475 203
10475 204
10475 205
10475 225
10475 226
10475 227
10629 36
10629 37
10629 54
10629 84
10629 85
10629 86
10786 41
10786 42
10786 43
10786 44
10786 45
10786 46
10786 47
10786 48
10724 176
10724 290
10724 305
10724 315
10724 326
10724 327
10724 337
10724 338
10567 182
10567 183
10567 184
10567 185
10567 186
10567 187
10567 188
10520 288
10520 289
10520 290
10520 291
10520 292
10520 293
10520 294
10647 5
10647 7
10647 8
10647 9
10647 60
10647 61
10647 62
10633 20
10633 21
10633 22
10633 23
10633 24
10633 25
10633 26
10697 35
10697 36
10697 37
10697 38
10697 39
10697 40
10697 41
10697 58
10697 59
10697 60
10672 128
10672 129
10672 130
10672 131
10672 132
10672 133
10672 134
10490 74
10490 75
10490 76
10490 77
10490 78
10490 79
10490 88
10490 89
10473 207
10473 208
10473 209
10473 210
10473 211
10473 212
10473 221
10473 222
10545 178
10545 179
10545 180
10545 181
10545 182
10545 183
10947 93
10473 337
10473 338
10473 339
10473 340
10473 341
10473 342
10473 343
10473 344
10634 8
10634 9
10634 10
10634 11
10634 12
10634 13
10634 14
10762 34
10762 35
10762 36
10762 37
10762 38
10762 39
10762 40
10670 25
10634 210
10634 211
10634 218
10634 219
10634 220
10634 221
10634 222
10634 223
10551 192
10551 193
10551 194
10551 195
10551 196
10551 197
10563 247
10563 248
10563 249
10563 250
10563 251
10563 252
10563 253
10716 109
10716 110
10716 121
10716 122
10716 133
10716 142
10436 242
10436 243
10436 244
10436 245
10436 246
10436 247
10436 248
10436 249
10446 9
10674 30
10674 31
10674 32
10674 33
10674 34
10674 35
10674 36
10386 119
10386 120
10386 137
10386 141
10386 142
10386 143
10696 67
10449 216
10449 217
10449 221
10969 137
10969 138
10562 57
10562 58
10562 59
10562 67
10562 68
10562 69
10562 78
10711 5
10711 6
10711 7
10711 8
10711 9
10711 10
10974 120
10974 121
10974 122
10974 123
10974 124
10974 125
10974 168
10974 169
10741 87
10741 88
10870 66
10704 314
10704 340
10693 282
10693 283
10693 301
10693 302
10693 303
10693 304
10693 305
10837 230
10837 231
10837 232
10837 233
10837 234
10837 235
10837 246
10837 247
10645 177
10645 178
10645 180
10645 181
10540 70
8771 131
10502 0
10502 1
10502 3
10502 130
10502 132
10502 133
10502 134
10502 135
10502 136
10502 137
10913 128
10913 129
10913 130
10913 131
10913 132
10913 133
10913 134
10913 135
10913 136
10913 137
10520 61
10520 62
10478 181
10478 182
10478 183
10478 184
10478 185
10478 186
10478 187
10478 188
10885 91
10885 92
10441 298
10704 200
10704 201
10954 35
10954 64
10954 65
10954 66
10954 67
10954 68
10954 69
10954 70
10634 248
10634 249
10682 49
10682 50
10502 304
10502 305
10502 306
10502 307
10502 308
10502 309
10502 310
10502 311
10927 219
10927 220
10927 221
10927 222
10927 223
10927 224
10927 225
10952 298
10959 44
10680 63
10680 74
10680 75
10680 76
10680 77
10680 78
10680 79
10633 9
10633 19
10487 48
10487 49
10952 285
10952 286
10704 296
10704 297
10704 298
10704 313
10704 315
10704 316
10704 317
10704 318
10704 319
10716 271
10938 138
10938 142
10938 143
10938 144
10938 146
10809 9
10708 64
10708 65
10708 66
10708 67
10708 68
10713 0
10713 1
10713 2
10713 3
10713 4
10713 5
10713 6
10713 7
10704 270
10704 343
8754 43
8754 44
8754 45
8754 46
8754 47
8754 48
8754 49
8754 60
10946 0
10946 1
10946 2
10946 3
10946 4
10946 5
10946 6
10946 7
10946 8
10803 185
10803 186
10803 187
10803 202
10803 203
10803 204
10803 205
10803 206
10803 207
10530 78
10530 79
10530 80
10618 34
10618 35
10795 53
10795 156
10795 157
10795 184
10795 185
10795 186
10795 187
11046 60
11046 61
11046 62
11046 63
10530 105
10530 107
10530 113
10530 114
10530 115
10530 117
10819 50
10819 51
10819 54
10819 55
10819 56
10819 57
10819 58
10819 59
10798 73
10798 76
10798 77
10798 78
10798 104
10798 105
10798 106
10798 107
10849 91
10849 92
10849 93
10849 95
10849 202
10849 203
10849 204
10562 100
10562 101
10562 102
10562 103
10562 104
10562 105
10562 106
10562 107
10927 170
10927 171
10927 172
10927 173
10927 174
10927 175
10939 0
10939 2
10939 3
10939 8
10939 11
10939 12
10939 20
10694 167
10694 168
10694 169
10694 170
10694 171
10694 172
10694 173
10694 174
10484 70
10484 71
10484 72
10484 73
10484 74
10484 75
10484 76
10445 254
10530 57
10530 58
10530 59
10530 95
10530 96
10530 100
10530 101
10530 102
10834 267
10647 1
10647 64
10647 65
10647 66
10647 68
10647 130
10647 131
10647 132
10700 18
10700 19
10700 20
10700 33
10700 34
10700 43
10700 44
10700 62
10995 40
10995 41
10584 148
10584 149
10584 150
10584 151
10584 152
10584 153
10584 154
10584 160
10690 187
10690 188
10690 189
10690 190
10690 191
10690 192
10530 82
8759 176
8759 177
8759 178
8759 179
8759 180
8759 181
8759 182
8759 183
10714 153
10714 154
10714 163
10714 164
10927 214
10927 215
10927 216
10927 217
10927 218
10578 1
10578 2
10578 3
10578 4
10578 9
10578 10
10578 11
10436 91
10436 92
10436 93
10436 94
10436 95
10436 96
10436 97
10436 98
10480 292
10480 293
10480 294
10480 295
10480 296
10480 297
10480 298
10766 62
10766 63
10766 65
10766 67
10766 68
10766 125
10766 135
10772 344
10772 345
10634 47
10634 48
10634 49
10920 40
10920 41
10920 42
10920 43
10920 44
10920 45
10920 46
10920 47
10712 64
10712 65
10712 66
10712 67
10712 68
10712 69
10712 70
10712 71
10712 72
10534 192
10534 193
10534 194
10534 195
10551 181
10551 189
10551 190
10551 191
10551 198
10551 199
10551 200
10438 43
10438 45
10438 46
10438 48
10438 49
10438 73
10438 74
10438 75
10438 76
10791 74
10647 237
10647 238
10647 246
10647 247
10647 248
10647 274
10647 275
10647 277
10807 50
10807 51
10807 52
10807 53
10807 54
10807 55
10807 56
10807 57
10696 306
10696 307
10696 308
10696 309
10696 320
10696 321
10696 322
10696 3
10696 4
10696 5
10696 6
10696 7
10696 8
10696 9
10822 86
10822 87
10822 88
10822 89
10822 90
10822 91
10822 92
10569 181
10569 182
10569 183
10569 184
10569 185
10569 186
10569 187
10569 188
8770 122
8770 185
8770 202
8770 203
8770 204
8770 205
8770 206
8770 207
8770 208
10772 286
10772 287
10772 288
10772 289
10772 339
10772 342
10772 343
10796 328
10533 194
11001 33
11001 34
11001 35
11001 36
11001 40
11001 41
11001 42
11001 43
10805 144
10765 92
10574 193
10574 194
10574 195
10574 196
10574 197
10574 198
10574 199
10574 240
10574 241
10574 242
10308 33
10308 34
10308 35
10308 36
10308 37
10308 38
10308 39
10308 40
10308 41
10755 56
10755 107
10755 108
10755 118
10755 126
10441 217
10441 226
10441 227
10441 238
10441 246
10441 247
10441 318
10813 30
10813 31
10813 32
10813 33
10813 34
10813 35
10813 36
10813 37
10994 143
10994 146
10956 59
10956 60
10922 20
10922 129
10922 132
10762 31
10762 32
10762 33
10762 54
10762 55
10762 56
10762 57
10762 58
11005 21
10475 100
10475 101
10475 145
10475 147
10475 148
10475 153
10475 154
10744 68
10744 256
10744 257
10744 258
10744 259
10744 260
10744 261
10744 262
10744 263
10744 264
10847 163
10847 164
10847 165
10847 166
10690 223
10690 224
10690 225
10690 226
10690 227
10690 228
10690 229
10968 57
10968 58
10968 59
10567 68
10567 69
10567 119
10567 128
10567 138
10567 139
10567 146
10950 36
10950 37
10950 38
10950 40
10950 41
10950 42
10950 43
10950 44
10950 45
10832 9
10832 29
10832 86
10832 87
10832 88
10832 89
10969 20
10969 21
10969 85
10969 86
10969 87
10969 88
10534 181
10534 182
10534 184
10534 185
10534 187
10534 188
10534 190
10675 106
10675 107
10675 108
10675 109
10675 110
10675 111
10675 112
10631 19
10631 20
10631 21
10631 22
10631 23
10631 24
10631 25
10631 26
10675 135
10675 136
10675 137
10675 138
10675 139
10675 140
10675 141
8771 204
8771 205
8771 206
8771 207
8771 208
8771 209
8771 210
8771 211
10386 30
10386 31
10386 32
10386 33
10386 34
10386 35
10386 36
10386 37
10516 54
10516 55
10516 56
10516 57
10516 58
10516 59
10516 60
10772 19
10772 58
10772 59
10772 78
10772 79
10772 88
10772 89
10772 127
10656 79
10656 80
10656 81
10656 82
10656 83
10656 84
10656 85
10656 86
10790 79
10790 117
10790 118
10790 119
10804 206
10804 207
10804 208
10804 210
10804 211
10804 212
10625 304
10625 305
10625 306
10625 307
10625 308
10625 309
10710 70
10710 71
10710 72
10710 73
10710 74
10710 75
10710 76
10778 30
10778 31
10778 32
10778 33
10778 34
10778 35
10778 36
10778 37
10778 38
10481 112
10481 113
10481 114
10481 115
10481 116
10481 117
10481 118
10481 119
11046 117
11046 118
10487 40
10487 41
10487 42
10487 43
10487 44
10487 45
10772 253
10772 254
10772 255
10772 276
10772 277
10772 278
10772 279
10946 60
10946 61
10946 62
10946 63
10946 64
10946 65
10946 66
10946 67
10946 68
10830 172
10830 173
10830 183
10830 190
10830 192
10830 193
10830 194
10830 255
10862 10
10862 11
10862 12
10784 97
10784 98
10784 99
10784 157
10784 158
10784 159
10625 90
10625 91
10625 92
10625 93
10625 94
10625 95
10490 272
10490 273
10490 274
10490 275
10490 276
10490 277
10490 278
10490 279
10490 280
10952 70
10952 71
10952 72
10952 73
10952 92
10952 93
10952 94
10952 95
10952 96
10911 0
10911 1
10911 2
10911 3
10911 4
10911 5
10911 6
10911 7
10911 8
10694 197
10694 198
10694 199
10694 200
10694 201
10694 202
10694 203
10612 15
10612 16
10612 17
10612 18
10612 19
10612 20
10612 21
10612 22
10612 23
10538 41
10538 43
10538 44
10538 45
10538 46
10538 47
10538 48
10841 0
10841 1
10841 2
10841 3
10841 4
10841 5
10841 6
10841 7
10504 276
10504 277
10504 278
10504 279
10504 280
10504 281
10504 282
10504 283
10504 284
10504 285
10445 255
10445 276
10445 277
10445 278
10445 279
10445 300
10610 154
10610 155
10610 156
10610 192
10610 193
10610 194
10610 195
10610 196
10855 17
10855 19
10855 20
10855 22
10855 23
10855 24
10855 25
10855 26
10855 27
10855 30
10861 65
10861 69
10861 74
10861 75
10861 76
10861 77
10861 79
10874 8
10874 9
10874 20
10874 21
10874 28
10874 29
10874 30
10874 31
10874 39
10874 40
10988 173
10988 174
10988 192
10988 193
10988 230
10988 231
10988 232
10988 233
10988 234
10729 59
10729 60
10729 74
10729 75
10729 76
10729 77
10729 78
10925 121
10925 122
10925 123
10925 124
10925 125
10925 126
10925 127
10925 128
10473 9
10473 24
10473 25
10473 26
10473 61
10974 158
10974 159
10974 160
10974 161
10974 162
10974 163
10974 164
10974 165
10974 138
10974 139
10974 140
10974 141
10974 142
10974 143
10974 145
10974 146
10850 234
10850 235
10850 245
10773 76
10773 78
10773 79
10773 80
10773 160
10773 161
10307 63
10307 151
10307 153
10307 156
10307 157
10307 159
10307 160
10629 94
10629 95
10629 96
10629 97
10629 98
10629 99
10952 0
10952 1
10952 2
10952 3
10952 4
10952 5
10952 6
10762 90
10762 107
10762 108
10762 109
10762 110
10762 111
10762 112
10762 113
10635 25
10635 26
10635 27
10894 76
10894 77
10894 78
10894 79
10874 173
10874 175
10874 176
10874 177
10874 178
10874 256
10874 257
10874 258
10884 105
10884 106
10884 107
10884 108
10884 109
10884 110
10884 111
10884 112
10518 19
10926 76
10926 77
10926 78
10926 79
10926 80
10926 81
10926 82
10926 83
10660 237
10660 242
10660 338
10645 41
11002 4
11002 5
11002 7
10950 35
8770 230
8770 231
8770 232
8770 233
8770 234
10892 23
10892 24
10892 25
10892 27
10892 29
10727 158
10727 159
10727 160
10727 161
10727 162
10727 163
10727 164
10833 27
10833 28
10833 29
10833 51
10833 52
10833 53
10833 54
10833 55
10833 56
10610 218
10307 93
10307 94
10307 95
10307 96
10307 97
10635 252
10635 253
10635 254
10635 255
10635 267
10635 268
10635 269
10635 270
10608 136
10608 137
10756 46
10756 47
10756 48
10756 49
10756 50
10756 51
10756 52
10756 53
10756 54
10478 102
10478 103
10478 104
10478 105
10478 106
10478 107
10478 108
10478 109
10569 201
10569 202
10569 203
10569 204
10569 205
10569 206
10569 207
10724 195
10724 196
10724 208
10724 209
10724 216
10724 217
10724 218
10724 219
10855 21
10804 91
10804 92
10804 93
10804 94
10987 0
10987 1
10987 2
10987 3
10987 4
10987 5
10987 6
10594 0
10594 1
10594 2
10594 3
10594 4
10594 5
10594 6
10594 7
10706 38
10706 39
10706 40
10706 41
10706 42
10706 43
10538 103
10625 336
10625 347
10434 45
10434 46
10520 320
10520 321
10520 324
10520 325
10520 326
10520 327
10520 328
10520 329
10520 330
10795 47
10432 163
10834 195
10646 98
10646 99
10646 150
10646 151
10646 152
10646 153
10646 154
10646 155
10845 27
10845 28
10845 29
10845 30
10845 31
10845 32
10574 160
10574 161
10574 162
10574 163
10574 164
10574 165
10574 166
10886 266
10886 267
10886 268
10886 269
10886 270
10886 271
10886 272
10886 273
8747 143
8747 144
8747 145
8747 146
8747 147
8747 148
8747 149
8747 150
10737 257
10737 259
10644 30
10706 8
10706 9
10706 10
10706 11
10706 12
10706 13
10706 14
10828 17
10828 18
10828 19
10828 28
10828 29
10696 285
10696 287
10696 288
10696 289
10696 290
10696 291
10696 292
10696 293
10741 1
10743 98
10743 99
10743 100
10743 101
10743 102
10743 103
10743 104
10743 105
10601 18
10601 19
10601 20
10601 21
10601 22
10447 10
10447 11
10447 12
10447 13
10447 14
10952 290
10952 291
10952 292
10952 301
10952 302
10952 303
10952 304
10390 50
10390 56
10390 57
10660 279
10660 280
10660 281
10660 282
10660 286
10660 287
10660 288
10660 320
10857 20
10857 21
10857 22
10857 26
10857 27
10634 305
10634 306
10634 307
10634 308
10634 309
10634 310
10634 311
10634 312
10704 9
10704 10
10704 11
10704 12
10704 13
10704 14
10704 15
10704 16
10781 0
10781 1
10781 2
10781 3
10781 4
10781 5
10781 6
10781 7
10972 39
10972 40
10972 41
10972 42
10972 43
10972 44
10972 45
10972 46
10581 121
10581 122
10581 123
10581 124
10581 125
10581 126
10920 20
10920 21
10920 22
10920 23
10920 24
10920 25
10920 26
10648 97
10648 98
10648 99
10648 100
10648 101
10648 102
10648 103
10648 104
10611 159
10611 160
10611 161
10611 162
10611 163
10611 164
10611 165
10611 166
10611 167
10502 99
10502 100
10502 101
10502 102
10502 103
10502 104
10502 105
10502 106
10502 107
10493 30
10493 40
10493 41
10493 51
10493 53
10493 83
10493 84
10493 88
10624 10
10624 128
10624 129
10624 130
10624 131
10624 132
10624 133
10624 134
10803 320
10803 321
10803 322
10803 323
10803 324
10613 0
10613 1
10613 2
10613 3
10613 4
10613 5
10800 230
10800 231
10800 232
10800 233
10800 234
10800 235
10988 115
10988 116
10988 117
10988 118
10988 119
10988 120
10988 121
10988 122
10988 138
10926 13
10926 14
10926 15
10926 24
10926 25
10926 33
10926 86
10926 87
10610 88
10610 89
10610 90
10610 91
10610 93
10610 94
10610 96
10610 97
10625 310
10625 314
10625 315
10625 316
10625 317
10625 318
10625 319
10625 324
10923 266
10923 267
10923 268
10923 269
10923 270
10923 271
10923 272
10923 273
10675 265
10675 266
10675 267
10675 268
10675 269
10675 270
10675 271
10886 264
10886 265
10886 274
10886 275
10886 284
10886 285
10886 303
10886 304
10886 305
10886 315
10700 212
10700 213
10700 214
10700 266
10700 267
10700 268
10700 269
10700 271
10700 272
10437 199
10437 200
10437 201
10437 202
10437 203
10437 204
10437 205
10437 206
10437 207
10610 233
10610 235
10610 236
10610 237
10610 238
10610 239
10610 240
10743 238
10743 239
10743 240
10743 241
10743 242
10743 243
10743 250
10743 251
10529 258
10529 259
10529 260
10529 261
10529 262
10529 263
10529 264
8764 281
8764 282
8764 283
8764 284
8764 285
8764 286
8764 287
10692 26
10692 27
10920 94
10920 95
10920 96
10920 97
10920 98
10920 128
10561 99
10561 100
10561 101
10561 102
10561 103
10561 104
10561 105
10625 268
10625 269
10625 270
10625 271
10625 272
10625 273
10625 274
11157 14
11778 4
11169 207
11187 309
11561 7
11561 51
11186 39
11078 25
11648 193
11240 34
11187 277
11182 37
11512 119
11146 139
11626 2
11066 57
11064 182
11695 17
11583 64
11256 6
11714 20
11545 270
11545 306
11545 316
11139 97
11137 7
11065 180
11132 9
11529 50
11529 74
11529 79
11529 99
11073 53
11582 25
11574 18
11574 49
11574 77
11147 5
11240 19
11720 54
11720 129
11720 190
11259 19
11565 9
11565 162
11565 279
11546 49
11546 109
11546 142
11187 55
11187 211
11187 261
11775 36
11623 6
11623 16
11623 57
11134 133
11134 136
11134 140
11793 1
11793 33
11793 65
11793 69
11664 81
11769 132
11291 139
11291 152
11802 111
11119 104
11119 152
11848 39
11274 15
11274 23
11613 23
11613 39
11538 15
11695 6
11804 102
11804 128
11804 156
11804 177
11559 116
11675 126
11769 37
11769 53
11769 90
11508 1
11508 222
11508 239
11672 21
11494 259
11644 3
11644 25
11644 37
11644 164
11714 1
11494 62
11776 50
11776 146
11776 166
11243 3
11291 27
11657 7
11247 19
11763 33
11763 48
11291 36
11291 56
11291 90
11291 101
11149 84
11149 248
11149 324
11570 22
11761 174
11761 195
11761 201
11564 26
11564 94
11564 108
11166 25
11166 65
11133 20
11133 38
11133 106
11133 127
11133 150
11521 8
11521 67
11521 85
11150 20
11756 69
11719 1
11294 14
11215 4
11215 59
11215 62
11849 14
11849 16
11849 33
11589 19
11589 20
11589 73
11589 82
11589 85
11679 30
11679 94
11679 117
11066 89
11066 127
11066 214
11233 65
11119 195
11769 29
11665 91
11091 94
11774 58
11070 8
11070 76
11574 8
11574 118
11574 169
11291 168
11168 93
11168 118
11059 53
11290 0
11290 50
11290 126
11290 183
11848 210
11631 152
11852 19
11852 69
11291 163
11570 82
11297 21
11271 25
11801 19
11506 19
11507 112
11154 9
11154 23
11740 254
11740 289
11740 312
11678 282
11120 61
11120 72
11653 9
11653 11
11653 32
11653 40
11134 121
11134 158
11253 71
11584 59
11087 99
11599 2
11065 166
11787 156
11787 182
11545 179
11545 180
11545 184
11836 34
11836 118
11713 112
11678 55
11678 66
11678 142
11286 17
11519 41
11519 66
11519 67
11519 104
11519 161
11762 4
11762 13
11762 16
11762 51
11762 158
11762 215
11762 249
11762 255
11672 65
11726 141
11726 186
11726 266
11726 308
11726 316
11742 50
11628 24
11078 1
11512 96
11169 34
11601 206
11803 4
11803 15
11803 77
11803 91
11672 58
11727 49
11727 59
11559 103
11559 112
11677 121
11577 23
11577 33
11138 85
11821 38
11821 56
11821 82
11685 40
11685 59
11685 86
11685 131
11685 148
11685 151
11685 166
11724 23
11721 11
11721 62
11721 101
11721 145
11217 7
11134 138
11740 188
11212 52
11253 74
11091 86
11686 14
11527 58
11527 123
11206 2
11139 48
11291 88
11291 116
11291 130
11291 131
11286 89
11145 5
11149 25
11830 30
11830 286
11830 311
11291 275
11198 43
11198 62
11198 64
11198 192
11198 215
11198 246
11665 46
11551 39
11710 62
11710 72
11728 7
11728 65
11728 73
11728 78
11728 162
11728 182
11728 240
11728 263
11506 5
11506 98
11829 77
11829 91
11829 106
11829 159
11264 118
11755 130
11135 54
11135 70
11551 48
11551 108
11551 115
11240 18
11240 48
11278 256
11138 62
11232 0
11581 70
11581 77
11581 98
11581 118
11527 155
11791 6
11791 182
11791 192
11791 297
11791 309
11802 48
11802 52
11802 162
11740 211
11740 263
11740 278
11740 307
11740 319
11779 40
11779 84
11779 170
11779 192
11779 216
11779 219
11779 242
11608 45
11608 74
11608 146
11192 27
11724 18
11544 8
11793 297
11707 94
11550 74
11807 14
11255 1
11492 60
11492 146
11507 27
11507 96
11118 273
11507 78
11527 81
11527 130
11527 134
11794 8
11504 37
11647 21
11070 117
11575 55
11537 288
11526 10
11610 2
11815 105
11186 60
11762 137
11802 235
11802 241
11601 259
11601 272
11601 316
11218 2
11692 17
11728 84
11518 96
11674 56
11719 41
11719 55
11212 42
11088 31
11233 101
11527 19
11527 20
11527 32
11527 104
11713 148
11713 169
11713 198
11801 8
11801 38
11564 53
11564 61
11564 63
11087 54
11754 52
11754 87
11719 35
11719 42
11623 26
11623 33
11623 113
11608 142
11581 104
11833 53
11833 83
11833 145
11550 4
11550 12
11550 16
11710 29
11710 42
11845 48
11845 91
11845 119
11845 120
11845 150
11845 180
11707 100
11707 112
11707 143
11707 154
11742 38
11090 97
11090 131
11090 155
11090 205
11291 245
11291 282
11291 296
11618 27
11618 114
11521 96
11521 118
11521 144
11275 67
11841 9
11841 68
11841 86
11115 97
11836 38
11539 22
11539 24
11673 41
11224 8
11715 35
11543 192
11628 25
11628 39
11628 80
11628 127
11628 135
11086 142
11506 96
11506 104
11506 120
11763 15
11763 28
11271 23
11162 21
11162 27
11695 14
11219 78
11672 6
11672 23
11074 3
11177 8
11086 18
11086 32
11824 8
11693 16
11814 9
11219 34
11219 97
11187 298
11194 0
11679 138
11679 65
11518 40
11518 55
11518 113
11215 46
11068 90
11724 106
11724 185
11724 209
11724 213
11724 226
11776 89
11776 125
11264 109
11169 33
11120 57
11120 75
11072 38
11608 79
11077 52
11707 140
11679 78
11064 111
11064 112
11064 125
11234 12
11143 50
11910 12
11613 8
11613 50
11617 234
11792 11
11792 16
11677 36
11677 67
11677 88
11844 69
11844 94
11844 96
11844 127
11844 173
11844 237
11803 0
11803 8
11803 34
11803 83
11803 89
11833 144
11833 296
11558 9
11291 154
11291 231
11291 316
11539 37
11539 68
11582 33
11774 12
11532 76
11532 87
11762 20
11762 69
11762 98
11762 205
11762 252
11762 285
11762 298
11066 242
11829 160
11829 181
11521 89
11521 143
11182 78
11182 181
11249 4
11283 15
11283 67
11135 52
11135 80
11766 57
11766 229
11766 300
11777 0
11677 13
11677 19
11677 126
11173 76
11173 126
11086 269
11297 70
11214 57
11214 74
11686 11
11867 26
11867 59
11867 95
11131 9
11833 115
11606 266
11143 8
11854 31
11854 93
11775 81
11787 21
11685 23
11685 44
11685 128
11149 75
11149 292
11751 191
11751 224
11751 246
11751 338
11069 40
11069 104
11182 4
11182 26
11182 100
11723 28
11723 85
11723 107
11723 209
11723 229
11723 231
11723 241
11723 261
11756 9
11756 55
11756 157
11756 166
11756 186
11756 243
11756 261
11802 202
11628 41
11628 68
11628 196
11628 312
11782 96
11626 36
11626 76
11626 105
11791 93
11791 155
11791 221
11791 227
11791 239
11791 271
11146 220
11614 81
11614 94
11614 135
11614 141
11614 185
11203 41
11203 57
11568 29
11146 302
11088 21
11609 18
11609 72
11609 164
11173 54
11173 115
11529 6
11529 33
11529 43
11529 86
11537 50
11537 139
11537 170
11537 211
11537 245
11219 42
11622 9
11820 215
11820 296
11820 299
11809 20
11803 102
11803 117
11145 11
11186 206
11696 48
11780 81
11504 9
11087 62
11740 212
11740 259
11740 328
11945 114
11508 49
11508 87
11508 111
11508 142
11508 170
11508 212
11508 224
11508 264
11279 38
11115 33
11691 153
11684 45
11631 35
11631 37
11631 242
11631 245
11631 248
11631 265
11631 273
11817 5
11709 83
11709 89
11709 135
11091 9
11069 54
11069 96
11751 125
11196 196
11673 18
11644 18
11644 21
11644 32
11644 47
11644 172
11644 214
11644 219
11644 221
11196 41
11726 40
11726 58
11149 234
11646 28
11646 68
11646 83
11546 41
11546 44
11291 244
11723 10
11723 233
11198 114
11198 219
11296 50
11135 67
11135 126
11769 122
11769 134
11763 1
11763 12
11763 27
11275 52
11947 22
11947 27
11658 16
11802 81
11802 170
11713 74
11713 88
11196 14
11196 60
11138 48
11138 83
11531 18
11531 167
11081 82
11081 104
11081 134
11081 159
11128 15
11769 64
11832 95
11811 60
11811 62
11811 132
11811 185
11811 227
11811 232
11168 129
11853 51
11259 61
11187 154
11854 21
11854 84
11796 17
11796 87
11813 186
11813 243
11144 44
11559 6
11559 61
11644 5
11644 6
11644 93
11644 141
11644 145
11644 162
11135 8
11135 35
11135 43
11274 53
11049 56
11518 54
11518 88
11087 151
11678 247
11678 264
11678 329
11194 31
11194 53
11532 126
11637 19
11637 103
11637 118
11637 165
11802 69
11601 55
11601 168
11758 96
11846 23
11846 46
11846 60
11846 102
11049 58
11049 75
11545 214
11545 259
11545 273
11066 112
11066 138
11066 170
11584 89
11584 96
11584 143
11134 66
11134 82
11134 96
11086 186
11086 230
11086 255
11255 5
11551 23
11551 112
11551 117
11841 106
11049 24
11049 59
11049 79
11802 98
11293 24
11604 92
11604 157
11604 185
11604 198
11604 213
11604 297
11604 301
11081 99
11081 124
11610 16
11049 72
11813 216
11836 104
11578 17
11578 64
11283 22
11283 43
11283 95
11146 152
11146 276
11146 327
11726 99
11726 217
11726 228
11726 237
11726 242
11726 279
11726 330
11726 332
11198 1
11198 99
11198 281
11559 60
11559 94
11559 96
11727 36
11727 55
11727 102
11727 170
11214 90
11214 93
11738 59
11738 118
11738 174
11738 190
11738 231
11738 256
11085 5
11721 30
11721 54
11721 124
11721 131
11508 160
11508 183
11508 188
11508 191
11508 231
11578 24
11578 90
11184 60
11774 42
11774 59
11545 111
11545 143
11494 73
11494 153
11494 212
11091 137
11259 64
11574 1
11574 36
11574 47
11574 95
11574 175
11187 206
11187 297
11553 150
11553 203
11591 164
11665 5
11665 14
11665 119
11665 129
11665 142
11665 164
11186 277
11090 39
11090 166
11090 178
11609 26
11609 194
11611 5
11202 53
11182 24
11182 47
11182 110
11646 93
11802 188
11751 193
11751 325
11728 103
11728 118
11728 172
11728 190
11728 234
11728 259
11728 285
11728 303
11756 6
11756 57
11756 122
11756 173
11756 185
11756 198
11756 229
11582 18
11582 24
11745 6
11745 40
11745 67
11745 110
11745 115
11745 122
11745 147
11745 155
11135 30
11116 14
11507 77
11836 41
11166 8
11166 60
11630 6
11086 146
11646 101
11505 164
11510 24
11138 58
11133 103
11609 4
11609 70
11609 152
11609 159
11609 184
11609 198
11609 214
11605 28
11605 77
11605 159
11605 270
11658 18
11506 55
11154 30
11632 80
11632 75
11086 148
11667 11
11678 44
11712 112
11519 283
11815 19
11815 40
11815 55
11815 79
11815 108
11815 144
11815 232
11815 311
11196 15
11204 24
11946 18
11658 21
11115 49
11120 50
11120 152
11187 136
11187 167
11187 316
11844 75
11710 1
11710 90
11171 66
11624 42
11624 44
11494 201
11205 25
11677 154
11632 33
11503 23
11655 2
11194 29
11194 37
11575 23
11575 78
11259 106
11831 76
11291 218
11139 63
11197 4
11197 107
11756 130
11171 99
11609 6
11609 74
11609 90
11609 112
11609 121
11609 187
11609 210
11558 18
11275 74
11275 117
11783 6
11783 16
11681 60
11681 111
11617 73
11617 78
11212 38
11519 46
11519 48
11519 50
11519 160
11721 184
11721 202
11169 86
11169 205
11575 8
11575 20
11575 52
11206 5
11206 6
11206 29
11589 9
11589 71
11589 185
11589 214
11831 14
11831 24
11831 66
11816 65
11816 95
11816 177
11244 31
11664 28
11664 125
11532 19
11532 48
11606 5
11606 26
11606 92
11606 189
11119 5
11672 68
11672 75
11786 25
11786 38
11786 48
11786 114
11786 144
11786 153
11786 160
11786 214
11786 282
11678 12
11678 100
11678 108
11678 151
11787 56
11787 81
11787 91
11727 227
11727 234
11727 239
11727 268
11726 291
11665 56
11769 74
11769 85
11769 103
11255 17
11578 39
11664 36
11628 31
11628 119
11710 3
11710 26
11710 28
11710 106
11787 142
11787 171
11749 63
11749 70
11782 3
11782 124
11782 181
11608 85
11090 130
11090 177
11090 221
11584 110
11584 138
11279 67
11279 99
11172 18
11172 92
11845 4
11845 68
11845 134
11845 170
11845 200
11614 75
11614 91
11614 155
11086 189
11283 31
11283 66
11803 12
11803 43
11208 16
11283 21
11283 105
11283 110
11529 195
11529 199
11529 216
11529 253
11529 257
11529 287
11529 311
11601 253
11601 262
11091 11
11091 46
11050 12
11759 220
11520 68
11520 117
11520 121
11520 142
11520 145
11520 159
11520 178
11520 184
11520 204
11520 232
11139 91
11230 20
11786 7
11786 23
11786 49
11786 327
11766 47
11766 110
11766 197
11766 204
11766 231
11766 272
11193 0
11738 10
11738 173
11738 247
11738 255
11821 12
11821 64
11821 130
11821 154
11544 2
11544 46
11815 102
11815 111
11815 197
11815 267
11815 302
11765 120
11765 201
11765 231
11611 0
11674 13
11291 171
11816 101
11816 125
11816 134
11816 172
11291 72
11570 4
11570 83
11570 96
11581 21
11581 112
11581 113
11519 14
11519 35
11519 111
11519 130
11519 172
11740 48
11740 144
11792 18
11801 34
11713 212
11270 31
11653 17
11565 109
11565 112
11565 193
11565 263
11145 15
11730 10
11674 55
11115 26
11198 193
11619 29
11291 185
11255 7
11666 81
11198 136
11120 68
11625 36
11291 284
11658 5
11112 143
11609 186
11543 155
11495 58
11630 152
11194 75
11857 0
11505 56
11505 131
11505 143
11744 22
11067 72
11742 17
11583 7
11583 66
11211 10
11844 4
11738 32
11738 61
11738 128
11738 163
11738 165
11738 229
11065 92
11139 4
11619 211
11619 224
11291 178
11665 133
11639 68
11639 84
11625 1
11625 55
11591 111
11591 125
11591 149
11539 18
11583 4
11583 5
11775 38
11775 86
11857 11
11629 28
11629 37
11762 92
11762 185
11762 247
11762 326
11782 11
11782 35
11782 119
11782 120
11782 142
11515 5
11553 73
11553 87
11294 4
11294 11
11787 129
11787 154
11157 8
11816 63
11816 94
11816 102
11589 6
11589 76
11589 211
11668 4
11668 10
11601 223
11601 237
11601 294
11674 26
11674 33
11759 6
11186 6
11186 21
11617 144
11673 44
11673 53
11728 255
11728 257
11728 330
11243 65
11112 167
11112 196
11112 227
11802 13
11679 35
11679 67
11679 110
11166 67
11508 97
11508 152
11508 227
11508 260
11619 15
11619 20
11619 33
11133 2
11133 69
11584 127
11584 134
11064 52
11064 196
11211 33
11187 43
11187 46
11187 247
11187 310
11644 12
11644 98
11644 127
11644 171
11644 183
11623 51
11623 92
11623 109
11083 42
11083 64
11083 207
11049 64
11802 64
11802 80
11802 158
11802 190
11608 44
11608 122
11833 210
11833 223
11833 240
11833 316
11833 334
11947 3
11947 30
11947 62
11069 68
11069 79
11819 21
11819 23
11819 54
11819 56
11819 102
11819 115
11186 66
11186 81
11064 27
11064 102
11064 114
11064 143
11286 46
11286 70
11509 52
11509 56
11509 75
11509 116
11494 124
11494 194
11494 289
11849 7
11849 10
11065 110
11833 158
11833 212
11833 248
11639 48
11639 80
11639 114
11071 50
11071 91
11071 153
11071 248
11782 19
11782 44
11782 49
11782 54
11782 78
11782 122
11741 14
11741 126
11720 6
11720 16
11720 31
11720 204
11720 213
11811 44
11811 50
11811 90
11811 141
11811 161
11239 80
11271 33
11271 48
11531 1
11531 128
11531 196
11531 199
11135 4
11609 51
11609 63
11609 127
11816 18
11816 23
11816 28
11721 57
11721 80
11721 88
11721 130
11545 25
11739 4
11791 251
11233 69
11233 93
11233 103
11233 139
11814 8
11537 97
11680 46
11680 59
11680 87
11680 123
11680 148
11680 164
11283 25
11174 14
11149 284
11297 9
11249 20
11553 93
11509 94
11115 51
11512 39
11512 93
11512 104
11578 46
11564 50
11564 115
11833 20
11833 103
11504 60
11636 30
11518 7
11219 41
11739 6
11150 84
11146 177
11087 3
11087 88
11087 143
11078 28
11667 5
11698 37
11698 77
11066 197
11192 20
11088 70
11593 14
11593 92
11535 9
11535 36
11050 5
11283 82
11228 15
11648 15
11648 36
11648 50
11648 58
11648 133
11142 8
11142 11
11574 41
11574 60
11574 64
11574 89
11574 97
11710 63
11831 54
11239 29
11239 66
11081 89
11755 34
11755 50
11755 140
11071 46
11071 54
11071 168
11253 51
11264 22
11264 44
11196 62
11196 154
11149 18
11115 101
11535 14
11535 34
11657 35
11776 120
11776 141
11693 18
11693 32
11693 65
11564 1
11564 75
11564 88
11535 76
11648 57
11648 171
11802 215
11769 106
11769 136
11664 82
11664 87
11664 116
11065 55
11065 161
11243 15
11243 67
11531 45
11531 77
11067 31
11067 57
11687 32
11687 89
11687 99
11721 36
11721 56
11721 91
11721 155
11721 181
11755 72
11755 75
11755 127
11755 128
11847 80
11847 106
11783 7
11274 39
11274 95
11294 1
11678 39
11678 61
11678 109
11678 168
11166 32
11166 77
11811 2
11811 54
11709 58
11709 73
11709 114
11638 4
11638 16
11638 20
11083 14
11083 136
11083 200
11727 224
11727 252
11727 265
11727 269
11727 316
11614 5
11614 59
11614 72
11614 143
11614 153
11614 165
11614 188
11784 43
11784 46
11784 47
11784 55
11784 56
11766 82
11766 161
11766 301
11766 317
11240 24
11240 25
11519 129
11519 162
11519 171
11519 197
11519 224
11172 3
11172 45
11172 89
11619 139
11619 147
11619 174
11619 180
11149 190
11815 62
11815 153
11815 170
11815 189
11815 203
11782 15
11782 60
11782 111
11631 190
11259 86
11554 4
11554 39
11554 73
11554 108
11090 60
11090 87
11090 163
11687 61
11687 74
11687 117
11687 134
11687 163
11687 164
11677 18
11524 33
11545 229
11545 252
11665 9
11665 15
11665 29
11665 113
11186 115
11186 130
11186 178
11186 325
11787 138
11713 18
11713 47
11283 27
11846 28
11846 29
11846 96
11846 118
11846 145
11846 155
11846 171
11172 49
11529 200
11529 226
11198 264
11601 233
11601 305
11601 307
11761 228
11761 256
11527 76
11527 86
11733 1
11733 40
11186 176
11186 236
11186 242
11186 334
11601 183
11291 213
11291 271
11291 302
11700 18
11145 22
11179 3
11520 244
11558 15
11291 307
11206 46
11758 28
11857 9
11786 303
11073 75
11177 34
11550 118
11510 19
11811 110
11811 147
11811 160
11811 169
11811 208
11811 218
11811 223
11756 227
11501 15
11543 11
11778 13
11049 9
11791 52
11068 86
11744 8
11733 6
11271 21
11619 48
11619 59
11196 105
11540 8
11540 36
11194 19
11565 168
11610 15
11502 3
11211 19
11202 30
11518 119
11844 322
11187 134
11172 7
11206 32
11945 128
11087 38
11640 47
11149 155
11532 72
11684 28
11684 46
11145 1
11831 22
11244 15
11784 20
11784 34
11073 29
11601 123
11249 50
11072 107
11800 34
11800 107
11550 122
11665 36
11840 8
11664 80
11845 59
11845 207
11619 39
11172 11
11575 50
11575 56
11714 10
11831 68
11076 30
11076 32
11629 19
11629 20
11845 75
11845 216
11170 12
11170 14
11601 248
11601 267
11601 306
11187 197
11271 79
11260 40
11832 32
11832 67
11832 110
11237 51
11091 42
11091 151
11550 83
11550 101
11550 179
11550 195
11632 62
11632 81
11811 21
11811 34
11811 59
11071 133
11071 163
11071 256
11071 156
11071 262
11146 318
11275 81
11617 6
11617 83
11800 124
11800 140
11196 230
11813 206
11813 249
11619 130
11619 179
11263 9
11679 27
11679 108
11601 121
11601 124
11561 33
11561 63
11119 134
11119 196
11677 45
11677 107
11677 111
11678 210
11678 243
11678 281
11844 320
11844 329
11077 28
11077 40
11077 50
11742 117
11742 131
11742 138
11742 186
11780 32
11780 46
11066 26
11066 118
11636 13
11636 14
11636 39
11071 23
11071 55
11071 176
11650 4
11650 6
11166 34
11166 53
11668 48
11668 105
11146 275
11146 295
11233 38
11233 147
11233 180
11842 38
11842 108
11842 150
11628 0
11628 97
11628 110
11721 21
11721 77
11721 153
11495 31
11625 23
11625 54
11570 7
11570 15
11570 63
11570 71
11751 52
11537 42
11537 94
11537 126
11537 147
11665 148
11780 98
11259 76
11247 6
11247 21
11066 133
11066 174
11066 202
11066 224
11854 25
11854 50
11854 88
11727 306
11727 310
11727 313
11238 8
11238 12
11624 15
11624 31
11624 40
11624 41
11644 253
11644 270
11802 96
11802 99
11802 110
11802 113
11728 19
11728 83
11728 124
11728 211
11728 232
11728 267
11135 22
11135 93
11135 124
11727 31
11727 144
11723 52
11723 77
11723 83
11723 143
11723 176
11723 253
11723 317
11678 224
11678 237
11678 300
11501 62
11501 63
11815 154
11815 180
11815 196
11815 312
11759 12
11759 120
11830 195
11830 197
11830 202
11830 204
11830 225
11830 261
11815 38
11815 200
11786 75
11786 76
11786 95
11786 131
11786 156
11786 253
11786 302
11512 41
11083 8
11083 99
11112 206
11830 95
11830 144
11830 149
11830 188
11842 29
11842 51
11842 89
11842 127
11842 161
11519 83
11519 185
11519 191
11519 228
11519 245
11519 246
11519 248
11234 23
11234 59
11234 66
11081 69
11081 119
11081 139
11779 53
11779 79
11779 165
11678 75
11678 97
11678 111
11678 117
11678 137
11678 170
11766 63
11766 169
11766 203
11766 265
11766 288
11766 305
11214 17
11794 15
11204 15
11829 35
11829 55
11829 87
11829 100
11202 50
11083 161
11791 28
11791 43
11791 65
11791 121
11791 157
11791 175
11791 177
11791 307
11550 264
11658 28
11605 273
11678 212
11678 213
11678 285
11506 152
11545 28
11505 152
11721 58
11073 27
11073 66
11506 159
11606 120
11857 7
11723 24
11723 117
11723 154
11723 212
11723 268
11723 301
11723 327
11665 42
11769 105
11176 2
11494 43
11494 123
11945 117
11519 26
11519 99
11519 110
11519 119
11519 157
11519 176
11283 9
11134 151
11077 107
11077 4
11724 4
11713 186
11713 213
11196 85
11196 132
11196 188
11673 14
11775 43
11169 56
11074 54
11179 10
11070 101
11070 182
11668 121
11090 147
11090 158
11729 28
11605 126
11784 39
11115 14
11716 3
11166 71
11166 81
11609 81
11606 221
11606 295
11265 18
11678 301
11632 69
11803 61
11707 114
11707 177
11208 2
11162 1
11162 26
11162 48
11606 208
11582 27
11535 58
11598 28
11653 50
11787 115
11787 147
11067 55
11787 28
11787 38
11785 7
11785 9
11561 55
11234 27
11851 26
11851 52
11779 239
11691 103
11851 54
11286 25
11286 67
11820 13
11820 56
11820 105
11494 34
11494 143
11494 173
11286 31
11286 41
11286 73
11775 69
11836 10
11550 36
11608 119
11608 136
11591 40
11591 128
11591 130
11591 142
11591 148
11769 78
11769 82
11696 19
11196 38
11091 31
11091 78
11168 29
11168 126
11146 79
11146 83
11146 108
11845 110
11845 214
11845 215
11069 56
11793 7
11553 133
11553 169
11634 32
11186 94
11749 51
11749 98
11804 71
11804 157
11804 179
11804 188
11712 8
11712 63
11712 75
11712 117
11529 191
11529 212
11529 215
11240 50
11786 33
11786 98
11786 109
11786 218
11786 227
11786 260
11786 275
11786 293
11786 295
11786 337
11698 8
11698 69
11698 101
11685 22
11685 72
11685 100
11150 13
11150 60
11150 178
11793 97
11793 134
11629 17
11149 150
11756 29
11756 88
11756 141
11756 223
11756 255
11756 270
11147 16
11147 43
11087 12
11087 24
11237 42
11237 100
11738 23
11738 213
11738 220
11738 257
11234 10
11234 17
11234 49
11233 14
11233 63
11233 64
11071 76
11071 110
11071 160
11071 185
11071 202
11071 225
11071 240
11737 40
11737 59
11737 71
11737 118
11737 146
11069 11
11844 70
11844 87
11844 113
11844 160
11844 162
11844 202
11844 205
11844 224
11290 10
11290 139
11290 201
11290 250
11715 44
11715 57
11715 90
11715 131
11715 177
11715 214
11682 33
11682 47
11682 63
11682 96
11537 60
11537 72
11537 73
11537 192
11291 142
11291 167
11291 169
11291 184
11291 234
11628 34
11628 134
11628 186
11628 251
11782 47
11782 108
11782 110
11782 164
11782 190
11169 95
11531 3
11531 84
11531 90
11531 118
11531 151
11531 193
11745 119
11745 129
11745 166
11182 3
11182 118
11182 134
11182 170
11804 7
11804 14
11804 113
11804 158
11804 175
11804 184
11553 125
11553 204
11553 207
11553 255
11847 19
11847 20
11172 12
11172 19
11601 143
11740 268
11740 280
11740 300
11135 127
11644 44
11644 46
11644 95
11644 114
11242 39
11532 84
11652 85
11832 173
11598 44
11297 39
11127 4
11605 57
11605 79
11605 144
11605 162
11605 209
11605 260
11605 271
11138 7
11138 74
11086 49
11700 46
11852 4
11605 27
11605 107
11605 112
11605 183
11605 223
11605 243
11605 249
11605 269
11213 11
11244 5
11727 171
11070 27
11187 114
11559 0
11174 16
11634 4
11605 189
11691 38
11691 49
11214 4
11606 43
11780 210
11551 103
11721 8
11721 116
11721 127
11721 144
11721 200
11244 32
11291 37
11169 100
11545 295
11187 148
11758 0
11727 303
11619 2
11619 17
11619 35
11150 40
11583 26
11638 26
11679 87
11631 211
11684 11
11721 190
11665 19
11665 26
11665 127
11143 24
11774 19
11166 83
11660 19
11660 30
11672 7
11672 13
11672 46
11613 31
11613 45
11726 20
11064 14
11182 28
11775 88
11776 155
11591 22
11591 35
11591 61
11591 83
11591 104
11591 132
11157 15
11249 72
11678 175
11678 193
11776 27
11634 3
11634 28
11521 35
11521 70
11234 58
11775 42
11819 42
11819 88
11605 34
11605 80
11605 158
11605 178
11721 186
11721 212
11648 77
11648 158
11086 66
11086 94
11086 184
11086 232
11271 10
11264 90
11847 15
11847 18
11290 59
11290 170
11290 203
11794 17
11243 61
11229 3
11229 6
11229 9
11198 94
11673 2
11673 34
11673 63
11946 23
11946 25
11274 28
11077 6
11077 7
11253 3
11146 69
11146 144
11146 192
11146 240
11146 321
11646 16
11646 58
11646 60
11646 86
11537 58
11537 130
11537 150
11537 177
11537 200
11584 16
11584 63
11584 74
11830 21
11071 28
11071 36
11071 151
11071 166
11071 257
11759 4
11759 105
11759 117
11759 118
11759 190
11187 51
11187 243
11187 291
11709 95
11709 103
11709 112
11724 21
11724 24
11724 104
11724 228
11724 259
11724 284
11614 3
11614 31
11614 69
11614 140
11614 152
11678 33
11678 52
11678 163
11678 169
11724 68
11724 77
11724 85
11724 258
11724 274
11724 320
11776 59
11844 48
11844 73
11844 86
11844 112
11844 140
11844 230
11844 234
11720 15
11720 153
11720 156
11720 167
11720 212
11749 37
11749 45
11749 103
11507 111
11631 76
11631 153
11631 235
11631 249
11724 47
11724 92
11724 134
11724 147
11724 149
11724 179
11724 221
11724 330
11286 6
11286 88
11506 23
11506 90
11844 316
11782 103
11626 26
11601 58
11601 105
11601 159
11740 66
11740 73
11740 100
11740 114
11740 155
11740 2
11282 11
11532 80
11532 110
11090 122
11116 163
11755 42
11769 4
11821 160
11171 105
11678 78
11678 183
11678 202
11727 186
11678 56
11780 11
11290 310
11842 28
11605 62
11672 32
11791 1
11791 77
11791 108
11791 111
11791 219
11791 295
11678 124
11851 72
11668 61
11177 0
11816 3
11685 163
11769 119
11271 72
11624 35
11624 45
11774 43
11171 36
11728 318
11065 23
11229 18
11728 3
11192 2
11819 52
11819 112
11212 35
11672 1
11672 37
11658 22
11769 46
11545 77
11619 213
11172 51
11550 158
11543 227
11294 55
11545 207
11545 275
11593 50
11535 43
11535 44
11851 15
11278 32
11278 169
11682 41
11682 71
11550 57
11135 68
11144 6
11813 235
11664 32
11115 65
11532 52
11134 81
11270 65
11275 10
11120 15
11120 42
11120 86
11710 109
11710 114
11049 10
11134 131
11134 159
11553 180
11553 202
11553 221
11795 2
11291 46
11291 57
11279 93
11279 109
11264 91
11077 32
11077 115
11213 20
11292 9
11168 28
11168 110
11833 171
11150 51
11150 135
11769 92
11769 138
11632 35
11730 16
11710 48
11068 11
11068 16
11639 49
11639 72
11830 7
11624 14
11624 50
11072 11
11072 39
11829 110
11829 130
11182 21
11182 42
11182 71
11237 103
11504 4
11504 40
11253 76
11253 105
11253 119
11291 205
11291 309
11691 39
11691 58
11146 112
11146 266
11830 46
11830 266
11830 281
11830 293
11621 13
11621 15
11070 64
11070 82
11070 119
11070 233
11133 45
11133 81
11133 89
11820 244
11820 274
11820 295
11291 173
11291 216
11291 238
11608 18
11608 50
11608 131
11557 19
11557 39
11844 29
11844 129
11844 212
11844 267
11844 276
11844 278
11844 279
11844 305
11260 2
11624 29
11624 53
11553 85
11553 97
11617 60
11617 63
11617 75
11758 85
11758 89
11813 160
11813 170
11259 94
11259 96
11685 30
11685 73
11685 75
11685 101
11845 84
11845 131
11845 195
11845 213
11546 53
11546 89
11546 106
11546 125
11546 133
11543 50
11543 63
11606 204
11606 211
11606 246
11606 302
11821 99
11821 121
11821 152
11761 178
11761 181
11761 211
11761 245
11518 4
11518 26
11518 27
11518 53
11518 61
11518 62
11804 66
11804 68
11804 105
11804 136
11644 209
11758 37
11758 42
11758 47
11112 221
11112 224
11724 76
11724 137
11724 186
11724 302
11723 31
11723 35
11723 63
11723 177
11723 181
11723 213
11813 11
11813 26
11813 114
11813 141
11813 161
11112 151
11492 92
11796 55
11796 58
11796 81
11796 104
11796 132
11796 167
11796 178
11085 17
11070 6
11070 105
11171 94
11507 154
11630 11
11149 30
11211 23
11196 225
11494 202
11507 11
11507 131
11202 22
11066 71
11066 248
11617 49
11828 26
11646 70
11606 288
11947 63
11830 330
11780 125
11780 161
11842 45
11139 69
11139 92
11822 1
11570 84
11203 91
11219 66
11219 83
11776 26
11776 97
11064 42
11064 108
11609 76
11074 60
11844 110
11844 123
11844 141
11844 146
11844 283
11506 20
11506 30
11506 107
11074 39
11203 46
11192 14
11291 39
11521 108
11521 134
11217 14
11680 75
11228 3
11188 1
11606 223
11068 62
11782 196
11836 32
11836 96
11072 52
11072 80
11059 47
11648 22
11648 49
11648 55
11648 169
11293 12
11166 20
11166 27
11166 43
11741 32
11741 35
11741 71
11741 122
11527 1
11527 7
11527 94
11527 106
11527 108
11623 12
11623 80
11845 86
11196 81
11550 5
11550 44
11714 3
11606 186
11561 22
11774 29
11545 242
11545 268
11543 134
11849 24
11294 28
11848 42
11848 114
11848 149
11848 155
11848 164
11233 168
11291 262
11678 120
11678 191
11644 100
11176 9
11290 22
11290 78
11290 88
11290 110
11290 135
11290 297
11197 60
11584 15
11584 47
11733 8
11733 30
11564 9
11564 58
11564 101
11203 80
11203 89
11271 83
11146 78
11146 156
11146 290
11202 10
11833 327
11529 7
11529 88
11647 14
11291 222
11782 92
11173 107
11813 86
11813 159
11599 18
11086 83
11553 65
11553 90
11639 118
11785 0
11244 19
11204 16
11787 86
11787 94
11787 103
11621 31
11172 43
11172 65
11187 61
11187 161
11187 187
11187 255
11187 268
11804 1
11804 8
11804 58
11804 101
11793 32
11793 126
11604 200
11628 136
11628 141
11628 143
11628 249
11083 131
11083 176
11758 101
11758 102
11120 84
11120 109
11841 40
11841 94
11841 115
11775 20
11775 22
11775 79
11775 102
11727 24
11727 64
11727 135
11727 151
11083 83
11083 162
11083 183
11083 208
11139 37
11139 70
11283 2
11215 18
11215 65
11520 189
11527 6
11527 60
11527 63
11673 73
11279 0
11599 20
11599 43
11589 22
11589 66
11589 228
11774 11
11774 31
11774 37
11143 51
11817 0
11537 26
11537 43
11537 63
11537 231
11537 246
11075 14
11519 21
11519 42
11519 127
11519 186
11519 227
11529 14
11529 62
11529 125
11529 141
11571 5
11059 19
11059 22
11059 50
11064 29
11064 153
11709 63
11709 124
11709 133
11570 1
11570 24
11570 28
11570 86
11570 95
11715 9
11715 124
11715 152
11715 217
11755 64
11755 68
11755 73
11755 113
11762 88
11759 15
11759 148
11759 165
11759 169
11759 238
11637 15
11637 30
11637 87
11078 22
11756 8
11756 41
11756 74
11756 108
11756 169
11756 219
11756 236
11507 105
11528 63
11212 47
11505 102
11505 145
11866 162
11512 32
11197 83
11494 203
11727 22
11727 38
11727 40
11727 56
11727 106
11727 162
11801 40
11297 53
11171 108
11149 24
11149 43
11841 48
11617 217
11589 188
11083 65
11197 100
11820 266
11619 108
11619 154
11621 36
11742 7
11493 48
11623 96
11779 287
11149 266
11049 16
11848 51
11214 67
11644 216
11578 34
11578 98
11294 9
11186 205
11579 9
11144 30
11197 112
11291 201
11849 20
11849 27
11265 8
11821 14
11821 66
11821 68
11821 70
11821 159
11673 4
11737 74
11737 79
11737 81
11621 22
11621 24
11745 7
11634 2
11064 33
11166 62
11263 35
11742 219
11742 278
11297 81
11695 2
11115 107
11066 198
11066 221
11791 11
11791 116
11791 162
11791 165
11791 185
11791 275
11791 276
11509 24
11509 78
11509 115
11064 2
11677 117
11677 165
11203 51
11756 193
11279 55
11065 89
11171 41
11171 77
11622 27
11283 68
11727 331
11727 335
11613 29
11087 63
11087 165
11128 45
11584 159
11821 29
11601 201
11198 2
11198 204
11166 61
11618 52
11618 103
11186 153
11208 18
11794 27
11681 77
11681 92
11681 116
11638 12
11133 63
11133 64
11290 29
11290 53
11290 61
11088 34
11088 46
11519 272
11519 307
11821 15
11821 101
11821 156
11591 169
11740 210
11740 248
11740 294
11740 338
11853 11
11194 17
11296 4
11674 5
11069 43
11069 82
11658 7
11582 6
11582 15
11755 21
11766 39
11766 62
11766 238
11766 256
11766 267
11707 164
11049 27
11049 36
11854 12
11854 41
11854 61
11575 10
11259 39
11755 118
11260 23
11815 44
11815 73
11815 195
11815 307
11755 58
11819 27
11819 101
11819 107
11820 49
11820 76
11820 118
11275 48
11514 4
11514 12
11274 33
11847 86
11847 103
11847 105
11820 214
11234 5
11234 24
11186 164
11186 168
11186 301
11149 139
11149 260
11249 46
11214 18
11814 3
11814 13
11112 163
11112 192
11112 256
11112 259
11228 32
11228 48
11149 59
11149 92
11149 124
11149 275
11067 54
11067 59
11263 36
11830 250
11800 99
11800 176
11233 157
11233 201
11601 218
11601 257
11601 273
11623 46
11623 54
11623 83
11623 101
11675 111
11675 142
11675 162
11666 29
11666 55
11698 15
11698 53
11698 71
11698 110
11832 14
11832 17
11832 30
11832 60
11832 117
11832 146
11832 184
11715 127
11715 160
11715 192
11715 202
11715 209
11715 250
11673 6
11715 51
11715 113
11715 225
11715 242
11742 132
11742 156
11742 177
11742 217
11742 233
11742 236
11637 8
11637 33
11637 170
11811 12
11811 69
11811 73
11811 162
11584 80
11519 52
11519 82
11519 216
11519 232
11519 244
11519 261
11519 264
11112 132
11112 226
11112 250
11239 1
11239 92
11164 26
11721 3
11721 17
11721 81
11721 129
11796 39
11796 45
11796 65
11721 13
11721 113
11721 168
11721 192
11275 99
11524 127
11524 174
11524 216
11524 240
11524 278
11782 17
11782 87
11782 153
11553 100
11667 18
11194 8
11194 11
11570 13
11693 43
11693 83
11169 158
11068 60
11279 75
11729 86
11589 67
11589 104
11589 183
11692 13
11504 2
11791 84
11791 161
11791 174
11791 228
11791 254
11791 266
11791 294
11290 34
11072 22
11072 46
11198 97
11198 154
11198 243
11198 293
11836 53
11685 220
11685 241
11685 309
11740 63
11740 72
11740 75
11740 102
11740 110
11244 9
11064 212
11543 152
11543 176
11543 187
11543 218
11526 7
11193 1
11233 82
11784 50
11275 19
11275 103
11192 25
11775 0
11546 29
11546 120
11219 20
11751 30
11848 3
11506 166
11506 168
11710 67
11171 92
11753 40
11804 41
11804 55
11804 59
11804 189
11804 197
11081 70
11184 67
11647 19
11519 302
11049 54
11814 24
11691 88
11836 11
11836 13
11836 24
11836 75
11127 22
11778 2
11577 32
11565 45
11565 71
11565 92
11565 151
11565 164
11565 265
11184 55
11543 194
11685 286
11553 146
11553 177
11564 24
11564 71
11681 1
11519 296
11637 32
11637 46
11637 132
11637 187
11673 22
11146 94
11112 225
11830 17
11830 44
11285 32
11644 245
11644 252
11166 99
11174 19
11214 94
11091 1
11813 251
11813 252
11173 40
11655 8
11655 15
11297 20
11068 27
11090 53
11090 85
11090 149
11090 183
11619 88
11714 15
11275 66
11297 36
11297 46
11212 45
11205 24
11544 58
11544 65
11544 69
11283 14
11719 22
11719 62
11853 25
11853 55
11187 106
11187 162
11814 25
11779 31
11779 75
11779 225
11283 104
11589 75
11589 89
11589 189
11229 11
11264 47
11680 98
11680 111
11680 135
11680 163
11238 33
11830 36
11291 34
11291 112
11069 51
11069 73
11069 111
11680 34
11196 133
11685 27
11685 45
11685 71
11685 79
11851 24
11851 28
11829 8
11829 114
11829 126
11829 162
11829 163
11528 4
11528 44
11086 51
11086 119
11086 158
11802 199
11146 238
11146 251
11604 314
11738 20
11738 25
11738 121
11738 177
11137 2
11733 18
11733 32
11733 34
11682 7
11682 36
11682 56
11682 106
11087 33
11087 55
11087 125
11609 33
11609 37
11609 87
11609 107
11609 138
11215 75
11215 111
11186 22
11186 29
11738 130
11738 140
11738 189
11738 261
11149 137
11149 308
11149 320
11065 43
11065 145
11065 149
11074 37
11074 77
11644 54
11644 97
11644 104
11644 129
11685 21
11685 76
11685 83
11069 133
11759 97
11759 159
11759 184
11759 198
11759 237
11759 242
11759 249
11087 100
11240 39
11240 45
11804 9
11804 70
11804 122
11804 144
11578 13
11578 37
11584 119
11847 7
11847 43
11804 2
11804 80
11804 141
11804 160
11804 162
11730 9
11730 21
11820 47
11820 109
11820 133
11820 166
11278 36
11278 64
11278 100
11278 106
11172 39
11172 55
11172 69
11867 42
11867 60
11867 73
11867 111
11625 42
11625 49
11625 58
11712 30
11712 89
11712 114
11712 119
11618 37
11618 65
11618 133
11618 151
11618 155
11617 147
11617 170
11617 177
11617 178
11617 212
11751 232
11751 253
11769 14
11769 42
11769 51
11844 89
11844 95
11844 125
11844 178
11844 208
11844 288
11844 308
11083 87
11083 98
11083 129
11083 141
11793 118
11793 121
11793 124
11793 147
11793 290
11793 298
11519 44
11519 96
11519 159
11519 207
11519 258
11187 4
11187 17
11187 21
11187 267
11187 334
11766 74
11766 131
11766 189
11766 196
11766 259
11766 262
11766 319
11146 223
11146 263
11146 282
11146 317
11820 8
11820 20
11820 45
11820 73
11820 75
11820 120
11637 57
11637 65
11637 90
11637 92
11637 138
11637 150
11083 39
11083 107
11083 139
11083 187
11083 219
11135 53
11135 82
11177 32
11543 38
11090 69
11584 120
11584 122
11584 140
11584 154
11069 13
11069 33
11631 191
11631 199
11781 12
11781 43
11233 75
11675 30
11675 50
11550 112
11550 117
11550 163
11550 184
11550 221
11296 44
11263 39
11263 48
11589 53
11589 54
11589 72
11226 23
11551 34
11763 67
11605 140
11591 33
11197 89
11066 32
11851 18
11775 89
11674 15
11226 11
11787 157
11647 23
11532 63
11088 42
11822 39
11836 81
11279 103
11559 101
11844 5
11737 113
11766 165
11609 150
11543 84
11754 64
11754 91
11584 52
11832 108
11086 174
11807 18
11807 36
11190 12
11168 111
11816 4
11086 1
11086 23
11066 35
11066 155
11214 52
11064 145
11803 108
11253 40
11775 30
11198 279
11851 13
11611 4
11171 0
11836 29
11598 13
11515 16
11169 96
11169 196
11867 8
11867 24
11867 61
11867 89
11293 25
11830 244
11626 49
11626 102
11793 10
11679 58
11668 31
11680 44
11761 189
11069 117
11947 48
11256 7
11535 67
11535 105
11282 41
11762 107
11078 3
11537 74
11537 111
11537 215
11291 180
11291 226
11761 152
11609 39
11609 188
11294 42
11776 65
11776 133
11263 37
11640 10
11640 49
11665 73
11665 120
11727 284
11170 8
11091 186
11150 72
11740 57
11740 146
11740 149
11803 69
11803 85
11803 88
11803 113
11599 34
11599 40
11192 31
11066 38
11071 181
11071 192
11653 21
11719 3
11854 32
11854 53
11198 119
11198 133
11198 195
11198 262
11846 21
11846 115
11844 318
11844 325
11505 27
11664 38
11664 44
11664 65
11584 27
11584 44
11584 60
11149 35
11128 44
11787 118
11787 130
11787 148
11787 176
11727 214
11727 287
11727 291
11077 26
11077 45
11077 64
11691 99
11691 155
11131 11
11679 70
11679 101
11679 136
11833 225
11557 9
11557 38
11557 41
11557 43
11557 56
11833 213
11833 340
11521 10
11521 57
11521 61
11521 66
11545 3
11545 6
11545 18
11545 21
11842 14
11842 30
11842 59
11678 26
11120 69
11120 127
11618 56
11618 60
11728 191
11820 212
11820 229
11820 270
11820 279
11150 76
11150 157
11668 96
11668 124
11271 75
11784 11
11524 119
11524 270
11247 16
11604 46
11604 145
11604 158
11604 259
11545 12
11545 76
11742 13
11742 52
11742 67
11742 72
11742 90
11713 133
11713 151
11741 41
11741 81
11741 86
11741 89
11741 103
11243 68
11751 72
11751 80
11751 160
11751 164
11149 148
11149 200
11149 211
11149 253
11543 23
11543 49
11244 37
11073 52
11742 148
11742 200
11742 210
11579 0
11737 55
11737 125
11737 140
11737 142
11737 191
11737 200
11069 49
11069 55
11239 104
11243 11
11243 35
11243 50
11848 0
11848 38
11848 63
11744 16
11086 86
11086 156
11086 218
11565 25
11565 53
11565 58
11565 173
11614 7
11623 71
11623 84
11623 108
11071 3
11071 261
11494 140
11678 51
11819 25
11819 33
11504 13
11583 12
11583 15
11583 55
11759 0
11759 41
11759 43
11759 68
11759 133
11759 199
11833 195
11774 33
11814 11
11833 93
11264 41
11264 99
11551 50
11802 142
11186 296
11761 120
11271 1
11710 25
11710 95
11710 107
11710 110
11745 0
11745 64
11745 84
11745 175
11120 148
11291 11
11197 39
11652 89
11066 0
11656 57
11532 117
11532 124
11591 162
11186 318
11769 124
11769 129
11193 5
11205 2
11609 247
11609 248
11609 295
11064 12
11553 62
11291 75
11830 283
11724 48
11724 126
11724 267
11724 279
11745 135
11577 0
11217 8
11726 33
11154 24
11091 96
11751 260
11619 209
11762 17
11776 25
11776 107
11776 159
11081 150
11284 7
11514 7
11593 1
11064 19
11064 131
11065 29
11623 35
11623 65
11623 77
11623 121
11769 94
11285 66
11515 38
11515 47
11198 89
11213 47
11073 2
11681 6
11239 9
11801 47
11204 22
11791 140
11791 261
11589 74
11589 204
11504 76
11740 314
11740 315
11740 316
11112 120
11112 253
11128 3
11128 8
11182 147
11091 8
11194 5
11150 83
11230 13
11526 15
11738 148
11738 154
11738 195
11738 196
11738 198
11738 200
11738 225
11738 264
11139 58
11139 96
11820 34
11820 86
11820 128
11793 49
11793 304
11758 72
11758 91
11150 89
11675 170
11749 55
11253 59
11780 110
11780 181
11632 26
11755 40
11285 25
11074 50
11186 135
11186 185
11186 209
11776 69
11776 179
11213 10
11077 69
11281 1
11518 90
11712 19
11712 64
11742 137
11742 291
11678 298
11678 323
11707 92
11707 104
11707 136
11707 178
11067 28
11219 71
11793 11
11793 25
11793 46
11281 11
11584 98
11584 118
11584 129
11282 3
11282 8
11738 94
11738 99
11738 199
11738 251
11754 4
11754 18
11754 83
11779 17
11779 70
11779 162
11779 175
11779 196
11779 197
11779 209
11779 268
11779 270
11609 207
11086 84
11086 183
11626 67
11626 74
11173 9
11173 28
11275 87
11819 9
11819 44
11819 55
11819 91
11819 114
11727 220
11727 221
11727 325
11727 201
11727 318
11679 7
11679 79
11679 151
11198 80
11198 176
11198 178
11198 283
11816 77
11816 104
11270 25
11270 54
11270 66
11766 92
11766 107
11766 134
11766 146
11766 162
11766 230
11198 86
11198 127
11179 13
11626 1
11626 11
11065 163
11599 8
11599 38
11787 58
11709 53
11709 67
11709 97
11709 137
11682 61
11065 0
11065 31
11065 72
11065 148
11531 19
11531 68
11687 57
11687 72
11687 131
11591 134
11591 139
11679 60
11679 61
11679 116
11679 135
11147 8
11147 22
11721 174
11278 46
11278 54
11278 103
11115 22
11115 62
11677 26
11677 131
11677 135
11793 34
11196 66
11196 141
11196 167
11146 260
11146 303
11146 320
11233 19
11233 182
11078 2
11791 32
11791 88
11791 115
11791 154
11791 210
11791 265
11791 272
11791 280
11550 47
11550 49
11630 84
11630 147
11630 160
11512 111
11639 52
11639 69
11639 83
11639 112
11813 166
11813 260
11813 263
11846 38
11846 50
11846 56
11846 158
11846 169
11851 27
11239 6
11239 90
11202 44
11091 163
11134 57
11205 22
11065 78
11260 22
11184 88
11509 67
11520 134
11520 187
11520 233
11520 240
11116 154
11753 46
11753 50
11187 8
11828 9
11115 40
11797 4
11134 29
11658 29
11800 164
11675 81
11675 146
11763 6
11186 0
11804 46
11804 75
11804 143
11804 202
11804 325
11577 27
11201 1
11543 250
11543 257
11608 3
11716 43
11763 63
11149 146
11149 180
11172 78
11172 0
11283 18
11187 18
11606 175
11515 12
11625 18
11625 40
11243 78
11632 68
11656 7
11168 102
11134 3
11756 269
11749 33
11749 62
11543 159
11291 17
11776 143
11820 89
11630 8
11132 0
11132 26
11186 9
11818 2
11818 9
11820 4
11820 112
11744 0
11237 54
11064 26
11532 112
11278 333
11755 126
11755 132
11664 84
11187 71
11187 131
11071 157
11076 23
11656 10
11652 79
11652 99
11604 203
11090 14
11090 19
11090 64
11090 173
11605 53
11605 63
11605 138
11605 157
11605 179
11605 236
11605 283
11219 18
11219 47
11634 13
11740 213
11740 271
11613 28
11727 281
11691 98
11194 36
11601 192
11601 193
11709 36
11709 98
11709 118
11278 237
11495 43
11853 9
11668 85
11668 119
11730 14
11730 23
11253 41
11831 52
11135 64
11135 96
11135 117
11219 68
11844 47
11844 150
11844 214
11283 40
11657 44
11564 10
11564 67
11803 125
11212 53
11782 5
11782 170
11128 13
11626 30
11187 129
11187 220
11187 222
11742 163
11742 211
11742 228
11742 294
11278 150
11278 221
11278 227
11759 3
11759 147
11759 170
11759 193
11759 223
11544 41
11741 7
11741 10
11766 95
11766 184
11766 194
11766 218
11766 220
11766 293
11766 311
11275 14
11291 49
11291 106
11291 118
11291 126
11644 58
11644 67
11644 92
11644 109
11644 135
11644 188
11647 7
11520 14
11520 47
11520 91
11520 225
11520 238
11520 253
11815 28
11815 286
11815 298
11815 315
11800 131
11800 137
11204 1
11546 36
11546 45
11546 60
11546 72
11546 73
11546 149
11639 19
11639 86
11605 30
11605 46
11605 76
11605 101
11605 146
11605 296
11243 52
11630 60
11687 6
11687 65
11687 108
11687 160
11687 176
11687 189
11139 12
11139 30
11139 31
11712 36
11712 59
11712 62
11712 86
11271 84
11186 187
11186 226
11186 229
11186 319
11531 115
11278 49
11278 91
11278 187
11628 72
11628 199
11628 314
11138 33
11138 61
11648 23
11648 74
11648 140
11648 201
11614 19
11614 42
11614 98
11614 101
11614 132
11614 41
11614 58
11614 62
11614 100
11614 112
11278 57
11278 101
11278 218
11278 249
11851 41
11851 66
11527 43
11527 70
11527 105
11527 151
11564 2
11591 6
11591 18
11591 51
11591 69
11591 105
11591 106
11591 121
11068 61
11068 75
11068 77
11068 87
11830 160
11830 180
11830 267
11685 49
11685 102
11685 136
11749 35
11749 91
11723 48
11723 54
11723 106
11723 205
11723 296
11723 314
11723 320
11723 326
11693 20
11693 51
11693 58
11693 72
11535 89
11535 97
11535 111
11291 235
11291 306
11173 24
11173 134
11255 13
11781 4
11781 22
11274 12
11274 52
11253 83
11766 153
11766 173
11766 193
11766 232
11766 307
11766 308
11146 46
11146 53
11146 99
11146 110
11146 178
11146 296
11146 322
11728 28
11728 70
11728 313
11728 327
11684 5
11684 44
11684 72
11529 13
11529 67
11529 130
11529 137
11529 142
11546 21
11546 88
11546 95
11575 41
11575 51
11575 54
11772 5
11282 6
11512 116
11135 65
11064 66
11687 197
11184 68
11678 253
11133 30
11713 111
11713 207
11264 24
11507 109
11507 152
11493 38
11619 57
11619 76
11066 200
11066 246
11779 111
11128 48
11535 75
11535 110
11584 130
11584 152
11802 38
11296 34
11213 13
11240 11
11668 82
11074 22
11203 71
11203 86
11174 2
11598 30
11598 57
11264 18
11049 21
11501 50
11803 16
11803 109
11599 5
11599 37
11260 41
11064 126
11064 198
11149 27
11149 335
11147 13
11068 71
11206 38
11807 23
11518 60
11518 100
11187 130
11211 30
11187 275
11713 22
11713 55
11147 1
11147 31
11147 50
11187 218
11090 105
11090 186
11709 18
11709 25
11709 26
11709 27
11143 12
11143 17
11143 34
11687 2
11687 17
11687 207
11112 266
11686 18
11526 4
11112 135
11112 175
11112 251
11685 250
11166 17
11166 47
11166 52
11781 53
11841 8
11215 13
11215 14
11802 76
11802 92
11802 135
11618 25
11618 199
11543 132
11543 180
11867 49
11867 78
11867 118
11674 62
11674 74
11173 78
11112 211
11559 13
11559 81
11682 62
11682 105
11675 147
11675 172
11675 181
11606 193
11187 289
11625 56
11625 72
11605 105
11249 22
11249 42
11065 3
11275 98
11275 114
11632 74
11134 5
11134 18
11134 34
11134 35
11278 41
11278 121
11278 220
11278 241
11712 7
11712 20
11712 67
11712 111
11529 42
11529 146
11529 160
11242 34
11628 185
11628 216
11787 149
11787 189
11603 12
11603 38
11086 59
11086 79
11086 129
11086 240
11528 20
11774 20
11774 41
11134 0
11134 6
11085 8
11119 33
11119 51
11846 36
11846 113
11846 163
11846 180
11146 13
11146 72
11146 308
11852 54
11852 84
11852 92
11830 121
11830 329
11673 35
11673 71
11782 161
11574 63
11281 2
11686 4
11727 246
11844 327
11652 87
11077 85
11278 250
11278 252
11656 1
11120 97
11675 1
11796 60
11796 123
11796 130
11796 140
11691 46
11227 14
11172 91
11756 184
11228 43
11691 6
11721 33
11721 69
11721 165
11721 182
11721 183
11721 189
11740 49
11740 55
11740 104
11740 147
11740 164
11774 27
11774 65
11830 11
11830 13
11830 47
11609 223
11609 255
11609 256
11609 280
11609 308
11609 314
11782 26
11244 7
11244 40
11075 5
11521 109
11543 109
11543 139
11543 148
11614 52
11614 71
11614 84
11614 126
11614 183
11648 4
11648 28
11648 53
11648 84
11648 132
11128 12
11796 46
11796 63
11796 85
11605 143
11247 17
11247 26
11493 26
11134 129
11521 117
11166 0
11166 92
11081 94
11081 149
11679 57
11679 121
11073 68
11150 69
11150 130
11617 81
11653 26
11653 69
11601 276
11134 148
11794 19
11794 26
11253 67
11675 7
11219 11
11233 191
11210 12
11644 16
11196 48
11070 28
11070 111
11070 179
11619 87
11619 165
11198 302
11509 61
11509 163
11512 91
11512 109
11116 168
11674 0
11674 1
11237 45
11755 158
11719 29
11535 46
11070 16
11070 47
11070 139
11070 156
11741 80
11197 63
11849 38
11215 8
11186 72
11190 14
11762 216
11119 9
11119 13
11119 58
11119 174
11780 206
11678 122
11115 69
11631 58
11631 83
11631 103
11631 170
11631 215
11631 262
11278 204
11691 28
11584 150
11584 151
11296 11
11296 53
11749 95
11831 7
11831 20
11780 26
11780 50
11780 71
11780 78
11780 82
11793 9
11793 12
11532 97
11532 99
11589 59
11589 62
11589 64
11589 81
11589 182
11589 196
11589 212
11171 22
11171 109
11214 89
11574 105
11198 44
11198 121
11198 155
11787 2
11787 18
11561 21
11561 38
11561 49
11196 220
11626 42
11720 34
11720 103
11720 109
11720 114
11720 144
11720 166
11601 48
11601 112
11601 176
11601 180
11601 188
11601 194
11696 53
11696 85
11626 63
11626 71
11831 2
11831 28
11083 47
11083 86
11064 32
11064 140
11618 29
11618 53
11618 111
11618 191
11709 1
11709 10
11779 43
11779 112
11779 138
11781 7
11781 16
11781 35
11781 38
11646 0
11646 37
11646 39
11720 13
11720 131
11720 180
11720 210
11685 182
11685 236
11685 246
11685 295
11685 315
11518 25
11518 78
11518 122
11529 0
11529 11
11529 19
11529 71
11529 119
11678 182
11678 205
11551 25
11551 44
11685 67
11685 89
11685 138
11685 147
11947 57
11947 61
11947 83
11073 10
11073 71
11240 15
11715 16
11715 120
11715 137
11715 185
11715 188
11684 59
11728 9
11728 72
11728 92
11728 121
11728 136
11728 217
11728 281
11766 100
11766 104
11766 123
11766 245
11766 260
11766 264
11766 299
11751 181
11751 257
11751 294
11604 47
11604 74
11604 99
11604 136
11604 166
11604 170
11604 243
11604 247
11528 25
11528 38
11528 56
11800 33
11800 58
11800 187
11219 14
11820 245
11820 287
11065 37
11065 42
11065 100
11065 154
11535 11
11535 52
11716 36
11716 48
11716 93
11791 2
11791 59
11791 113
11791 270
11791 290
11791 292
11791 303
11846 12
11846 108
11846 147
11846 152
11833 266
11833 282
11820 192
11820 195
11820 205
11820 271
11618 2
11618 24
11618 38
11618 40
11618 189
11721 25
11721 27
11721 46
11721 132
11693 12
11693 52
11693 76
11073 26
11529 9
11529 12
11529 96
11278 96
11278 131
11623 1
11623 14
11623 20
11623 64
11086 122
11086 178
11601 208
11601 227
11601 231
11601 302
11601 310
11601 317
11609 27
11609 147
11609 176
11609 189
11751 101
11589 17
11589 193
11589 224
11508 13
11508 205
11508 240
11508 271
11508 279
11508 287
11599 9
11599 15
11599 63
11665 37
11665 87
11665 100
11665 163
11679 19
11679 40
11679 106
11679 134
11679 147
11543 47
11540 55
11532 119
11075 33
11751 46
11751 58
11751 67
11751 110
11783 22
11716 18
11803 47
11761 134
11785 13
11531 73
11531 82
11531 107
11204 26
11091 165
11291 3
11172 36
11830 325
11509 86
11679 115
11679 128
11679 137
11679 140
11761 176
11609 92
11088 22
11820 226
11820 262
11820 301
11820 302
11845 43
11067 61
11583 67
11576 26
11073 7
11505 63
11505 70
11505 138
11505 141
11696 14
11196 236
11529 162
11529 197
11529 264
11529 313
11678 287
11675 18
11675 64
11550 13
11162 4
11792 1
11792 14
11146 31
11146 41
11146 84
11146 334
11291 42
11507 87
11507 100
11507 121
11758 79
11593 100
11064 23
11078 12
11524 54
11524 59
11524 129
11524 233
11524 246
11524 285
11524 294
11233 16
11065 118
11259 80
11561 58
11561 65
11285 37
11740 178
11634 14
11830 49
11557 36
11557 110
11598 53
11685 211
11685 256
11628 64
11628 87
11628 108
11628 125
11628 184
11628 188
11628 248
11077 43
11793 158
11759 218
11075 43
11075 45
11075 47
11075 48
11075 50
11646 59
11166 19
11169 9
11841 28
11841 61
11603 8
11506 135
11581 106
11845 1
11845 29
11845 46
11845 165
11845 176
11845 186
11793 36
11617 117
11617 155
11617 183
11852 42
11852 59
11086 12
11264 57
11171 8
11586 3
11116 140
11809 15
11809 38
11763 61
11786 244
11786 284
11786 307
11786 311
11786 315
11197 12
11668 97
11086 6
11836 4
11836 94
11783 12
11783 48
11783 49
11233 17
11780 102
11780 111
11780 118
11144 29
11291 172
11291 177
11291 278
11551 14
11551 32
11069 52
11069 105
11069 108
11727 322
11727 330
11531 32
11531 51
11531 126
11531 165
11531 191
11780 16
11780 21
11780 72
11680 168
11796 190
11083 51
11083 201
11240 3
11605 285
11728 336
11780 97
11751 11
11751 39
11751 63
11751 162
11751 169
11253 23
11831 42
11831 45
11543 93
11543 160
11543 178
11727 213
11727 254
11727 277
11726 108
11726 208
11726 236
11726 286
11726 297
11726 319
11168 47
11168 56
11217 13
11217 15
11217 32
11829 102
11829 105
11829 112
11234 6
11234 43
11613 30
11613 58
11660 27
11866 122
11866 125
11866 159
11778 1
11778 15
11759 187
11745 61
11745 63
11745 94
11745 97
11745 103
11745 126
11745 128
11290 4
11290 82
11290 209
11214 58
11214 70
11214 85
11657 43
11657 46
11646 30
11646 67
11646 80
11833 173
11833 250
11291 166
11291 281
11508 192
11059 45
11816 120
11775 34
11775 71
11698 3
11698 75
11814 0
11535 21
11535 25
11535 30
11535 91
11291 209
11083 27
11083 109
11083 206
11782 121
11782 180
11782 192
11529 15
11529 93
11529 128
11578 11
11578 30
11578 92
11751 25
11751 33
11751 145
11751 150
11071 38
11071 113
11071 206
11071 235
11740 14
11740 64
11740 94
11740 120
11524 57
11524 107
11524 207
11524 217
11524 245
11238 6
11749 48
11749 104
11609 319
11550 10
11550 23
11550 54
11291 43
11291 60
11291 98
11264 42
11264 100
11529 168
11529 179
11529 274
11529 276
11187 104
11187 224
11187 279
11187 332
11561 44
11561 47
11531 80
11531 117
11745 49
11745 78
11745 86
11745 172
11745 183
11526 8
11526 11
11526 14
11617 71
11617 74
11617 82
11740 199
11740 299
11784 24
11784 36
11784 38
11618 14
11618 22
11618 84
11618 183
11071 94
11071 131
11071 255
11617 5
11617 15
11617 61
11529 169
11529 282
11529 288
11529 308
11070 102
11070 112
11070 177
11070 220
11678 0
11678 40
11678 46
11678 79
11678 96
11678 162
11678 174
11678 176
11290 5
11290 173
11290 274
11290 289
11290 337
11796 51
11796 52
11796 77
11796 115
11721 42
11721 108
11721 162
11721 176
11290 6
11290 95
11290 130
11290 196
11290 301
11137 5
11149 123
11149 131
11149 141
11135 33
11135 47
11135 105
11135 107
11545 190
11545 228
11545 287
11737 38
11737 123
11737 134
11737 178
11737 182
11819 11
11819 51
11819 53
11819 60
11819 94
11830 62
11830 70
11830 110
11067 58
11119 30
11119 39
11119 107
11119 119
11119 138
11119 160
11149 134
11149 188
11149 237
11149 299
11233 136
11233 143
11493 18
11514 24
11086 221
11086 224
11759 108
11787 158
11833 35
11833 44
11833 65
11512 98
11792 12
11744 10
11050 13
11144 31
11088 27
11576 32
11554 86
11554 110
11675 116
11675 175
11226 12
11064 178
11509 46
11509 99
11614 136
11179 18
11668 23
11668 120
11605 261
11558 22
11780 22
11821 44
11538 18
11553 88
11675 3
11501 47
11664 130
11049 19
11664 6
11146 113
11598 2
11631 62
11631 177
11631 196
11631 205
11631 218
11631 263
11631 278
11074 40
11154 26
11709 17
11727 194
11740 168
11779 9
11779 49
11203 45
11203 78
11171 96
11253 33
11632 85
11775 91
11777 12
11146 39
11146 287
11501 64
11712 6
11799 0
11186 260
11539 8
11866 148
11866 185
11684 1
11259 95
11624 37
11278 166
11521 111
11527 21
11527 71
11527 132
11527 135
11527 156
11628 2
11728 151
11728 224
11215 7
11088 12
11816 32
11816 118
11816 170
11065 97
11065 160
11577 19
11769 35
11196 4
11532 92
11532 96
11264 8
11598 41
11293 9
11065 123
11866 146
11091 18
11091 100
11545 218
11730 2
11609 284
11168 5
11631 106
11631 111
11119 181
11119 201
11618 5
11618 41
11618 153
11086 130
11521 124
11521 157
11728 201
11203 29
11203 31
11203 33
11532 21
11521 92
11521 139
11521 141
11521 158
11619 41
11599 25
11800 182
11800 186
11242 2
11242 4
11091 38
11091 156
11259 29
11794 20
11756 240
11066 74
11066 223
11713 131
11713 145
11713 164
11201 27
11721 26
11721 34
11721 35
11721 61
11721 123
11134 1
11134 41
11639 58
11639 62
11233 10
11233 74
11553 67
11237 32
11237 87
11521 15
11521 43
11521 50
11286 29
11286 45
11286 64
11801 28
11801 32
11801 36
11813 190
11813 210
11813 220
11696 39
11696 43
11696 81
11064 74
11064 100
11064 185
11087 40
11087 76
11751 1
11751 108
11751 143
11751 179
11713 140
11713 191
11519 91
11519 170
11519 212
11519 235
11519 239
11219 0
11553 162
11138 40
11138 72
11149 94
11149 101
11774 44
11775 103
11821 23
11821 93
11696 20
11696 40
11233 167
11233 172
11233 188
11606 69
11606 145
11606 167
11829 12
11829 28
11829 85
11829 136
11829 151
11264 102
11264 112
11187 84
11187 115
11187 236
11187 278
11664 45
11664 78
11664 104
11553 145
11553 229
11553 251
11543 216
11543 251
11721 38
11721 44
11721 141
11240 31
11240 42
11765 149
11765 175
11554 31
11554 58
11554 78
11554 84
11550 174
11550 197
11550 240
11550 311
11842 116
11842 125
11842 141
11712 50
11619 121
11619 123
11619 125
11742 199
11742 244
11742 264
11742 268
11742 292
11680 30
11680 61
11680 73
11680 90
11737 16
11737 26
11737 51
11737 87
11784 54
11832 8
11832 102
11832 114
11832 135
11832 142
11832 188
11780 13
11780 17
11780 24
11780 33
11605 61
11605 83
11605 109
11605 268
11605 272
11755 16
11755 148
11687 87
11687 96
11687 130
11687 200
11687 211
11296 33
11296 52
11146 34
11146 57
11146 100
11146 194
11146 248
11174 15
11086 44
11086 64
11086 195
11537 194
11727 34
11727 54
11727 91
11727 142
11727 165
11816 11
11726 138
11740 69
11740 99
11740 101
11740 133
11740 153
11740 158
11507 86
11802 171
11504 56
11684 19
11506 81
11506 97
11833 108
11632 88
11709 123
11842 138
11792 4
11564 68
11197 67
11634 9
11553 117
11201 53
11685 204
11255 2
11515 35
11840 7
11059 17
11263 50
11237 69
11696 11
11170 20
11849 25
11142 6
11150 150
11816 6
11083 196
11740 78
11740 88
11653 55
11666 69
11064 79
11693 85
11293 18
11072 91
11780 133
11087 111
11291 197
11253 1
11728 293
11776 93
11139 46
11190 17
11807 1
11189 11
11090 13
11270 81
11259 108
11677 37
11677 61
11677 168
11674 24
11291 1
11774 36
11519 310
11847 28
11709 5
11068 43
11782 98
11234 46
11793 2
11793 53
11617 16
11841 80
11574 2
11494 51
11494 53
11553 242
11166 33
11166 48
11795 6
11081 152
11529 16
11529 84
11059 3
11624 52
11640 33
11624 4
11692 10
11263 23
11278 315
11240 58
11551 0
11723 169
11848 19
11741 45
11779 284
11070 215
11279 68
11512 11
11512 117
11778 3
11778 10
11291 26
11171 102
11712 1
11712 16
11851 17
11169 154
11814 10
11742 250
11138 10
11138 66
11656 49
11606 228
11120 30
11120 71
11502 8
11502 9
11709 11
11709 28
11568 2
11568 7
11601 249
11601 284
11601 303
11090 0
11090 26
11090 80
11090 101
11608 25
11608 27
11608 58
11608 130
11608 134
11270 60
11545 60
11545 70
11581 27
11581 38
11581 51
11286 13
11286 30
11066 5
11066 191
11066 206
11141 9
11070 31
11070 150
11186 228
11821 4
11821 135
11543 4
11543 7
11784 68
11784 70
11787 84
11065 88
11065 152
11086 251
11133 44
11133 57
11521 42
11064 120
11275 65
11275 108
11184 2
11184 34
11184 64
11521 93
11521 103
11521 129
11198 51
11198 182
11198 214
11680 43
11680 122
11680 136
11494 118
11494 141
11494 207
11494 213
11282 49
11290 116
11290 119
11290 152
11290 263
11290 172
11290 184
11290 241
11270 24
11270 68
11664 51
11664 55
11664 64
11664 124
11128 5
11574 17
11574 31
11574 94
11265 6
11265 10
11728 26
11728 266
11066 159
11066 219
11066 220
11186 237
11765 102
11765 105
11765 127
11765 179
11648 80
11648 197
11947 9
11947 49
11947 82
11754 17
11754 42
11754 48
11754 96
11754 105
11727 2
11727 33
11727 181
11087 44
11087 167
11574 53
11574 87
11574 193
11800 185
11820 27
11820 30
11820 52
11820 58
11819 82
11787 17
11787 37
11787 50
11848 22
11848 64
11848 84
11848 159
11848 218
11848 308
11067 25
11067 35
11090 45
11090 70
11090 118
11090 124
11619 96
11619 103
11619 150
11619 161
11619 175
11751 40
11751 90
11751 107
11751 130
11751 152
11751 161
11064 44
11064 80
11064 96
11064 137
11064 158
11064 193
11574 61
11574 65
11574 107
11574 116
11282 4
11264 110
11609 225
11609 244
11609 274
11617 28
11617 37
11617 66
11779 13
11779 149
11779 166
11779 221
11779 267
11238 43
11681 23
11681 43
11681 89
11712 57
11712 76
11712 104
11712 107
11212 1
11807 0
11807 21
11807 37
11680 29
11680 49
11680 115
11680 132
11173 90
11173 119
11073 1
11073 33
11854 58
11854 80
11707 93
11707 101
11707 146
11233 36
11233 94
11233 133
11233 187
11685 9
11685 115
11685 130
11186 156
11186 294
11545 0
11545 122
11545 167
11545 181
11833 154
11833 199
11833 208
11833 217
11833 272
11833 284
11712 33
11712 40
11712 87
11712 95
11712 116
11214 27
11214 33
11279 88
11279 92
11279 119
11845 21
11845 52
11845 133
11845 143
11845 164
11845 194
11524 5
11524 13
11524 78
11524 215
11524 263
11685 289
11685 292
11685 321
11791 92
11791 94
11791 119
11791 152
11791 200
11791 225
11618 17
11618 124
11618 178
11618 190
11713 138
11713 172
11713 204
11830 99
11830 127
11830 129
11830 153
11830 185
11830 275
11830 276
11846 77
11846 82
11846 106
11846 110
11846 123
11762 10
11762 27
11762 100
11762 177
11762 219
11762 226
11762 234
11762 294
11762 322
11201 45
11591 157
11553 38
11134 149
11822 28
11727 253
11141 12
11215 42
11259 67
11845 13
11845 222
11505 107
11508 70
11270 27
11841 25
11751 36
11630 16
11618 188
11206 35
11632 8
11775 9
11528 62
11675 119
11675 127
11675 143
11529 127
11529 150
11135 26
11135 63
11644 228
11078 19
11202 55
11679 77
11601 14
11601 99
11139 17
11767 2
11187 76
11675 132
11675 155
11071 102
11071 128
11071 138
11675 37
11675 74
11169 106
11672 19
11672 71
11783 39
11693 92
11184 32
11492 45
11726 43
11726 67
11263 29
11150 24
11512 3
11512 21
11733 2
11733 26
11692 5
11213 3
11212 39
11618 170
11286 40
11728 312
11284 1
11784 16
11784 57
11537 294
11680 144
11072 25
11072 78
11297 8
11133 102
11133 134
11128 19
11128 27
11291 253
11291 294
11135 15
11197 38
11710 99
11168 135
11143 38
11081 88
11081 136
11578 56
11074 12
11632 6
11667 12
11066 30
11630 130
11630 169
11828 3
11214 22
11214 78
11832 52
11184 5
11184 84
11775 57
11775 97
11150 81
11073 35
11073 81
11753 15
11753 32
11601 130
11270 61
11609 243
11609 266
11660 35
11800 50
11622 13
11611 1
11508 291
11947 35
11947 73
11674 34
11278 164
11297 16
11297 86
11713 123
11713 176
11249 26
11249 45
11637 159
11509 40
11509 112
11509 142
11647 0
11647 5
11802 134
11802 196
11214 83
11803 9
11803 120
11803 121
11162 70
11539 16
11539 34
11539 64
11753 57
11147 23
11146 18
11146 35
11146 262
11543 43
11543 96
11543 101
11854 94
11598 51
11844 115
11844 154
11844 155
11844 190
11844 265
11119 121
11274 84
11120 81
11120 113
11120 151
11120 157
11545 217
11545 299
11545 302
11297 54
11297 79
11083 34
11083 171
11713 119
11848 62
11848 80
11848 107
11848 305
11087 36
11087 95
11623 3
11623 69
11623 100
11623 102
11686 1
11686 10
11686 27
11727 9
11727 132
11727 163
11139 86
11553 217
11553 243
11149 86
11149 110
11149 204
11149 293
11168 115
11751 104
11751 183
11543 255
11543 271
11543 284
11198 272
11582 7
11582 34
11582 35
11830 12
11830 40
11234 51
11820 65
11820 106
11820 138
11820 163
11274 81
11738 36
11738 70
11738 97
11738 188
11738 197
11738 204
11680 84
11680 103
11680 110
11680 125
11290 23
11290 94
11290 120
11553 25
11553 30
11553 68
11553 82
11756 42
11756 135
11756 136
11756 194
11756 207
11756 211
11756 239
11187 12
11187 60
11187 90
11187 244
11813 39
11813 79
11813 158
11187 41
11187 171
11187 264
11519 43
11519 101
11519 121
11519 137
11519 178
11729 2
11729 16
11628 65
11628 107
11628 212
11628 322
11545 301
11545 312
11591 26
11591 37
11591 64
11591 87
11591 93
11591 112
11591 138
11278 120
11278 141
11278 168
11278 188
11720 19
11720 32
11720 41
11720 159
11286 1
11196 210
11091 149
11844 35
11844 71
11844 100
11844 121
11844 137
11494 146
11507 16
11830 294
11611 17
11537 190
11168 128
11120 20
11297 0
11278 192
11780 183
11840 10
11290 46
11290 75
11290 103
11290 109
11290 323
11134 144
11202 54
11802 54
11198 199
11796 14
11796 44
11796 68
11796 101
11796 120
11796 148
11687 110
11846 47
11120 139
11780 162
11946 7
11946 43
11291 18
11068 82
11512 94
11512 106
11852 22
11073 73
11087 69
11278 45
11631 227
11192 28
11673 37
11515 48
11710 40
11647 25
11521 80
11584 30
11801 25
11658 24
11086 0
11204 20
11712 99
11086 52
11086 217
11751 172
11264 95
11719 12
11614 16
11614 49
11614 122
11614 139
11614 157
11237 48
11169 148
11169 165
11543 45
11543 58
11543 61
11138 69
11143 16
11565 199
11512 87
11512 107
11765 184
11765 238
11073 44
11279 46
11086 62
11059 23
11184 4
11184 41
11672 45
11672 63
11742 22
11742 68
11745 4
11745 47
11745 65
11550 134
11550 200
11550 210
11550 294
11802 181
11515 22
11698 81
11698 97
11197 70
11803 13
11803 80
11505 22
11720 133
11116 155
11116 157
11854 33
11845 78
11845 100
11845 101
11134 141
11822 29
11822 35
11213 39
11685 10
11685 63
11685 107
11696 49
11696 92
11696 109
11294 0
11278 268
11271 71
11540 0
11540 38
11291 264
11075 40
11197 43
11197 62
11291 250
11291 261
11162 83
11593 55
11270 59
11119 154
11119 203
11119 206
11135 44
11135 103
11086 134
11086 207
11086 219
11083 46
11083 150
11083 152
11294 35
11294 63
11116 159
11116 166
11086 102
11086 266
11831 27
11831 71
11071 134
11603 19
11603 23
11173 61
11173 99
11240 22
11083 143
11083 186
11601 210
11601 246
11601 254
11601 263
11833 76
11833 118
11761 71
11680 79
11680 121
11680 152
11680 192
11680 197
11713 106
11713 181
11713 185
11194 27
11194 30
11833 178
11833 181
11833 247
11833 290
11833 321
11264 26
11139 75
11139 103
11078 0
11078 20
11086 101
11086 106
11086 228
11274 58
11135 75
11135 94
11609 236
11609 245
11609 293
11070 88
11070 116
11070 122
11091 16
11091 19
11091 45
11778 40
11778 41
11721 63
11721 95
11721 112
11820 264
11820 265
11820 278
11738 46
11738 168
11738 242
11738 245
11186 125
11186 281
11186 284
11186 306
11787 131
11787 135
11787 150
11086 116
11086 237
11557 67
11557 98
11557 103
11557 104
11791 63
11791 114
11791 122
11791 141
11791 180
11173 3
11727 44
11727 92
11727 174
11727 187
11727 188
11727 192
11802 105
11802 140
11802 178
11728 71
11728 79
11728 127
11728 184
11728 271
11728 290
11640 12
11640 14
11640 28
11090 74
11090 76
11090 206
11290 79
11290 124
11290 149
11290 247
11290 254
11604 104
11604 167
11604 224
11604 283
11604 287
11604 309
11604 316
11724 33
11724 72
11724 111
11724 114
11724 116
11724 163
11531 74
11531 114
11531 137
11821 7
11821 31
11821 58
11821 61
11531 92
11531 93
11531 129
11531 155
11830 72
11830 80
11830 217
11830 233
11143 6
11143 30
11143 35
11143 54
11119 6
11119 53
11119 118
11119 180
11721 1
11721 9
11721 152
11721 157
11846 32
11846 129
11846 170
11844 9
11844 131
11844 148
11233 81
11233 130
11233 202
11233 203
11119 38
11119 75
11119 95
11119 116
11253 44
11253 86
11685 152
11685 173
11685 174
11685 325
11086 144
11086 203
11086 263
11762 53
11762 54
11762 78
11762 128
11762 210
11762 299
11762 327
11644 63
11644 80
11644 81
11644 91
11644 137
11644 157
11800 4
11800 44
11800 53
11800 64
11800 78
11224 2
11631 17
11631 32
11631 95
11631 112
11631 228
11631 232
11779 65
11779 98
11779 101
11779 118
11779 130
11779 199
11779 213
11796 126
11796 136
11796 150
11796 168
11738 76
11700 49
11609 261
11685 280
11543 242
11135 40
11169 162
11286 32
11286 84
11779 64
11779 76
11779 102
11779 120
11779 168
11779 241
11779 261
11146 158
11830 327
11844 2
11844 92
11844 108
11844 153
11844 209
11844 254
11668 115
11292 7
11064 68
11064 129
11673 3
11673 32
11508 123
11529 25
11529 45
11529 101
11529 113
11529 145
11529 156
11509 126
11509 173
11755 79
11648 54
11584 29
11570 75
11187 250
11197 97
11582 32
11050 0
11528 23
11142 19
11656 55
11581 67
11629 21
11629 47
11728 231
11728 314
11255 24
11721 211
11190 9
11759 22
11087 97
11759 81
11187 184
11598 11
11851 65
11759 16
11197 72
11064 209
11075 34
11631 105
11947 93
11129 9
11630 51
11630 61
11630 67
11630 127
11630 167
11779 146
11253 62
11561 5
11495 45
11204 5
11204 8
11204 28
11601 111
11678 83
11553 4
11553 31
11553 57
11632 10
11632 31
11632 45
11081 110
11112 210
11564 40
11564 114
11677 24
11677 29
11851 35
11851 64
11830 290
11196 84
11740 207
11740 261
11072 27
11072 32
11646 45
11646 46
11816 60
11816 105
11816 128
11816 178
11283 78
11667 6
11196 228
11721 104
11721 178
11721 191
11675 82
11675 120
11675 131
11675 169
11803 60
11803 101
11286 53
11286 60
11561 1
11157 6
11157 18
11503 7
11133 12
11133 48
11212 51
11649 0
11769 116
11617 30
11617 56
11761 75
11665 21
11665 51
11665 78
11665 95
11665 107
11263 6
11263 20
11584 103
11584 113
11584 162
11271 27
11766 43
11766 59
11766 185
11766 222
11766 237
11766 243
11632 47
11632 51
11609 20
11609 22
11609 25
11609 105
11609 108
11609 128
11609 161
11791 17
11791 176
11791 198
11791 238
11787 100
11787 112
11754 5
11754 19
11754 80
11754 103
11259 75
11529 170
11529 180
11529 307
11584 7
11553 186
11553 216
11546 19
11546 90
11527 11
11527 28
11527 67
11527 87
11264 83
11067 11
11067 67
11115 10
11115 28
11115 45
11149 54
11149 99
11149 127
11149 187
11149 277
11149 302
11168 54
11264 45
11264 108
11793 94
11793 162
11793 165
11793 177
11630 100
11630 137
11765 199
11765 214
11765 240
11233 2
11233 88
11233 100
11233 190
11755 77
11755 87
11755 149
11291 5
11291 35
11291 51
11291 70
11291 79
11291 82
11531 7
11531 64
11531 79
11813 44
11813 95
11813 139
11813 149
11677 53
11677 74
11677 92
11677 144
11677 155
11677 159
11537 273
11574 7
11630 33
11630 35
11512 68
11174 20
11685 282
11841 51
11807 48
11551 101
11172 94
11212 49
11173 26
11535 86
11847 57
11787 107
11068 35
11537 152
11088 0
11278 154
11851 91
11282 14
11520 249
11787 140
11821 155
11505 13
11505 20
11505 38
11150 104
11559 73
11146 30
11146 336
11196 181
11068 70
11756 182
11693 89
11634 15
11780 163
11291 92
11509 64
11509 74
11787 98
11182 66
11182 70
11171 14
11712 69
11712 103
11712 128
11682 23
11682 101
11828 30
11064 166
11822 3
11822 31
11761 184
11561 57
11075 59
11681 65
11144 42
11844 333
11171 49
11667 10
11742 239
11164 19
11213 64
11213 72
11754 39
11754 76
11693 33
11672 18
11696 26
11495 36
11071 21
11071 44
11071 57
11071 170
11229 20
11687 52
11278 108
11657 60
11657 74
11065 79
11065 125
11508 263
11066 75
11528 50
11528 55
11576 2
11632 67
11593 101
11617 43
11617 62
11168 77
11769 88
11769 101
11182 102
11182 161
11269 4
11557 5
11557 10
11842 68
11813 244
11813 248
11782 6
11782 158
11198 109
11198 148
11198 179
11198 236
11198 254
11578 25
11578 69
11666 25
11197 61
11197 85
11186 133
11186 186
11803 7
11803 64
11803 76
11751 312
11751 326
11751 335
11182 44
11182 155
11182 168
11606 212
11606 262
11606 297
11584 91
11584 147
11853 41
11853 43
11675 25
11675 70
11071 118
11071 208
11071 243
11626 28
11626 77
11866 124
11866 188
11625 6
11625 16
11625 28
11138 53
11138 68
11813 3
11813 31
11813 112
11529 206
11529 224
11529 228
11529 237
11524 50
11524 62
11524 116
11133 104
11133 128
11286 28
11783 4
11783 26
11783 28
11783 50
11049 4
11049 33
11668 30
11668 55
11668 87
11668 111
11678 4
11678 65
11678 92
11678 141
11520 27
11520 31
11520 71
11520 84
11520 110
11186 261
11782 112
11646 6
11646 47
11646 53
11829 109
11829 148
11829 178
11644 51
11644 68
11644 96
11644 128
11728 32
11728 95
11728 138
11728 185
11728 202
11728 228
11242 5
11677 98
11283 47
11728 148
11728 295
11728 315
11234 18
11234 35
11234 57
11809 2
11809 11
11809 16
11090 72
11090 135
11090 143
11090 216
11776 96
11776 98
11776 109
11776 137
11519 4
11519 60
11519 72
11519 188
11519 192
11726 89
11726 94
11726 117
11726 147
11726 252
11726 270
11726 326
11668 32
11537 41
11537 66
11537 80
11537 82
11537 123
11576 29
11820 51
11820 77
11820 149
11820 164
11820 193
11561 59
11494 29
11173 2
11173 38
11709 40
11709 79
11709 107
11506 117
11632 76
11630 118
11586 0
11263 13
11656 47
11278 216
11636 4
11636 12
11636 28
11636 34
11637 4
11637 11
11637 27
11637 139
11691 71
11524 172
11067 22
11239 74
11610 14
11841 64
11813 174
11679 9
11842 1
11083 134
11630 34
11190 18
11849 4
11583 13
11830 285
11293 8
11190 11
11723 29
11723 33
11723 128
11723 145
11723 148
11723 207
11606 13
11606 16
11219 16
11648 148
11149 301
11192 19
11727 298
11775 18
11775 41
11775 63
11802 228
11831 72
11758 8
11518 18
11518 63
11518 67
11518 87
11518 133
11144 10
11286 59
11726 283
11756 25
11756 81
11756 128
11756 146
11756 150
11756 212
11756 252
11793 132
11793 146
11793 179
11614 138
11243 49
11077 23
11293 26
11204 23
11087 35
11656 5
11656 56
11853 23
11285 38
11270 50
11284 12
11518 48
11619 25
11619 28
11508 306
11229 0
11565 208
11721 204
11742 66
11070 95
11196 238
11638 7
11638 15
11504 67
11217 12
11652 94
11194 44
11774 66
11253 77
11598 15
11171 50
11171 65
11845 2
11824 4
11824 6
11844 310
11844 319
11584 4
11751 10
11751 111
11162 56
11162 63
11072 110
11182 103
11182 140
11120 134
11842 182
11244 4
11761 13
11761 42
11761 52
11761 86
11137 10
11867 37
11867 94
11761 165
11761 247
11712 58
11712 113
11623 56
11623 66
11713 13
11713 34
11581 57
11581 65
11581 117
11709 15
11565 49
11565 95
11565 148
11565 252
11565 274
11565 277
11196 67
11196 70
11196 147
11196 161
11847 68
11072 20
11072 45
11077 9
11077 87
11778 5
11751 261
11751 267
11751 303
11829 0
11829 62
11829 161
11278 311
11821 123
11640 7
11640 36
11685 54
11149 48
11818 13
11544 32
11211 14
11644 43
11201 0
11505 39
11169 21
11169 41
11728 111
11728 195
11728 288
11629 22
11629 50
11211 3
11740 180
11619 75
11271 65
11187 89
11187 174
11187 241
11685 119
11685 142
11169 28
11169 48
11685 183
11685 243
11685 298
11579 7
11579 18
11713 7
11713 21
11713 66
11087 39
11087 74
11087 138
11787 31
11787 78
11215 17
11215 82
11537 11
11537 22
11537 24
11537 36
11537 118
11537 127
11537 180
11537 216
11283 87
11709 4
11709 6
11709 23
11833 194
11833 246
11833 258
11833 277
11833 279
11833 336
11291 29
11291 89
11291 99
11822 24
11822 41
11086 115
11086 182
11086 262
11545 261
11545 266
11545 307
11527 25
11527 30
11527 33
11527 79
11637 47
11637 108
11637 155
11637 179
11519 88
11519 132
11519 173
11519 223
11519 247
11598 24
11090 37
11090 107
11836 19
11836 27
11836 92
11083 57
11083 60
11604 10
11604 112
11604 161
11604 168
11604 174
11604 181
11604 219
11604 293
11604 299
11813 61
11813 91
11813 107
11813 130
11813 137
11776 163
11776 169
11685 6
11685 19
11685 43
11685 66
11723 78
11723 92
11723 118
11723 179
11723 180
11723 192
11723 202
11219 30
11219 33
11173 17
11173 80
11173 116
11253 10
11253 27
11253 120
11787 15
11787 29
11787 75
11791 3
11791 8
11791 57
11791 109
11791 167
11791 230
11791 268
11217 23
11726 64
11726 75
11726 127
11726 300
11726 309
11118 280
11519 51
11519 98
11519 145
11519 196
11519 221
11531 27
11531 139
11531 141
11531 153
11531 183
11531 189
11278 72
11278 147
11278 202
11278 275
11278 290
11278 298
11829 34
11829 128
11829 135
11589 1
11589 5
11589 15
11589 51
11589 91
11589 198
11724 59
11724 133
11724 143
11724 192
11724 230
11766 84
11766 105
11766 121
11766 155
11766 225
11766 266
11766 326
11527 31
11527 51
11527 55
11527 93
11192 13
11644 64
11644 94
11644 117
11644 134
11644 185
11644 189
11240 9
11240 32
11723 99
11723 184
11723 221
11723 242
11723 295
11723 297
11723 308
11813 17
11813 78
11813 100
11813 116
11813 162
11723 12
11723 42
11723 61
11723 76
11723 97
11723 270
11723 339
11830 59
11830 68
11830 132
11830 230
11830 260
11830 277
11830 306
11738 16
11738 27
11738 45
11738 69
11738 135
11738 136
11738 143
11150 14
11150 35
11150 55
11150 138
11537 6
11537 54
11537 100
11537 103
11537 159
11813 193
11813 250
11813 258
11813 259
11074 14
11074 36
11074 59
11074 81
11091 89
11601 291
11605 9
11274 10
11682 89
11813 228
11695 4
11728 332
11673 7
11847 11
11242 3
11073 43
11605 116
11640 16
11196 101
11786 93
11786 132
11780 155
11700 50
11135 125
11212 40
11707 96
11177 6
11224 9
11710 103
11263 27
11202 13
11544 40
11212 44
11083 138
11208 13
11794 28
11740 265
11640 27
11640 48
11138 30
11275 110
11237 99
11196 235
11508 300
11508 304
11196 168
11081 115
11074 71
11286 24
11800 98
11604 1
11604 53
11604 70
11604 91
11604 135
11604 207
11604 272
11219 5
11849 9
11849 12
11296 8
11186 76
11664 83
11608 83
11608 99
11608 114
11551 31
11761 246
11072 83
11186 68
11698 56
11698 60
11240 55
11846 81
11802 213
11190 4
11614 21
11614 130
11672 62
11672 64
11844 289
11727 328
11215 27
11219 24
11115 60
11204 29
11237 43
11283 71
11283 81
11186 312
11214 79
11657 31
11657 78
11740 249
11740 253
11740 337
11065 157
11559 67
11559 90
11211 38
11253 84
11820 6
11820 32
11749 47
11749 73
11749 78
11721 151
11623 43
11623 86
11849 1
11849 28
11149 85
11149 179
11149 196
11149 197
11182 53
11182 111
11599 39
11599 47
11599 54
11291 183
11291 276
11285 11
11285 21
11285 62
11780 47
11570 37
11570 70
11570 93
11214 20
11853 28
11853 64
11090 28
11090 30
11090 35
11724 3
11724 12
11809 8
11809 37
11830 41
11830 120
11830 278
11233 34
11557 40
11557 66
11557 111
11557 117
11617 13
11617 39
11065 85
11115 21
11115 61
11712 55
11712 118
11133 59
11133 169
11648 37
11648 69
11648 149
11648 192
11648 195
11710 58
11710 69
11710 116
11291 286
11071 59
11071 127
11071 254
11196 226
11628 73
11628 117
11628 176
11628 252
11518 35
11518 92
11518 105
11518 132
11680 76
11680 118
11680 166
11068 89
11720 7
11720 107
11720 125
11720 158
11720 192
11623 63
11623 70
11527 17
11527 96
11527 143
11774 32
11774 64
11774 67
11745 109
11745 154
11745 163
11786 97
11786 172
11786 183
11786 255
11786 316
11626 9
11626 17
11626 21
11626 22
11626 23
11546 91
11546 136
11546 156
11559 93
11559 95
11559 97
11559 98
11559 99
11559 100
11559 105
11519 69
11519 81
11519 100
11519 202
11049 39
11049 51
11741 26
11741 40
11741 47
11741 102
11550 189
11550 222
11550 241
11550 243
11550 274
11550 312
11605 71
11605 111
11605 124
11605 221
11605 232
11605 239
11605 301
11816 88
11816 89
11816 133
11816 171
11521 28
11521 31
11521 64
11521 72
11811 4
11811 88
11811 91
11811 151
11811 188
11811 234
11804 15
11804 91
11804 93
11804 131
11149 56
11149 60
11149 185
11149 281
11091 187
11068 40
11721 115
11844 321
11508 51
11553 71
11088 13
11728 54
11173 123
11674 73
11086 53
11147 29
11147 48
11237 96
11543 78
11282 37
11619 84
11115 43
11128 50
11763 18
11691 17
11598 35
11664 11
11664 12
11617 52
11833 90
11833 105
11793 22
11197 116
11644 160
11291 12
11128 54
11203 16
11787 195
11115 24
11644 34
11203 13
11128 46
11685 113
11685 127
11626 3
11286 61
11286 71
11535 22
11294 29
11294 67
11083 115
11851 49
11851 70
11665 18
11665 134
11756 113
11551 36
11551 113
11201 12
11206 65
11196 88
11138 49
11630 181
11574 0
11574 5
11168 66
11138 79
11059 55
11776 168
11776 184
11684 15
11684 50
11189 7
11135 29
11135 59
11050 2
11787 63
11840 5
11083 105
11083 112
11083 127
11146 145
11678 276
11626 72
11626 100
11075 9
11213 70
11135 48
11135 73
11678 89
11678 161
11678 173
11830 88
11802 225
11120 156
11120 161
11275 8
11841 83
11115 7
11227 10
11227 13
11529 251
11529 252
11077 13
11077 16
11073 46
11073 79
11256 9
11271 28
11271 35
11675 78
11675 102
11733 20
11215 40
11605 7
11605 36
11605 222
11606 51
11606 67
11606 161
11217 0
11194 4
11657 53
11657 79
11780 87
11780 176
11780 199
11780 205
11660 4
11660 24
11070 35
11070 42
11070 178
11544 43
11544 61
11721 14
11603 9
11575 60
11198 3
11198 37
11198 72
11198 265
11578 14
11578 59
11578 84
11213 43
11239 67
11283 11
11283 33
11283 100
11729 4
11729 56
11634 25
11074 17
11074 44
11239 96
11260 11
11260 46
11290 133
11290 143
11290 238
11290 251
11202 16
11554 21
11554 30
11554 89
11947 67
11947 75
11672 17
11672 77
11529 163
11529 174
11529 209
11529 266
11778 53
11720 28
11720 189
11720 196
11720 199
11720 214
11727 50
11727 80
11727 85
11727 122
11727 125
11727 134
11742 121
11742 213
11742 224
11742 246
11742 281
11087 157
11762 29
11762 60
11762 87
11762 136
11762 165
11762 184
11762 223
11762 305
11762 328
11791 20
11791 81
11791 145
11791 170
11655 7
11070 232
11628 37
11628 54
11628 98
11628 104
11628 129
11675 107
11668 88
11137 13
11724 5
11632 49
11554 6
11492 112
11492 117
11064 10
11614 182
11639 47
11187 9
11187 133
11187 253
11187 274
11538 17
11692 25
11119 105
11687 7
11687 51
11687 70
11687 150
11687 203
11687 205
11753 24
11203 38
11831 10
11842 40
11842 65
11842 71
11842 97
11842 112
11842 135
11077 22
11813 22
11813 59
11813 71
11604 0
11604 42
11604 65
11604 97
11604 212
11286 87
11081 76
11291 137
11291 176
11115 29
11509 15
11509 66
11509 165
11546 33
11546 40
11546 114
11546 155
11802 10
11802 14
11802 68
11802 125
11802 138
11170 3
11147 34
11524 95
11524 98
11524 179
11524 219
11524 260
11524 292
11524 297
11636 6
11617 121
11617 243
11623 58
11623 111
11086 222
11501 34
11543 75
11519 304
11539 51
11535 80
11848 141
11653 41
11630 15
11630 20
11169 44
11169 68
11842 22
11842 154
11842 187
11755 43
11755 51
11755 105
11816 24
11617 205
11076 10
11162 43
11841 78
11709 102
11693 50
11693 61
11618 74
11539 55
11613 36
11064 179
11653 87
11653 89
11249 28
11090 182
11090 190
11090 201
11090 222
11606 254
11606 256
11606 257
11658 6
11658 26
11848 13
11848 322
11765 145
11765 157
11765 204
11565 301
11668 9
11187 29
11187 88
11187 219
11755 76
11755 91
11769 47
11769 63
11296 5
11291 265
11494 44
11494 107
11494 126
11186 114
11186 159
11186 286
11168 26
11168 45
11197 41
11074 19
11841 6
11841 24
11841 63
11171 82
11171 100
11119 46
11119 96
11119 102
11119 168
11546 0
11546 4
11546 11
11833 179
11833 190
11292 23
11501 33
11064 46
11184 36
11088 6
11088 40
11820 19
11820 74
11820 78
11820 104
11754 12
11754 73
11679 111
11679 129
11239 89
11239 107
11593 39
11593 81
11593 104
11613 1
11613 63
11543 127
11543 138
11543 165
11529 1
11529 28
11264 76
11135 1
11135 24
11090 94
11090 133
11713 77
11713 81
11177 11
11853 7
11853 16
11807 2
11134 118
11609 264
11609 282
11609 294
11283 65
11115 17
11243 51
11591 77
11846 31
11846 61
11846 105
11846 160
11846 162
11846 175
11550 206
11630 42
11149 221
11243 77
11947 80
11947 96
11564 8
11564 34
11769 149
11529 217
11529 320
11813 208
11813 211
11813 266
11509 60
11509 113
11545 11
11545 61
11545 102
11545 132
11545 158
11087 9
11553 165
11553 182
11553 211
11553 219
11608 42
11608 120
11247 23
11786 0
11786 52
11786 63
11786 71
11786 204
11786 266
11786 278
11786 289
11243 18
11243 44
11202 51
11494 109
11494 179
11494 191
11278 39
11278 274
11168 62
11168 82
11168 86
11168 121
11068 83
11755 37
11755 97
11755 142
11194 10
11194 46
11119 10
11119 110
11119 115
11290 93
11290 145
11290 257
11290 312
11813 187
11813 203
11813 238
11521 94
11521 106
11521 133
11215 16
11215 37
11215 98
11215 107
11846 16
11846 97
11846 121
11846 161
11551 22
11551 24
11551 29
11696 17
11815 10
11815 83
11815 121
11815 147
11815 164
11815 192
11696 58
11696 80
11696 97
11696 106
11069 127
11069 132
11813 41
11813 72
11813 104
11833 164
11833 176
11833 302
11833 304
11833 309
11737 47
11737 60
11529 236
11529 249
11529 298
11529 318
11169 99
11169 120
11081 72
11081 102
11081 103
11755 62
11755 111
11755 116
11755 136
11755 151
11728 18
11728 44
11728 108
11728 159
11728 178
11728 278
11237 33
11237 64
11604 37
11604 50
11604 86
11604 115
11604 193
11618 59
11639 60
11639 90
11639 98
11202 26
11666 32
11666 57
11726 306
11668 11
11738 43
11738 160
11738 207
11738 219
11684 14
11684 39
11684 74
11684 79
11196 17
11196 27
11196 139
11196 197
11196 218
11550 146
11550 170
11550 191
11550 201
11550 246
11550 302
11550 313
11077 46
11077 48
11077 90
11816 53
11197 102
11115 52
11675 36
11675 60
11495 7
11495 16
11648 164
11508 309
11540 56
11644 224
11687 43
11186 157
11186 337
11625 35
11795 8
11138 41
11632 60
11632 82
11173 97
11173 101
11196 31
11196 142
11803 45
11803 95
11803 126
11852 37
11296 10
11713 63
11503 33
11786 16
11786 276
11578 7
11150 39
11150 134
11510 28
11256 17
11709 46
11709 125
11064 36
11064 150
11815 165
11680 82
11532 103
11275 55
11275 76
11196 22
11196 138
11584 111
11779 88
11493 32
11275 37
11543 14
11543 27
11543 29
11543 92
11521 81
11244 47
11508 195
11543 275
11503 4
11780 186
11294 23
11283 3
11283 64
11283 93
11070 193
11070 229
11628 14
11628 66
11628 131
11628 170
11780 179
11668 62
11852 13
11852 77
11832 109
11832 177
11713 136
11141 1
11132 25
11844 104
11164 9
11164 20
11259 13
11815 145
11519 284
11146 111
11494 13
11146 48
11604 71
11604 296
11604 305
11604 323
11604 326
11784 21
11784 27
11249 41
11568 32
11842 87
11842 102
11842 156
11677 71
11677 147
11677 158
11758 68
11553 247
11065 74
11065 96
11065 162
11636 21
11636 40
11636 43
11576 31
11118 279
11259 33
11256 11
11086 87
11086 236
11086 264
11538 3
11608 7
11608 13
11608 15
11608 36
11608 71
11608 100
11608 152
11639 1
11639 4
11639 9
11844 299
11502 0
11696 56
11848 10
11848 18
11848 121
11848 314
11848 325
11521 98
11521 126
11521 162
11820 99
11820 146
11281 16
11804 147
11804 159
11804 186
11088 63
11215 108
11049 6
11255 12
11171 25
11666 73
11685 202
11685 247
11685 330
11630 142
11242 33
11526 5
11769 69
11769 73
11617 38
11617 55
11617 68
11546 16
11546 50
11520 11
11520 150
11520 254
11584 86
11584 124
11678 1
11678 11
11678 27
11678 71
11064 45
11064 113
11187 2
11187 66
11187 182
11529 89
11802 19
11802 46
11802 154
11149 154
11149 223
11149 235
11149 323
11724 34
11724 129
11724 131
11724 224
11724 268
11724 287
11724 308
11724 331
11728 89
11728 307
11728 322
11675 46
11675 56
11720 177
11243 0
11243 39
11243 47
11286 91
11068 19
11068 57
11068 58
11713 118
11713 121
11713 194
11867 17
11867 46
11867 86
11946 26
11946 27
11946 28
11946 32
11698 0
11698 43
11698 44
11751 218
11751 238
11751 274
11751 328
11763 45
11763 52
11557 72
11149 169
11291 207
11291 241
11291 308
11742 36
11742 64
11742 91
11742 103
11687 14
11687 21
11687 39
11687 55
11687 103
11687 159
11244 3
11720 14
11720 30
11720 118
11561 4
11561 6
11561 23
11066 50
11066 158
11740 53
11740 65
11740 97
11740 127
11740 129
11584 11
11584 69
11072 1
11072 37
11072 50
11072 66
11067 16
11067 36
11275 116
11813 34
11813 35
11813 111
11813 167
11813 173
11813 199
11845 45
11845 63
11845 157
11845 173
11845 190
11543 236
11543 260
11604 62
11604 148
11604 178
11604 267
11604 277
11604 281
11833 155
11833 193
11833 198
11833 253
11833 270
11800 81
11800 155
11800 159
11800 161
11800 172
11723 75
11723 162
11723 188
11723 245
11723 324
11756 103
11756 111
11756 120
11756 180
11756 205
11756 235
11756 263
11751 29
11751 92
11751 114
11751 124
11751 126
11751 144
11524 12
11524 71
11524 97
11524 122
11524 210
11524 272
11524 287
11240 16
11240 20
11763 53
11134 22
11849 8
11947 81
11170 18
11146 339
11512 19
11512 24
11512 36
11065 165
11507 133
11495 22
11112 134
11119 8
11206 27
11796 188
11088 36
11510 0
11282 19
11605 225
11830 318
11507 20
11507 23
11507 49
11507 82
11507 126
11133 168
11071 13
11723 8
11723 9
11833 259
11603 10
11186 155
11763 68
11150 107
11150 136
11150 163
11134 51
11134 65
11501 65
11581 99
11709 115
11291 19
11622 37
11138 34
11851 39
11177 16
11177 31
11171 84
11285 15
11565 290
11639 0
11243 46
11636 49
11173 42
11780 49
11543 211
11213 81
11282 1
11672 3
11672 66
11832 36
11832 153
11759 7
11545 80
11192 1
11142 22
11244 28
11831 59
11219 4
11133 137
11719 46
11112 198
11112 208
11653 35
11653 37
11290 125
11290 283
11532 102
11532 116
11849 5
11184 45
11184 46
11544 24
11087 114
11166 42
11619 111
11619 197
11138 27
11203 43
11203 50
11168 75
11115 39
11832 155
11658 19
11286 19
11494 89
11614 108
11591 153
11698 51
11076 4
11213 26
11820 184
11820 200
11168 101
11762 30
11515 46
11833 323
11072 24
11076 11
11851 21
11198 131
11296 43
11066 217
11066 255
11283 62
11283 86
11115 11
11844 222
11228 34
11162 79
11544 22
11112 186
11074 6
11066 17
11066 161
11066 227
11184 24
11184 65
11234 45
11234 63
11707 113
11707 145
11677 103
11677 110
11264 111
11210 11
11581 1
11581 33
11581 39
11186 204
11759 176
11198 149
11786 187
11558 7
11558 11
11050 1
11228 25
11228 29
11064 95
11700 31
11290 159
11290 192
11852 28
11852 55
11852 83
11115 12
11115 70
11071 142
11071 152
11049 68
11247 24
11841 7
11841 11
11857 10
11668 54
11668 89
11710 22
11710 102
11071 220
11570 62
11570 65
11570 68
11833 291
11833 338
11068 68
11088 25
11088 54
11544 20
11544 71
11761 139
11710 6
11710 45
11710 61
11710 88
11521 53
11521 59
11259 74
11501 13
11660 31
11624 28
11624 38
11639 51
11639 71
11069 120
11849 18
11849 23
11087 18
11087 47
11494 133
11494 165
11203 63
11203 74
11203 90
11740 176
11285 9
11285 57
11285 63
11765 88
11765 89
11765 207
11586 1
11537 76
11537 92
11537 133
11537 241
11830 291
11830 303
11120 74
11120 124
11291 9
11291 22
11291 59
11128 0
11128 6
11128 43
11667 9
11667 14
11574 12
11574 120
11807 28
11807 30
11807 33
11196 25
11196 119
11077 30
11077 99
11274 26
11274 71
11601 2
11601 39
11601 54
11601 156
11601 186
11259 82
11259 102
11712 37
11712 56
11712 66
11712 100
11229 4
11844 49
11844 74
11844 77
11844 253
11844 257
11745 22
11745 113
11745 132
11745 150
11745 153
11745 182
11614 27
11614 60
11614 96
11614 176
11737 12
11737 50
11737 150
11846 8
11846 22
11846 92
11846 111
11545 196
11545 225
11545 245
11545 265
11545 309
11263 33
11263 42
11535 19
11535 39
11535 73
11074 26
11074 64
11639 14
11639 105
11639 113
11836 8
11836 98
11625 29
11625 57
11168 42
11168 83
11848 28
11848 76
11848 299
11848 301
11848 321
11601 279
11601 300
11601 325
11173 44
11173 79
11173 83
11727 209
11727 218
11727 260
11727 267
11070 50
11070 79
11070 104
11070 223
11644 14
11644 22
11644 140
11644 195
11593 10
11593 18
11593 57
11593 112
11120 46
11674 6
11674 36
11674 52
11802 114
11802 124
11802 179
11759 25
11759 48
11759 95
11759 146
11759 149
11759 203
11759 208
11759 212
11606 132
11606 147
11606 157
11724 54
11724 69
11724 87
11724 121
11724 125
11724 190
11724 312
11618 55
11618 147
11618 159
11618 161
11833 234
11833 280
11833 305
11833 312
11678 257
11678 270
11678 293
11678 319
11239 16
11239 47
11239 109
11233 52
11233 106
11233 127
11832 19
11832 49
11832 74
11832 159
11832 187
11639 45
11639 54
11639 95
11639 97
11639 100
11290 68
11290 207
11290 318
11745 12
11745 26
11745 42
11745 51
11745 120
11745 127
11677 66
11677 114
11677 124
11677 150
11529 196
11529 221
11529 235
11529 238
11529 271
11551 3
11857 5
11506 57
11506 100
11176 12
11553 225
11230 10
11730 11
11545 264
11521 52
11946 6
11532 24
11282 30
11833 218
11172 48
11154 28
11659 5
11521 27
11853 27
11659 1
11780 101
11192 24
11495 6
11848 220
11139 8
11172 33
11575 14
11575 43
11727 289
11068 1
11740 291
11203 70
11171 83
11186 273
11852 43
11709 45
11243 70
11115 95
11762 15
11762 155
11666 4
11550 21
11291 100
11769 146
11715 14
11802 174
11780 203
11568 20
11753 23
11074 45
11501 16
11604 320
11755 67
11507 54
11507 81
11162 41
11243 16
11066 27
11836 79
11836 120
11545 254
11545 308
11528 61
11086 140
11086 177
11570 64
11613 44
11259 37
11848 44
11851 6
11851 38
11166 95
11655 14
11685 228
11166 30
11166 74
11673 29
11673 43
11537 314
11144 5
11086 42
11086 133
11086 201
11830 228
11668 73
11630 45
11630 76
11630 90
11630 121
11545 279
11545 298
11742 119
11742 185
11742 212
11617 136
11083 184
11800 56
11133 80
11133 91
11133 165
11624 26
11624 32
11745 46
11745 68
11745 73
11745 89
11508 213
11729 83
11270 90
11609 219
11609 312
11593 23
11593 96
11593 107
11714 21
11186 35
11186 49
11802 128
11802 177
11821 158
11847 8
11847 13
11847 45
11847 58
11233 142
11233 169
11270 20
11270 49
11270 80
11072 61
11291 206
11291 219
11291 303
11230 6
11721 53
11214 37
11769 108
11769 137
11214 9
11186 20
11186 41
11668 36
11070 69
11070 141
11070 166
11531 81
11531 130
11531 138
11088 51
11088 56
11947 54
11947 77
11947 95
11086 118
11086 253
11544 34
11278 318
11278 337
11182 67
11091 190
11740 217
11740 290
11740 302
11691 3
11691 35
11793 37
11150 100
11150 131
11150 53
11150 99
11803 53
11803 70
11803 75
11684 53
11684 76
11712 4
11712 42
11712 84
11271 8
11271 57
11208 1
11234 11
11071 32
11071 78
11071 273
11765 86
11765 217
11765 224
11765 247
11172 2
11172 95
11738 24
11738 63
11738 95
11738 169
11738 205
11738 254
11631 0
11631 28
11631 109
11631 143
11631 270
11720 72
11720 80
11720 161
11720 201
11504 43
11504 74
11751 23
11751 81
11751 148
11728 82
11728 276
11728 294
11680 25
11680 37
11680 83
11680 105
11680 159
11680 174
11149 96
11149 145
11149 214
11149 238
11149 298
11660 43
11283 69
11283 89
11665 102
11665 128
11665 153
11116 170
11116 171
11759 30
11759 32
11759 100
11759 254
11759 259
11756 39
11756 73
11756 97
11756 159
11756 171
11756 201
11756 246
11535 13
11535 27
11535 78
11182 30
11182 108
11182 137
11182 160
11867 12
11867 16
11867 66
11244 2
11244 35
11751 54
11751 99
11751 142
11751 157
11751 170
11149 115
11149 116
11631 40
11631 160
11631 209
11631 220
11631 266
11786 1
11786 45
11786 171
11786 325
11162 7
11162 25
11666 7
11666 39
11238 20
11781 54
11845 16
11845 89
11845 163
11845 203
11256 3
11256 15
11816 14
11816 16
11816 45
11270 18
11270 73
11646 33
11646 77
11646 87
11589 44
11589 65
11589 69
11589 215
11135 11
11135 85
11135 90
11531 12
11531 36
11531 83
11531 127
11531 179
11727 52
11727 75
11727 146
11727 152
11851 53
11259 7
11259 38
11233 1
11233 60
11233 91
11233 112
11233 171
11233 178
11601 8
11601 40
11601 41
11601 89
11601 169
11543 24
11505 108
11493 37
11187 324
11189 10
11297 68
11714 25
11059 54
11543 209
11543 86
11495 20
11778 14
11786 22
11786 34
11203 26
11203 75
11832 6
11186 10
11539 5
11539 36
11120 33
11120 89
11168 138
11794 3
11794 11
11143 21
11818 7
11204 30
11848 68
11636 17
11201 14
11201 37
11867 82
11782 38
11691 110
11609 8
11653 77
11653 85
11120 17
11120 56
11634 38
11564 73
11144 3
11591 165
11247 14
11077 54
11077 57
11763 46
11763 54
11131 0
11149 203
11149 241
11088 1
11278 115
11278 149
11066 130
11069 47
11601 215
11286 42
11828 11
11260 16
11644 150
11587 10
11786 219
11139 87
11139 94
11849 19
11849 22
11756 30
11087 65
11072 51
11072 108
11087 150
11088 65
11197 108
11169 123
11169 215
11508 303
11139 13
11583 18
11583 61
11710 78
11691 144
11691 148
11238 19
11608 34
11608 164
11215 36
11213 78
11606 239
11606 315
11828 10
11828 29
11208 19
11796 15
11796 67
11796 97
11070 1
11070 34
11070 143
11070 197
11581 41
11581 110
11581 122
11182 58
11168 1
11168 8
11672 39
11672 42
11775 2
11775 47
11239 23
11239 61
11644 250
11575 6
11575 59
11814 30
11264 60
11550 91
11550 172
11550 252
11833 161
11833 244
11833 293
11833 318
11291 71
11291 80
11685 208
11685 284
11553 2
11553 18
11553 76
11636 9
11636 36
11065 12
11065 68
11065 171
11187 27
11187 98
11187 320
11166 22
11727 296
11520 194
11520 199
11632 37
11632 53
11761 65
11761 115
11147 30
11540 28
11606 215
11606 227
11606 255
11606 277
11606 310
11518 95
11518 109
11508 59
11508 139
11508 143
11508 193
11508 236
11737 21
11737 58
11737 85
11737 99
11737 152
11737 159
11710 80
11710 91
11282 36
11282 47
11504 1
11504 41
11504 75
11240 4
11539 20
11539 48
11539 60
11239 42
11637 54
11637 60
11637 88
11637 156
11582 9
11582 11
11582 21
11253 29
11169 103
11169 157
11169 183
11169 225
11087 94
11087 159
11087 170
11171 110
11149 65
11149 168
11149 265
11698 19
11698 33
11698 45
11698 117
11691 9
11691 22
11728 106
11811 13
11811 129
11811 184
11811 224
11786 12
11786 173
11593 40
11593 43
11278 272
11090 71
11090 128
11090 203
11086 61
11086 82
11086 212
11804 17
11804 29
11804 43
11143 22
11143 52
11112 197
11557 0
11557 6
11557 35
11557 94
11727 226
11727 243
11727 263
11550 0
11550 29
11550 61
11065 57
11065 59
11766 109
11766 158
11766 234
11766 297
11228 30
11831 75
11515 30
11820 18
11820 84
11820 137
11820 142
11820 175
11836 59
11836 69
11836 102
11836 106
11836 119
11090 2
11090 180
11090 227
11527 49
11527 100
11527 111
11527 119
11149 95
11149 215
11149 300
11553 178
11553 194
11172 28
11172 58
11172 97
11779 45
11605 67
11605 110
11605 252
11605 278
11605 297
11613 5
11613 51
11166 64
11506 161
11133 32
11501 48
11657 45
11657 68
11206 39
11726 80
11172 56
11174 0
11665 25
11675 191
11233 173
11728 214
11630 164
11721 209
11606 23
11606 113
11779 21
11779 26
11779 36
11779 89
11779 94
11779 115
11779 129
11779 183
11203 5
11716 75
11716 89
11796 128
11508 128
11508 273
11815 303
11138 6
11171 31
11115 5
11742 16
11769 111
11279 70
11801 49
11684 70
11682 55
11691 119
11495 57
11184 13
11184 69
11184 87
11791 38
11494 148
11214 92
11608 39
11821 20
11219 8
11664 134
11793 122
11678 246
11083 63
11083 174
11083 180
11237 62
11791 35
11791 42
11791 58
11791 127
11791 231
11550 267
11253 6
11253 89
11551 45
11780 108
11780 120
11780 178
11065 159
11543 103
11814 33
11814 35
11561 24
11561 36
11723 15
11723 160
11723 183
11723 198
11638 21
11638 29
11205 35
11693 56
11813 195
11813 233
11813 262
11171 42
11171 60
11678 248
11769 126
11075 13
11075 36
11630 49
11630 185
11512 16
11512 100
11713 45
11713 80
11713 90
11240 13
11186 166
11119 67
11119 142
11503 14
11503 15
11584 146
11584 155
11774 9
11830 113
11762 139
11801 7
11801 13
11755 20
11545 81
11545 148
11291 95
11291 107
11198 5
11198 166
11740 204
11740 245
11085 2
11085 9
11291 6
11291 91
11766 99
11766 174
11766 181
11766 285
11766 325
11141 17
11509 65
11509 81
11509 153
11077 15
11077 63
11713 183
11713 188
11793 98
11793 112
11793 117
11543 232
11543 234
11543 239
11679 33
11679 72
11679 90
11815 187
11197 0
11197 5
11296 1
11296 49
11086 138
11086 227
11761 27
11761 102
11744 18
11133 117
11133 121
11553 179
11553 199
11529 178
11529 202
11529 230
11529 247
11608 139
11608 162
11064 50
11064 90
11946 12
11946 29
11177 3
11177 30
11532 79
11532 113
11182 48
11182 83
11182 180
11524 160
11524 201
11524 225
11524 237
11524 296
11675 22
11675 63
11545 64
11545 97
11133 10
11133 39
11133 75
11666 2
11666 13
11073 65
11508 75
11830 82
11830 94
11830 142
11830 199
11149 112
11149 119
11149 210
11075 66
11075 71
11075 85
11762 8
11762 163
11762 208
11762 243
11762 253
11802 9
11553 123
11553 154
11553 187
11553 200
11182 82
11182 98
11727 244
11727 297
11727 302
11684 32
11684 35
11554 34
11554 54
11554 63
11554 77
11628 7
11628 23
11628 60
11628 137
11628 247
11751 85
11751 123
11751 151
11751 171
11786 21
11786 61
11786 70
11786 136
11786 139
11786 161
11786 230
11786 233
11828 7
11828 8
11828 24
11561 10
11561 17
11561 39
11529 166
11529 177
11529 240
11529 245
11802 121
11802 168
11802 169
11833 0
11833 17
11833 23
11833 62
11146 10
11146 51
11146 124
11146 181
11146 272
11665 81
11665 89
11665 108
11203 20
11203 27
11851 4
11119 20
11119 122
11119 186
11524 8
11524 66
11524 84
11524 88
11524 136
11524 187
11848 49
11848 53
11848 115
11848 296
11816 29
11816 83
11816 136
11816 145
11816 156
11593 22
11593 35
11593 44
11593 49
11593 110
11543 199
11543 238
11543 248
11543 261
11728 47
11728 104
11728 174
11728 246
11728 248
11728 282
11740 80
11740 141
11740 162
11677 8
11677 35
11677 120
11677 130
11677 162
11550 124
11550 142
11550 165
11550 215
11550 220
11550 224
11793 26
11793 76
11793 79
11793 114
11793 148
11793 293
11119 12
11820 1
11820 55
11820 60
11820 98
11820 108
11508 96
11546 47
11546 71
11546 96
11546 118
11546 128
11696 25
11696 57
11171 39
11171 69
11171 70
11524 61
11524 87
11524 117
11524 126
11524 153
11730 17
11730 18
11813 54
11813 77
11813 113
11813 134
11813 144
11829 27
11829 39
11829 47
11829 56
11829 76
11715 5
11715 48
11715 55
11715 171
11715 189
11715 240
11715 253
11275 6
11275 40
11275 127
11275 129
11803 19
11803 28
11803 59
11803 71
11803 78
11728 27
11728 40
11728 166
11728 264
11728 265
11728 10
11728 37
11728 60
11728 61
11728 164
11728 180
11728 187
11728 219
11728 261
11604 23
11604 126
11604 229
11604 289
11604 308
11630 48
11630 103
11630 113
11630 133
11630 145
11630 171
11724 98
11724 105
11724 160
11724 200
11724 305
11724 327
11520 0
11520 57
11520 74
11520 80
11520 132
11520 172
11520 190
11520 195
11520 213
11727 17
11727 32
11727 168
11727 173
11727 179
11565 2
11565 11
11565 75
11565 149
11565 165
11565 232
11815 53
11815 104
11815 202
11815 297
11239 20
11239 32
11776 45
11776 103
11776 104
11776 152
11776 186
11830 54
11830 108
11830 111
11830 174
11830 210
11830 246
11264 43
11264 116
11728 4
11728 119
11728 141
11728 188
11728 237
11728 254
11728 268
11647 3
11604 73
11604 98
11604 107
11604 150
11604 175
11604 221
11604 248
11604 273
11759 50
11759 53
11759 56
11759 101
11759 178
11759 229
11759 243
11652 78
11115 20
11506 42
11506 75
11206 31
11713 180
11583 58
11508 219
11644 239
11657 39
11657 77
11675 128
11514 25
11727 121
11727 159
11727 182
11782 23
11520 54
11520 248
11520 271
11492 101
11571 0
11576 22
11716 78
11115 73
11681 69
11681 79
11228 46
11713 162
11800 171
11519 312
11196 198
11619 10
11077 25
11187 144
11170 16
11297 10
11297 26
11712 81
11514 39
11147 46
11186 42
11186 71
11505 36
11505 155
11591 161
11506 13
11844 315
11621 2
11621 5
11660 15
11508 112
11508 244
11601 153
11601 178
11640 19
11830 26
11521 48
11521 56
11668 15
11059 1
11559 76
11198 230
11154 4
11675 104
11263 17
11283 38
11507 142
11090 219
11854 65
11665 96
11665 115
11777 3
11854 1
11666 10
11666 38
11666 66
11713 146
11713 168
11713 177
11193 14
11728 244
11713 102
11713 152
11713 210
11529 303
11196 45
11171 44
11751 243
11751 295
11131 1
11728 334
11540 39
11212 4
11601 65
11601 81
11162 14
11162 85
11844 313
11609 73
11648 83
11648 139
11648 166
11570 25
11570 42
11593 3
11593 83
11851 1
11213 6
11679 69
11679 100
11679 162
11691 96
11691 137
11072 58
11076 31
11283 5
11802 82
11802 193
11213 35
11213 44
11568 33
11076 12
11568 47
11578 63
11074 74
11116 162
11239 99
11763 26
11763 41
11763 49
11763 58
11728 258
11728 310
11213 56
11075 32
11263 15
11190 2
11162 28
11570 81
11502 4
11537 293
11558 1
11558 12
11550 46
11550 64
11780 90
11780 109
11780 169
11593 74
11593 91
11593 99
11680 188
11510 45
11679 47
11679 50
11679 99
11679 141
11550 153
11550 177
11550 187
11550 306
11174 21
11504 6
11205 27
11719 31
11138 4
11675 43
11144 26
11628 114
11628 167
11628 241
11157 19
11274 30
11274 38
11274 43
11172 62
11866 167
11551 10
11551 37
11781 17
11213 71
11171 59
11763 32
11763 34
11769 3
11769 9
11769 28
11769 59
11166 13
11761 11
11761 66
11182 114
11182 116
11182 179
11695 1
11695 10
11293 19
11049 41
11049 47
11519 73
11519 142
11519 154
11836 5
11836 72
11836 107
11182 109
11182 166
11182 173
11071 24
11290 84
11290 127
11297 55
11591 3
11591 55
11591 59
11591 102
11591 103
11270 36
11149 98
11149 263
11213 57
11067 37
11201 46
11186 97
11186 179
11186 196
11186 222
11681 7
11681 15
11681 47
11565 8
11565 104
11565 116
11565 176
11565 240
11059 5
11059 42
11668 40
11668 43
11762 52
11762 68
11762 109
11762 117
11762 134
11762 265
11205 11
11205 14
11205 28
11644 29
11644 45
11644 143
11149 132
11205 1
11613 0
11613 25
11168 6
11168 94
11135 13
11644 75
11644 79
11644 161
11087 2
11087 154
11611 10
11742 123
11742 173
11742 221
11742 243
11215 49
11215 73
11244 21
11244 41
11177 12
11744 13
11504 66
11198 98
11842 177
11492 54
11631 141
11544 66
11727 193
11675 38
11675 71
11830 312
11685 259
11787 72
11505 72
11601 136
11601 166
11551 13
11551 26
11169 186
11249 15
11591 23
11591 86
11606 196
11606 241
11606 251
11848 332
11604 235
11070 23
11070 44
11070 68
11070 83
11070 132
11070 191
11508 296
11508 305
11504 35
11504 71
11761 170
11761 183
11253 126
11210 5
11910 14
11910 15
11247 0
11544 38
11544 53
11120 11
11120 136
11849 13
11849 21
11849 31
11081 90
11081 156
11278 327
11133 74
11186 127
11742 21
11625 22
11625 48
11640 54
11506 45
11506 68
11604 151
11604 163
11604 286
11604 324
11166 68
11166 84
11168 7
11168 38
11168 85
11715 39
11715 69
11715 77
11715 151
11715 243
11551 106
11545 10
11545 79
11545 118
11545 153
11606 216
11606 290
11819 90
11196 13
11196 40
11691 120
11691 141
11210 10
11278 273
11761 230
11601 95
11214 35
11776 21
11086 256
11233 185
11745 14
11745 136
11745 139
11520 97
11687 88
11687 147
11687 175
11845 77
11845 123
11845 209
11071 84
11071 117
11071 204
11071 226
11049 30
11176 8
11083 93
11745 20
11745 23
11745 39
11745 58
11745 81
11745 85
11169 201
11729 35
11729 50
11618 10
11618 123
11618 165
11618 176
11655 3
11608 148
11608 155
11800 10
11800 92
11565 309
11565 313
11559 88
11064 1
11064 56
11064 75
11820 38
11820 68
11820 148
11820 154
11727 324
11782 128
11143 26
11639 91
11639 107
11621 12
11621 45
11819 12
11819 29
11819 65
11729 27
11729 60
11535 79
11049 65
11593 34
11593 114
11844 21
11844 51
11844 53
11844 59
11844 197
11844 206
11844 252
11546 57
11546 83
11546 130
11187 69
11187 155
11187 177
11830 319
11658 20
11234 40
11234 54
11618 23
11618 31
11618 196
11115 19
11115 91
11787 43
11787 45
11787 73
11787 93
11279 94
11564 92
11085 10
11819 99
11819 106
11196 164
11546 79
11546 110
11546 153
11833 182
11833 219
11833 294
11833 303
11833 319
11836 18
11836 43
11836 82
11537 55
11537 121
11537 155
11537 182
11537 208
11537 223
11831 25
11831 37
11831 49
11831 61
11754 30
11754 74
11754 106
11213 29
11213 34
11213 63
11275 22
11275 85
11275 130
11543 126
11543 185
11543 195
11816 25
11816 135
11816 138
11816 187
11813 217
11813 222
11813 224
11813 229
11675 129
11675 130
11675 151
11675 179
11609 11
11609 55
11609 98
11609 103
11609 115
11724 61
11724 211
11724 301
11724 335
11515 9
11515 11
11515 21
11515 25
11515 28
11710 10
11710 34
11710 46
11710 100
11679 24
11679 92
11679 96
11679 155
11278 122
11278 205
11278 236
11278 258
11278 281
11278 291
11278 299
11135 0
11135 104
11135 121
11724 41
11724 44
11724 46
11724 120
11724 144
11724 241
11724 310
11724 328
11524 9
11524 34
11524 38
11524 163
11524 256
11524 279
11524 284
11524 290
11759 38
11759 80
11759 84
11759 88
11759 158
11759 164
11759 181
11759 189
11759 202
11723 25
11723 53
11723 111
11723 127
11723 168
11723 237
11723 310
11811 46
11811 65
11811 66
11811 74
11811 82
11811 108
11811 130
11811 154
11811 204
11550 126
11550 152
11550 198
11550 213
11550 218
11550 231
11550 295
11847 73
11756 216
11800 153
11792 3
11544 13
11632 71
11776 38
11591 58
11591 76
11685 320
11763 3
11763 44
11182 72
11049 46
11605 32
11605 150
11243 8
11264 15
11264 104
11066 218
11740 298
11509 136
11492 49
11561 18
11741 148
11578 2
11691 114
11691 163
11145 26
11841 21
11841 33
11841 81
11686 0
11565 316
11564 41
11824 2
11617 50
11198 260
11507 153
11575 36
11778 55
11073 32
11198 168
11198 208
11189 14
11278 230
11278 233
11294 5
11144 33
11780 58
11617 221
11809 12
11211 21
11753 48
11173 62
11521 105
11521 107
11693 79
11278 173
11544 4
11644 234
11644 237
11778 58
11778 63
11625 51
11830 81
11816 169
11675 49
11610 1
11610 8
11833 134
11813 182
11813 218
11644 118
11644 142
11644 200
11550 275
11550 308
11237 81
11557 63
11786 6
11786 300
11294 51
11182 64
11727 258
11727 272
11851 0
11073 77
11187 108
11291 61
11291 83
11515 24
11198 277
11668 27
11668 50
11668 104
11668 130
11296 2
11239 79
11150 79
11150 95
11628 116
11628 169
11628 172
11628 198
11214 76
11186 13
11710 9
11710 16
11710 39
11294 69
11591 2
11591 49
11591 54
11591 84
11591 95
11259 107
11179 11
11775 104
11049 53
11553 98
11851 74
11291 0
11783 9
11173 103
11270 29
11071 207
11071 239
11071 252
11787 121
11787 162
11169 151
11184 25
11184 33
11049 49
11049 50
11492 144
11143 27
11274 24
11691 13
11794 16
11759 236
11176 18
11112 165
11112 200
11665 72
11630 44
11630 156
11630 174
11135 9
11135 108
11135 111
11149 111
11149 247
11149 339
11631 91
11631 122
11631 204
11631 231
11648 2
11648 66
11648 72
11648 137
11090 44
11730 6
11730 25
11071 64
11071 179
11182 96
11182 144
11182 154
11623 0
11623 47
11623 62
11623 87
11253 17
11166 9
11166 18
11166 103
11208 7
11259 71
11068 45
11758 95
11758 100
11144 28
11144 35
11134 39
11134 72
11719 24
11820 213
11196 232
11593 2
11593 8
11593 48
11593 113
11215 105
11215 114
11545 27
11545 140
11203 17
11604 15
11604 18
11604 21
11604 84
11604 278
11672 11
11672 30
11068 2
11141 7
11141 16
11278 59
11278 181
11278 228
11278 255
11724 86
11724 127
11724 132
11724 238
11581 40
11581 80
11554 12
11554 26
11845 87
11800 7
11800 28
11800 43
11800 96
11800 157
11297 23
11726 15
11521 91
11521 97
11648 134
11648 189
11648 205
11761 16
11761 37
11761 76
11733 22
11628 50
11628 62
11628 78
11628 111
11628 122
11628 321
11168 27
11168 71
11617 134
11617 165
11617 199
11617 226
11503 32
11118 276
11171 34
11172 17
11172 57
11728 235
11551 43
11621 26
11621 34
11621 40
11083 74
11781 30
11802 223
11237 47
11237 60
11293 14
11776 42
11512 29
11512 102
11565 65
11565 171
11565 174
11565 242
11565 251
11550 160
11675 94
11675 100
11787 67
11091 28
11636 52
11606 149
11720 44
11720 94
11203 40
11065 155
11794 22
11767 5
11162 19
11162 20
11162 24
11833 111
11775 64
11816 93
11816 141
11816 192
11820 46
11820 85
11820 97
11820 144
11841 43
11672 78
11506 4
11506 24
11506 31
11742 2
11742 11
11742 80
11742 93
11753 14
11146 101
11146 173
11146 224
11146 301
11146 325
11214 7
11604 321
11756 234
11719 45
11819 39
11819 62
11819 64
11727 271
11727 294
11727 301
11519 38
11519 63
11519 113
11519 163
11818 0
11518 16
11518 37
11518 70
11518 89
11518 97
11786 80
11786 101
11786 126
11786 152
11786 159
11786 239
11786 294
11786 313
11083 133
11698 22
11698 80
11653 81
11832 130
11146 28
11204 14
11071 66
11071 95
11071 123
11071 146
11614 68
11614 189
11614 195
11849 32
11493 2
11493 3
11820 185
11150 10
11150 18
11150 80
11150 86
11279 72
11081 148
11589 8
11589 50
11589 90
11589 99
11589 217
11723 105
11723 135
11723 167
11723 190
11723 196
11723 222
11723 269
11723 286
11723 292
11213 14
11815 175
11720 17
11720 58
11720 105
11720 137
11720 227
11528 2
11528 48
11755 114
11196 184
11270 76
11521 122
11521 148
11803 2
11803 32
11803 62
11803 72
11803 90
11291 4
11065 138
11550 181
11544 0
11134 52
11134 100
11546 27
11546 82
11546 132
11546 152
11723 161
11723 187
11723 250
11723 254
11723 258
11723 276
11723 303
11723 323
11049 45
11816 61
11816 100
11816 126
11816 179
11816 182
11069 3
11069 38
11545 26
11545 74
11146 168
11260 45
11726 249
11274 1
11184 21
11068 76
11638 10
11605 2
11605 17
11134 19
11495 28
11154 7
11068 66
11779 158
11779 232
11509 44
11509 50
11509 83
11509 106
11509 128
11813 70
11813 101
11813 110
11813 126
11813 150
11668 129
11282 9
11830 322
11774 53
11674 4
11674 64
11745 77
11745 96
11745 134
11745 179
11518 38
11518 77
11518 123
11071 161
11550 250
11682 34
11605 47
11157 7
11213 54
11779 100
11065 20
11065 106
11187 36
11816 92
11816 132
11816 160
11660 16
11660 37
11786 41
11786 69
11786 115
11786 150
11786 182
11786 216
11786 224
11786 274
11786 335
11505 99
11505 134
11505 140
11819 4
11819 6
11819 36
11819 76
11819 78
11819 93
11740 208
11740 209
11740 270
11495 14
11087 103
11087 135
11070 136
11070 211
11581 19
11581 97
11740 250
11740 256
11740 287
11716 24
11716 32
11742 35
11742 61
11742 70
11238 7
11238 50
11830 27
11264 94
11762 152
11762 156
11762 183
11762 227
11762 260
11214 59
11680 0
11680 47
11680 89
11238 11
11565 130
11565 166
11565 172
11565 202
11565 219
11698 41
11698 96
11698 109
11719 49
11719 57
11719 65
11687 4
11687 26
11687 54
11687 142
11687 196
11791 79
11791 132
11791 181
11791 241
11791 286
11791 302
11724 35
11724 118
11724 175
11724 262
11724 269
11724 303
11724 311
11565 181
11565 187
11565 195
11565 213
11565 218
11565 228
11565 257
11672 0
11672 24
11679 52
11679 55
11679 86
11679 132
11173 86
11173 89
11173 111
11678 82
11678 131
11678 138
11678 144
11678 155
11237 63
11212 5
11212 54
11845 7
11845 65
11845 111
11845 208
11845 223
11693 15
11693 53
11693 96
11606 42
11606 45
11606 54
11606 74
11606 95
11606 141
11606 171
11215 5
11215 25
11215 47
11520 72
11520 164
11520 197
11520 258
11520 277
11685 177
11685 281
11685 296
11723 14
11723 60
11723 80
11723 144
11723 271
11723 307
11291 108
11291 119
11291 124
11291 128
11168 58
11168 97
11168 100
11168 123
11520 6
11520 61
11520 70
11520 128
11520 167
11520 182
11520 223
11520 270
11524 23
11524 48
11524 108
11524 111
11524 162
11524 200
11524 247
11524 269
11142 18
11668 29
11668 74
11263 43
11769 127
11769 151
11853 0
11853 4
11173 4
11173 77
11508 39
11695 5
11128 40
11783 41
11749 100
11291 10
11508 3
11508 73
11508 206
11233 25
11196 194
11278 323
11077 86
11833 11
11833 55
11833 136
11568 11
11291 159
11291 258
11066 111
11091 22
11598 7
11527 22
11066 10
11636 51
11077 106
11115 72
11115 84
11274 102
11169 38
11090 62
11073 19
11127 21
11514 10
11119 23
11141 4
11851 60
11853 13
11853 15
11492 50
11693 64
11749 50
11116 151
11067 2
11719 52
11081 157
11197 17
11282 13
11193 17
11749 28
11749 58
11186 149
11186 188
11259 77
11492 111
11617 23
11803 87
11803 105
11149 32
11550 310
11173 13
11532 128
11667 8
11755 59
11529 234
11529 269
11169 211
11169 227
11264 81
11841 105
11738 2
11738 13
11738 17
11738 126
11738 227
11543 122
11543 157
11828 21
11584 1
11584 8
11584 72
11578 73
11578 96
11065 26
11065 91
11075 84
11710 84
11520 157
11769 40
11769 62
11143 45
11066 96
11066 136
11780 10
11780 19
11780 37
11780 56
11780 59
11531 43
11531 61
11531 136
11531 197
11678 244
11678 245
11678 324
11782 57
11782 117
11782 146
11782 160
11274 14
11069 125
11528 22
11528 42
11646 14
11646 91
11081 143
11168 33
11168 63
11168 140
11198 120
11198 253
11115 27
11070 65
11070 80
11070 126
11077 38
11077 75
11832 90
11832 97
11832 111
11832 118
11149 163
11149 189
11149 273
11721 79
11721 106
11721 120
11721 139
11278 319
11647 11
11754 7
11754 77
11754 90
11256 19
11621 29
11780 62
11283 8
11064 118
11064 146
11784 37
11543 10
11162 55
11226 25
11664 4
11791 7
11791 124
11791 217
11791 224
11791 288
11791 296
11680 69
11680 155
11090 20
11090 77
11769 113
11769 131
11769 139
11820 188
11820 247
11820 306
11524 35
11524 58
11524 68
11524 139
11524 164
11524 209
11524 212
11681 75
11681 101
11681 113
11519 24
11519 71
11519 84
11519 114
11519 148
11559 1
11693 29
11154 13
11626 5
11626 10
11617 76
11684 6
11619 124
11619 177
11619 216
11619 222
11687 180
11073 55
11741 46
11741 75
11741 99
11741 107
11691 12
11691 14
11691 36
11807 45
11290 57
11290 298
11946 33
11946 38
11946 41
11174 1
11568 26
11946 0
11780 212
11186 142
11186 173
11186 285
11186 297
11186 321
11493 29
11740 1
11740 19
11740 59
11740 83
11740 159
11145 6
11777 8
11238 30
11625 30
11625 33
11625 52
11149 246
11149 287
11551 11
11075 3
11075 18
11075 28
11852 60
11727 242
11135 51
11059 7
11727 197
11275 4
11275 25
11166 4
11166 76
11724 135
11724 148
11724 181
11724 214
11724 286
11811 11
11811 61
11811 122
11811 222
11811 225
11653 15
11653 51
11253 88
11253 94
11196 43
11755 138
11238 15
11238 18
11684 47
11253 21
11761 2
11761 23
11761 91
11754 1
11754 13
11754 71
11751 192
11751 203
11751 279
11751 311
11751 314
11728 173
11604 34
11604 67
11604 85
11604 116
11604 155
11604 192
11071 74
11071 270
11215 33
11215 63
11215 78
11090 117
11090 129
11707 118
11707 168
11081 147
11502 1
11073 16
11603 2
11603 33
11214 47
11173 29
11664 37
11719 16
11667 3
11756 35
11756 114
11756 123
11756 153
11756 262
11756 271
11845 39
11845 62
11845 172
11845 197
11678 314
11778 56
11618 64
11512 71
11512 105
11796 41
11796 53
11796 64
11796 70
11796 100
11796 117
11796 137
11228 41
11229 23
11259 30
11259 49
11601 236
11601 280
11149 15
11149 23
11710 11
11710 19
11112 136
11112 220
11233 46
11520 42
11520 53
11520 137
11520 163
11505 136
11505 144
11169 133
11283 90
11259 24
11259 40
11259 59
11187 35
11794 23
11283 0
11283 10
11066 82
11729 1
11729 39
11729 93
11629 18
11804 25
11804 111
11804 191
11804 194
11804 205
11232 1
11740 9
11740 67
11740 70
11740 76
11740 152
11605 88
11605 97
11605 113
11605 153
11605 245
11605 274
11605 286
11233 114
11854 3
11290 217
11290 292
11819 61
11819 105
11680 24
11680 56
11680 85
11680 88
11680 119
11294 54
11119 83
11119 98
11119 167
11605 37
11605 38
11605 75
11605 147
11605 211
11605 282
11238 16
11238 35
11803 10
11803 18
11803 84
11803 97
11803 104
11286 23
11286 74
11070 149
11162 30
11741 3
11741 44
11521 104
11521 130
11119 44
11119 84
11119 173
11755 31
11755 33
11755 106
11793 39
11793 77
11793 102
11213 41
11213 65
11120 16
11120 129
11120 158
11593 13
11593 19
11723 11
11723 39
11723 56
11723 95
11723 124
11723 232
11297 11
11297 69
11297 77
11162 11
11619 109
11619 143
11619 178
11619 194
11619 214
11275 39
11535 1
11535 38
11535 59
11535 85
11291 136
11501 35
11278 176
11578 27
11578 36
11182 17
11182 68
11182 85
11182 149
11182 165
11066 23
11066 123
11066 211
11815 167
11815 201
11815 285
11836 21
11836 25
11836 46
11836 58
11836 103
11238 13
11112 127
11112 254
11742 146
11742 187
11742 188
11742 247
11070 67
11070 200
11519 2
11519 49
11519 70
11519 80
11519 118
11519 184
11215 22
11294 30
11644 40
11644 60
11644 77
11644 108
11644 144
11644 147
11494 27
11494 127
11494 154
11494 193
11801 35
11755 12
11765 108
11765 138
11765 206
11765 221
11146 9
11146 71
11146 150
11146 186
11146 229
11259 11
11278 63
11755 45
11755 57
11755 104
11831 41
11561 11
11561 27
11208 22
11088 24
11146 198
11146 246
11146 288
11598 34
11598 38
11601 285
11601 288
11601 312
11609 32
11609 62
11609 85
11609 110
11576 12
11576 20
11576 21
11576 23
11576 24
11576 25
11813 175
11813 189
11813 221
11813 237
11291 165
11291 237
11291 246
11845 24
11845 83
11845 105
11845 113
11845 141
11720 10
11720 45
11720 49
11720 66
11720 73
11720 101
11720 203
11720 216
11606 39
11606 70
11606 76
11606 103
11606 111
11606 139
11540 9
11540 37
11540 52
11677 17
11677 69
11677 100
11677 141
11677 30
11677 50
11677 52
11677 73
11677 95
11677 99
11677 106
11677 118
11709 43
11709 85
11709 104
11709 116
11709 134
11709 140
11133 144
11780 116
11584 39
11584 48
11606 238
11606 306
11793 150
11793 159
11586 6
11586 12
11741 73
11741 91
11741 135
11742 58
11742 78
11742 83
11066 128
11066 175
11066 189
11766 116
11766 152
11766 172
11766 298
11168 39
11081 83
11751 173
11172 25
11763 64
11075 60
11813 176
11283 46
11283 108
11139 84
11294 62
11184 89
11611 16
11133 51
11078 29
11831 62
11665 39
11632 43
11578 62
11578 67
11801 16
11065 21
11065 34
11619 69
11146 138
11146 176
11146 273
11146 284
11606 108
11606 153
11173 112
11149 14
11761 61
11537 291
11133 28
11133 72
11625 8
11625 59
11071 263
11625 43
11625 69
11292 15
11830 16
11763 30
11270 3
11091 47
11091 92
11169 192
11527 65
11527 121
11169 124
11169 138
11716 5
11815 65
11820 237
11604 188
11265 9
11270 21
11577 2
11073 84
11215 26
11775 105
11791 80
11527 150
11203 52
11831 13
11831 74
11608 6
11608 38
11608 47
11608 56
11528 17
11528 28
11528 32
11528 51
11801 26
11247 11
11514 30
11802 191
11253 47
11187 273
11293 22
11115 94
11115 98
11621 1
11621 46
11626 29
11227 12
11640 11
11494 79
11774 7
11259 81
11196 140
11833 269
11075 76
11285 5
11818 16
11619 188
11779 195
11749 36
11749 40
11660 10
11761 221
11761 244
11584 10
11584 20
11546 59
11546 86
11546 135
11565 260
11811 15
11811 97
11811 174
11811 191
11619 40
11619 58
11609 241
11675 101
11147 18
11681 20
11504 14
11792 5
11792 15
11059 67
11538 19
11538 22
11215 39
11599 33
11649 2
11197 32
11197 55
11749 80
11749 105
11639 70
11639 111
11619 100
11619 190
11619 200
11619 221
11815 15
11815 109
11815 199
11815 218
11528 0
11528 33
11528 47
11528 53
11064 72
11064 128
11644 9
11644 11
11644 52
11278 1
11278 48
11564 36
11564 42
11742 179
11742 184
11742 261
11728 31
11728 170
11728 325
11644 244
11285 30
11285 47
11539 39
11539 43
11672 56
11521 140
11521 154
11064 130
11064 176
11259 89
11205 3
11205 6
11763 56
11763 62
11614 28
11614 33
11614 78
11614 193
11740 38
11740 107
11740 130
11240 10
11724 88
11724 109
11724 307
11239 88
11546 24
11546 54
11546 58
11546 85
11738 22
11738 142
11738 262
11740 240
11740 324
11793 292
11685 231
11686 13
11519 9
11519 10
11519 22
11519 144
11519 181
11519 190
11519 213
11211 35
11685 36
11685 64
11172 41
11172 42
11504 64
11504 31
11504 51
11240 26
11514 1
11728 291
11742 283
11545 269
11815 229
11794 12
11186 7
11809 22
11691 118
11149 303
11278 177
11278 259
11278 283
11278 301
11278 303
11674 45
11263 11
11259 43
11087 91
11634 22
11634 29
11820 187
11820 240
11820 309
11292 1
11292 5
11564 20
11564 80
11742 154
11742 167
11742 237
11742 238
11742 273
11759 28
11759 46
11759 103
11759 109
11759 226
11527 80
11527 122
11527 154
11115 37
11657 32
11169 64
11205 37
11237 49
11237 66
11166 104
11745 21
11745 55
11745 177
11531 49
11087 15
11087 32
11233 161
11135 91
11134 119
11554 15
11554 48
11554 60
11554 80
11800 165
11134 91
11292 19
11292 27
11800 1
11800 61
11120 92
11186 317
11726 2
11726 71
11535 7
11535 15
11535 18
11243 22
11243 71
11243 75
11631 23
11631 34
11631 55
11631 74
11631 267
11088 3
11728 236
11728 270
11728 299
11146 153
11146 180
11065 16
11065 19
11065 129
11751 217
11751 249
11751 255
11751 317
11751 318
11274 16
11553 14
11553 17
11675 85
11543 168
11644 33
11758 10
11742 9
11742 73
11134 115
11776 23
11833 34
11833 89
11833 271
11557 28
11557 52
11557 84
11832 2
11832 5
11832 28
11832 50
11832 68
11832 120
11803 36
11803 79
11803 81
11520 26
11520 155
11520 212
11520 215
11520 246
11719 33
11504 34
11504 72
11504 77
11526 3
11609 276
11064 156
11544 12
11544 37
11544 67
11164 3
11531 17
11531 52
11531 192
11083 41
11083 195
11259 14
11119 56
11119 125
11119 157
11119 170
11762 144
11762 242
11762 274
11648 17
11648 136
11648 155
11648 176
11535 24
11535 51
11535 103
11150 58
11150 94
11150 177
11270 32
11581 61
11946 14
11778 6
11259 62
11625 32
11625 46
11543 97
11543 112
11631 9
11150 21
11150 120
11144 2
11741 6
11741 29
11741 66
11741 87
11599 17
11599 27
11599 35
11696 41
11696 61
11696 96
11833 281
11650 2
11166 11
11166 24
11166 44
11166 54
11636 33
11286 20
11286 22
11550 164
11550 254
11550 261
11751 0
11751 7
11751 69
11751 98
11780 23
11780 36
11780 43
11721 20
11721 78
11721 201
11721 203
11678 233
11678 308
11678 317
11271 58
11271 61
11608 20
11608 23
11608 66
11608 81
11742 54
11278 151
11519 280
11721 37
11139 24
11626 90
11626 96
11090 218
11830 102
11830 203
11830 252
11841 112
11841 116
11550 90
11550 102
11550 129
11550 161
11550 199
11550 226
11550 253
11550 297
11847 52
11847 81
11847 87
11545 204
11545 208
11545 227
11545 237
11545 294
11545 311
11285 27
11243 12
11535 83
11218 8
11120 126
11527 5
11527 34
11527 73
11527 74
11527 90
11527 95
11527 149
11751 24
11751 64
11146 61
11146 133
11678 229
11678 273
11678 299
11678 331
11574 93
11574 110
11067 12
11067 18
11793 116
11793 136
11793 163
11083 96
11083 132
11083 198
11274 96
11259 103
11240 57
11521 120
11521 152
11197 36
11197 46
11197 90
11194 41
11194 42
11833 165
11833 287
11833 299
11619 102
11619 160
11619 186
11619 202
11619 205
11614 8
11614 55
11614 77
11614 107
11614 115
11774 3
11774 14
11774 26
11846 13
11846 43
11846 44
11846 55
11804 72
11804 109
11804 183
11741 25
11741 113
11741 125
11741 136
11820 2
11820 15
11820 117
11820 122
11713 128
11713 144
11713 192
11601 1
11601 98
11601 139
11601 165
11601 190
11601 197
11601 200
11782 52
11782 56
11782 70
11782 71
11782 132
11286 35
11286 72
11693 34
11693 69
11071 72
11071 183
11804 22
11804 24
11804 98
11804 119
11804 148
11804 190
11144 15
11135 58
11543 219
11551 114
11072 88
11072 97
11578 26
11578 33
11792 0
11657 63
11270 83
11614 34
11614 38
11614 79
11614 110
11614 144
11614 145
11614 161
11763 69
11066 34
11066 186
11619 1
11668 26
11668 108
11514 11
11233 204
11763 16
11763 17
11228 36
11780 48
11780 53
11574 69
11751 43
11751 57
11751 78
11751 120
11751 141
11751 168
11259 26
11259 72
11729 46
11729 65
11606 33
11606 57
11606 73
11606 122
11606 164
11656 62
11118 272
11593 75
11606 169
11519 273
11519 292
11166 85
11166 93
11804 19
11804 88
11804 116
11804 125
11804 133
11804 139
11804 163
11804 180
11150 0
11143 36
11065 82
11077 51
11668 37
11668 123
11811 42
11811 170
11811 190
11286 8
11286 12
11182 90
11758 17
11758 48
11233 162
11836 12
11836 101
11836 110
11234 3
11234 13
11065 143
11065 172
11065 183
11065 184
11719 58
11617 100
11617 171
11681 76
11253 36
11270 74
11263 18
11818 1
11550 145
11550 157
11550 238
11550 273
11550 314
11713 97
11172 73
11728 87
11728 320
11660 40
11673 55
11249 64
11673 72
11673 74
11830 186
11065 105
11065 131
11846 2
11846 88
11846 117
11846 122
11846 127
11846 131
11675 34
11674 50
11514 5
11168 76
11544 5
11537 287
11164 31
11691 78
11561 56
11644 163
11815 207
11629 26
11780 75
11127 11
11127 30
11545 69
11545 94
11824 0
11508 86
11508 268
11945 115
11945 132
11294 21
11294 37
11294 48
11528 46
11087 57
11087 110
11505 117
11759 23
11279 102
11174 11
11741 1
11169 52
11146 204
11146 269
11146 331
11776 17
11776 68
11776 99
11678 8
11678 32
11678 74
11296 35
11515 23
11866 161
11775 68
11495 10
11150 153
11604 312
11293 2
11521 21
11521 51
11294 50
11081 112
11081 114
11564 116
11581 53
11581 87
11581 105
11696 28
11696 33
11696 51
11194 1
11194 32
11194 62
11737 28
11737 137
11638 5
11638 13
11751 22
11751 49
11751 103
11584 26
11584 37
11841 67
11841 75
11833 51
11833 106
11833 149
11791 16
11791 171
11791 173
11791 184
11791 215
11842 80
11842 146
11274 7
11274 67
11678 249
11678 288
11149 158
11149 195
11707 99
11707 127
11707 179
11553 132
11553 168
11553 193
11553 210
11553 228
11574 78
11574 83
11574 115
11574 160
11821 28
11821 107
11821 145
11570 16
11570 18
11570 47
11508 31
11508 92
11508 144
11508 180
11508 230
11508 293
11782 0
11782 69
11782 80
11782 165
11782 193
11833 196
11833 228
11833 262
11833 264
11623 34
11623 75
11623 106
11776 5
11776 7
11776 46
11776 140
11776 182
11290 113
11290 131
11290 148
11290 168
11290 294
11637 26
11637 29
11637 36
11637 71
11637 125
11637 171
11804 45
11804 90
11804 126
11804 199
11623 25
11623 82
11623 98
11064 22
11064 41
11064 48
11064 170
11249 19
11249 32
11518 20
11518 49
11518 112
11518 118
11617 131
11617 175
11617 208
11617 227
11786 4
11786 35
11786 81
11786 179
11786 185
11786 261
11786 277
11745 36
11745 74
11745 116
11745 144
11745 176
11815 34
11815 70
11815 71
11815 93
11815 94
11815 99
11815 156
11576 5
11576 6
11576 11
11576 15
11576 17
11576 18
11576 19
11804 50
11804 82
11804 120
11804 121
11804 142
11738 4
11738 31
11738 42
11738 178
11738 203
11494 77
11494 145
11494 160
11494 178
11494 252
11239 24
11239 43
11239 59
11727 4
11727 21
11727 47
11727 88
11727 124
11723 7
11723 44
11723 49
11723 79
11723 81
11723 174
11723 203
11723 298
11848 34
11848 55
11848 66
11848 79
11848 97
11848 109
11848 302
11173 118
11070 120
11807 41
11149 55
11653 71
11820 7
11820 9
11820 119
11820 131
11820 169
11129 0
11128 57
11814 14
11201 13
11758 55
11581 72
11508 81
11187 283
11539 15
11157 10
11728 24
11753 22
11198 227
11168 52
11281 5
11684 20
11684 65
11679 133
11714 14
11787 144
11660 34
11822 38
11085 0
11619 64
11237 58
11691 21
11830 23
11830 296
11830 326
11224 4
11168 105
11081 105
11081 107
11841 60
11083 2
11083 12
11083 111
11194 51
11501 54
11730 0
11608 140
11762 110
11073 14
11841 0
11841 114
11075 49
11495 54
11606 168
11182 61
11182 106
11729 32
11606 202
11719 38
11112 170
11112 249
11802 109
11802 119
11091 37
11171 104
11707 103
11707 115
11217 30
11829 99
11666 48
11666 61
11696 44
11696 87
11758 56
11758 73
11502 6
11813 246
11781 29
11781 37
11119 141
11119 179
11133 114
11786 5
11077 0
11077 105
11784 4
11709 71
11278 180
11278 245
11278 90
11255 21
11646 8
11646 55
11584 23
11584 41
11584 33
11816 5
11816 7
11069 25
11069 124
11619 133
11619 140
11619 149
11120 47
11120 59
11613 14
11173 14
11173 15
11173 105
11172 20
11069 94
11069 136
11609 77
11609 83
11609 84
11609 129
11609 165
11660 1
11631 224
11278 94
11278 231
11184 19
11279 114
11687 15
11687 124
11687 132
11687 143
11687 166
11132 8
11243 33
11503 25
11574 21
11574 52
11074 41
11074 78
11518 50
11518 64
11518 101
11543 184
11543 203
11543 205
11132 24
11675 24
11675 67
11819 3
11819 81
11815 4
11198 145
11751 8
11751 16
11751 100
11278 194
11278 270
11675 80
11675 141
11675 168
11526 9
11691 43
11691 44
11691 57
11519 1
11519 225
11519 242
11519 252
11593 72
11593 73
11286 14
11728 50
11728 181
11728 324
11233 51
11765 156
11765 166
11765 215
11681 11
11681 105
11133 0
11133 7
11133 125
11584 104
11584 114
11584 148
11726 49
11726 55
11726 57
11577 6
11577 15
11577 26
11780 146
11780 201
11648 64
11648 75
11648 146
11648 204
11215 94
11083 192
11213 22
11584 116
11076 22
11172 80
11260 37
11532 108
11120 135
11813 179
11813 191
11240 49
11570 2
11570 17
11570 55
11570 66
11297 22
11297 67
11297 87
11297 89
11754 59
11691 105
11765 180
11765 185
11765 191
11765 210
11765 211
11824 10
11626 38
11626 91
11737 8
11737 160
11737 161
11077 113
11170 10
11729 23
11729 30
11729 59
11240 33
11568 0
11778 38
11153 3
11714 27
11091 158
11278 56
11632 64
11494 268
11744 21
11836 1
11696 4
11149 147
11283 48
11283 74
11613 6
11693 77
11693 78
11762 48
11762 70
11762 132
11762 188
11762 201
11762 225
11762 291
11762 331
11829 33
11829 42
11829 144
11829 155
11139 16
11065 9
11867 7
11867 19
11867 33
11867 34
11574 68
11611 14
11824 5
11601 212
11673 38
11841 2
11186 213
11237 38
11237 56
11675 83
11866 119
11609 240
11755 41
11755 122
11068 28
11664 100
11712 46
11751 284
11751 307
11574 16
11574 46
11069 27
11069 89
11087 7
11087 16
11087 70
11653 25
11852 9
11852 47
11228 49
11637 34
11637 167
11637 172
11727 198
11751 208
11751 210
11751 223
11751 269
11751 271
11751 293
11751 337
11605 44
11605 54
11605 106
11605 148
11605 164
11605 219
11605 288
11762 95
11762 99
11762 113
11762 143
11762 224
11762 233
11762 286
11762 315
11786 72
11786 90
11786 96
11786 106
11786 119
11786 138
11786 145
11786 165
11639 44
11639 56
11639 78
11639 116
11064 31
11064 117
11793 66
11793 88
11793 101
11793 119
11793 161
11793 180
11239 11
11239 91
11604 8
11604 12
11604 44
11604 64
11604 140
11604 142
11604 215
11234 36
11234 52
11234 70
11234 71
11234 72
11234 80
11509 79
11691 125
11087 67
11087 136
11197 7
11091 108
11182 20
11786 155
11728 337
11833 37
11171 19
11219 73
11802 29
11677 148
11143 3
11693 28
11172 34
11119 177
11119 188
11164 32
11134 45
11249 14
11290 30
11290 87
11290 305
11751 35
11751 41
11751 87
11751 112
11751 113
11545 72
11545 82
11545 106
11558 6
11558 21
11761 46
11761 81
11761 111
11761 143
11072 79
11608 21
11775 70
11610 11
11212 33
11075 63
11172 5
11172 85
11639 18
11639 53
11677 38
11847 89
11120 29
11120 32
11685 212
11685 287
11071 81
11071 135
11071 154
11776 117
11776 126
11264 65
11578 47
11578 54
11578 76
11578 102
11677 9
11677 39
11677 80
11677 128
11749 32
11749 71
11610 10
11282 31
11202 12
11075 4
11851 75
11166 2
11828 1
11494 87
11196 223
11776 75
11593 36
11077 111
11203 22
11073 47
11142 10
11761 59
11291 38
11291 53
11279 16
11716 33
11173 57
11173 59
11696 24
11574 34
11574 121
11281 10
11698 12
11698 21
11698 85
11578 101
11674 65
11270 14
11270 53
11219 17
11219 46
11234 1
11234 53
11234 55
11637 94
11637 114
11637 151
11637 184
11494 229
11558 5
11521 112
11846 71
11532 125
11085 16
11614 129
11614 191
11214 84
11653 56
11653 67
11244 18
11073 31
11073 49
11073 76
11283 16
11505 54
11286 0
11189 18
11203 8
11150 125
11575 40
11283 72
11283 109
11215 54
11244 29
11244 30
11820 194
11820 197
11820 211
11275 34
11275 121
11678 135
11675 16
11675 62
11112 137
11112 182
11696 29
11526 13
11786 297
11081 68
11206 17
11206 53
11847 31
11279 14
11265 14
11233 71
11255 6
11550 247
11800 70
11800 87
11800 162
11120 52
11120 99
11780 66
11653 1
11653 44
11653 49
11653 83
11508 141
11162 15
11198 205
11198 308
11173 55
11506 2
11506 77
11506 111
11506 134
11506 146
11278 148
11278 198
11531 25
11531 101
11508 4
11508 125
11508 133
11508 208
11508 253
11754 36
11754 50
11692 11
11150 36
11227 16
11279 50
11278 43
11278 83
11076 2
11502 7
11945 122
11184 27
11184 38
11184 52
11793 103
11793 287
11793 303
11833 183
11833 216
11184 70
11794 4
11210 3
11749 34
11749 83
11644 233
11644 261
11644 273
11847 77
11847 118
11196 107
11196 136
11196 176
11601 229
11601 321
11601 323
11172 37
11253 100
11786 42
11674 2
11575 16
11138 57
11784 5
11172 53
11172 96
11172 101
11083 45
11083 70
11653 23
11653 42
11653 61
11265 4
11283 30
11283 49
11283 70
11168 48
11168 141
11214 14
11214 25
11068 31
11068 78
11852 29
11852 74
11494 180
11494 197
11494 205
11494 271
11608 40
11608 51
11608 91
11846 11
11846 34
11846 64
11846 143
11842 34
11842 83
11842 111
11842 122
11149 42
11852 58
11852 70
11852 71
11187 31
11187 78
11187 280
11187 285
11527 15
11527 50
11527 83
11606 0
11606 31
11606 135
11606 198
11278 40
11278 51
11278 102
11278 224
11738 66
11738 78
11738 166
11738 212
11738 233
11727 26
11727 48
11727 71
11727 84
11727 99
11813 43
11813 90
11813 169
11599 23
11599 60
11630 70
11630 99
11630 119
11813 21
11813 58
11813 88
11813 133
11813 142
11240 2
11681 33
11681 45
11681 50
11681 73
11071 16
11071 85
11071 198
11071 210
11071 245
11086 47
11086 71
11086 124
11086 208
11086 242
11146 47
11146 60
11146 82
11146 332
11146 333
11841 19
11841 22
11841 89
11841 108
11090 40
11090 93
11090 152
11090 208
11275 21
11275 80
11275 96
11520 20
11520 98
11520 104
11520 229
11601 4
11601 17
11601 72
11601 80
11601 138
11811 56
11811 85
11811 173
11811 221
11171 33
11171 54
11171 63
11212 25
11852 21
11852 91
11494 183
11494 236
11816 58
11816 78
11816 155
11816 183
11816 190
11678 209
11678 266
11678 272
11678 334
11228 51
11503 13
11668 5
11636 54
11128 38
11535 87
11274 85
11664 79
11601 71
11565 178
11606 24
11606 36
11606 38
11606 44
11606 99
11606 106
11606 137
11538 11
11538 21
11787 168
11275 56
11830 137
11714 13
11787 163
11589 113
11589 200
11589 223
11756 4
11756 19
11756 44
11756 101
11756 214
11290 16
11290 35
11290 77
11290 86
11290 311
11685 92
11067 48
11292 28
11087 93
11503 0
11630 73
11692 1
11519 305
11751 174
11282 2
11278 203
11495 5
11196 12
11133 26
11133 155
11507 31
11077 95
11215 84
11668 22
11184 50
11833 261
11601 226
11601 281
11598 4
11169 132
11664 29
11664 42
11664 86
11664 113
11737 9
11737 27
11737 43
11737 44
11737 45
11737 92
11071 68
11071 77
11071 169
11071 177
11112 131
11505 42
11187 79
11783 36
11867 107
11851 42
11851 88
11134 40
11134 77
11720 64
11514 6
11514 29
11577 17
11577 37
11724 32
11724 38
11724 124
11724 202
11724 281
11724 299
11543 39
11742 41
11742 79
11742 89
11867 3
11867 52
11867 57
11867 90
11867 115
11617 1
11617 3
11617 18
11589 4
11589 194
11249 44
11249 55
11249 57
11249 70
11260 33
11270 56
11755 32
11755 129
11539 12
11539 66
11283 7
11776 172
11766 71
11766 118
11766 291
11668 64
11817 4
11528 8
11528 21
11275 16
11202 21
11198 191
11198 237
11253 34
11219 49
11239 36
11291 210
11291 315
11756 49
11756 94
11756 98
11756 237
11756 283
11072 35
11072 73
11793 74
11793 81
11793 111
11811 9
11811 22
11811 80
11811 84
11811 131
11811 214
11618 8
11618 13
11618 58
11618 139
11618 164
11833 40
11833 74
11833 79
11833 85
11206 7
11206 26
11134 127
11134 154
11138 67
11632 15
11632 24
11632 27
11848 2
11848 32
11848 72
11848 153
11848 290
11149 5
11149 10
11653 90
11131 7
11680 22
11680 23
11680 80
11166 5
11166 69
11077 35
11077 96
11077 102
11070 22
11070 73
11253 61
11253 116
11527 48
11527 97
11589 36
11589 63
11589 226
11529 41
11529 68
11529 76
11529 152
11529 158
11821 5
11821 86
11821 98
11821 133
11821 147
11738 1
11738 52
11738 90
11738 192
11196 18
11196 21
11196 134
11742 111
11742 216
11742 232
11742 287
11653 62
11653 72
11653 76
11765 155
11765 173
11765 249
11713 132
11713 155
11228 13
11071 73
11071 217
11071 242
11090 43
11090 81
11090 181
11090 184
11776 32
11776 53
11776 55
11776 183
11146 37
11146 146
11290 12
11290 74
11290 115
11290 216
11290 237
11656 3
11656 8
11656 50
11727 211
11727 225
11727 304
11727 305
11727 326
11727 329
11224 11
11494 134
11494 149
11494 218
11494 282
11198 53
11198 156
11198 222
11591 56
11591 68
11591 70
11591 85
11591 97
11591 140
11678 34
11678 113
11678 150
11678 152
11740 260
11740 272
11740 340
11070 17
11070 51
11070 227
11070 235
11854 0
11854 43
11854 54
11677 63
11677 102
11677 116
11677 149
11677 166
11070 37
11070 92
11070 137
11070 145
11070 184
11070 213
11762 66
11762 108
11762 264
11762 266
11762 271
11762 297
11762 310
11628 28
11628 86
11628 145
11628 204
11628 206
11628 213
11628 315
11527 0
11527 12
11527 77
11527 107
11527 152
11527 153
11719 54
11619 113
11083 20
11675 79
11675 156
11134 92
11509 143
11568 9
11816 144
11844 101
11581 60
11624 21
11624 27
11503 3
11503 34
11678 275
11678 325
11198 113
11198 143
11198 239
11198 278
11171 101
11149 183
11149 306
11852 16
11852 95
11131 4
11655 11
11193 10
11724 99
11724 122
11724 130
11724 187
11724 191
11724 195
11724 216
11144 17
11144 36
11119 26
11119 35
11119 68
11119 131
11742 136
11742 170
11742 206
11742 251
11742 259
11800 14
11605 218
11260 15
11753 49
11712 10
11712 85
11745 118
11745 173
11830 300
11830 308
11833 96
11833 116
11947 2
11947 76
11259 8
11259 36
11233 140
11531 2
11531 124
11531 176
11531 185
11186 18
11147 41
11617 105
11584 100
11584 164
11693 91
11214 73
11297 12
11297 34
11529 10
11529 36
11529 38
11529 60
11529 81
11509 35
11145 18
11211 37
11214 1
11759 59
11759 76
11759 89
11759 195
11759 258
11091 2
11091 21
11521 79
11285 4
11070 11
11070 48
11149 26
11133 49
11133 154
11551 12
11700 11
11700 47
11606 82
11606 84
11606 126
11606 144
11604 26
11604 159
11604 171
11604 176
11604 180
11604 250
11604 258
11604 266
11604 319
11774 0
11774 5
11774 52
11119 59
11119 148
11119 171
11809 1
11083 222
11282 29
11184 3
11504 22
11206 1
11820 310
11270 22
11075 55
11848 36
11712 41
11712 109
11786 50
11786 84
11786 163
11786 178
11786 270
11786 305
11786 323
11624 5
11278 312
11787 164
11529 175
11529 186
11529 220
11529 305
11162 51
11797 3
11186 57
11769 128
11769 141
11526 0
11526 6
11847 50
11075 12
11138 82
11071 155
11071 241
11576 13
11544 25
11544 26
11544 63
11796 59
11796 95
11796 141
11800 48
11800 76
11800 112
11800 150
11275 92
11275 102
11754 34
11754 56
11754 86
11649 3
11624 47
11133 109
11247 18
11198 4
11846 95
11846 173
11171 3
11071 47
11071 48
11071 201
11793 45
11793 57
11793 92
11729 21
11729 22
11729 55
11729 91
11198 42
11198 66
11198 153
11198 306
11605 22
11605 49
11605 69
11605 193
11605 216
11605 244
11591 171
11075 51
11081 129
11115 34
11550 25
11291 156
11068 4
11068 14
11653 19
11653 47
11553 184
11553 223
11728 53
11728 88
11728 113
11728 260
11623 93
11623 104
11726 173
11638 9
11638 17
11638 23
11528 14
11528 30
11291 114
11069 34
11069 113
11069 123
11584 0
11584 75
11779 116
11779 141
11779 226
11779 235
11779 276
11781 6
11781 31
11781 45
11781 50
11087 0
11087 137
11087 145
11637 63
11637 131
11637 148
11168 40
11168 139
11065 62
11249 62
11275 13
11275 82
11162 64
11512 0
11512 25
11537 14
11537 30
11537 96
11537 99
11537 178
11086 164
11793 3
11807 9
11198 194
11176 5
11675 45
11675 61
11842 74
11842 131
11617 29
11617 46
11194 28
11539 26
11539 32
11539 53
11143 28
11143 46
11501 52
11290 96
11290 185
11290 213
11290 244
11802 166
11196 227
11811 1
11811 32
11811 77
11811 96
11811 128
11811 158
11759 186
11119 150
11196 113
11120 70
11120 128
11120 144
11820 123
11290 169
11290 308
11290 330
11290 44
11290 89
11290 204
11766 113
11766 120
11766 151
11766 208
11766 273
11766 277
11766 290
11508 33
11508 115
11508 145
11508 223
11508 285
11578 8
11578 42
11578 95
11630 58
11630 109
11630 180
11069 67
11069 119
11069 139
11776 12
11776 49
11776 108
11776 132
11776 165
11776 178
11539 6
11668 18
11763 11
11591 78
11630 74
11630 148
11294 26
11540 18
11540 35
11543 22
11543 30
11543 37
11631 6
11631 49
11631 70
11631 90
11631 93
11631 167
11631 185
11631 219
11091 161
11281 19
11761 217
11761 226
11660 7
11660 42
11544 11
11544 47
11621 28
11621 39
11621 48
11091 39
11071 277
11584 40
11584 83
11081 100
11169 5
11291 148
11291 191
11291 215
11291 254
11291 274
11150 6
11150 25
11150 75
11150 126
11150 166
11150 170
11782 104
11727 28
11727 30
11727 67
11727 145
11756 13
11756 22
11756 31
11756 51
11756 160
11756 163
11756 282
11617 186
11519 300
11741 0
11581 37
11581 73
11574 119
11115 99
11946 4
11587 1
11587 5
11187 100
11187 117
11724 94
11724 102
11724 139
11724 150
11724 155
11724 162
11724 319
11724 324
11842 64
11842 121
11842 163
11819 17
11819 113
11146 162
11146 214
11678 258
11678 283
11678 309
11769 93
11493 49
11759 225
11279 111
11182 8
11182 125
11754 0
11848 91
11049 38
11495 49
11687 23
11687 76
11687 78
11687 107
11687 137
11687 173
11687 188
11801 20
11801 23
11782 63
11782 194
11851 82
11851 86
11784 64
11565 52
11565 72
11565 147
11565 182
11565 197
11565 224
11565 245
11253 85
11253 92
11947 18
11575 0
11575 39
11575 77
11691 90
11691 151
11173 30
11632 17
11632 23
11618 179
11203 55
11203 73
11210 2
11259 44
11203 34
11203 42
11143 4
11143 41
11088 11
11088 43
11766 129
11766 209
11766 216
11766 252
11766 279
11214 10
11214 19
11214 71
11214 77
11204 31
11744 1
11678 110
11081 154
11293 6
11187 56
11591 14
11591 29
11162 69
11162 78
11946 22
11617 169
11198 0
11198 161
11198 282
11198 284
11198 296
11813 6
11813 40
11813 157
11504 44
11680 18
11680 181
11574 26
11574 91
11574 99
11543 214
11543 277
11162 13
11162 33
11720 123
11720 151
11644 139
11286 9
11728 157
11728 200
11728 216
11728 239
11728 326
11274 89
11494 270
11494 283
11149 252
11149 296
11852 11
11852 15
11852 72
11852 90
11852 94
11682 43
11682 75
11682 87
11776 14
11776 19
11776 70
11776 78
11762 58
11762 67
11762 231
11762 250
11762 263
11518 82
11518 84
11518 104
11546 9
11546 31
11546 68
11546 98
11546 146
11506 89
11741 39
11741 70
11741 84
11656 52
11667 15
11138 37
11198 186
11162 3
11492 110
11668 56
11668 76
11668 80
11668 81
11684 29
11684 49
11684 54
11684 73
11847 51
11713 184
11550 114
11550 116
11550 190
11550 203
11550 265
11253 20
11253 55
11253 97
11678 192
11186 46
11087 34
11831 38
11857 2
11078 30
11512 47
11532 121
11543 243
11291 230
11678 250
11172 99
11249 69
11781 0
11841 39
11570 73
11624 24
11759 67
11759 138
11759 139
11759 143
11759 156
11759 192
11759 245
11787 47
11787 83
11742 125
11742 263
11120 67
11120 118
11120 121
11219 19
11196 186
11083 95
11173 56
11173 84
11219 32
11219 86
11610 3
11610 4
11646 65
11211 9
11709 77
11709 138
11184 22
11184 53
11215 113
11821 27
11821 34
11821 73
11821 122
11619 22
11619 79
11846 17
11644 82
11644 124
11644 158
11644 207
11644 218
11494 262
11138 32
11138 52
11776 28
11776 62
11198 240
11537 3
11537 239
11537 266
11537 275
11187 38
11830 123
11830 131
11830 135
11830 236
11574 74
11574 88
11765 128
11759 230
11758 21
11758 50
11215 24
11215 100
11727 98
11727 113
11727 131
11727 153
11811 33
11811 53
11811 106
11811 194
11168 49
11679 119
11842 99
11182 34
11182 94
11723 5
11723 108
11723 193
11723 252
11723 321
11679 74
11186 77
11848 317
11733 13
11775 44
11624 0
11741 5
11741 24
11741 36
11741 64
11741 116
11741 128
11744 7
11813 213
11813 230
11813 232
11813 255
11133 60
11133 68
11133 90
11146 115
11243 76
11067 33
11067 45
11636 8
11636 25
11636 58
11133 53
11211 15
11553 5
11553 20
11553 27
11613 55
11740 197
11740 241
11740 276
11791 12
11791 15
11791 120
11791 148
11791 153
11791 169
11791 233
11791 249
11791 305
11707 116
11707 125
11707 141
11707 173
11545 8
11545 163
11545 176
11673 15
11673 36
11673 52
11745 95
11745 130
11745 149
11745 174
11784 48
11784 52
11784 65
11784 72
11716 41
11716 57
11716 95
11684 7
11742 162
11668 78
11668 93
11668 110
11278 85
11278 129
11617 109
11617 141
11617 149
11617 213
11793 55
11793 82
11793 115
11071 6
11071 237
11847 74
11844 6
11844 103
11844 271
11644 69
11776 135
11776 181
11846 14
11846 45
11846 177
11617 51
11761 198
11761 206
11143 0
11143 15
11146 217
11146 300
11087 5
11087 156
11090 5
11090 16
11090 162
11291 270
11640 2
11640 32
11292 30
11847 41
11847 54
11847 64
11141 19
11755 18
11755 115
11239 34
11239 112
11240 40
11854 20
11854 39
11854 68
11632 78
11791 69
11791 97
11791 118
11791 199
11791 222
11791 245
11791 278
11529 239
11529 279
11529 306
11529 314
11149 62
11149 117
11149 122
11589 14
11589 27
11589 203
11589 225
11296 0
11296 36
11296 38
11296 45
11264 21
11264 64
11779 97
11779 172
11779 280
11796 50
11796 116
11796 149
11802 39
11791 40
11791 82
11791 104
11791 139
11791 209
11791 298
11285 54
11681 93
11083 13
11083 84
11083 120
11083 155
11083 173
11067 32
11606 268
11146 256
11709 76
11712 9
11712 26
11712 122
11712 130
11091 35
11529 115
11638 22
11637 6
11637 20
11637 68
11637 161
11197 111
11186 2
11720 89
11720 97
11720 121
11720 154
11720 209
11793 52
11137 1
11624 10
11591 155
11064 76
11653 63
11186 217
11751 163
11828 18
11149 77
11149 83
11149 87
11149 338
11793 90
11801 18
11198 276
11521 16
11816 22
11233 4
11233 12
11233 68
11233 99
11128 1
11521 45
11545 192
11545 230
11545 233
11545 249
11581 86
11290 179
11169 209
11831 21
11544 3
11521 2
11521 4
11521 25
11524 18
11524 20
11524 28
11524 83
11524 143
11524 181
11524 214
11524 228
11847 78
11847 94
11291 249
11291 312
11527 66
11090 31
11090 42
11695 3
11619 14
11619 23
11544 1
11198 104
11577 8
11076 7
11186 177
11508 221
11532 74
11194 47
11779 61
11294 44
11769 114
11065 7
11065 128
11259 20
11219 43
11139 47
11139 55
11187 172
11741 49
11741 54
11741 79
11741 101
11741 112
11608 64
11758 57
11187 50
11271 82
11648 0
11648 10
11648 14
11648 52
11648 76
11127 24
11729 11
11532 17
11508 93
11508 140
11508 187
11508 210
11604 9
11604 72
11604 110
11604 125
11604 205
11604 255
11846 62
11619 132
11619 151
11619 219
11851 47
11851 48
11543 3
11543 31
11068 18
11233 89
11605 98
11775 23
11501 45
11730 5
11613 62
11186 84
11186 85
11186 201
11543 108
11543 145
11256 14
11186 322
11068 85
11665 130
11271 86
11769 55
11946 35
11509 2
11509 48
11509 77
11509 121
11127 18
11198 54
11198 268
11763 19
11737 13
11737 57
11737 83
11737 131
11242 17
11203 97
11782 114
11782 115
11677 33
11677 51
11677 72
11677 87
11186 103
11598 10
11598 19
11239 40
11149 118
11149 202
11687 34
11070 127
11070 205
11064 211
11646 40
11646 57
11646 88
11700 7
11700 8
11700 41
11713 117
11070 142
11070 195
11675 31
11675 72
11543 267
11083 23
11083 140
11083 165
11074 7
11074 72
11675 140
11675 180
11239 54
11239 58
11710 77
11710 113
11841 12
11841 97
11150 48
11271 0
11618 16
11618 45
11618 138
11618 184
11786 19
11786 67
11786 87
11786 128
11786 176
11786 231
11707 153
11631 24
11631 119
11631 121
11631 166
11631 176
11631 179
11631 226
11631 259
11581 26
11581 96
11581 107
11070 157
11070 169
11696 63
11696 69
11728 16
11728 308
11728 316
11083 49
11083 181
11083 204
11166 1
11166 38
11829 70
11829 97
11829 122
11829 125
11724 37
11724 215
11724 222
11724 304
11724 317
11584 22
11584 55
11584 93
11509 18
11509 58
11509 63
11509 84
11509 89
11509 93
11509 114
11726 209
11726 256
11726 267
11237 59
11237 104
11071 1
11071 136
11071 184
11681 42
11681 51
11681 102
11518 3
11518 28
11518 66
11518 130
11720 63
11720 91
11720 170
11720 184
11543 44
11543 64
11543 66
11543 88
11543 102
11537 61
11537 109
11537 144
11537 175
11537 217
11537 252
11537 265
11070 45
11070 77
11070 226
11070 228
11779 81
11779 107
11779 124
11779 244
11243 25
11243 62
11786 62
11786 107
11786 164
11786 208
11786 232
11065 14
11678 37
11678 85
11678 185
11678 206
11832 24
11832 101
11832 125
11832 164
11832 181
11811 41
11811 57
11811 99
11811 109
11811 178
11811 213
11811 231
11070 199
11531 23
11531 31
11531 53
11531 164
11844 3
11844 177
11844 188
11844 236
11844 264
11565 62
11565 99
11565 188
11565 230
11565 239
11565 254
11758 67
11807 44
11679 36
11679 76
11679 81
11679 113
11848 90
11811 16
11811 78
11811 103
11811 150
11811 157
11811 180
11811 198
11264 14
11264 61
11509 152
11275 31
11275 115
11275 126
11802 34
11728 20
11728 120
11728 154
11728 196
11728 250
11728 251
11728 256
11728 275
11202 59
11495 3
11149 113
11524 17
11524 56
11524 81
11524 145
11524 197
11524 267
11553 35
11553 47
11537 16
11537 229
11537 244
11537 254
11537 263
11134 68
11853 31
11288 2
11691 81
11069 99
11184 0
11205 21
11069 64
11069 70
11778 52
11637 53
11637 164
11637 190
11574 33
11574 42
11574 62
11201 16
11090 103
11507 92
11740 281
11786 53
11786 78
11786 180
11786 199
11786 210
11786 237
11786 258
11786 281
11601 107
11593 69
11593 82
11169 168
11815 18
11815 21
11815 72
11815 115
11815 128
11815 301
11170 4
11184 1
11693 68
11800 12
11074 73
11632 52
11198 12
11198 81
11198 167
11198 184
11198 252
11198 255
11844 290
11793 70
11946 16
11814 4
11814 34
11656 12
11550 173
11550 178
11550 219
11550 228
11550 237
11550 309
11802 222
11247 2
11604 41
11604 83
11604 117
11604 138
11604 141
11604 231
11086 27
11086 37
11086 38
11086 39
11086 40
11169 42
11819 30
11801 3
11508 302
11716 2
11135 62
11599 14
11599 68
11071 8
11071 27
11071 67
11071 104
11071 236
11071 276
11115 53
11853 44
11584 132
11584 136
11946 13
11198 23
11198 112
11198 129
11545 201
11545 313
11495 9
11495 60
11617 7
11617 31
11617 53
11867 43
11867 84
11830 20
11830 288
11680 186
11242 1
11740 12
11740 26
11740 30
11740 118
11740 137
11740 165
11782 36
11782 105
11782 156
11782 182
11782 197
11614 36
11614 103
11614 148
11196 68
11196 182
11559 115
11537 4
11537 46
11537 52
11537 77
11537 112
11537 195
11537 205
11765 213
11763 8
11763 9
11083 104
11083 125
11083 179
11527 45
11527 157
11539 23
11539 31
11214 42
11715 62
11715 109
11715 205
11282 39
11049 34
11800 6
11800 100
11800 110
11800 170
11628 10
11628 30
11628 69
11628 75
11628 89
11628 195
11685 190
11685 276
11685 279
11685 310
11675 152
11675 159
11675 190
11765 111
11765 136
11765 183
11727 282
11518 11
11518 116
11518 125
11090 49
11090 55
11090 217
11727 219
11677 5
11677 56
11677 59
11677 140
11550 245
11833 159
11833 276
11833 300
11828 2
11828 6
11578 4
11578 74
11297 25
11297 59
11606 230
11606 272
11606 316
11800 9
11800 24
11800 32
11800 113
11800 130
11800 145
11532 30
11532 40
11532 56
11532 64
11687 3
11687 120
11687 183
11631 102
11631 174
11631 201
11631 217
11631 246
11631 254
11631 260
11631 269
11171 64
11201 5
11201 39
11201 43
11848 14
11848 43
11848 45
11848 152
11848 158
11848 309
11173 0
11173 49
11173 110
11494 47
11494 67
11494 85
11494 114
11494 174
11494 281
11780 0
11565 6
11565 59
11565 106
11565 111
11726 101
11726 162
11726 195
11494 17
11494 246
11494 250
11494 273
11275 86
11829 15
11829 95
11495 34
11846 9
11846 24
11846 27
11846 51
11846 86
11769 22
11769 75
11769 91
11553 167
11553 173
11553 224
11774 34
11774 40
11294 68
11557 20
11591 60
11591 72
11591 88
11591 109
11617 101
11617 224
11617 229
11617 238
11851 57
11605 91
11605 100
11605 103
11605 214
11605 242
11605 264
11605 99
11605 115
11605 117
11605 127
11605 128
11605 167
11605 220
11605 247
11077 80
11713 38
11713 46
11713 78
11713 99
11623 42
11623 119
11782 24
11782 126
11782 129
11782 131
11782 168
11782 178
11782 179
11512 90
11867 31
11867 45
11756 65
11756 83
11756 134
11756 181
11719 48
11719 66
11738 53
11738 92
11738 253
11644 0
11644 15
11644 84
11644 132
11644 170
11278 58
11278 71
11278 132
11278 172
11673 51
11198 48
11198 200
11198 280
11253 38
11253 106
11065 63
11065 109
11065 169
11715 50
11715 91
11715 106
11715 125
11715 197
11753 16
11509 20
11509 39
11509 119
11509 131
11509 133
11604 78
11604 81
11604 102
11604 130
11604 152
11604 245
11721 5
11187 11
11187 25
11187 157
11187 178
11187 304
11290 83
11290 266
11290 329
11791 54
11791 68
11791 71
11791 87
11791 147
11791 257
11279 85
11867 11
11867 36
11867 38
11724 22
11724 52
11724 217
11724 237
11724 240
11724 290
11724 300
11724 316
11724 322
11608 41
11608 82
11608 86
11608 147
11668 69
11737 49
11737 86
11737 101
11737 130
11737 148
11726 5
11729 17
11553 164
11553 205
11553 214
11553 249
11278 335
11278 336
11696 34
11696 73
11696 91
11848 75
11848 85
11848 127
11848 133
11848 137
11848 291
11848 306
11070 74
11070 187
11214 0
11214 24
11214 55
11614 32
11614 56
11614 167
11614 186
11532 14
11532 42
11847 112
11186 182
11186 238
11781 49
11166 26
11829 58
11508 54
11071 34
11071 195
11582 12
11841 47
11758 18
11150 5
11759 175
11112 164
11112 171
11112 237
11554 104
11719 32
11081 95
11521 137
11521 145
11521 160
11749 44
11154 19
11652 93
11579 16
11783 35
11561 40
11561 43
11505 92
11505 114
11505 158
11219 93
11841 5
11841 41
11501 28
11501 37
11119 3
11846 157
11507 48
11173 58
11173 95
11749 60
11749 65
11749 90
11071 5
11071 164
11146 329
11168 3
11168 113
11501 57
11501 61
11171 52
11575 37
11819 66
11275 84
11617 166
11653 4
11775 5
11775 35
11775 45
11775 65
11196 97
11133 3
11133 41
11133 42
11071 43
11071 280
11290 155
11290 270
11290 322
11290 341
11119 24
11119 29
11119 50
11119 71
11565 307
11565 310
11086 161
11086 254
11512 55
11224 1
11505 148
11228 28
11196 190
11751 55
11751 76
11751 82
11751 89
11605 155
11693 40
11693 93
11758 38
11187 307
11710 13
11710 17
11710 30
11710 57
11710 86
11710 104
11529 203
11529 241
11529 312
11149 291
11545 292
11291 217
11174 4
11637 12
11637 42
11637 59
11637 183
11182 32
11740 44
11740 108
11740 145
11851 36
11164 18
11234 20
11584 24
11584 46
11584 66
11570 14
11570 50
11253 8
11540 2
11540 10
11644 235
11644 249
11259 105
11761 164
11761 200
11761 254
11815 35
11815 78
11815 106
11815 120
11815 194
11815 233
11815 281
11653 14
11653 18
11653 80
11631 31
11631 47
11631 80
11631 113
11631 243
11609 91
11609 104
11609 120
11756 258
11756 260
11527 38
11527 62
11527 68
11527 92
11527 118
11169 109
11493 13
11570 87
11577 39
11791 24
11791 50
11791 107
11791 126
11791 128
11791 158
11512 75
11666 33
11168 30
11087 104
11551 38
11131 2
11543 28
11204 11
11674 7
11072 23
11070 60
11742 65
11066 183
11947 68
11294 57
11811 5
11811 100
11811 136
11811 153
11811 215
11675 4
11064 103
11675 11
11196 191
11832 40
11832 48
11832 138
11064 134
11833 220
11293 4
11157 0
11707 130
11065 140
11278 52
11846 156
11630 1
11802 186
11659 7
11741 50
11741 93
11741 119
11741 120
11741 124
11852 0
11852 14
11852 20
11852 50
11852 73
11830 34
11830 45
11729 52
11729 74
11291 290
11291 295
11793 31
11793 86
11793 99
11793 139
11793 160
11234 76
11847 17
11575 18
11575 29
11508 255
11824 3
11275 132
11724 26
11845 10
11845 79
11845 98
11845 174
11845 33
11845 44
11845 53
11845 117
11845 161
11845 189
11845 191
11087 101
11634 10
11203 12
11278 152
11720 20
11720 99
11720 165
11720 182
11720 194
11187 300
11634 16
11544 68
11198 11
11090 25
11090 78
11653 34
11521 54
11049 2
11278 37
11278 70
11278 226
11196 109
11243 45
11776 13
11776 35
11521 116
11521 142
11214 51
11253 68
11678 228
11228 33
11135 25
11608 101
11608 129
11149 66
11149 138
11149 267
11713 93
11713 127
11049 43
11166 23
11166 35
11668 112
11075 0
11075 24
11831 4
11831 40
11831 43
11831 64
11775 15
11775 48
11775 78
11775 82
11775 85
11674 10
11674 60
11169 130
11169 171
11086 160
11086 175
11086 196
11112 203
11112 234
11543 17
11679 146
11679 160
11297 47
11769 68
11605 19
11543 129
11813 227
11553 0
11553 12
11723 41
11723 116
11723 131
11723 214
11723 218
11723 240
11723 330
11821 8
11582 20
11065 22
11210 4
11283 26
11233 145
11606 32
11606 180
11593 86
11064 9
11064 205
11545 256
11294 2
11086 139
11086 268
11074 29
11074 84
11128 23
11128 47
11090 36
11090 125
11172 22
11172 35
11134 74
11134 86
11134 98
11814 5
11242 0
11742 3
11742 27
11742 47
11737 0
11737 77
11263 21
11120 35
11120 141
11546 17
11546 35
11546 74
11775 11
11775 77
11775 100
11162 8
11162 58
11754 25
11754 41
11754 51
11754 53
11626 45
11626 56
11127 19
11127 23
11529 32
11529 37
11529 40
11186 148
11186 158
11186 225
11120 105
11120 119
11120 145
11814 6
11814 12
11644 259
11644 277
11845 3
11845 18
11845 67
11845 132
11845 221
11609 19
11609 89
11609 96
11609 119
11213 52
11291 194
11291 198
11520 1
11520 17
11520 171
11520 243
11618 4
11618 81
11618 174
11119 45
11119 62
11119 79
11532 5
11532 22
11237 37
11237 88
11698 16
11698 78
11698 87
11509 3
11509 31
11509 49
11509 141
11745 13
11745 62
11751 215
11751 222
11751 324
11751 334
11275 42
11275 120
11505 46
11505 48
11505 135
11169 91
11169 163
11169 182
11540 5
11540 43
11154 3
11154 6
11720 2
11720 12
11720 122
11820 31
11820 129
11820 136
11811 30
11811 52
11811 71
11811 167
11742 20
11742 24
11742 39
11742 86
11723 3
11723 27
11723 38
11723 100
11723 234
11723 272
11723 290
11290 205
11290 240
11290 248
11779 3
11779 99
11779 109
11779 140
11779 211
11779 248
11550 100
11550 123
11550 233
11550 259
11800 22
11800 75
11800 95
11800 104
11756 32
11756 56
11756 178
11756 203
11813 10
11813 23
11625 27
11625 31
11791 13
11791 21
11791 123
11791 130
11791 135
11791 246
11791 301
11647 12
11186 12
11186 27
11678 219
11150 123
11537 98
11606 274
11630 131
11608 12
11608 117
11807 31
11807 34
11149 70
11149 125
11815 24
11619 134
11064 35
11064 99
11064 142
11138 5
11138 25
11138 38
11138 63
11543 54
11575 24
11296 7
11849 37
11150 108
11853 3
11150 93
11150 164
11279 33
11279 58
11532 60
11532 66
11532 90
11761 255
11275 18
11219 29
11090 7
11090 23
11090 220
11802 139
11802 160
11164 33
11202 48
11765 192
11120 23
11120 44
11759 215
11285 41
11172 82
11557 118
11087 116
11846 58
11846 67
11564 39
11849 3
11646 41
11196 3
11279 69
11608 53
11638 6
11263 16
11742 14
11848 203
11848 208
11848 324
11726 3
11726 19
11726 41
11726 45
11083 159
11083 164
11619 105
11619 129
11619 144
11695 11
11071 175
11071 271
11678 13
11761 53
11761 130
11578 5
11830 302
11696 2
11696 6
11786 66
11599 51
11599 67
11696 32
11696 100
11259 97
11259 100
11628 5
11628 101
11628 112
11628 316
11506 165
11672 15
11116 153
11618 135
11146 123
11186 23
11617 140
11617 142
11668 126
11682 69
11682 90
11255 16
11297 64
11809 29
11776 100
11776 130
11086 111
11086 215
11763 66
11559 66
11682 19
11682 64
11682 77
11086 69
11086 104
11581 3
11581 36
11581 127
11570 19
11505 7
11128 26
11724 171
11724 277
11644 227
11553 215
11553 240
11215 12
11139 6
11579 13
11693 39
11821 74
11821 128
11197 69
11682 72
11146 241
11203 58
11613 54
11291 279
11065 124
11065 168
11275 61
11186 200
11494 16
11494 70
11494 221
11494 222
11698 55
11698 113
11947 17
11213 48
11065 40
11065 45
11065 113
11726 338
11119 42
11069 32
11233 206
11071 230
11775 16
11078 27
11672 50
11800 0
11800 177
11623 22
11623 45
11623 50
11162 16
11740 74
11740 85
11740 119
11164 11
11164 28
11164 29
11521 119
11521 138
11186 52
11186 70
11186 88
11787 53
11787 85
11072 68
11201 21
11291 146
11756 12
11842 151
11842 178
11507 106
11507 132
11844 287
11139 77
11139 89
11678 316
11186 25
11775 25
11629 23
11623 44
11623 68
11623 81
11830 301
11830 316
11830 317
11264 49
11071 35
11071 121
11203 48
11609 172
11840 0
11075 78
11083 5
11083 168
11088 7
11088 49
11146 7
11146 159
11146 232
11146 250
11146 285
11527 14
11527 47
11786 37
11786 223
11215 3
11215 38
11854 15
11854 22
11854 90
11624 25
11624 36
11656 15
11680 38
11680 54
11680 160
11680 169
11742 142
11742 152
11742 180
11742 226
11583 59
11515 33
11190 5
11539 4
11685 17
11685 35
11685 82
11685 104
11196 201
11609 251
11609 263
11609 301
11609 316
11146 44
11146 56
11146 121
11146 199
11853 29
11707 97
11707 152
11626 16
11626 18
11119 69
11119 76
11119 185
11197 45
11197 86
11197 119
11945 131
11687 85
11687 152
11687 158
11687 210
11766 268
11758 26
11758 30
11758 44
11551 111
11494 157
11177 18
11809 30
11766 313
11644 41
11644 119
11644 146
11644 179
11233 196
11787 54
11698 38
11698 54
11059 12
11852 18
11852 75
11584 13
11584 38
11064 148
11064 173
11751 202
11751 225
11751 233
11751 290
11601 53
11601 120
11601 163
11601 170
11135 14
11135 42
11135 81
11553 66
11550 34
11833 9
11833 13
11833 48
11617 99
11617 168
11617 220
11617 236
11762 72
11762 96
11762 175
11762 198
11762 277
11762 284
11278 65
11278 98
11628 20
11628 71
11628 82
11628 203
11628 210
11286 39
11601 28
11761 33
11761 41
11574 170
11601 269
11601 304
11601 311
11601 313
11758 107
11553 166
11553 176
11553 181
11553 209
11090 106
11090 139
11090 154
11201 44
11630 86
11630 136
11584 141
11584 156
11584 166
11685 0
11685 39
11685 88
11666 8
11666 76
11557 12
11557 97
11570 31
11570 77
11067 7
11787 185
11532 3
11589 24
11589 80
11589 109
11589 220
11599 42
11184 11
11829 63
11829 113
11829 153
11829 174
11829 175
11844 76
11844 79
11844 167
11844 182
11844 217
11844 223
11844 247
11249 61
11249 71
11819 26
11819 86
11587 13
11182 89
11204 18
11726 1
11196 98
11171 97
11171 113
11505 151
11263 28
11146 62
11146 231
11146 255
11146 286
11709 32
11709 101
11709 110
11709 119
11756 248
11946 15
11726 150
11726 167
11726 182
11726 220
11726 272
11726 323
11721 23
11721 45
11721 110
11721 134
11279 78
11666 22
11529 164
11716 9
11716 11
11716 27
11716 92
11578 70
11528 41
11203 39
11203 84
11232 2
11785 1
11144 4
11945 116
11816 127
11637 178
11762 63
11762 112
11762 251
11762 259
11762 270
11762 303
11182 43
11628 17
11628 118
11628 139
11628 183
11628 240
11756 3
11081 108
11128 17
11281 14
11265 13
11723 65
11723 157
11723 204
11723 216
11723 279
11723 283
11723 338
11591 96
11591 116
11119 146
11543 82
11846 39
11846 78
11501 67
11283 85
11086 68
11086 109
11086 167
11086 267
11829 115
11196 155
11064 77
11649 5
11233 181
11065 48
11836 55
11538 23
11278 334
11184 58
11695 13
11494 116
11494 269
11206 64
11751 175
11751 186
11134 10
11134 32
11182 93
11182 122
11781 26
11065 33
11065 35
11065 115
11065 120
11134 24
11283 35
11544 42
11532 100
11202 56
11546 32
11546 75
11078 4
11609 230
11609 231
11609 277
11831 32
11831 48
11831 77
11531 6
11531 56
11531 111
11531 145
11531 178
11715 6
11715 29
11715 159
11715 203
11168 18
11149 165
11149 249
11149 272
11738 40
11738 87
11738 96
11738 137
11738 234
11738 244
11815 13
11815 22
11815 50
11815 89
11815 151
11815 216
11815 291
11815 293
11796 37
11796 62
11796 124
11796 169
11796 172
11796 181
11796 183
11796 186
11698 7
11698 10
11698 26
11698 39
11698 88
11740 25
11740 56
11740 62
11740 161
11751 220
11751 230
11751 263
11751 282
11751 287
11751 296
11751 306
11291 143
11291 181
11291 195
11821 9
11821 49
11821 124
11821 144
11726 22
11726 30
11726 32
11198 82
11198 92
11198 93
11198 117
11198 138
11198 206
11198 233
11198 257
11171 13
11553 3
11553 22
11553 44
11553 54
11553 69
11553 95
11553 109
11841 29
11841 87
11841 107
11815 3
11815 84
11815 88
11815 100
11815 274
11815 277
11815 283
11815 296
11290 42
11290 47
11290 54
11290 177
11628 19
11628 74
11628 130
11628 171
11628 187
11628 197
11628 317
11779 2
11779 66
11779 110
11779 132
11779 161
11779 202
11779 237
11766 55
11766 67
11766 166
11766 171
11766 176
11766 236
11766 253
11766 263
11844 43
11844 52
11844 196
11844 204
11844 241
11844 250
11844 285
11844 298
11751 19
11751 37
11751 48
11751 56
11751 84
11751 135
11648 1
11648 9
11648 45
11648 48
11648 128
11648 141
11648 190
11535 57
11506 1
11506 17
11506 47
11693 84
11559 59
11176 11
11192 30
11753 38
11561 31
11668 95
11162 42
11668 70
11087 105
11570 85
11504 28
11504 30
11143 47
11192 5
11830 240
11739 2
11116 165
11294 66
11143 5
11559 69
11508 55
11617 77
11606 232
11066 91
11696 60
11818 6
11713 134
11537 278
11793 63
11286 80
11296 6
11139 68
11186 65
11297 24
11822 6
11623 9
11677 7
11073 74
11087 42
11278 324
11792 9
11133 1
11133 11
11841 27
11841 50
11820 246
11820 288
11278 146
11278 304
11755 10
11755 124
11583 6
11606 1
11606 12
11606 85
11606 98
11606 140
11606 199
11793 72
11793 89
11793 135
11793 144
11531 91
11531 113
11531 170
11249 51
11249 59
11664 3
11154 2
11186 31
11784 23
11059 29
11719 23
11582 37
11071 231
11817 1
11665 118
11291 25
11675 13
11854 51
11568 4
11841 104
11529 284
11134 59
11800 116
11759 231
11716 15
11514 35
11068 64
11282 24
11081 131
11086 108
11227 2
11203 96
11832 23
11650 1
11135 17
11508 174
11278 330
11634 27
11198 295
11668 24
11205 31
11853 2
11853 35
11853 53
11758 86
11758 103
11208 27
11506 16
11506 65
11506 88
11506 105
11162 10
11196 171
11740 33
11740 61
11740 81
11215 64
11215 80
11213 18
11275 49
11537 305
11796 19
11796 106
11619 155
11619 185
11619 215
11271 16
11271 22
11559 113
11559 117
11270 62
11233 149
11756 0
11070 21
11070 25
11564 13
11564 65
11211 2
11278 38
11278 53
11278 142
11849 6
11278 75
11278 171
11219 26
11219 37
11630 114
11630 177
11494 8
11494 69
11494 280
11589 30
11589 110
11589 114
11085 4
11085 7
11149 109
11149 181
11149 206
11149 331
11609 5
11609 59
11609 154
11601 46
11601 63
11601 127
11601 172
11809 0
11809 3
11809 7
11149 184
11149 227
11149 327
11237 40
11237 90
11237 105
11619 112
11619 119
11619 183
11729 43
11729 62
11644 267
11644 269
11751 187
11751 236
11751 268
11494 86
11494 135
11494 139
11494 164
11090 108
11606 81
11606 148
11606 183
11083 4
11083 137
11291 150
11291 202
11291 212
11576 14
11644 39
11644 103
11644 120
11644 167
11709 29
11709 52
11709 109
11709 127
11709 129
11713 8
11713 69
11713 73
11726 9
11726 11
11726 28
11726 37
11737 4
11737 64
11737 121
11545 232
11545 271
11545 282
11545 303
11678 259
11678 267
11678 306
11150 78
11150 116
11150 132
11150 160
11832 16
11832 27
11832 41
11832 51
11146 15
11146 63
11146 140
11146 193
11233 50
11233 118
11233 177
11494 96
11494 104
11494 186
11494 195
11494 214
11740 0
11740 22
11740 35
11740 60
11740 139
11740 174
11628 96
11628 194
11628 211
11628 257
11519 54
11519 57
11519 68
11519 123
11519 205
11707 82
11707 88
11707 137
11707 161
11707 176
11623 27
11623 30
11623 38
11623 52
11623 67
11606 56
11606 96
11606 118
11606 124
11278 153
11278 182
11278 185
11278 196
11278 243
11947 58
11947 74
11565 1
11565 36
11565 73
11565 217
11565 241
11842 56
11842 98
11842 128
11842 172
11618 6
11618 20
11618 75
11618 82
11618 106
11618 177
11724 70
11724 168
11724 205
11724 283
11724 289
11724 332
11724 337
11947 12
11947 37
11947 69
11947 92
11786 26
11786 54
11786 100
11786 202
11786 209
11786 212
11786 221
11786 228
11604 24
11604 63
11604 88
11604 94
11604 162
11604 177
11604 304
11845 11
11845 12
11845 23
11845 112
11845 129
11845 135
11845 151
11543 121
11543 150
11543 193
11543 197
11543 202
11543 207
11543 208
11684 56
11801 41
11693 7
11091 193
11857 13
11753 45
11779 159
11186 170
11830 264
11791 95
11816 107
11072 28
11072 96
11494 97
11172 32
11172 50
11947 52
11172 71
11668 60
11614 95
11729 3
11729 64
11064 67
11587 2
11619 141
11510 25
11494 248
11506 155
11761 141
11184 15
11802 184
11830 198
11505 33
11696 35
11274 62
11242 6
11836 60
11285 20
11742 147
11742 249
11210 13
11505 71
11728 247
11275 95
11867 67
11077 103
11112 187
11256 4
11529 77
11529 133
11077 62
11648 174
11648 186
11648 203
11066 225
11202 39
11820 201
11820 280
11820 304
11510 32
11075 11
11087 120
11168 116
11634 8
11634 31
11724 13
11088 66
11558 4
11782 97
11154 14
11820 189
11820 220
11820 267
11820 289
11713 12
11713 50
11713 100
11286 3
11286 4
11286 48
11650 8
11074 1
11793 16
11844 157
11072 2
11072 56
11072 64
11619 36
11253 12
11253 93
11751 184
11751 207
11619 73
11071 40
11587 4
11184 86
11591 156
11830 156
11776 3
11508 42
11726 13
11193 9
11192 12
11083 50
11083 189
11144 11
11182 120
11182 138
11598 8
11119 4
11119 124
11119 169
11665 101
11836 62
11836 64
11558 8
11176 16
11729 97
11622 35
11198 226
11198 229
11172 52
11206 4
11162 35
11162 72
11678 315
11786 99
11681 24
11681 48
11681 110
11848 110
11848 150
11848 318
11637 2
11637 79
11637 112
11285 0
11285 46
11853 58
11217 6
11700 14
11666 80
11149 315
11618 12
11618 87
11618 90
11618 143
11613 64
11657 66
11845 116
11196 203
11618 36
11680 200
11559 110
11776 74
11776 170
11133 83
11133 111
11069 12
11069 44
11693 8
11693 35
11693 38
11802 5
11802 11
11802 44
11802 53
11528 15
11528 24
11528 43
11187 158
11187 175
11187 287
11187 321
11568 22
11568 46
11278 76
11278 136
11278 159
11278 190
11278 286
11278 296
11086 135
11086 141
11086 171
11086 248
11064 109
11064 132
11845 26
11845 60
11845 156
11845 162
11845 219
11601 119
11565 103
11565 129
11565 222
11565 237
11565 267
11791 156
11791 186
11791 201
11791 229
11791 255
11791 310
11796 13
11796 43
11796 86
11796 103
11796 109
11796 146
11271 81
11696 46
11696 47
11696 52
11696 71
11696 88
11726 88
11726 100
11726 140
11726 235
11726 238
11726 278
11751 3
11751 38
11751 74
11751 86
11751 115
11604 7
11604 156
11604 165
11604 189
11604 194
11604 197
11604 225
11604 306
11604 311
11083 3
11083 32
11083 33
11083 35
11762 11
11762 23
11762 44
11762 80
11762 173
11762 217
11762 237
11779 11
11779 24
11779 96
11779 190
11779 229
11779 231
11779 266
11604 39
11604 76
11604 113
11604 118
11604 254
11604 261
11782 74
11782 134
11782 151
11782 175
11782 176
11782 185
11830 71
11830 115
11830 141
11830 207
11830 208
11830 220
11625 4
11625 47
11625 66
11803 6
11803 17
11803 23
11803 92
11803 124
11239 13
11239 15
11618 39
11618 43
11618 79
11618 121
11618 128
11618 129
11146 2
11146 147
11146 196
11146 205
11146 208
11168 10
11168 91
11168 117
11168 122
11724 58
11724 73
11724 100
11724 112
11724 141
11724 212
11724 297
11766 49
11766 65
11766 69
11766 103
11766 202
11766 244
11279 6
11784 1
11134 130
11769 150
11656 6
11076 19
11170 1
11154 16
11753 3
11753 54
11587 14
11617 138
11617 143
11842 93
11842 106
11842 115
11162 17
11162 74
11162 86
11665 74
11665 103
11665 162
11678 16
11606 289
11570 51
11570 54
11570 67
11774 69
11253 111
11681 32
11681 109
11546 51
11546 104
11546 105
11546 111
11546 147
11846 148
11090 153
11274 21
11802 200
11841 35
11841 37
11112 189
11112 247
11666 23
11606 252
11606 237
11606 291
11606 305
11291 149
11291 239
11291 292
11632 7
11132 3
11727 37
11727 95
11685 209
11685 277
11685 294
11685 331
11264 40
11830 22
11830 52
11279 13
11279 15
11716 0
11716 17
11716 31
11716 37
11506 157
11064 154
11848 287
11653 57
11660 14
11182 23
11801 0
11282 28
11282 40
11675 27
11263 4
11678 178
11678 200
11087 153
11087 162
11693 4
11756 102
11756 278
11672 34
11672 38
11090 127
11678 41
11678 123
11832 31
11832 145
11832 166
11494 115
11494 159
11494 266
11283 50
11638 24
11803 29
11803 93
11083 29
11083 68
11083 217
11543 100
11543 115
11543 156
11543 179
11150 101
11150 143
11512 86
11512 120
11070 4
11070 153
11815 131
11815 221
11815 271
11815 305
11815 316
11149 90
11149 177
11149 278
11830 60
11830 69
11830 78
11830 79
11830 163
11830 247
11529 26
11529 95
11529 109
11529 112
11673 56
11182 178
11582 0
11776 2
11769 5
11769 6
11179 15
11598 16
11598 49
11068 55
11660 12
11660 22
11494 65
11494 84
11494 125
11494 136
11494 171
11176 1
11297 2
11611 12
11065 65
11069 23
11069 48
11211 11
11070 167
11545 4
11545 9
11545 105
11545 127
11589 26
11589 45
11589 222
11687 80
11687 139
11197 48
11197 51
11197 99
11763 35
11763 39
11763 51
11809 25
11657 65
11260 18
11271 69
11550 94
11800 141
11829 50
11829 124
11829 176
11078 7
11081 146
11787 64
11554 43
11120 83
11120 138
11793 83
11793 149
11146 50
11146 90
11146 116
11146 243
11646 9
11646 24
11646 62
11646 90
11639 46
11639 109
11543 1
11543 8
11543 32
11559 2
11559 68
11833 192
11833 227
11802 31
11802 75
11802 131
11802 159
11198 69
11198 102
11198 241
11238 52
11609 181
11244 22
11848 93
11212 41
11253 24
11253 75
11613 24
11617 122
11617 181
11793 48
11793 130
11086 57
11559 5
11559 71
11833 24
11833 126
11762 45
11762 120
11762 124
11762 164
11762 179
11762 311
11762 320
11623 8
11623 28
11623 49
11765 124
11765 144
11765 198
11243 14
11640 23
11512 8
11512 26
11780 96
11780 173
11780 191
11738 54
11738 72
11738 112
11738 147
11738 156
11738 239
11738 248
11675 138
11782 12
11492 120
11492 157
11141 5
11606 34
11606 61
11606 162
11674 37
11766 56
11766 122
11766 201
11766 206
11766 213
11766 227
11766 287
11766 315
11198 67
11213 59
11787 170
11787 193
11664 2
11565 294
11565 306
11196 169
11528 10
11528 45
11528 52
11614 64
11614 105
11681 71
11681 82
11072 74
11072 92
11604 17
11604 60
11604 101
11604 217
11766 53
11766 97
11766 149
11766 160
11766 192
11766 324
11168 4
11168 43
11791 30
11791 53
11791 172
11791 187
11791 252
11623 107
11774 60
11515 40
11515 45
11171 23
11171 53
11494 172
11494 244
11275 73
11564 4
11564 17
11564 49
11715 22
11715 94
11715 181
11715 232
11715 245
11066 55
11066 184
11066 195
11740 79
11740 87
11740 98
11740 111
11650 5
11765 195
11153 2
11762 26
11278 269
11169 73
11143 49
11851 56
11529 48
11529 135
11800 132
11237 39
11538 5
11538 10
11709 62
11709 100
11546 100
11546 102
11546 139
11631 3
11631 27
11631 59
11631 88
11631 97
11631 238
11631 275
11091 101
11544 17
11631 5
11631 15
11631 52
11631 183
11631 197
11631 258
11631 276
11631 279
11778 66
11521 69
11521 84
11621 18
11621 30
11621 32
11279 48
11279 77
11666 79
11673 17
11673 45
11673 66
11224 15
11946 3
11675 87
11260 5
11786 111
11134 145
11755 69
11740 327
11721 50
11813 234
11751 166
11521 13
11521 87
11182 88
11169 36
11169 57
11215 86
11215 102
11780 131
11780 150
11780 167
11780 182
11780 207
11780 211
11524 15
11524 106
11524 120
11524 213
11524 273
11524 281
11769 34
11776 30
11558 17
11565 243
11696 79
11712 49
11712 129
11664 22
11664 72
11264 2
11264 52
11264 54
11726 165
11494 147
11494 225
11780 106
11780 115
11264 0
11593 46
11593 71
11086 117
11086 132
11086 258
11049 13
11617 116
11617 172
11617 198
11260 10
11260 12
11678 234
11678 286
11678 292
11678 320
11787 62
11787 65
11680 97
11680 114
11848 104
11719 8
11719 10
11719 11
11753 17
11073 5
11264 25
11640 29
11640 43
11213 24
11184 30
11184 78
11800 31
11800 39
11800 69
11800 77
11800 101
11800 173
11617 126
11617 207
11617 240
11691 55
11691 72
11691 75
11691 76
11691 79
11083 44
11083 128
11083 214
11609 56
11609 106
11609 140
11609 190
11749 29
11749 30
11749 67
11749 76
11071 209
11249 30
11714 9
11714 12
11766 48
11766 61
11766 240
11766 302
11766 322
11173 25
11173 34
11173 68
11186 1
11186 15
11186 48
11680 58
11680 60
11680 126
11821 26
11821 51
11821 71
11821 94
11821 139
11749 93
11854 8
11854 16
11854 18
11854 29
11687 192
11512 58
11512 114
11681 29
11623 2
11531 70
11531 133
11531 135
11531 144
11531 159
11215 11
11667 0
11068 26
11169 128
11169 220
11247 27
11184 72
11721 4
11721 39
11721 43
11721 83
11741 83
11741 144
11741 147
11210 14
11618 1
11618 113
11618 119
11618 136
11713 17
11713 27
11713 60
11811 51
11811 209
11086 67
11086 97
11724 20
11724 164
11724 176
11724 201
11724 227
11724 229
11260 34
11233 78
11696 15
11758 19
11049 17
11682 11
11682 76
11745 161
11745 162
11745 165
11745 184
11836 17
11836 48
11836 108
11171 28
11171 57
11644 65
11644 71
11644 102
11644 115
11644 149
11644 169
11652 102
11264 56
11771 5
11206 18
11206 52
11528 34
11682 51
11682 54
11075 15
11193 13
11504 57
11667 4
11667 7
11672 27
11728 301
11728 328
11721 173
11584 135
11249 40
11173 129
11173 132
11601 261
11634 5
11634 35
11531 42
11531 76
11531 22
11531 104
11531 148
11531 171
11531 190
11820 12
11820 41
11820 48
11726 114
11726 210
11726 271
11726 311
11726 321
11278 119
11278 157
11278 179
11065 127
11065 135
11801 37
11632 12
11149 22
11606 11
11507 3
11507 52
11507 74
11660 39
11186 98
11186 102
11186 119
11186 126
11186 280
11186 308
11208 24
11162 87
11749 75
11198 139
11550 192
11550 251
11514 9
11550 33
11550 45
11550 70
11550 77
11713 71
11112 156
11112 219
11793 13
11793 38
11539 63
11557 37
11557 107
11169 2
11169 6
11709 30
11709 86
11050 7
11234 26
11653 52
11593 47
11554 32
11554 91
11068 32
11068 73
11603 6
11603 17
11603 27
11285 43
11285 45
11285 64
11726 18
11593 12
11593 54
11593 62
11214 15
11570 30
11570 49
11570 76
11802 28
11802 106
11802 133
11802 161
11129 7
11545 236
11545 267
11545 284
11214 8
11539 41
11539 69
11738 68
11738 88
11738 91
11738 146
11738 153
11738 162
11738 187
11738 260
11753 1
11753 6
11544 18
11544 35
11591 62
11591 114
11830 74
11830 105
11830 171
11830 216
11830 274
11263 7
11174 22
11816 152
11816 173
11133 101
11133 156
11786 310
11786 320
11169 118
11169 156
11081 126
11081 160
11529 83
11529 121
11599 58
11507 4
11507 47
11507 80
11290 157
11290 158
11290 293
11290 328
11622 29
11622 31
11622 32
11680 10
11680 27
11680 40
11680 64
11680 167
11680 193
11724 30
11751 251
11751 332
11551 15
11551 28
11208 5
11064 167
11064 187
11064 207
11842 47
11842 132
11833 185
11833 189
11833 297
11260 0
11796 66
11796 75
11796 90
11796 111
11766 239
11194 49
11194 74
11297 6
11297 80
11281 4
11742 149
11742 257
11742 274
11637 39
11637 122
11637 145
11213 62
11233 11
11759 177
11759 219
11070 110
11070 114
11120 39
11751 185
11665 168
11847 109
11521 46
11507 150
11727 0
11727 82
11700 21
11801 5
11801 9
11679 73
11679 109
11679 152
11759 82
11759 141
11759 207
11759 252
11134 152
11579 21
11755 0
11755 1
11186 96
11186 162
11186 276
11186 314
11836 9
11836 47
11836 87
11836 91
11066 193
11830 63
11830 89
11830 119
11830 229
11830 253
11830 262
11744 15
11657 72
11067 14
11134 112
11758 65
11564 64
11259 90
11637 113
11637 143
11733 31
11172 54
11514 2
11759 121
11073 54
11256 18
11740 27
11740 71
11740 189
11740 194
11740 198
11630 102
11630 141
11821 2
11821 32
11821 113
11821 150
11253 11
11781 55
11186 246
11729 81
11494 66
11494 142
11494 182
11660 28
11285 1
11729 38
11075 82
11655 1
11202 23
11242 13
11278 200
11628 67
11628 95
11628 102
11628 126
11628 174
11628 242
11628 309
11049 52
11791 49
11791 64
11791 74
11791 101
11791 204
11791 243
11791 260
11791 284
11820 219
11820 224
11820 286
11822 8
11822 16
11078 11
11758 3
11668 20
11636 27
11182 75
11182 87
11182 152
11509 57
11509 105
11727 307
11854 37
11553 49
11553 91
11553 108
11132 16
11292 10
11508 241
11074 76
11173 96
11066 61
11622 16
11622 23
11622 28
11198 35
11198 244
11182 31
11182 146
11182 153
11228 31
11243 32
11275 43
11275 75
11184 82
11090 3
11090 79
11090 144
11844 1
11844 10
11844 12
11844 45
11844 145
11844 156
11844 171
11233 24
11233 59
11233 97
11233 102
11233 108
11233 199
11075 68
11219 27
11574 3
11574 57
11285 6
11238 48
11765 91
11765 237
11630 150
11761 166
11761 234
11761 239
11767 6
11721 195
11721 210
11628 11
11628 36
11628 43
11628 44
11628 58
11628 92
11628 120
11628 208
11714 6
11601 175
11617 8
11617 32
11617 54
11851 67
11067 38
11067 49
11067 63
11532 107
11652 80
11947 64
11493 33
11776 18
11776 43
11776 83
11776 134
11776 145
11684 21
11684 52
11564 0
11564 37
11564 69
11564 87
11238 21
11150 26
11150 155
11150 174
11215 28
11614 47
11614 131
11614 154
11614 164
11614 178
11772 3
11776 154
11070 18
11070 81
11070 174
11841 3
11841 99
11841 102
11675 92
11675 108
11540 46
11196 76
11196 102
11196 124
11196 146
11196 173
11196 175
11631 57
11631 86
11631 128
11631 137
11631 159
11631 163
11271 24
11271 78
11083 36
11083 216
11775 54
11668 44
11668 101
11793 44
11793 128
11793 142
11793 284
11198 57
11203 36
11203 61
11115 96
11291 140
11291 277
11197 26
11568 12
11073 70
11073 72
11531 30
11531 65
11531 87
11531 156
11742 262
11742 267
11742 288
11529 171
11529 172
11529 198
11529 317
11852 10
11852 27
11852 52
11852 76
11524 55
11524 73
11524 141
11524 188
11524 202
11524 283
11803 31
11803 38
11803 111
11253 48
11606 244
11606 275
11606 299
11628 21
11628 38
11628 132
11628 207
11628 256
11628 310
11264 36
11831 15
11831 23
11665 6
11665 136
11609 148
11532 71
11196 26
11196 122
11196 145
11196 170
11609 287
11609 292
11609 306
11292 22
11292 26
11292 35
11631 48
11631 60
11631 63
11631 120
11631 127
11631 155
11631 272
11631 277
11681 78
11681 117
11228 17
11740 13
11740 36
11740 45
11740 89
11740 106
11740 157
11740 170
11740 177
11848 21
11848 74
11848 81
11848 131
11848 154
11848 156
11848 292
11848 323
11233 131
11811 36
11811 49
11811 111
11811 115
11811 220
11083 61
11811 72
11811 134
11811 140
11811 148
11811 207
11811 217
11821 0
11821 104
11821 117
11821 162
11766 115
11766 124
11766 178
11766 179
11766 182
11766 312
11766 320
11687 44
11687 92
11687 187
11742 112
11742 114
11742 128
11742 223
11742 275
11581 30
11581 42
11581 49
11581 59
11581 94
11581 121
11576 28
11601 213
11601 222
11601 232
11601 243
11601 275
11601 301
11680 93
11680 127
11680 182
11680 195
11680 199
11693 48
11073 17
11073 36
11073 58
11737 75
11737 190
11737 199
11728 2
11728 6
11728 8
11728 323
11815 30
11815 42
11815 56
11815 141
11815 152
11815 163
11815 208
11495 61
11756 58
11756 75
11756 126
11756 177
11756 206
11112 235
11593 4
11593 30
11593 41
11593 78
11593 98
11593 109
11763 36
11492 88
11197 19
11083 73
11083 225
11184 63
11206 24
11127 0
11127 8
11112 242
11493 30
11149 52
11174 10
11605 13
11605 56
11605 85
11605 165
11605 215
11605 237
11605 257
11605 265
11605 291
11182 112
11086 20
11086 28
11713 19
11515 27
11279 31
11086 14
11761 57
11761 112
11065 66
11066 145
11066 254
11721 85
11721 94
11721 161
11076 34
11115 44
11115 74
11761 190
11761 222
11761 235
11761 242
11291 123
11584 49
11584 68
11086 176
11510 7
11506 53
11791 26
11791 39
11791 142
11791 150
11791 166
11791 205
11791 274
11077 39
11138 35
11074 70
11801 2
11559 78
11242 20
11647 8
11233 193
11064 164
11064 206
11503 31
11135 66
11598 52
11545 152
11545 154
11640 18
11775 110
11775 117
11721 196
11213 7
11816 17
11778 7
11120 79
11086 46
11086 211
11086 241
11756 265
11064 155
11260 44
11784 63
11546 10
11546 124
11546 129
11259 85
11259 93
11112 261
11050 14
11278 317
11727 176
11210 9
11134 28
11946 11
11946 21
11197 29
11532 46
11532 55
11532 2
11066 88
11197 53
11203 100
11509 47
11509 130
11509 132
11692 15
11278 215
11244 27
11244 48
11083 220
11112 177
11112 191
11581 6
11249 24
11166 36
11134 20
11720 18
11720 92
11720 139
11720 176
11720 67
11720 108
11720 112
11720 206
11064 16
11064 147
11214 91
11664 63
11282 46
11631 56
11631 77
11631 110
11631 125
11631 154
11631 172
11631 236
11134 110
11243 36
11265 7
11682 29
11682 70
11070 86
11070 176
11639 67
11639 75
11639 92
11787 116
11787 128
11598 12
11598 27
11598 36
11598 37
11173 16
11173 33
11173 48
11836 66
11154 11
11271 64
11271 77
11680 177
11618 157
11583 16
11150 64
11150 66
11150 139
11278 225
11729 37
11729 90
11206 15
11529 299
11799 2
11686 8
11293 3
11833 226
11833 252
11088 33
11506 0
11506 28
11506 113
11506 138
11506 147
11626 68
11626 78
11504 32
11684 40
11740 29
11740 135
11515 2
11851 32
11713 11
11713 20
11164 17
11947 1
11833 146
11550 63
11550 71
11550 75
11198 36
11198 84
11695 15
11521 110
11521 146
11832 46
11832 83
11832 192
11208 9
11184 28
11184 42
11184 61
11608 8
11608 48
11608 116
11729 0
11729 29
11729 53
11729 77
11543 104
11543 142
11685 199
11685 216
11685 221
11685 261
11685 334
11677 46
11751 14
11751 18
11751 68
11751 109
11832 65
11832 127
11832 131
11847 79
11737 23
11737 29
11737 39
11737 135
11820 25
11820 33
11820 43
11820 44
11820 83
11820 90
11820 111
11506 129
11187 53
11187 120
11187 258
11608 156
11678 60
11679 5
11679 29
11679 62
11679 123
11679 125
11086 9
11833 46
11833 229
11668 118
11535 4
11535 48
11535 60
11535 90
11613 17
11172 6
11285 13
11848 94
11848 113
11848 167
11848 205
11848 331
11829 145
11829 154
11119 211
11529 51
11529 144
11836 50
11836 54
11583 0
11583 53
11571 4
11518 94
11623 18
11784 29
11724 103
11724 113
11724 119
11724 166
11724 194
11724 271
11270 37
11270 71
11128 53
11582 10
11761 105
11168 107
11146 135
11146 149
11146 166
11146 313
11532 88
11059 30
11675 77
11675 160
11527 24
11527 44
11527 127
11290 33
11290 76
11290 80
11290 264
11290 313
11196 208
11290 197
11727 288
11146 160
11644 50
11644 176
11644 205
11644 213
11116 158
11077 70
11605 168
11605 229
11910 3
11619 30
11619 61
11740 193
11740 320
11740 333
11285 23
11149 73
11149 192
11674 20
11249 63
11201 34
11816 33
11836 116
11078 8
11228 16
11584 85
11153 0
11801 15
11726 12
11088 41
11088 44
11088 55
11278 238
11278 266
11537 290
11537 315
11581 5
11581 103
11581 126
11802 3
11149 45
11149 46
11630 13
11719 4
11700 1
11700 10
11225 20
11815 41
11644 230
11644 274
11644 275
11285 39
11786 254
11848 27
11848 30
11848 47
11848 58
11848 105
11848 138
11848 293
11777 4
11578 23
11578 80
11087 129
11561 25
11561 37
11166 96
11677 91
11243 30
11243 40
11605 255
11201 48
11172 86
11066 4
11066 126
11189 2
11064 87
11064 180
11848 151
11848 216
11738 3
11738 74
11550 216
11550 255
11550 278
11550 285
11550 287
11740 288
11685 195
11685 207
11685 306
11685 332
11698 1
11698 34
11698 36
11546 13
11546 22
11546 43
11546 62
11546 117
11630 66
11630 111
11630 123
11630 153
11609 215
11609 289
11119 145
11119 161
11182 9
11182 84
11678 232
11678 312
11554 22
11554 55
11554 64
11554 85
11796 34
11796 139
11796 147
11803 21
11803 52
11147 15
11091 64
11091 82
11761 90
11637 43
11637 84
11637 152
11637 181
11169 167
11169 170
11682 46
11682 100
11169 101
11271 40
11564 84
11564 97
11083 11
11083 130
11083 157
11605 1
11605 45
11605 70
11605 172
11605 266
11283 32
11263 51
11197 115
11581 29
11581 44
11581 47
11581 78
11581 83
11728 96
11728 189
11150 38
11150 119
11197 2
11681 44
11681 107
11681 108
11782 139
11170 13
11604 35
11604 154
11604 269
11604 282
11687 10
11687 35
11687 62
11687 67
11687 122
11687 169
11687 190
11710 37
11648 81
11648 131
11648 157
11648 173
11622 25
11611 8
11844 13
11844 28
11844 198
11844 200
11844 246
11716 8
11716 21
11716 67
11716 81
11800 26
11800 40
11800 55
11800 80
11800 106
11800 174
11139 105
11867 29
11867 104
11197 10
11197 44
11197 74
11532 111
11532 118
11087 96
11164 0
11164 14
11832 106
11832 136
11832 147
11664 8
11664 17
11684 13
11684 30
11684 42
11255 22
11264 19
11626 24
11066 83
11591 13
11591 122
11591 131
11723 82
11723 195
11723 219
11723 228
11723 263
11723 275
11723 325
11066 192
11709 41
11709 93
11529 210
11529 213
11529 244
11529 278
11529 281
11529 304
11529 310
11275 27
11275 112
11745 10
11745 30
11745 140
11577 20
11577 31
11508 154
11508 157
11508 164
11508 256
11253 4
11253 43
11584 35
11584 79
11621 16
11621 21
11621 23
11621 41
11119 36
11119 41
11119 64
11119 153
11119 159
11724 95
11724 173
11724 193
11584 106
11584 158
11584 163
11842 23
11842 48
11842 153
11842 162
11769 104
11769 133
11545 121
11545 146
11545 147
11545 157
11264 6
11264 69
11589 40
11589 52
11589 199
11819 32
11819 34
11196 79
11196 104
11196 129
11196 149
11196 174
11833 209
11833 232
11833 233
11833 243
11816 39
11816 57
11816 106
11816 110
11816 131
11274 27
11274 79
11169 97
11169 129
11169 143
11169 217
11278 110
11278 265
11278 278
11278 294
11559 4
11559 77
11559 85
11146 12
11146 151
11146 230
11146 267
11604 114
11604 129
11604 173
11604 179
11604 195
11604 244
11604 246
11604 294
11239 19
11290 28
11290 39
11290 128
11290 167
11508 17
11508 165
11508 167
11508 198
11508 203
11508 228
11745 66
11745 102
11745 114
11745 141
11745 146
11745 170
11716 50
11716 80
11716 94
11146 33
11146 136
11146 245
11146 249
11146 305
11724 31
11724 55
11724 62
11724 80
11724 81
11724 165
11724 232
11724 285
11724 339
11794 21
11794 31
11518 6
11518 36
11518 42
11605 25
11605 42
11605 50
11605 90
11605 133
11605 145
11605 279
11833 114
11833 125
11833 127
11833 128
11833 132
11833 135
11833 140
11833 141
11833 142
11584 6
11784 60
11219 40
11830 309
11173 87
11074 24
11065 179
11644 59
11639 3
11639 7
11149 8
11532 10
11211 7
11601 221
11501 68
11293 11
11259 60
11141 18
11565 289
11724 8
11232 10
11506 15
11506 46
11169 206
11653 12
11653 22
11202 20
11190 21
11833 143
11666 26
11666 30
11559 104
11168 51
11186 151
11787 74
11142 4
11621 37
11049 23
11049 71
11194 57
11632 57
11202 38
11065 133
11182 40
11120 77
11841 23
11279 76
11234 9
11575 46
11544 6
11544 51
11294 6
11665 23
11665 43
11849 35
11617 231
11794 25
11775 74
11198 300
11203 94
11639 101
11709 141
11559 70
11583 11
11135 71
11168 78
11647 20
11667 1
11691 40
11833 30
11847 111
11668 94
11118 271
11617 11
11727 257
11727 292
11910 8
11278 78
11278 134
11719 30
11112 178
11830 122
11674 35
11134 79
11134 88
11742 171
11565 184
11625 11
11815 278
11713 42
11713 48
11713 87
11840 2
11554 0
11554 13
11554 53
11619 93
11619 158
11619 164
11619 173
11171 80
11574 43
11574 80
11574 81
11660 8
11660 13
11501 39
11737 205
11678 30
11678 91
11761 67
11761 92
11198 7
11198 87
11196 72
11749 46
11087 77
11065 24
11065 147
11836 22
11194 12
11716 60
11211 25
11665 50
11665 165
11149 51
11149 74
11149 164
11149 336
11574 73
11066 39
11066 42
11066 215
11741 74
11208 3
11619 9
11813 38
11813 51
11813 109
11494 90
11494 264
11545 238
11545 240
11279 4
11279 53
11166 90
11070 188
11070 231
11648 170
11648 187
11648 200
11187 312
11259 51
11259 66
11783 30
11822 4
11822 14
11622 15
11709 0
11709 21
11070 97
11947 13
11947 19
11947 51
11947 66
11150 41
11150 42
11150 161
11758 46
11712 65
11712 101
11186 4
11186 24
11581 81
11581 123
11589 205
11589 230
11150 28
11150 50
11150 129
11240 56
11279 3
11279 21
11279 61
11544 29
11544 33
11120 62
11120 102
11120 143
11196 55
11196 160
11196 153
11201 18
11589 12
11589 84
11589 103
11589 111
11065 30
11065 83
11065 176
11112 180
11112 184
11112 223
11134 105
11134 114
11134 116
11146 25
11146 281
11146 328
11521 17
11521 24
11521 33
11521 40
11947 11
11947 23
11264 62
11729 25
11729 34
11729 70
11550 19
11550 22
11233 27
11233 115
11848 26
11848 194
11848 297
11848 329
11619 8
11619 34
11619 55
11776 34
11186 203
11186 252
11186 320
11581 0
11581 32
11581 68
11581 79
11581 89
11710 31
11710 66
11710 68
11737 17
11737 18
11737 32
11737 34
11737 36
11737 170
11066 25
11066 73
11066 141
11740 32
11740 41
11740 181
11740 187
11740 200
11779 20
11779 22
11779 157
11779 188
11793 67
11793 138
11793 294
11793 296
11793 300
11290 38
11290 55
11290 269
11639 57
11639 103
11820 22
11820 53
11820 63
11820 96
11820 124
11820 152
11727 241
11727 299
11605 92
11605 118
11605 171
11605 196
11605 228
11605 263
11605 289
11081 106
11081 113
11550 166
11550 194
11550 303
11529 5
11529 103
11529 131
11529 157
11553 9
11553 16
11553 32
11553 61
11842 72
11842 123
11842 130
11842 180
11842 186
11821 84
11821 112
11821 126
11821 149
11589 13
11589 34
11589 107
11589 115
11721 24
11721 28
11721 49
11721 150
11249 36
11249 58
11187 85
11187 215
11187 239
11187 284
11187 290
11830 126
11830 151
11830 196
11830 218
11830 232
11830 265
11830 271
11830 273
11537 135
11537 156
11537 221
11537 248
11537 259
11537 270
11715 11
11715 79
11715 82
11715 89
11715 123
11715 167
11715 179
11715 226
11614 39
11614 97
11614 111
11614 163
11614 168
11614 179
11604 28
11604 137
11604 139
11604 146
11604 216
11604 271
11604 276
11551 54
11492 114
11787 77
11169 14
11141 15
11535 72
11609 134
11509 149
11067 34
11233 6
11851 3
11851 90
11631 145
11294 20
11285 59
11495 4
11086 244
11275 97
11565 264
11802 238
11253 122
11170 6
11691 145
11784 69
11544 56
11851 10
11851 12
11194 43
11780 135
11780 200
11145 20
11793 18
11793 56
11606 192
11135 6
11681 61
11543 62
11644 10
11945 126
11945 130
11696 78
11696 95
11681 53
11162 32
11162 59
11150 92
11150 110
11150 165
11733 10
11787 79
11763 47
11196 91
11153 4
11637 86
11685 252
11675 26
11675 51
11630 53
11630 107
11214 48
11557 31
11557 105
11847 110
11685 206
11660 6
11660 25
11493 31
11186 54
11203 6
11085 13
11691 84
11691 115
11086 74
11726 6
11120 9
11174 8
11675 35
11067 40
11681 17
11681 41
11577 5
11217 20
11259 84
11145 21
11832 75
11832 133
11657 59
11260 3
11819 24
11088 18
11088 26
11197 42
11197 101
11621 17
11069 130
11561 20
11677 70
11545 84
11545 115
11545 116
11270 91
11198 256
11077 36
11196 199
11665 49
11494 287
11841 70
11509 38
11509 55
11509 147
11787 104
11698 112
11698 121
11282 23
11214 95
11146 127
11233 32
11233 107
11593 90
11088 64
11149 4
11134 11
11644 191
11177 9
11816 112
11816 116
11162 57
11162 75
11138 65
11579 1
11579 20
11624 8
11206 30
11851 63
11851 7
11738 80
11738 111
11738 243
11243 69
11243 84
11664 9
11664 13
11601 203
11512 22
11171 89
11761 20
11761 28
11761 29
11197 77
11184 62
11591 160
11186 257
11069 101
11069 114
11606 14
11606 18
11606 46
11606 102
11088 10
11644 155
11229 10
11229 12
11503 6
11793 183
11081 133
11601 85
11601 35
11675 98
11675 183
11761 243
11285 56
11691 107
11691 162
11184 7
11286 47
11286 75
11286 82
11733 9
11553 107
11116 145
11212 50
11494 39
11494 108
11494 110
11494 131
11285 31
11285 53
11492 124
11297 15
11833 26
11833 32
11833 92
11293 21
11492 139
11211 8
11134 142
11665 82
11656 18
11128 2
11606 207
11606 253
11066 64
11066 235
11608 10
11608 78
11608 125
11278 127
11215 55
11679 54
11679 102
11679 130
11068 74
11803 122
11505 16
11784 14
11067 27
11067 56
11623 29
11623 32
11623 105
11139 3
11139 101
11570 23
11570 26
11570 52
11570 91
11554 10
11554 19
11554 94
11554 105
11198 17
11198 70
11198 101
11198 171
11198 183
11282 32
11282 35
11282 42
11544 39
11294 32
11754 24
11780 14
11780 30
11709 81
11709 126
11066 116
11291 8
11782 61
11565 51
11565 74
11565 105
11565 261
11532 59
11532 78
11557 47
11557 108
11557 113
11591 4
11591 63
11591 81
11591 99
11579 10
11624 11
11624 16
11275 44
11550 84
11550 138
11550 144
11550 148
11550 154
11550 230
11071 150
11071 203
11244 23
11244 34
11830 14
11830 25
11830 35
11543 111
11543 166
11832 25
11832 64
11832 100
11614 37
11614 57
11614 87
11614 121
11614 127
11614 147
11214 65
11214 72
11606 17
11606 52
11606 109
11606 158
11187 10
11187 166
11187 234
11830 73
11830 77
11830 136
11830 231
11609 199
11849 29
11259 16
11290 199
11290 214
11290 307
11780 86
11550 87
11550 128
11550 162
11550 256
11550 300
11550 301
11601 217
11546 23
11071 30
11071 63
11758 6
11758 11
11283 92
11644 232
11644 255
11070 63
11070 163
11666 0
11666 21
11666 72
11198 46
11198 75
11198 95
11198 196
11198 235
11198 297
11713 154
11234 7
11297 38
11687 56
11675 42
11675 53
11778 62
11778 67
11083 78
11083 119
11083 149
11083 210
11168 34
11168 50
11168 104
11520 9
11520 23
11520 34
11520 241
11229 5
11229 8
11187 214
11128 35
11128 39
11630 79
11709 57
11709 87
11761 39
11761 55
11761 106
11149 106
11149 140
11802 21
11189 6
11946 19
11625 65
11630 7
11543 137
11543 173
11543 212
11822 30
11822 33
11761 175
11559 9
11263 24
11766 148
11766 276
11283 52
11283 83
11833 3
11833 58
11833 120
11229 24
11803 14
11803 116
11721 0
11721 154
11721 179
11737 30
11737 68
11737 98
11737 156
11691 108
11691 111
11691 138
11135 3
11135 19
11135 72
11135 79
11135 97
11149 250
11149 283
11149 330
11135 56
11135 77
11678 254
11678 262
11087 84
11087 139
11682 12
11682 35
11682 50
11115 4
11115 23
11278 81
11278 160
11278 239
11278 267
11278 282
11278 292
11278 297
11673 12
11537 48
11537 128
11537 143
11537 198
11537 227
11537 9
11537 15
11537 21
11537 115
11537 138
11537 253
11666 54
11244 45
11559 10
11559 80
11709 39
11709 44
11709 96
11709 143
11780 20
11761 79
11761 99
11761 118
11761 159
11134 60
11134 69
11134 97
11830 104
11830 183
11830 190
11830 256
11833 8
11833 45
11833 151
11833 174
11833 288
11833 331
11833 333
11083 89
11083 101
11083 113
11083 123
11286 44
11286 81
11608 28
11608 30
11608 95
11608 151
11830 112
11830 116
11830 159
11830 214
11278 130
11278 210
11278 262
11278 279
11278 287
11238 41
11765 106
11765 187
11765 208
11765 246
11196 2
11196 192
11727 108
11727 114
11727 129
11682 24
11682 45
11682 68
11682 82
11682 94
11682 109
11782 42
11782 58
11782 82
11782 101
11782 123
11782 138
11550 89
11550 109
11550 180
11550 183
11550 262
11550 266
11550 282
11520 12
11520 55
11520 109
11520 141
11520 161
11520 268
11803 44
11803 112
11239 4
11239 73
11766 52
11766 87
11766 186
11766 248
11766 303
11766 310
11721 16
11721 82
11721 86
11721 87
11721 97
11601 15
11601 62
11601 106
11845 9
11845 80
11845 82
11845 138
11845 139
11845 205
11845 206
11557 3
11557 14
11557 24
11557 25
11557 27
11557 91
11244 26
11846 3
11846 63
11846 87
11846 93
11846 164
11762 0
11762 49
11762 146
11762 207
11762 232
11762 279
11762 308
11762 329
11494 88
11494 228
11494 231
11494 272
11494 285
11759 19
11759 24
11759 40
11759 54
11759 63
11759 194
11759 240
11687 42
11687 45
11687 119
11687 133
11687 136
11687 151
11723 57
11723 72
11723 134
11723 150
11723 173
11723 251
11723 255
11723 265
11833 157
11833 202
11833 214
11833 222
11833 251
11833 260
11833 329
11519 3
11519 8
11519 17
11519 87
11519 136
11519 138
11519 143
11519 150
11519 153
11519 156
11064 21
11064 47
11064 59
11064 97
11064 101
11064 183
11554 76
11630 83
11630 98
11630 104
11630 146
11630 157
11630 170
11128 32
11822 23
11668 1
11169 204
11696 27
11133 47
11243 43
11668 71
11668 86
11066 8
11066 261
11243 37
11169 176
11169 223
11561 14
11561 28
11090 38
11666 14
11503 28
11780 149
11780 174
11210 15
11088 53
11831 55
11203 3
11186 336
11575 3
11575 30
11575 31
11550 169
11064 25
11049 8
11696 0
11696 22
11693 46
11693 63
11115 100
11830 259
11605 175
11630 163
11230 22
11724 0
11822 2
11091 136
11833 204
11833 238
11833 265
11133 50
11133 135
11673 65
11673 70
11851 11
11614 99
11233 175
11131 8
11521 113
11755 134
11629 41
11625 25
11619 24
11279 120
11618 137
11075 70
11675 121
11636 2
11208 0
11127 12
11196 34
11271 74
11509 68
11509 104
11509 124
11553 143
11134 90
11147 9
11147 36
11186 109
11186 264
11186 327
11780 85
11742 19
11742 59
11135 10
11506 7
11506 27
11133 35
11189 17
11575 33
11564 102
11809 34
11132 2
11664 41
11278 326
11618 150
11618 192
11537 309
11279 79
11279 82
11291 240
11291 247
11727 111
11727 119
11728 93
11581 54
11581 84
11214 87
11239 111
11570 59
11782 167
11782 177
11501 11
11761 24
11769 12
11769 83
11660 23
11800 2
11279 40
11851 29
11197 56
11727 232
11198 263
11270 5
11164 5
11087 147
11087 169
11727 235
11727 247
11727 274
11135 21
11135 89
11135 92
11664 43
11664 62
11664 67
11657 11
11075 65
11279 54
11279 62
11279 65
11086 58
11086 152
11086 238
11162 0
11162 38
11811 3
11811 37
11811 164
11811 183
11811 228
11833 5
11833 99
11249 9
11249 67
11687 101
11687 141
11687 161
11640 9
11640 52
11673 1
11673 67
11830 209
11830 279
11830 298
11613 27
11613 56
11233 84
11693 37
11589 47
11589 108
11589 216
11707 156
11707 165
11228 42
11741 38
11741 65
11741 104
11741 114
11631 38
11535 55
11535 70
11119 103
11119 151
11119 205
11133 120
11133 148
11112 183
11112 263
11801 1
11801 10
11509 42
11509 120
11813 181
11813 188
11813 231
11626 34
11626 50
11626 80
11751 79
11751 128
11574 84
11574 85
11196 206
11215 57
11520 231
11520 237
11520 269
11068 6
11068 38
11068 49
11171 61
11171 86
11059 51
11508 269
11508 280
11508 283
11508 284
11168 44
11168 61
11203 37
11203 62
11519 85
11519 105
11519 203
11171 91
11171 35
11171 98
11112 157
11112 194
11112 240
11820 82
11820 156
11059 34
11059 52
11675 41
11675 65
11239 3
11519 31
11519 37
11519 199
11519 238
11737 107
11737 157
11737 175
11678 239
11678 269
11678 278
11678 303
11678 333
11187 110
11187 112
11187 183
11187 210
11187 238
11544 7
11544 9
11070 15
11070 59
11070 129
11070 171
11609 17
11609 43
11609 69
11609 125
11609 131
11675 149
11675 150
11712 43
11712 82
11712 105
11504 12
11504 39
11504 59
11504 69
11678 2
11678 14
11678 20
11678 62
11678 129
11678 140
11239 82
11550 98
11550 110
11550 127
11550 149
11550 204
11550 283
11550 315
11213 51
11213 58
11213 60
11819 50
11819 95
11723 20
11723 84
11723 87
11723 156
11723 236
11723 315
11723 337
11745 27
11745 37
11745 57
11745 111
11745 138
11681 14
11681 70
11681 84
11681 91
11685 180
11685 217
11685 229
11685 302
11737 41
11737 52
11737 70
11737 76
11737 155
11737 167
11737 180
11728 45
11728 109
11728 110
11728 125
11728 171
11728 252
11532 41
11532 67
11532 77
11712 18
11712 45
11712 88
11712 91
11712 97
11290 178
11290 198
11290 285
11290 324
11186 199
11186 283
11186 287
11507 43
11742 160
11742 203
11742 260
11742 277
11786 79
11786 94
11786 104
11786 122
11786 177
11786 299
11786 319
11830 1
11830 8
11848 40
11848 78
11657 40
11520 19
11529 4
11529 49
11066 201
11066 239
11203 47
11203 54
11070 85
11070 180
11070 194
11182 5
11182 126
11182 127
11134 64
11507 10
11206 48
11520 147
11759 83
11565 91
11184 10
11780 151
11807 32
11608 88
11720 9
11150 61
11619 44
11190 16
11691 42
11691 67
11559 102
11264 27
11593 31
11593 52
11582 14
11666 24
11619 172
11169 51
11729 19
11070 218
11619 16
11619 42
11619 82
11133 21
11133 94
11133 174
11265 17
11088 29
11088 37
11853 32
11853 48
11740 239
11847 101
11173 27
11193 2
11193 12
11759 205
11820 300
11291 77
11577 35
11211 32
11075 31
11682 97
11584 43
11584 58
11237 85
11234 39
11086 43
11828 14
11283 76
11066 203
11168 25
11168 99
11822 17
11665 27
11139 80
11495 24
11779 274
11678 136
11570 88
11629 35
11629 45
11173 71
11581 45
11081 121
11640 13
11640 39
11072 59
11192 32
11274 42
11495 40
11131 5
11564 106
11672 47
11213 28
11720 175
11112 229
11112 233
11239 86
11154 22
11740 247
11740 336
11787 51
11284 10
11537 51
11286 11
11829 81
11076 24
11197 73
11658 27
11756 63
11756 93
11294 12
11784 77
11784 78
11139 0
11139 15
11813 33
11813 84
11813 127
11696 65
11696 102
11618 102
11840 12
11139 95
11086 105
11086 194
11614 123
11564 25
11564 31
11564 112
11091 32
11091 67
11091 77
11582 17
11582 22
11668 75
11668 107
11075 69
11215 15
11215 21
11187 20
11187 208
11219 3
11219 48
11847 85
11198 137
11198 142
11619 169
11619 181
11658 0
11658 2
11285 19
11285 35
11214 26
11681 38
11681 52
11793 80
11793 156
11793 185
11127 2
11127 13
11631 42
11631 158
11631 189
11518 12
11518 33
11518 57
11086 65
11833 16
11833 131
11653 2
11653 16
11119 92
11119 109
11784 8
11802 37
11681 0
11681 3
11866 178
11608 68
11608 92
11608 163
11501 40
11501 49
11090 75
11090 229
11059 63
11059 66
11508 82
11508 107
11508 281
11584 9
11584 31
11584 81
11584 82
11213 66
11213 67
11240 51
11639 13
11639 76
11639 96
11187 26
11187 223
11187 252
11187 338
11606 200
11606 231
11606 312
11606 319
11242 14
11049 12
11756 11
11756 53
11756 70
11756 156
11756 218
11804 0
11804 4
11804 127
11804 161
11804 165
11186 218
11186 270
11186 289
11759 70
11759 150
11759 206
11759 257
11759 260
11087 52
11087 78
11087 152
11605 104
11605 170
11605 293
11150 44
11150 115
11260 7
11212 37
11800 3
11800 30
11800 90
11800 180
11852 17
11852 65
11852 89
11852 93
11537 0
11537 45
11537 68
11537 79
11537 91
11537 120
11545 211
11545 244
11545 258
11190 0
11551 16
11723 26
11723 32
11723 70
11723 164
11723 217
11723 227
11723 264
11506 148
11819 7
11819 35
11819 40
11819 97
11819 100
11495 50
11591 15
11591 24
11591 28
11591 38
11591 73
11742 118
11793 4
11786 32
11786 85
11786 192
11786 203
11786 245
11609 234
11820 218
11693 13
11543 266
11237 53
11237 91
11229 22
11521 11
11521 22
11260 9
11214 30
11135 28
11632 38
11632 50
11147 2
11846 5
11846 65
11846 100
11846 104
11846 172
11740 196
11740 215
11740 313
11786 64
11786 285
11274 73
11574 20
11574 50
11574 106
11946 17
11751 330
11631 146
11675 161
11765 100
11765 135
11765 141
11765 162
11765 218
11765 244
11782 150
11550 76
11848 148
11264 113
11946 42
11685 8
11685 133
11737 56
11737 112
11737 127
11737 151
11832 93
11832 107
11832 151
11832 189
11297 60
11492 113
11066 240
11213 12
11507 139
11286 55
11769 99
11729 31
11761 48
11656 53
11618 92
11618 198
11721 193
11076 1
11067 46
11293 16
11162 65
11162 76
11709 56
11709 92
11762 254
11286 37
11286 68
11264 35
11264 37
11264 50
11264 70
11264 115
11066 46
11066 164
11066 231
11640 40
11069 24
11069 58
11068 5
11543 15
11543 52
11168 72
11168 130
11619 5
11619 51
11845 15
11845 76
11845 121
11845 126
11653 8
11653 33
11854 14
11854 64
11854 83
11740 46
11740 90
11740 123
11247 3
11794 9
11713 4
11713 40
11239 49
11644 226
11644 264
11186 55
11186 79
11609 183
11753 36
11753 37
11847 25
11847 39
11238 22
11738 64
11738 110
11738 259
11766 102
11766 112
11766 195
11766 292
11766 318
11709 51
11709 136
11537 70
11779 38
11779 51
11779 52
11779 82
11779 180
11779 236
11561 42
11540 27
11540 40
11064 60
11064 89
11064 168
11064 213
11782 95
11494 158
11494 251
11765 142
11765 158
11765 222
11765 226
11083 153
11198 26
11756 48
11756 144
11756 256
11756 274
11756 286
11846 7
11846 35
11846 52
11846 98
11846 150
11550 7
11550 69
11550 99
11214 6
11716 1
11716 6
11073 38
11073 82
11206 3
11077 44
11077 72
11087 8
11087 133
11087 166
11629 13
11629 51
11143 23
11545 114
11545 155
11836 30
11675 115
11675 189
11120 34
11120 101
11833 57
11833 119
11833 138
11297 30
11297 45
11578 16
11578 61
11578 99
11066 143
11066 147
11275 91
11171 12
11171 20
11240 14
11819 22
11819 77
11169 177
11169 184
11169 214
11829 48
11829 49
11829 53
11829 67
11829 73
11271 26
11271 53
11715 85
11715 103
11715 111
11715 135
11715 153
11715 195
11715 196
11077 42
11755 35
11755 47
11755 84
11755 110
11755 145
11144 20
11144 27
11239 75
11239 106
11631 53
11631 69
11631 99
11631 131
11631 257
11278 97
11278 123
11278 35
11278 82
11278 184
11553 29
11553 45
11553 53
11553 63
11297 32
11297 44
11297 63
11169 134
11169 149
11169 195
11648 41
11648 47
11648 70
11648 194
11146 36
11146 80
11820 273
11239 83
11521 14
11521 34
11521 58
11521 71
11521 76
11665 47
11665 58
11665 71
11665 149
11631 65
11631 68
11631 101
11631 130
11631 134
11631 180
11631 200
11844 27
11844 97
11844 99
11844 122
11844 126
11844 166
11844 193
11844 203
11291 138
11291 155
11291 186
11291 204
11786 43
11786 44
11786 68
11786 108
11786 207
11786 236
11786 249
11786 308
11786 336
11665 8
11665 20
11665 41
11665 105
11545 24
11545 29
11545 83
11545 137
11545 144
11545 182
11507 146
11127 31
11179 7
11609 228
11210 0
11727 156
11811 8
11811 81
11811 89
11811 93
11811 98
11811 118
11811 155
11811 229
11811 235
11741 60
11741 134
11581 58
11581 111
11779 210
11631 19
11631 25
11631 66
11631 87
11631 89
11631 140
11631 161
11187 318
11713 36
11758 14
11617 118
11617 209
11820 248
11543 225
11795 5
11775 24
11761 155
11761 182
11091 155
11846 168
11582 38
11128 49
11622 20
11632 11
11561 50
11172 21
11219 13
11219 77
11086 93
11532 8
11579 12
11189 8
11065 15
11623 13
11623 73
11776 1
11196 178
11228 21
11128 34
11112 202
11685 179
11813 2
11813 7
11813 148
11755 27
11091 17
11501 9
11792 10
11088 74
11198 147
11198 303
11584 42
11844 301
11844 317
11617 27
11617 35
11866 183
11244 36
11807 46
11794 29
11203 10
11203 98
11070 186
11763 57
11783 23
11509 108
11179 4
11134 78
11134 95
11215 96
11598 0
11598 23
11139 79
11139 82
11139 102
11066 78
11066 144
11538 14
11186 58
11186 74
11507 12
11507 123
11802 214
11617 19
11617 44
11066 176
11196 195
11249 10
11249 53
11543 259
11543 263
11284 11
11154 27
11078 14
11721 70
11721 114
11721 125
11721 142
11721 164
11721 169
11721 177
11540 14
11540 49
11769 15
11769 19
11512 99
11512 108
11847 40
11847 91
11214 11
11529 229
11529 261
11240 46
11244 25
11274 29
11214 29
11214 60
11214 86
11087 126
11087 149
11495 19
11495 29
11495 48
11684 24
11830 289
11666 58
11074 32
11074 75
11601 79
11601 126
11264 75
11779 114
11751 209
11751 252
11745 99
11745 167
11707 123
11707 151
11707 172
11630 5
11630 10
11630 29
11630 37
11059 68
11278 95
11141 10
11540 15
11540 21
11540 54
11726 161
11726 188
11726 233
11538 16
11652 82
11844 245
11844 256
11074 38
11074 51
11074 57
11617 119
11617 215
11505 11
11505 21
11505 31
11621 10
11621 19
11145 14
11145 29
11215 31
11215 34
11077 8
11077 78
11149 114
11149 128
11149 316
11149 337
11495 44
11495 56
11172 98
11071 17
11071 62
11071 148
11071 167
11071 172
11074 8
11074 67
11802 40
11802 74
11802 97
11802 108
11802 153
11630 31
11239 14
11172 15
11847 0
11847 6
11716 25
11716 68
11716 72
11820 223
11820 257
11820 268
11069 37
11749 41
11749 54
11749 77
11196 110
11196 135
11574 19
11574 58
11574 122
11574 163
11574 198
11829 74
11829 177
11494 15
11494 111
11494 185
11494 260
11713 41
11713 75
11713 96
11606 218
11606 260
11606 296
11831 17
11831 58
11831 69
11253 102
11833 6
11833 15
11833 33
11608 144
11049 57
11049 67
11531 4
11531 29
11531 58
11531 63
11290 186
11290 189
11290 190
11290 280
11290 325
11867 55
11867 76
11867 99
11867 116
11169 49
11791 14
11791 106
11791 143
11791 188
11791 190
11791 263
11774 55
11774 68
11520 83
11520 131
11520 152
11520 252
11233 0
11233 8
11233 18
11233 121
11290 147
11290 249
11290 255
11290 267
11833 14
11833 19
11833 42
11833 49
11833 71
11833 87
11238 38
11648 13
11648 85
11648 207
11648 210
11713 24
11713 53
11713 82
11605 18
11605 21
11605 35
11605 154
11605 181
11605 199
11680 71
11680 91
11680 170
11680 179
11680 189
11867 41
11867 58
11867 92
11867 105
11138 9
11138 36
11138 51
11687 98
11687 102
11687 114
11687 148
11687 181
11687 186
11618 88
11618 109
11618 120
11618 132
11842 58
11842 67
11842 109
11842 170
11842 185
11715 12
11715 21
11715 27
11715 42
11715 154
11715 163
11715 26
11715 117
11715 142
11715 148
11715 213
11715 239
11550 103
11550 106
11550 132
11550 281
11550 293
11665 30
11665 57
11665 94
11238 25
11238 42
11609 13
11609 29
11609 41
11609 54
11609 122
11631 41
11631 92
11631 144
11631 169
11631 221
11631 256
11631 271
11631 281
11501 20
11591 150
11800 8
11263 19
11606 219
11649 7
11169 0
11640 55
11064 78
11591 159
11149 7
11866 176
11112 173
11640 46
11132 1
11225 17
11237 50
11271 17
11787 184
11169 25
11090 96
11783 15
11629 27
11629 52
11598 47
11655 17
11291 16
11613 20
11134 122
11780 25
11606 19
11606 206
11629 1
11232 11
11514 22
11514 32
11514 37
11184 47
11186 121
11243 20
11801 50
11780 73
11622 30
11237 46
11540 29
11601 196
11601 326
11581 91
11090 179
11162 71
11763 29
11763 40
11769 65
11192 15
11169 219
11591 46
11591 47
11591 108
11212 43
11540 25
11144 13
11647 18
11774 10
11774 18
11759 228
11617 124
11608 97
11605 60
11543 60
11543 91
11550 53
11830 313
11830 320
11769 26
11288 0
11120 19
11120 48
11120 153
11064 51
11279 35
11134 85
11087 85
11087 118
11606 263
11755 123
11067 29
11213 32
11786 123
11801 43
11112 139
11170 9
11170 15
11169 66
11713 150
11713 203
11646 15
11646 42
11712 5
11712 120
11133 43
11518 23
11518 30
11518 128
11198 232
11821 52
11173 94
11820 233
11820 241
11784 59
11215 87
11532 4
11271 18
11529 102
11529 108
11529 136
11529 139
11678 133
11841 44
11841 54
11841 117
11657 37
11657 47
11765 241
11278 77
11278 163
11278 165
11278 234
11852 79
11852 85
11070 75
11070 94
11070 173
11762 151
11762 178
11762 262
11762 267
11762 321
11664 112
11664 126
11134 8
11134 21
11065 119
11065 122
11087 14
11087 158
11087 160
11208 8
11535 29
11535 35
11535 64
11693 0
11693 14
11693 60
11693 70
11171 38
11162 29
11162 45
11802 87
11802 89
11614 106
11614 119
11065 38
11065 141
11065 142
11065 158
11710 82
11710 93
11710 115
11219 94
11543 76
11543 105
11543 119
11543 135
11514 31
11686 3
11143 18
11609 239
11609 257
11609 271
11112 138
11112 146
11186 100
11186 143
11186 245
11186 249
11115 90
11673 10
11673 69
11558 14
11698 11
11698 42
11554 66
11554 75
11554 92
11120 132
11120 137
11120 147
11520 3
11520 64
11520 82
11520 138
11520 185
11520 228
11291 66
11779 5
11779 33
11779 134
11779 222
11779 275
11745 82
11745 100
11771 2
11233 20
11233 183
11761 132
11550 86
11550 212
11550 217
11632 20
11559 114
11593 27
11593 58
11593 118
11128 37
11166 49
11775 99
11219 89
11713 39
11713 54
11713 57
11713 62
11283 107
11532 115
11532 123
11833 175
11833 186
11833 249
11833 317
11297 5
11755 39
11755 71
11755 89
11755 95
11755 141
11755 156
11197 8
11197 95
11197 98
11532 12
11532 29
11532 37
11532 54
11532 98
11169 199
11186 263
11186 266
11553 33
11553 41
11553 59
11553 86
11215 50
11215 89
11846 42
11846 70
11846 149
11846 176
11852 23
11852 33
11198 41
11198 79
11198 211
11198 238
11519 34
11519 219
11519 259
11519 275
11519 277
11519 282
11255 26
11721 48
11721 51
11721 121
11721 146
11721 170
11721 175
11678 214
11853 26
11853 33
11853 40
11684 0
11684 63
11194 15
11194 73
11073 64
11115 36
11115 79
11738 81
11738 133
11738 224
11738 237
11807 25
11176 14
11291 105
11726 192
11726 243
11726 294
11726 299
11726 314
11726 327
11761 186
11138 42
11138 71
11841 32
11841 65
11841 73
11841 91
11841 111
11584 168
11574 11
11574 27
11574 40
11574 44
11574 59
11619 171
11619 189
11619 207
11619 210
11626 32
11626 41
11723 1
11723 73
11723 246
11723 311
11723 332
11723 334
11278 44
11278 73
11278 105
11278 208
11278 260
11278 277
11278 289
11709 48
11709 131
11081 84
11279 25
11279 89
11279 97
11279 101
11700 44
11833 66
11833 133
11833 139
11833 147
11833 150
11656 19
11656 58
11065 54
11781 46
11819 10
11819 16
11819 28
11819 43
11819 59
11819 67
11776 58
11776 87
11776 102
11776 157
11090 33
11090 100
11090 168
11090 209
11803 58
11803 68
11803 82
11803 103
11803 115
11832 3
11832 4
11832 18
11832 72
11832 165
11832 168
11832 190
11710 44
11710 97
11545 253
11545 257
11545 260
11545 285
11786 20
11786 324
11234 56
11802 6
11802 7
11802 107
11619 11
11619 54
11619 72
11796 42
11796 79
11796 88
11796 102
11796 125
11796 127
11090 175
11090 198
11090 207
11090 226
11609 78
11609 136
11609 137
11609 167
11819 41
11819 46
11819 48
11819 75
11819 87
11819 111
11531 14
11531 38
11531 89
11531 112
11531 119
11531 132
11531 198
11519 149
11519 189
11519 209
11519 240
11519 250
11519 251
11519 254
11519 256
11519 257
11519 266
11494 91
11494 98
11494 204
11494 210
11494 245
11693 54
11521 5
11693 3
11693 9
11263 53
11147 28
11205 17
11763 4
11186 208
11204 7
11584 2
11709 60
11758 74
11755 2
11565 223
11841 100
11657 71
11910 6
11727 206
11727 196
11611 9
11684 27
11504 19
11162 39
11091 12
11171 68
11171 90
11510 41
11494 128
11599 32
11201 41
11668 39
11076 14
11505 35
11263 49
11741 8
11741 53
11741 117
11070 3
11070 24
11070 62
11070 203
11070 204
11253 46
11138 0
11187 163
11797 10
11638 19
11609 50
11255 25
11611 15
11219 21
11796 4
11796 74
11796 107
11867 50
11201 26
11608 29
11528 9
11528 13
11127 16
11756 196
11149 29
11686 20
11783 45
11540 22
11540 48
11700 16
11150 15
11769 123
11721 187
11168 65
11168 68
11606 303
11065 102
11947 4
11816 148
11577 14
11065 132
11741 132
11049 25
11553 1
11553 51
11135 20
11135 87
11135 128
11141 2
11290 25
11685 301
11623 21
11623 24
11077 2
11077 49
11162 46
11162 49
11677 21
11866 150
11866 174
11866 184
11766 257
11766 269
11668 28
11668 72
11668 106
11758 20
11758 41
11758 52
11537 10
11537 219
11537 225
11537 256
11787 99
11787 101
11787 111
11665 167
11192 9
11192 23
11184 48
11184 59
11696 21
11696 94
11229 15
11946 10
11946 40
11198 18
11198 68
11198 144
11198 170
11778 11
11775 7
11243 73
11233 76
11639 40
11589 95
11589 206
11845 47
11845 56
11845 99
11845 114
11845 152
11845 159
11845 193
11554 79
11554 87
11071 83
11071 120
11278 235
11543 162
11543 186
11543 229
11559 3
11559 86
11215 56
11215 70
11211 6
11698 65
11698 93
11698 105
11127 20
11127 32
11253 45
11297 65
11681 115
11255 18
11685 255
11529 17
11529 27
11529 75
11716 74
11716 83
11237 72
11150 17
11150 27
11150 29
11150 128
11709 94
11709 111
11520 113
11520 168
11520 222
11520 264
11632 2
11632 16
11632 25
11684 16
11684 17
11524 19
11524 52
11524 64
11524 79
11524 121
11524 229
11728 206
11728 225
11728 304
11728 321
11187 97
11187 111
11187 200
11820 16
11820 23
11820 79
11820 102
11203 7
11740 96
11740 172
11740 192
11787 0
11787 12
11787 39
11787 48
11605 119
11605 190
11605 238
11605 276
11737 88
11737 94
11737 154
11737 172
11527 36
11527 39
11527 61
11527 103
11833 153
11833 211
11833 254
11833 285
11521 41
11521 74
11564 3
11564 7
11564 29
11564 56
11564 99
11779 0
11779 63
11779 74
11779 95
11779 169
11756 1
11756 127
11756 162
11756 172
11756 247
11682 27
11682 59
11682 88
11844 67
11844 195
11844 226
11844 227
11844 270
11844 282
11844 284
11720 0
11720 39
11720 130
11212 0
11212 55
11867 64
11867 71
11867 72
11867 102
11677 16
11677 48
11677 122
11677 129
11677 138
11677 167
11751 206
11751 239
11751 278
11751 291
11631 61
11631 94
11631 138
11631 148
11631 239
11631 252
11545 59
11545 75
11545 96
11545 99
11545 128
11545 141
11545 142
11545 151
11648 5
11648 11
11648 43
11648 180
11648 188
11820 57
11820 61
11820 72
11820 132
11820 141
11820 143
11239 44
11239 81
11065 73
11761 30
11761 96
11761 101
11605 87
11605 93
11605 173
11605 187
11605 197
11605 254
11605 262
11605 275
11605 287
11715 30
11715 32
11715 165
11715 187
11715 208
11666 3
11786 30
11786 47
11786 57
11786 142
11786 184
11786 259
11786 326
11632 58
11778 57
11492 116
11495 39
11067 43
11278 263
11201 33
11091 20
11578 0
11072 5
11624 39
11636 3
11727 51
11088 23
11653 5
11721 2
11751 177
11776 60
11776 77
11194 3
11194 25
11067 23
11067 44
11677 22
11677 28
11259 35
11527 2
11527 78
11709 7
11112 201
11540 32
11807 22
11219 79
11664 14
11187 263
11271 19
11086 2
11086 22
11166 57
11166 70
11218 7
11182 60
11278 158
11278 242
11176 6
11565 126
11634 26
11149 71
11135 46
11150 30
11150 144
11545 7
11545 138
11675 68
11802 12
11049 5
11605 241
11695 8
11558 0
11719 2
11264 67
11691 31
11691 59
11665 11
11139 43
11074 62
11786 197
11201 11
11182 101
11182 143
11091 13
11759 57
11759 136
11115 6
11274 51
11253 0
11776 67
11707 142
11665 7
11253 78
11831 56
11619 67
11291 31
11291 47
11506 71
11945 134
11532 31
11532 33
11260 6
11945 135
11745 29
11745 178
11729 57
11729 96
11202 7
11202 18
11682 31
11682 66
11682 73
11177 15
11087 71
11672 52
11672 55
11582 5
11593 67
11622 18
11775 56
11072 48
11072 93
11291 224
11259 98
11867 4
11867 5
11867 97
11072 6
11072 100
11069 17
11069 63
11849 17
11593 25
11593 87
11807 26
11546 48
11546 81
11546 140
11291 145
11291 190
11186 154
11186 207
11774 23
11685 237
11674 22
11604 106
11604 228
11800 59
11800 117
11644 257
11644 268
11644 278
11678 215
11678 295
11720 90
11720 120
11720 200
11845 125
11845 154
11845 217
11866 121
11866 154
11866 158
11292 17
11292 31
11292 32
11691 62
11691 70
11847 46
11847 113
11707 158
11521 99
11521 121
11817 6
11070 201
11070 208
11070 209
11249 60
11608 67
11577 1
11577 4
11577 29
11668 6
11644 238
11644 240
11644 260
11138 50
11083 0
11083 1
11083 102
11508 200
11508 218
11819 0
11819 2
11819 58
11187 28
11187 159
11187 165
11187 329
11187 333
11608 19
11608 32
11608 143
11618 66
11618 78
11618 98
11618 104
11637 89
11637 126
11637 188
11205 32
11215 60
11745 52
11745 60
11691 94
11691 140
11691 143
11691 149
11066 6
11066 77
11066 117
11066 247
11637 5
11637 56
11637 109
11666 17
11666 78
11852 81
11852 87
11072 9
11072 77
11664 89
11664 119
11176 13
11618 15
11618 26
11618 57
11618 110
11618 200
11766 41
11766 167
11766 168
11766 219
11766 304
11070 98
11070 161
11173 92
11173 133
11264 3
11264 32
11698 17
11698 57
11698 90
11135 99
11709 33
11709 142
11119 31
11119 60
11119 87
11119 200
11678 251
11678 322
11685 18
11685 57
11685 65
11685 70
11761 15
11761 43
11761 49
11761 128
11286 58
11286 78
11852 1
11852 30
11852 34
11072 49
11072 95
11072 101
11947 24
11947 60
11947 72
11782 41
11782 64
11782 67
11782 75
11782 173
11756 106
11756 131
11756 174
11756 253
11756 289
11836 28
11836 31
11836 74
11836 84
11762 18
11762 123
11762 138
11762 176
11762 193
11762 214
11726 102
11726 128
11726 130
11726 139
11726 201
11726 269
11726 333
11726 337
11537 19
11537 25
11537 38
11537 67
11537 167
11537 183
11565 43
11565 66
11565 115
11565 128
11565 288
11565 299
11766 54
11766 60
11766 68
11766 76
11766 117
11766 125
11766 278
11766 289
11628 18
11628 123
11628 133
11628 189
11628 200
11628 318
11765 112
11765 132
11765 134
11765 223
11765 242
11765 250
11274 36
11274 91
11274 93
11274 94
11260 32
11091 188
11666 19
11780 93
11693 71
11112 260
11112 188
11521 90
11759 239
11086 131
11543 16
11779 178
11144 12
11606 53
11532 32
11294 60
11693 81
11606 307
11510 40
11138 76
11818 17
11818 24
11672 43
11672 61
11831 29
11767 4
11681 86
11720 96
11584 19
11584 21
11293 23
11182 142
11201 9
11674 31
11067 8
11064 6
11064 124
11064 191
11617 33
11613 15
11613 35
11283 44
11283 57
11283 103
11128 22
11128 36
11675 2
11074 79
11271 56
11543 247
11088 30
11249 56
11519 293
11775 49
11232 9
11753 35
11234 0
11687 185
11623 17
11150 67
11632 3
11632 21
11793 30
11646 49
11646 98
11677 64
11847 65
11531 13
11531 98
11728 33
11728 165
11581 56
11581 64
11646 56
11685 15
11685 108
11685 132
11756 281
11067 50
11050 15
11279 73
11166 15
11193 6
11119 85
11119 88
11119 156
11673 11
11673 47
11068 65
11535 10
11719 0
11695 7
11695 16
11202 35
11495 55
11495 62
11260 21
11848 166
11274 63
11601 135
11723 0
11754 6
11754 88
11504 78
11139 50
11139 98
11857 1
11857 12
11657 34
11756 170
11494 117
11494 155
11494 168
11494 196
11494 263
11133 97
11133 149
11068 15
11774 24
11205 8
11205 12
11291 15
11291 54
11070 113
11070 154
11070 225
11598 32
11668 16
11242 38
11192 16
11120 78
11726 17
11726 44
11601 27
11601 67
11601 161
11182 172
11182 176
11137 3
11832 45
11832 92
11832 140
11832 162
11852 44
11852 61
11852 82
11852 100
11529 29
11529 63
11529 94
11285 65
11551 8
11551 116
11813 177
11813 184
11813 257
11253 14
11554 3
11554 47
11554 83
11064 202
11146 283
11749 82
11749 102
11170 19
11591 7
11591 9
11591 39
11591 119
11591 135
11591 137
11628 3
11628 46
11628 146
11866 149
11866 155
11833 230
11833 289
11833 313
11692 21
11842 85
11842 92
11842 103
11842 104
11842 145
11842 188
11842 192
11290 41
11290 219
11182 6
11182 159
11726 163
11726 168
11726 169
11726 310
11726 322
11494 78
11494 102
11494 119
11494 192
11819 70
11532 51
11532 58
11532 81
11532 89
11685 170
11685 254
11685 264
11685 305
11685 316
11844 36
11844 37
11844 54
11844 176
11844 185
11844 219
11290 11
11290 98
11290 156
11290 210
11146 22
11146 104
11146 114
11146 221
11146 278
11751 27
11751 51
11751 119
11751 149
11681 55
11681 83
11681 123
11740 23
11740 124
11740 160
11637 48
11637 55
11637 64
11637 142
11637 180
11728 5
11728 23
11728 52
11728 229
11754 40
11754 45
11169 89
11169 135
11169 203
11196 53
11196 92
11196 121
11196 156
11648 7
11648 38
11648 160
11648 206
11168 35
11168 36
11168 81
11168 114
11285 61
11169 47
11169 62
11169 77
11832 7
11832 10
11832 113
11832 132
11832 141
11539 9
11539 38
11644 7
11644 13
11644 138
11644 186
11601 60
11601 83
11601 93
11601 118
11815 36
11815 117
11815 130
11815 133
11815 138
11815 155
11815 280
11815 290
11186 122
11186 262
11186 309
11833 169
11833 200
11833 292
11150 33
11150 90
11150 162
11071 39
11071 70
11071 162
11071 178
11071 182
11685 14
11685 32
11685 37
11685 85
11685 96
11762 9
11762 50
11762 97
11762 228
11762 288
11845 6
11845 25
11845 27
11845 28
11845 34
11845 41
11845 50
11845 127
11779 14
11779 46
11779 56
11779 80
11779 122
11779 173
11779 200
11779 246
11274 17
11274 74
11066 115
11085 19
11243 41
11833 273
11169 50
11169 160
11512 38
11755 38
11219 38
11230 16
11792 6
11815 204
11512 118
11505 103
11505 154
11852 5
11852 7
11512 44
11512 76
11578 29
11667 2
11787 166
11681 4
11157 12
11073 86
11584 109
11558 13
11510 33
11807 39
11622 19
11198 270
11512 52
11259 34
11836 71
11640 17
11071 19
11851 43
11830 314
11075 7
11647 27
11845 128
11149 198
11605 81
11605 114
11605 188
11605 195
11605 206
11605 256
11605 300
11668 3
11066 107
11066 129
11066 187
11618 89
11675 135
11568 34
11286 63
11197 6
11779 176
11064 152
11064 208
11558 16
11844 251
11249 34
11847 9
11847 16
11729 5
11729 33
11543 169
11687 49
11501 44
11196 209
11564 38
11564 54
11564 78
11564 95
11564 113
11829 19
11829 79
11829 98
11829 107
11799 4
11776 95
11776 122
11128 56
11196 143
11762 25
11726 8
11761 154
11761 191
11074 42
11233 195
11545 221
11545 290
11761 73
11071 20
11071 159
11744 17
11228 45
11506 12
11506 51
11506 56
11506 80
11506 92
11617 72
11081 91
11081 130
11535 5
11535 71
11119 17
11215 99
11723 336
11149 216
11149 269
11202 43
11802 47
11802 88
11802 182
11296 46
11664 18
11177 20
11171 7
11274 80
11714 19
11090 196
11290 108
11182 41
11182 184
11619 45
11179 14
11275 69
11776 4
11215 104
11765 116
11765 181
11765 189
11260 39
11831 18
11087 92
11087 131
11740 202
11740 297
11821 131
11804 81
11804 108
11804 195
11696 74
11696 103
11214 39
11274 13
11297 1
11297 75
11149 91
11149 279
11546 15
11546 25
11853 1
11853 22
11067 19
11759 122
11759 124
11244 12
11244 44
11830 331
11077 67
11077 73
11584 12
11247 12
11557 55
11557 74
11196 127
11196 162
11657 50
11687 90
11291 14
11291 28
11049 18
11049 26
11049 35
11715 45
11609 224
11609 226
11609 272
11609 283
11742 31
11742 33
11137 9
11606 79
11606 88
11606 107
11186 108
11186 165
11186 258
11150 65
11150 114
11198 20
11198 21
11198 164
11198 299
11841 69
11841 92
11543 240
11543 244
11543 252
11149 126
11149 130
11149 171
11774 21
11774 39
11774 48
11147 19
11147 47
11619 94
11619 162
11619 196
11686 21
11686 22
11224 5
11224 12
11819 15
11819 84
11186 140
11186 269
11086 107
11086 265
11073 25
11073 39
11685 238
11685 311
11685 312
11685 317
11685 328
11685 335
11564 18
11564 77
11564 98
11564 119
11813 98
11813 119
11813 143
11813 165
11793 75
11793 84
11793 152
11553 89
11553 110
11240 23
11565 42
11565 64
11565 201
11565 235
11565 273
11756 154
11756 187
11756 213
11742 113
11742 151
11742 166
11742 252
11090 63
11090 223
11821 18
11821 39
11821 59
11821 72
11275 26
11275 51
11275 131
11238 40
11550 80
11550 107
11550 125
11550 167
11550 225
11550 263
11550 272
11290 138
11290 343
11802 16
11802 85
11802 137
11540 23
11540 31
11540 47
11550 39
11550 68
11214 44
11077 74
11077 79
11833 52
11833 166
11833 275
11728 11
11728 13
11728 30
11728 163
11728 227
11727 203
11727 217
11727 229
11727 321
11853 8
11853 60
11853 61
11066 167
11066 168
11066 237
11741 18
11741 77
11741 98
11150 63
11150 70
11150 167
11150 173
11139 1
11139 67
11745 34
11745 35
11745 93
11745 104
11745 107
11745 151
11271 6
11271 30
11775 55
11775 87
11775 114
11715 23
11715 43
11715 97
11715 206
11715 221
11715 241
11593 15
11593 16
11593 51
11593 53
11593 89
11601 209
11601 270
11601 299
11601 322
11802 32
11802 129
11802 185
11802 201
11802 205
11726 143
11726 254
11726 259
11726 262
11726 268
11726 295
11726 320
11570 8
11570 58
11570 94
11793 93
11793 133
11793 140
11793 141
11820 80
11820 158
11820 177
11846 18
11846 41
11846 83
11846 89
11846 119
11270 0
11270 6
11270 92
11071 105
11071 129
11071 174
11071 194
11071 247
11071 126
11071 137
11071 191
11604 58
11604 68
11604 109
11604 183
11604 260
11132 4
11543 114
11543 128
11543 164
11543 170
11779 42
11779 133
11779 208
11779 212
11779 240
11779 254
11779 262
11779 281
11565 35
11565 50
11565 56
11565 69
11565 145
11565 158
11064 37
11064 43
11064 58
11064 63
11064 188
11742 122
11742 135
11742 141
11742 197
11742 231
11742 241
11742 280
11291 21
11291 64
11756 79
11756 89
11756 104
11756 129
11756 168
11756 268
11756 279
11756 110
11756 133
11756 140
11756 148
11756 221
11756 290
11756 291
11142 13
11673 31
11218 3
11565 113
11775 72
11115 2
11644 266
11065 95
11724 2
11713 28
11713 52
11713 76
11804 77
11804 83
11804 172
11561 8
11514 21
11514 33
11184 51
11820 259
11820 307
11636 32
11800 84
11800 114
11194 60
11723 55
11700 19
11700 36
11606 185
11613 13
11727 183
11182 164
11182 174
11291 182
11291 260
11793 50
11728 194
11728 283
11050 4
11763 50
11684 26
11684 33
11605 66
11074 56
11624 17
11624 30
11203 24
11203 85
11247 20
11230 17
11617 204
11545 289
11186 137
11769 52
11538 1
11668 109
11553 128
11553 172
11553 195
11553 231
11515 10
11515 18
11854 4
11758 7
11521 78
11529 122
11119 114
11653 39
11653 43
11653 53
11619 91
11619 118
11619 166
11169 4
11946 8
11169 189
11169 198
11197 76
11644 42
11820 260
11820 277
11820 282
11521 36
11507 101
11507 137
11761 179
11761 192
11761 209
11290 21
11290 48
11049 14
11829 24
11829 26
11829 171
11270 1
11270 86
11653 3
11847 42
11847 63
11283 39
11283 106
11283 112
11077 34
11614 12
11614 117
11614 118
11614 134
11614 172
11775 96
11139 19
11139 85
11816 108
11816 157
11816 166
11253 79
11851 19
11591 0
11591 27
11591 44
11591 66
11591 90
11583 38
11169 222
11256 20
11841 36
11818 23
11521 3
11521 26
11521 30
11521 75
11521 77
11685 169
11685 227
11842 78
11842 134
11169 121
11169 161
11238 28
11085 21
11564 82
11253 115
11282 7
11282 21
11778 77
11494 209
11613 22
11829 88
11829 118
11741 61
11741 63
11741 69
11504 11
11504 23
11794 13
11291 179
11291 227
11291 299
11730 22
11720 35
11720 37
11720 61
11720 106
11685 297
11618 7
11618 51
11618 73
11618 158
11072 41
11072 76
11622 10
11742 5
11742 29
11742 46
11742 51
11742 75
11742 82
11135 110
11557 49
11557 61
11129 5
11659 2
11754 95
11727 295
11290 62
11290 100
11290 171
11290 268
11086 191
11230 0
11076 15
11733 39
11666 53
11666 64
11271 3
11083 31
11083 154
11728 333
11520 45
11520 89
11520 100
11520 122
11520 126
11520 193
11520 226
11737 24
11737 25
11737 100
11844 147
11844 207
11844 229
11664 117
11278 309
11730 12
11714 7
11087 41
11069 30
11069 88
11070 49
11070 72
11070 124
11070 140
11726 85
11726 109
11726 193
11726 215
11726 222
11726 280
11726 284
11726 315
11720 48
11720 100
11720 136
11720 164
11508 44
11508 245
11804 10
11804 107
11804 124
11804 130
11804 181
11723 58
11723 113
11723 136
11723 208
11723 239
11723 248
11723 287
11150 59
11150 112
11503 16
11576 0
11135 69
11740 10
11213 0
11077 37
11605 163
11813 192
11503 9
11503 27
11147 44
11274 99
11761 4
11761 125
11761 145
11761 147
11761 157
11214 21
11214 56
11214 75
11719 13
11719 27
11186 89
11186 256
11532 11
11532 70
11532 73
11135 88
11719 25
11719 59
11847 75
11847 82
11847 98
11847 116
11605 29
11605 86
11605 251
11605 292
11605 295
11727 245
11727 262
11727 308
11947 26
11947 47
11947 65
11947 86
11149 121
11149 236
11149 255
11086 113
11086 114
11086 216
11186 181
11186 278
11186 313
11149 151
11149 257
11149 264
11844 8
11844 58
11844 106
11844 144
11844 268
11844 281
11844 292
11848 11
11848 57
11848 112
11848 160
11564 52
11564 60
11564 118
11604 90
11604 127
11604 133
11604 169
11604 182
11604 204
11604 239
11604 241
11613 7
11613 48
11565 117
11565 143
11565 150
11565 246
11565 272
11565 281
11710 4
11710 12
11710 15
11710 60
11710 108
11716 29
11716 46
11716 56
11716 82
11737 22
11737 195
11737 202
11737 203
11737 204
11664 23
11664 54
11664 131
11626 14
11626 20
11779 1
11779 28
11779 50
11779 152
11779 154
11779 215
11779 218
11779 234
11779 273
11546 63
11546 127
11546 141
11090 1
11134 58
11659 12
11579 2
11782 55
11233 47
11233 117
11691 0
11851 2
11729 47
11729 58
11559 106
11285 7
11668 17
11157 11
11763 23
11822 37
11792 7
11613 37
11814 23
11700 6
11842 4
11553 148
11553 157
11639 110
11867 15
11518 44
11518 58
11228 9
11228 47
11553 39
11256 1
11212 28
11528 57
11528 58
11545 23
11545 89
11784 41
11784 44
11134 135
11260 35
11186 87
11544 60
11762 85
11762 272
11142 0
11568 37
11610 17
11867 0
11867 51
11867 65
11086 17
11072 36
11504 80
11519 294
11820 217
11820 243
11820 261
11203 18
11792 8
11800 66
11800 73
11800 93
11800 109
11286 57
11150 1
11796 2
11796 10
11796 94
11759 114
11759 179
11724 49
11724 66
11724 93
11724 145
11724 210
11724 340
11066 113
11066 181
11066 222
11066 244
11215 67
11120 18
11120 98
11120 146
11647 26
11073 57
11531 16
11531 62
11531 86
11531 122
11531 154
11565 46
11565 312
11628 105
11134 7
11134 44
11134 107
11761 10
11761 68
11761 100
11761 119
11721 19
11721 118
11721 126
11721 136
11233 23
11233 96
11233 132
11233 138
11233 163
11581 114
11581 116
11713 143
11713 147
11169 216
11532 25
11532 47
11606 7
11606 22
11606 37
11606 66
11606 93
11606 117
11606 142
11237 73
11238 44
11815 0
11815 113
11815 132
11815 136
11815 137
11815 234
11291 58
11291 96
11829 90
11829 94
11829 117
11829 132
11829 137
11529 18
11529 30
11529 58
11631 43
11631 96
11631 108
11631 214
11631 244
11631 274
11553 43
11524 1
11524 45
11524 74
11524 85
11524 155
11524 223
11524 250
11598 42
11848 25
11848 46
11848 83
11848 132
11848 206
11848 310
11815 45
11815 49
11815 103
11815 168
11815 284
11815 295
11112 129
11112 230
11782 91
11519 18
11519 28
11519 36
11519 89
11519 135
11519 175
11519 193
11077 27
11145 28
11570 43
11558 20
11601 37
11196 213
11852 57
11173 113
11253 13
11069 6
11278 325
11636 29
11682 104
11565 302
11230 11
11198 275
11756 254
11693 88
11263 5
11286 27
11182 107
11214 82
11088 19
11842 9
11291 48
11154 12
11675 93
11675 136
11232 3
11613 34
11613 60
11292 4
11292 20
11194 13
11194 16
11508 197
11186 216
11133 170
11293 20
11570 3
11570 29
11570 56
11783 1
11115 67
11840 6
11840 9
11546 131
11546 137
11077 3
11077 31
11077 77
11264 74
11264 97
11264 107
11598 18
11598 50
11647 2
11647 24
11814 19
11814 32
11672 22
11672 28
11672 60
11049 40
11854 24
11854 55
11263 1
11263 46
11867 9
11867 30
11867 39
11205 33
11606 20
11606 28
11606 30
11606 116
11606 130
11186 160
11186 169
11186 295
11755 60
11755 92
11755 153
11617 97
11617 176
11617 192
11637 3
11637 17
11637 24
11149 58
11149 103
11149 256
11149 290
11729 61
11729 80
11238 39
11271 47
11271 50
11234 2
11234 14
11234 25
11134 126
11520 13
11520 123
11520 177
11520 181
11745 9
11745 80
11745 92
11745 101
11745 16
11745 75
11820 69
11820 165
11820 178
11259 9
11259 48
11259 70
11259 73
11724 178
11724 263
11724 270
11724 275
11290 111
11290 206
11290 278
11791 56
11791 213
11791 214
11791 248
11791 289
11759 2
11759 20
11759 45
11759 60
11759 126
11759 256
11796 113
11796 118
11796 161
11776 112
11776 115
11776 72
11776 86
11776 149
11776 156
11554 5
11554 69
11554 71
11675 55
11712 51
11712 77
11712 123
11604 105
11604 124
11604 208
11604 238
11604 292
11604 303
11604 310
11524 144
11524 156
11524 157
11524 168
11524 178
11524 203
11775 111
11505 83
11631 22
11631 30
11631 67
11631 98
11631 240
11143 25
11075 25
11278 107
11802 86
11115 88
11577 30
11766 246
11591 65
11672 9
11637 130
11169 90
11494 188
11787 13
11504 3
11139 61
11072 105
11297 40
11119 140
11134 108
11728 67
11728 69
11728 142
11728 179
11728 209
11830 51
11830 56
11830 161
11830 170
11830 177
11830 237
11830 269
11830 287
11204 25
11854 57
11854 81
11134 12
11726 110
11726 246
11726 260
11726 296
11237 82
11133 73
11543 217
11821 25
11112 212
11217 18
11769 147
11715 102
11715 238
11759 213
11685 140
11685 153
11078 17
11646 1
11646 34
11738 120
11853 18
11577 10
11733 25
11774 13
11196 200
11727 73
11075 10
11867 25
11867 44
11064 0
11064 123
11149 240
11149 309
11553 94
11553 112
11553 124
11069 135
11091 88
11681 62
11075 73
11631 10
11531 102
11784 45
11784 58
11532 106
11532 120
11078 6
11149 1
11119 65
11119 94
11606 301
11189 1
11189 16
11553 152
11553 213
11075 37
11081 87
11184 14
11696 66
11696 77
11568 18
11292 16
11632 70
11844 90
11608 1
11608 65
11524 7
11524 25
11524 47
11524 86
11524 133
11524 234
11524 289
11120 21
11120 58
11214 23
11212 3
11503 17
11503 24
11234 68
11572 1
11509 22
11509 43
11068 24
11814 20
11673 46
11673 68
11291 153
11291 192
11139 49
11139 64
11242 28
11658 14
11083 69
11083 108
11583 8
11583 30
11239 98
11543 41
11543 57
11543 70
11278 118
11169 113
11819 74
11819 89
11761 168
11761 204
11761 249
11515 39
11515 42
11201 6
11813 0
11813 24
11813 27
11813 37
11073 13
11761 236
11753 4
11753 30
11761 1
11761 104
11755 108
11755 119
11617 160
11617 191
11617 195
11617 233
11118 278
11118 282
11133 92
11543 73
11543 80
11543 94
11619 199
11619 206
11619 223
11784 9
11784 49
11687 37
11687 46
11687 177
11553 10
11553 15
11265 0
11243 26
11172 31
11172 76
11172 88
11713 37
11713 65
11713 86
11687 53
11687 116
11847 2
11847 22
11681 5
11681 118
11681 119
11648 18
11648 42
11648 44
11821 47
11821 80
11821 120
11821 132
11198 124
11198 210
11198 218
11071 196
11071 246
11168 46
11168 125
11086 121
11086 153
11086 202
11521 132
11521 149
11521 153
11851 14
11851 30
11847 55
11847 99
11545 164
11545 169
11545 172
11845 32
11845 38
11845 96
11845 102
11845 147
11845 148
11845 183
11845 211
11173 98
11173 100
11508 65
11508 146
11508 214
11508 248
11263 31
11263 34
11263 41
11664 31
11664 59
11664 76
11664 120
11134 14
11134 54
11134 67
11278 145
11278 170
11578 9
11578 15
11578 60
11120 41
11120 154
11198 96
11198 125
11198 126
11198 150
11618 47
11618 96
11618 141
11618 156
11618 187
11237 65
11237 95
11237 97
11664 16
11664 30
11664 107
11664 132
11820 21
11820 91
11820 94
11820 140
11604 52
11604 59
11604 119
11604 144
11604 147
11727 101
11727 112
11727 175
11727 184
11213 31
11821 22
11821 48
11821 108
11821 151
11550 20
11550 30
11550 40
11297 49
11297 57
11297 82
11601 7
11601 20
11601 24
11601 32
11601 66
11601 87
11738 15
11738 38
11738 125
11738 172
11738 180
11738 193
11738 209
11820 250
11820 252
11820 294
11751 229
11751 264
11751 313
11867 14
11867 69
11867 98
11867 109
11715 72
11715 118
11715 126
11715 201
11715 220
11715 248
11726 69
11726 92
11726 158
11726 224
11726 288
11726 307
11294 22
11294 39
11294 47
11087 50
11818 8
11164 15
11758 58
11762 39
11285 24
11129 6
11844 312
11844 324
11150 52
11800 184
11866 187
11259 83
11693 41
11822 5
11822 15
11077 65
11691 123
11675 125
11176 4
11650 7
11072 98
11091 102
11494 156
11138 78
11505 8
11091 29
11091 90
11493 45
11631 247
11510 20
11059 14
11648 51
11648 138
11648 153
11648 165
11576 8
11678 235
11678 289
11678 321
11075 88
11120 43
11776 105
11742 44
11147 39
11742 15
11514 3
11727 249
11603 22
11202 27
11609 273
11173 121
11844 294
11551 41
11786 9
11786 318
11759 152
11715 83
11787 190
11867 62
11187 194
11529 223
11275 58
11146 252
11707 163
11849 30
11129 3
11520 267
11797 6
11763 60
11176 17
11538 24
11777 2
11830 241
11822 42
11686 25
11064 122
11064 136
11064 160
11242 24
11171 4
11723 153
11820 191
11820 238
11668 128
11678 336
11196 187
11657 69
11242 18
11169 228
11945 119
11721 76
11721 147
11721 163
11072 106
11716 52
11716 55
11716 88
11803 65
11617 10
11617 57
11759 128
11505 53
11073 56
11540 16
11115 46
11115 80
11554 8
11554 11
11554 45
11756 77
11756 149
11255 9
11648 31
11648 32
11648 67
11504 21
11504 73
11068 69
11753 0
11753 28
11854 27
11854 56
11854 99
11854 102
11557 83
11557 99
11253 65
11279 23
11120 26
11120 82
11120 140
11219 44
11172 10
11088 2
11088 62
11182 124
11182 145
11205 34
11680 33
11680 161
11229 21
11665 90
11665 139
11680 11
11680 31
11680 74
11680 133
11619 104
11619 115
11619 137
11619 195
11666 20
11666 35
11617 40
11617 47
11090 84
11090 91
11090 119
11139 65
11139 76
11550 150
11550 156
11550 236
11818 14
11818 21
11146 233
11146 330
11623 55
11623 89
11623 90
11712 25
11712 60
11653 27
11653 75
11804 49
11804 65
11804 96
11804 106
11804 135
11049 69
11740 8
11740 77
11740 140
11740 166
11682 60
11804 74
11804 152
11278 61
11278 67
11278 79
11687 125
11687 129
11687 201
11664 108
11240 17
11074 21
11074 49
11720 22
11720 143
11720 148
11720 208
11720 226
11064 139
11064 190
11229 16
11229 19
11146 130
11146 294
11146 312
11086 80
11086 103
11086 229
11065 49
11065 112
11065 126
11065 151
11290 104
11290 246
11290 273
11290 303
11290 317
11791 31
11791 66
11791 103
11791 279
11749 61
11749 84
11749 89
11617 112
11617 187
11617 190
11617 239
11070 134
11070 181
11070 216
11529 46
11529 80
11529 97
11529 107
11783 19
11783 32
11783 54
11696 82
11696 83
11696 93
11696 104
11677 75
11677 93
11677 112
11677 133
11677 160
11677 169
11677 170
11781 42
11781 57
11545 243
11545 251
11545 262
11545 263
11545 291
11279 12
11279 20
11575 9
11575 27
11575 34
11630 64
11630 65
11630 173
11240 27
11240 44
11751 15
11751 66
11751 88
11751 94
11065 27
11626 39
11626 47
11168 32
11168 73
11168 136
11574 39
11574 100
11574 104
11631 14
11631 73
11631 162
11631 202
11631 229
11631 233
11239 28
11239 100
11074 11
11775 6
11493 46
11727 338
11714 16
11528 31
11761 109
11713 6
11684 8
11684 67
11821 140
11819 68
11758 5
11157 1
11116 139
11286 52
11565 304
11514 13
11543 40
11120 53
11577 21
11742 204
11201 10
11675 52
11672 54
11598 17
11598 46
11550 56
11072 70
11072 85
11565 314
11833 129
11684 18
11776 40
11776 31
11851 16
11851 31
11851 55
11290 191
11290 277
11186 32
11050 16
11842 37
11196 212
11196 44
11269 2
11608 149
11212 31
11623 74
11623 118
11120 106
11120 130
11186 230
11186 299
11508 288
11677 62
11508 307
11730 15
11727 190
11535 45
11119 158
11119 198
11609 221
11249 23
11550 6
11550 26
11088 28
11168 106
11168 134
11075 86
11137 14
11091 159
11660 29
11067 26
11570 80
11774 16
11774 45
11540 12
11540 34
11515 15
11515 19
11182 29
11182 151
11543 110
11543 149
11502 5
11253 63
11910 13
11742 169
11742 201
11742 266
11531 21
11609 216
11069 121
11069 2
11069 69
11679 26
11679 103
11139 53
11621 20
11710 59
11769 125
11769 144
11278 42
11278 183
11528 11
11528 54
11066 40
11066 171
11066 190
11066 199
11751 237
11751 247
11751 319
11582 2
11582 8
11582 26
11809 5
11809 6
11726 0
11726 29
11787 9
11135 16
11135 18
11726 265
11728 218
11682 79
11682 81
11682 107
11554 9
11554 18
11554 70
11554 72
11675 118
11675 148
11675 186
11253 9
11253 32
11680 35
11680 68
11680 128
11618 118
11293 1
11133 112
11194 20
11115 68
11086 41
11086 188
11715 37
11291 229
11291 298
11713 5
11713 51
11291 157
11291 160
11291 187
11848 16
11848 24
11848 124
11848 143
11848 163
11848 209
11848 211
11848 320
11606 313
11249 49
11848 5
11813 202
11813 209
11215 58
11253 53
11069 41
11069 112
11291 41
11291 73
11609 203
11609 252
11609 299
11609 320
11707 91
11707 157
11707 167
11290 165
11290 181
11290 194
11290 309
11800 25
11800 102
11800 111
11800 144
11800 154
11187 82
11187 94
11187 99
11187 191
11187 232
11832 38
11832 87
11832 98
11832 172
11832 178
11565 31
11565 131
11565 238
11565 248
11751 300
11751 304
11751 316
11751 331
11494 105
11494 132
11494 161
11519 276
11519 289
11519 299
11819 47
11819 73
11836 6
11836 14
11836 23
11564 15
11564 59
11564 117
11146 70
11146 87
11146 228
11146 261
11198 111
11198 177
11198 228
11270 45
11270 82
11737 7
11737 96
11737 105
11737 145
11609 249
11609 286
11609 317
11605 33
11605 73
11605 74
11605 204
11605 246
11751 83
11751 133
11751 137
11203 65
11203 82
11203 92
11203 99
11713 190
11713 193
11713 202
11554 2
11554 27
11554 81
11554 109
11249 17
11249 48
11813 147
11813 164
11813 172
11813 201
11844 7
11844 91
11844 105
11844 172
11844 215
11844 235
11710 27
11710 38
11710 43
11710 70
11710 87
11606 60
11606 75
11606 77
11606 89
11606 123
11606 129
11829 4
11829 14
11829 16
11829 36
11829 54
11740 257
11740 285
11740 301
11740 304
11740 308
11521 101
11521 125
11521 136
11239 0
11239 21
11815 7
11815 29
11815 166
11815 169
11751 106
11751 121
11751 129
11751 156
11845 36
11845 69
11845 85
11845 103
11845 109
11845 130
11844 0
11844 34
11844 41
11844 211
11844 243
11751 4
11751 60
11751 105
11751 118
11751 153
11508 84
11508 116
11508 121
11508 159
11508 171
11508 177
11508 234
11508 265
11727 42
11727 62
11727 63
11727 65
11727 117
11727 126
11727 137
11727 154
11724 97
11724 128
11724 177
11724 265
11724 292
11724 314
11724 325
11724 329
11294 15
11134 37
11134 84
11229 30
11565 3
11131 10
11632 86
11715 17
11715 53
11630 72
11630 128
11819 5
11819 108
11646 44
11818 3
11049 48
11118 275
11162 47
11630 38
11630 41
11672 73
11168 79
11168 90
11168 98
11168 137
11506 8
11506 103
11150 121
11738 167
11145 25
11119 54
11609 217
11682 13
11682 39
11275 83
11171 67
11776 124
11776 148
11609 281
11071 7
11619 131
11619 217
11187 151
11187 249
11187 271
11833 10
11833 50
11833 59
11833 68
11847 97
11677 58
11296 14
11050 8
11193 16
11291 221
11291 300
11741 51
11739 3
11240 41
11665 24
11665 160
11187 296
11761 21
11761 40
11761 45
11761 62
11198 106
11198 271
11198 294
11198 304
11149 191
11149 226
11149 229
11171 56
11171 74
11171 93
11087 4
11087 98
11726 90
11726 125
11726 135
11726 206
11726 261
11726 317
11075 77
11278 232
11786 10
11786 102
11786 188
11786 317
11115 8
11115 81
11115 105
11845 51
11845 93
11845 95
11846 133
11846 142
11846 153
11846 167
11565 48
11565 132
11565 215
11565 231
11270 35
11270 64
11090 24
11090 61
11090 189
11233 126
11213 42
11213 76
11112 231
11630 139
11131 6
11501 55
11866 168
11696 68
11696 89
11787 5
11787 30
11679 42
11186 107
11186 292
11186 302
11715 99
11715 136
11715 210
11754 61
11754 94
11576 3
11198 225
11127 28
11073 62
11073 87
11696 84
11495 53
11138 31
11083 15
11537 307
11646 69
11196 189
11168 131
11836 52
11836 89
11680 36
11680 65
11680 92
11680 95
11233 21
11652 81
11134 113
11275 54
11281 13
11672 51
11173 53
11780 27
11780 28
11761 167
11293 15
11071 187
11755 56
11755 137
11762 104
11762 145
11762 167
11762 209
11762 300
11815 85
11815 90
11815 172
11815 206
11815 337
11784 12
11587 17
11065 87
11065 101
11068 10
11632 44
11281 8
11115 54
11613 19
11613 65
11090 58
11537 316
11215 1
11559 119
11263 0
11197 81
11196 204
11636 46
11783 29
11780 91
11780 113
11780 192
11640 37
11146 88
11146 102
11146 8
11146 58
11164 22
11164 30
11296 3
11296 18
11749 59
11073 61
11073 85
11780 99
11780 100
11782 184
11782 189
11077 100
11830 295
11564 86
11617 115
11820 297
11833 337
11243 55
11243 56
11854 2
11854 97
11575 5
11575 26
11512 84
11512 113
11851 71
11233 155
11069 7
11242 25
11745 2
11745 11
11745 32
11745 164
11628 16
11628 53
11628 246
11628 320
11802 24
11802 35
11802 78
11802 116
11668 34
11668 53
11668 91
11668 92
11814 17
11814 18
11608 24
11608 118
11608 132
11680 28
11680 72
11680 154
11639 12
11540 17
11540 58
11802 58
11802 126
11802 173
11678 6
11678 29
11678 35
11678 143
11678 154
11637 97
11637 127
11637 140
11637 185
11186 150
11186 275
11186 323
11537 57
11537 230
11537 257
11537 269
11802 25
11802 143
11493 19
11786 333
11682 2
11682 30
11682 53
11064 93
11599 46
11769 11
11532 127
11692 20
11762 12
11762 86
11762 101
11762 171
11762 199
11762 204
11762 318
11543 222
11088 20
11644 57
11644 73
11644 125
11644 153
11068 7
11068 37
11068 48
11068 59
11068 63
11709 42
11709 113
11709 117
11067 3
11067 47
11632 66
11196 87
11196 150
11196 180
11532 0
11532 18
11532 23
11532 45
11278 80
11278 139
11278 211
11559 118
11756 10
11756 16
11756 152
11756 191
11756 195
11756 215
11756 272
11139 56
11294 19
11297 84
11841 34
11198 162
11687 146
11145 27
11675 5
11744 19
11518 79
11518 107
11518 126
11169 11
11677 153
11578 19
11578 35
11578 87
11553 149
11553 160
11553 198
11866 186
11133 105
11133 166
11492 118
11083 22
11083 85
11083 177
11083 209
11639 10
11639 50
11639 64
11639 77
11639 82
11264 46
11715 67
11715 74
11715 149
11715 182
11715 222
11715 224
11150 4
11086 110
11793 291
11239 41
11239 101
11218 5
11169 110
11169 126
11169 169
11570 40
11075 8
11075 27
11274 0
11274 32
11274 56
11134 128
11120 40
11072 63
11083 100
11791 46
11791 61
11791 70
11791 220
11791 234
11168 53
11168 87
11713 182
11713 189
11509 45
11509 73
11509 135
11509 162
11799 1
11726 23
11726 38
11726 56
11116 147
11797 1
11213 36
11088 68
11201 52
11201 56
11809 21
11716 70
11716 84
11780 117
11780 134
11780 137
11780 160
11742 124
11742 130
11742 165
11742 205
11742 222
11742 286
11738 100
11738 141
11738 182
11738 184
11738 246
11065 1
11742 25
11742 37
11545 234
11545 272
11811 17
11811 38
11811 45
11811 212
11557 16
11557 114
11579 11
11579 22
11194 45
11653 66
11700 4
11700 12
11112 213
11112 216
11286 7
11286 69
11816 38
11816 91
11816 154
11138 26
11138 47
11138 56
11150 8
11150 91
11213 61
11554 95
11554 111
11554 117
11619 127
11619 146
11619 204
11503 5
11503 18
11186 43
11186 62
11186 78
11186 82
11279 1
11291 78
11537 165
11296 12
11296 15
11668 19
11260 19
11779 19
11779 30
11779 139
11779 163
11779 220
11565 57
11565 120
11565 180
11581 50
11581 95
11275 33
11678 25
11678 165
11678 172
11822 10
11822 36
11187 54
11187 91
11187 125
11187 128
11211 5
11637 40
11637 82
11762 2
11762 64
11762 114
11762 129
11762 290
11196 5
11196 65
11196 106
11196 159
11083 62
11169 116
11118 269
11822 43
11678 220
11678 260
11678 284
11603 31
11520 29
11194 48
11194 68
11619 70
11804 146
11804 167
11804 313
11527 98
11527 110
11286 43
11678 181
11678 203
11682 1
11682 21
11682 103
11141 8
11141 14
11628 319
11196 115
11083 24
11673 40
11606 250
11685 308
11759 64
11779 278
11793 64
11793 299
11219 39
11219 76
11259 47
11260 20
11198 31
11198 55
11198 175
11198 188
11599 7
11599 36
11728 176
11728 317
11726 36
11726 51
11726 52
11726 68
11726 70
11726 78
11582 28
11582 36
11075 20
11713 83
11800 60
11800 108
11800 158
11761 127
11582 29
11135 61
11135 122
11606 156
11606 173
11520 16
11141 13
11520 5
11520 67
11520 87
11520 92
11520 96
11520 102
11088 17
11088 61
11088 72
11766 42
11766 89
11766 126
11766 133
11766 170
11766 323
11845 57
11845 94
11845 124
11845 175
11845 201
11537 5
11537 37
11537 90
11537 145
11537 161
11537 206
11761 17
11761 32
11564 6
11564 12
11564 28
11564 81
11564 103
11171 2
11171 40
11171 62
11278 88
11278 248
11149 67
11149 68
11149 218
11149 326
11605 125
11605 137
11605 160
11605 210
11605 224
11605 231
11196 50
11196 74
11196 120
11565 10
11565 142
11565 175
11565 186
11565 210
11565 220
11239 95
11239 113
11282 48
11776 39
11776 81
11776 110
11733 0
11733 16
11278 60
11278 117
11278 138
11508 47
11508 63
11508 185
11508 211
11508 220
11508 270
11815 8
11687 22
11687 48
11687 121
11687 154
11687 168
11687 184
11687 191
11848 41
11848 77
11848 130
11766 111
11766 150
11766 215
11766 306
11766 309
11700 48
11535 0
11535 47
11535 53
11535 62
11713 9
11713 16
11531 15
11531 20
11531 37
11531 60
11531 121
11531 152
11519 56
11519 78
11519 102
11519 164
11519 167
11519 187
11519 206
11519 222
11644 111
11644 174
11644 196
11644 202
11644 203
11644 215
11644 217
11779 32
11779 93
11779 153
11779 167
11779 179
11779 233
11779 243
11138 28
11074 13
11847 90
11847 100
11854 9
11138 55
11599 66
11510 44
11510 46
11088 48
11145 2
11550 48
11171 21
11507 67
11507 71
11189 20
11228 0
11186 36
11067 64
11685 242
11085 3
11085 18
11801 12
11801 27
11239 84
11680 112
11680 131
11072 29
11780 74
11781 14
11545 250
11255 19
11255 27
11535 8
11535 50
11797 2
11675 105
11644 199
11119 112
11119 176
11828 28
11636 31
11636 56
11244 24
11678 45
11678 115
11578 58
11578 78
11219 23
11219 67
11269 0
11795 11
11253 15
11253 118
11072 19
11519 13
11519 128
11598 9
11598 43
11715 114
11715 121
11715 130
11715 178
11715 252
11196 36
11196 95
11196 100
11196 118
11278 332
11492 58
11755 17
11755 125
11755 139
11755 143
11755 154
11162 9
11162 66
11162 77
11162 81
11601 13
11601 140
11601 142
11700 43
11256 12
11665 92
11658 8
11292 11
11695 0
11505 85
11505 139
11515 36
11143 20
11802 236
11742 207
11742 256
11591 151
11232 12
11535 96
11644 76
11728 302
11762 194
11076 8
11076 35
11784 22
11539 28
11539 50
11539 58
11494 1
11494 36
11494 60
11494 74
11494 181
11494 284
11626 103
11774 62
11653 46
11230 19
11064 15
11514 8
11514 36
11219 31
11574 15
11844 334
11149 28
11658 17
11796 3
11796 18
11796 105
11796 145
11796 163
11202 32
11088 52
11201 55
11666 63
11710 47
11710 54
11205 26
11545 1
11545 5
11545 78
11545 103
11545 129
11756 28
11756 36
11756 61
11756 72
11756 109
11756 228
11756 259
11756 280
11769 145
11755 80
11755 93
11664 7
11601 220
11601 247
11574 82
11214 28
11074 2
11550 155
11550 290
11819 37
11076 3
11636 5
11506 29
11506 72
11657 49
11657 67
11202 33
11243 34
11177 10
11087 53
11678 63
11678 132
11520 112
11520 136
11520 230
11619 176
11644 61
11091 30
11070 41
11070 118
11070 130
11173 51
11173 72
11546 3
11546 30
11546 84
11215 44
11215 61
11758 9
11758 39
11758 40
11758 49
11519 12
11519 77
11519 79
11519 124
11519 131
11519 243
11238 5
11296 51
11678 125
11678 188
11678 201
11227 17
11668 67
11668 83
11198 16
11198 201
11632 18
11656 0
11846 124
11846 166
11087 119
11087 134
11646 22
11646 31
11646 73
11139 2
11139 62
11715 40
11715 108
11715 169
11715 199
11715 215
11715 249
11194 61
11119 63
11119 97
11119 212
11761 58
11761 93
11761 94
11761 98
11278 155
11278 261
11278 276
11278 288
11187 19
11187 24
11187 126
11187 153
11187 156
11240 53
11071 93
11071 190
11071 211
11068 34
11779 55
11119 143
11606 2
11116 138
11543 233
11543 265
11726 16
11796 47
11796 56
11234 41
11234 61
11086 163
11086 165
11086 193
11086 261
11578 66
11578 81
11578 89
11609 0
11609 57
11609 124
11609 182
11854 44
11854 46
11854 47
11854 100
11237 36
11237 79
11601 49
11601 94
11601 129
11601 150
11601 151
11601 174
11601 185
11275 64
11724 67
11724 82
11724 136
11724 152
11724 231
11724 256
11724 257
11759 18
11759 42
11759 102
11759 196
11759 200
11644 126
11709 13
11574 23
11574 51
11574 102
11574 195
11691 77
11691 95
11751 176
11644 26
11644 35
11644 112
11644 173
11609 36
11550 121
11550 244
11550 289
11182 13
11182 38
11182 80
11754 27
11754 93
11684 41
11684 77
11691 11
11691 27
11776 41
11776 128
11776 136
11776 176
11776 177
11698 18
11698 32
11698 84
11698 92
11698 94
11545 22
11545 62
11545 63
11545 134
11545 149
11193 8
11283 42
11765 233
11603 5
11505 96
11946 9
11685 135
11537 282
11494 138
11494 234
11494 258
11539 30
11589 186
11503 11
11088 58
11194 40
11665 35
11665 116
11665 155
11709 54
11709 59
11845 142
11845 196
11802 59
11802 91
11802 101
11802 112
11796 57
11796 91
11796 160
11796 176
11796 179
11154 8
11067 73
11579 14
11818 15
11589 208
11758 53
11791 67
11791 134
11791 146
11791 160
11791 163
11791 283
11782 2
11782 199
11660 0
11527 3
11527 4
11527 138
11658 4
11294 61
11677 23
11677 77
11677 90
11677 115
11677 142
11197 28
11255 23
11691 15
11691 26
11494 256
11492 83
11492 115
11778 51
11778 70
11778 73
11754 20
11685 263
11628 33
11628 47
11628 214
11761 72
11778 39
11867 18
11867 20
11761 31
11761 84
11761 133
11583 56
11727 199
11202 41
11508 298
11278 112
11278 217
11278 244
11543 125
11543 146
11605 43
11605 89
11494 254
11494 275
11766 50
11766 73
11766 101
11766 183
11766 205
11766 223
11766 330
11630 129
11120 38
11120 120
11742 161
11742 234
11742 289
11198 251
11198 266
11775 1
11775 52
11775 92
11775 101
11775 113
11128 4
11128 52
11758 23
11532 95
11532 131
11524 31
11776 111
11776 131
11260 47
11134 43
11765 107
11765 126
11765 137
11765 243
11672 8
11233 44
11233 122
11233 129
11135 5
11685 12
11685 24
11685 68
11685 99
11847 76
11605 26
11526 19
11857 3
11196 193
11194 56
11795 3
11188 2
11281 18
11135 27
11515 26
11149 297
11784 51
11249 1
11249 38
11132 23
11198 91
11198 172
11833 70
11833 123
11504 7
11504 20
11504 38
11816 8
11599 31
11599 52
11833 1
11833 29
11833 61
11833 78
11833 110
11830 61
11830 114
11830 148
11830 270
11830 282
11830 284
11762 140
11762 189
11762 241
11762 276
11762 325
11847 12
11077 14
11575 15
11504 52
11233 30
11233 70
11625 0
11625 15
11625 50
11679 56
11070 183
11211 34
11087 73
11802 123
11802 148
11802 176
11678 189
11083 17
11083 97
11083 145
11677 12
11119 137
11119 207
11765 110
11765 123
11765 196
11294 18
11294 64
11622 12
11278 206
11149 72
11149 166
11149 313
11628 42
11628 48
11628 91
11628 142
11628 178
11628 250
11256 8
11601 239
11601 268
11601 315
11242 27
11242 30
11075 79
11075 87
11800 74
11800 126
11559 87
11559 92
11619 6
11707 98
11707 122
11134 25
11134 63
11521 127
11848 35
11848 95
11848 118
11848 157
11848 330
11610 9
11785 12
11146 59
11146 67
11146 92
11146 134
11146 161
11146 307
11621 8
11621 25
11729 12
11729 18
11729 42
11721 10
11721 32
11721 92
11721 148
11186 5
11761 38
11738 0
11738 34
11738 107
11738 127
11738 170
11217 31
11243 72
11709 55
11146 118
11146 170
11146 201
11146 244
11783 27
11813 28
11813 85
11813 163
11813 171
11813 194
11561 53
11833 28
11622 2
11520 2
11520 22
11520 48
11520 125
11520 245
11520 265
11751 31
11751 122
11751 147
11751 159
11751 167
11946 1
11741 13
11741 76
11741 88
11071 119
11071 147
11071 213
11744 4
11282 10
11813 32
11813 52
11813 64
11813 103
11813 156
11233 55
11233 197
11275 3
11275 12
11275 35
11550 104
11550 133
11550 147
11550 291
11081 122
11677 1
11677 15
11677 44
11677 57
11677 125
11119 73
11119 77
11119 123
11119 199
11727 202
11727 207
11166 6
11166 56
11166 102
11543 131
11086 95
11617 196
11264 34
11822 40
11574 103
11832 22
11832 58
11832 139
11832 144
11832 154
11832 174
11832 175
11630 105
11630 140
11630 154
11589 11
11589 92
11589 93
11589 96
11589 116
11253 25
11253 57
11845 5
11845 22
11845 184
11687 149
11733 3
11733 4
11606 213
11738 30
11738 84
11738 85
11738 98
11738 164
11285 10
11535 20
11535 101
11535 106
11783 20
11844 16
11066 154
11066 162
11745 18
11745 31
11745 33
11745 50
11182 35
11182 76
11068 80
11606 197
11745 160
11081 73
11081 162
11832 66
11832 183
11832 185
11149 36
11629 3
11629 14
11184 40
11083 124
11083 194
11083 223
11192 10
11192 29
11811 26
11811 192
11811 203
11769 70
11769 71
11524 41
11524 135
11524 206
11524 208
11821 57
11821 87
11830 55
11830 169
11830 193
11830 258
11520 209
11603 4
11603 18
11603 30
11845 137
11845 178
11845 182
11845 202
11574 72
11574 75
11574 113
11574 162
11091 150
11091 157
11137 11
11150 151
11197 16
11197 21
11520 4
11520 33
11520 66
11520 118
11520 188
11520 275
11830 33
11830 76
11830 117
11830 162
11830 239
11186 73
11796 27
11796 69
11796 93
11546 2
11546 69
11546 113
11546 150
11135 34
11657 33
11657 56
11658 25
11090 145
11619 7
11619 12
11065 177
11494 18
11495 18
11144 21
11784 17
11518 2
11778 54
11778 64
11778 72
11675 182
11142 14
11076 29
11201 7
11545 73
11545 93
11545 109
11545 117
11545 162
11579 19
11059 38
11059 61
11115 3
11570 90
11507 7
11831 39
11617 2
11828 12
11568 40
11758 15
11758 36
11783 33
11756 59
11756 68
11756 71
11293 5
11617 20
11540 89
11751 20
11779 291
11162 34
11603 15
11762 149
11762 191
11762 196
11762 236
11762 287
11593 45
11842 24
11196 86
11259 27
11532 132
11852 32
11852 36
11852 97
11069 72
11119 40
11119 99
11510 6
11510 21
11847 115
11719 9
11751 227
11751 231
11745 28
11745 79
11745 105
11134 75
11134 94
11134 109
11709 35
11709 122
11779 155
11698 100
11519 309
11673 54
11745 59
11745 88
11719 14
11719 26
11719 64
11205 39
11116 167
11116 169
11247 4
11833 43
11833 72
11833 73
11833 101
11177 27
11584 25
11520 10
11520 24
11520 146
11520 173
11520 259
11520 261
11619 163
11631 223
11867 22
11867 23
11867 56
11219 9
11557 68
11632 13
11501 43
11501 56
11085 1
11069 107
11632 14
11632 36
11553 141
11553 218
11716 26
11716 58
11716 91
11291 304
11619 101
11619 117
11619 120
11605 72
11605 184
11605 205
11605 207
11291 174
11291 188
11691 126
11691 159
11691 167
11208 26
11648 3
11648 39
11648 147
11755 147
11494 42
11758 13
11059 60
11166 58
11698 5
11698 83
11553 56
11553 81
11187 63
11187 146
11680 39
11680 96
11680 120
11535 28
11535 109
11528 12
11528 37
11528 60
11740 277
11740 283
11279 37
11279 84
11656 51
11800 13
11675 106
11675 110
11675 122
11617 98
11617 156
11617 201
11617 242
11787 4
11787 8
11787 52
11787 57
11691 106
11691 127
11691 157
11691 164
11239 22
11836 85
11836 114
11784 15
11784 26
11784 42
11784 67
11681 21
11681 120
11071 45
11071 82
11071 215
11071 260
11169 13
11630 168
11559 111
11537 279
11537 299
11169 1
11198 288
11797 7
11529 183
11529 207
11529 233
11529 242
11529 286
11724 84
11724 167
11724 243
11724 260
11724 323
11754 26
11754 47
11754 101
11632 63
11623 40
11623 48
11623 110
11619 114
11619 122
11619 182
11619 212
11803 1
11803 46
11803 49
11803 123
11233 170
11233 192
11233 205
11644 8
11644 48
11644 165
11186 147
11186 152
11186 300
11186 338
11575 45
11575 62
11120 10
11120 73
11120 111
11120 116
11186 16
11186 30
11186 56
11742 150
11742 155
11742 157
11742 191
11742 285
11726 111
11726 126
11726 180
11726 185
11726 205
11726 207
11726 276
11726 287
11726 303
11804 118
11804 166
11804 204
11169 172
11169 197
11637 28
11637 117
11637 158
11637 168
11765 97
11765 99
11765 174
11765 220
11239 56
11557 26
11557 29
11557 51
11557 115
11069 4
11069 22
11069 75
11069 83
11120 27
11120 93
11120 131
11072 14
11072 57
11072 102
11608 63
11069 85
11069 134
11069 138
11679 23
11679 37
11679 66
11679 71
11618 19
11618 48
11618 108
11618 163
11842 184
11730 19
11201 38
11738 159
11675 14
11759 55
11173 32
11751 42
11091 3
11091 79
11644 247
11866 182
11173 117
11285 34
11507 119
11795 9
11073 67
11228 2
11507 38
11507 44
11507 45
11507 70
11535 6
11830 324
11709 14
11233 120
11173 19
11278 251
11744 23
11543 95
11851 46
11507 127
11727 259
11087 117
11198 157
11172 30
11685 193
11685 304
11842 169
11166 66
11214 5
11572 3
11572 6
11639 41
11553 135
11553 136
11297 51
11203 25
11818 5
11283 55
11506 50
11506 95
11763 42
11753 34
11639 39
11128 25
11723 93
11591 166
11675 153
11494 163
11674 49
11239 108
11278 329
11073 6
11073 8
11601 108
11601 113
11601 131
11508 194
11508 276
11678 49
11135 109
11135 120
11091 6
11495 38
11085 11
11802 239
11632 1
11632 4
11133 40
11605 5
11829 82
11829 129
11675 8
11854 17
11854 42
11603 21
11169 84
11947 39
11532 53
11840 1
11840 13
11682 0
11682 15
11211 18
11867 54
11761 173
11761 213
11674 23
11847 53
11847 104
11816 115
11774 4
11774 30
11570 41
11278 86
11278 189
11171 51
11665 156
11623 112
11623 115
11623 117
11630 4
11630 18
11609 3
11609 132
11201 40
11230 9
11274 97
11751 5
11751 26
11751 136
11664 50
11664 56
11664 106
11830 42
11215 77
11656 9
11656 13
11656 17
11529 225
11529 316
11728 48
11728 329
11816 69
11816 143
11816 164
11816 188
11721 12
11721 55
11761 88
11761 199
11291 162
11166 16
11166 91
11784 75
11630 63
11630 110
11197 37
11197 75
11259 28
11761 64
11761 83
11761 129
11744 6
11744 9
11744 14
11679 80
11679 148
11756 167
11756 293
11715 52
11715 70
11715 183
11647 1
11647 6
11765 101
11765 140
11765 163
11214 3
11742 23
11742 71
11713 10
11713 58
11713 59
11077 29
11182 7
11187 270
11187 299
11187 335
11196 19
11196 23
11196 52
11196 83
11777 10
11777 15
11816 2
11816 15
11666 5
11666 47
11666 82
11780 12
11780 15
11780 34
11619 116
11619 167
11619 187
11774 57
11294 24
11814 37
11608 37
11608 69
11608 87
11608 126
11086 72
11086 147
11086 259
11830 18
11239 51
11786 140
11786 186
11820 29
11820 87
11820 95
11820 125
11187 269
11187 313
11173 35
11173 37
11173 124
11630 94
11630 101
11630 117
11630 149
11553 6
11553 34
11553 48
11584 161
11712 34
11712 96
11709 84
11709 91
11709 139
11583 27
11242 26
11242 37
11811 105
11811 175
11828 31
11157 4
11846 76
11532 61
11667 17
11066 85
11066 90
11066 101
11066 169
11066 233
11066 241
11186 28
11284 9
11278 93
11591 34
11591 53
11591 100
11618 77
11213 74
11780 77
11086 15
11787 105
11544 52
11544 59
11228 1
11538 4
11782 39
11782 46
11608 5
11608 9
11608 73
11244 43
11539 61
11727 264
11727 286
11727 327
11727 332
11664 15
11664 57
11664 118
11187 230
11286 79
11601 47
11601 104
11846 33
11846 128
11846 179
11664 19
11664 52
11187 39
11187 47
11187 109
11187 168
11187 169
11174 9
11198 63
11198 174
11196 47
11147 35
11049 77
11782 155
11714 26
11601 234
11601 289
11601 292
11601 309
11162 2
11162 23
11564 5
11564 11
11564 43
11564 70
11553 60
11297 7
11619 98
11619 153
11619 203
11619 208
11599 6
11599 26
11599 53
11271 13
11271 31
11202 8
11604 318
11761 34
11507 130
11603 37
11204 3
11726 336
11678 99
11675 109
11675 113
11675 158
11146 19
11146 64
11146 105
11146 128
11065 173
11202 15
11247 10
11162 82
11215 0
11297 88
11624 2
11081 97
11090 22
11090 32
11190 1
11665 122
11584 112
11584 157
11630 71
11630 82
11630 95
11630 97
11630 172
11636 18
11636 20
11841 53
11841 77
11947 79
11133 33
11133 122
11771 0
11078 18
11537 301
11132 20
11213 55
11213 73
11742 48
11742 87
11087 1
11087 106
11243 17
11230 3
11691 102
11071 86
11071 221
11187 142
11187 272
11758 69
11501 60
11146 219
11737 108
11737 169
11815 81
11668 38
11668 84
11668 113
11173 7
11173 60
11173 125
11666 28
11833 187
11833 237
11833 239
11833 242
11833 306
11518 17
11518 93
11830 67
11830 100
11830 168
11830 215
11112 209
11112 214
11290 58
11290 153
11290 336
11783 8
11783 21
11074 63
11065 6
11065 98
11224 7
11745 121
11745 156
11745 169
11172 68
11172 87
11504 47
11164 1
11087 81
11087 83
11087 107
11493 1
11493 4
11776 54
11776 82
11776 142
11776 175
11198 22
11198 212
11198 250
11083 10
11083 30
11083 52
11083 169
11083 178
11728 205
11728 309
11648 34
11648 161
11648 163
11290 122
11290 141
11290 276
11290 299
11524 132
11524 152
11524 199
11524 220
11524 255
11524 265
11081 80
11653 58
11653 79
11653 86
11653 88
11780 4
11780 45
11726 107
11726 164
11726 181
11726 290
11726 313
11726 325
11603 0
11603 35
11781 19
11762 111
11762 159
11762 166
11762 168
11762 273
11762 330
11685 187
11685 235
11685 322
11754 21
11754 79
11623 10
11623 11
11173 81
11173 128
11769 1
11769 2
11527 89
11527 131
11169 115
11844 62
11844 98
11844 238
11626 54
11626 65
11626 86
11765 87
11765 104
11765 148
11765 152
11765 182
11765 193
11765 225
11071 56
11071 61
11071 228
11775 12
11775 51
11775 62
11133 24
11133 56
11133 66
11133 86
11133 175
11133 176
11239 105
11847 1
11847 26
11847 48
11787 194
11630 92
11630 184
11712 0
11712 12
11712 27
11712 79
11712 102
11149 100
11149 108
11149 175
11149 262
11149 307
11149 333
11740 163
11740 171
11740 179
11740 186
11740 191
11740 195
11198 128
11198 202
11198 224
11198 231
11680 42
11680 57
11680 66
11680 142
11813 16
11813 76
11813 96
11072 3
11072 71
11604 61
11604 82
11604 121
11604 220
11604 222
11604 253
11604 256
11604 263
11238 26
11816 64
11816 73
11816 76
11816 163
11605 129
11605 149
11605 161
11605 234
11605 240
11685 162
11685 165
11685 288
11685 303
11550 96
11550 130
11550 205
11550 277
11609 67
11609 94
11609 117
11609 143
11609 153
11609 157
11609 178
11740 15
11740 20
11740 34
11740 126
11740 138
11852 41
11852 53
11852 98
11723 16
11723 17
11723 30
11723 34
11723 67
11723 115
11723 142
11723 159
11723 309
11520 69
11520 77
11520 85
11520 115
11520 200
11520 234
11520 239
11520 44
11520 78
11520 206
11520 217
11520 266
11723 130
11723 186
11723 215
11723 260
11723 284
11723 289
11723 294
11723 305
11604 48
11604 49
11604 69
11604 75
11604 202
11604 270
11506 3
11506 79
11675 21
11675 66
11693 94
11197 94
11492 37
11795 13
11169 65
11171 46
11215 43
11173 122
11753 9
11753 21
11727 278
11673 64
11587 8
11070 61
11070 160
11571 3
11184 73
11504 24
11179 9
11591 154
11279 96
11279 116
11506 43
11506 62
11506 85
11550 43
11139 34
11550 31
11176 10
11271 76
11802 220
11275 45
11281 7
11691 87
11568 24
11833 63
11762 115
11508 135
11664 39
11682 86
11537 306
11668 66
11584 77
11673 25
11780 70
11139 20
11565 317
11851 23
11629 40
11568 19
11780 172
11172 47
11087 163
11786 331
11781 39
11112 174
11653 24
11653 45
11495 15
11665 0
11551 42
11551 110
11854 35
11591 12
11857 6
11727 23
11727 29
11727 53
11727 93
11145 13
11145 24
11598 1
11659 4
11119 204
11059 71
11727 7
11727 148
11727 155
11727 164
11598 48
11710 20
11127 10
11618 85
11240 38
11134 31
11090 73
11202 40
11795 4
11744 2
11139 25
11139 57
11072 47
11091 93
11182 117
11692 6
11692 7
11066 33
11066 86
11066 238
11564 66
11520 227
11208 20
11219 22
11219 81
11134 102
11197 1
11206 44
11626 31
11583 14
11285 52
11285 68
11561 26
11561 62
11120 76
11120 150
11605 84
11605 182
11605 281
11064 24
11064 38
11150 19
11150 122
11150 124
11072 7
11072 90
11802 212
11149 89
11149 220
11545 199
11545 231
11059 9
11782 159
11742 55
11742 69
11742 98
11742 104
11742 108
11550 72
11550 73
11294 33
11652 86
11652 100
11787 89
11800 38
11800 46
11800 71
11800 168
11719 53
11068 33
11068 50
11762 135
11762 269
11554 42
11554 96
11081 101
11554 116
11554 118
11169 141
11169 142
11169 229
11139 52
11139 54
11139 60
11282 5
11259 5
11591 10
11591 127
11591 141
11606 48
11606 83
11606 131
11606 174
11519 269
11709 64
11709 88
11709 106
11709 130
11666 40
11666 65
11831 3
11831 78
11228 4
11228 6
11228 20
11854 66
11539 14
11539 47
11816 31
11816 62
11816 150
11609 34
11609 49
11609 109
11609 156
11728 341
11714 0
11714 2
11186 132
11186 221
11769 41
11769 58
11769 80
11769 32
11910 5
11505 32
11505 37
11551 20
11551 21
11197 27
11197 35
11197 68
11197 109
11197 113
11685 159
11685 326
11636 7
11636 26
11636 47
11173 36
11173 47
11173 50
11173 91
11238 46
11281 17
11723 120
11723 126
11723 132
11723 223
11723 230
11723 313
11832 70
11832 86
11832 191
11737 66
11737 116
11737 126
11737 158
11737 189
11737 201
11727 14
11727 25
11727 166
11609 208
11609 227
11609 246
11609 269
11721 22
11721 102
11721 122
11721 133
11832 35
11832 71
11832 91
11832 148
11832 163
11832 180
11780 195
11780 197
11780 209
11168 31
11168 132
11070 56
11070 138
11070 175
11785 10
11755 24
11755 46
11755 120
11535 3
11535 66
11535 69
11535 84
11290 142
11290 265
11290 271
11290 291
11745 38
11745 152
11745 158
11745 159
11821 54
11821 85
11821 137
11821 142
11535 56
11535 104
11264 28
11264 89
11186 272
11186 124
11186 134
11186 192
11186 259
11186 282
11529 31
11529 47
11529 64
11529 124
11529 129
11274 41
11274 72
11532 38
11532 50
11208 11
11723 69
11723 88
11723 110
11723 170
11723 178
11723 282
11527 37
11527 69
11527 113
11527 116
11593 32
11593 60
11593 102
11593 103
11518 10
11518 13
11518 39
11518 85
11520 28
11520 105
11520 111
11520 158
11520 220
11070 38
11070 57
11070 135
11762 19
11762 35
11762 36
11762 133
11762 157
11762 292
11762 304
11187 135
11187 327
11726 159
11726 198
11726 203
11726 248
11738 19
11738 37
11738 60
11738 82
11738 183
11738 210
11738 221
11738 228
11833 162
11833 172
11833 191
11833 215
11833 286
11685 154
11685 176
11685 240
11685 258
11685 283
11720 11
11720 27
11720 115
11720 147
11720 163
11727 15
11727 27
11727 61
11727 79
11727 83
11727 90
11727 107
11724 25
11724 51
11724 107
11724 140
11724 157
11724 220
11724 315
11279 34
11146 131
11624 6
11135 123
11813 219
11537 281
11674 71
11639 16
11947 34
11780 94
11087 164
11154 21
11830 31
11142 3
11675 0
11786 292
11724 7
11194 34
11187 170
11543 9
11755 26
11065 70
11065 108
11728 29
11621 3
11632 87
11610 13
11780 130
11647 16
11064 13
11064 71
11197 25
11091 60
11091 66
11762 91
11169 32
11691 154
11505 43
11554 103
11554 106
11508 249
11119 101
11727 223
11818 20
11510 3
11077 84
11134 9
11275 78
11691 33
11841 109
11274 5
11291 289
11115 86
11809 4
11809 40
11584 61
11066 194
11059 28
11730 3
11792 13
11575 2
11071 90
11071 224
11581 23
11581 82
11059 8
11622 3
11622 8
11583 35
11583 54
11841 49
11622 36
11822 34
11601 102
11742 116
11742 164
11742 176
11742 265
11740 292
11184 44
11206 51
11285 17
11204 2
11271 52
11068 17
11068 30
11134 48
11134 56
11142 5
11946 24
11946 31
11297 13
11297 62
11049 20
11067 9
11684 3
11069 46
11069 100
11290 302
11802 216
11802 227
11802 234
11217 4
11217 21
11509 23
11509 117
11509 129
11509 138
11833 39
11242 15
11290 211
11813 62
11813 129
11813 154
11813 185
11074 4
11074 58
11074 86
11070 2
11070 29
11070 212
11630 122
11630 126
11763 14
11665 3
11665 121
11049 32
11833 335
11565 29
11565 68
11565 94
11565 100
11565 122
11546 20
11546 56
11546 64
11546 80
11740 242
11740 306
11686 7
11636 50
11698 49
11698 111
11753 25
11753 26
11233 43
11716 10
11716 73
11624 34
11238 36
11264 51
11264 59
11119 16
11119 165
11119 175
11119 193
11771 4
11742 1
11742 12
11524 109
11524 169
11524 242
11278 328
11700 23
11700 33
11700 38
11780 153
11780 175
11713 114
11713 120
11713 165
11713 187
11518 14
11518 69
11518 99
11715 56
11715 84
11715 237
11598 14
11598 25
11598 40
11134 27
11134 49
11568 17
11647 9
11647 10
11647 15
11576 16
11215 32
11678 128
11723 74
11723 102
11723 121
11723 155
11723 194
11723 322
11087 113
11546 39
11546 101
11187 68
11187 80
11187 143
11187 336
11182 123
11182 175
11833 38
11833 77
11846 66
11846 84
11846 109
11846 116
11846 144
11814 21
11814 36
11637 45
11637 76
11637 110
11637 162
11637 192
11537 12
11537 184
11537 185
11537 209
11537 236
11537 258
11802 206
11802 207
11802 209
11802 229
11811 116
11811 156
11811 201
11064 5
11064 149
11064 177
11064 186
11213 4
11782 62
11782 169
11173 46
11173 73
11275 32
11275 125
11214 40
11756 24
11756 137
11756 188
11756 224
11756 232
11756 244
11816 87
11816 123
11816 142
11182 49
11182 95
11182 148
11741 12
11741 20
11741 34
11848 23
11848 60
11848 92
11848 168
11723 125
11723 152
11723 257
11723 266
11723 288
11214 68
11233 3
11233 57
11233 153
11802 49
11802 77
11802 84
11802 130
11802 187
11527 42
11527 84
11527 124
11527 146
11527 148
11234 33
11234 42
11146 38
11146 126
11146 202
11146 207
11146 259
11738 33
11738 51
11738 57
11738 86
11738 134
11738 158
11738 263
11606 25
11606 68
11606 86
11606 115
11618 35
11618 70
11618 95
11618 97
11618 105
11618 142
11618 160
11618 194
11726 96
11726 144
11726 148
11726 202
11726 245
11604 43
11604 45
11604 77
11604 100
11604 196
11604 209
11604 290
11617 14
11494 199
11186 139
11278 156
11793 24
11492 59
11198 33
11086 92
11664 60
11844 330
11847 102
11634 17
11285 69
11685 38
11685 137
11833 188
11820 230
11686 19
11187 73
11187 213
11842 176
11842 181
11067 62
11759 72
11759 78
11059 15
11606 210
11606 242
11606 259
11609 270
11283 94
11675 47
11551 51
11637 7
11637 50
11637 51
11149 39
11807 13
11674 58
11674 59
11630 14
11139 22
11139 39
11587 12
11139 88
11134 120
11064 121
11064 162
11141 11
11772 0
11617 26
11617 65
11201 36
11294 40
11202 29
11780 54
11551 27
11551 53
11613 43
11091 34
11531 66
11660 3
11833 278
11800 52
11800 181
11713 116
11713 157
11713 199
11228 12
11198 10
11198 50
11198 100
11198 123
11243 23
11707 90
11707 107
11707 135
11186 195
11505 49
11234 38
11591 117
11086 99
11086 226
11086 245
11584 125
11584 145
11259 78
11263 2
11263 25
11134 61
11134 80
11830 243
11800 51
11800 160
11800 183
11217 33
11583 29
11583 31
11583 65
11601 214
11601 238
11601 266
11601 319
11291 196
11672 69
11672 79
11187 140
11187 245
11260 42
11115 50
11115 55
11787 88
11150 77
11187 113
11187 185
11613 52
11613 66
11177 33
11813 242
11279 8
11279 19
11279 108
11186 92
11186 211
11186 265
11640 38
11640 42
11786 13
11742 28
11742 77
11742 81
11742 105
11169 173
11796 22
11796 71
11796 76
11796 84
11518 22
11518 80
11787 19
11787 36
11780 154
11780 159
11169 145
11169 213
11239 5
11066 151
11066 182
11815 1
11815 157
11815 178
11815 183
11815 184
11532 7
11532 62
11119 81
11168 16
11168 37
11168 88
11540 3
11540 51
11677 40
11677 109
11265 12
11233 35
11781 1
11781 48
11186 14
11811 24
11811 87
11811 117
11811 230
11240 7
11493 44
11729 10
11729 45
11729 87
11729 98
11508 32
11508 91
11508 119
11508 173
11508 261
11518 41
11518 47
11762 200
11724 39
11724 53
11724 57
11724 151
11724 206
11724 223
11724 233
11724 334
11278 305
11196 9
11774 56
11678 24
11678 126
11678 187
11678 208
11751 2
11751 75
11751 95
11828 0
11851 78
11851 83
11090 86
11090 132
11090 167
11637 49
11637 93
11637 129
11637 136
11609 235
11609 250
11609 290
11066 243
11146 65
11830 87
11830 103
11830 158
11830 192
11830 242
11866 127
11866 166
11854 87
11134 139
11283 97
11172 38
11664 33
11774 25
11666 62
11553 50
11553 118
11172 81
11243 42
11243 53
11243 82
11239 46
11842 44
11842 133
11065 80
11065 136
11065 181
11815 17
11815 317
11762 1
11762 24
11762 46
11762 75
11762 141
11762 203
11762 211
11762 257
11529 176
11529 190
11529 201
11529 211
11631 46
11631 173
11631 210
11631 261
11787 3
11787 6
11787 42
11787 82
11168 15
11090 8
11090 90
11070 14
11070 151
11070 236
11687 9
11687 64
11687 100
11687 106
11687 138
11687 172
11761 9
11761 87
11842 0
11842 2
11842 3
11842 5
11842 7
11842 13
11842 33
11637 9
11637 38
11637 176
11237 68
11237 76
11237 86
11520 108
11520 214
11520 216
11520 262
11614 24
11614 40
11614 80
11614 83
11614 149
11842 39
11842 46
11842 66
11842 113
11842 114
11842 152
11589 16
11589 79
11589 88
11685 167
11685 215
11685 265
11685 273
11685 333
11604 3
11604 87
11604 160
11604 187
11604 230
11604 252
11521 1
11521 9
11521 23
11761 47
11761 82
11761 131
11761 138
11761 142
11761 148
11761 158
11832 21
11832 77
11832 122
11832 123
11832 149
11832 157
11832 170
11766 119
11766 164
11766 191
11766 283
11507 60
11794 0
11767 0
11767 1
11803 39
11803 66
11803 100
11630 12
11630 23
11249 5
11622 34
11831 11
11831 53
11678 177
11678 196
11601 50
11601 110
11601 141
11758 64
11758 104
11783 13
11783 31
11176 7
11867 13
11867 74
11807 8
11807 38
11807 42
11644 53
11644 133
11644 154
11644 177
11644 192
11664 135
11762 181
11116 144
11554 1
11554 59
11554 100
11700 28
11197 58
11648 61
11648 62
11769 44
11638 2
11712 94
11714 4
11599 30
11577 7
11504 65
11830 4
11529 165
11529 321
11074 46
11296 41
11526 2
11275 118
11758 90
11758 98
11067 66
11134 17
11065 94
11087 23
11087 161
11069 116
11678 94
11219 35
11652 88
11652 90
11787 106
11726 42
11119 164
11275 11
11813 200
11173 82
11727 231
11283 75
11867 32
11867 35
11755 54
11755 152
11149 13
11778 71
11073 23
11613 11
11083 77
11226 9
11634 11
11634 34
11844 102
11545 71
11545 98
11545 107
11545 133
11545 156
11545 175
11087 28
11087 31
11087 75
11584 123
11584 126
11776 153
11776 188
11139 40
11728 1
11166 78
11091 185
11081 118
11081 140
11286 10
11286 54
11543 71
11680 51
11832 161
11259 0
11065 58
11543 2
11543 59
11685 81
11685 110
11685 129
11841 93
11687 11
11208 12
11593 7
11793 85
11793 95
11793 289
11610 0
11118 274
11646 50
11646 89
11509 111
11509 134
11741 43
11741 68
11741 72
11741 109
11138 80
11146 97
11146 258
11146 265
11146 297
11848 61
11186 8
11147 10
11745 24
11745 72
11745 124
11174 5
11297 33
11297 66
11162 53
11162 73
11291 40
11264 48
11782 45
11611 3
11059 62
11168 60
11540 44
11540 50
11758 51
11066 114
11066 166
11066 250
11809 9
11809 35
11716 61
11521 100
11521 114
11521 155
11584 107
11584 160
11514 38
11529 52
11529 92
11529 106
11529 118
11737 97
11737 188
11737 197
11077 47
11077 91
11648 71
11648 82
11648 162
11086 125
11086 126
11086 170
11713 142
11713 170
11537 284
11537 285
11074 30
11074 31
11074 48
11237 34
11237 101
11494 92
11494 177
11494 233
11713 137
11713 160
11713 175
11713 196
11135 41
11135 101
11584 54
11791 48
11791 75
11791 105
11791 269
11791 277
11238 34
11847 3
11847 23
11139 27
11139 29
11139 51
11816 66
11816 82
11816 124
11816 167
11816 185
11816 191
11637 116
11637 137
11637 173
11290 9
11290 102
11290 151
11290 260
11290 279
11290 281
11290 339
11243 13
11682 4
11682 25
11682 57
11682 85
11716 20
11716 35
11716 63
11716 76
11290 32
11290 164
11290 193
11290 195
11290 272
11679 44
11679 84
11679 131
11679 153
11836 15
11836 16
11836 83
11836 93
11836 99
11811 127
11811 133
11811 139
11811 143
11811 145
11811 168
11212 30
11846 48
11846 49
11846 79
11275 7
11275 41
11275 106
11274 3
11274 25
11274 54
11848 4
11848 15
11848 96
11848 134
11848 289
11848 326
11687 5
11687 31
11687 58
11687 71
11687 93
11518 9
11494 170
11288 3
11529 167
11529 182
11529 219
11290 3
11290 24
11290 73
11290 144
11290 282
11115 41
11723 103
11723 122
11723 123
11723 185
11723 199
11723 277
11723 333
11759 14
11759 49
11759 79
11759 153
11759 174
11759 191
11759 209
11728 21
11728 107
11728 114
11728 130
11728 145
11728 147
11728 242
11728 274
11737 19
11737 42
11737 48
11737 73
11737 78
11737 103
11737 132
11587 6
11726 251
11086 225
11506 38
11609 200
11243 63
11617 84
11127 5
11685 171
11685 226
11112 267
11554 50
11564 57
11786 229
11143 48
11495 32
11119 172
11678 217
11678 296
11510 1
11510 26
11083 103
11572 7
11801 22
11219 85
11275 71
11811 121
11811 142
11811 193
11564 100
11186 45
11186 50
11682 20
11682 49
11626 92
11634 18
11521 151
11775 108
11780 35
11601 228
11070 32
11070 207
11550 135
11196 152
11821 115
11910 0
11910 10
11664 24
11664 26
11664 85
11073 40
11629 44
11508 259
11519 306
11196 8
11186 113
11186 233
11078 24
11133 85
11780 177
11509 101
11553 115
11559 107
11192 11
11192 17
11192 21
11755 82
11755 85
11755 121
11190 20
11081 161
11606 258
11504 45
11504 58
11664 20
11681 66
11681 90
11681 95
11538 8
11675 174
11215 92
11215 101
11624 9
11624 18
11624 43
11297 74
11581 4
11581 66
11660 26
11738 206
11197 105
11546 42
11515 20
11682 26
11682 99
11133 27
11133 55
11133 162
11749 42
11749 53
11947 50
11947 87
11150 2
11150 23
11150 133
11238 45
11202 14
11778 74
11778 76
11244 42
11519 267
11766 212
11766 286
11609 114
11271 7
11829 2
11829 57
11829 59
11139 93
11139 99
11623 19
11623 41
11623 61
11290 60
11696 42
11696 98
11139 9
11139 21
11819 92
11115 13
11115 106
11296 32
11296 37
11234 60
11234 65
11813 226
11813 265
11866 130
11866 171
11866 175
11177 19
11783 17
11505 9
11527 10
11527 26
11527 101
11527 114
11144 0
11144 23
11716 39
11716 51
11263 44
11494 211
11494 240
11494 278
11820 116
11820 159
11182 54
11828 16
11543 36
11543 69
11219 15
11754 15
11754 62
11754 67
11626 25
11626 51
11626 85
11787 161
11787 183
11187 240
11169 131
11169 137
11728 144
11728 183
11761 151
11761 233
11146 132
11146 143
11146 211
11531 47
11531 166
11531 188
11146 129
11146 197
11146 254
11146 277
11146 291
11194 26
11194 39
11090 56
11090 111
11162 18
11253 52
11253 103
11561 15
11561 35
11561 45
11803 3
11803 20
11803 42
11803 57
11803 119
11270 2
11609 149
11609 162
11724 123
11724 161
11724 336
11782 133
11782 141
11782 148
11782 186
11782 43
11782 48
11782 65
11782 106
11782 135
11947 8
11947 32
11947 71
11119 34
11119 80
11119 108
11119 129
11086 150
11086 243
11766 91
11766 106
11766 137
11766 207
11766 321
11729 48
11729 69
11729 73
11638 3
11638 14
11638 25
11543 117
11543 124
11543 181
11543 189
11521 95
11521 123
11637 14
11637 78
11637 80
11637 163
11637 177
11239 27
11804 6
11804 94
11804 170
11804 200
11804 312
11804 316
11804 319
11693 2
11693 19
11693 42
11693 59
11833 2
11833 98
11833 100
11239 10
11239 63
11120 114
11844 15
11844 40
11844 139
11844 174
11844 201
11844 240
11844 275
11829 32
11829 37
11829 41
11829 51
11829 86
11264 5
11264 66
11264 84
11264 117
11599 22
11780 80
11780 136
11780 152
11780 189
11780 193
11141 3
11186 99
11537 280
11187 306
11509 25
11584 17
11763 72
11157 9
11242 31
11691 30
11520 162
11090 210
11202 60
11619 18
11233 79
11833 301
11205 30
11112 179
11278 113
11780 170
11780 180
11506 26
11506 32
11506 66
11738 77
11738 216
11672 53
11554 35
11554 62
11554 93
11206 8
11206 47
11291 81
11078 16
11284 13
11193 15
11733 21
11733 35
11066 163
11066 208
11198 118
11765 129
11765 178
11765 186
11233 156
11119 55
11796 187
11782 157
11143 39
11143 40
11210 6
11842 60
11535 61
11564 107
11609 303
11796 16
11796 48
11796 154
11666 75
11294 36
11802 22
11508 79
11168 127
11509 37
11509 102
11509 127
11291 33
11494 216
11494 265
11568 27
11568 36
11829 146
11829 157
11172 27
11286 85
11259 10
11584 165
11194 33
11194 58
11677 3
11677 79
11067 70
11535 68
11535 81
11263 32
11727 16
11727 66
11070 128
11204 0
11866 163
11144 19
11070 78
11070 96
11253 110
11572 4
11572 11
11196 179
11143 29
11291 67
11693 67
11134 76
11134 99
11134 117
11784 28
11173 31
11601 78
11601 145
11625 14
11684 34
11684 66
11684 69
11723 46
11059 20
11059 64
11605 4
11605 14
11646 18
11646 38
11214 69
11187 67
11187 311
11259 25
11713 15
11713 109
11119 11
11119 66
11119 147
11119 194
11679 4
11679 82
11679 95
11551 5
11755 53
11755 109
11146 107
11146 157
11146 299
11146 324
11803 30
11803 50
11754 44
11754 97
11821 36
11821 75
11535 41
11535 107
11831 65
11844 39
11844 55
11844 117
11765 115
11765 161
11719 19
11854 45
11854 89
11649 6
11653 36
11653 91
11291 144
11291 208
11291 243
11291 310
11568 5
11568 25
11568 44
11775 17
11783 5
11783 42
11783 44
11787 25
11787 33
11664 105
11521 12
11521 49
11521 62
11521 63
11769 18
11769 97
11521 135
11521 147
11149 304
11149 322
11648 16
11648 30
11648 143
11617 145
11617 157
11617 163
11777 7
11679 0
11679 127
11679 144
11679 145
11679 150
11064 194
11068 84
11074 16
11687 105
11593 94
11593 111
11291 24
11519 16
11519 47
11519 76
11519 204
11820 235
11820 285
11232 8
11678 88
11678 105
11691 122
11618 126
11618 130
11618 166
11685 168
11685 196
11685 257
11685 327
11519 11
11519 134
11519 165
11519 236
11691 29
11540 42
11128 31
11847 27
11728 59
11728 68
11728 112
11728 149
11728 192
11728 222
11598 21
11598 31
11598 54
11128 10
11494 239
11494 286
11610 6
11610 7
11782 53
11820 67
11820 93
11820 139
11173 52
11565 7
11565 161
11565 212
11565 270
11565 275
11565 297
11520 15
11520 41
11520 103
11520 124
11520 236
11213 77
11506 143
11128 28
11249 37
11135 74
11565 121
11565 194
11820 228
11820 231
11820 249
11820 308
11192 3
11759 77
11759 145
11759 155
11759 185
11759 197
11759 201
11543 253
11608 35
11608 43
11608 115
11608 133
11608 160
11608 161
11804 64
11804 103
11804 138
11804 153
11804 310
11190 3
11166 73
11065 2
11065 47
11065 175
11756 117
11756 204
11756 210
11756 267
11756 277
11543 278
11759 116
11763 71
11819 8
11065 5
11065 84
11065 134
11577 38
11112 141
11754 3
11754 10
11754 46
11754 63
11754 89
11508 155
11149 12
11149 20
11149 21
11149 38
11728 12
11728 25
11728 116
11728 137
11728 186
11728 198
11253 22
11065 10
11065 41
11065 114
11065 178
11083 118
11083 185
11083 215
11666 15
11844 24
11844 57
11844 66
11844 192
11844 194
11844 221
11844 286
11621 11
11275 111
11520 94
11520 160
11520 203
11520 208
11520 218
11520 224
11520 256
11133 34
11133 136
11271 80
11186 95
11557 7
11557 79
11557 121
11090 11
11090 138
11090 202
11531 34
11531 59
11531 99
11531 187
11069 1
11069 8
11707 132
11707 160
11707 169
11564 16
11564 22
11564 32
11564 105
11853 19
11853 34
11853 47
11853 65
11275 1
11565 5
11565 32
11565 77
11565 192
11561 13
11561 60
11508 199
11120 14
11832 79
11832 129
11832 158
11832 179
11832 182
11619 56
11619 66
11728 62
11728 86
11728 208
11728 279
11728 297
11728 305
11543 18
11543 34
11543 46
11543 51
11059 39
11059 48
11821 6
11821 53
11821 63
11821 96
11681 18
11681 27
11681 36
11681 37
11681 49
11681 58
11681 64
11083 121
11083 163
11083 218
11724 75
11724 90
11724 197
11724 204
11182 63
11182 97
11182 128
11182 163
11751 197
11751 204
11751 240
11751 244
11751 272
11172 72
11172 93
11848 59
11848 170
11848 312
11741 9
11741 94
11741 97
11741 137
11813 8
11813 46
11813 125
11811 48
11811 125
11811 165
11811 166
11083 146
11083 147
11083 202
11766 108
11766 157
11766 217
11766 235
11766 242
11766 296
11766 327
11678 294
11678 318
11678 328
11726 103
11726 116
11726 146
11726 171
11631 11
11631 36
11631 64
11631 78
11631 136
11631 150
11631 203
11631 225
11631 251
11636 37
11636 41
11715 59
11715 129
11715 211
11715 246
11656 11
11754 99
11675 69
11149 17
11664 115
11785 6
11164 23
11802 120
11551 105
11291 170
11628 12
11691 69
11568 43
11796 194
11565 133
11076 9
11194 64
11508 76
11508 78
11508 103
11609 35
11115 35
11740 331
11740 334
11774 70
11649 9
11728 43
11728 311
11146 91
11646 54
11217 9
11285 44
11685 230
11219 74
11707 139
11194 23
11778 68
11135 37
11779 128
11726 157
11201 3
11112 130
11583 33
11290 31
11713 108
11198 61
11198 216
11603 36
11504 61
11759 94
11494 223
11685 112
11685 144
11587 11
11265 1
11297 76
11297 85
11632 9
11769 110
11681 19
11291 285
11192 0
11072 16
11072 111
11059 35
11059 44
11691 65
11501 30
11557 48
11599 41
11599 45
11279 32
11279 42
11762 43
11867 21
11867 108
11168 14
11149 120
11149 222
11059 27
11075 83
11682 65
11682 80
11601 11
11115 77
11090 6
11090 52
11090 113
11726 54
11713 110
11713 129
11713 209
11678 72
11678 121
11049 29
11214 43
11249 35
11666 51
11529 53
11529 59
11230 5
11494 71
11494 241
11537 1
11537 107
11537 164
11537 172
11626 33
11626 95
11866 147
11866 160
11139 23
11139 90
11279 41
11279 83
11215 2
11291 76
11291 97
11291 110
11554 17
11554 37
11554 67
11554 82
11243 79
11182 27
11182 46
11700 17
11700 24
11609 253
11609 291
11609 318
11228 44
11087 37
11678 252
11678 280
11684 78
11583 2
11583 32
11785 8
11814 2
11519 27
11519 179
11519 231
11519 249
11172 75
11253 37
11253 39
11146 40
11146 93
11169 87
11169 166
11169 178
11726 211
11505 2
11212 26
11570 12
11570 36
11570 89
11682 95
11149 251
11149 271
11550 279
11550 307
11128 29
11128 58
11239 94
11854 6
11854 82
11854 91
11628 57
11628 115
11830 3
11854 30
11854 67
11854 95
11518 24
11518 59
11518 102
11279 27
11279 43
11279 59
11529 192
11529 214
11529 319
11720 8
11720 88
11720 181
11720 205
11546 116
11546 119
11546 144
11848 17
11848 20
11848 65
11848 98
11848 125
11848 212
11177 25
11589 0
11589 7
11589 41
11589 218
11146 106
11146 169
11146 235
11527 27
11527 53
11527 120
11527 126
11726 104
11726 123
11726 190
11726 292
11608 84
11608 98
11608 145
11608 158
11290 1
11290 146
11290 208
11290 315
11819 20
11819 31
11819 110
11233 72
11233 104
11071 80
11071 141
11071 219
11071 238
11290 101
11720 70
11720 132
11720 141
11621 4
11814 1
11186 40
11186 51
11186 67
11186 80
11756 121
11756 175
11756 231
11756 233
11756 264
11665 4
11613 2
11613 4
11613 9
11133 4
11133 62
11133 98
11244 50
11150 11
11150 54
11150 169
11075 23
11198 116
11754 29
11754 43
11644 36
11644 49
11644 78
11644 175
11605 10
11605 39
11605 52
11605 253
11605 277
11605 298
11196 11
11196 75
11196 108
11196 131
11196 172
11721 73
11721 166
11721 194
11721 208
11638 11
11815 63
11815 162
11815 179
11815 220
11632 29
11632 42
11632 46
11632 54
11609 66
11609 99
11609 101
11609 174
11609 195
11520 75
11520 90
11520 120
11520 133
11520 165
11520 219
11531 5
11531 85
11531 161
11531 169
11531 177
11531 180
11570 0
11570 9
11570 34
11570 57
11570 72
11723 98
11723 112
11723 114
11723 158
11723 189
11723 244
11648 40
11648 46
11648 177
11648 196
11606 15
11606 78
11606 90
11606 125
11606 176
11606 178
11614 6
11614 10
11614 18
11614 158
11629 11
11629 39
11751 189
11751 245
11751 259
11751 262
11751 266
11751 280
11751 299
11291 268
11749 94
11741 106
11171 73
11493 21
11515 29
11631 171
11545 2
11691 135
11545 239
11545 248
11847 14
11847 37
11059 70
11166 31
11166 72
11076 36
11537 297
11138 45
11836 2
11836 111
11809 13
11494 82
11197 80
11664 77
11851 9
11853 5
11853 50
11853 62
11509 28
11509 51
11509 144
11509 157
11604 226
11521 128
11244 0
11064 11
11947 14
11550 82
11828 33
11170 5
11776 151
11508 308
11087 13
11128 33
11203 76
11727 312
11147 4
11147 17
11091 192
11253 96
11149 64
11845 73
11845 136
11091 44
11609 310
11849 2
11674 8
11674 43
11674 47
11067 60
11501 41
11559 7
11237 98
11186 116
11182 121
11809 39
11685 25
11685 42
11776 61
11609 1
11066 2
11626 15
11626 19
11719 17
11512 64
11820 258
11720 110
11206 11
11842 140
11803 51
11803 98
11227 1
11066 62
11259 91
11196 130
11227 21
11194 72
11947 0
11780 138
11780 204
11719 21
11090 27
11090 142
11758 35
11068 13
11695 12
11831 26
11083 211
11196 157
11229 31
11215 81
11742 30
11742 94
11742 97
11249 3
11815 129
11086 90
11086 151
11243 31
11565 37
11565 283
11601 43
11601 184
11601 191
11527 23
11527 141
11824 9
11581 115
11243 27
11543 245
11169 39
11672 5
11672 76
11561 30
11561 32
11169 104
11169 140
11196 231
11581 22
11581 24
11581 71
11226 10
11751 228
11751 281
11753 53
11640 3
11640 51
11584 3
11584 28
11691 109
11691 142
11059 72
11198 158
11198 301
11279 22
11754 58
11754 92
11515 51
11793 51
11721 99
11721 167
11135 106
11290 245
11637 13
11637 83
11637 120
11775 95
11609 185
11780 104
11780 145
11780 184
11780 198
11198 29
11198 71
11508 67
11508 274
11672 14
11672 48
11239 76
11213 2
11867 27
11867 48
11691 82
11275 47
11550 11
11550 62
11853 6
11853 24
11853 49
11205 9
11946 20
11626 52
11626 89
11505 58
11505 126
11508 10
11508 85
11508 204
11832 43
11785 3
11785 5
11064 64
11064 106
11064 181
11841 76
11716 30
11716 53
11282 18
11282 22
11796 6
11796 138
11796 157
11796 166
11807 20
11208 14
11112 144
11112 193
11112 239
11537 39
11681 46
11681 104
11145 7
11145 17
11194 63
11787 127
11787 152
11219 88
11219 90
11553 121
11691 41
11687 38
11247 1
11780 60
11780 69
11780 83
11780 105
11639 61
11237 57
11237 75
11270 11
11198 45
11198 190
11537 71
11070 148
11070 172
11780 18
11532 86
11532 109
11285 2
11285 22
11759 115
11664 47
11072 55
11543 53
11543 89
11755 65
11755 83
11755 103
11755 133
11619 85
11297 56
11087 59
11087 144
11169 7
11169 26
11753 11
11753 60
11800 57
11800 127
11800 146
11619 156
11244 6
11244 38
11761 18
11290 8
11290 13
11290 132
11290 256
11545 20
11545 86
11545 160
11545 178
11545 183
11664 40
11064 7
11064 18
11064 175
11064 199
11815 210
11619 128
11678 147
11678 195
11698 14
11698 25
11698 118
11769 13
11769 17
11769 27
11169 60
11599 4
11599 24
11682 40
11644 99
11644 123
11644 166
11693 5
11693 17
11693 36
11112 133
11112 172
11691 124
11691 129
11609 79
11609 173
11198 65
11591 19
11591 52
11591 82
11591 120
11528 59
11519 62
11519 106
11519 108
11519 140
11775 53
11775 67
11775 116
11239 77
11283 4
11291 86
11291 94
11285 49
11285 51
11253 66
11197 11
11197 79
11550 60
11550 79
11550 81
11813 225
11283 17
11283 96
11813 236
11813 241
11813 254
11621 9
11204 4
11071 51
11071 259
11577 16
11753 55
11624 3
11624 23
11624 49
11264 80
11264 93
11691 100
11777 1
11570 5
11570 35
11275 38
11275 105
11745 8
11745 142
11278 31
11208 21
11578 6
11076 28
11769 10
11769 16
11769 43
11769 45
11775 3
11775 29
11083 43
11083 53
11083 221
11214 54
11214 62
11527 158
11821 11
11821 43
11064 184
11763 5
11763 31
11679 31
11679 120
11679 143
11820 234
11820 263
11238 3
11203 53
11696 8
11187 22
11187 81
11187 123
11187 196
11187 286
11071 244
11636 59
11726 154
11726 247
11787 66
11282 17
11282 20
11144 8
11144 34
11679 6
11679 20
11679 75
11679 112
11679 124
11601 34
11601 144
11601 157
11238 17
11606 50
11606 105
11606 127
11606 136
11606 181
11780 88
11796 35
11796 96
11796 144
11673 5
11673 16
11673 27
11698 82
11698 91
11698 98
11786 149
11794 18
11081 138
11538 13
11819 85
11819 109
11774 2
11866 189
11217 28
11740 7
11740 28
11740 37
11740 128
11149 243
11149 314
11727 212
11802 167
11078 10
11537 313
11189 9
11169 105
11169 155
11090 116
11090 213
11692 8
11692 14
11168 57
11120 36
11171 15
11115 56
11578 38
11578 44
11146 0
11146 16
11146 148
11146 200
11146 257
11510 2
11510 37
11086 197
11086 260
11066 258
11637 70
11637 77
11637 141
11637 146
11198 185
11631 124
11631 129
11631 237
11283 53
11628 76
11628 84
11628 205
11628 323
11120 88
11120 133
11832 15
11059 10
11059 18
11494 41
11494 162
11494 169
11494 189
11112 185
11090 89
11090 114
11578 91
11133 96
11133 167
11565 24
11565 28
11565 90
11565 167
11565 209
11565 216
11565 233
11565 234
11667 20
11591 67
11574 29
11751 196
11751 219
11751 221
11751 241
11495 30
11162 54
11239 18
11239 48
11584 105
11584 117
11584 137
11584 142
11524 93
11524 123
11524 147
11524 204
11524 224
11524 275
11524 277
11214 45
11214 66
11177 13
11678 230
11678 279
11678 335
11820 283
11820 303
11232 6
11083 88
11593 63
11653 6
11653 20
11761 19
11169 127
11169 179
11492 90
11087 30
11769 96
11769 148
11292 0
11292 8
11535 77
11535 99
11535 102
11628 85
11628 100
11628 180
11628 182
11628 193
11628 217
11244 1
11551 2
11551 19
11242 35
11755 36
11625 7
11625 13
11625 21
11625 38
11625 70
11648 27
11648 135
11648 152
11648 175
11648 191
11648 198
11780 40
11698 20
11698 50
11545 90
11545 101
11174 18
11700 26
11700 29
11270 28
11270 78
11135 60
11135 112
11193 4
11727 13
11727 20
11727 69
11727 118
11727 150
11727 167
11134 33
11631 18
11631 147
11631 208
11631 255
11800 27
11800 35
11800 63
11800 134
11233 189
11749 101
11866 123
11866 181
11803 11
11803 73
11803 99
11237 31
11519 23
11519 174
11519 265
11759 65
11800 23
11800 41
11800 91
11800 105
11800 129
11800 156
11787 159
11787 177
11755 144
11275 23
11275 77
11767 7
11212 46
11791 19
11791 37
11791 110
11791 191
11791 195
11791 247
11494 12
11049 62
11049 78
11591 32
11591 42
11680 146
11680 178
11680 190
11680 201
11069 110
11811 29
11811 55
11811 94
11787 132
11787 191
11787 192
11214 63
11172 90
11291 63
11134 146
11192 26
11243 24
11606 320
11068 25
11678 148
11685 13
11685 141
11550 3
11550 55
11550 66
11550 78
11617 158
11074 23
11762 74
11762 82
11762 121
11762 295
11762 296
11762 319
11776 73
11776 119
11776 158
11781 32
11781 47
11550 105
11550 115
11550 202
11550 234
11550 276
11553 155
11553 190
11553 191
11553 236
11184 81
11120 95
11120 123
11727 1
11727 60
11727 94
11727 97
11727 127
11844 44
11844 83
11844 111
11844 114
11844 124
11844 136
11844 216
11143 19
11263 30
11068 20
11720 50
11720 197
11227 9
11761 185
11761 202
11761 232
11761 240
11727 128
11086 206
11071 227
11707 121
11707 150
11495 37
11673 24
11149 172
11182 169
11606 21
11606 40
11606 59
11606 121
11606 172
11762 79
11762 105
11762 119
11762 122
11762 153
11087 89
11297 58
11700 2
11700 37
11848 99
11848 304
11710 56
11710 71
11803 25
11803 27
11803 37
11830 134
11173 67
11508 68
11508 158
11508 172
11508 175
11508 217
11508 272
11762 246
11550 95
11550 143
11550 207
11550 211
11550 242
11297 14
11149 82
11149 239
11149 276
11149 321
11787 24
11696 16
11074 27
11074 47
11072 65
11072 81
11072 82
11733 11
11733 33
11553 78
11553 113
11691 25
11691 45
11721 18
11721 60
11721 64
11721 84
11721 140
11721 172
11086 73
11830 106
11830 173
11830 184
11830 226
11830 257
11532 83
11762 37
11762 81
11762 148
11762 161
11762 212
11762 235
11762 240
11762 281
11618 21
11618 69
11618 100
11618 169
11618 182
11679 25
11679 63
11679 91
11679 105
11726 91
11707 89
11291 45
11133 84
11553 134
11553 201
11553 220
11686 6
11066 1
11066 63
11066 142
11066 160
11066 196
11119 48
11119 120
11119 126
11139 11
11139 45
11139 81
11745 91
11745 145
11745 157
11830 50
11830 124
11830 179
11830 234
11830 249
11830 254
11830 268
11132 14
11813 55
11813 82
11813 97
11813 121
11848 111
11527 13
11527 41
11527 52
11527 54
11527 133
11086 179
11086 199
11820 50
11820 135
11820 150
11186 311
11632 77
11749 68
11749 69
11749 87
11740 216
11740 330
11740 335
11758 77
11672 72
11737 1
11737 111
11737 117
11737 119
11737 162
11737 196
11219 75
11219 91
11492 47
11492 138
11630 151
11166 3
11166 40
11166 82
11065 11
11583 1
11233 110
11712 35
11712 48
11712 68
11712 121
11186 175
11186 232
11227 22
11565 60
11565 98
11565 229
11846 0
11846 80
11846 125
11650 3
11065 36
11508 72
11543 210
11543 230
11727 240
11515 50
11687 27
11687 75
11687 115
11687 165
11162 6
11067 20
11583 28
11583 51
11583 60
11762 56
11762 130
11762 268
11762 289
11762 312
11568 28
11776 189
11217 11
11173 8
11173 102
11146 17
11146 29
11146 189
11630 22
11630 36
11532 6
11846 53
11846 154
11623 23
11623 95
11623 103
11182 131
11182 171
11076 6
11076 25
11842 11
11836 35
11836 61
11836 77
11836 95
11836 105
11259 87
11514 26
11713 163
11233 28
11833 311
11073 22
11182 77
11182 162
11762 213
11763 55
11763 65
11064 39
11064 197
11531 0
11531 131
11177 17
11759 27
11759 37
11759 107
11759 144
11759 166
11759 214
11830 280
11212 2
11212 48
11561 9
11561 16
11561 19
11561 48
11540 19
11698 35
11698 106
11723 6
11279 71
11609 68
11609 168
11762 89
11762 131
11628 138
11628 179
11628 190
11628 239
11628 244
11190 10
11619 99
11619 135
11619 159
11088 9
11545 202
11545 281
11139 100
11091 189
11727 233
11727 275
11727 309
11727 315
11726 113
11726 124
11726 174
11726 177
11726 183
11726 227
11726 241
11066 249
11847 4
11606 179
11518 86
11518 91
11518 103
11565 47
11565 144
11565 207
11565 236
11565 276
11779 27
11779 131
11779 142
11779 177
11779 193
11213 1
11565 127
11565 153
11565 179
11565 200
11565 211
11565 250
11565 255
11263 8
11713 125
11713 139
11713 171
11713 195
11713 200
11679 12
11679 51
11679 68
11142 21
11775 8
11775 73
11775 94
11545 16
11545 119
11068 23
11068 39
11068 47
11068 52
11049 28
11049 73
11601 59
11601 134
11601 152
11779 48
11779 77
11779 126
11779 151
11779 171
11779 263
11537 47
11537 113
11537 116
11537 199
11537 212
11537 228
11537 255
11090 112
11090 115
11066 106
11066 135
11066 228
11066 230
11234 21
11234 48
11234 81
11553 174
11553 241
11253 5
11253 82
11529 248
11529 268
11529 309
11274 8
11274 68
11609 42
11609 58
11609 60
11609 61
11609 123
11609 130
11613 41
11138 43
11537 40
11083 25
11083 40
11083 158
11083 212
11291 135
11291 141
11291 252
11291 280
11112 124
11727 172
11290 67
11290 162
11290 288
11290 333
11648 167
11648 179
11648 182
11648 199
11270 9
11270 23
11270 46
11270 47
11270 93
11710 8
11710 32
11710 65
11762 28
11762 40
11762 57
11762 126
11762 190
11762 202
11762 275
11851 73
11762 93
11762 94
11762 195
11762 302
11762 324
11150 56
11512 85
11512 95
11793 62
11793 155
11793 288
11508 120
11508 127
11508 226
11508 282
11173 109
11756 242
11233 40
11233 83
11233 160
11553 46
11553 84
11553 99
11553 105
11756 118
11679 11
11679 22
11679 59
11679 142
11679 149
11621 35
11715 54
11715 101
11715 140
11715 191
11715 230
11150 7
11150 57
11150 73
11150 158
11565 308
11545 209
11545 278
11545 296
11215 109
11215 112
11687 33
11290 15
11290 136
11672 12
11672 67
11758 54
11728 74
11605 136
11554 61
11554 68
11196 93
11196 177
11090 156
11090 176
11090 197
11090 215
11194 6
11290 63
11290 85
11290 97
11290 166
11290 320
11290 342
11589 28
11589 78
11589 87
11589 184
11508 19
11508 52
11508 66
11508 168
11508 209
11508 257
11726 79
11726 134
11726 197
11726 199
11127 17
11609 21
11609 45
11609 80
11609 171
11609 206
11609 211
11715 244
11187 251
11742 8
11742 18
11742 26
11742 60
11644 229
11644 251
11644 254
11644 256
11726 10
11726 26
11070 13
11070 36
11070 55
11069 18
11166 101
11659 9
11068 42
11068 53
11186 198
11632 73
11064 61
11619 31
11692 22
11139 32
11071 199
11077 18
11077 41
11077 66
11077 97
11184 83
11529 44
11529 87
11529 100
11529 154
11149 47
11786 257
11794 6
11263 38
11631 187
11075 6
11756 96
11756 132
11756 199
11756 294
11707 102
11707 110
11601 56
11601 86
11601 109
11601 125
11553 137
11553 163
11553 171
11753 27
11769 8
11769 79
11769 84
11769 87
11769 98
11720 79
11720 152
11780 76
11780 156
11648 33
11648 63
11648 144
11648 156
11648 185
11239 65
11668 33
11197 22
11071 101
11692 2
11169 210
11820 14
11820 35
11820 81
11820 145
11820 151
11134 89
11848 48
11848 86
11848 144
11848 284
11848 300
11848 315
11712 11
11712 31
11712 61
11546 5
11546 65
11546 138
11529 258
11685 26
11685 33
11561 0
11186 111
11186 239
11653 0
11653 38
11653 60
11653 64
11066 87
11066 177
11066 212
11608 16
11608 46
11608 61
11608 153
11608 159
11755 14
11678 58
11678 68
11196 137
11265 16
11208 10
11644 243
11644 265
11584 5
11584 18
11584 71
11074 34
11074 80
11553 170
11553 189
11553 208
11780 114
11119 57
11119 106
11119 130
11119 190
11119 210
11115 1
11072 12
11072 60
11218 1
11756 2
11756 76
11756 87
11756 139
11756 161
11756 257
11756 285
11070 19
11070 121
11070 190
11198 103
11198 110
11171 29
11171 75
11143 32
11647 4
11290 114
11290 175
11166 41
11166 97
11818 4
11818 10
11818 18
11818 19
11239 93
11742 101
11073 9
11182 14
11182 50
11182 150
11086 145
11086 257
11809 31
11728 91
11728 331
11796 24
11796 40
11796 72
11796 173
11259 104
11557 62
11557 92
11557 119
11795 12
11723 280
11545 123
11545 125
11545 159
11545 168
11545 174
11545 177
11520 107
11520 129
11520 154
11520 175
11520 179
11520 191
11520 196
11520 250
11648 12
11648 59
11648 130
11506 162
11828 13
11639 42
11154 25
11154 31
11618 3
11618 9
11618 34
11618 63
11618 144
11618 145
11618 197
11090 161
11090 187
11090 199
11537 27
11537 163
11537 176
11537 220
11537 267
11644 56
11205 15
11243 2
11675 9
11675 15
11168 11
11492 149
11847 69
11617 21
11617 36
11617 58
11665 32
11120 85
11120 162
11780 63
11780 68
11780 89
11230 1
11253 18
11169 93
11169 125
11169 193
11609 260
11609 298
11531 50
11531 78
11531 109
11531 143
11531 168
11531 184
11593 66
11593 76
11593 80
11813 30
11813 48
11779 39
11779 44
11779 207
11779 230
11779 260
11779 288
11779 292
11065 174
11841 45
11115 89
11626 62
11626 101
11786 56
11786 59
11786 121
11786 200
11786 217
11786 241
11786 251
11787 141
11787 151
11833 124
11727 216
11854 13
11854 48
11854 69
11495 35
11495 51
11133 15
11133 158
11677 2
11677 27
11677 54
11677 86
11677 119
11135 76
11712 17
11712 92
11275 30
11072 4
11072 18
11589 3
11589 21
11589 60
11681 22
11681 59
11681 72
11681 94
11681 106
11681 122
11197 49
11197 96
11682 16
11682 32
11515 44
11515 49
11198 289
11833 21
11833 107
11833 109
11239 64
11297 19
11619 106
11619 136
11619 184
11619 193
11604 11
11604 20
11604 27
11604 232
11604 236
11604 237
11657 54
11657 55
11680 48
11680 108
11680 165
11680 172
11601 251
11601 258
11601 264
11601 298
11601 308
11601 320
11081 120
11766 127
11766 274
11765 118
11765 197
11765 229
11821 50
11821 79
11821 88
11821 127
11677 78
11086 19
11086 30
11086 36
11507 0
11086 81
11086 252
11086 270
11243 19
11243 59
11066 137
11066 178
11508 14
11508 179
11243 4
11243 57
11814 27
11846 4
11846 126
11742 32
11742 43
11618 83
11187 52
11187 173
11187 203
11187 282
11069 50
11774 35
11630 59
11737 110
11737 192
11684 64
11684 71
11617 114
11617 146
11617 174
11617 216
11617 244
11820 66
11820 155
11820 174
11820 196
11639 63
11606 177
11286 38
11286 49
11545 67
11545 68
11545 113
11545 126
11545 131
11545 193
11133 25
11133 65
11133 108
11601 12
11601 68
11601 88
11601 137
11494 37
11494 75
11494 151
11494 253
11494 274
11494 279
11751 47
11751 61
11751 62
11086 143
11851 69
11527 128
11527 136
11150 49
11603 11
11710 92
11617 110
11617 167
11617 189
11617 245
11625 41
11088 39
11815 6
11815 33
11815 171
11815 185
11815 223
11815 275
11815 292
11815 299
11564 90
11233 124
11830 334
11271 60
11815 276
11196 183
11696 31
11608 76
11570 48
11584 102
11807 15
11787 11
11787 26
11787 34
11787 60
11532 16
11244 17
11244 39
11244 49
11244 51
11133 19
11646 95
11565 33
11565 89
11565 155
11565 206
11186 161
11186 172
11186 197
11186 214
11186 291
11186 315
11679 32
11196 29
11196 61
11149 79
11149 133
11149 144
11149 162
11149 176
11115 85
11842 35
11639 15
11146 171
11537 289
11700 40
11086 10
11086 26
11681 28
11681 35
11681 88
11681 100
11537 160
11537 238
11537 262
11537 272
11537 274
11537 276
11144 7
11144 22
11617 102
11617 125
11617 133
11639 117
11584 108
11584 167
11068 72
11162 50
11162 68
11187 259
11776 29
11776 48
11776 79
11776 127
11776 187
11769 112
11769 117
11766 226
11609 14
11609 46
11609 82
11609 193
11609 196
11557 34
11557 54
11557 78
11249 33
11529 185
11529 231
11529 277
11629 2
11629 7
11075 29
11253 7
11065 103
11686 9
11755 63
11755 88
11086 98
11086 169
11529 2
11529 57
11529 116
11529 134
11083 26
11083 56
11083 59
11186 128
11753 20
11279 17
11279 60
11583 37
11583 62
11589 32
11589 55
11589 101
11589 106
11589 192
11630 17
11630 30
11255 11
11076 20
11076 26
11494 130
11494 200
11494 288
11578 53
11578 93
11297 4
11297 17
11259 88
11494 144
11494 215
11854 19
11854 36
11854 75
11050 3
11186 183
11186 243
11186 310
11842 32
11842 157
11619 81
11769 143
11519 301
11582 3
11945 112
11945 113
11945 120
11945 123
11829 29
11829 65
11804 57
11804 87
11804 134
11146 163
11146 326
11814 29
11090 10
11090 212
11296 17
11614 173
11782 59
11782 90
11782 172
11852 78
11852 101
11842 73
11816 81
11816 111
11769 20
11769 36
11769 50
11286 15
11741 22
11741 131
11090 12
11674 17
11674 28
11674 75
11637 21
11637 135
11637 153
11700 30
11087 86
11617 180
11617 194
11617 219
11680 3
11075 62
11795 0
11553 130
11553 138
11553 158
11553 175
11617 9
11505 17
11802 26
11802 61
11802 65
11802 66
11802 149
11802 164
11291 23
11540 45
11779 67
11779 92
11779 106
11779 201
11237 83
11127 7
11281 0
11787 133
11194 70
11264 23
11264 72
11599 16
11187 188
11187 226
11187 326
11157 2
11203 72
11171 55
11583 25
11166 21
11166 86
11777 11
11509 85
11509 96
11284 6
11851 25
11198 6
11198 14
11198 207
11132 13
11492 44
11866 179
11238 29
11238 47
11611 7
11726 122
11853 30
11853 63
11186 93
11186 180
11186 184
11186 189
11270 10
11270 26
11270 51
11234 22
11545 104
11545 120
11139 7
11264 33
11844 328
11204 6
11682 18
11682 37
11682 58
11682 98
11605 250
11691 112
11691 116
11059 43
11059 58
11537 296
11537 304
11112 168
11112 255
11679 3
11679 10
11679 98
11679 161
11639 20
11639 66
11639 93
11087 108
11064 20
11064 110
11064 133
11064 192
11064 200
11577 12
11577 28
11709 121
11550 15
11550 28
11550 58
11550 59
11604 313
11751 21
11751 28
11751 34
11793 43
11793 54
11793 87
11793 110
11133 52
11133 124
11133 146
11753 59
11829 11
11829 64
11829 78
11829 152
11591 152
11586 4
11586 11
11067 5
11086 127
11086 155
11086 200
11146 32
11146 182
11146 268
11201 49
11197 106
11551 1
11554 88
11554 99
11740 42
11740 122
11740 143
11072 15
11072 26
11779 15
11779 58
11779 71
11779 86
11779 127
11779 256
11687 68
11085 14
11583 36
11583 52
11172 46
11172 74
11172 83
11636 19
11804 11
11804 13
11804 53
11804 150
11804 187
11753 41
11753 56
11715 66
11715 172
11715 223
11782 13
11782 102
11782 152
11782 162
11608 4
11608 49
11291 133
11518 45
11518 83
11803 33
11803 96
11581 69
11685 58
11685 109
11685 122
11518 31
11518 52
11518 56
11568 16
11568 30
11520 7
11520 101
11520 183
11520 186
11520 257
11618 80
11618 101
11553 74
11791 83
11791 117
11791 151
11791 235
11791 259
11791 262
11524 124
11524 180
11524 191
11524 198
11524 236
11524 271
11294 43
11672 36
11672 41
11672 44
11685 47
11685 98
11685 111
11664 46
11664 58
11664 92
11678 127
11678 190
11678 207
11841 59
11841 62
11791 10
11791 44
11791 78
11791 85
11791 86
11791 136
11791 168
11791 197
11086 96
11086 198
11087 43
11087 123
11087 168
11072 31
11072 75
11796 83
11796 99
11796 122
11680 50
11680 81
11680 99
11177 35
11135 38
11605 31
11605 102
11605 130
11605 151
11605 174
11605 212
11605 213
11605 217
11787 41
11133 129
11264 114
11508 95
11508 169
11786 269
11832 59
11758 99
11149 2
11618 46
11618 180
11278 310
11278 322
11505 3
11505 18
11066 31
11721 31
11721 74
11721 98
11681 30
11681 96
11681 103
11128 55
11506 9
11506 10
11506 22
11634 36
11201 15
11149 9
11149 33
11149 37
11568 15
11758 94
11134 153
11640 4
11071 130
11071 132
11829 9
11829 52
11829 101
11829 147
11829 156
11779 18
11779 72
11779 156
11779 160
11779 257
11779 258
11779 277
11613 18
11578 41
11578 94
11591 163
11614 13
11614 67
11614 70
11614 86
11614 116
11614 150
11625 34
11625 44
11763 38
11603 14
11133 8
11133 88
11632 34
11143 44
11614 4
11614 35
11614 160
11260 4
11271 41
11761 8
11761 187
11786 110
11078 23
11755 112
11660 33
11112 195
11571 2
11073 28
11073 42
11073 78
11765 93
11765 121
11765 122
11765 165
11765 227
11765 239
11232 13
11494 93
11494 208
11294 10
11727 204
11171 26
11171 76
11565 156
11593 28
11593 68
11543 35
11631 54
11631 175
11631 181
11631 268
11059 2
11729 44
11729 82
11729 95
11729 99
11759 21
11759 112
11759 132
11759 151
11759 157
11759 210
11720 155
11720 183
11069 115
11505 24
11505 41
11145 4
11068 44
11259 92
11127 26
11087 46
11678 10
11678 28
11678 70
11678 130
11678 156
11793 91
11240 12
11653 82
11653 84
11830 157
11249 52
11742 127
11742 129
11742 209
11742 214
11215 76
11609 2
11609 97
11609 142
11609 160
11609 169
11609 170
11609 177
11059 21
11059 24
11802 15
11802 27
11802 156
11066 119
11066 131
11531 24
11531 97
11531 147
11294 3
11294 38
11553 19
11553 24
11553 96
11049 1
11239 37
11527 9
11527 91
11275 100
11275 104
11675 28
11675 75
11543 147
11543 153
11543 182
11116 143
11730 4
11553 156
11553 159
11553 212
11665 104
11665 147
11543 264
11819 14
11819 49
11819 57
11819 72
11672 29
11228 35
11677 123
11568 13
11173 63
11173 64
11710 55
11710 89
11710 96
11738 29
11738 56
11738 106
11738 129
11738 155
11738 265
11726 53
11726 61
11846 99
11846 114
11730 13
11614 48
11614 120
11614 181
11546 8
11546 77
11679 34
11691 32
11145 23
11197 14
11065 144
11064 4
11260 1
11605 8
11605 23
11605 94
11605 120
11605 132
11605 192
11605 235
11605 280
11605 294
11529 184
11529 285
11529 300
11073 83
11570 45
11570 79
11692 18
11726 81
11726 142
11726 153
11726 244
11693 1
11644 222
11553 142
11553 185
11553 248
11751 44
11751 70
11751 131
11751 155
11168 70
11618 50
11242 19
11614 162
11749 66
11749 72
11715 15
11715 78
11715 105
11715 173
11715 193
11786 58
11786 147
11786 169
11786 191
11786 205
11786 286
11169 83
11169 226
11780 92
11780 132
11780 188
11529 280
11120 25
11120 55
11532 15
11786 46
11786 86
11786 103
11786 162
11786 195
11786 196
11786 248
11786 252
11133 22
11133 54
11133 67
11133 177
11535 65
11492 132
11173 43
11505 132
11589 42
11589 46
11589 56
11589 191
11589 232
11631 7
11796 5
11796 30
11796 162
11796 174
11169 12
11169 58
11090 21
11090 41
11115 78
11291 297
11537 303
11809 28
11830 5
11830 43
11145 10
11848 52
11848 106
11848 116
11848 145
11848 282
11848 9
11848 161
11848 192
11848 215
11848 307
11088 8
11088 14
11088 47
11742 144
11742 208
11742 242
11075 56
11075 75
11064 49
11064 57
11064 92
11064 107
11064 159
11064 161
11738 11
11738 104
11738 109
11738 171
11738 214
11738 235
11738 250
11255 20
11593 115
11568 31
11132 19
11186 3
11836 70
11224 3
11761 69
11761 107
11761 114
11170 2
11677 161
11847 5
11813 29
11813 45
11813 69
11813 115
11813 135
11802 144
11802 180
11197 24
11774 54
11119 144
11119 162
11146 184
11290 107
11290 176
11290 202
11290 287
11290 306
11290 327
11072 8
11072 89
11604 54
11604 89
11604 123
11813 196
11813 197
11813 239
11813 240
11854 78
11854 86
11685 161
11685 192
11685 214
11685 262
11685 290
11867 2
11867 85
11524 2
11524 65
11524 82
11524 165
11524 170
11524 227
11524 235
11524 261
11297 3
11297 43
11198 13
11198 52
11198 56
11196 148
11853 36
11853 39
11853 56
11169 150
11169 218
11687 18
11687 25
11687 97
11687 206
11800 36
11800 89
11614 76
11614 128
11528 5
11528 16
11769 61
11769 100
11867 40
11867 93
11728 226
11728 306
11291 255
11829 3
11829 30
11829 60
11829 66
11829 68
11829 131
11618 32
11618 115
11618 122
11618 162
11554 33
11554 36
11554 41
11554 52
11554 74
11851 77
11751 212
11751 250
11751 254
11751 283
11751 315
11751 320
11751 339
11070 0
11070 214
11070 230
11071 12
11071 98
11071 139
11071 232
11724 45
11724 172
11724 180
11724 207
11724 218
11724 219
11724 318
11724 338
11780 67
11780 79
11780 84
11780 103
11557 15
11557 33
11557 57
11557 81
11721 159
11238 23
11550 113
11550 168
11550 214
11550 257
11720 38
11720 55
11720 60
11720 179
11723 94
11723 104
11723 139
11723 171
11723 247
11723 259
11723 293
11203 59
11796 23
11796 171
11796 184
11796 189
11090 110
11791 27
11791 91
11791 102
11791 137
11791 293
11791 308
11510 10
11677 14
11677 42
11170 11
11291 236
11537 35
11537 53
11537 146
11537 201
11537 249
11537 268
11546 6
11546 55
11546 67
11546 70
11546 143
11606 104
11606 143
11606 154
11606 170
11278 133
11278 135
11278 201
11716 77
11766 72
11766 83
11766 200
11766 250
11628 9
11628 61
11628 88
11628 109
11628 113
11628 173
11628 175
11852 3
11852 45
11852 51
11852 88
11833 152
11833 184
11833 207
11833 221
11833 241
11833 245
11142 7
11142 17
11665 109
11665 135
11751 17
11751 91
11751 116
11751 127
11278 2
11278 92
11278 128
11278 197
11278 223
11545 15
11545 85
11545 91
11545 112
11545 170
11544 50
11618 18
11618 28
11618 71
11618 86
11618 116
11618 193
11285 3
11604 55
11290 19
11290 56
11290 91
11290 200
11811 23
11811 35
11811 40
11811 67
11811 92
11811 195
11811 236
11739 5
11492 55
11087 68
11710 36
11831 36
11831 57
11278 111
11278 199
11278 219
11733 38
11738 191
11738 241
11531 150
11067 0
11067 17
11067 42
11632 0
11632 22
11133 14
11133 37
11133 133
11680 4
11680 55
11680 147
11270 38
11270 48
11558 2
11851 45
11154 17
11553 120
11169 8
11120 103
11179 12
11206 16
11729 88
11259 22
11716 71
11149 6
11197 57
11494 150
11744 12
11242 23
11619 46
11687 81
11617 59
11617 70
11678 166
11678 198
11833 320
11762 182
11608 121
11804 149
11779 7
11779 247
11833 121
11774 49
11675 12
11243 48
11146 310
11229 7
11520 130
11854 7
11759 85
11759 110
11759 123
11759 172
11759 235
11631 79
11083 48
11083 199
11510 13
11561 52
11206 28
11946 34
11626 87
11570 27
11570 78
11561 54
11561 61
11720 53
11720 78
11720 104
11720 145
11720 188
11720 191
11724 43
11724 89
11724 203
11724 225
11724 272
11119 15
11294 27
11173 39
11237 67
11237 78
11075 52
11603 7
11134 156
11543 198
11543 258
11543 85
11543 158
11543 161
11561 41
11557 71
11557 95
11557 100
11793 5
11793 59
11285 33
11234 15
11234 73
11630 40
11630 46
11630 81
11630 112
11630 155
11145 19
11686 26
11578 68
11578 72
11505 104
11793 0
11069 92
11077 89
11077 94
11279 11
11719 37
11719 67
11196 37
11196 57
11196 82
11286 36
11286 65
11698 29
11698 102
11550 17
11550 35
11550 65
11830 39
11830 97
11830 133
11830 191
11568 6
11568 14
11568 21
11568 39
11638 27
11638 28
11638 30
11194 52
11247 15
11133 71
11133 93
11255 15
11682 22
11682 52
11134 13
11844 11
11844 84
11844 169
11844 258
11601 230
11601 252
11601 256
11601 271
11601 277
11830 307
11233 150
11509 4
11509 62
11509 90
11509 109
11853 10
11853 20
11853 46
11836 40
11836 49
11836 57
11796 54
11796 119
11796 134
11553 42
11086 55
11637 10
11815 54
11815 57
11815 86
11815 177
11815 198
11815 294
11172 67
11244 20
11698 23
11698 27
11698 79
11698 108
11698 114
11626 69
11626 84
11685 56
11685 94
11687 212
11819 13
11630 132
11630 159
11630 182
11138 64
11274 6
11274 22
11778 59
11519 270
11519 279
11519 298
11679 88
11120 22
11120 45
11120 80
11120 90
11807 40
11493 43
11069 60
11833 67
11833 94
11604 31
11604 32
11604 132
11604 164
11604 264
11604 291
11604 300
11724 29
11724 91
11724 174
11724 189
11724 236
11724 288
11724 306
11724 309
11189 19
11198 180
11198 220
11644 31
11644 105
11644 201
11644 211
11644 220
11644 223
11644 225
11212 34
11069 9
11069 84
11069 86
11086 3
11774 1
11774 6
11782 16
11782 72
11782 100
11782 130
11591 21
11591 31
11591 75
11591 133
11591 136
11775 84
11518 32
11518 108
11119 32
11119 89
11841 96
11726 60
11738 26
11738 28
11738 93
11738 119
11738 179
11678 218
11678 226
11678 238
11678 291
11639 43
11639 65
11696 7
11696 12
11065 51
11065 153
11274 77
11288 1
11848 108
11848 119
11848 135
11848 169
11848 213
11144 41
11726 216
11726 273
11726 281
11726 282
11726 285
11726 289
11726 324
11726 329
11090 160
11813 183
11813 215
11813 245
11238 2
11820 153
11820 160
11820 161
11820 170
11820 173
11820 181
11820 183
11759 39
11759 47
11848 33
11820 190
11820 225
11820 242
11820 284
11720 77
11720 95
11720 160
11720 172
11608 141
11186 174
11623 36
11623 72
11840 3
11187 48
11187 181
11187 186
11187 204
11507 149
11769 31
11738 18
11738 65
11738 79
11738 238
11765 117
11765 164
11765 203
11765 219
11742 172
11742 195
11742 220
11742 258
11742 270
11742 272
11721 100
11290 66
11290 304
11197 9
11197 13
11197 104
11197 117
11759 29
11759 31
11759 248
11619 90
11619 142
11619 152
11787 123
11644 24
11644 83
11644 156
11545 286
11545 297
11290 290
11800 29
11800 120
11800 133
11800 151
11134 106
11194 50
11605 15
11605 59
11605 95
11605 134
11265 5
11576 7
11629 16
11166 28
11166 98
11792 2
11659 6
11741 31
11741 78
11741 108
11741 130
11290 2
11290 72
11290 218
11290 284
11147 0
11677 83
11625 2
11664 25
11083 21
11083 28
11083 76
11083 151
11551 9
11655 5
11655 6
11529 187
11529 273
11529 275
11543 224
11543 256
11543 273
11543 281
11678 211
11678 227
11678 241
11545 188
11545 276
11545 310
11213 17
11675 114
11675 154
11675 171
11675 188
11134 4
11134 30
11581 43
11581 74
11581 88
11172 4
11172 64
11150 176
11065 39
11713 126
11713 166
11068 3
11521 161
11811 0
11811 63
11811 107
11811 135
11811 176
11666 71
11527 35
11527 85
11527 129
11545 197
11851 34
11625 12
11625 64
11575 47
11658 11
11072 42
11707 117
11707 120
11707 147
11698 31
11698 59
11751 323
11112 236
11112 265
11545 200
11545 213
11545 247
11545 274
11545 314
11545 315
11271 36
11271 54
11854 73
11854 85
11619 27
11619 32
11619 49
11206 63
11707 119
11707 128
11693 47
11693 74
11519 6
11519 30
11519 97
11519 177
11519 211
11519 229
11664 129
11292 12
11225 18
11666 11
11150 9
11795 7
11751 277
11285 55
11149 182
11149 311
11675 166
11756 23
11756 37
11756 47
11756 192
11756 226
11756 241
11787 59
11617 96
11617 127
11617 135
11617 179
11617 222
11685 172
11685 184
11685 194
11685 318
11512 4
11512 72
11512 74
11512 78
11519 19
11519 29
11519 65
11519 92
11519 166
11519 195
11279 106
11215 66
11815 32
11815 149
11815 181
11815 222
11815 336
11945 133
11707 174
11830 86
11830 139
11830 140
11830 164
11830 175
11659 3
11213 16
11728 338
11291 199
11291 291
11578 31
11761 51
11557 32
11557 42
11557 45
11281 3
11503 8
11841 56
11841 79
11652 96
11179 16
11574 4
11264 58
11264 63
11203 30
11172 63
11713 179
11675 112
11675 164
11587 3
11587 7
11213 80
11744 5
11509 97
11076 0
11076 5
11290 20
11290 49
11290 105
11290 262
11085 20
11723 13
11723 47
11723 68
11723 206
11723 210
11723 243
11723 335
11495 2
11495 25
11275 70
11737 46
11737 54
11737 65
11737 128
11737 165
11260 38
11508 5
11508 38
11508 149
11508 189
11749 39
11086 13
11086 31
11086 34
11618 125
11618 154
11186 231
11186 298
11186 329
11187 3
11187 5
11187 231
11187 276
11845 37
11845 54
11845 198
11845 210
11509 1
11509 17
11509 146
11726 149
11664 48
11664 75
11664 110
11509 34
11509 95
11774 47
11774 71
11606 160
11740 284
11740 310
11802 122
11713 130
11713 161
11713 206
11687 41
11761 163
11219 80
11133 76
11133 82
11133 145
11133 153
11213 27
11501 36
11574 101
11574 196
11508 61
11508 88
11508 94
11508 176
11508 262
11783 24
11783 38
11713 67
11713 84
11713 89
11639 73
11639 79
11639 81
11565 292
11698 4
11698 70
11698 99
11754 68
11830 90
11761 103
11761 121
11073 18
11073 51
11553 79
11494 113
11197 59
11197 118
11197 122
11233 125
11233 152
11545 87
11545 88
11074 25
11281 6
11281 9
11090 134
11574 55
11171 9
11171 72
11278 114
11278 125
11724 110
11724 182
11064 157
11681 63
11681 121
11146 43
11146 86
11146 95
11146 98
11146 209
11146 253
11219 12
11291 44
11291 113
11083 75
11083 106
11083 213
11049 74
11150 105
11782 28
11811 18
11811 86
11811 101
11811 119
11811 172
11811 196
11793 68
11793 71
11793 96
11793 113
11171 6
11134 15
11646 5
11646 10
11646 32
11646 43
11494 83
11494 100
11494 106
11557 21
11557 86
11557 88
11557 89
11087 25
11087 58
11685 62
11685 114
11685 134
11685 164
11203 35
11184 6
11184 26
11601 33
11601 36
11601 57
11601 147
11601 173
11724 42
11724 170
11565 296
11845 40
11845 88
11845 104
11215 30
11215 103
11172 16
11727 205
11727 215
11727 266
11727 317
11821 16
11821 69
11821 90
11821 91
11821 92
11821 109
11821 141
11844 22
11844 25
11844 38
11844 151
11844 228
11844 273
11674 21
11674 76
11572 12
11802 33
11802 90
11802 118
11083 160
11083 170
11759 34
11759 62
11759 111
11759 244
11171 87
11519 271
11519 286
11519 291
11519 303
11601 187
11601 274
11601 296
11601 314
11761 156
11761 161
11761 169
11761 194
11614 50
11614 104
11614 146
11614 177
11644 2
11644 28
11644 159
11644 187
11644 204
11644 208
11531 72
11112 123
11112 258
11713 141
11713 173
11749 56
11749 64
11553 127
11779 25
11749 49
11749 85
11749 99
11608 70
11608 157
11064 189
11626 73
11715 10
11715 25
11715 41
11715 93
11715 104
11715 176
11237 80
11575 32
11575 38
11575 49
11737 5
11737 138
11737 187
11737 198
11762 6
11762 102
11762 197
11762 221
11762 261
11762 333
11243 9
11243 83
11557 18
11557 82
11557 116
11755 3
11755 5
11755 7
11755 13
11755 19
11291 203
11291 232
11291 293
11291 305
11791 62
11791 98
11791 164
11791 196
11791 258
11791 287
11791 304
11775 19
11271 2
11271 55
11168 41
11168 108
11168 119
11691 89
11691 128
11691 156
11628 32
11628 103
11628 168
11628 215
11628 313
11842 79
11842 165
11842 174
11842 191
11813 207
11506 74
11506 109
11756 40
11756 67
11756 90
11756 158
11756 176
11756 222
11756 292
11086 89
11759 1
11625 9
11740 252
11601 283
11786 279
11081 127
11169 187
11190 19
11622 5
11197 54
11820 199
11820 216
11820 227
11820 281
11724 9
11091 85
11177 2
11146 74
11146 264
11146 323
11829 84
11829 180
11829 183
11606 97
11644 242
11233 45
11733 19
11075 80
11625 53
11848 123
11632 83
11698 76
11698 107
11742 4
11742 53
11800 11
11800 16
11075 53
11508 15
11508 26
11508 46
11508 126
11508 151
11613 21
11087 6
11087 148
11219 92
11629 24
11629 29
11066 21
11550 42
11685 51
11685 116
11685 143
11685 146
11196 205
11779 223
11733 5
11733 7
11733 23
11128 51
11721 158
11187 74
11168 109
11742 175
11742 182
11742 271
11068 21
11166 63
11851 61
11233 26
11233 95
11742 6
11742 40
11059 40
11609 265
11693 62
11653 68
11068 36
11168 103
11275 9
11846 69
11164 16
11601 293
11217 27
11678 50
11678 134
11947 25
11947 28
11947 89
11772 1
11544 31
11196 103
11212 36
11816 13
11737 84
11737 93
11737 136
11709 49
11709 80
11504 49
11614 92
11614 133
11614 192
11532 43
11083 80
11083 110
11083 122
11237 35
11819 71
11819 79
11544 19
11243 66
11657 6
11765 114
11765 131
11765 167
11765 205
11668 45
11668 77
11668 122
11716 44
11599 50
11599 59
11599 61
11762 62
11762 84
11762 125
11762 142
11762 147
11762 170
11599 19
11599 21
11081 75
11120 51
11120 104
11120 149
11071 116
11071 229
11071 249
11169 117
11169 146
11800 62
11625 5
11625 39
11625 68
11169 29
11169 46
11169 67
11270 67
11270 85
11133 113
11133 152
11086 205
11846 37
11546 18
11546 76
11546 122
11546 148
11263 14
11751 256
11069 90
11069 97
11769 77
11769 86
11769 95
11518 81
11518 98
11518 106
11518 110
11518 129
11832 55
11601 22
11601 61
11601 70
11601 148
11601 158
11146 5
11146 190
11146 292
11727 191
11127 27
11575 21
11087 21
11087 115
11086 8
11086 24
11830 66
11830 96
11830 176
11830 248
11677 41
11677 76
11553 188
11759 154
11759 167
11759 251
11631 1
11631 85
11631 104
11631 142
11631 184
11531 120
11213 19
11279 107
11765 119
11765 169
11765 209
11765 216
11787 97
11787 110
11529 8
11765 125
11765 147
11765 177
11765 194
11765 236
11290 117
11290 174
11290 295
11290 338
11637 35
11637 44
11637 52
11637 121
11637 169
11524 44
11524 60
11524 103
11524 149
11524 177
11524 262
11733 27
11505 44
11505 127
11575 4
11575 11
11575 19
11715 49
11715 141
11715 200
11715 228
11715 229
11727 11
11727 35
11727 70
11727 87
11727 96
11786 3
11786 74
11786 220
11786 273
11786 283
11786 301
11786 304
11278 50
11278 69
11278 124
11520 18
11520 37
11520 56
11520 65
11520 95
11520 174
11520 202
11520 273
11618 33
11618 67
11618 68
11618 93
11618 134
11618 146
11618 152
11618 175
11601 19
11601 30
11601 64
11601 74
11601 128
11785 4
11787 167
11787 186
11830 238
11259 45
11259 46
11761 74
11224 10
11224 14
11509 88
11509 174
11146 164
11146 183
11146 274
11691 16
11274 44
11274 90
11591 8
11591 20
11591 98
11591 123
11150 142
11150 156
11187 93
11187 107
11187 266
11187 305
11811 146
11811 149
11811 189
11811 205
11640 6
11640 35
11640 53
11537 106
11715 80
11715 134
11715 150
11715 168
11715 247
11678 42
11678 93
11678 119
11726 106
11726 191
11726 196
11726 200
11726 212
11726 240
11614 9
11614 43
11614 65
11614 88
11700 0
11700 13
11067 71
11726 35
11726 73
11727 46
11049 42
11213 5
11134 50
11208 17
11259 4
11529 24
11529 123
11529 143
11804 84
11804 132
11804 318
11150 47
11150 71
11150 172
11691 101
11691 104
11691 158
11691 37
11691 51
11851 59
11693 6
11693 86
11184 31
11601 6
11281 15
11756 107
11726 194
11619 92
11619 95
11619 201
11264 68
11166 46
11173 104
11537 191
11726 47
11138 29
11138 39
11775 21
11775 115
11186 254
11186 279
11186 332
11754 100
11829 80
11829 92
11829 158
11187 235
11214 64
11064 40
11064 116
11064 203
11135 12
11758 71
11275 24
11173 11
11173 120
11173 131
11291 211
11291 233
11625 67
11072 0
11072 54
11065 99
11740 116
11781 25
11270 15
11270 88
11071 15
11071 96
11071 122
11071 197
11617 120
11219 45
11742 109
11742 133
11742 189
11742 196
11742 245
11227 3
11709 68
11709 105
11115 87
11754 8
11754 70
11830 9
11186 267
11674 11
11674 48
11713 26
11713 29
11713 85
11074 15
11074 83
11278 137
11278 161
11278 175
11278 195
11727 130
11727 195
11179 0
11179 2
11144 43
11190 8
11821 60
11821 83
11821 136
11821 138
11586 8
11286 21
11286 62
11286 86
11613 26
11625 17
11625 19
11625 61
11242 16
11071 22
11071 58
11071 109
11071 250
11779 136
11779 164
11779 185
11779 259
11779 285
11779 37
11779 119
11779 123
11779 189
11779 198
11779 224
11153 1
11211 36
11831 60
11584 128
11740 39
11740 47
11740 93
11740 132
11144 16
11763 59
11184 37
11779 203
11198 107
11198 130
11198 249
11844 277
11519 297
11141 6
11605 0
11508 56
11508 106
11184 76
11550 1
11550 50
11282 12
11282 38
11787 187
11787 188
11228 7
11087 130
11866 164
11794 5
11243 1
11243 74
11169 194
11845 20
11845 66
11144 32
11550 111
11550 159
11550 223
11202 52
11945 118
11776 167
11653 70
11653 73
11568 45
11782 7
11782 10
11782 34
11782 113
11238 31
11539 45
11539 49
11557 2
11557 8
11128 16
11128 20
11217 17
11494 103
11667 13
11120 31
11724 1
11724 14
11724 16
11143 53
11691 52
11763 13
11259 68
11741 48
11741 127
11283 28
11283 80
11196 56
11196 80
11196 125
11947 15
11947 56
11947 97
11672 33
11672 57
11853 12
11544 57
11504 54
11278 34
11133 95
11809 32
11066 12
11066 125
11066 229
11507 85
11787 68
11787 96
11545 219
11075 57
11606 205
11606 236
11606 304
11678 242
11813 19
11813 145
11813 153
11813 178
11813 198
11813 204
11813 205
11127 9
11762 55
11090 54
11274 87
11115 104
11544 28
11544 30
11800 85
11208 23
11604 315
11169 54
11169 69
11786 40
11786 125
11613 32
11613 40
11613 47
11687 47
11238 27
11535 82
11274 100
11068 22
11068 41
11068 56
11073 4
11073 15
11685 16
11685 55
11685 69
11184 16
11184 57
11184 66
11184 79
11619 220
11687 12
11687 20
11687 209
11219 1
11219 28
11219 99
11112 257
11112 262
11177 22
11070 39
11070 66
11070 100
11524 10
11524 32
11524 104
11524 146
11524 175
11524 254
11291 313
11259 17
11508 289
11508 301
11830 38
11830 118
11830 200
11830 245
11830 263
11554 16
11554 57
11554 112
11237 92
11685 61
11685 93
11135 2
11135 23
11581 2
11581 52
11581 101
11741 37
11741 96
11787 27
11546 92
11546 99
11546 107
11637 31
11637 123
11637 186
11169 175
11291 115
11693 75
11677 104
11677 163
11278 30
11278 99
11278 229
11278 257
11793 15
11793 29
11606 225
11606 298
11576 30
11841 20
11846 6
11846 103
11065 52
11065 75
11146 3
11146 54
11146 81
11146 203
11727 250
11723 43
11723 62
11723 86
11723 129
11723 201
11723 262
11723 316
11786 11
11786 18
11786 39
11786 83
11786 129
11786 264
11786 290
11197 47
11197 87
11532 9
11532 34
11759 106
11759 131
11759 168
11759 250
11759 253
11072 67
11072 72
11815 92
11815 95
11815 217
11815 225
11815 231
11707 85
11707 155
11707 162
11707 180
11081 137
11830 92
11830 146
11830 152
11830 165
11830 189
11830 211
11673 30
11281 12
11751 65
11275 63
11537 8
11537 28
11537 87
11537 243
11847 29
11847 35
11847 38
11847 44
11847 47
11847 66
11147 14
11677 68
11677 137
11677 139
11677 152
11677 157
11128 11
11139 26
11716 13
11211 12
11638 18
11198 187
11910 9
11264 30
11575 74
11503 1
11710 18
11710 41
11710 50
11710 75
11164 10
11202 57
11741 28
11741 118
11741 146
11693 30
11606 184
11116 160
11203 44
11946 30
11727 270
11091 104
11091 164
11537 153
11537 158
11537 226
11723 133
11723 140
11723 149
11723 211
11723 285
11723 318
11723 328
11738 252
11201 4
11233 53
11233 146
11179 1
11196 69
11271 43
11756 38
11756 115
11756 155
11756 179
11756 251
11756 288
11817 2
11601 117
11775 83
11698 2
11754 31
11292 34
11639 17
11639 94
11639 108
11675 117
11675 163
11675 173
11247 13
11709 3
11709 8
11709 22
11696 23
11696 72
11572 9
11526 16
11086 159
11243 80
11278 109
11847 21
11147 42
11853 66
11196 229
11505 1
11270 70
11150 46
11150 109
11150 168
11086 136
11292 14
11203 21
11203 87
11599 1
11599 48
11599 49
11599 57
11601 5
11601 122
11833 206
11833 308
11593 11
11226 24
11740 206
11740 266
11740 282
11740 318
11740 326
11073 21
11073 50
11073 60
11071 140
11071 144
11071 200
11291 214
11197 40
11197 66
11274 45
11112 207
11728 100
11728 150
11728 167
11728 233
11728 253
11728 272
11728 284
11728 287
11515 43
11263 54
11134 73
11134 104
11578 48
11685 222
11726 118
11723 306
11729 7
11120 110
11783 10
11783 51
11263 22
11237 41
11665 83
11506 35
11169 122
11842 31
11842 158
11842 160
11551 4
11551 52
11551 102
11551 104
11537 302
11537 311
11681 68
11528 1
11528 35
11844 72
11829 7
11829 46
11829 179
11829 182
11219 7
11682 48
11682 91
11171 71
11540 20
11740 190
11066 94
11066 121
11740 92
11740 121
11076 16
11260 25
11049 63
11205 38
11793 127
11793 129
11793 145
11793 151
11793 154
11793 157
11852 48
11213 85
11844 213
11844 231
11844 269
11844 274
11844 296
11844 302
11844 304
11605 82
11170 17
11946 5
11946 37
11196 222
11259 101
11626 37
11626 64
11529 193
11529 250
11803 5
11803 26
11803 110
11803 118
11844 23
11619 89
11619 97
11619 191
11947 10
11742 62
11503 21
11945 125
11945 136
11508 299
11687 24
11687 109
11687 179
11599 64
11637 69
11637 95
11637 144
11637 182
11796 73
11796 129
11796 135
11290 17
11290 242
11264 85
11759 75
11848 142
11609 48
11609 100
11609 111
11187 260
11802 4
11802 8
11802 51
11802 100
11831 9
11831 73
11674 46
11674 69
11575 22
11171 32
11171 58
11066 37
11066 132
11066 209
11066 245
11234 62
11234 74
11234 79
11660 18
11660 41
11787 1
11787 16
11815 11
11815 39
11815 188
11729 41
11729 49
11729 76
11529 55
11529 111
11066 153
11066 173
11283 98
11283 101
11147 3
11147 11
11606 226
11606 293
11606 300
11071 108
11071 165
11071 205
11198 135
11202 9
11202 19
11202 34
11537 64
11537 151
11537 162
11537 179
11537 181
11537 261
11090 59
11090 88
11090 126
11091 139
11686 2
11686 12
11686 16
11665 34
11665 52
11665 67
11665 126
11083 81
11049 55
11049 66
11759 11
11759 96
11759 113
11759 137
11759 182
11759 188
11759 227
11759 247
11512 5
11150 111
11150 113
11150 118
11150 145
11149 104
11149 153
11149 157
11149 318
11685 155
11685 186
11685 239
11685 270
11685 313
11237 61
11237 71
11832 44
11832 99
11832 134
11832 160
11787 181
11847 49
11847 84
11847 117
11802 2
11802 79
11802 83
11802 151
11762 316
11709 70
11507 33
11792 17
11691 50
11847 30
11696 9
11815 139
11815 140
11815 142
11815 158
11815 313
11815 335
11617 225
11753 5
11794 10
11088 4
11565 204
11608 0
11116 150
11537 213
11515 13
11068 88
11186 251
11186 290
11088 59
11609 300
11609 315
11228 14
11532 69
11532 85
11630 9
11196 111
11844 64
11844 93
11844 168
11844 186
11844 233
11844 266
11693 49
11693 73
11208 4
11830 305
11830 333
11118 270
11137 6
11201 23
11201 51
11741 2
11741 15
11741 90
11741 110
11802 50
11802 57
11802 194
11847 70
11619 71
11728 80
11728 132
11728 146
11728 177
11728 210
11728 262
11070 158
11848 8
11848 70
11848 117
11848 165
11848 288
11848 298
11685 329
11071 125
11071 258
11064 53
11064 70
11064 127
11064 135
11064 138
11495 33
11196 224
11761 248
11761 251
11796 192
11618 30
11618 42
11618 195
11604 30
11604 96
11604 134
11604 262
11604 280
11604 285
11604 307
11059 25
11945 127
11203 60
11741 30
11741 129
11741 145
11505 116
11505 124
11505 168
11202 47
11515 7
11243 60
11294 34
11294 53
11294 56
11259 99
11619 37
11619 80
11172 8
11833 235
11833 295
11833 324
11726 121
11726 129
11726 175
11726 184
11565 226
11184 8
11754 2
11754 65
11134 36
11626 70
11619 38
11619 50
11149 167
11149 261
11804 23
11804 60
11804 63
11599 0
11599 13
11112 199
11070 99
11070 103
11802 230
11802 240
11067 52
11727 189
11537 85
11139 72
11819 19
11819 98
11213 38
11211 28
11187 13
11187 37
11187 118
11675 88
11675 167
11186 69
11505 6
11239 87
11239 110
11112 166
11112 232
11112 246
11067 15
11243 7
11243 29
11238 10
11836 33
11836 88
11836 90
11296 9
11296 47
11239 71
11069 0
11069 78
11069 95
11793 125
11793 143
11793 176
11793 286
11793 302
11520 8
11520 63
11520 116
11049 22
11049 60
11742 106
11742 126
11742 159
11742 198
11742 290
11570 60
11187 319
11847 83
11775 40
11059 4
11133 17
11133 130
11755 4
11755 9
11755 11
11625 3
11625 63
11726 50
11726 59
11726 66
11726 74
11524 89
11540 1
11540 6
11796 191
11584 34
11584 57
11584 101
11086 214
11064 171
11090 51
11598 22
11182 156
11668 13
11198 198
11206 37
11206 54
11644 194
11630 52
11565 284
11719 61
11128 21
11128 59
11154 15
11504 33
11631 26
11631 107
11631 156
11631 168
11631 206
11631 216
11631 250
11554 56
11504 79
11783 46
11630 21
11293 17
11492 86
11851 40
11189 0
11787 145
11787 153
11608 62
11529 260
11529 289
11646 2
11646 100
11065 71
11550 97
11550 136
11550 209
11550 316
11783 11
11783 25
11783 53
11532 122
11519 287
11494 72
11494 101
11494 206
11494 219
11494 227
11559 83
11192 33
11601 164
11619 107
11619 126
11841 98
11149 152
11149 244
11115 9
11135 100
11559 62
11609 222
11609 254
11609 279
11727 185
11197 52
11074 35
11599 11
11696 30
11519 295
11194 7
11194 67
11630 175
11173 18
11769 121
11769 140
11211 16
11147 37
11233 33
11728 63
11728 90
11728 115
11728 152
11728 213
11728 245
11723 19
11723 51
11275 57
11214 34
11609 229
11609 311
11778 0
11553 140
11553 144
11553 196
11553 237
11553 238
11553 254
11169 144
11169 164
11853 14
11853 52
11501 38
11186 129
11166 37
11166 100
11841 88
11841 90
11606 240
11606 271
11606 294
11606 311
11692 3
11692 12
11759 5
11759 35
11759 66
11759 130
11759 221
11171 88
11554 23
11554 28
11291 13
11291 65
11691 121
11691 136
11503 2
11240 35
11169 23
11075 74
11230 21
11150 147
11206 23
11184 49
11713 23
11286 34
11285 40
11831 19
11831 51
11687 204
11601 205
11601 278
11601 324
11495 46
11776 22
11687 113
11233 54
11201 2
11278 55
11278 62
11709 47
11947 5
11947 46
11531 39
11531 71
11531 116
11531 146
11531 181
11133 151
11133 160
11723 64
11723 90
11723 182
11723 197
11723 220
11723 312
11521 159
11194 14
11532 13
11532 26
11532 36
11532 57
11270 57
11270 84
11816 10
11816 12
11608 150
11077 1
11077 24
11813 253
11813 256
11680 41
11680 100
11680 130
11088 57
11540 11
11665 1
11665 145
11665 146
11131 3
11724 40
11724 64
11066 60
11066 204
11215 23
11215 97
11154 29
11077 68
11866 151
11866 180
11675 29
11166 51
11664 102
11069 10
11069 31
11187 75
11187 248
11677 34
11677 47
11677 81
11677 156
11609 220
11828 17
11828 19
11233 144
11274 9
11230 18
11075 35
11068 0
11068 46
11781 9
11781 27
11665 2
11578 10
11196 94
11134 16
11149 143
11149 208
11149 217
11149 319
11769 115
11784 0
11784 2
11784 19
11784 40
11242 22
11215 6
11215 69
11215 79
11780 107
11780 119
11780 147
11780 185
11087 122
11233 109
11149 3
11149 16
11519 290
11742 110
11742 134
11742 215
11742 253
11742 254
11070 7
11070 43
11070 108
11776 0
11776 24
11776 44
11776 51
11776 71
11090 151
11613 16
11613 33
11613 42
11613 61
11214 41
11737 122
11737 177
11737 186
11749 97
11290 243
11196 214
11844 32
11844 68
11844 152
11844 181
11271 44
11715 33
11715 156
11715 204
11609 197
11800 86
11800 97
11802 146
11713 104
11196 28
11196 63
11214 61
11270 79
11629 0
11629 15
11629 46
11629 49
11090 57
11090 140
11090 174
11269 1
11761 0
11761 60
11270 30
11249 47
11557 46
11557 80
11726 4
11188 3
11730 1
11742 115
11742 192
11742 240
11742 279
11646 29
11646 79
11646 94
11646 97
11578 1
11578 51
11578 71
11071 0
11071 65
11071 69
11071 71
11071 92
11071 274
11684 9
11684 31
11684 55
11684 61
11214 13
11505 112
11249 8
11059 33
11059 65
11059 69
11775 98
11551 35
11551 47
11553 126
11553 151
11553 183
11656 4
11740 311
11578 45
11578 50
11578 75
11578 79
11617 80
11543 25
11543 33
11543 68
11512 115
11077 56
11077 83
11077 101
11609 278
11609 302
11609 305
11609 307
11507 59
11564 35
11564 83
11564 89
11564 96
11519 109
11519 151
11519 158
11519 218
11187 322
11754 54
11754 75
11691 132
11691 147
11766 66
11766 86
11766 156
11766 258
11187 30
11557 101
11557 112
11723 21
11723 23
11723 146
11723 191
11723 224
11723 226
11723 299
11138 1
11138 60
11751 190
11751 235
11751 336
11197 3
11132 18
11115 16
11772 4
11531 26
11531 88
11112 169
11112 190
11112 215
11202 61
11947 21
11947 55
11947 78
11947 88
11660 44
11550 85
11665 13
11665 68
11665 70
11665 150
11506 144
11173 69
11737 63
11737 67
11737 91
11737 104
11692 24
11794 24
11664 5
11664 61
11664 88
11674 63
11166 88
11090 9
11090 98
11090 211
11766 198
11766 221
11766 249
11776 106
11190 7
11075 17
11255 0
11186 64
11196 32
11196 96
11196 151
11591 107
11591 115
11726 105
11726 172
11726 178
11726 257
11726 331
11753 47
11664 1
11664 127
11664 128
11065 64
11065 69
11065 164
11255 4
11720 111
11545 17
11545 136
11169 53
11169 55
11169 63
11716 38
11716 45
11064 17
11064 141
11780 95
11780 124
11780 213
11742 42
11742 57
11793 8
11793 27
11793 28
11793 42
11793 58
11197 33
11197 110
11294 31
11087 66
11624 13
11720 4
11720 43
11720 59
11720 86
11720 178
11720 211
11776 11
11820 71
11820 121
11820 162
11820 167
11820 179
11820 186
11283 61
11260 17
11571 1
11537 295
11537 310
11780 52
11554 25
11554 40
11196 51
11589 35
11589 48
11589 77
11589 100
11589 207
11781 36
11781 51
11091 5
11761 3
11761 85
11759 8
11759 99
11759 142
11759 216
11796 21
11796 31
11796 61
11796 92
11796 121
11537 286
11786 338
11071 114
11815 14
11815 127
11815 146
11815 191
11815 300
11842 8
11601 42
11213 37
11644 30
11644 62
11644 101
11644 168
11501 53
11501 66
11608 33
11640 34
11564 21
11142 16
11716 42
11716 69
11581 34
11581 46
11581 90
11581 120
11188 4
11069 42
11086 5
11521 7
11696 50
11762 5
11762 7
11762 14
11762 41
11762 317
11626 35
11626 53
11201 24
11782 25
11782 30
11782 83
11782 94
11782 171
11198 15
11198 160
11198 203
11292 25
11842 117
11842 137
11842 139
11842 148
11751 53
11751 93
11751 102
11751 117
11751 138
11751 158
11622 21
11622 33
11698 24
11698 119
11728 15
11728 41
11728 85
11728 193
11728 238
11728 292
11605 55
11605 65
11605 78
11605 121
11605 194
11605 226
11605 258
11204 10
11765 96
11765 188
11765 232
11765 235
11800 79
11820 37
11820 59
11820 70
11720 47
11720 93
11720 149
11720 171
11720 174
11550 18
11550 41
11807 24
11807 29
11065 46
11065 50
11065 121
11088 32
11088 38
11088 73
11675 54
11574 22
11574 45
11574 90
11745 117
11745 181
11714 8
11716 4
11716 22
11716 62
11716 87
11724 79
11724 199
11724 234
11724 294
11724 333
11719 56
11719 60
11664 74
11184 23
11256 0
11847 88
11182 141
11710 35
11710 76
11710 79
11710 94
11710 105
11832 116
11529 205
11529 227
11678 54
11678 179
11678 197
11278 178
11278 246
11271 38
11271 70
11696 54
11696 70
11696 101
11696 108
11182 25
11182 51
11769 120
11769 135
11512 42
11512 97
11072 33
11264 17
11264 38
11524 42
11524 69
11524 114
11524 189
11524 241
11524 264
11524 274
11524 286
11630 161
11176 0
11203 67
11510 14
11066 205
11066 234
11066 253
11139 35
11572 10
11198 59
11198 74
11198 292
11692 23
11848 7
11848 29
11848 89
11848 217
11848 219
11848 285
11848 316
11848 319
11540 24
11540 57
11680 16
11680 78
11680 107
11680 194
11813 15
11813 56
11833 25
11833 95
11724 96
11724 101
11724 188
11724 198
11724 291
11724 293
11194 22
11213 8
11171 37
11867 80
11867 96
11083 19
11083 135
11083 203
11219 10
11219 82
11219 95
11146 14
11146 23
11146 141
11146 142
11146 195
11146 337
11628 45
11628 49
11628 201
11727 334
11119 22
11119 209
11120 160
11644 182
11190 6
11678 7
11678 23
11665 140
11503 26
11682 3
11682 44
11655 4
11505 10
11505 14
11505 28
11070 217
11712 28
11804 42
11804 76
11804 169
11804 196
11815 23
11815 27
11815 43
11815 60
11815 64
11815 174
11815 288
11292 29
11578 52
11807 35
11083 144
11515 32
11494 217
11539 42
11539 62
11072 21
11072 69
11501 5
11608 2
11608 55
11608 90
11608 94
11668 35
11230 4
11088 69
11816 84
11816 109
11816 121
11816 140
11816 159
11206 21
11820 28
11820 36
11618 0
11278 321
11282 45
11728 46
11728 102
11728 153
11239 78
11793 21
11678 95
11678 145
11828 22
11828 25
11120 49
11120 155
11120 159
11775 76
11780 208
11755 22
11755 25
11755 74
11765 154
11256 5
11761 177
11761 257
11524 151
11524 211
11524 291
11271 68
11685 3
11685 52
11685 90
11685 106
11685 124
11685 145
11685 150
11738 50
11738 122
11738 150
11738 215
11738 266
11146 215
11264 103
11840 11
11742 193
11691 60
11259 12
11259 23
11720 57
11628 1
11628 59
11628 77
11628 192
11494 99
11761 231
11811 6
11811 10
11811 113
11811 181
11811 197
11146 26
11146 52
11146 77
11146 155
11146 212
11146 315
11050 10
11574 38
11720 26
11720 102
11626 79
11780 41
11780 64
11780 65
11745 5
11738 44
11738 123
11738 151
11738 157
11738 186
11675 145
11759 9
11759 90
11665 76
11270 69
11270 77
11519 0
11519 75
11519 115
11519 263
11519 268
11543 120
11543 133
11543 163
11606 6
11606 47
11606 134
11727 208
11727 261
11794 7
11066 188
11066 257
11087 127
11169 188
11197 50
11626 0
11626 8
11626 13
11274 61
11854 10
11854 49
11820 26
11820 107
11820 114
11153 5
11129 8
11758 80
11758 82
11758 88
11758 106
11521 37
11521 82
11521 86
11066 24
11066 47
11066 84
11066 256
11279 51
11802 165
11577 36
11112 140
11197 34
11715 0
11715 3
11715 58
11715 71
11715 87
11715 144
11239 97
11758 70
11758 75
11758 93
11809 10
11073 30
11680 52
11680 94
11194 2
11715 31
11715 38
11715 92
11715 133
11715 138
11715 227
11715 236
11761 136
11197 18
11626 83
11139 59
11182 33
11182 65
11182 139
11189 13
11564 47
11564 85
11844 33
11844 128
11844 134
11844 225
11844 262
11543 220
11543 237
11543 268
11543 276
11665 69
11802 36
11802 56
11802 60
11802 127
11606 248
11606 308
11619 53
11619 63
11619 68
11134 132
11776 139
11291 175
11291 228
11519 74
11519 95
11519 141
11519 146
11519 169
11519 200
11519 233
11830 15
11830 19
11804 3
11804 182
11609 288
11780 31
11240 43
11238 1
11521 0
11521 55
11521 60
11521 68
11524 30
11524 36
11524 128
11524 173
11524 257
11776 9
11776 47
11201 28
11565 38
11565 70
11565 101
11565 259
11565 262
11815 48
11815 80
11815 119
11815 135
11815 304
11815 310
11833 56
11844 80
11844 142
11844 179
11844 218
11844 261
11737 53
11737 109
11737 114
11524 130
11524 184
11524 195
11802 62
11802 67
11802 94
11802 103
11233 113
11233 174
11233 184
11726 31
11601 25
11601 38
11601 177
11601 195
11606 224
11606 247
11606 317
11524 53
11524 100
11524 105
11524 140
11524 171
11524 268
11609 238
11609 258
11609 313
11609 126
11609 135
11609 146
11609 192
11609 204
11644 248
11644 263
11537 65
11537 75
11537 119
11537 124
11537 247
11203 79
11769 54
11639 87
11779 145
11187 40
11187 119
11715 20
11715 68
11715 88
11715 147
11715 194
11543 123
11543 141
11543 151
11820 239
11820 291
11186 47
11091 36
11639 2
11678 107
11166 55
11283 73
11283 77
11781 20
11781 23
11781 44
11781 56
11728 340
11143 7
11143 43
11668 58
11668 59
11668 99
11844 331
11782 9
11848 31
11848 69
11848 73
11848 87
11848 100
11848 140
11848 283
11090 95
11090 104
11090 172
11090 188
11090 225
11740 16
11740 115
11740 125
11083 54
11083 126
11083 166
11083 205
11229 25
11064 30
11271 9
11271 34
11071 193
11847 33
11847 36
11847 56
11847 59
11847 61
11639 5
11639 6
11639 11
11150 152
11149 107
11149 149
11149 174
11149 288
11619 77
11632 59
11745 71
11745 87
11745 171
11745 186
11135 49
11230 14
11720 21
11655 10
11204 9
11539 0
11539 65
11609 10
11609 47
11609 64
11609 139
11729 13
11729 51
11729 67
11729 68
11256 23
11545 92
11545 100
11545 110
11673 58
11685 28
11685 41
11685 105
11604 16
11059 16
11086 45
11086 75
11086 172
11086 231
11059 49
11531 110
11691 1
11691 48
11691 54
11270 33
11270 89
11263 3
11134 103
11793 17
11793 40
11601 255
11601 265
11253 91
11253 104
11628 4
11628 51
11628 81
11628 121
11628 140
11628 181
11253 28
11253 80
11290 45
11290 239
11685 5
11685 29
11685 53
11685 80
11685 118
11815 26
11815 68
11815 75
11758 27
11758 43
11575 12
11720 198
11691 7
11691 23
11691 63
11537 18
11537 44
11537 59
11537 173
11537 193
11537 207
11198 73
11198 115
11601 202
11601 211
11601 245
11601 297
11256 10
11286 50
11286 66
11565 39
11565 256
11728 280
11064 115
11064 151
11064 204
11698 6
11698 47
11678 216
11678 304
11678 326
11565 4
11565 26
11565 34
11565 40
11565 190
11565 280
11844 295
11844 300
11846 1
11846 15
11846 19
11846 94
11182 59
11182 177
11749 27
11119 86
11119 208
11519 5
11519 7
11519 94
11519 168
11213 46
11687 77
11687 94
11687 95
11687 111
11687 118
11687 128
11071 52
11071 97
11071 143
11071 212
11071 251
11282 15
11811 7
11811 120
11811 211
11751 211
11751 285
11787 119
11787 146
11709 65
11709 78
11050 11
11146 225
11198 27
11198 49
11198 286
11730 8
11640 44
11629 4
11629 36
11182 39
11182 115
11182 136
11657 8
11657 41
11657 62
11253 31
11253 72
11710 5
11710 24
11710 83
11138 8
11138 84
11852 2
11852 25
11852 26
11852 64
11815 52
11815 87
11815 148
11815 160
11815 161
11815 268
11815 279
11609 242
11609 262
11741 62
11741 85
11741 115
11741 133
11710 7
11710 74
11678 9
11678 31
11678 64
11678 90
11678 114
11685 157
11685 188
11685 251
11685 275
11578 49
11578 55
11578 86
11214 32
11755 15
11755 98
11755 100
11196 64
11526 12
11190 13
11631 178
11593 33
11593 93
11206 33
11756 116
11506 145
11659 0
11204 13
11801 29
11721 198
11198 25
11192 8
11709 50
11709 74
11709 128
11824 11
11786 29
11786 92
11786 167
11786 181
11786 190
11786 256
11786 263
11786 271
11786 288
11759 86
11759 87
11759 91
11759 171
11505 12
11264 79
11274 20
11543 246
11504 42
11740 5
11740 58
11740 113
11740 131
11740 142
11740 150
11733 15
11815 2
11815 9
11815 116
11815 193
11815 219
11815 287
11815 306
11081 144
11529 272
11811 102
11811 177
11811 233
11737 31
11737 95
11737 179
11737 194
11074 68
11609 28
11609 30
11609 53
11609 71
11609 158
11609 180
11171 10
11171 24
11171 43
11146 45
11146 117
11146 185
11146 242
11146 314
11557 23
11557 69
11557 73
11710 21
11710 85
11696 3
11564 14
11564 91
11754 22
11754 69
11754 78
11754 85
11820 198
11820 204
11820 290
11820 293
11589 2
11589 18
11589 58
11589 105
11495 13
11601 9
11601 44
11601 114
11601 162
11753 39
11589 229
11589 231
11065 61
11065 137
11065 182
11819 1
11819 96
11682 84
11682 102
11115 59
11507 115
11507 117
11508 27
11508 242
11174 13
11644 23
11644 121
11644 122
11644 148
11758 45
11213 50
11213 83
11507 29
11507 32
11072 109
11168 13
11075 72
11673 20
11169 72
11169 74
11632 84
11501 32
11270 42
11551 17
11551 107
11509 5
11509 19
11509 33
11685 31
11685 48
11685 97
11800 123
11800 125
11800 135
11800 163
11074 5
11581 92
11196 0
11196 78
11196 99
11196 165
11120 142
11646 7
11561 29
11561 34
11561 64
11720 40
11720 113
11720 186
11198 298
11726 160
11726 229
11726 275
11726 340
11494 257
11675 133
11675 157
11244 14
11787 117
11787 120
11794 2
11691 83
11691 113
11691 133
11543 269
11665 79
11665 80
11115 102
11297 29
11297 42
11073 37
11073 41
11214 46
11723 71
11723 96
11723 256
11723 319
11116 142
11576 27
11793 60
11849 34
11179 6
11726 83
11726 95
11726 166
11726 231
11726 253
11726 305
11712 47
11202 36
11715 4
11715 64
11715 98
11624 46
11624 54
11802 232
11693 55
11693 57
11693 90
11866 128
11820 202
11529 189
11529 243
11529 291
11529 302
11234 30
11545 198
11237 94
11813 13
11813 81
11813 102
11813 152
11232 4
11532 105
11604 2
11604 57
11604 79
11604 103
11604 131
11604 206
11604 249
11604 275
11614 190
11740 275
11740 296
11147 21
11147 32
11786 137
11786 170
11786 334
11168 112
11234 50
11192 4
11847 62
11696 5
11275 15
11275 128
11150 31
11134 46
11278 320
11112 126
11112 243
11680 15
11680 63
11680 171
11196 7
11196 35
11196 71
11801 44
11801 46
11782 8
11782 51
11782 84
11782 154
11782 198
11713 98
11243 64
11186 223
11762 314
11150 32
11674 32
11674 44
11674 68
11186 59
11070 26
11070 71
11070 93
11070 131
11829 31
11147 49
11292 2
11292 36
11685 253
11844 14
11844 17
11844 56
11844 60
11844 61
11844 143
11844 187
11844 189
11844 191
11279 24
11507 50
11782 73
11120 12
11120 13
11120 108
11132 11
11830 292
11830 315
11793 137
11793 285
11134 93
11134 101
11134 111
11593 61
11065 13
11815 46
11066 95
11700 20
11198 242
11830 321
11132 10
11215 53
11215 74
11726 119
11293 13
11169 102
11505 68
11505 79
11712 2
11712 32
11712 44
11712 108
11119 61
11782 188
11532 68
11532 93
11086 4
11086 25
11086 33
11787 32
11836 63
11836 73
11836 86
11679 1
11679 14
11679 93
11833 7
11833 31
11833 36
11833 75
11833 137
11539 21
11141 0
11831 63
11721 199
11168 64
11166 14
11646 61
11591 170
11630 80
11630 87
11501 58
11809 27
11619 148
11619 198
11619 218
11653 65
11833 255
11619 4
11049 44
11559 63
11559 79
11719 5
11719 7
11090 46
11090 48
11685 189
11685 203
11685 218
11685 271
11586 9
11809 24
11603 16
11603 25
11603 34
11174 6
11584 90
11066 3
11247 9
11833 12
11833 47
11833 122
11793 6
11514 27
11505 130
11505 153
11177 7
11213 21
11210 7
11609 201
11609 213
11656 14
11656 54
11656 60
11687 36
11515 0
11795 1
11149 11
11069 20
11776 114
11074 43
11780 121
11780 202
11740 43
11665 31
11665 55
11665 141
11665 161
11508 295
11508 297
11726 7
11726 14
11726 25
11648 29
11648 142
11648 168
11648 184
11811 19
11811 25
11811 31
11811 75
11811 144
11761 193
11761 208
11077 10
11077 60
11575 35
11575 44
11575 61
11691 117
11691 160
11691 165
11518 5
11518 114
11518 115
11518 131
11737 69
11737 102
11737 143
11203 1
11203 69
11203 95
11253 26
11253 117
11713 56
11713 94
11713 95
11842 19
11842 55
11842 63
11842 75
11842 105
11842 126
11842 171
11726 218
11726 230
11726 239
11726 274
11726 304
11168 0
11168 95
11190 15
11589 61
11589 70
11589 197
11589 213
11239 70
11233 77
11233 105
11134 26
11134 53
11519 33
11519 39
11519 61
11519 139
11519 183
11519 214
11519 215
11519 226
11687 8
11687 174
11605 12
11605 24
11678 149
11678 194
11520 32
11520 36
11520 60
11520 93
11520 211
11066 22
11066 44
11784 73
11244 46
11721 29
11721 40
11721 52
11721 68
11721 138
11142 15
11142 23
11069 65
11069 103
11069 129
11275 94
11749 74
11749 107
11637 37
11637 41
11637 62
11637 85
11274 11
11274 88
11570 20
11570 32
11570 33
11570 38
11521 19
11521 47
11780 129
11780 140
11780 196
11290 118
11290 123
11290 187
11290 296
11842 61
11842 90
11842 120
11842 179
11684 25
11684 48
11684 81
11684 86
11138 81
11168 80
11816 74
11816 139
11816 181
11274 50
11507 24
11738 185
11154 18
11172 29
11134 38
11087 20
11087 155
11521 73
11521 83
11529 173
11529 218
11529 256
11745 45
11745 108
11745 131
11745 168
11598 33
11784 10
11242 11
11742 34
11742 45
11065 32
11270 75
11644 4
11644 38
11644 66
11644 184
11644 190
11644 197
11253 19
11253 64
11253 107
11253 127
11520 50
11520 52
11520 114
11520 143
11848 50
11848 129
11848 214
11848 286
11279 30
11279 49
11279 57
11279 115
11187 64
11754 14
11754 16
11754 37
11754 55
11754 81
11779 16
11779 34
11779 73
11779 78
11779 91
11779 113
11779 150
11086 91
11551 30
11761 196
11761 203
11761 223
11761 225
11829 13
11829 22
11829 123
11758 105
11591 48
11591 91
11591 101
11205 5
11205 10
11745 56
11745 69
11745 70
11804 47
11804 48
11804 51
11804 117
11804 145
11804 324
11078 9
11538 12
11623 37
11623 79
11187 217
11819 38
11819 69
11819 83
11819 116
11716 12
11086 100
11854 23
11854 52
11508 229
11508 275
11495 0
11118 277
11678 271
11678 274
11678 290
11678 307
11069 35
11069 122
11518 8
11518 21
11518 76
11518 120
11233 198
11709 37
11709 66
11709 82
11709 99
11733 36
11217 10
11529 208
11529 255
11529 262
11529 283
11529 290
11581 119
11205 29
11543 13
11067 41
11841 84
11240 29
11090 148
11214 81
11524 3
11524 26
11524 75
11524 101
11524 134
11524 142
11524 226
11816 20
11809 26
11813 20
11813 65
11813 73
11678 19
11678 47
11678 67
11678 146
11678 164
11678 171
11742 76
11201 54
11665 85
11518 15
11518 34
11162 12
11162 5
11583 63
11796 0
11796 155
11796 170
11796 180
11508 132
11508 153
11508 182
11508 215
11508 266
11202 58
11628 8
11628 90
11628 94
11628 177
11628 209
11072 17
11072 84
11064 54
11264 73
11291 269
11687 1
11215 85
11802 189
11800 17
11800 138
11800 142
11800 179
11284 4
11606 55
11606 114
11606 133
11606 155
11606 194
11606 195
11680 20
11680 53
11680 104
11680 141
11680 156
11680 184
11150 12
11617 12
11617 17
11531 9
11531 108
11531 123
11531 157
11851 62
11851 79
11237 44
11237 52
11239 25
11239 35
11776 52
11776 162
11776 173
11684 2
11684 57
11684 62
11681 10
11681 39
11681 97
11742 183
11742 190
11720 169
11821 116
11821 134
11821 143
11821 161
11197 30
11545 13
11545 108
11545 165
11636 42
11253 73
11629 10
11629 25
11543 81
11119 49
11119 111
11815 61
11815 101
11815 125
11815 176
11815 186
11815 273
11815 308
11866 170
11666 50
11634 33
11215 90
11841 26
11700 39
11681 98
11072 44
11072 94
11553 28
11066 207
11066 232
11609 296
11578 18
11784 62
11617 130
11617 152
11617 188
11196 6
11196 54
11716 54
11716 65
11716 90
11284 3
11147 40
11253 56
11253 112
11751 194
11751 199
11751 214
11751 258
11751 265
11751 289
11751 292
11133 13
11066 134
11657 58
11830 0
11830 28
11830 37
11524 46
11524 167
11524 244
11524 288
11745 3
11745 17
11745 25
11745 148
11116 148
11264 13
11264 98
11264 101
11687 79
11687 155
11687 193
11821 37
11821 42
11821 95
11830 98
11228 38
11559 8
11677 20
11677 31
11677 49
11677 65
11677 94
11677 146
11802 218
11802 226
11618 49
11618 54
11618 62
11618 72
11618 127
11618 140
11618 172
11618 186
11154 20
11214 2
11214 12
11214 31
11139 14
11139 66
11169 112
11169 147
11169 202
11804 62
11804 114
11804 178
11203 0
11579 8
11187 141
11187 189
11187 227
11187 237
11187 331
11187 337
11721 15
11721 75
11721 93
11721 143
11721 171
11721 180
11149 41
11137 15
11291 251
11291 257
11678 3
11519 55
11519 90
11519 217
11519 230
11519 241
11519 253
11519 260
11519 262
11198 39
11198 122
11198 273
11781 3
11765 153
11765 159
11765 228
11765 234
11765 248
11537 84
11537 104
11537 110
11537 188
11091 105
11629 43
11090 123
11777 5
11847 107
11766 64
11766 77
11766 90
11766 98
11162 84
11119 19
11119 155
11715 139
11715 184
11715 233
11715 235
11069 71
11565 287
11171 17
11171 78
11259 2
11198 197
11198 221
11198 261
11634 21
11240 36
11693 82
11693 95
11553 122
11833 156
11833 177
11833 236
11833 339
11780 51
11065 67
11085 6
11947 33
11947 40
11947 94
11059 6
11059 32
11584 36
11584 56
11584 73
11291 52
11291 104
11291 117
11291 121
11291 129
11291 132
11841 1
11841 4
11841 31
11841 42
11841 55
11665 53
11665 65
11584 94
11584 115
11584 153
11169 119
11947 7
11947 31
11947 59
11947 91
11174 3
11630 47
11630 179
11623 7
11623 85
11623 88
11630 116
11507 13
11507 30
11507 97
11271 4
11271 15
11601 3
11601 16
11601 26
11601 45
11601 76
11601 82
11866 126
11866 129
11265 2
11815 107
11800 119
11211 22
11601 207
11601 224
11091 160
11271 85
11614 137
11505 156
11059 0
11609 155
11239 30
11198 285
11119 202
11811 20
11811 27
11811 64
11811 83
11811 138
11811 202
11811 216
11088 15
11845 0
11845 8
11845 55
11845 153
11845 158
11197 82
11751 180
11680 32
11680 67
11680 86
11680 102
11680 137
11680 151
11776 16
11776 92
11776 118
11582 31
11719 50
11589 33
11589 98
11589 102
11242 36
11696 59
11696 75
11867 110
11804 73
11804 78
11804 89
11804 185
11116 152
11228 8
11228 18
11218 6
11813 42
11069 28
11069 39
11069 91
11069 118
11619 26
11761 14
11761 113
11761 124
11761 140
11761 150
11761 153
11120 100
11297 31
11297 27
11621 7
11693 10
11693 44
11724 74
11724 117
11724 146
11724 159
11724 196
11724 313
11667 16
11762 187
11813 5
11813 92
11813 108
11780 8
11793 153
11793 295
11636 16
11813 223
11668 25
11668 116
11668 127
11759 44
11759 51
11759 104
11759 204
11759 222
11759 232
11759 241
11720 3
11720 74
11720 75
11720 83
11720 98
11720 140
11720 173
11720 202
11728 243
11766 51
11766 78
11766 228
11766 233
11766 295
11553 26
11543 5
11081 158
11678 256
11678 263
11656 20
11656 61
11142 20
11263 45
11644 74
11644 106
11947 38
11947 70
11565 27
11565 119
11565 177
11565 198
11751 97
11751 134
11820 203
11820 221
11820 253
11820 269
11820 276
11700 9
11700 32
11211 31
11291 30
11787 108
11787 113
11129 2
11213 68
11146 306
11681 2
11172 14
11166 29
11166 75
11169 208
11050 9
11783 37
11828 27
11186 194
11073 80
11632 32
11234 8
11508 35
11508 202
11059 46
11074 20
11609 16
11609 116
11609 133
11609 151
11545 65
11545 66
11545 150
11545 161
11545 173
11291 134
11559 109
11604 13
11083 7
11083 16
11083 55
11083 193
11083 224
11646 36
11646 72
11646 76
11677 0
11677 105
11677 132
11495 12
11134 143
11134 157
11830 332
11507 21
11173 75
11083 116
11685 269
11539 54
11751 9
11751 45
11751 50
11646 71
11646 84
11264 7
11264 10
11264 92
11614 17
11614 63
11614 85
11614 171
11728 81
11247 5
11090 195
11779 6
11779 69
11779 144
11779 269
11779 279
11779 286
11779 290
11279 117
11727 157
11283 1
11283 41
11283 45
11283 54
11168 133
11202 31
11527 88
11527 102
11527 115
11589 37
11589 94
11581 20
11581 62
11581 109
11581 124
11599 3
11599 65
11769 109
11807 16
11830 29
11583 10
11119 28
11119 72
11119 113
11119 197
11814 31
11707 83
11586 13
11660 9
11660 20
11800 72
11182 10
11070 10
11070 46
11070 115
11070 155
11070 219
11691 152
11609 23
11609 118
11584 62
11584 65
11172 100
11149 102
11149 160
11149 209
11606 3
11606 190
11606 201
11606 214
11606 220
11069 15
11069 77
11069 98
11677 25
11677 32
11677 82
11677 151
11078 13
11078 21
11778 65
11286 2
11286 51
11494 76
11494 232
11774 22
11774 28
11774 51
11553 222
11553 226
11553 250
11842 21
11842 62
11842 107
11684 4
11684 37
11684 83
11228 22
11756 20
11756 26
11756 50
11756 80
11756 189
11756 190
11756 220
11756 230
11139 18
11139 78
11741 23
11700 5
11830 310
11830 328
11601 29
11601 31
11601 73
11601 101
11601 149
11147 25
11599 56
11599 62
11270 16
11270 41
11787 61
11632 55
11632 79
11780 7
11780 55
11115 0
11115 25
11115 30
11801 48
11270 87
11687 73
11687 126
11687 198
11687 199
11687 202
11780 127
11780 139
11780 194
11759 13
11282 0
11282 43
11698 40
11698 74
11698 103
11698 104
11698 116
11133 23
11133 70
11608 57
11657 36
11606 27
11606 112
11081 93
11081 125
11815 74
11715 19
11715 112
11715 119
11715 128
11271 66
11677 43
11169 153
11169 212
11716 47
11716 49
11716 59
11716 86
11507 134
11847 24
11604 56
11604 111
11604 122
11604 153
11604 186
11604 199
11604 218
11604 279
11604 295
11249 2
11229 2
11229 13
11593 20
11593 97
11721 72
11721 90
11721 96
11721 103
11575 42
11091 0
11673 26
11673 60
11782 40
11782 116
11782 166
11529 61
11529 66
11529 105
11775 66
11138 70
11715 46
11715 110
11715 143
11715 166
11715 219
11520 30
11520 99
11520 139
11520 148
11520 260
11520 276
11652 91
11652 101
11065 117
11639 88
11639 102
11639 106
11591 5
11854 26
11854 71
11854 76
11854 79
11854 98
11759 17
11831 33
11831 35
11279 2
11279 98
11677 97
11540 13
11540 33
11715 61
11715 96
11715 100
11715 132
11715 162
11715 174
11715 186
11649 10
11617 0
11617 48
11617 79
11811 70
11811 79
11811 137
11811 226
11631 39
11631 44
11631 100
11631 132
11631 133
11631 149
11292 21
11213 49
11213 69
11202 49
11910 4
11739 0
11253 2
11599 12
11186 240
11169 159
11551 40
11069 53
11069 106
11069 128
11067 6
11067 10
11829 23
11829 83
11829 172
11217 22
11766 58
11766 128
11766 159
11766 224
11766 241
11766 316
11766 331
11170 7
11259 32
11206 12
11206 25
11742 49
11675 124
11215 83
11297 37
11297 52
11709 12
11755 55
11755 66
11755 96
11213 45
11233 15
11233 42
11233 119
11233 135
11709 38
11709 69
11709 108
11665 48
11132 21
11271 62
11755 70
11755 107
11755 146
11755 150
11836 3
11836 68
11197 114
11197 120
11127 15
11286 16
11286 33
11765 95
11765 113
11765 212
11228 19
11630 108
11543 143
11543 144
11543 167
11543 175
11543 191
11290 182
11290 261
11290 275
11290 300
11290 319
11227 18
11776 33
11776 37
11776 63
11776 129
11591 30
11591 45
11233 148
11233 151
11233 176
11233 200
11852 31
11852 66
11149 93
11149 224
11149 230
11781 28
11781 52
11059 11
11844 303
11119 166
11196 90
11182 119
11628 15
11628 40
11628 52
11628 79
11628 99
11628 253
11628 308
11072 99
11729 63
11729 92
11283 12
11283 51
11283 60
11283 84
11685 20
11685 123
11685 149
11802 157
11802 197
11243 6
11712 38
11712 71
11712 72
11712 80
11068 51
11842 17
11675 20
11866 165
11509 0
11509 107
11509 175
11739 1
11294 46
11593 6
11593 17
11593 116
11776 76
11214 53
11509 87
11087 26
11087 132
11822 0
11759 125
11759 129
11759 180
11759 183
11759 246
11081 77
11081 92
11601 10
11601 23
11601 116
11086 223
11086 247
11290 64
11290 160
11290 180
11065 4
11065 28
11065 76
11666 6
11666 77
11751 276
11624 20
11589 39
11589 57
11589 219
11532 27
11532 28
11532 65
11532 75
11532 101
11685 1
11685 7
11685 84
11685 126
11166 79
11166 94
11655 0
11146 55
11146 167
11146 213
11146 279
11813 214
11813 261
11813 264
11675 89
11614 102
11614 156
11614 169
11614 175
11133 78
11133 99
11133 164
11531 28
11531 94
11531 186
11685 248
11685 268
11685 323
11767 3
11282 25
11238 49
11166 50
11166 105
11665 66
11847 114
11832 26
11832 29
11832 150
11647 30
11509 148
11509 158
11554 97
11149 69
11149 228
11149 305
11086 209
11083 6
11512 40
11761 116
11067 69
11509 29
11509 41
11509 91
11509 155
11509 172
11504 55
11077 109
11066 236
11828 4
11721 6
11721 66
11721 137
11779 54
11779 187
11779 282
11154 5
11253 42
11294 59
11647 22
11741 111
11678 81
11568 1
11568 3
11786 117
11786 250
11786 312
11786 339
11203 28
11727 200
11177 14
11532 114
11631 20
11631 72
11631 75
11631 81
11631 117
11631 212
11631 230
11740 222
11740 244
11740 264
11740 273
11740 332
11630 50
11630 125
11211 20
11182 157
11074 28
11074 85
11763 70
11144 40
11553 234
11553 235
11646 12
11576 1
11847 92
11187 124
11187 293
11187 317
11780 123
11086 70
11086 76
11086 137
11086 162
11842 76
11842 91
11842 119
11842 129
11842 164
11842 166
11763 0
11675 97
11675 139
11071 216
11168 67
11698 28
11698 46
11724 10
11848 126
11751 12
11751 96
11751 139
11761 108
11761 146
11554 24
11554 51
11554 102
11800 83
11279 63
11081 86
11081 116
11575 58
11666 59
11666 70
11776 180
11728 51
11728 56
11196 185
11284 15
11238 0
11075 54
11075 67
11545 283
11674 41
11186 193
11504 5
11504 15
11504 62
11066 41
11066 53
11066 165
11831 16
11766 93
11237 55
11186 171
11186 224
11715 28
11715 161
11715 216
11162 31
11584 53
11584 67
11619 110
11619 145
11619 192
11146 154
11146 165
11146 210
11512 2
11512 14
11512 61
11512 110
11512 112
11078 26
11742 120
11742 139
11742 181
11742 218
11742 225
11742 230
11742 276
11727 238
11213 25
11678 106
11678 186
11674 27
11674 57
11296 13
11296 31
11296 39
11296 42
11606 8
11606 72
11606 80
11606 151
11081 96
11081 117
11077 61
11657 10
11501 51
11186 86
11649 8
11134 87
11194 65
11271 51
11528 3
11528 39
11655 12
11707 108
11707 129
11707 148
11294 16
11294 41
11604 19
11604 38
11604 40
11604 66
11604 214
11604 227
11604 242
11604 302
11623 5
11623 53
11623 114
11090 29
11090 47
11090 68
11090 82
11786 51
11786 60
11786 91
11786 120
11786 146
11786 189
11786 298
11593 21
11593 88
11820 0
11820 62
11820 64
11820 130
11532 91
11617 210
11807 43
11780 39
11780 42
11240 21
11510 36
11565 160
11565 191
11565 196
11565 221
11086 157
11546 26
11546 66
11546 123
11775 75
11784 53
11554 44
11290 65
11290 71
11290 252
11249 25
11239 33
11680 138
11680 140
11680 150
11526 18
11737 10
11737 61
11737 124
11737 166
11737 176
11737 181
11845 74
11162 80
11505 109
11550 37
11687 59
11665 61
11149 80
11149 312
11787 125
11187 32
11187 201
11187 212
11187 228
11187 330
11186 105
11583 9
11583 24
11515 34
11260 43
11629 8
11629 34
11545 235
11545 241
11545 255
11761 214
11658 10
11279 90
11279 104
11740 11
11740 18
11740 24
11740 84
11740 154
11740 169
11285 18
11285 28
11582 1
11582 16
11164 24
11164 27
11679 18
11187 193
11605 58
11605 135
11605 141
11605 177
11605 208
11605 233
11687 30
11803 63
11614 11
11614 22
11614 25
11614 142
11294 65
11593 65
11149 232
11149 274
11149 280
11149 286
11077 17
11077 118
11286 77
11844 311
11515 4
11832 171
11787 90
11787 92
11787 95
11787 102
11150 74
11150 96
11503 19
11550 108
11550 239
11550 248
11550 292
11550 296
11550 304
11550 317
11264 9
11264 87
11145 9
11145 16
11604 6
11604 14
11604 257
11604 284
11604 325
11149 233
11149 254
11149 258
11294 25
11494 26
11709 61
11606 4
11606 64
11606 100
11606 159
11606 188
11128 30
11559 64
11630 85
11503 10
11201 19
11634 24
11816 153
11561 3
11146 289
11582 19
11134 47
11157 3
11157 5
11715 81
11715 95
11715 145
11715 158
11715 164
11715 190
11715 218
11759 61
11759 69
11759 98
11759 140
11759 217
11759 255
11133 87
11133 173
11668 57
11636 22
11657 42
11657 64
11083 58
11852 86
11133 172
11815 69
11815 77
11815 96
11815 122
11815 190
11815 269
11078 5
11637 23
11637 25
11637 133
11637 149
11637 189
11776 10
11578 40
11077 20
11077 92
11780 3
11780 5
11780 57
11508 166
11508 235
11494 80
11494 235
11494 247
11529 194
11529 265
11529 270
11529 301
11083 9
11083 92
11083 114
11197 15
11197 71
11504 46
11162 62
11127 1
11574 37
11574 117
11682 28
11682 83
11682 108
11129 1
11613 12
11613 53
11829 44
11829 121
11086 149
11086 190
11086 192
11086 234
11068 92
11786 226
11786 272
11087 79
11087 80
11087 82
11832 11
11832 112
11832 167
11545 280
11545 305
11169 98
11090 102
11537 298
11761 5
11761 6
11761 50
11761 56
11514 19
11201 47
11648 65
11648 73
11648 154
11274 34
11274 69
11274 70
11664 27
11664 35
11664 123
11664 133
11278 89
11505 57
11505 101
11505 147
11848 139
11678 43
11678 153
11678 199
11648 56
11648 172
11678 221
11673 28
11761 35
11761 36
11763 25
11719 20
11719 44
11818 12
11714 5
11675 10
11723 22
11723 45
11723 59
11723 166
11723 249
11723 278
11075 61
11075 81
11672 4
11672 25
11672 26
11769 7
11769 33
11769 39
11769 56
11644 70
11186 33
11508 243
11296 40
11187 83
11187 147
11187 202
11187 209
11187 225
11187 328
11147 6
11510 9
11510 39
11291 87
11775 26
11775 46
11775 50
11775 112
11779 47
11779 103
11779 117
11779 135
11779 148
11769 118
11696 36
11696 55
11945 124
11578 32
11150 106
11728 203
11284 5
11851 20
11087 90
11087 102
11087 128
11091 99
11212 29
11091 95
11841 110
11727 336
11501 8
11086 187
11086 213
11086 246
11203 49
11205 23
11816 36
11816 97
11816 129
11816 165
11546 34
11546 78
11546 154
11544 45
11086 120
11842 81
11842 100
11842 110
11842 168
11720 36
11565 268
11253 121
11707 87
11707 106
11707 175
11707 181
11713 43
11068 54
11115 58
11087 29
11147 20
11639 59
11782 22
11782 143
11553 11
11083 117
11083 182
11601 103
11572 8
11572 13
11829 1
11829 61
11829 96
11829 111
11829 150
11591 79
11591 143
11591 145
11591 147
11115 82
11849 15
11802 231
11613 57
11064 144
11064 163
11064 201
11696 10
11696 13
11696 18
11240 0
11742 56
11726 24
11726 34
11069 81
11069 93
11069 131
11115 75
11115 103
11243 81
11609 15
11064 98
11546 93
11544 48
11544 54
11278 68
11278 126
11278 167
11242 7
11282 27
11769 38
11769 76
11769 81
11769 89
11527 40
11527 56
11527 57
11527 72
11527 147
11495 23
11680 1
11680 139
11680 153
11680 176
11821 103
11842 26
11842 82
11539 1
11539 25
11492 147
11492 154
11830 48
11830 83
11830 91
11830 138
11830 143
11830 178
11830 187
11830 201
11086 54
11086 88
11086 128
11678 22
11678 77
11678 112
11816 114
11678 225
11678 277
11678 310
11678 330
11550 8
11550 32
11550 93
11179 17
11077 93
11077 114
11514 28
11589 10
11589 112
11589 202
11589 233
11727 276
11727 311
11559 75
11225 19
11685 314
11501 31
11574 35
11574 79
11574 92
11574 114
11721 47
11721 89
11721 128
11629 38
11719 43
11553 58
11535 54
11535 95
11535 100
11247 7
11866 173
11249 0
11249 66
11845 31
11756 62
11687 19
11687 140
11687 144
11687 157
11115 57
11134 137
11139 71
11802 242
11521 88
11786 8
11786 24
11786 215
11786 225
11786 246
11786 291
11605 123
11249 12
11249 68
11150 37
11623 4
11623 59
11623 60
11867 47
11867 75
11128 18
11564 19
11564 62
11564 79
11564 104
11081 71
11081 128
11263 12
11263 26
11848 6
11848 328
11848 333
11071 14
11071 18
11070 30
11070 123
11070 192
11149 129
11149 136
11149 295
11524 205
11822 9
11817 7
11800 21
11800 45
11800 54
11800 148
11196 117
11059 41
11259 18
11721 206
11169 191
11069 61
11675 32
11675 48
11551 49
11632 56
11127 14
11127 25
11606 35
11606 101
11606 146
11133 6
11133 9
11133 31
11133 126
11652 83
11775 28
11775 59
11081 98
11081 123
11224 6
11196 126
11728 55
11728 212
11679 49
11679 118
11232 7
11845 58
11845 71
11845 106
11845 166
11845 167
11728 131
11830 10
11087 56
11087 146
11765 133
11765 139
11765 190
11520 170
11520 198
11274 83
11707 105
11707 159
11182 74
11182 104
11796 7
11796 12
11796 20
11531 11
11508 258
11495 27
11791 100
11791 183
11791 189
11171 106
11283 19
11234 4
11857 8
11606 234
11606 269
11264 31
11070 168
11070 185
11070 221
11502 2
11134 124
11134 155
11091 4
11091 43
11091 103
11091 162
11198 28
11198 132
11198 151
11847 67
11847 71
11742 63
11742 85
11091 10
11587 15
11270 39
11186 138
11186 144
11813 1
11813 36
11813 128
11813 146
11813 151
11796 26
11796 49
11796 133
11796 158
11698 13
11698 52
11698 64
11698 95
11740 223
11740 269
11740 303
11740 321
11740 339
11626 43
11626 66
11626 93
11832 69
11832 84
11832 85
11832 176
11758 4
11758 34
11086 60
11086 235
11720 42
11720 56
11720 69
11720 71
11720 162
11720 195
11087 141
11831 6
11675 40
11292 18
11621 43
11853 45
11657 9
11182 52
11504 0
11264 1
11664 121
11171 95
11091 33
11091 97
11543 172
11543 90
11206 14
11206 36
11831 34
11064 91
11759 36
11759 127
11852 6
11852 24
11852 62
11568 38
11579 6
11543 221
11543 254
11543 270
11147 27
11076 21
11783 0
11724 36
11724 71
11724 183
11724 282
11724 321
11781 21
11128 60
11189 15
11203 23
11081 153
11169 92
11684 68
11727 280
11628 27
11628 56
11628 218
11628 245
11628 311
11649 1
11814 16
11168 12
11816 147
11816 149
11816 175
11205 18
11288 4
11781 33
11664 70
11677 136
11622 1
11622 4
11622 24
11776 171
11599 28
11761 78
11761 224
11291 193
11291 314
11608 11
11608 54
11608 60
11608 135
11608 137
11853 38
11565 318
11205 13
11506 93
11506 110
11506 142
11506 158
11297 73
11778 8
11286 83
11186 104
11186 339
11630 78
11821 10
11644 258
11196 24
11196 73
11196 158
11196 163
11584 70
11584 76
11584 78
11584 84
11584 87
11584 95
11946 36
11132 15
11187 294
11636 23
11197 91
11198 159
11173 45
11291 147
11291 158
11291 220
11291 242
11700 22
11700 27
11715 36
11715 65
11715 73
11715 116
11715 170
11715 251
11249 6
11729 6
11224 0
11695 9
11177 29
11203 4
11075 19
11720 62
11527 59
11527 109
11691 18
11249 21
11083 167
11782 85
11782 140
11782 147
11691 131
11219 69
11531 149
11292 6
11186 210
11186 241
11186 248
11186 288
11186 303
11186 307
11186 316
11678 80
11279 80
11617 159
11777 9
11774 17
11244 33
11775 37
11775 93
11537 283
11738 14
11738 71
11738 102
11738 144
11738 223
11738 232
11712 39
11712 53
11712 74
11712 93
11712 124
11135 7
11802 23
11802 41
11275 60
11553 104
11553 114
11543 87
11851 22
11851 76
11196 237
11543 280
11791 18
11611 2
11672 16
11672 20
11829 120
11829 173
11064 69
11064 172
11064 174
11782 18
11606 29
11606 49
11606 62
11606 87
11606 91
11606 138
11606 165
11606 166
11545 187
11545 212
11545 220
11545 277
11545 300
11665 17
11665 62
11665 77
11665 86
11665 154
11606 209
11606 273
11606 314
11945 121
11565 295
11842 18
11617 103
11617 153
11617 218
11639 115
11069 87
11527 18
11527 64
11527 139
11527 140
11769 0
11769 21
11584 131
11584 149
11793 41
11793 78
11793 182
11234 31
11234 37
11234 44
11520 25
11520 149
11520 166
11520 180
11520 255
11724 17
11724 50
11578 57
11135 57
11853 17
11593 26
11593 38
11593 70
11604 95
11793 20
11545 216
11081 111
11081 155
11845 192
11787 14
11624 7
11624 19
11851 81
11851 85
11494 54
11494 198
11162 40
11187 72
11187 160
11187 233
11187 288
11833 163
11833 224
11833 310
11833 330
11686 15
11686 17
11782 183
11203 81
11678 21
11678 36
11678 86
11678 98
11164 4
11164 8
11083 79
11083 142
11083 172
11081 109
11081 141
11274 75
11625 62
11075 22
11067 65
11848 12
11842 50
11842 52
11842 136
11842 189
11067 53
11829 40
11829 134
11700 42
11678 17
11678 180
11678 204
11068 81
11819 63
11831 5
11831 8
11831 44
11761 252
11730 24
11672 2
11135 31
11135 118
11213 23
11233 128
11164 21
11720 5
11816 1
11816 19
11816 26
11816 27
11619 3
11619 19
11619 60
11619 65
11625 24
11625 60
11193 11
11741 52
11741 100
11741 123
11086 48
11086 173
11086 233
11086 271
11543 98
11828 5
11182 45
11196 234
11270 43
11270 63
11259 3
11259 31
11557 30
11557 44
11557 70
11133 118
11644 131
11644 152
11644 178
11617 42
11807 3
11807 11
11807 12
11807 19
11087 10
11087 11
11087 72
11066 28
11066 252
11240 6
11240 54
11539 10
11539 11
11539 19
11553 64
11553 92
11553 103
11632 48
11527 8
11527 29
11527 99
11527 142
11074 33
11074 65
11675 137
11675 184
11574 56
11574 108
11631 71
11631 253
11830 2
11830 24
11168 96
11279 9
11279 39
11279 64
11279 74
11726 137
11726 176
11726 213
11726 298
11658 12
11187 102
11187 116
11187 152
11660 17
11605 108
11605 166
11605 191
11605 290
11605 131
11264 11
11264 82
11813 66
11813 105
11519 288
11293 7
11727 72
11727 149
11184 17
11791 22
11791 76
11791 131
11791 194
11791 203
11791 206
11791 267
11791 285
11791 291
11601 77
11601 146
11509 27
11509 53
11509 122
11785 11
11785 14
11751 226
11751 321
11751 333
11756 100
11756 105
11756 208
11756 209
11756 275
11756 276
11613 46
11501 21
11263 10
11774 8
11774 15
11774 46
11203 19
11233 31
11233 41
11233 85
11233 92
11233 123
11233 134
11830 107
11830 182
11830 221
11830 223
11830 224
11575 76
11668 12
11187 190
11186 333
11069 21
11069 66
11171 112
11685 178
11685 200
11685 233
11217 26
11828 32
11540 4
11753 52
11720 81
11720 84
11291 200
11675 99
11203 14
11528 40
11759 92
11759 134
11759 173
11759 211
11759 224
11509 36
11509 72
11509 118
11233 29
11233 61
11233 137
11116 156
11279 91
11713 208
11845 14
11845 90
11845 146
11845 187
11845 218
11842 77
11270 13
11270 17
11270 34
11270 44
11270 55
11271 32
11087 61
11066 122
11186 110
11186 250
11071 31
11071 42
11071 214
11153 7
11851 68
11668 68
11606 270
11740 31
11691 85
11624 22
11143 2
11214 36
11076 37
11529 126
11529 140
11529 149
11529 159
11675 23
11285 29
11664 68
11664 111
11696 64
11646 4
11646 20
11646 23
11646 25
11606 249
11784 74
11537 171
11675 76
11779 186
11741 4
11741 17
11741 67
11741 92
11194 38
11234 67
11066 56
11867 91
11212 27
11505 50
11297 71
11505 59
11505 150
11504 36
11169 24
11196 77
11774 38
11774 63
11085 12
11540 53
11799 3
11290 92
11290 99
11841 58
11841 71
11841 72
11297 18
11495 47
11675 19
11675 73
11090 137
11285 14
11821 19
11821 97
11187 62
11081 78
11081 135
11049 15
11070 53
11070 189
11070 224
11647 29
11506 41
11506 67
11506 123
11506 125
11709 34
11709 72
11781 2
11781 8
11781 34
11509 54
11509 98
11509 137
11211 0
11168 89
11286 56
11286 76
11619 43
11813 117
11813 120
11070 33
11070 196
11070 234
11680 19
11749 43
11749 92
11749 96
11078 15
11066 7
11066 76
11066 152
11087 142
11665 60
11707 81
11707 133
11172 26
11172 77
11546 7
11546 115
11247 22
11728 335
11728 339
11659 8
11529 20
11529 35
11529 70
11529 72
11529 82
11529 110
11844 20
11844 164
11844 170
11844 184
11844 239
11740 214
11740 258
11740 267
11265 3
11504 10
11504 25
11504 50
11724 60
11724 153
11724 156
11724 235
11724 239
11724 266
11724 278
11724 295
11617 148
11617 214
11184 35
11184 75
11679 15
11679 159
11146 66
11146 137
11146 226
11146 298
11781 5
11781 18
11715 7
11715 13
11715 60
11715 157
11715 175
11715 212
11255 8
11679 2
11679 17
11679 41
11679 46
11679 89
11679 158
11088 45
11786 27
11786 154
11786 166
11786 174
11786 201
11786 238
11505 15
11505 26
11836 20
11836 80
11836 109
11088 50
11518 29
11518 111
11518 127
11687 83
11687 135
11687 156
11687 171
11182 18
11182 19
11182 22
11182 57
11260 13
11260 36
11519 32
11519 120
11519 220
11851 51
11677 4
11677 6
11677 11
11677 143
11120 122
11120 125
11164 7
11164 12
11782 68
11782 79
11782 136
11804 69
11804 99
11804 115
11804 140
11804 176
11804 201
11568 41
11529 132
11529 148
11529 155
11529 161
11537 23
11780 1
11780 2
11537 62
11537 93
11537 95
11537 131
11537 141
11537 174
11668 14
11239 7
11239 57
11239 53
11239 85
11083 67
11083 197
11228 24
11065 44
11282 33
11137 4
11814 15
11186 37
11584 88
11532 104
11738 218
11290 81
11832 53
11832 96
11832 104
11832 126
11521 115
11687 40
11687 50
11687 112
11687 167
11687 182
11565 0
11565 61
11565 185
11565 189
11565 227
11565 247
11565 286
11713 101
11713 113
11713 156
11630 39
11649 4
11626 82
11527 46
11527 117
11527 125
11830 272
11796 131
11509 156
11687 63
11687 69
11687 82
11687 170
11687 208
11202 11
11537 2
11537 69
11537 169
11537 187
11537 210
11537 251
11537 271
11807 47
11166 87
11145 12
11782 33
11782 37
11782 50
11217 29
11867 83
11759 52
11537 17
11537 108
11537 242
11537 250
11537 264
11666 18
11666 27
11286 18
11286 26
11782 29
11162 36
11804 61
11804 129
11804 137
11804 154
11804 317
11081 132
11081 142
11751 205
11591 17
11591 50
11591 57
11637 91
11637 115
11637 147
11637 160
11637 166
11162 37
11283 6
11710 51
11609 275
11066 149
11066 260
11846 74
11166 89
11196 202
11727 58
11727 100
11727 103
11727 136
11646 3
11707 126
11707 131
11707 134
11726 84
11726 98
11726 120
11726 151
11726 156
11726 223
11726 250
11202 46
11713 72
11713 79
11713 103
11713 107
11217 34
11270 58
11270 72
11509 21
11509 26
11509 160
11509 169
11201 29
11687 28
11687 86
11687 123
11687 162
11524 21
11524 43
11524 94
11524 138
11524 218
11524 243
11524 249
11524 259
11524 266
11586 14
11492 96
11219 87
11169 200
11228 37
11228 40
11169 31
11830 6
11854 11
11854 38
11854 59
11854 63
11090 136
11842 43
11842 155
11842 173
11291 32
11291 74
11291 93
11291 109
11291 120
11769 107
11769 130
11782 187
11720 68
11720 135
11720 138
11720 146
11720 168
11166 7
11507 128
11648 150
11648 183
11782 195
11780 122
11780 168
11832 115
11709 90
11709 120
11070 5
11070 87
11070 125
11070 165
11684 85
11854 72
11678 84
11283 111
11678 222
11678 327
11678 332
11239 62
11239 68
11775 58
11538 9
11492 69
11539 56
11824 13
11576 4
11648 20
11648 24
11648 202
11088 76
11609 12
11609 24
11609 65
11609 145
11609 163
11609 209
11761 160
11524 6
11524 40
11524 125
11524 161
11524 182
11524 186
11524 239
11169 88
11169 185
11196 42
11274 4
11274 49
11274 65
11182 81
11182 183
11086 180
11086 185
11086 210
11086 220
11116 146
11116 161
11507 91
11841 18
11841 66
11841 101
11841 103
11086 11
11617 108
11617 200
11617 241
11284 2
11664 69
11664 91
11278 174
11172 66
11233 9
11666 42
11087 171
11568 8
11796 159
11796 177
11796 182
11796 185
11169 45
11169 70
11169 76
11169 79
11169 82
11070 52
11070 54
11553 244
11553 252
11755 30
11755 61
11755 86
11071 99
11071 106
11071 223
11816 30
11816 85
11816 90
11816 103
11816 189
11574 48
11574 71
11574 76
11574 86
11574 194
11274 86
11067 68
11115 32
11115 48
11682 14
11682 38
11682 78
11682 110
11150 85
11150 97
11128 7
11795 10
11184 56
11741 11
11741 42
11775 4
11775 90
11173 114
11544 64
11529 73
11529 120
11217 24
11531 173
11832 156
11198 258
11710 49
11710 73
11710 81
11072 104
11782 1
11820 11
11820 134
11821 40
11821 76
11821 100
11696 37
11696 45
11775 27
11775 80
11204 19
11833 256
11833 315
11833 325
11779 57
11779 137
11779 271
11779 272
11065 90
11065 111
11800 20
11800 49
11800 65
11800 122
11800 147
11800 149
11800 175
11622 11
11796 25
11796 143
11256 21
11290 106
11290 112
11687 29
11687 104
11687 195
11727 8
11727 57
11727 89
11727 123
11727 158
11727 180
11778 12
11147 12
11147 45
11685 156
11685 181
11685 201
11685 205
11685 219
11685 232
11685 324
11646 74
11613 10
11668 47
11668 114
11539 2
11539 17
11186 117
11279 45
11279 110
11759 233
11259 1
11259 41
11259 69
11762 77
11506 34
11506 99
11820 101
11570 6
11844 26
11844 109
11844 159
11844 248
11844 263
11836 36
11836 56
11836 112
11543 65
11543 72
11543 77
11543 83
11529 39
11529 56
11529 85
11506 52
11506 83
11076 17
11187 7
11187 216
11776 15
11776 84
11129 4
11504 53
11504 63
11707 124
11707 138
11707 144
11707 166
11723 50
11723 89
11723 101
11723 138
11723 274
11723 291
11605 185
11505 149
11679 157
11674 12
11674 14
11149 57
11149 310
11149 340
11800 178
11716 7
11716 16
11646 19
11646 96
11723 165
11270 7
11778 61
11184 71
11184 85
11845 70
11845 72
11845 118
11845 169
11845 177
11845 185
11630 56
11830 297
11830 299
11492 142
11520 62
11520 127
11520 135
11685 117
11685 139
11196 1
11196 16
11196 144
11848 37
11848 88
11848 147
11848 193
11848 294
11816 75
11816 86
11816 96
11816 98
11064 165
11064 195
11196 219
11196 49
11666 1
11666 56
11727 228
11727 248
11727 251
11727 283
11149 194
11149 282
11149 332
11072 13
11072 87
11568 10
11146 20
11240 52
11177 5
11775 32
11558 3
11278 116
11278 144
11297 28
11270 52
11291 248
11291 273
11766 88
11766 251
11766 328
11177 28
11691 53
11691 64
11852 68
11852 99
11603 13
11603 24
11137 8
11137 12
11842 124
11842 143
11842 149
11132 6
11086 7
11075 64
11520 210
11800 136
11727 138
11544 10
11675 123
11073 0
11738 58
11738 62
11738 83
11738 176
11738 226
11738 249
11668 52
11755 44
11755 52
11755 78
11234 69
11550 14
11550 24
11214 38
11066 20
11066 120
11816 34
11816 117
11816 168
11816 176
11816 184
11753 2
11753 44
11193 7
11617 223
11617 237
11543 99
11543 154
11543 171
11543 174
11146 96
11146 216
11146 338
11674 3
11067 51
11637 58
11637 67
11637 72
11637 128
11637 154
11637 157
11800 19
11800 121
11800 166
11631 4
11631 82
11631 186
11631 207
11766 130
11766 132
11766 147
11766 190
11766 199
11193 3
11243 58
11714 11
11714 30
11726 77
11726 131
11726 136
11726 204
11726 232
11726 301
11726 335
11071 37
11071 49
11071 272
11271 39
11614 109
11614 124
11614 184
11614 194
11698 120
11072 30
11685 319
11069 5
11233 158
11622 0
11255 14
11728 58
11728 64
11728 77
11728 155
11728 158
11728 169
11728 230
11728 277
11802 145
11804 16
11804 44
11804 311
11804 314
11804 321
11255 3
11836 44
11836 65
11836 67
11836 113
11758 78
11205 4
11755 131
11139 74
11135 36
11135 39
11133 46
11133 131
11782 88
11233 39
11233 90
11631 29
11631 33
11631 114
11631 151
11631 157
11775 109
11813 9
11813 63
11813 123
11813 140
11065 25
11521 131
11521 156
11660 21
11601 18
11601 91
11601 96
11640 8
11640 31
11133 123
11088 5
11088 75
11796 9
11796 82
11796 110
11796 175
11666 49
11814 22
11068 79
11867 70
11867 87
11228 10
11228 50
11727 140
11186 141
11766 75
11766 154
11766 247
11766 270
11766 275
11681 9
11681 13
11681 26
11681 74
11070 162
11070 164
11508 101
11508 102
11508 156
11508 161
11508 254
11755 90
11755 117
11206 19
11553 8
11553 70
11553 72
11553 106
11274 35
11274 46
11274 47
11274 66
11605 11
11749 57
11755 23
11169 136
11169 180
11169 181
11836 39
11836 45
11836 78
11727 285
11727 290
11727 333
11581 25
11787 35
11609 268
11714 18
11714 22
11609 88
11755 28
11755 48
11755 155
11133 110
11632 30
11729 20
11729 66
11729 75
11169 85
11169 152
11830 304
11275 62
11274 18
11503 22
11264 78
11786 134
11186 136
11134 70
11537 13
11537 83
11537 88
11537 157
11537 204
11537 224
11575 13
11187 23
11187 95
11947 29
11947 36
11947 84
11947 90
11233 7
11233 67
11233 166
11791 282
11687 60
11608 22
11608 26
11608 72
11608 96
11608 127
11540 26
11673 57
11068 29
11233 186
11279 100
11274 40
11630 0
11700 25
11700 45
11070 89
11070 109
11291 189
11291 301
11239 8
11239 26
11745 15
11745 48
11745 53
11807 6
11196 59
11802 208
11802 221
11504 17
11112 181
11112 217
11112 218
11112 222
11112 241
11619 62
11636 57
11758 76
11758 83
11758 87
11758 97
11866 156
11866 157
11233 141
11233 154
11673 33
11673 59
11119 27
11119 117
11119 184
11630 144
11049 3
11049 37
11737 62
11737 144
11802 204
11802 233
11086 204
11050 6
11847 10
11847 34
11847 60
11234 16
11234 28
11639 74
11639 89
11146 120
11146 187
11146 188
11146 271
11065 18
11065 60
11065 116
11553 36
11553 75
11553 116
11135 84
11665 131
11845 97
11845 212
11629 5
11629 9
11640 20
11675 177
11666 83
11709 75
11833 80
11833 88
11833 112
11605 248
11605 259
11219 36
11544 21
11544 23
11544 49
11781 24
11535 12
11065 56
11065 104
11065 107
11851 80
11681 31
11681 34
11557 53
11557 60
11557 87
11776 91
11776 101
11776 113
11239 52
11531 46
11531 48
11531 194
11531 200
11845 108
11644 55
11644 72
11644 193
11177 4
11775 106
11656 16
11656 59
11824 7
11296 16
11804 86
11804 203
11758 24
11758 25
11144 14
11144 24
11144 25
11285 36
11765 176
11640 50
11196 207
11505 157
11071 279
11601 51
11601 100
11601 132
11601 154
11601 167
11174 7
11601 225
11601 290
11584 50
11077 11
11077 19
11077 98
11091 15
11230 12
11776 88
11275 123
11776 123
11776 160
11632 72
11083 191
11820 5
11820 39
11820 54
11820 100
11820 103
11634 12
11157 17
11737 11
11737 14
11737 15
11737 173
11737 184
11737 193
11146 218
11141 21
11637 0
11637 1
11637 191
11182 73
11087 140
11150 22
11686 23
11215 71
11067 24
11067 39
11169 174
11169 190
11758 66
11581 31
11672 31
11672 74
11769 25
11769 60
11665 125
11665 152
11577 3
11772 6
11657 70
11716 23
11716 34
11613 3
11613 38
11816 80
11816 99
11816 174
11816 186
11234 29
11239 38
11239 103
11069 16
11069 126
11639 8
11766 40
11766 46
11766 114
11766 135
11766 175
11766 187
11194 21
11133 16
11133 36
11133 77
11133 79
11133 159
11133 163
11664 66
11279 18
11279 26
11279 52
11187 59
11187 180
11852 12
11852 46
11852 80
11762 47
11762 118
11762 150
11762 154
11762 218
11762 258
11135 86
11135 115
11733 29
11604 80
11604 128
11604 240
11604 265
11604 288
11604 298
11644 180
11069 62
11069 109
11674 39
11601 92
11841 46
11841 85
11830 219
11539 46
11539 57
11205 7
11751 213
11751 309
11830 53
11830 65
11830 109
11830 251
11851 58
11135 83
11135 102
11135 114
11186 19
11545 30
11545 130
11545 166
11127 6
11763 10
11763 24
11763 37
11237 89
11574 14
11782 76
11782 86
11782 99
11782 107
11782 125
11782 163
11172 61
11172 70
11577 11
11577 13
11779 83
11779 174
11779 191
11779 214
11833 18
11833 69
11833 113
11074 18
11074 55
11187 14
11187 138
11187 195
11187 205
11275 89
11275 113
11239 55
11796 8
11796 80
11796 98
11796 108
11182 79
11182 92
11182 182
11811 28
11811 43
11811 68
11811 163
11811 206
11070 70
11070 84
11070 206
11120 94
11120 96
11120 115
11609 31
11609 40
11609 93
11609 144
11609 179
11240 37
11157 16
11820 3
11820 17
11820 42
11820 110
11820 115
11820 126
11816 21
11816 37
11664 90
11664 101
11664 114
11695 18
11609 9
11609 75
11609 113
11609 141
11609 191
11609 202
11637 16
11637 61
11637 81
11637 124
11637 175
11586 2
11171 81
11581 35
11581 63
11149 31
11233 73
11728 17
11728 22
11728 66
11728 105
11728 133
11728 140
11728 199
11728 298
11729 26
11729 71
11072 53
11072 86
11144 1
11144 9
11144 37
11605 156
11605 180
11605 202
11605 203
11605 230
11085 15
11696 1
11539 27
11632 28
11751 77
11187 127
11520 35
11520 76
11520 88
11520 201
11520 221
11520 242
11520 251
11520 274
11091 41
11091 98
11091 138
11664 0
11833 201
11692 26
11203 66
11782 191
11553 129
11150 62
11508 136
11508 138
11508 181
11508 186
11508 190
11508 232
11508 233
11508 247
11762 42
11762 65
11762 71
11762 83
11762 127
11762 206
11762 245
11762 256
11762 307
11147 26
11830 101
11830 125
11830 167
11492 145
11291 68
11291 84
11531 44
11531 160
11531 163
11531 175
11531 195
11132 22
11553 111
11606 203
11606 235
11606 276
11149 44
11780 148
11780 164
11780 171
11115 93
11832 169
11574 54
11574 70
11574 96
11820 40
11820 157
11820 171
11820 182
11784 71
11134 123
11134 147
11134 150
11171 18
11508 290
11807 27
11187 121
11187 295
11187 314
11721 185
11073 59
11945 137
11727 19
11727 110
11845 19
11845 30
11845 144
11845 168
11791 96
11791 223
11791 299
11274 37
11274 60
11780 157
11283 56
11139 42
11068 12
11065 8
11065 130
11065 139
11065 170
11543 19
11524 22
11524 39
11524 67
11524 258
11603 26
11797 8
11070 9
11070 170
11070 202
11070 222
11086 56
11086 112
11286 90
11606 9
11606 10
11606 41
11606 58
11606 119
11606 182
11756 60
11756 183
11091 191
11171 27
11171 47
11535 17
11535 33
11535 108
11545 210
11545 215
11545 223
11738 202
11738 217
11149 61
11149 88
11149 170
11149 270
11149 328
11802 42
11802 45
11802 93
11802 192
11802 203
11765 90
11765 92
11765 98
11765 160
11765 168
11765 170
11765 172
11234 78
11685 74
11685 91
11626 97
11626 99
11720 65
11720 82
11720 134
11720 185
11253 101
11867 112
11821 21
11821 106
11821 148
11802 150
11802 183
11290 36
11290 259
11290 316
11290 321
11290 335
11278 0
11278 207
11149 53
11149 205
11149 225
11149 329
11186 120
11238 24
11577 24
11494 33
11494 129
11494 176
11780 61
11264 55
11686 24
11606 94
11778 69
11202 24
11069 36
11069 45
11259 15
11793 35
11793 131
11793 164
11793 301
11591 168
11182 69
11182 86
11172 1
11172 40
11803 22
11803 35
11074 82
11087 60
11849 26
11849 36
11813 168
11813 180
11813 212
11813 247
11505 0
11680 14
11680 17
11680 113
11680 117
11680 143
11680 183
11680 191
11787 49
11787 55
11083 37
11083 90
11083 188
11535 2
11535 40
11535 93
11680 2
11680 45
11680 109
11680 124
11680 145
11073 12
11073 45
11171 11
11665 22
11665 144
11237 93
11624 48
11624 51
11684 23
11604 22
11604 33
11604 51
11604 143
11604 223
11604 268
11604 274
11133 29
11133 116
11133 157
11681 40
11681 87
11681 99
11275 72
11275 90
11274 78
11169 94
11169 114
11169 224
11205 16
11213 86
11506 78
11506 86
11506 106
11177 23
11259 63
11173 1
11173 108
11845 64
11845 145
11845 171
11845 220
11264 12
11264 53
11836 100
11274 31
11274 98
11274 101
11800 94
11800 139
11537 32
11537 78
11537 114
11537 148
11537 186
11727 74
11727 77
11727 161
11751 216
11751 234
11751 308
11820 232
11820 292
11278 331
11776 144
11776 161
11172 23
11586 5
11076 18
11076 27
11508 9
11508 237
11756 225
11551 46
11182 129
11656 48
11623 76
11720 187
11071 218
11071 253
11609 285
11609 297
11609 309
11691 20
11691 56
11133 171
11278 300
11617 184
11617 193
11617 203
11237 102
11608 31
11608 59
11608 77
11608 80
11589 97
11589 201
11589 227
11847 108
11270 19
11291 50
11729 8
11779 60
11779 104
11779 125
11779 147
11779 194
11779 245
11506 33
11506 40
11506 87
11215 52
11196 20
11766 79
11766 85
11766 261
11766 284
11766 314
11766 329
11539 52
11521 20
11197 64
11240 30
11169 3
11203 93
11559 11
11557 75
11557 96
11557 120
11811 14
11811 39
11811 58
11811 182
11538 2
11291 272
11787 169
11787 178
11601 115
11674 53
11756 18
11070 91
11070 107
11070 159
11271 49
11187 257
11187 302
11119 18
11119 82
11119 133
11119 135
11660 38
11700 35
11550 141
11173 20
11173 93
11509 59
11182 15
11182 91
11182 132
11071 9
11071 107
11071 233
11150 154
11712 13
11712 106
11149 63
11149 212
11149 219
11149 268
11076 13
11184 43
11545 171
11545 185
11545 186
11545 189
11545 194
11728 215
11728 269
11728 300
11228 39
11260 24
11135 113
11786 2
11786 65
11786 265
11786 268
11786 296
11786 329
11786 330
11709 31
11709 144
11064 34
11543 183
11543 196
11543 200
11543 204
11543 213
11543 215
11821 41
11821 65
11821 153
11846 59
11846 75
11846 85
11846 159
11846 174
11844 163
11844 306
11844 307
11519 308
11529 34
11529 98
11529 138
11529 151
11187 15
11854 40
11049 7
11665 88
11665 110
11071 10
11071 60
11713 105
11713 115
11713 159
11724 27
11724 56
11724 78
11724 83
11724 138
11724 261
11724 280
11724 298
11844 42
11844 63
11844 81
11844 130
11844 161
11844 175
11844 210
11278 74
11278 186
11278 209
11066 210
11145 0
11210 8
11675 176
11665 10
11665 114
11665 117
11202 25
11680 12
11680 116
11203 9
11278 247
11278 254
11144 39
11283 36
11675 33
11526 1
11149 50
11848 136
11543 74
11598 55
11115 63
11644 236
11086 168
11086 181
11625 73
11664 10
11664 73
11664 99
11664 122
11617 104
11617 154
11648 6
11275 29
11605 227
11866 172
11291 69
11801 33
11506 128
11636 24
11253 113
11527 112
11527 137
11527 144
11846 20
11846 25
11846 112
11846 165
11846 178
11507 40
11591 16
11172 44
11508 162
11508 184
11508 251
11508 267
11634 30
11745 98
11119 149
11677 101
11186 191
11064 104
11213 84
11815 118
11815 124
11815 173
11815 205
11291 102
11291 111
11291 122
11278 87
11847 32
11712 21
11712 23
11712 54
11712 73
11727 279
11727 319
11186 123
11186 268
11678 240
11135 129
11761 216
11761 218
11761 227
11761 250
11640 1
11059 59
11087 48
11524 27
11524 29
11524 91
11524 99
11524 131
11524 230
11543 274
11815 31
11815 47
11815 66
11815 123
11815 134
11815 230
11815 289
11605 267
11853 37
11554 14
11554 114
11283 63
11283 91
11243 5
11256 13
11632 5
11579 17
11291 225
11609 38
11609 95
11754 33
11754 35
11754 49
11754 98
11507 63
11507 151
11186 163
11186 304
11066 72
11066 150
11182 2
11182 36
11196 166
11753 13
11753 42
11822 11
11182 11
11182 16
11182 113
11182 135
11565 125
11565 183
11219 98
11840 4
11278 240
11294 49
11294 58
11294 70
11088 67
11726 82
11726 93
11726 97
11726 152
11726 189
11726 255
11726 277
11726 334
11243 10
11243 54
11182 62
11182 167
11664 53
11510 4
11510 17
11510 22
11565 315
11211 24
11672 59
11537 292
11621 33
11621 47
11565 285
11565 311
11064 8
11064 62
11064 73
11064 119
11842 12
11621 0
11614 114
11077 116
11290 137
11290 161
11290 163
11263 47
11263 52
11283 23
11283 37
11639 104
11279 81
11279 95
11785 2
11067 21
11186 219
11186 234
11601 84
11601 171
11601 179
11769 23
11769 67
11769 72
11521 32
11521 38
11521 39
11521 44
11521 65
11086 78
11086 239
11796 11
11796 38
11796 78
11631 21
11631 164
11631 182
11631 198
11631 264
11290 129
11290 134
11290 326
11173 41
11173 130
11684 12
11684 43
11833 4
11833 257
11138 3
11138 59
11507 138
11187 179
11720 29
11720 157
11720 193
11142 1
11255 10
11678 53
11678 59
11678 118
11240 1
11240 47
11605 186
11274 64
11667 19
11867 88
11867 113
11186 17
11186 44
11776 6
11776 64
11696 62
11691 146
11648 25
11648 26
11648 35
11593 29
11593 37
11593 84
11593 85
11593 105
11505 4
11508 292
11537 308
11554 29
11214 88
11815 25
11543 231
11543 249
11821 24
11821 110
11821 114
11821 118
11821 119
11813 47
11813 68
11813 93
11813 106
11813 118
11813 155
11081 85
11749 38
11749 79
11749 86
11749 106
11678 223
11678 231
11678 255
11678 305
11678 311
11218 4
11712 29
11712 78
11712 127
11761 180
11782 77
11619 157
11664 103
11196 10
11196 30
11196 89
11610 12
11853 54
11853 21
11285 58
11665 84
11064 3
11064 28
11761 210
11761 241
11745 41
11745 76
11745 123
11745 133
11218 0
11720 46
11720 51
11720 124
11720 215
11243 38
11286 5
11115 15
11115 92
11681 12
11681 114
11070 106
11070 133
11070 144
11070 146
11813 87
11582 30
11847 72
11801 39
11833 268
11833 274
11657 48
11657 52
11182 56
11065 17
11553 131
11553 147
11553 153
11553 161
11553 227
11581 102
11149 0
11707 86
11666 44
11666 74
11203 77
11203 83
11679 28
11679 64
11679 83
11740 262
11740 274
11740 317
11740 329
11118 281
11577 25
11786 31
11786 193
11786 234
11786 280
11786 340
11619 21
11206 45
11575 1
11575 28
11575 75
11793 47
11793 178
11501 17
11501 59
11282 44
11168 2
11168 69
11168 92
11168 124
11787 46
11648 78
11648 208
11673 61
11186 38
11591 36
11591 80
11591 113
11591 129
11186 26
11685 234
11685 245
11715 47
11715 76
11715 107
11715 198
11715 234
11787 20
11787 22
11297 41
11239 12
11239 17
11836 51
11213 30
11154 0
11154 10
11613 49
11066 179
11636 0
11636 15
11153 8
11673 13
11139 5
11761 207
11059 13
11174 17
11630 55
11630 143
11584 32
11584 45
11685 50
11639 85
11639 99
11630 43
11630 75
11630 96
11553 21
11253 109
11253 125
11561 2
11561 46
11196 58
11196 112
11831 31
11831 47
11831 50
11601 21
11601 52
11601 69
11601 160
11260 48
11811 114
11811 124
11811 152
11803 24
11803 54
11803 94
11593 5
11593 77
11593 108
11606 222
11495 26
11776 66
11168 9
11684 22
11684 75
11684 80
11666 67
11204 27
11233 159
11685 299
11657 51
11657 73
11783 2
11783 3
11783 14
11203 2
11203 15
11842 69
11842 86
11842 94
11842 96
11842 142
11784 32
11784 33
11090 65
11581 76
11713 158
11713 178
11713 214
11677 60
11677 113
11143 37
11249 16
11219 70
11658 15
11150 87
11150 98
11150 148
11208 15
11674 66
11515 3
11515 17
11587 9
11729 14
11729 15
11729 40
11729 72
11762 3
11762 160
11762 239
11762 278
11762 293
11197 23
11197 88
11196 233
11162 52
11162 61
11537 7
11537 56
11537 86
11537 101
11537 125
11537 132
11537 214
11537 237
11537 240
11841 74
11800 5
11836 0
11836 7
11836 26
11836 37
11836 97
11659 10
11149 81
11149 242
11804 79
11804 100
11804 192
11243 21
11509 30
11509 80
11269 3
11274 76
11713 3
11617 235
11611 11
11512 23
11565 54
11565 63
11565 118
11565 157
11565 278
11644 19
11685 272
11787 126
11219 25
11219 96
11632 61
11279 5
11279 28
11807 4
11807 7
11228 11
11637 66
11637 96
11740 54
11740 103
11740 134
11740 136
11740 156
11740 167
11233 87
11678 5
11253 81
11253 108
11629 48
11771 3
11867 81
11867 101
11709 9
11242 29
11147 38
11184 29
11506 141
11184 39
11675 86
11675 134
11675 185
11719 18
11709 2
11709 19
11796 193
11234 19
11665 28
11665 93
11665 137
11211 4
11537 34
11537 89
11537 137
11537 203
11710 101
11187 198
11120 37
11675 84
11168 17
11168 59
11198 47
11198 163
11198 245
11292 3
11292 24
11292 33
11275 59
11577 22
11240 59
11682 6
11682 9
11578 12
11578 20
11578 28
11578 83
11578 88
11578 97
11271 14
11278 140
11682 92
11682 93
11176 15
11762 106
11762 174
11762 186
11762 280
11762 283
11762 301
11762 309
11762 323
11777 14
11742 143
11742 145
11524 11
11524 148
11524 183
11524 196
11173 6
11628 22
11628 26
11628 93
11628 128
11628 219
11628 243
11150 117
11230 2
11657 76
11285 26
11285 60
11557 77
11624 33
11087 17
11087 87
11674 42
11674 54
11135 45
11135 50
11557 1
11557 102
11557 106
11247 25
11756 112
11756 200
11135 119
11247 8
11119 25
11119 178
11278 47
11278 66
11278 162
11655 16
11090 99
11090 164
11090 228
11719 51
11214 80
11150 34
11150 43
11150 102
11619 52
11619 74
11619 83
11619 86
11844 18
11844 30
11844 31
11844 118
11844 135
11844 180
11844 220
11844 260
11844 272
11769 24
11769 66
11186 61
11684 36
11684 60
11565 41
11565 159
11565 249
11565 266
11565 271
11553 253
11169 10
11169 35
11832 62
11832 105
11832 124
11535 16
11535 42
11535 88
11535 92
11791 9
11791 34
11791 99
11791 129
11791 149
11791 216
11791 232
11791 300
11535 23
11535 98
11842 42
11842 53
11842 54
11842 144
11842 183
11727 222
11727 256
11727 300
11727 323
11687 0
11687 13
11687 16
11687 145
11687 194
11727 45
11727 86
11727 115
11727 139
11296 48
11211 27
11127 29
11780 29
11780 38
11780 44
11589 25
11589 49
11801 6
11801 24
11807 10
11807 17
11828 20
11761 63
11761 70
11761 123
11761 149
11761 197
11237 74
11848 54
11848 122
11072 43
11781 15
11182 12
11294 7
11294 52
11282 26
11742 88
11742 99
11742 100
11742 102
11742 107
11171 48
11668 7
11753 12
11753 18
11083 71
11083 72
11083 175
11237 70
11672 10
11672 40
11201 20
11201 22
11201 25
11787 109
11787 114
11545 222
11811 112
11811 123
11811 126
11796 28
11796 114
11796 152
11796 164
11691 66
11698 115
11274 57
11274 59
11075 26
11853 42
11233 56
11233 194
11848 334
11177 26
11069 80
11728 94
11769 102
11759 119
11751 178
11814 7
11814 28
11087 27
11087 49
11712 3
11712 52
11712 115
11504 26
11504 68
11132 12
11501 42
11076 38
11090 15
11090 34
11090 150
11668 2
11846 101
11724 19
11724 28
11604 322
11621 14
11621 38
11830 75
11830 128
11830 166
11198 90
11198 169
11198 213
11192 6
11192 7
11625 20
11162 22
11833 27
11833 54
11833 82
11833 97
11198 234
11283 88
11283 99
11786 133
11546 52
11546 103
11077 5
11077 117
11646 66
11726 115
11726 225
11726 226
11726 234
11726 293
11727 230
11727 273
11727 314
11727 320
11132 5
11778 75
11814 26
11071 29
11071 79
11071 173
11755 8
11561 12
11813 53
11813 67
11813 89
11813 94
11813 138
11259 21
11554 90
11554 107
11815 112
11815 150
11815 182
11815 282
11584 99
11584 144
11584 169
11230 7
11844 46
11844 120
11844 149
11844 242
11761 97
11133 61
11133 161
11804 5
11804 95
11804 104
11804 174
11550 260
11531 95
11531 96
11531 103
11531 158
11531 172
11528 27
11803 86
11271 73
11678 38
11678 57
11678 157
11678 159
11678 160
11678 167
11845 35
11845 61
11845 160
11845 188
11666 16
11619 0
11174 12
11227 11
11132 7
11665 16
11665 138
11681 54
11681 112
11761 171
11761 215
11537 29
11075 38
11075 39
11075 41
11075 42
11075 44
11075 46
11617 106
11617 129
11617 182
11815 58
11653 54
11653 59
11653 78
11278 314
11589 29
11589 31
11589 187
11589 195
11538 7
11604 172
11604 211
11604 234
11213 75
11139 73
11233 179
11186 101
11186 202
11186 235
11710 2
11710 33
11710 64
11710 98
11187 92
11187 281
11742 140
11742 153
11742 178
11742 284
11198 38
11198 85
11198 88
11198 141
11820 88
11820 92
11820 172
11820 176
11820 180
11800 68
11270 4
11290 52
11290 69
11290 188
11290 258
11115 18
11115 66
11666 60
11605 3
11605 68
11605 122
11605 169
11532 35
11073 11
11073 48
11726 46
11071 4
11071 111
11071 222
11071 264
11832 63
11832 82
11598 58
11691 19
11614 20
11614 44
11614 51
11614 66
11614 74
11614 90
11614 187
11685 2
11685 78
11685 87
11685 103
11570 10
11570 39
11550 92
11550 182
11550 196
11550 227
11550 284
11550 286
11765 103
11765 150
11143 9
11531 140
11292 13
11142 2
11726 155
11821 77
11821 89
11679 48
11679 139
11679 154
11679 156
11293 10
11077 104
11593 42
11189 3
11189 5
11507 107
11249 27
11791 0
11791 23
11791 33
11791 55
11791 73
11791 218
11791 236
11791 256
11244 8
11244 16
11740 4
11740 40
11740 109
11197 31
11197 65
11197 103
11197 121
11162 67
11831 30
11831 67
11854 28
11854 101
11162 44
11693 31
11186 118
11847 93
11847 95
11847 96
11719 36
11719 39
11784 76
11618 91
11135 95
11609 166
11609 175
11609 205
11609 218
11609 237
11740 21
11740 86
11740 95
11740 105
11740 175
11740 184
11628 6
11628 29
11628 124
11069 19
11069 29
11698 30
11787 70
11787 80
11720 33
11720 76
11720 85
11720 116
11772 2
11059 31
11543 0
11543 55
11543 56
11543 67
11115 38
11821 13
11821 33
11821 45
11821 81
11821 146
11265 11
11265 15
11774 50
11149 173
11545 139
11066 19
11665 44
11665 45
11665 123
11665 124
11665 132
11787 71
11787 76
11787 87
11816 79
11816 158
11291 283
11646 35
11646 63
11264 4
11285 48
11173 85
11049 0
11698 62
11698 73
11584 92
11584 97
11584 139
11811 47
11811 179
11811 200
11811 219
11737 147
11737 163
11737 171
11083 82
11083 91
11083 94
11083 148
11083 190
11275 68
11275 124
11144 38
11678 48
11678 69
11678 87
11678 116
11678 158
11492 46
11492 126
11728 101
11728 122
11728 156
11728 175
11728 197
11728 289
11728 296
11242 10
11782 145
11713 124
11713 153
11713 174
11677 85
11164 13
11074 9
11074 66
11284 14
11153 6
11543 206
11543 262
11543 272
11528 7
11528 19
11591 118
11591 124
11617 123
11617 137
11617 202
11617 211
11617 232
11150 88
11150 159
11143 11
11187 34
11187 65
11187 254
11515 37
11064 55
11551 18
11518 68
11518 121
11518 124
11636 1
11636 53
11636 55
11574 13
11574 28
11574 32
11574 111
11574 112
11723 18
11723 147
11723 238
11723 300
11723 302
11723 304
11723 331
11831 0
11831 70
11831 79
11691 34
11691 61
11630 134
11630 162
11833 231
11844 85
11844 107
11844 119
11844 199
11844 255
11844 280
11844 293
11537 20
11537 168
11537 196
11751 195
11751 270
11751 297
11751 305
11578 3
11578 21
11578 22
11578 100
11687 66
11687 84
11687 91
11687 178
11543 12
11524 16
11524 96
11524 102
11524 113
11524 190
11853 57
11147 24
11796 89
11796 142
11796 151
11520 140
11520 144
11520 153
11520 176
11169 108
11169 221
11679 8
11679 13
11679 16
11679 21
11679 38
11841 10
11841 113
11088 16
11088 35
11088 71
11765 109
11765 171
11765 202
11201 8
11740 237
11740 309
11846 90
11846 132
11846 181
11591 1
11591 41
11591 89
11591 110
11794 14
11506 54
11506 70
11270 40
11066 213
11147 33
11603 29
11738 39
11738 55
11738 236
11674 9
11674 30
11674 40
11756 54
11756 138
11756 142
11756 197
11756 284
11212 32
11787 122
11787 136
11787 160
11787 165
11644 1
11644 110
11644 130
11186 215
11581 48
11581 55
11581 85
11813 18
11813 25
11813 50
11813 99
11279 44
11279 47
11604 5
11604 25
11604 93
11604 201
11740 91
11740 148
11529 54
11529 78
11529 91
11529 104
11713 25
11713 49
11713 64
11791 41
11791 125
11791 208
11791 253
11791 264
11791 306
11646 11
11646 78
11646 81
11813 12
11813 14
11813 49
11813 57
11813 124
11813 136
11833 22
11833 41
11833 81
11756 151
11519 40
11519 93
11519 147
11519 180
11519 201
11606 264
11606 292
11531 10
11531 33
11531 67
11531 69
11531 100
11531 105
11270 8
11270 12
11685 4
11685 46
11685 95
11685 120
11614 15
11614 174
11614 180
11071 11
11071 25
11071 75
11071 145
11071 189
11071 275
11726 133
11726 214
11726 219
11726 258
11726 302
11726 328
11527 16
11527 75
11527 145
11572 0
11162 60
11630 68
11630 88
11630 183
11593 56
11593 106
11215 20
11215 29
11761 95
11761 117
11761 137
11830 58
11830 147
11830 155
11830 172
11830 194
11830 222
11755 94
11755 135
11755 157
11215 41
11215 88
11779 10
11779 29
11779 59
11779 62
11779 143
11779 255
11630 54
11630 124
11630 135
11630 158
11630 165
11071 26
11071 88
11071 103
11071 112
11071 171
11636 11
11636 48
11779 12
11779 68
11779 85
11779 184
11779 265
11779 283
11779 289
11791 60
11791 144
11791 178
11791 179
11791 211
11791 226
11791 237
11177 21
11198 19
11198 32
11198 40
11198 287
11091 14
11091 91
11520 49
11520 73
11494 167
11494 175
11494 237
11494 238
11782 4
11782 20
11782 93
11782 109
11782 118
11782 149
11531 8
11531 35
11531 41
11531 75
11531 125
11531 174
11198 189
11528 6
11528 18
11528 26
11528 36
11528 49
11646 21
11646 64
11646 75
11646 82
11646 99
11804 110
11804 151
11804 155
11804 164
11804 315
11804 322
11804 323
11844 65
11844 78
11844 116
11844 138
11844 165
11844 249
11844 291
11738 5
11738 8
11738 21
11738 35
11738 124
11738 131
11738 132
11738 211
11738 240
11275 5
11275 88
11275 122
11832 1
11832 37
11724 63
11724 65
11724 115
11724 208
11724 242
11724 296
11724 326
11618 11
11618 61
11618 107
11618 112
11618 131
11618 171
11618 181
11833 160
11833 168
11833 170
11833 283
11833 322
11564 23
11564 44
11564 46
11564 76
11693 80
11234 47
11781 10
11781 13
11187 42
11187 77
11187 86
11187 145
11187 164
11187 292
11187 308
