22142 22
22139 160
22139 71
22139 26
22139 92
22139 134
22139 34
22139 93
22139 48
22139 146
22139 117
22139 167
22139 61
22139 121
22139 74
22139 133
22139 106
22139 98
22139 152
22139 10
22139 78
22139 158
22139 166
22139 179
22139 47
22139 147
22139 46
22139 21
21615 63
21615 69
21615 44
21615 47
21615 12
21615 15
21615 36
21615 7
21615 20
21615 1
21615 14
21615 48
21615 55
21615 10
21615 17
21615 18
21478 11
21577 7
21577 15
21978 52
21978 120
21978 36
21978 11
21978 67
21978 39
21978 85
21978 10
21978 19
21978 133
21978 173
21978 127
21978 68
21978 70
21978 118
21978 1
21978 14
21978 132
21978 90
21978 125
21978 38
21978 12
21978 171
21978 163
21978 174
21978 61
21978 95
21978 149
21978 66
21978 123
21978 140
21978 48
21978 30
21978 175
21978 113
21978 56
21978 178
21978 100
21978 54
21978 164
21978 166
21978 26
21978 59
21978 137
21978 138
21978 169
21978 104
21978 32
21978 57
21978 180
21978 110
21978 126
21978 145
21978 86
21978 15
21978 72
21978 91
21978 143
22171 39
22171 4
22171 35
22171 53
22171 28
22171 17
21587 2
21587 12
21587 6
21587 13
21587 11
21587 15
21587 3
21853 16
21853 27
21616 28
21616 3
21616 26
21616 18
21616 19
21916 176
21916 184
21916 331
21916 397
21916 245
21916 90
21916 345
21916 3
21916 436
21916 74
21916 358
21916 239
21916 68
21916 236
21916 319
21916 66
21916 116
21916 199
21916 206
21916 63
21916 243
21916 321
21916 258
21916 412
21916 447
21916 248
21916 370
21916 96
21916 382
21916 142
21916 364
21916 456
21916 108
21916 75
21916 70
21916 117
21916 394
21916 159
21916 342
21916 78
21916 400
21916 147
21916 315
21916 10
21916 372
21916 463
21916 344
21916 327
21916 336
21916 301
21916 88
21916 139
21916 189
21916 295
21916 469
21916 212
21916 375
21916 113
21916 297
21916 123
21916 374
21916 272
21916 115
21916 167
21916 290
21916 130
21916 41
21916 299
21916 200
21916 309
21916 310
21916 347
21916 367
21916 306
21916 420
21916 338
21916 468
21916 114
21916 217
21916 467
21916 452
21916 94
21916 46
21916 168
21916 188
21916 20
21916 109
21916 311
21916 411
21916 220
21916 439
21916 329
21916 341
21916 120
21916 38
21916 305
21916 325
21916 268
21916 140
21916 166
21916 238
21916 270
21916 202
21916 291
21916 134
21916 395
21916 398
21916 15
21916 334
21916 43
21916 229
21916 431
21916 60
21916 26
21916 35
21916 186
21916 244
21916 227
21916 251
21916 427
21916 414
21916 460
21916 161
21916 16
21916 287
21916 443
21916 283
21916 455
21916 280
21916 172
21916 187
21916 351
21916 151
21916 122
21916 196
21916 155
21916 62
21916 231
21916 359
21916 384
22155 12
22155 0
22155 21
22155 42
22155 6
22155 54
22155 16
22155 35
22155 47
22155 48
22155 7
22155 29
22155 30
22155 32
22155 3
22155 17
22155 26
22155 38
22155 20
22155 52
22155 33
22155 50
22176 137
22176 95
22176 55
21543 0
21543 39
21543 66
21543 111
21543 127
21543 21
21543 88
21543 122
21543 162
21977 82
21977 115
21977 26
21977 7
21977 10
21977 75
21977 41
21977 47
21977 20
21977 70
21977 37
21977 101
22171 61
22171 25
22171 51
22171 2
22171 44
21444 10
21444 14
21444 1
21444 12
22040 20
22040 44
22040 37
22040 43
22040 8
22040 41
22040 42
21674 29
21674 58
21674 31
21674 37
21674 44
21674 2
21674 3
21674 34
21982 213
21982 494
21982 294
21982 118
21982 493
21982 305
21982 431
21982 8
21982 115
21982 2
21982 88
21982 117
21982 152
21982 243
21982 341
21982 18
21982 342
21982 355
21982 133
21982 0
21982 132
21982 65
21982 196
21982 141
21982 345
21982 445
21982 339
21982 532
21982 461
21982 230
21982 47
21982 455
21982 483
21982 26
21982 101
21982 336
21982 448
21982 188
21982 469
21982 55
21982 549
21982 4
21982 275
21982 344
21982 328
21982 464
21982 437
21982 423
21982 137
21982 393
21982 387
21982 179
21982 424
21982 290
21982 375
21982 422
21982 371
21982 467
21982 183
21982 165
21982 50
21982 402
21982 535
21982 296
21982 251
21982 350
21982 544
21982 481
21982 219
21982 547
21982 25
21982 271
21982 278
21982 147
21982 253
21982 161
21982 170
21982 200
21982 496
21982 261
21982 514
21982 457
21982 307
21982 205
21982 180
21982 239
21982 87
21982 98
21982 386
21982 201
21982 408
21982 462
21982 541
21982 351
21982 354
21982 175
21982 56
21982 312
21982 46
21982 37
21982 92
21982 548
21982 150
21982 232
21982 52
21982 450
21982 166
21982 192
21982 301
21982 523
21982 508
21982 505
21982 198
21982 399
21982 135
21982 425
21982 343
21982 390
21982 58
21982 303
21982 193
21982 67
21982 149
21982 44
21982 476
21982 154
21982 492
21982 304
21982 416
21982 160
21982 124
21982 426
21982 66
21982 168
21982 69
21982 449
21982 283
21982 284
21982 23
21982 231
21982 93
21982 412
21982 233
21982 506
21982 367
21982 447
21982 10
21982 323
21982 430
21982 398
21982 372
21982 306
21982 282
21982 310
21982 111
21982 419
21982 83
21982 112
21982 163
21982 242
21982 459
21982 258
21982 241
21982 526
21982 311
21982 206
21982 89
21982 238
21982 477
21628 21
21628 104
21628 35
21628 51
21628 66
21628 132
21628 67
21628 7
21628 26
21628 59
21628 11
21628 24
21628 80
21628 89
21628 91
21628 103
21628 125
21628 13
21628 31
21628 5
21628 86
21628 16
21628 63
21628 65
21628 45
21461 0
21461 3
21713 5
21713 15
21713 18
21713 13
21713 23
21668 79
21668 84
21668 39
21668 73
21668 85
21668 6
21668 74
21668 100
21668 83
21668 89
21668 92
21668 17
21668 40
21585 22
21585 110
21585 131
21585 135
21585 139
21585 23
21585 87
21585 92
21610 70
21610 82
21610 31
21610 33
21610 68
21610 99
21610 111
21610 44
21610 50
21610 104
21610 110
21610 51
21610 90
21610 32
21610 89
21610 93
21610 29
21610 46
21610 49
21610 62
21610 65
21610 67
21610 115
21610 23
21610 73
21610 57
21610 75
21610 106
21610 107
21610 56
21610 76
22044 14
22044 15
22044 2
22044 1
21694 30
21694 13
21694 0
21694 16
21694 20
21694 24
21694 31
21694 10
21867 12
22182 20
22182 83
22182 73
22182 100
22182 1
22182 118
22182 131
22083 15
22083 26
22083 93
22083 95
22083 73
22083 35
22083 14
22083 65
22083 53
22083 38
21685 78
21685 103
21685 108
21685 121
21685 128
21685 55
21685 64
21685 71
21685 74
21685 85
21685 47
21685 89
21685 91
21685 93
21685 115
21685 28
21685 43
21685 92
21685 0
21685 27
21685 49
21685 141
21685 42
21685 60
21685 77
21685 97
21685 138
21685 143
21685 36
21685 48
21685 137
21685 107
21685 1
21685 6
21685 69
21685 127
21685 119
21685 38
21685 68
21685 96
21685 122
21685 25
21685 86
21685 50
21685 101
21685 80
21685 19
21685 2
21685 33
21685 100
21685 125
21685 135
21685 4
21685 111
21685 9
21685 70
21685 95
21685 117
21685 29
21685 54
21685 58
21685 130
21685 7
21685 14
21685 104
21685 124
21685 112
21685 118
21636 8
21636 5
21636 4
21636 12
21636 17
21636 13
21636 18
21953 48
21953 74
21953 39
21953 26
21953 14
21953 41
21953 20
21953 51
22042 250
22042 379
22042 198
22042 393
22042 369
22042 286
22042 101
22042 37
22042 283
22042 336
22042 33
22042 388
21723 13
21723 8
21723 18
21723 19
21723 0
21723 15
21723 9
21459 1
21459 31
21459 41
21459 58
21459 70
21459 60
21459 105
21459 28
21459 37
21459 64
21459 75
21459 47
21459 23
21459 61
21459 81
21459 5
21459 96
21459 17
21459 20
21459 90
21459 95
21459 19
21459 99
21459 13
21459 14
21459 42
21459 63
21459 68
21459 38
21459 85
21459 3
21459 48
21459 59
21459 62
21459 93
21459 9
21459 34
21459 71
21459 83
21990 81
21990 91
21990 150
21990 113
21990 74
21990 82
21990 18
21990 160
21990 29
21990 100
21990 156
21990 21
21990 10
21990 45
21990 179
21990 149
21500 10
21500 0
21500 5
21500 12
21500 11
21501 91
21501 101
21501 279
21700 0
21700 12
21700 28
21700 36
21700 9
21700 27
21700 20
21700 23
21700 14
21700 35
21700 31
21700 16
21700 18
21700 3
21700 34
21584 22
21584 25
21584 13
21584 16
21584 31
22049 11
22049 363
22049 502
22049 449
22049 132
22049 173
22049 96
22049 291
22049 222
22049 426
22049 362
22049 38
22049 342
22049 73
22049 216
22049 156
22049 391
22049 204
22049 468
22049 489
22049 189
22049 18
22049 218
22049 1
22049 171
22049 92
22049 113
22049 270
22049 529
22049 483
22049 94
22049 220
22049 503
22049 430
22049 405
22049 528
22049 27
22049 407
21920 55
21920 48
21920 28
21920 27
21553 125
21553 197
21553 201
21553 329
21553 89
21553 244
21553 372
21553 457
21553 72
21553 36
21553 64
21553 78
21553 179
21553 216
21553 264
21553 327
21553 483
21553 70
21553 147
21553 324
21553 335
21553 452
21553 131
21553 143
21553 309
21553 456
21553 460
21553 195
21553 404
21553 447
21553 468
21553 35
21553 91
21553 142
21553 257
21553 314
21553 345
21844 71
21844 21
21844 64
21844 8
22036 26
22036 24
22036 17
22036 15
22036 6
22036 19
22036 25
22036 28
21633 5
21633 7
21633 37
21633 42
21633 46
21633 8
21633 10
21633 0
21633 1
21633 38
21633 40
21633 56
21633 20
21633 49
22081 49
22081 8
22081 27
22081 29
22081 2
22081 28
22081 14
22081 48
22081 4
22081 23
22081 9
22081 58
22081 60
22081 30
22081 22
22081 20
22081 44
22081 6
22081 47
22081 18
22081 24
22081 41
22081 45
22129 3
22129 300
22129 327
22129 495
22129 431
22129 353
22129 253
22129 40
22129 436
22129 539
22129 568
22129 297
22129 271
22129 441
22129 430
22129 155
22129 406
22129 408
22129 293
22129 73
22129 148
22129 452
22129 434
22129 9
22129 472
22005 139
22005 154
22005 241
22005 16
22005 95
22005 156
22005 204
22005 20
22005 199
22005 205
22005 244
22005 181
22005 79
22005 2
22005 168
22005 43
22005 193
22005 105
22005 4
22005 26
22005 183
22005 127
22005 46
22005 56
22005 155
22005 246
22005 215
22005 153
22005 157
22005 197
22005 78
22005 240
22005 175
22005 23
22005 198
22005 45
22005 61
22005 245
22005 129
22005 49
22005 213
22005 227
22005 44
22005 207
22005 109
22005 217
22005 75
22005 134
22005 164
22005 171
22005 67
22005 121
22005 138
22005 35
22005 36
22005 219
22005 144
22005 140
22005 195
22005 58
22005 192
22005 228
22005 57
22005 237
22005 119
22005 161
22005 142
22005 100
22005 230
22005 21
22005 104
22005 185
22005 214
22005 111
22005 159
22005 174
22005 102
22005 125
22005 146
22005 17
22005 25
22005 86
22005 14
22005 247
22005 60
22005 136
22005 180
22005 143
22005 194
22005 93
22005 203
22005 31
22005 123
22005 50
22005 178
22005 30
22018 3
22018 4
22018 8
22018 7
22018 5
22018 2
22018 11
21703 7
21703 16
21925 64
21925 62
21925 38
21925 126
21925 129
21925 193
21925 144
21925 24
22191 65
22191 15
22242 203
22242 514
22242 560
22242 29
22242 187
22242 458
22242 536
22242 328
22242 294
22242 388
22242 343
22242 24
22242 108
22242 25
22242 215
22242 252
22242 361
22242 487
22242 142
22242 445
22242 483
22242 250
22242 213
22242 389
22242 211
22242 512
22242 266
22242 400
22242 158
22242 558
22242 93
22242 438
22242 322
22242 313
22242 135
22242 386
22242 397
22242 247
22242 540
22242 240
22242 27
22242 133
22242 207
22242 323
22242 412
22242 524
22242 155
22242 26
22242 221
22242 110
22242 273
22242 505
22242 495
22242 239
22242 321
22242 559
22242 184
22242 120
22242 177
22242 491
22242 223
22242 432
22242 341
22242 551
22242 182
22242 327
22242 172
22242 521
22242 385
22242 318
22242 408
22242 463
22123 9
22123 85
22123 46
22123 137
22123 65
22123 22
22123 138
22123 39
22123 74
22123 157
22123 8
22123 53
22123 112
22123 100
22123 117
22123 128
22123 0
22123 50
22123 134
22123 21
22123 92
22123 111
22123 90
22123 129
22123 89
22123 28
22123 33
22123 2
22123 32
22123 34
22123 11
22123 160
22123 26
22123 62
22123 161
22123 127
22123 64
22123 113
22123 82
22123 115
22123 99
22123 75
22123 6
22123 141
22123 131
22123 110
22123 38
22123 67
22123 153
22123 130
22198 47
22198 96
22198 55
21547 0
21547 16
21547 23
21547 44
21547 25
21547 18
21547 11
21847 32
21847 24
22086 49
22086 365
22086 435
22086 284
22086 161
22086 461
22086 295
22086 151
22086 30
22086 125
21981 36
21981 88
21947 46
21947 85
21947 30
21947 23
21947 84
21947 29
21615 2
21615 35
21615 6
21615 26
21615 74
21615 25
21615 58
21615 61
21615 56
21615 27
21715 9
21715 7
21715 8
22139 122
22139 96
22139 148
22139 54
22139 140
22139 105
22139 116
22139 90
22139 118
22139 99
22139 161
22139 124
22139 178
22139 63
22139 53
22139 135
22139 58
22139 28
22139 149
22139 191
22139 59
22139 5
22139 103
22139 23
22139 109
22139 22
22139 30
22139 27
22139 33
22139 137
22139 126
21980 35
21980 34
21980 39
21980 2
21980 43
21980 16
21980 12
21980 4
21980 31
21980 38
21980 42
21980 19
21980 26
21980 17
21980 1
21980 8
21980 9
21980 46
21980 14
21581 5
21581 8
21581 43
21581 62
21581 26
21581 24
21581 35
21581 47
21581 67
21849 6
21849 12
21849 18
21849 5
21849 10
21849 8
21849 14
21946 49
21946 116
21946 30
21946 73
21946 76
21946 100
21946 75
21946 4
21946 45
21946 8
21946 26
21946 125
22253 14
22253 15
22253 1
22253 16
21928 44
21928 19
21928 29
21928 25
21928 53
21928 82
21928 72
22058 484
22058 119
22058 386
22058 428
22058 154
22058 124
22058 460
22058 127
22058 502
22058 126
22058 140
22058 324
22058 550
22058 314
22058 441
22058 162
22058 125
22058 313
22058 456
22058 567
22058 568
22058 424
22058 334
22058 572
22058 275
22058 358
22058 122
22058 294
22058 479
22058 295
22058 93
22058 318
22058 211
22058 390
22058 224
22058 312
22058 115
22058 258
22058 364
22058 423
22058 399
22058 322
22058 436
22058 287
22058 348
22058 252
22058 546
22058 385
22058 141
22058 243
22058 187
22058 204
22058 23
22058 490
22058 402
22058 40
22058 508
22058 384
22058 472
22058 246
22058 515
22058 459
22058 89
22058 382
22058 303
22058 316
22058 110
22058 320
22058 369
22058 203
22058 239
22058 519
22058 543
22058 261
22058 387
22058 94
22058 255
22058 537
22058 444
22058 53
22058 209
22058 180
22058 325
22058 60
22058 525
22058 98
22058 408
22058 181
21925 74
21925 45
21925 51
21925 192
21925 14
21925 155
21925 198
21925 177
21925 41
21925 146
21925 50
21925 140
21925 7
21925 8
21925 32
21925 176
21925 136
21925 6
21925 39
21925 100
21925 5
21925 97
21925 164
21925 137
21925 172
22267 24
22267 11
22267 38
22267 30
21809 16
21809 19
21809 48
21809 10
21809 50
21809 53
21809 83
21809 69
21809 156
21809 28
21809 18
21809 160
21809 134
21809 136
21809 140
21809 162
21809 64
21809 157
21809 51
21809 77
21809 84
21809 112
21809 114
21809 60
21809 141
21809 81
21809 153
21809 20
21809 36
21809 129
21809 107
21809 41
21809 67
21809 119
21809 46
21809 75
21809 78
21809 131
21809 5
21809 1
21809 37
21809 45
21809 82
21809 135
21809 147
21809 159
21809 139
21809 148
21809 11
21809 47
21809 102
21809 128
21809 132
21809 35
21809 61
21809 63
21809 106
22240 64
22240 2
22240 23
22240 26
22240 70
22242 472
22242 251
22242 566
22242 290
22242 55
22242 185
22242 456
22242 401
22242 519
22242 264
22242 471
22242 111
22242 94
22242 349
22242 382
22242 139
22242 364
22242 103
22242 132
22242 453
22242 47
22242 225
22242 330
22242 219
22242 220
22242 420
22242 200
22242 455
22242 1
22242 99
22242 369
22242 104
22242 63
22242 95
22242 416
22242 146
22242 357
22242 297
22242 261
22242 238
22242 486
22242 253
22242 50
22242 13
22242 224
22242 113
22242 359
22242 475
22242 525
22242 196
22242 549
22242 356
22242 150
22242 38
22242 402
22242 500
22242 54
22242 86
22242 161
22242 469
22242 390
22242 314
22242 66
22242 286
22242 520
22242 480
22242 482
22242 30
22242 392
22242 258
22242 354
22242 346
22242 352
22242 358
22242 212
22242 532
22242 543
22242 260
22242 134
22242 429
22242 350
22242 452
22242 504
22242 228
22242 35
22242 440
22242 149
22242 522
22242 248
22242 439
22242 293
22242 449
22242 454
22242 433
22242 100
22242 210
22242 151
22242 421
22242 376
22242 91
22242 443
22242 72
22242 263
22242 175
22242 204
22242 217
22242 380
22242 448
22242 140
22242 197
22242 40
22242 227
22242 159
22242 129
22242 241
22242 243
22242 98
22242 292
22242 342
22242 45
22242 324
22242 353
22242 84
22242 79
22242 59
22242 222
22242 535
22242 171
22242 178
22242 298
22242 56
22242 17
22242 419
22242 355
22242 202
22242 49
22242 61
22242 325
22242 23
22242 41
22242 332
22242 123
22242 502
22242 510
22242 69
22242 126
22242 107
22242 334
22242 32
22242 256
22242 231
22242 379
22242 403
22242 450
22242 194
22242 199
22242 289
22242 446
22242 367
22242 280
22242 276
22242 154
22242 490
22242 476
22242 485
22242 37
22242 515
22242 426
22242 230
22242 191
22242 233
22242 481
22242 127
22242 62
22242 546
22242 340
22242 137
22242 8
22242 422
22242 92
22242 156
22242 414
22242 201
22242 181
22242 499
22242 373
22242 87
22242 477
22242 541
22242 459
22242 451
22242 363
22242 48
22242 326
21999 16
21722 25
21722 29
21722 17
21722 12
21722 10
21722 13
21722 21
21722 22
21722 3
21631 31
21631 89
21631 49
21631 63
21631 124
21631 75
21631 17
21631 38
21631 41
21631 127
21631 112
21631 117
21631 128
21631 123
21432 72
21432 1
21432 15
21432 42
21432 83
21432 55
21432 64
21432 91
21432 54
21432 89
21432 26
21432 47
21432 70
21432 11
21432 49
21432 53
21432 60
21642 19
21642 36
21642 37
21642 40
21642 66
21642 98
21642 7
21642 33
21642 67
21642 22
21642 57
21642 88
21642 102
21642 107
21642 10
22173 434
22173 338
22173 231
22173 473
22173 235
22173 128
22173 484
22173 299
22173 476
22173 221
22173 353
22173 32
22173 340
22173 172
22173 38
22173 324
22173 295
22173 298
22173 315
22173 232
22173 272
22173 297
22173 390
22173 126
22173 412
22173 28
22173 229
22173 59
22173 385
22173 27
22173 176
22173 248
22173 35
22173 187
22173 158
22173 9
22173 226
22173 25
22173 141
22173 58
22173 236
22173 174
22173 213
22173 410
22173 152
22173 252
22173 184
22173 431
22173 362
22173 413
22173 116
22173 331
22173 173
22173 426
22173 270
22173 453
22173 395
22173 289
22173 7
22173 52
22173 273
22052 33
22052 223
22052 38
22052 30
22052 396
22052 221
22052 297
22052 177
22052 31
22052 80
22052 307
22052 346
22052 156
22052 121
22052 315
22052 351
21710 73
21710 75
21710 1
21710 32
21710 6
21710 74
21710 59
21710 12
21710 50
21710 11
21710 0
21710 41
21710 62
21710 49
21710 26
21710 67
21710 4
21710 71
21710 64
21710 69
21710 31
21710 81
21592 49
21592 174
21592 54
21592 65
21592 97
21592 125
21592 34
21592 80
21592 146
21592 150
21592 1
21592 40
21592 122
21592 165
21592 26
21592 42
21592 108
21592 16
21592 32
21592 39
21592 66
21592 46
21592 79
21592 81
21592 136
21592 69
21592 145
21592 75
21592 89
21592 94
21592 31
21592 101
21592 105
21592 137
21592 155
21592 163
21592 5
21592 33
21592 0
21592 20
21592 44
21592 110
21592 27
21592 85
21592 141
21592 15
21592 41
21592 74
21592 126
21592 93
21592 172
21592 8
21592 12
21592 84
21592 99
21592 9
21592 18
21592 59
21592 92
21592 53
21592 73
21592 124
21592 138
21592 62
21592 109
21592 61
21592 90
21592 106
21592 166
21592 170
21592 175
21817 14
21817 45
21817 99
21817 126
21817 166
21817 222
21817 26
21817 94
21817 142
21817 24
21817 78
21817 138
21817 209
21817 122
21817 18
21817 47
21817 153
21817 215
21817 55
21511 69
21511 76
21511 78
21511 111
21511 112
21511 137
21511 89
21511 98
21511 101
21511 120
21511 149
21511 47
21511 56
21511 90
21511 117
21511 134
21511 135
21511 154
22005 166
22005 200
22005 162
22005 165
22005 133
22005 73
22005 13
22005 88
22005 137
22005 184
22005 126
22005 176
22005 11
22005 59
22005 130
22005 187
22005 128
22005 186
22005 6
22005 202
22005 149
22005 173
22005 63
22005 106
22005 209
22005 152
22005 179
22005 0
22005 135
22005 233
22005 22
22005 196
22005 96
22005 131
22005 167
22005 242
22005 92
22005 108
22005 231
22005 98
22005 115
22005 48
22005 148
22005 85
22005 29
22005 221
21842 169
21842 69
21842 78
21534 68
21534 138
21534 85
21534 186
21534 15
21534 28
21534 33
21534 62
21534 70
21534 148
21534 6
21534 8
21534 18
21534 36
21534 107
21534 117
21534 43
21534 133
21534 157
21534 178
21534 86
21534 134
21534 152
21534 96
21534 105
21534 160
21534 112
21534 136
21534 142
21534 25
21534 39
21534 1
21534 10
21534 80
21534 123
21534 184
21534 113
21534 146
21534 167
21534 93
21534 137
21534 11
21534 61
21534 119
21534 175
21534 83
21534 132
21534 173
21534 102
21534 16
21534 4
21534 7
21534 95
21534 79
21534 66
21534 99
21534 192
21534 34
21963 166
21963 65
21963 174
21963 70
21963 118
21963 249
21963 302
21963 133
21963 91
21963 208
21963 2
21963 28
21963 42
21963 122
21963 20
21963 193
21963 97
21963 237
21963 300
21963 74
21963 272
21963 321
21963 198
21963 341
21963 173
21963 230
21963 191
21963 144
21963 104
21963 276
21963 167
21963 356
21963 177
21963 123
21963 262
21963 296
21963 82
21963 105
21963 169
21963 10
21708 14
21708 84
21708 141
21708 12
21708 17
21708 150
21708 8
21708 10
21708 5
21708 105
21708 118
21708 24
21708 49
21708 77
21708 80
21708 96
21708 159
21708 59
21708 131
21708 168
21708 172
21708 25
21708 54
21708 83
21708 175
21708 43
21708 58
21708 136
21708 169
21708 4
21708 69
21708 155
21783 254
21783 313
21783 343
21783 372
21783 103
21783 110
21783 520
21783 207
21783 218
21783 268
21783 284
21783 342
21783 350
21783 456
21783 117
21783 168
21783 406
21783 164
21783 17
21783 136
21783 149
21783 170
21783 532
21783 256
21783 383
21783 451
21783 460
21783 22
21783 545
21783 496
21783 531
21783 536
21783 202
21783 322
21783 476
21783 300
21783 329
21783 369
21783 391
21783 403
21783 514
21783 530
21783 197
21783 208
21783 314
21783 380
21783 399
21783 439
21783 426
21783 166
21783 395
21783 236
21783 273
21783 297
21783 433
21783 447
21783 469
21783 415
21783 158
21783 215
21783 468
21783 465
21783 16
21783 47
21783 543
21783 1
21783 120
21783 130
21783 142
21783 219
21783 288
21783 301
21783 304
21783 358
21783 363
21783 165
21783 0
21783 328
21783 263
21783 250
21783 410
21783 444
21783 452
21783 267
21783 510
21783 92
21783 138
21783 152
21783 167
21783 516
21783 238
21783 157
21783 290
21783 463
21783 549
21783 407
21783 183
21783 222
21783 229
21783 242
21783 283
21783 234
21783 259
21783 261
21783 317
21783 352
21783 367
21783 432
21783 94
21783 140
21783 190
21783 196
21783 457
21783 3
21783 63
21783 235
21783 499
21783 111
21783 62
21783 65
21783 302
21783 354
21783 544
21783 225
21783 11
21783 150
21783 38
21783 133
21783 188
21783 7
21783 24
21783 42
21783 180
21783 412
21783 71
21783 8
21783 334
21783 359
21783 435
21783 459
21783 491
21783 77
21783 286
21783 13
21783 79
21783 213
21783 249
21783 277
21783 355
21783 419
21783 9
21783 90
21783 493
21783 15
21783 51
21783 55
21783 205
21783 246
21783 422
21783 492
21783 162
21783 255
21783 265
21783 436
21783 295
21783 324
21783 387
21783 418
21783 470
21865 110
21865 152
21865 196
21865 18
21865 125
21865 25
21865 74
21865 141
21865 97
21865 148
21865 165
21865 161
21865 38
21865 59
21865 84
21865 116
21951 95
21951 77
21951 124
21951 49
21951 91
21951 34
21951 65
21951 132
21951 62
21951 118
21802 112
21802 159
21802 160
21802 221
21802 227
21802 153
21802 171
21802 181
21802 187
21802 249
21802 139
21802 152
21802 207
21802 241
21802 94
21802 55
21802 198
21802 158
21802 121
21802 222
21802 174
21802 30
21802 53
21802 78
21802 81
21802 99
21802 110
21802 142
21802 219
21802 231
21453 6
22240 24
22240 54
22240 12
22240 72
21757 191
21757 142
21757 220
21757 123
21757 149
21757 158
21757 180
21757 121
21757 12
21757 22
21757 53
21757 102
21757 110
21757 203
21757 2
21757 55
21757 131
21757 164
21757 199
21757 27
21757 34
21757 44
21757 73
21717 42
21717 43
21717 17
21717 4
21717 10
21717 45
21474 78
21474 44
21474 46
22176 14
22176 48
22176 64
22176 112
22176 31
22176 84
22176 130
22176 33
22176 82
22176 91
21633 17
21633 2
21633 43
21633 61
21633 11
21633 12
21633 59
21948 31
21948 6
21948 15
21948 126
21948 157
21948 132
21948 98
21948 61
21948 1
21948 39
21948 104
21948 145
21948 81
21948 13
21948 91
21948 125
21948 137
21948 84
21948 127
21948 71
21948 106
21948 129
21948 166
21948 35
21948 141
21948 74
21948 69
21948 133
21948 151
21948 117
21669 228
21669 375
21669 479
21669 13
21669 30
21669 125
21669 182
21669 83
21669 166
21669 229
21669 361
21669 387
21669 394
21669 415
21669 26
21669 35
21669 299
21669 300
21669 338
21669 428
21669 471
21669 111
21669 464
21669 491
21669 493
21669 519
21669 90
21669 225
21669 243
21669 247
21669 354
21669 267
21669 239
21669 119
21669 357
21669 275
21669 340
21669 421
21669 441
21669 474
21669 352
21669 398
21669 461
21669 498
21669 395
21669 206
21669 382
21669 490
21669 528
21669 84
21669 87
21669 146
21669 189
21669 190
21669 192
21669 253
21669 268
21669 303
21669 368
21669 149
21669 220
21669 318
21669 508
21669 512
21669 126
21669 176
21669 195
21669 198
21669 201
21669 70
21949 1
21949 22
21949 9
21949 16
21949 21
21949 6
21949 23
22265 5
22265 42
21769 29
21769 10
21769 18
21769 21
21769 11
21769 3
21769 16
21769 22
21769 20
21769 33
21769 5
21769 1
21769 14
22002 121
22002 506
22002 251
22002 77
22002 97
22002 148
22002 183
22002 452
22002 272
22002 68
22002 87
22002 108
22002 372
22002 23
22002 284
22002 408
22002 146
22002 187
22002 353
22002 431
22002 293
22002 240
22002 451
22002 47
22002 150
22002 416
22002 423
22002 98
22002 242
22002 522
22002 419
22002 130
22002 253
22002 404
22002 20
22002 428
22002 508
22002 493
22002 330
22002 388
22002 24
22002 49
22002 94
22002 227
22002 405
22002 141
22002 350
22002 260
22002 213
22002 314
22002 384
22002 371
22002 267
22002 520
22002 225
22002 289
22002 195
22002 338
21877 11
21877 8
21877 3
21877 4
21877 1
21877 5
22101 13
21979 12
21979 4
21979 7
21835 15
21835 16
21835 6
21835 13
21835 22
21835 19
22027 3
22027 19
22027 2
22027 6
22027 11
22027 9
22027 20
22027 16
22027 14
22027 17
22088 170
22088 184
22088 103
22088 53
22088 127
22088 70
22088 146
22088 216
22088 215
22088 201
22088 119
22088 16
22088 47
22088 144
22088 60
22088 198
22088 135
22088 62
22088 104
22088 213
22088 203
22088 189
22088 155
22088 79
22088 222
22088 209
22088 48
22088 89
22088 102
22088 71
22088 117
22088 182
22088 223
22088 17
22088 195
22088 167
22088 194
22088 183
22088 109
22088 22
22088 81
22088 136
22088 65
22088 36
22088 91
22088 9
22088 54
22088 29
22088 134
22088 52
22088 147
22088 197
22088 95
22088 61
22088 123
22088 181
22088 199
22088 205
22088 190
22088 37
22088 141
22088 23
22088 212
22088 172
22088 94
22088 43
22088 42
22088 161
22088 105
22088 177
22088 100
22088 19
22088 114
22088 58
22088 57
22088 185
21640 2
21640 36
21640 26
21640 64
21640 65
21640 31
21640 8
21640 29
21640 7
21640 13
21640 19
21640 44
21640 37
21640 32
22253 20
22253 19
22253 18
22253 7
22251 550
22251 195
22251 543
22251 540
22251 249
22251 76
22251 502
22251 407
22251 399
22251 52
22251 218
22251 243
22251 37
22251 321
22251 216
22251 372
22251 71
22251 319
22251 127
22251 246
22251 241
22251 74
22251 75
22251 157
22251 107
22251 279
22251 408
22251 170
22251 112
22251 197
22251 476
22251 451
22251 520
22251 100
22251 85
22251 357
22251 154
22251 487
22251 20
22251 171
22251 161
22251 149
22251 114
22251 183
22251 447
22251 432
22251 354
22251 138
22251 257
22251 286
22251 546
22251 519
22251 273
22251 137
22251 444
22251 494
22251 254
22251 474
22251 300
22251 191
22251 177
22251 147
22251 544
22251 454
22251 360
22251 439
22251 186
22251 297
22251 192
22251 193
22251 517
22251 16
22251 72
22251 460
22251 461
22251 467
22251 196
22251 81
22251 483
22251 163
22251 497
21838 9
21838 48
21838 23
21838 45
21838 14
21838 26
21838 63
21838 36
21838 30
21838 34
21838 2
21838 12
21838 32
21838 52
21838 40
21838 6
21838 53
21864 67
21864 43
21864 65
21864 35
21864 51
21864 66
21864 18
21864 30
21864 68
21864 15
21864 40
21864 14
21864 58
21864 7
21864 8
21864 10
21864 29
21864 27
21864 47
21864 11
21864 21
21864 53
21864 46
21864 0
21864 6
21864 41
22039 104
22039 52
22039 457
22039 257
22039 481
22039 485
22039 280
22039 110
22039 366
22039 387
22039 168
22039 433
22039 546
22039 19
22039 343
22039 220
22039 226
22039 117
22039 60
22039 340
22039 391
22039 20
22039 448
22039 490
22039 42
22039 147
22039 504
22039 45
22039 364
22039 299
22039 409
22039 119
22039 320
22039 380
21851 39
21851 0
21851 23
21851 11
21851 22
21851 37
21851 15
21851 2
21851 27
21851 20
21847 10
21847 33
21847 67
21847 21
21847 62
21541 124
21541 155
21541 181
21541 16
21541 56
21541 226
21541 85
21541 140
21541 193
21541 230
21541 131
21541 149
21541 102
21541 61
21541 63
21541 113
21541 152
21541 217
21541 17
21541 37
21541 39
21541 47
21541 69
21541 236
21541 134
21541 138
21541 234
21541 14
21541 58
21541 99
21541 122
21541 232
21541 211
21541 8
21541 23
21541 32
21541 34
21541 27
21541 35
21541 38
21541 49
21541 62
21541 207
21541 251
21541 55
21541 110
21541 157
21541 20
21541 29
21541 43
21541 86
21541 241
21541 163
21541 168
21541 22
21441 29
21441 12
21441 32
21441 7
21441 39
21441 4
21441 24
21441 33
21441 40
21441 3
21441 6
21441 13
22181 69
21737 24
21737 30
21737 14
21737 2
21737 29
21737 32
21737 22
21737 26
21737 8
21737 17
21737 18
21737 28
21760 89
21760 107
21760 189
21760 220
21760 106
21760 4
21760 99
21760 108
21760 203
21760 15
21760 54
21760 97
21760 119
21760 157
21760 129
21760 148
21760 192
21760 212
21760 182
21760 13
21760 24
21760 58
21760 143
21760 166
21760 6
21760 25
21760 81
21760 93
21760 156
21760 264
21760 44
21760 48
21760 49
21760 98
21760 274
21760 125
21760 0
21760 311
21760 276
21760 273
21760 225
21760 16
21760 38
21760 63
21760 163
21469 34
21469 57
21469 9
21469 22
21469 40
21469 45
21469 47
21469 1
21530 5
21530 206
21530 46
21530 48
21530 63
21530 91
21530 142
21530 184
21530 148
21530 152
21530 187
21530 140
21530 197
21530 125
21530 209
21530 18
21530 41
21530 143
21530 167
21530 115
21530 130
21530 207
21530 213
21955 68
22267 19
22267 31
22267 35
22189 95
22189 29
22189 3
22189 75
22189 68
22189 122
22189 114
22189 0
22189 45
22189 46
22189 50
22189 52
22077 30
22077 31
22077 40
22077 4
22077 22
22077 13
22077 36
22021 63
22021 0
22021 179
22021 153
22021 70
22021 37
22021 105
22021 108
22021 84
22021 165
22021 114
22021 64
22021 24
22021 177
22021 48
22021 52
22021 134
22021 181
22021 82
22021 136
22021 31
22021 88
22021 131
22021 72
22021 116
22021 113
22021 155
22021 99
22021 35
22021 9
22021 7
22021 76
22021 164
22021 162
22021 102
22021 143
22021 104
22021 95
22021 148
22021 55
22021 173
22021 145
22021 161
22021 30
22021 166
22021 15
22159 72
22159 321
22159 265
22159 335
22159 170
22159 98
22159 94
22159 227
22159 40
22159 300
22159 302
22159 3
22159 56
22159 351
22159 199
22159 280
22159 129
22159 343
22159 339
22159 47
22159 243
22159 13
22159 117
22159 314
22159 120
22159 38
22159 284
22159 183
22159 43
22159 111
22159 168
22159 152
22159 332
22159 291
22159 239
22159 45
22159 134
22159 42
22159 213
22159 340
22159 277
22159 250
22159 338
22159 11
22159 235
22159 276
22159 148
22159 205
22159 252
22159 102
22159 287
22159 12
22159 336
22159 121
22159 54
22159 59
22159 77
22159 249
22159 244
22159 14
22159 269
22159 208
22159 41
22159 27
22159 198
22159 320
22159 310
22159 187
22159 63
22159 260
22159 247
22159 176
22159 296
22159 237
22159 357
22159 194
22159 52
22159 169
22159 37
22159 112
22159 53
22159 159
22159 28
22159 184
22159 105
22159 155
22159 44
22159 127
22159 325
22159 355
22159 275
22159 344
22159 303
22159 288
22159 35
22159 67
22159 246
22159 253
22159 221
22159 93
22159 346
22159 17
22159 179
22159 114
22159 23
22159 196
22159 241
22159 145
22159 21
22159 289
22159 140
22159 62
22159 161
22159 278
22159 240
22159 142
22159 57
22159 197
22159 9
22159 150
22159 163
22159 245
22159 285
21937 31
21937 36
21937 7
21937 20
21937 17
21937 12
21937 8
21550 33
21550 75
21550 82
21550 115
21550 201
21550 73
21550 0
21550 122
21550 146
21550 165
21550 41
21550 124
21550 132
21550 159
21550 205
21550 19
21550 56
21550 69
21550 88
21550 161
21550 2
21550 66
21550 114
21550 157
21550 179
21550 85
21550 152
21451 19
21451 30
21451 41
21451 13
21451 17
21451 39
21451 12
21451 23
22205 34
22205 10
22205 42
22205 15
22205 71
22205 12
22205 50
22205 83
22205 38
22205 72
22205 73
22205 37
22205 33
22205 62
22205 60
22205 55
22205 82
22205 21
22205 52
22205 2
22205 81
22205 74
22205 85
22117 6
22117 81
22117 129
22117 67
22117 123
22117 139
22117 4
22117 22
22117 26
22117 79
22117 119
22117 92
22117 25
22117 104
22117 30
22117 60
22117 112
22117 5
22117 0
22117 19
22117 130
22117 51
22117 3
22117 141
22117 96
22099 9
21723 12
21723 14
21723 1
21723 7
21723 16
21723 6
21723 20
21968 260
21968 154
21968 93
21968 246
21968 365
21968 215
21968 471
21968 164
21968 378
21968 347
21968 466
21968 257
21968 144
21968 68
21968 309
21968 431
21968 522
21968 44
21968 96
21968 529
21968 339
21968 62
21968 70
21968 163
21968 152
21968 445
21968 289
21968 439
21968 515
21968 536
21968 80
21968 13
21968 370
21968 321
21968 181
21968 295
21968 384
21968 484
21968 241
21968 279
21968 540
21968 297
21968 131
21968 134
21968 248
21968 288
21968 238
21968 141
21968 204
21968 329
21968 492
21968 148
21968 513
21968 351
21968 193
21968 293
21968 369
21968 282
21968 230
21968 75
21968 521
21968 30
21968 348
21968 156
21968 222
21968 455
21968 236
21968 247
21968 392
21968 325
21968 277
21968 304
21968 381
21968 461
21968 498
21968 214
21968 286
21968 504
21968 105
21968 264
21968 482
21968 477
21968 535
21968 291
21968 31
21968 225
21968 457
21968 262
21968 132
21968 33
21968 106
21968 507
21968 430
21968 212
21968 71
21968 456
21968 367
21968 249
21968 290
21968 317
21968 539
21968 89
21968 252
21968 421
21968 102
21968 524
21968 1
21968 119
21968 98
21968 459
21968 207
21968 417
21968 37
21968 270
21968 532
21968 479
21968 410
21968 120
21968 118
21968 211
21968 228
21968 8
21968 234
21968 541
21968 423
21968 90
21968 198
21968 520
21968 60
21968 463
21968 216
21968 49
21968 190
21968 402
21968 266
21968 528
21968 441
21968 527
21968 271
21968 280
21968 344
21968 375
21968 135
21968 208
21968 462
21968 478
21968 303
21968 15
21968 355
21968 508
21968 67
21968 113
21968 9
21968 142
21968 158
21968 434
21968 330
21968 415
21968 121
21968 426
21968 231
21968 97
21968 5
21968 16
21968 385
21968 153
21968 213
21968 160
21968 155
21968 137
21968 323
21968 406
21968 403
21968 334
21968 29
21968 81
21968 298
21968 380
21968 464
21488 5
21488 17
21488 30
21488 82
21488 124
21488 144
21488 79
21488 93
21488 100
21488 149
21488 25
21488 31
21488 46
21488 88
21488 155
21488 10
21488 53
21488 68
21488 94
21472 84
21472 92
21472 100
21472 212
22132 9
22132 55
22132 18
22132 37
22132 34
22132 39
22132 25
22132 69
22132 44
22132 75
22132 32
22132 59
22132 8
22198 78
22198 48
22198 73
22198 66
22198 85
22198 109
22198 69
22198 51
22198 36
22198 20
22198 3
22198 116
22198 2
22198 45
22198 117
22198 80
22198 41
22198 24
22198 79
22198 35
22198 33
22198 92
22198 98
22198 12
22198 94
22198 119
22198 53
22198 22
22198 25
22198 68
22198 83
22198 120
22198 61
22198 126
22198 63
22198 14
22198 58
22198 70
22198 97
22198 88
22198 87
21913 6
21913 45
21913 141
21913 122
21913 134
21913 5
21913 58
21913 59
21913 149
21913 42
21913 34
22211 45
22211 14
22211 76
22211 49
22211 66
22211 74
22211 10
22211 28
22211 77
22211 20
22211 59
22081 5
21666 40
21429 6
21429 1
22205 75
22205 14
22205 20
22205 70
22205 0
22205 48
22205 64
22205 46
22205 17
22205 58
22205 7
22205 66
22205 41
22205 3
22205 27
22205 40
22205 78
22205 67
22205 6
22205 65
22205 63
22205 30
22205 4
22205 44
22010 21
22010 13
22010 3
21844 41
21844 15
21844 37
21844 53
21844 11
21844 23
21844 56
21844 48
21844 51
22090 23
22090 150
22090 37
22090 15
22090 166
22090 31
22090 152
22090 26
22090 146
22090 106
22090 98
22090 87
22090 72
22090 161
22090 19
22090 33
22090 53
22090 115
22090 3
22090 7
22090 99
22090 103
22090 29
22090 145
22090 139
22090 108
22090 148
22090 153
22090 97
22090 113
22090 58
22090 131
22090 70
22090 89
22090 38
22090 105
22090 66
22090 156
22090 136
22090 149
22090 123
22090 78
22090 82
22090 126
22090 4
22090 130
22090 1
22090 17
22090 60
22090 122
22090 137
22090 35
22090 20
22090 132
22090 76
22090 95
22090 10
22090 165
22157 77
22157 63
22157 22
22157 95
22157 15
22157 45
22157 90
22157 49
22157 80
22157 94
22157 104
22157 39
21586 4
22122 5
22122 15
21809 58
21809 2
21809 22
21809 79
21809 76
21809 108
21809 14
21809 142
21809 52
21809 74
21809 103
21809 137
21809 71
21809 154
21809 54
21809 126
21809 29
21809 57
21809 73
21809 23
21809 12
21809 151
21928 94
21928 90
21928 67
21928 52
21928 93
21928 47
21928 24
21928 74
21928 45
21928 75
21928 57
21928 89
21928 22
21928 43
21928 50
21928 68
21928 78
21928 16
21928 40
21928 38
21816 43
21816 51
21816 29
21816 13
21816 12
21816 49
21816 68
21816 50
21816 64
21816 67
21816 37
21816 74
22175 7
22175 30
22175 28
22175 16
22175 6
22175 4
22175 33
22175 14
22175 0
22175 17
22175 25
22175 23
21686 38
21686 44
21686 48
21686 5
21686 15
21686 23
21686 64
21686 66
21686 29
21686 26
21686 63
21695 62
21695 49
21695 3
21695 24
21695 50
21695 5
21695 8
21695 52
21695 20
21695 42
21695 32
21695 36
21695 0
21695 37
21695 17
21695 26
21695 7
21695 47
21695 33
21695 25
21695 48
21894 40
21894 24
21894 29
21894 50
21894 21
21894 39
21894 49
21894 51
21894 19
21894 48
21894 17
21894 25
21894 32
21894 34
21894 31
21894 30
21894 1
21894 4
21702 88
21702 75
21702 139
21702 99
21702 119
21702 126
21702 113
21702 14
21702 43
21702 135
21702 161
21702 9
21702 31
21702 46
21702 49
21702 58
21702 115
21702 69
21702 51
21702 63
21702 82
21702 117
21702 37
21702 10
21702 11
21853 26
21853 11
21853 2
22193 15
22193 13
22193 19
22163 99
22163 127
22163 16
22163 9
22163 155
22163 218
22163 183
22163 15
22163 136
22163 206
22163 216
22163 193
22163 252
22163 130
22163 241
22163 37
22163 166
22163 55
22163 172
22163 207
22163 211
22163 74
22163 156
22163 14
22163 184
22163 113
22163 235
22163 83
22163 84
22163 18
22163 180
22163 47
22163 105
22163 54
22163 76
22163 135
22163 30
22163 195
22163 5
22163 89
22163 28
22163 237
22163 249
22163 227
22163 142
22163 232
22163 117
22163 194
22163 53
22163 93
22163 182
22163 161
22163 82
22163 204
22163 160
22163 215
22163 41
22163 167
22163 231
22163 106
22163 77
22163 11
22163 187
22163 228
22163 163
22163 63
22163 73
22163 188
22163 27
22163 112
22163 168
22163 71
22163 141
22163 120
22163 158
22163 49
22163 210
22163 154
22163 139
22163 131
22163 122
22163 146
22163 191
22163 23
22163 137
22163 12
22163 234
22163 87
22163 222
22163 101
22163 171
22163 178
22163 60
22163 108
22163 245
22163 159
22163 35
22163 239
22163 197
22163 217
22163 144
22163 119
22163 81
22163 96
22163 152
22163 250
22163 186
22163 150
22163 98
22163 189
22072 10
22072 68
22072 36
21481 55
21481 94
21481 77
21481 110
21481 157
21481 163
21481 7
21481 107
21481 143
21481 179
21481 161
22077 9
21854 18
21854 24
21854 50
21854 62
21854 78
21854 33
21854 8
21854 10
21854 14
21854 49
21854 76
21854 4
21854 64
21854 30
21854 2
22167 110
22167 61
22167 117
22167 92
22167 76
22167 109
22167 121
22167 78
22167 82
22167 137
22167 129
22167 49
22167 106
22182 31
22164 58
22164 117
22164 64
22164 91
22164 95
22164 181
22164 170
22164 190
22164 47
22164 84
22164 106
22164 199
22164 3
22164 1
22164 13
22164 166
22164 125
22164 154
22164 113
22164 168
22164 111
22164 97
22164 9
22164 171
22164 12
22164 30
22164 92
22164 172
22164 103
22164 183
22164 22
22164 159
22164 148
22164 55
22164 57
22164 77
22164 43
22164 89
22164 105
22164 86
22164 17
22164 85
22164 74
22164 53
22164 176
22164 39
22164 31
22164 121
22164 131
22164 8
22164 162
22164 138
22164 185
22164 40
22164 182
22164 52
22164 88
22164 140
22164 82
22164 42
22164 197
22164 137
22164 189
22164 143
22164 122
22164 59
22164 69
22164 191
22164 139
22164 151
22164 71
22164 109
22164 49
22164 150
22164 60
22164 56
22108 31
22108 19
22108 23
22108 2
22108 25
22108 0
21588 23
21588 46
21767 21
21767 2
21767 7
21909 56
21909 47
21909 11
21909 8
21909 67
22142 127
22142 126
22142 17
22142 89
22142 115
22142 43
22142 0
22142 23
22142 62
22109 56
22109 12
22109 84
22109 45
22109 30
22109 21
22109 39
22109 42
22109 10
21628 48
21628 71
21628 107
22101 72
22101 25
22101 63
22101 67
22101 55
22101 23
22101 7
22101 12
22101 38
21963 117
21963 205
21963 351
21963 211
21963 87
21963 152
21963 318
21963 60
21963 323
21963 81
21963 84
21963 250
21963 63
21963 346
21963 310
21963 231
21963 132
21963 365
21963 266
21963 162
21824 16
22187 138
22187 191
22187 330
22187 31
22187 277
22187 198
22187 0
22187 136
22187 273
22187 152
22187 266
22187 119
22187 225
22187 93
22187 117
22187 156
22187 32
22187 48
22187 252
22187 194
22187 140
22187 114
22187 103
22187 12
22187 111
22187 180
22187 169
22187 247
22187 176
22187 333
22187 245
22187 1
22187 276
22187 24
22187 94
22187 255
22187 240
22187 54
22187 236
22187 274
22187 183
22187 143
22187 100
22187 2
22187 22
22187 89
22187 60
22187 58
22187 120
22187 295
22187 241
22187 46
22187 130
22187 209
22187 339
21700 19
21700 2
21700 25
21700 15
21700 1
21700 33
21794 14
21794 22
21794 50
21794 80
21794 97
21794 125
21794 131
21794 172
21794 173
21794 41
21794 64
21794 128
21794 199
21794 55
21794 62
21794 196
21794 207
21794 179
21794 151
21794 17
21414 1
21414 3
22039 354
22039 451
22039 86
22039 196
22039 285
22039 222
22039 252
22039 250
22039 34
22039 511
22039 500
22039 0
22039 66
22039 529
22039 538
22039 198
22039 452
22039 248
22039 273
22039 25
22039 381
22039 109
22039 267
22039 501
22039 422
22039 129
22039 472
22039 506
22039 349
22039 414
22039 469
22039 520
22039 138
22039 97
22039 344
22039 87
22039 463
22039 474
22039 22
22039 505
22039 424
22039 429
22039 113
22039 228
22039 417
22039 292
22039 145
22039 332
22039 389
22039 419
22039 133
22039 305
22039 14
22039 319
22039 445
22039 193
22039 378
22039 523
22039 368
22039 277
22039 101
22039 164
22039 407
22039 4
22039 75
22039 358
22039 495
22039 159
22039 21
22039 454
22039 415
22039 203
22039 517
22039 175
22039 392
22039 3
22039 212
22039 231
22039 312
22039 405
22039 516
22039 192
22039 241
22039 132
22039 327
22039 264
22039 48
22039 16
22039 246
22039 46
22039 432
22039 183
22039 347
22039 247
22039 209
22039 197
22039 466
22039 456
22039 258
22039 401
22039 302
22039 365
22039 552
22039 84
22039 545
22039 211
22039 120
22039 360
22039 189
22039 103
22039 323
22039 58
22039 105
22039 499
22039 94
22039 128
22039 2
22039 540
22039 10
22039 23
22039 324
22039 172
22039 29
22039 33
22039 268
22039 295
22039 88
22039 229
22039 410
22039 297
22039 406
22039 533
22039 281
22039 111
22039 122
22039 527
22039 338
22039 11
22039 317
22039 50
22039 337
22039 71
22039 181
22039 548
22039 385
22039 140
22039 439
22039 473
22039 482
22039 284
22039 427
22039 288
22039 51
22039 498
22039 180
22039 444
22039 379
22039 383
22039 17
22039 62
22039 74
22039 41
22039 475
22039 468
22039 69
22039 270
22039 544
22039 377
22039 395
22039 191
22039 307
22039 348
22039 355
22039 216
22039 38
22039 480
22039 225
22039 396
22039 65
22039 423
22039 351
22039 100
22039 112
22039 61
22039 434
22039 89
22039 477
22039 509
22039 118
22039 464
22039 210
22039 40
22039 316
22039 420
22039 182
22039 443
22039 271
22039 265
22039 201
22039 341
22039 127
22039 491
22123 49
22123 156
22123 107
22123 97
22123 93
22123 58
22123 40
22123 155
22123 61
22123 60
22123 149
22123 20
22123 25
22123 24
22123 122
22123 123
22123 76
21755 10
21755 0
21579 156
21579 210
21579 222
21579 262
21579 316
21579 333
21579 351
21579 0
21579 139
21579 352
21579 110
21579 33
21579 133
21579 181
21579 191
21579 229
21579 342
21579 142
21579 7
21579 75
21579 126
21579 127
21579 129
21579 130
21579 217
21579 304
21579 315
21579 340
21579 121
21579 173
21579 282
21579 327
21579 350
21579 195
21579 140
21579 158
21579 162
21579 186
21579 268
21579 64
21579 131
22063 540
22063 4
22063 514
22063 106
22063 103
22063 462
22063 359
22063 424
22063 307
22063 90
22063 181
22063 374
22063 231
22063 199
22063 13
22063 361
22063 264
22063 124
22063 452
22063 78
21597 38
21597 44
21597 13
21597 79
21867 11
22180 92
22180 54
22180 108
22180 25
22180 37
22180 23
22180 87
22180 133
22180 103
22180 44
22180 66
22180 97
22180 67
22180 30
22180 45
22180 98
22180 138
22180 82
22180 14
22180 134
22180 119
22180 91
22180 42
22180 39
22180 111
22180 41
22180 106
22180 16
22244 54
22244 7
22244 95
22244 24
22244 65
22244 25
22244 13
22244 31
22244 41
22244 88
22244 9
22244 76
21587 4
21903 302
21903 205
21903 494
21903 315
21903 218
21903 323
21903 260
21903 264
21903 406
21903 181
21903 468
21903 167
21903 79
21903 148
21903 229
21903 267
21903 542
21903 17
21903 391
21903 478
21903 40
21903 531
21903 534
21903 321
21903 496
21903 76
21903 276
21903 184
21903 240
21903 157
21903 15
21903 515
21903 35
21903 357
21903 402
21903 121
21903 409
21903 420
21903 268
21903 547
21903 87
21903 185
21903 310
21903 3
21903 360
21903 480
21903 63
21903 1
21903 539
21903 12
21903 196
21903 245
21903 223
21903 533
21903 217
21903 133
21903 24
21903 52
21903 435
21903 231
21903 173
21903 113
21903 540
21903 242
21903 448
21903 499
21903 28
21903 330
21903 149
21903 213
21903 333
21903 436
21903 413
21903 472
21903 78
21903 279
21903 34
21903 248
21456 3
21456 12
22010 1
22010 9
22197 15
22197 19
22197 18
22197 17
22197 6
22197 1
22131 6
22131 25
22131 69
22131 66
22131 76
22131 59
22131 23
22131 8
21773 39
21773 69
21773 8
21773 7
21773 114
21773 26
21773 72
21773 93
21773 2
21773 32
21773 76
21773 81
21773 85
21773 108
21762 6
21762 1
21762 13
21762 10
21762 8
21762 16
21762 24
21716 166
21716 187
21716 228
21716 3
21716 4
21716 11
21716 25
21716 43
21716 45
21716 50
21716 102
21716 198
21716 207
21716 215
21963 273
21963 110
21963 288
21963 234
21963 236
21963 38
21963 62
21963 176
21963 68
21963 59
21963 90
21963 186
21963 49
21963 254
21963 32
21963 353
21963 304
21963 183
21963 34
21963 75
21963 286
21963 241
21963 363
21963 19
21963 120
21963 320
21963 253
21963 344
21963 93
21963 72
21963 348
21963 327
21963 362
21963 181
21963 17
21963 326
21963 96
21963 18
21963 210
21963 170
21963 299
21963 352
21963 33
21963 219
21963 202
21963 160
21963 13
21963 335
21963 269
21963 252
21963 277
21963 204
21963 196
21963 291
21963 58
22110 17
22110 15
22110 21
22110 34
22110 1
22110 46
22110 48
22110 40
22110 18
21641 6
21641 26
21578 10
21578 5
21578 19
21578 24
21578 16
21578 20
21593 91
21593 108
21593 174
21593 209
21593 260
21593 90
21593 140
21593 173
21593 74
21593 232
21593 262
21593 307
21593 330
21593 103
21593 158
21593 337
21593 80
21593 129
21593 183
21593 194
21593 117
21593 185
21593 199
21593 246
21593 333
21593 198
21593 206
21593 239
21593 250
21593 268
21593 120
21593 284
21593 315
21593 331
21593 341
21593 9
21593 24
21593 82
21593 118
21593 131
21593 141
21593 214
21593 242
21593 179
21593 229
21593 283
21593 295
21593 78
21593 101
21593 168
21593 176
21593 177
21593 201
21593 226
21593 281
21947 102
21947 76
21947 81
21947 31
21947 100
21947 78
21947 5
21947 9
21947 47
21947 54
21947 108
21947 55
21947 27
21947 42
21947 66
21947 79
21947 59
21947 16
21947 39
21947 74
21947 83
21947 69
21947 34
21947 13
21947 48
21947 62
21947 25
21947 38
21947 94
21947 63
21947 99
21947 73
21947 65
21947 45
21947 106
21947 40
21947 110
21947 72
21947 67
21947 36
21947 98
21947 56
21947 60
21947 8
22075 74
22075 110
22075 55
22075 89
22075 106
22075 13
22075 83
22075 1
22075 48
22075 91
22075 90
22075 68
22075 111
22073 37
22073 4
22073 52
22073 66
22073 6
22062 0
22247 30
22247 9
22247 4
22247 5
22099 71
22099 19
22099 81
22099 93
22099 39
22099 44
22099 90
22099 91
22099 30
22099 22
22099 64
22099 82
22099 88
22099 66
22099 89
22099 54
22246 71
22246 23
22246 180
22246 52
22246 110
22246 45
22246 296
22246 300
22246 170
22246 16
22246 208
22246 140
22246 257
22246 84
22246 107
22246 123
22246 108
22246 233
22246 24
22246 311
22246 315
22246 288
22246 137
22246 160
22246 242
22246 318
22246 282
22246 116
22246 200
22246 5
22246 236
22246 9
22246 139
22246 205
22246 49
22246 135
22246 196
22246 102
22246 293
22246 186
22246 303
22246 88
22246 204
22246 119
22246 307
22246 106
22246 66
22246 152
22246 148
22246 213
22246 275
22246 130
22246 1
22246 4
22246 166
22246 115
22246 172
22246 267
22246 37
22246 76
22246 67
22246 147
22246 117
22246 308
22246 176
22246 146
22246 276
22246 56
22246 287
22246 12
22246 285
22246 112
22246 304
22246 255
22246 239
22246 82
22246 222
22246 60
22246 8
22246 174
22246 302
22246 22
22246 121
22246 2
22246 202
22246 251
22246 189
22246 142
22246 141
22246 320
22246 15
22246 309
22246 64
22246 6
22246 95
22246 94
22246 114
22246 109
22246 17
22246 299
22246 19
22246 279
22246 241
22246 250
22246 131
22246 322
22246 173
22246 61
22246 280
22246 212
22246 234
22246 260
22246 150
22246 128
22246 136
22246 29
22246 292
22246 34
22246 232
22246 103
22246 310
22246 47
21812 6
21799 29
21799 65
21816 4
21816 56
21816 76
21816 14
21816 65
21816 83
21816 70
21816 18
21816 23
21816 40
21816 3
21816 48
21816 66
21816 24
21816 26
21816 33
21816 79
21816 1
21816 21
21816 53
21816 57
21816 16
21816 84
21816 10
21816 36
21816 52
21816 72
21816 77
21816 85
21637 59
21637 65
21637 122
21637 114
21637 9
21637 55
21637 78
21637 163
21637 74
21637 73
21637 44
21637 30
21637 53
21637 121
21637 126
21637 155
21637 38
21637 84
21991 133
21991 136
21991 8
21991 134
21991 64
21991 142
21991 124
21991 81
21991 109
21991 25
21991 141
21991 123
21991 80
21991 113
21991 5
21991 16
21991 36
21991 6
21991 62
21991 153
21991 102
21707 60
21707 3
21707 7
21707 22
21707 47
21707 53
21707 21
21707 29
21707 49
21707 65
21707 44
21707 31
21707 69
21707 9
21707 24
21707 43
21707 48
21707 68
21707 37
22101 58
22101 68
22101 2
22101 14
21458 21
21458 58
21458 60
21458 23
21458 32
21458 46
21458 48
21458 16
21458 51
21458 59
21458 63
21458 12
21458 43
21458 9
21458 22
21458 40
21458 54
21458 2
21898 39
21898 88
21898 59
21898 57
21898 78
21898 94
21898 150
21898 68
21898 139
21898 121
21898 98
21898 118
21898 110
21898 71
21898 103
21898 116
21898 167
21898 83
21898 13
21898 177
21898 151
21898 104
21898 64
21898 1
21898 101
21898 165
21898 69
21898 92
21898 181
21898 180
21898 75
21898 133
21898 132
21898 117
21898 31
21898 84
21898 74
21898 158
21898 136
21898 182
21898 112
21898 50
21898 106
21898 126
21898 2
21898 73
21898 79
21898 99
21898 148
21898 3
21898 61
21898 18
21898 30
21898 144
21898 137
21898 93
21898 152
21898 8
21898 107
21898 138
21898 89
21898 127
21898 43
21898 96
21898 187
21898 160
21898 91
21898 111
21898 135
21898 147
21898 171
21898 37
21898 186
21827 90
21827 79
21827 11
21827 16
21827 97
21827 105
21827 41
21827 60
21827 72
21827 89
21827 45
21827 14
21827 26
21827 53
21827 10
21827 36
21827 57
21827 81
21827 20
21827 42
21827 17
21827 75
21827 87
21827 88
21827 46
21827 85
21827 99
22112 87
22112 7
22112 283
22112 299
22112 153
22112 164
22112 1
22112 33
22112 112
22112 271
22112 123
22112 237
22112 35
22112 194
22112 234
22112 25
22112 181
22112 279
22112 151
22112 4
22112 17
22112 60
22112 39
22112 77
22112 94
22112 213
22112 214
22112 286
22112 228
22112 26
22112 104
22112 15
22112 143
22112 74
22112 5
22112 256
22112 298
22112 174
22112 247
22112 261
22112 69
22112 264
22112 81
22112 190
22112 290
22112 108
22112 16
22112 221
22112 288
22112 46
22112 121
21496 3
21834 16
21834 32
21834 39
21834 108
21834 35
21834 70
21834 4
21834 11
21834 33
21834 104
21834 79
21834 19
21834 1
21834 129
21834 113
21834 26
21834 54
21834 68
21834 9
21834 141
21880 240
21880 47
21880 309
21880 260
21880 70
21880 323
21880 48
21880 126
21880 73
21880 150
21880 26
21880 159
21880 327
21880 279
21880 169
21880 22
21880 95
21880 85
21880 27
21880 176
21880 266
21865 70
21865 156
21865 170
21865 8
21865 194
21865 28
21865 98
21865 129
21865 137
21865 6
21865 179
21865 76
21865 108
21865 113
21865 181
21865 5
21865 86
21865 107
21865 16
21865 30
21865 101
21865 105
21865 127
21865 195
21865 130
21957 31
21957 134
21957 142
21957 113
21957 175
21957 246
21957 235
21957 292
21957 20
21957 54
21957 49
21957 61
21957 165
21957 376
21957 104
21957 14
21957 348
21957 202
21957 308
21957 220
21957 29
21957 141
21957 281
21957 260
21957 440
21957 219
21957 298
21957 365
21957 380
21957 117
21957 177
21957 378
21957 402
21440 36
21440 55
21440 135
21440 34
21440 37
21440 124
21440 125
21440 19
21440 58
21761 39
21761 1
21761 27
21761 31
21814 38
21814 17
21814 51
21814 6
21814 53
21638 28
21638 33
21638 69
21638 162
21638 123
21638 130
21638 146
21638 47
21638 60
21638 88
21638 142
21638 158
21638 8
21638 89
21638 110
21638 121
22061 332
22061 93
22061 151
22061 513
22061 224
22061 221
22061 231
22061 111
22061 486
22061 229
22061 245
22061 445
22061 124
22061 25
22061 479
22061 168
22061 282
22061 12
22061 427
22061 37
22061 60
22061 134
22061 173
22061 333
22061 510
22061 377
22061 476
22061 103
22061 49
22061 434
22061 43
22061 79
22061 265
22061 403
22061 170
22061 507
22061 471
22061 161
22061 523
22061 501
22061 254
22061 454
22061 180
22061 183
22061 159
22061 16
22061 257
22061 505
22061 70
22061 469
22061 84
22061 345
22061 338
22061 19
22061 298
22061 426
22061 529
22061 441
22061 142
22061 361
22061 457
22061 360
22061 509
22061 278
22061 39
22061 253
22061 323
22061 21
22061 372
22061 276
22061 153
22061 517
22061 258
22061 312
22061 498
22061 192
22061 363
22061 17
22061 206
22061 215
22061 389
22061 261
22061 145
22061 100
22061 502
22061 294
22061 123
22061 241
22061 524
22061 256
22061 11
22061 29
22061 552
22061 497
22061 106
22061 136
22061 239
22061 5
22061 90
22061 77
22061 14
22061 482
22061 296
21571 3
21571 8
22025 16
22025 58
22025 40
22025 22
22025 57
22025 11
22025 45
22025 26
21663 78
21663 13
21663 39
21663 47
21663 48
21663 79
21663 179
21663 28
21663 41
21663 49
21663 61
21663 25
21663 35
21663 50
21663 87
21663 125
21663 188
21663 26
21663 151
21663 184
21663 58
21663 64
21663 156
21663 109
21663 132
21663 173
21663 164
21663 4
21663 3
21663 73
21663 165
21663 168
21663 187
21663 190
21663 69
21663 57
21663 94
21663 98
21663 118
21663 161
21663 80
21663 181
21663 84
21663 12
21663 62
21663 24
21663 65
21663 121
21589 0
21589 17
21589 38
21589 7
22033 13
22033 2
22033 27
22033 8
22033 36
22033 4
22033 34
21871 3
21871 18
21803 183
21803 35
21803 56
21803 84
21803 10
21803 192
21803 29
21803 55
21803 65
21803 103
21803 28
21803 51
21803 200
21803 277
21803 298
21803 100
21803 11
21803 193
21803 99
21803 110
21803 127
21803 124
21803 170
21803 175
21803 223
21803 244
21803 178
21803 12
22134 62
22134 29
22134 94
22134 19
22134 41
22134 21
22134 75
22134 1
22134 70
22134 49
22134 80
22134 76
22134 11
22134 52
22134 44
22134 43
22134 32
22134 45
22134 60
22134 78
22134 34
22134 36
22134 77
22134 22
22134 18
22053 41
22053 360
22053 384
22053 168
22053 283
22053 171
22053 294
22053 227
22053 259
22053 494
22053 281
22053 462
22053 541
22053 483
22053 245
22053 560
22053 288
22053 317
22053 558
22053 214
22053 484
22053 14
22053 237
22053 392
22053 359
22053 279
22053 473
22053 218
22053 469
22053 505
22053 356
22053 437
22053 75
22053 408
22053 250
22053 419
22053 6
22053 180
22053 248
22053 492
22053 101
22053 370
22053 535
22053 409
22053 178
22053 161
22053 445
22053 203
22053 93
22053 513
22053 375
22053 147
22053 314
22053 386
22053 426
22053 442
22053 493
22053 183
22053 554
22053 553
22053 414
22053 13
22053 446
22053 451
22053 374
22053 207
22053 572
22053 219
22053 220
22053 223
22053 193
22053 345
22053 512
22053 348
22053 363
22053 366
22053 367
22053 413
22053 274
22053 514
22053 141
22053 239
22053 123
22053 262
22053 407
22053 0
22053 391
22053 111
22053 466
22053 211
22053 33
22053 562
22053 185
22053 235
22053 423
22053 402
22053 236
22053 380
22053 509
22053 21
22053 217
22053 400
22053 566
22053 502
22053 92
22053 47
22053 522
22053 9
22053 224
22053 377
22053 131
22053 421
22053 431
22053 12
22053 330
22053 385
22053 488
22053 51
22053 452
22053 352
22053 503
22053 510
22053 490
22053 258
22053 210
22053 578
22053 229
22053 25
22053 156
22053 477
22053 5
22053 575
22053 231
22053 328
22053 249
22053 78
22053 138
22053 504
22053 166
22053 304
22053 507
22053 43
22053 440
22053 338
22053 7
22053 430
22053 418
22053 379
22053 291
22053 486
22053 199
22053 472
22053 516
22053 157
22053 307
22053 405
22053 228
22053 200
22053 302
22053 95
22053 444
22053 110
22053 3
22053 268
22053 334
22053 79
22053 100
22053 116
22053 54
22053 244
22053 555
22053 292
22053 318
22053 149
22053 1
22053 96
22053 284
22053 267
22053 190
22053 341
22053 151
22053 357
22053 534
22053 313
22053 140
22053 471
22053 246
22053 315
22053 233
22257 95
22257 123
22257 265
22257 293
22257 14
22257 52
22257 198
22257 260
22257 309
22257 63
22257 266
22257 307
22257 3
22257 91
22257 74
22257 18
22257 150
22257 187
22257 125
22257 88
22257 185
22257 79
22257 50
22257 220
22257 140
22257 168
22257 275
22257 176
22257 130
22257 146
22257 80
22257 149
22257 290
22257 169
22257 289
22257 179
22257 75
22257 162
22257 291
22257 241
22257 235
22257 317
21691 65
21691 133
21691 10
21691 136
21691 150
21691 181
21691 183
21691 64
21691 99
21691 29
21691 69
21691 111
21691 126
21691 144
21691 154
21691 168
21691 4
21691 30
21691 72
21691 75
21691 158
22198 0
22198 111
22198 56
22198 101
22198 44
22198 8
22198 103
22198 106
22198 72
22198 95
22198 43
22198 62
22198 40
22198 37
22198 1
22198 77
22198 123
22198 21
22198 49
22198 7
22198 10
22198 9
22198 19
22198 54
22198 100
22058 383
22058 288
22058 64
22058 58
22058 161
22058 219
22058 26
22058 199
22058 445
22058 326
22058 280
22058 492
22058 576
22058 248
22058 356
22058 35
22058 213
22058 270
22058 393
22058 264
22058 284
22058 47
22058 165
22058 145
22058 214
22058 338
22240 1
21586 3
21870 227
21870 188
21870 161
21870 234
21870 49
21870 32
21870 239
21870 132
21870 72
21870 18
21870 284
21870 367
21870 113
21870 156
21870 241
21870 153
21870 304
21870 318
21870 203
21870 79
21870 90
21870 305
21870 117
22213 5
22213 3
22213 10
21707 42
21662 9
21583 1
21583 48
21583 7
21583 14
21583 43
21583 3
21583 2
21583 37
21583 17
21583 28
21583 33
22131 18
22131 21
22131 9
21705 84
21705 119
21705 22
21705 90
21705 132
21705 49
21705 13
21705 23
21705 99
21705 115
21705 143
21705 19
21705 136
21705 10
21705 25
21705 100
21705 154
21705 77
21705 32
21705 57
21705 125
21705 130
21705 28
21705 35
21705 164
21705 50
21705 66
21705 126
21705 148
21705 12
21944 328
21944 380
21944 498
21944 276
21944 460
21944 26
21944 189
21944 232
21944 155
21944 205
21944 259
21944 442
21944 472
21944 314
21944 412
21944 243
21944 515
21944 284
21944 141
21944 437
21944 228
21944 230
21944 248
21944 288
21944 468
21944 82
21944 510
21944 24
21944 332
21944 239
21944 527
21944 518
21944 117
21944 196
21944 54
21944 422
21944 121
21944 548
21944 519
21944 202
21944 272
21944 349
21944 105
21944 419
21944 337
21944 147
21944 404
21944 495
21944 440
21944 471
21944 370
21944 375
21944 534
21944 466
21944 311
21944 148
21944 102
21944 216
21944 329
21944 208
21944 537
21944 115
21944 454
21944 85
21944 71
21944 129
21944 280
21944 497
21944 257
21944 335
21944 237
21944 283
21944 260
21944 459
21944 401
21944 477
21944 407
21944 70
21944 420
21944 532
21944 224
21944 310
21944 317
21944 168
21944 254
21944 331
21944 308
21944 132
21944 221
21944 312
21944 299
21944 382
21944 110
21944 546
21944 21
21944 514
21944 473
21944 424
21944 261
21944 74
21944 93
21944 76
21944 9
21944 38
21944 277
21944 186
21944 449
21944 32
21944 465
21944 227
21944 433
21944 103
21944 62
21944 249
21944 46
21944 333
21944 383
21944 104
21944 81
21944 96
21944 521
21944 43
21944 107
21944 126
21944 405
21944 301
21944 511
21944 28
21944 133
21944 538
21944 540
21944 112
21944 446
21944 517
21944 394
21944 387
21944 275
21944 390
21944 222
21944 393
21944 75
21944 402
21944 462
21944 60
21944 385
21944 18
21944 445
21944 98
21944 55
21944 293
21944 298
21944 142
21944 135
21944 379
21944 226
21944 215
21944 365
21944 113
21944 116
21944 50
21944 475
21944 457
21944 238
21944 516
21944 355
21944 416
21944 123
21944 480
21944 198
21944 295
21944 361
21944 334
21944 201
21944 86
21944 453
21944 530
21944 37
21944 336
21944 94
21944 188
21944 34
21944 427
21944 131
21944 368
21944 8
21944 2
21944 66
21944 178
21944 99
21944 138
21944 499
21944 526
21944 270
21944 252
21944 411
21944 53
21944 372
21944 539
21944 398
21944 503
21942 7
21467 29
21467 94
21467 126
21467 142
21467 62
21467 149
21467 181
21467 196
21467 201
21467 260
21467 265
21467 290
21467 17
21467 72
21467 74
21467 119
21467 187
21467 213
21729 10
21729 191
21729 224
21729 171
21729 202
21729 213
21729 221
21729 233
21729 64
21729 99
21729 15
21729 181
21729 211
21729 164
21729 168
21729 187
21729 130
21729 165
21729 112
21729 170
21729 219
21729 60
21729 111
21729 180
21729 196
21729 232
21729 190
21729 198
21729 225
21729 230
21729 189
21729 26
21729 54
21729 58
21729 80
21729 110
21729 226
21729 38
21729 79
21729 131
21729 151
21729 161
21729 57
21729 30
21729 77
21729 109
21729 29
21729 1
21729 209
21729 229
21729 183
21729 218
21729 9
21729 61
21729 88
21729 115
21729 128
21729 70
21729 91
21729 93
21729 56
21729 95
21729 134
21729 142
21729 39
21729 89
21729 114
21729 31
21729 159
21729 201
21729 222
21729 145
21729 53
21729 65
21729 108
21729 138
21729 152
21729 184
21729 192
21715 3
21747 69
21747 104
21747 13
21747 49
21747 91
21747 29
21747 32
21747 34
21747 88
21747 40
21747 75
21747 92
21747 95
21747 8
21747 39
21747 61
21747 48
21747 51
21747 59
21747 74
21747 5
21747 0
21747 11
21747 25
21747 53
21747 1
21747 98
21747 10
22159 216
22159 20
22159 261
22159 88
22159 264
22159 153
22159 135
22159 122
22159 75
22159 146
22159 31
22159 188
22159 231
22159 1
22159 316
22159 109
22159 139
22159 18
22159 158
22159 25
22159 119
22159 272
22159 324
22159 172
22159 30
22159 191
22159 130
22159 258
22159 251
22159 304
22159 299
22159 26
22159 297
22159 214
22159 16
22159 51
22159 233
22159 24
22159 149
22159 256
22159 81
22159 204
22159 167
22159 266
22159 100
22159 211
22159 206
22159 76
22159 257
22159 230
22182 30
22182 51
22182 60
22182 44
21517 15
21517 17
21517 82
21517 60
21517 101
21517 1
21517 32
21517 56
21517 61
21517 96
21517 24
21517 40
21517 116
21517 118
21517 19
21517 22
21517 85
21517 20
21517 68
21517 6
21517 18
21517 107
21517 120
21517 53
21517 84
21517 0
21517 48
21517 89
21517 121
21517 59
21517 64
21517 92
21517 16
21517 52
21517 36
21517 105
21517 50
21517 70
21517 91
21517 8
21517 75
21517 23
21517 104
21517 112
21517 114
21517 34
21517 38
21782 55
21782 63
21782 72
21782 78
21782 37
21782 74
21782 5
21782 15
22163 75
22163 128
22163 175
22163 257
22163 174
22163 6
22163 192
22163 247
22163 202
22163 102
22163 145
22163 221
22163 78
22163 255
22163 91
22163 43
22163 20
22163 19
22163 219
22163 40
22163 42
22163 132
22163 103
22163 181
22163 7
22163 107
22163 57
22163 69
22163 157
22163 3
22163 4
22163 229
22163 143
22163 48
21882 23
21882 9
21882 69
21882 80
21882 57
21882 58
21882 73
21882 78
21913 23
21913 167
21913 31
21913 115
21913 130
21913 75
21913 121
21913 68
21913 154
21913 90
21913 151
21913 79
21913 126
21913 112
21913 67
21913 95
21913 159
21913 81
21732 20
21732 27
21732 31
21732 13
21732 16
22117 83
22117 163
22117 114
21890 351
21890 332
21890 389
21890 329
21890 335
21890 413
21890 358
21890 507
21890 35
21890 443
21890 384
21890 473
21890 439
21890 84
21890 312
21890 467
21890 246
21890 265
21890 140
21890 407
21890 146
21890 162
21890 97
21890 71
21890 9
21890 155
21890 512
21890 225
21890 7
21890 209
21890 141
21890 438
21890 425
21890 194
21890 103
21890 156
21890 176
21890 374
21890 263
21890 378
21890 345
21890 417
21890 157
21890 4
21890 320
21890 93
21890 133
21890 89
21890 53
21890 383
21890 500
21890 213
21890 486
21890 468
21890 48
21890 231
21890 233
21890 360
21890 292
21890 511
21890 255
21890 63
21890 441
21890 453
21890 74
21890 328
21890 330
21890 484
21890 305
21890 134
21890 14
21890 196
21890 387
21890 454
21890 66
21890 152
21890 326
21890 125
21890 211
21890 445
21890 58
21890 22
21890 21
21890 393
21890 341
21890 274
21890 495
21890 496
21890 232
21890 279
21890 57
21890 459
21890 270
21890 220
21890 465
21890 86
21890 254
21890 303
21890 504
21890 483
21890 371
21890 356
21890 455
21890 268
21890 411
21890 499
21890 408
21890 100
21890 142
21890 187
21890 244
21890 171
21890 340
21890 470
21890 295
21890 421
21890 109
21890 489
21890 50
21890 321
21890 501
21890 288
21890 314
21890 324
21890 147
21890 410
21890 144
21890 107
21890 315
21890 349
21890 437
21890 11
21890 456
21890 331
21890 362
21890 376
21890 253
21890 110
21890 262
21890 450
21890 248
21890 323
21890 462
21890 369
21890 435
21890 105
21890 173
21890 250
21890 409
21890 54
21890 442
21890 23
21890 163
21890 182
21890 18
21890 506
21890 241
21890 165
21890 401
21890 339
21890 73
21890 5
21890 40
21890 112
21890 338
21890 60
21913 21
21913 60
21913 97
21913 55
21913 138
21875 118
21457 28
21457 50
21457 29
21457 87
21457 124
21923 188
21923 167
21923 189
21923 34
21923 136
21923 161
21923 26
21923 81
21923 51
21923 36
21923 122
21923 52
21923 125
21923 109
21923 124
21923 100
21923 110
21923 92
21923 74
22078 57
22078 26
22078 46
21986 4
21986 33
21986 15
21986 118
21986 11
21986 68
21986 91
21986 99
21986 2
21986 43
21986 58
21986 28
21986 5
21986 124
21986 100
21986 84
21986 74
21986 56
21986 49
21986 86
21986 26
21986 22
21986 98
21986 63
21986 115
21986 13
21986 89
21986 126
21986 23
21986 25
21986 30
21986 7
21881 167
21881 268
21881 143
22181 81
22181 95
22181 40
22181 112
22181 67
22181 5
22181 99
22181 119
22181 36
22181 83
22181 126
22181 136
22181 65
22181 14
22181 39
22181 116
22181 87
22181 20
21823 85
21823 48
21823 56
21823 9
21823 63
21823 25
21823 6
21823 44
21823 7
21823 53
21823 19
21823 45
21823 61
21515 1
21515 55
21515 114
21515 19
21515 70
21515 91
21515 82
21515 92
21515 107
21515 20
21515 134
21515 137
21515 53
21515 90
21515 127
21515 133
21515 34
21515 43
21515 52
21515 98
21515 102
21515 2
21515 64
21515 130
21515 33
21515 139
21515 142
22091 64
22091 0
22091 63
22091 38
22091 106
22091 90
22091 28
22091 59
22091 81
22091 51
22091 8
22091 87
22091 50
22091 74
22091 37
22091 108
22091 42
22091 2
22091 65
22091 13
22091 20
22091 48
22091 44
22091 30
22091 34
22091 1
22091 107
22091 26
22091 55
22091 4
21957 368
21957 239
21957 178
21957 162
21957 233
21957 205
21957 5
21957 79
21957 72
21957 362
21957 391
21957 99
21957 82
21957 342
21957 193
21957 263
21957 374
21957 396
21957 436
21957 106
21957 397
21957 398
21957 265
21957 34
21957 154
21957 116
21957 185
21957 421
21957 273
21957 327
21957 45
21957 164
21957 262
21957 66
21957 353
21957 43
21957 208
21957 434
21957 1
21957 133
21957 59
21957 32
21957 393
21957 411
21957 426
21957 250
21957 109
21957 338
21957 170
21957 341
21957 274
21957 377
21957 312
21957 243
21957 87
21957 183
21957 41
21957 349
21957 432
21957 339
21957 19
21957 93
21957 60
21957 26
21957 184
21957 126
21957 252
21957 97
21957 209
21957 232
21957 331
21957 9
21957 127
21957 264
21957 326
21957 425
21957 288
21957 307
21957 347
21957 204
21957 431
21957 404
21957 304
21957 65
21957 261
21957 94
21957 366
21957 395
21957 371
21957 277
21957 413
21957 336
21957 297
21957 73
21957 201
21957 414
21957 81
21957 400
21957 382
21957 294
21957 102
21957 140
21957 181
21957 199
21957 223
21957 121
21957 325
21957 33
21957 229
21957 234
21957 314
21957 143
21957 268
21957 249
21957 131
21957 176
21957 136
21957 285
21957 211
21957 293
21957 168
21957 438
21957 222
21957 303
21957 360
21957 405
21957 357
21957 70
21957 101
21957 119
21957 332
21957 238
21957 369
21957 69
21957 311
21957 256
21957 206
21957 419
21957 98
21957 139
21957 247
21957 137
21957 284
21957 344
21957 322
21957 163
21957 36
21957 217
21957 15
21957 381
21957 345
21957 240
21957 215
21484 22
21484 0
21484 1
21484 7
21484 25
22008 42
22008 48
22008 14
21993 13
21993 120
21993 104
21993 131
21993 123
21993 32
21993 135
21993 37
21993 47
21993 54
21993 88
21993 89
21993 51
21993 44
21993 16
21993 85
21993 34
21993 71
21993 72
21993 103
21421 2
22179 11
22179 3
22179 6
22179 22
21653 36
21653 81
21653 87
21653 139
21653 37
21653 133
21653 98
21653 121
21653 129
21653 71
21653 97
21653 137
21653 5
21653 52
21653 142
21653 6
21653 10
21653 27
21653 13
21653 146
21653 155
21653 3
21653 57
21653 23
21653 28
21653 40
21793 3
21793 20
22040 10
22040 32
22040 52
22040 30
21422 15
21422 53
21422 59
21422 79
21422 9
21422 26
21422 38
21422 50
21422 77
21422 81
21422 4
21422 18
21422 28
21422 68
21422 84
22045 175
22045 0
22045 134
22045 145
22045 142
22045 164
22045 7
22045 151
22045 39
22045 36
22045 109
22045 63
22045 89
22045 152
22045 65
22045 14
22045 77
22045 74
22045 68
22045 96
22045 50
22045 148
21965 433
21965 204
21965 245
21965 299
21965 305
21965 348
21965 260
21965 242
21965 350
21965 421
21965 310
21965 377
21965 353
21965 406
21965 320
21965 289
21965 268
21965 5
21965 252
21965 296
21965 96
21965 372
21965 301
21965 121
21965 256
21965 146
21965 424
21965 91
21965 410
21965 58
21965 338
21965 273
21965 282
21965 65
21965 50
21965 359
21965 306
21965 403
21965 374
21965 233
21965 418
21965 225
21965 10
21965 373
21965 201
21965 72
21965 97
21965 123
21965 285
21965 98
21965 52
21965 291
21965 269
21965 151
21965 343
21965 80
21965 423
21965 43
21965 152
21965 279
21965 281
21965 362
21965 364
21965 176
21965 38
21965 376
21965 345
21965 250
21965 287
21965 162
21965 75
21965 196
21965 214
21965 382
21965 100
21965 230
21965 302
21965 312
21965 14
21965 145
21965 31
21965 93
21965 182
21965 153
21965 4
21965 83
21965 20
21965 346
21965 137
21965 394
21965 66
21965 2
21965 304
21965 62
21965 106
21965 44
21965 270
21965 181
21965 84
21965 45
21965 246
21965 259
21965 315
21965 37
21965 81
21965 139
21965 111
21965 276
21965 258
21965 392
21965 25
21965 231
21965 434
21965 349
21965 311
21965 35
21965 16
21965 87
21965 177
21965 183
21965 209
21965 191
21965 337
21965 286
21965 248
21965 298
21965 253
21965 303
21965 247
21965 134
21965 389
21965 30
21965 169
21965 396
21965 19
21965 159
21965 352
21965 341
21965 236
21965 161
21965 141
21965 7
21965 24
21965 29
21965 113
21965 211
21965 412
21965 129
21965 274
21965 358
21965 136
21965 110
21965 395
21965 228
21965 213
21965 221
21965 419
21965 88
21622 103
21622 38
21622 74
21622 78
21622 84
21622 82
21622 30
21622 40
21622 32
21622 36
21622 59
21622 112
21622 42
21622 64
21622 80
21622 102
21622 0
21622 44
21622 45
21622 89
21622 119
21622 110
21622 54
21622 70
21622 123
21622 66
21622 87
21622 20
21622 100
21522 20
21522 87
21522 11
21522 29
21522 41
21522 97
21522 3
21522 53
21601 44
21601 110
21601 2
21601 17
21601 48
21601 22
21601 35
21601 46
21601 68
21601 88
21601 3
21601 55
21601 96
21601 0
21601 25
21601 71
21601 39
21601 62
21601 23
21601 106
21601 43
21601 117
21601 63
21601 86
21601 29
21601 56
21601 58
21601 66
21601 83
21601 95
21601 7
21601 15
21601 69
21601 85
21601 1
21601 10
21601 21
21601 73
21601 81
21601 12
21601 14
21601 115
21601 49
21601 94
21601 30
21601 72
22115 110
22115 4
22115 50
22115 106
22115 43
22115 93
22115 1
22115 32
22115 91
22115 19
22115 90
22115 30
22115 72
22115 25
22115 98
22115 118
22115 56
22115 96
22115 16
22115 100
22115 121
22115 99
22115 113
22115 58
22115 136
22115 122
22115 44
22115 2
22115 11
22115 73
22115 78
22115 3
22115 45
22115 133
22115 38
22115 51
22115 64
22115 26
22115 21
22115 69
22115 86
22115 119
22115 47
21834 43
21834 71
21834 59
21834 96
21834 31
21834 17
21834 67
21834 69
21834 97
21834 134
21834 152
21834 156
21834 15
21834 75
21834 114
21871 9
21871 37
22082 53
22082 69
22082 20
22082 110
22082 182
22082 175
22082 161
21819 35
21819 26
21819 29
21819 5
21819 7
21819 8
21819 25
21645 14
21645 12
21645 17
21645 22
21645 16
21645 21
21645 9
21645 1
21645 13
21645 18
21577 30
21577 18
21577 10
21577 3
21577 25
21577 11
21577 28
21577 27
21577 12
21577 13
21577 19
21577 16
22250 3
22250 15
22250 31
22250 39
22250 42
22250 25
22099 49
22099 92
22099 48
22099 29
21802 149
21802 168
21802 211
21802 215
21802 239
21802 67
21802 125
21802 10
21802 51
21802 73
21802 100
21802 13
21802 25
21802 34
21802 45
21802 65
21802 97
21802 154
21802 199
21802 202
21802 237
21802 54
21802 69
21802 96
21802 35
21802 61
21802 84
21802 113
21802 128
21802 146
21802 164
21802 196
21802 205
21802 208
21802 2
21802 15
21802 23
21802 37
21802 72
21802 203
21802 163
21802 165
21802 189
21802 246
21802 209
21802 224
21802 116
21802 155
21802 170
21802 46
21705 160
21705 36
21705 64
21705 45
21705 75
21705 122
21705 97
21705 98
21705 41
21705 52
21705 104
21705 40
21705 137
21705 144
21705 162
21705 163
21705 16
21705 76
21705 157
21926 12
21422 11
21422 22
21422 80
21422 8
21422 10
21422 78
21422 32
21422 88
21422 52
21422 43
21422 25
21422 74
21422 45
21422 2
21422 35
21422 12
21422 82
21422 29
21422 71
21422 62
21422 67
21422 6
21422 24
21422 27
21422 75
21853 23
21853 18
21814 55
21814 25
21814 54
21814 7
22196 3
22196 10
22196 11
22196 2
21597 1
21597 49
21597 123
21597 80
21597 101
21597 54
21597 0
21597 2
21597 121
21597 74
21597 77
21597 92
21509 14
22209 42
22209 26
22209 39
22209 53
22209 3
22209 24
22209 7
22209 59
22209 27
22020 89
22020 19
22020 153
22020 62
22020 116
22020 161
22020 90
22020 113
22020 127
22020 131
22020 10
22020 144
22020 136
22020 180
22020 15
22020 160
22020 26
22020 79
22020 104
22074 50
22074 76
22074 1
22074 37
22074 64
21893 16
21893 101
21893 98
21893 108
21893 100
21893 87
21893 4
21893 13
21893 88
21893 126
21893 94
21893 50
21893 79
21893 41
21893 3
22049 329
22049 425
22049 376
22049 271
22049 125
22049 308
22049 471
22049 146
22049 456
22049 465
22049 419
22049 472
22049 366
22049 519
22049 228
22049 229
22049 451
22049 515
22049 415
22049 339
22049 516
22049 334
22049 522
22049 526
22049 241
22049 21
22049 148
22049 539
22049 139
22049 202
22049 119
22049 141
22049 36
22049 39
22049 6
22049 313
22049 140
22049 325
22049 355
22049 245
22049 531
22049 2
22049 211
22049 97
22049 295
22049 499
22049 52
22049 29
22049 314
22049 124
22049 57
22049 193
22049 480
22049 520
22049 269
22049 23
22049 417
22049 512
22049 444
22049 121
22049 340
22049 234
22049 99
22049 81
21427 42
21427 10
21427 33
21427 17
21809 8
21809 4
21809 13
21809 62
21809 72
21809 145
21809 7
21809 80
21809 130
21809 9
21809 21
21809 85
21809 86
21809 38
21809 70
21809 121
21809 25
21809 0
21809 32
21523 20
21523 2
21523 11
21523 40
21523 5
21523 26
21523 39
21523 42
22151 2
22151 9
22151 24
22151 23
22151 15
22151 8
22151 26
21993 11
21993 20
21993 7
21993 81
21993 65
21993 6
21993 97
21993 91
21993 94
21993 23
21993 92
21993 22
21993 93
21993 46
21993 125
21993 43
21993 35
21553 434
21553 474
21553 111
21553 321
21553 302
21553 45
21553 135
21553 17
21553 40
21553 44
21553 77
21553 108
21553 115
21553 128
21553 266
21553 357
21553 130
21553 253
21553 364
21553 454
21553 245
21553 161
21553 241
21553 381
21553 420
21553 174
21553 320
21553 384
21553 62
21553 2
21553 10
21553 299
21553 428
21553 450
21553 400
21553 485
21553 206
21553 303
21553 308
21553 318
21553 443
21553 160
21553 249
21553 342
21553 390
21553 424
21553 373
21553 11
21553 16
21553 20
21553 58
21553 393
21553 46
21553 92
21553 237
21553 255
21553 290
21553 343
21553 426
22111 19
22111 8
22111 49
22111 47
22111 30
22111 25
22111 32
22054 98
22054 29
22054 82
22054 24
22054 180
22054 112
22054 135
22054 156
22054 5
22054 14
22054 46
22054 79
22054 74
22054 93
22054 181
22054 54
22072 4
22072 6
22072 50
22072 44
22072 56
22072 17
22072 60
22072 34
22072 23
22072 31
22072 75
21990 11
21990 35
21990 124
21990 109
21990 49
21990 2
21990 14
21990 111
21990 34
21990 31
21990 67
21990 152
21990 134
21990 33
21990 48
21990 114
21990 32
21990 151
21990 47
21990 99
21990 130
21990 61
21990 168
21990 12
21990 120
21990 143
21990 163
21990 138
21873 36
21873 27
21873 34
21873 1
21629 156
21629 29
21629 110
21629 169
21629 20
21629 61
21629 158
21629 0
21629 3
21629 41
21629 69
21629 83
21629 11
21629 13
21629 118
21629 152
21629 173
21629 34
21629 93
21629 131
21629 148
21629 31
21629 22
21629 52
21629 26
21629 14
21629 17
21629 33
21629 57
21629 95
21629 101
21629 70
21629 161
21629 6
21629 134
21629 159
21629 164
21629 5
21629 12
21629 37
21629 119
21629 154
21629 90
21629 163
21629 38
21629 42
21629 111
21629 113
21629 128
21629 129
21629 171
21629 60
21629 30
21629 50
21629 68
21629 7
21629 76
21629 89
21629 98
21629 178
21629 32
21629 64
21519 19
21519 51
21519 8
21519 16
21519 53
21519 93
21519 0
21519 54
21519 107
21959 64
21959 23
21959 110
21959 97
21959 105
21959 74
21959 15
21959 130
21959 44
21959 81
21959 70
21959 38
21959 125
21959 113
21959 40
21959 67
21959 13
21959 90
21959 25
21959 88
21959 5
21957 408
21957 403
21957 283
21957 375
21957 321
21957 422
21957 103
21957 248
21957 269
21957 323
21957 30
21957 282
21957 280
21957 192
21957 17
21957 196
21957 301
21957 415
21957 409
21957 57
21957 198
21957 151
21957 358
21957 244
21957 278
21957 153
21957 148
21957 40
21957 21
21957 194
21957 96
21957 315
21957 112
21957 124
21957 295
21957 86
21957 145
21957 51
21957 23
21957 89
21957 24
21957 216
21957 214
21957 441
21957 166
21957 228
21957 406
21957 85
21867 8
21867 16
21867 6
21867 1
21867 10
21892 13
21892 86
21892 61
21892 51
21892 34
21892 64
21892 105
21892 84
21892 80
21892 95
21892 28
21892 85
21892 38
21892 43
21892 58
21892 42
21892 20
21913 0
21913 156
21913 84
21913 157
21913 144
21913 93
21913 4
21913 99
21913 92
21913 116
21913 54
21913 160
21913 94
21913 111
21913 33
21913 113
21913 102
21913 108
21913 28
21913 26
21913 11
21427 14
21427 19
21427 51
21427 32
21427 36
21427 29
21427 43
21427 35
21427 45
21427 1
21427 11
21427 37
21427 39
21427 44
21427 47
21607 32
21607 52
21607 38
21607 61
21607 62
21607 1
21607 44
21607 45
21607 60
21607 16
21607 39
21607 27
21607 57
21607 31
21607 56
21883 19
21883 9
21883 12
21883 37
21883 35
21883 26
21883 25
21883 32
21883 31
22182 49
22182 4
22182 98
22182 76
22182 79
22182 53
22182 122
22182 39
22182 114
22182 45
22182 52
22182 42
22182 41
22182 77
22182 78
22182 15
22182 93
22182 103
22182 10
22182 72
22182 81
22182 29
22182 67
22182 58
22182 36
22182 90
22182 116
22182 28
22182 95
22182 66
22182 68
22182 86
22182 87
22182 136
22182 97
22182 19
22182 47
22182 111
22182 85
22182 35
22182 138
22182 32
22182 120
22182 104
22182 63
22182 101
22182 16
22182 17
22182 54
22182 80
22182 13
21615 9
21615 34
21615 31
21615 71
21615 28
21615 29
21537 196
21537 237
21537 288
21537 304
21537 322
21537 81
21537 103
21537 507
21537 134
21537 224
21537 400
21537 4
21537 101
21537 132
21537 273
21537 71
21537 102
21537 292
21537 358
21537 421
21537 443
21537 499
21537 538
21537 97
21537 359
21537 388
21537 424
21537 439
21537 485
21537 487
21537 539
21537 164
21537 366
21537 8
21537 150
21537 165
21537 191
21537 302
21537 446
21537 471
21537 541
21537 545
21537 168
21537 429
21537 64
21537 220
21537 316
21537 335
21537 427
21537 441
21537 492
21537 543
21537 495
21537 109
21537 333
21537 345
21537 347
21537 41
21537 47
21537 107
21537 39
21537 86
21537 125
21537 260
21537 342
21537 118
21537 259
21537 341
21537 401
21537 281
21537 454
21537 520
21537 535
21537 451
21537 502
21537 518
21537 528
21537 529
21756 11
21756 105
21756 245
21756 267
21756 289
21756 107
21756 186
21756 40
21756 184
21756 191
21756 275
21756 28
21756 36
21756 84
21756 160
21756 204
21756 248
21756 128
21756 264
21756 270
21756 273
21756 151
21756 1
21756 156
21756 175
21756 280
21756 212
21756 71
21756 3
21756 104
21756 242
21756 262
21756 27
21756 37
21756 65
21756 153
21756 167
21756 208
22073 112
22073 79
22073 78
22073 59
22073 131
22073 105
22073 55
22073 85
22073 23
22073 113
22073 151
22073 152
22073 67
22073 15
22073 7
22073 122
22073 42
22073 28
22107 1
22107 16
22107 9
22193 16
22193 22
22193 9
21818 8
21818 6
21941 15
21941 3
21941 17
21941 31
21941 16
21941 41
21941 26
21941 34
21941 22
21941 32
21941 2
21522 19
21522 67
21522 15
21522 59
21522 95
21522 101
21522 2
21522 66
21522 14
21522 91
21522 1
21522 17
21522 98
21522 44
21522 83
21522 107
21446 11
21446 56
21446 104
21618 12
21618 91
21618 102
21618 156
21618 133
21618 2
21618 16
21618 80
21618 33
21618 48
21618 126
21618 138
21618 181
21618 58
21618 147
21618 164
21618 170
21618 39
21618 57
21618 92
21618 17
21618 73
21618 136
22263 127
22263 279
22263 52
22263 39
22263 167
22263 190
22263 23
22263 261
22263 232
22263 7
22263 4
22263 181
22263 104
22263 91
22263 140
22263 130
22263 119
22263 168
22263 34
22263 29
22263 11
22263 252
22263 251
22263 262
22263 73
22263 30
22263 227
22263 259
22263 151
22263 97
22263 1
22263 89
22263 240
22263 219
22263 238
22263 282
22263 169
22263 185
22263 46
22263 165
22263 266
22263 106
22263 210
22263 274
22263 176
22263 121
22263 139
22263 204
22263 202
22263 79
22263 159
22263 16
22263 154
22263 95
22263 54
22263 271
22263 187
22263 70
22263 179
22263 40
22263 47
22263 65
22263 80
22263 113
22263 108
22263 280
22263 158
22263 214
22263 235
22263 90
22263 157
22263 28
22263 60
22263 12
22263 116
22263 193
22263 99
22263 260
22263 36
22263 136
22263 277
22263 256
22263 35
22263 153
22263 180
22263 107
22263 267
22263 241
22263 250
22263 272
22263 182
22263 56
22263 149
22263 14
22263 253
22263 223
22263 265
22263 15
22263 13
22263 120
22263 133
22263 191
21805 14
21805 53
21805 96
21805 52
21805 0
21805 94
21805 45
21805 56
21805 74
21805 95
21805 99
21805 65
21805 86
21805 12
21805 101
21805 31
21805 33
21805 47
21805 89
22088 113
22088 158
22088 206
22088 73
22088 193
22088 5
22088 218
22088 90
22088 180
22088 56
22088 24
22088 154
22088 142
22088 153
22088 35
22088 115
22088 106
22088 78
22088 110
22088 38
22088 14
22088 171
22088 219
22088 192
22088 200
22088 139
22088 85
22088 18
21476 10
21476 162
21476 193
21476 244
21476 250
21476 433
21476 477
21476 8
21476 118
21476 145
21476 302
21476 320
21476 9
21476 300
21476 335
21476 405
21476 4
21476 105
21476 171
21476 298
21476 11
21476 198
21476 225
21476 277
21476 296
21476 453
21476 507
21476 518
21476 550
21476 437
21476 445
21476 14
21476 107
21476 368
21476 491
21476 554
21476 440
21476 20
21476 31
21476 128
21476 165
21476 226
21476 345
21476 276
21476 129
21476 471
21476 503
21476 556
21476 560
21476 495
21476 505
21476 517
21476 567
21476 420
21476 458
21476 487
21476 513
21476 49
21476 104
21476 321
21476 340
21476 391
21476 25
21476 143
21476 317
21637 4
21637 8
21637 12
21637 72
21637 143
21637 162
21747 64
21747 7
21747 55
21747 106
21747 81
21747 14
21747 19
21747 42
21747 83
21747 18
21747 72
21747 20
21747 23
21747 35
21747 66
21747 16
21747 4
21747 26
21747 82
21747 22
21747 78
21747 93
21747 96
21730 68
21730 97
21730 109
21730 118
21730 80
21730 116
21730 151
21730 162
21730 226
21730 7
21730 144
21730 248
21730 292
21730 23
21730 96
21730 191
21730 230
21730 239
21730 255
21730 27
21730 92
21730 257
21730 290
21730 36
21730 285
21595 28
21595 11
21595 12
21595 16
21595 19
21595 2
21595 20
21595 24
21595 1
21595 25
21595 6
21595 26
21595 27
21595 22
21615 51
21615 64
21953 1
21953 15
21953 16
21953 2
21953 69
21953 27
21953 3
21953 32
22109 6
22109 49
22109 37
22109 16
22109 32
22109 2
22109 48
22109 79
22109 34
22109 47
22109 62
21808 3
21751 28
21751 52
21751 6
21751 27
21751 47
21751 3
21751 9
21751 21
21751 25
21751 22
21751 1
21751 29
21751 32
21751 46
21751 2
21751 40
21929 74
21929 63
21929 87
22083 75
22083 86
22083 4
22083 99
22083 77
22083 11
22083 21
22083 74
22083 45
22083 72
22083 47
22083 69
22083 67
22083 90
22083 57
22107 5
22107 0
21811 11
21811 43
21811 90
21811 201
21811 238
21811 391
21811 113
21811 241
21811 298
21811 476
21811 484
21811 192
21811 60
21811 205
21811 359
21811 418
21811 543
21811 42
21811 439
21811 191
21811 507
21811 30
21811 222
21811 487
21811 424
21811 442
21811 175
21811 160
21811 481
21811 181
21811 88
21811 509
21811 216
21811 485
21811 448
21811 335
21811 15
21811 152
21811 173
21811 251
21811 252
21811 264
21811 300
21811 322
21811 140
21811 150
21811 269
21811 19
21811 176
21811 330
21811 64
21811 444
21811 340
21811 156
21811 129
21811 339
21811 39
21811 496
21811 344
21811 357
21811 225
21811 382
21811 390
21811 286
21811 327
21811 161
21811 356
21811 525
21811 503
21811 250
21811 385
21811 32
21811 472
21811 477
21811 392
21811 523
21811 138
21811 52
21811 256
21811 177
21811 462
21811 95
21811 120
21811 189
21811 209
21811 306
21811 7
21811 128
21811 228
21811 325
21811 452
21811 500
21811 361
21811 121
21811 458
21811 190
21811 130
21811 174
21811 368
21811 403
21811 419
21811 493
21811 374
21811 257
21811 377
21811 380
21811 388
21811 436
21811 453
21811 517
21811 66
21811 111
21811 429
21811 470
21811 499
21811 320
21811 323
21811 329
21811 431
21811 151
21811 3
21811 65
21811 105
21811 114
21811 223
21811 294
21811 67
21811 145
21811 540
21811 475
21811 338
21811 415
21811 457
21811 510
21811 144
21811 72
21811 141
21811 279
21811 324
21811 433
21811 69
21811 31
21811 227
21811 328
21811 395
21811 541
21811 243
21811 163
21811 358
21811 366
21811 367
21811 422
21811 489
21811 441
21811 37
21811 148
21811 232
21811 520
21811 451
21811 304
21811 58
21811 409
21811 110
21811 469
21811 92
21811 536
21811 506
21811 547
21811 466
21811 13
21811 6
21811 136
21811 270
21811 293
21811 317
21811 215
21811 172
21811 96
21811 171
21811 40
21811 142
21811 267
21811 398
21811 519
21811 76
21811 107
21811 28
21811 155
21811 478
21811 430
21811 405
21811 539
21811 253
21811 71
21811 77
21811 247
21811 302
21811 29
21811 132
21641 21
21641 18
21641 28
21641 5
21845 144
21845 394
21845 10
21845 183
21845 315
21845 387
21845 418
21845 40
21845 48
21845 54
21845 59
21845 200
21845 240
21845 325
21845 411
21845 459
21845 284
21845 529
21845 453
21845 505
21845 0
21845 220
21845 415
21845 425
21845 445
21845 208
21845 224
21845 520
21845 6
21845 65
21845 67
21845 88
21845 138
21845 132
21845 164
21845 286
21845 381
21845 45
21845 49
21845 78
21845 84
21845 337
21845 350
21845 391
21845 446
21845 297
21845 355
21845 382
21845 396
21845 187
21845 225
21845 276
21845 399
21845 118
21845 180
21845 493
21845 516
21845 149
21845 133
21845 142
21845 153
21845 162
21845 199
21845 211
21845 234
21845 257
21845 281
21845 331
21845 3
21845 24
21845 171
21845 5
21845 196
21845 353
21845 438
21845 46
21845 71
21845 86
21845 100
21845 210
21845 466
21845 242
21845 342
21845 397
21845 406
21845 238
21845 249
21845 320
21845 332
21845 345
21845 347
21845 159
21845 173
21845 204
21845 190
21845 287
21845 341
21845 356
21845 478
21845 379
21845 305
21914 253
21914 294
21914 128
21914 153
21914 87
21914 10
21914 167
21914 61
21914 192
21914 303
21914 293
21914 73
21914 266
21914 125
21914 247
21914 168
21914 277
21914 38
21914 265
21914 25
21914 39
21914 90
21914 311
21914 295
21914 236
21914 171
21914 11
21914 258
21914 187
21914 205
21914 158
21914 100
21914 123
21914 50
21914 274
21914 254
21914 199
21914 256
21914 282
21914 309
21914 15
21914 240
21914 161
21914 320
22189 91
22189 18
22189 16
22189 101
22189 30
22189 97
22189 6
22189 42
22189 118
22189 37
21980 45
21980 15
21980 48
21980 22
21439 265
21439 266
21439 269
21439 19
21439 183
21439 259
21439 272
21439 49
21439 81
21439 145
21439 210
21439 25
21439 51
21439 53
21439 175
21439 201
21439 271
21439 255
21439 31
21439 103
21439 209
21439 260
21439 251
21439 10
21439 44
21439 60
21439 98
21439 267
21439 23
21439 39
21439 200
21439 234
21928 92
21928 59
21928 14
21928 80
21928 15
21928 64
21928 84
21928 91
21928 2
21928 12
21928 39
21928 86
21928 41
21928 36
21928 76
21928 21
21928 63
21928 77
21928 1
21928 62
21928 32
21928 66
21928 56
21928 5
21928 8
21928 17
21928 34
21928 58
21928 60
21928 37
21928 13
21999 20
22191 67
22191 93
22191 27
22191 46
22191 18
22191 83
22191 5
22191 49
22191 51
22191 71
22191 80
22191 86
22147 30
22147 0
22147 7
22147 51
22147 43
22147 36
22147 29
22147 46
22147 32
22147 54
22147 4
22147 38
22147 41
22147 53
22147 15
22147 56
22147 34
22147 39
22147 45
22147 48
22147 42
22147 26
22147 63
21870 55
21870 327
21870 106
21870 291
21870 81
21870 139
21870 198
21870 180
21870 13
21870 65
21870 217
21870 3
21870 16
21870 150
21870 31
21870 340
21870 320
21870 330
21870 355
21870 91
21870 22
21870 178
21870 143
21870 231
21870 128
21870 343
21870 354
21870 323
21870 300
21870 261
21495 78
22175 39
22175 5
22175 38
22175 10
22175 9
22175 24
22175 21
22175 27
21492 1
21492 54
21492 74
21492 122
21492 16
21492 28
21492 88
21492 97
21492 49
21492 58
21492 130
21492 135
21492 26
21492 30
21492 34
21492 114
21492 87
21492 131
21492 76
21752 19
21752 54
21752 14
21752 28
21752 35
21752 53
21752 30
21752 57
21752 8
21752 24
21752 83
21752 5
21752 17
21487 332
21487 281
21487 62
21487 75
21487 242
21487 244
21487 272
21487 277
21487 194
21487 197
21487 227
21487 310
21487 312
21487 34
21487 69
21487 271
21487 321
21487 354
21487 35
21487 95
21487 117
21487 150
21487 266
21487 103
21487 109
21487 171
21487 181
21487 199
21487 1
21487 167
21487 190
21487 307
21487 314
21487 116
21487 121
21487 126
21487 196
21487 294
21487 48
21487 198
21487 275
21487 344
21487 349
21487 357
21487 364
21487 7
21487 47
21487 58
21487 223
21487 250
21487 123
21487 173
21487 362
21487 15
21487 144
21487 240
21487 138
21487 176
21487 207
21487 239
21487 270
21487 220
21487 320
21487 330
21487 356
21487 358
21487 10
21487 60
21487 230
21487 295
21487 323
21828 3
21828 8
21828 4
21828 0
21828 12
21828 13
21828 15
22085 8
22085 1
21711 75
21711 79
21711 55
21711 21
21711 81
21711 18
21711 29
21711 71
21711 90
21711 33
21711 83
21711 32
21711 36
21711 116
21711 104
21711 74
21472 94
21472 125
21472 126
21472 187
21472 223
21472 132
21472 167
21472 8
21472 61
21472 130
21472 142
21472 143
21472 45
21472 102
21472 146
21472 221
21472 21
21472 35
21472 154
21472 178
22087 10
22087 62
22087 29
22087 64
22264 217
22264 179
22264 121
22264 23
22264 135
22264 102
22264 264
22264 104
22264 221
22264 11
22264 192
22264 281
22264 61
22264 52
22264 214
22264 208
22264 295
22264 162
22264 27
22264 239
22264 209
22264 79
22264 220
22264 12
22264 278
22264 236
21715 0
21715 12
22150 77
22150 132
22150 187
22150 153
22150 96
22150 179
22150 213
22150 165
22150 158
22037 144
22037 156
22037 46
22037 76
22037 74
22037 55
22037 47
22037 238
22037 153
22037 70
22037 152
22037 218
22037 170
22037 117
22037 102
22037 87
22037 78
22037 232
22037 89
22037 95
22037 40
22037 52
22037 118
22037 211
22037 147
22037 66
22037 108
22037 187
22037 181
22037 103
22037 180
22037 192
22037 19
22037 18
22037 67
22037 205
22037 228
22037 113
22037 157
22037 163
22037 208
22037 1
22037 203
22037 148
22037 6
22037 106
22037 37
22037 12
22037 135
22037 224
22037 58
22037 255
22037 229
22037 30
22037 116
22037 197
22037 260
22037 240
22037 139
22037 230
22037 191
22037 189
22037 128
22037 5
22037 176
22037 131
22037 257
22037 186
22037 168
22037 90
22037 247
22037 154
22037 184
22037 206
22037 173
22037 175
22037 43
22037 24
22037 136
22037 51
22037 242
22037 174
22037 107
22037 178
22037 188
22037 215
22037 199
22037 13
22037 219
22037 165
22037 49
22037 94
22037 138
22037 217
22037 115
22037 38
22037 123
22037 96
22037 25
22037 204
22037 23
22037 72
21907 7
21907 56
21907 4
21907 24
21907 47
21907 59
21907 41
21907 70
21907 35
21907 9
22255 28
22255 3
22255 19
22255 10
21828 19
21868 116
21868 12
21868 82
21868 106
21868 129
21930 1
22241 19
22241 10
22241 16
22241 8
21629 10
21629 105
21629 135
21629 172
21629 65
21629 103
21629 114
21629 39
21629 62
21629 108
21629 140
21629 175
21629 58
21629 145
21629 80
21629 100
21629 44
21629 91
21463 5
21463 20
21463 13
22257 127
22257 118
22257 58
22257 92
22257 295
22257 308
22257 300
22257 45
22163 116
21991 149
21991 104
21991 82
21991 145
21991 138
21991 34
21991 65
21991 3
21991 78
21991 100
21991 131
21991 9
21991 44
21991 4
21654 28
21654 25
21654 34
21654 20
21654 29
21654 5
21654 47
21654 50
21654 53
21654 32
21654 35
21654 39
21654 1
21654 31
21654 15
21654 38
21654 52
21654 54
21747 17
21747 38
21747 45
21747 102
21747 110
21747 76
21747 80
21747 21
21747 31
21747 15
21747 50
21747 9
21747 44
21747 67
21747 103
21553 8
21553 37
21553 56
21553 151
21553 185
21553 476
21553 358
21553 365
21553 366
21553 461
21553 171
21553 233
21553 268
21553 281
21553 479
21553 223
21553 296
21553 379
21553 419
21553 94
21553 102
21553 283
21553 429
21553 191
21553 323
21553 7
21553 68
21553 172
21553 217
21553 248
21553 331
21553 398
21553 73
21553 304
21553 422
21553 85
21553 103
21553 133
21553 297
21553 177
21553 190
21553 242
21553 250
21553 478
21553 121
21553 150
21553 362
21553 459
21553 235
21553 277
21553 465
21553 480
21553 25
21553 38
21553 3
21553 5
21553 19
21553 28
21553 129
21553 21
21553 51
21553 75
21553 251
21553 307
21553 330
21553 413
21553 433
21553 127
21553 162
21553 221
21553 279
21553 352
21553 98
21553 165
21553 167
21553 259
21553 273
21553 31
21553 34
21553 101
21553 4
21553 41
21553 80
21553 76
21553 90
22000 143
22000 51
22000 91
22000 111
22000 134
22000 110
22000 70
22000 76
22000 132
22000 62
22000 137
22000 158
22000 212
22000 79
22000 135
22000 93
22000 40
22000 38
22000 11
22000 178
22000 115
22000 225
22000 228
22000 185
22000 188
22000 22
22000 65
22000 130
22000 211
22000 39
22000 156
22000 4
22000 9
22000 208
22000 56
22000 41
22000 229
22000 24
22000 112
22000 193
22000 45
22000 69
22000 207
22000 58
22000 0
22000 216
22000 142
21536 60
21536 65
21536 141
21536 253
21536 144
21536 137
21536 249
21536 197
21536 27
21536 183
21536 203
21536 95
21536 226
21536 270
21536 350
21536 379
21536 380
21536 381
21536 87
21536 104
21536 133
21536 86
21536 184
21536 267
21536 126
21536 229
21536 284
21536 8
21536 81
21536 154
21536 163
22243 287
22243 235
22243 108
22243 182
22243 89
22243 226
22243 250
22243 305
22243 53
22243 68
22243 269
22243 275
22243 221
22243 283
22243 167
22243 328
22243 238
22243 272
22243 23
22243 41
22243 333
22243 5
22243 326
22243 345
22243 186
22243 273
22243 134
22243 296
22243 278
22243 293
22243 301
22243 246
22243 185
22243 19
22243 179
22243 136
22243 43
22243 12
22243 25
22243 282
22243 137
22243 128
22243 197
22243 266
22243 350
22243 104
22243 358
22243 218
22243 227
22243 285
22243 324
22243 146
22243 158
22243 233
22243 253
22243 29
22243 28
22243 8
22243 148
22243 16
22243 315
22243 314
22243 184
22243 342
22243 289
22243 259
22243 102
22243 202
22243 59
22243 175
22243 109
22243 160
22243 187
22243 170
22243 316
22243 103
22243 292
22243 143
22243 140
22243 111
22243 263
22243 144
22243 191
22243 76
22243 98
22243 355
22243 308
22243 312
22243 331
22243 71
22243 56
22243 181
22243 251
22243 79
22243 228
22243 242
22243 317
22243 352
22243 156
22243 49
22243 166
22243 313
22243 219
22243 258
22243 318
22243 67
22243 126
22243 257
22243 306
22243 138
22243 106
22243 37
22243 190
22243 327
22243 73
22243 85
22243 22
22243 21
22243 55
22243 307
22243 299
22113 28
22113 99
22113 190
22113 82
22113 131
22113 142
22113 224
22113 185
22113 45
22113 147
22113 116
22113 210
22113 229
22113 56
22113 55
22113 218
22113 18
22113 178
22113 65
22113 75
22113 188
22113 8
22113 153
22113 195
22113 177
22113 66
22113 47
22113 173
22113 43
22113 137
22113 235
22113 211
22113 233
22113 83
22113 31
22113 103
22113 151
22113 167
22113 175
22113 118
22113 203
22113 11
22113 40
22113 176
22113 76
22113 2
22113 100
22113 72
22113 139
22113 95
22113 223
22113 117
22113 41
22113 50
22113 120
22113 60
22113 197
22113 104
22113 193
22113 13
22113 74
22113 68
22113 59
22113 228
22113 182
22113 209
22113 227
22113 169
22113 159
22113 202
22113 205
22113 5
22113 102
22113 158
22113 216
22113 12
22113 145
22113 91
22113 208
22113 138
22113 113
22113 38
22113 201
22113 52
22113 37
22113 162
22113 96
22113 163
22113 144
22113 30
22113 77
22113 127
22113 79
21991 118
21991 117
21991 92
21991 30
21991 111
21991 60
21991 125
21991 38
21991 163
21991 42
21991 150
21991 73
21991 29
21991 68
21991 160
21991 167
21991 21
21991 98
21991 96
21991 126
21991 171
21991 0
21991 112
21991 144
21991 151
21991 169
21991 83
22084 343
22084 58
22084 17
22084 319
22084 382
22084 260
22084 170
22084 324
22084 228
22084 265
22084 129
22084 357
22084 255
22084 302
22084 74
22084 352
22084 367
22084 269
22084 320
22084 340
22084 168
22084 116
22084 126
22084 99
22084 19
22084 213
22084 210
22084 241
22084 219
22084 284
22084 183
22084 295
22084 45
22084 162
22084 93
22084 333
22084 152
22084 254
22084 383
22084 258
22084 143
22084 83
22084 173
22084 236
22084 256
22084 177
22084 224
22084 28
22084 208
22084 386
22084 57
22084 130
22084 69
22084 13
22084 20
22084 365
22084 73
22084 194
22084 311
22084 318
22084 141
22084 235
22084 104
22084 199
22084 120
22084 227
22084 175
22084 327
22084 298
22084 63
22084 67
22084 200
22084 148
22084 188
22084 244
22084 231
22084 193
22084 205
22084 221
22084 353
22084 71
22084 190
22084 338
22084 84
22084 359
22084 147
22084 345
22084 262
22084 341
22084 381
22084 5
22084 202
22084 127
22084 108
22084 288
22084 31
22084 33
22084 218
22084 96
22084 239
22084 283
22084 387
22084 149
22084 6
22084 243
22084 55
22084 87
22084 216
22084 51
22084 192
22084 307
22084 372
22084 282
22084 161
22084 52
22084 377
22084 212
22084 23
22084 185
22084 163
22084 301
22084 304
22084 39
22084 122
22084 259
22084 115
22084 101
22084 286
22084 234
22084 157
22084 347
22084 145
22084 68
22084 330
22084 82
22084 159
22084 290
22084 370
22084 384
22084 140
22084 233
22084 246
22084 270
22084 346
22084 75
22084 66
22084 88
22084 153
22084 350
22084 242
22084 279
22188 195
22188 72
22188 114
22188 29
22188 94
22188 203
22188 211
22188 116
22188 232
22188 169
22188 224
22188 255
22188 70
22188 223
22188 82
22188 158
22188 127
22188 244
22188 92
22188 188
22188 41
22188 48
22188 187
22188 268
22188 177
22188 215
22188 113
22188 161
22188 10
22188 95
22188 129
22188 200
22188 37
22188 39
22188 267
22188 125
22188 108
22188 3
22188 84
22188 278
22188 5
22188 239
22188 44
22188 18
22188 242
22188 212
22188 50
22188 251
22188 30
22188 40
22188 250
22188 186
22188 51
22188 189
22188 126
22188 146
22188 176
22188 259
22188 209
22188 55
22188 152
22188 121
22188 83
22188 66
22188 128
22188 79
22188 174
22188 73
22188 60
22188 110
22188 205
22188 101
22188 120
22188 23
22188 45
22188 49
22188 11
22188 118
22188 237
22188 214
22188 151
22188 156
22188 141
22188 219
22188 233
22188 69
22188 252
22188 222
22188 228
22188 227
22188 275
22188 80
22188 241
22188 231
22188 56
22188 272
22188 96
22188 264
22188 117
21598 37
21598 26
21598 36
21598 86
21598 4
21598 92
21598 7
21598 28
21598 41
21598 6
21598 44
21598 53
21598 88
21598 45
21598 83
21598 39
21598 71
21598 75
21598 103
21598 60
21598 52
21598 34
21598 74
21598 91
21598 84
21598 20
21598 51
21598 104
21598 17
21598 72
21598 33
21598 65
21598 96
21598 62
21598 95
21598 16
21598 30
22125 39
22125 136
22125 183
22125 77
22125 7
22125 101
22125 139
22125 119
22125 160
22125 31
22125 9
22125 64
22125 150
22125 192
22125 51
22125 178
22125 185
22125 55
22125 14
22125 118
22125 122
22125 153
22125 89
22125 11
21598 9
21598 10
21598 46
21598 67
21522 33
21522 68
21522 82
21522 56
21522 58
21522 103
21522 5
21522 49
21522 78
21522 10
21522 38
21522 63
21522 76
21522 92
21522 36
22058 73
22058 336
22058 101
22058 564
22058 52
22058 100
22058 452
22058 222
22058 223
22058 70
22058 527
22058 286
22058 577
22058 501
22058 57
22058 189
22058 507
22058 476
22058 553
22058 422
22058 260
22058 72
22058 80
22058 464
22058 92
22058 425
22058 365
22058 279
22058 11
22058 405
22058 5
22058 503
22058 249
22045 54
22045 146
21644 9
21644 13
22086 140
22086 374
22086 303
22086 558
22086 361
22086 267
22086 262
22086 155
22086 402
22086 372
21487 28
21487 77
21487 202
21487 218
21487 12
21487 139
21487 192
21487 273
21487 163
21487 224
21487 59
21487 214
21487 252
21487 258
21487 328
21487 51
21487 57
21487 269
21487 313
21487 347
21487 73
21487 146
21487 256
21487 293
21487 159
21487 175
21487 195
21487 209
21487 41
21487 71
21487 151
21487 160
21487 228
21487 0
21487 112
21487 162
21487 172
21487 40
21487 301
21487 336
21487 55
21487 188
21487 262
21475 52
21475 26
21475 41
21475 6
21475 16
21475 48
21475 55
21776 268
21776 427
21776 463
21776 524
21776 365
21776 431
21776 500
21776 40
21776 203
21776 556
21776 587
21776 313
21776 322
21776 433
21776 21
21776 289
21776 412
21776 482
21776 80
21776 227
21776 377
21776 527
21776 153
21776 311
21776 324
21776 251
21776 364
21776 316
21776 569
21776 287
21776 381
21776 254
21776 28
21776 42
21776 342
21776 397
21776 483
21776 22
21776 435
21776 538
21776 574
21776 590
21776 265
21776 273
21776 510
21776 508
21776 290
21776 478
21776 488
21776 492
21776 182
21776 190
21776 320
21776 461
21776 350
21776 391
21776 529
21776 183
21776 334
21776 387
21776 535
21776 546
21776 164
21776 180
21776 335
21776 384
21776 193
21776 376
21776 459
21776 584
21776 6
21776 300
21776 17
21776 160
21776 220
21776 242
21776 249
21776 578
21776 75
21776 141
21776 468
21776 189
21776 436
21776 493
21776 506
21776 111
21776 318
21776 336
21776 360
21776 532
21776 48
21776 121
21776 380
21776 120
21776 347
21776 351
21776 226
21776 264
21776 494
21776 72
21776 333
21776 308
21776 107
21776 216
21776 593
21776 132
21776 213
21776 276
21776 371
21776 583
21776 589
21776 46
21776 106
21776 218
21776 491
21776 241
21776 328
21776 398
21776 86
21776 421
21776 428
21776 454
21776 130
22035 33
22035 21
22035 6
22035 13
22035 10
22035 53
22035 18
22035 30
22035 17
22035 52
22035 12
22035 35
22035 39
22035 20
22035 47
22035 49
22035 54
22035 14
22035 7
22035 43
22242 307
22242 0
22242 42
22242 257
22242 229
22242 180
22242 169
22242 393
22242 562
22242 396
22242 128
22242 39
22242 36
22242 404
22242 58
22242 441
22242 249
22242 274
22242 435
22242 14
22242 428
22242 162
22242 552
22242 77
22242 283
22242 163
22242 378
22242 164
22242 529
22242 339
22242 130
22242 564
22242 174
22242 51
22242 383
22242 205
22242 533
22242 117
22242 300
22242 148
22242 479
22242 96
22242 226
22242 507
22242 267
22242 465
22242 165
22242 427
22242 501
22242 80
22242 503
22242 65
22242 186
22242 101
22242 430
22242 409
22242 496
22242 567
22242 214
22242 60
22242 82
22242 216
22242 545
22242 464
22242 526
22242 153
22242 97
22242 52
22242 539
22242 160
22242 418
22242 548
22242 360
22242 53
22242 484
22242 538
22242 442
22242 235
22242 170
22242 265
22242 494
21739 51
21739 58
21739 76
21739 23
21739 13
21739 78
21739 39
21739 5
21739 9
21739 30
22012 1
22012 16
22012 46
22012 15
22012 27
22012 33
22012 20
22012 18
22012 21
21674 56
21674 1
21674 30
21674 14
21674 32
21674 5
21674 8
21674 18
21674 10
21983 108
21983 134
21983 13
21983 3
21983 265
21983 62
21983 113
21983 39
21983 191
21983 179
21983 292
21983 38
21983 161
21983 50
21983 42
21983 21
21983 128
21983 1
21983 243
21983 95
21983 238
21983 35
21983 152
22161 91
22161 129
22161 49
22161 169
22161 3
22161 224
22161 249
22161 392
22161 326
22161 370
22161 303
22161 385
22161 130
22161 4
22161 56
22161 451
22161 124
22161 228
22072 59
22072 5
22072 74
22072 30
22072 11
22072 73
22072 55
22072 19
22072 0
22072 49
22072 48
22160 81
22160 169
22160 173
22160 54
22160 201
22160 198
22160 180
22160 75
22160 89
22160 151
22160 130
22160 137
22160 246
22160 71
22160 254
22160 123
22160 47
22160 202
22160 69
22160 164
22160 210
22160 162
22160 163
22160 181
22160 127
22160 152
22160 240
22160 62
22160 222
22160 176
22160 83
22160 278
22160 165
22160 108
22160 224
22160 266
22160 35
22160 41
22160 94
22160 179
21498 12
21498 36
21498 63
21498 80
21498 106
21498 32
21498 37
21498 64
21498 86
21498 101
21498 19
21498 120
21498 18
21498 46
21498 79
21498 102
21498 117
21498 70
21498 14
21498 20
21498 78
21498 96
21498 50
21498 125
21498 33
21498 126
21498 24
21498 35
21498 122
21953 24
21953 0
21953 53
21953 61
21953 76
21953 49
21953 23
21953 35
21953 29
21460 37
21460 40
21460 54
21460 55
21460 73
21460 83
21460 113
21460 76
21460 90
21460 85
21460 88
21460 110
21460 2
21460 34
21460 97
21460 124
22205 25
22205 22
22205 86
22205 26
22205 1
22205 68
22205 18
22205 76
22205 28
22205 8
22043 532
22043 467
22043 236
22043 474
22043 310
22043 146
22043 392
22043 356
22043 43
22043 126
22043 531
22043 516
22043 379
22043 498
22043 389
22043 250
22043 13
22043 457
22043 289
22043 454
22043 390
22043 143
22043 537
22043 438
22043 401
22043 15
22043 228
22043 28
22043 194
22043 153
22043 165
22043 503
22043 81
22043 6
22043 396
22043 433
22043 350
22043 464
22043 114
22043 343
22043 296
22043 325
22043 45
22043 412
22043 471
22043 341
22043 119
22043 348
22043 443
22043 66
22043 338
22043 251
22043 406
22043 115
22043 254
22043 34
22043 130
22043 399
22043 480
22043 417
22043 540
22043 23
22043 180
22043 441
22043 16
22043 135
22043 210
22043 404
22043 446
22043 266
22043 187
22043 53
22043 122
22043 86
22043 141
22043 208
22043 246
22043 442
22043 378
22043 421
22043 63
22043 207
22043 359
22043 12
22043 384
22043 274
22043 271
22043 436
22043 156
22043 413
22043 395
22043 312
22043 105
22043 269
22043 161
22043 475
22043 232
22043 178
22043 111
22043 277
22043 209
22043 49
22043 158
22043 382
22043 147
22043 213
22043 82
22043 261
22043 99
22043 83
22043 96
22043 524
22043 546
22043 140
22043 169
22043 189
22043 340
22043 134
22043 256
22043 305
22043 548
22043 314
22043 409
22043 295
22043 93
22043 328
22043 398
22043 380
22043 368
22043 212
22043 220
22043 154
22043 309
22043 333
22043 265
22043 211
22043 344
22043 18
22043 501
22043 80
22043 319
22043 318
22043 201
22043 339
22043 173
22043 263
22043 264
22043 294
22043 481
22043 152
22043 62
22043 120
22043 358
22043 361
22043 360
22043 110
22043 388
22043 493
22043 123
22043 188
22043 223
22043 164
22043 331
22043 280
22043 217
22043 317
22043 40
22043 192
22043 386
22043 118
22043 405
22043 172
22043 381
22043 108
22043 303
22043 245
22043 46
21413 43
21413 26
21413 8
21413 22
22043 451
22043 198
22043 541
22043 539
22043 523
22043 218
22043 65
22043 145
22043 332
22043 37
22043 190
22043 371
22043 285
22043 170
22043 355
22043 166
22043 422
22043 267
22043 253
22043 466
22043 529
22043 486
22043 456
22043 150
22043 373
22043 376
22043 60
22043 302
22043 542
22043 281
21952 58
21952 151
21952 14
21952 133
21952 199
21952 218
21952 44
21952 47
21952 7
21952 6
21952 172
21952 131
21952 49
21952 210
21952 126
21952 195
21952 186
21952 4
21952 192
21952 104
21952 30
21952 89
21952 175
21952 90
21952 2
21952 28
21952 180
21952 110
21952 169
21952 24
21952 5
21952 77
21952 190
21920 1
21920 25
21920 23
21920 67
21920 3
21920 19
21920 41
21920 21
21920 11
21920 47
21920 7
21988 138
21988 53
21988 55
21988 285
21988 174
21988 34
21988 128
21988 478
21988 99
21988 60
21988 177
21988 67
21988 160
21988 456
21988 130
21988 175
21988 377
21988 327
21988 120
21988 257
21988 498
21988 324
21988 23
21988 58
21988 107
21988 479
21988 245
21988 131
21988 155
21988 338
21988 38
21988 22
21988 523
21988 82
21988 464
21988 229
21988 29
21988 193
21988 203
21988 315
21988 165
21988 314
21988 378
21988 433
21988 259
21988 220
21988 399
21988 228
21988 336
21988 267
21988 335
21988 146
21988 244
21988 354
21988 31
21988 465
21988 74
21988 140
21988 56
21988 207
21988 528
21988 382
21988 187
21988 280
21988 434
21988 440
21988 501
21988 154
21988 361
21988 351
21988 394
21988 236
21988 420
21988 6
21988 95
21988 419
21988 200
21988 404
21988 359
21988 380
21988 424
21988 340
21988 17
21988 33
21988 91
21988 476
21988 322
21988 30
21988 230
21988 26
21988 159
21988 313
21988 488
21988 211
21988 517
21988 78
21988 383
21988 24
21988 366
21988 40
21988 521
21988 453
21988 307
21988 221
21988 415
21981 8
21981 34
21981 3
21981 81
21981 37
21981 82
21981 74
21981 59
21981 54
21981 1
21981 76
21981 93
21981 52
21981 90
21981 89
22167 80
22167 112
22167 72
22167 50
22167 68
22167 83
22167 60
22167 17
22167 45
22167 44
22167 46
22167 97
22167 9
22167 128
21904 184
21904 227
21904 153
21904 230
21904 249
21904 107
21904 23
21904 115
21904 10
21904 37
21904 68
21904 5
21904 204
21904 161
21904 52
21904 125
21904 6
21904 118
21904 87
21904 202
21904 190
21904 236
21904 31
21904 154
21904 12
21904 200
21904 199
21904 50
21904 75
21904 86
21904 224
21904 168
21904 203
21904 104
21904 213
21904 239
21904 152
21904 17
21904 30
21904 98
21904 46
21904 183
21904 27
21904 248
21904 142
21904 210
21904 146
21904 70
21904 126
21904 82
21904 245
21904 216
21904 73
21904 85
21904 206
21904 143
21904 38
21904 111
21904 57
21904 21
21904 60
21904 158
21904 49
21904 189
21904 186
21904 41
21904 8
21904 14
21904 136
21904 177
21904 54
21904 201
21904 9
21904 166
21904 167
21904 13
21904 79
21904 74
21904 243
21904 39
21872 13
21872 30
21872 23
21872 3
21872 34
21872 27
21872 38
21872 24
21872 7
21872 6
21872 29
21872 36
21872 32
21872 25
21872 28
21872 33
21872 12
21497 35
21497 65
21497 70
21497 14
21497 40
21497 43
21497 67
21497 12
21497 51
21497 71
21497 56
21497 64
21497 24
21497 68
21497 62
21497 69
21497 29
21497 63
21497 72
21497 48
21497 52
21497 10
21497 45
21497 8
21497 20
21497 66
21889 0
21889 32
21889 112
21889 47
21889 145
21889 77
21889 87
21889 48
21889 122
21889 66
21889 1
21889 24
21889 103
21889 105
21895 138
21895 86
21895 324
21895 160
21895 510
21895 487
21895 518
21895 115
21895 245
21895 329
21895 545
21895 147
21895 364
21895 308
21895 414
21895 470
21895 155
21895 474
21895 185
21895 483
21895 529
21895 139
21895 509
21895 333
21895 95
21895 563
21895 500
21895 323
21895 299
21895 425
21895 232
21895 410
21895 441
21895 473
21895 416
21719 56
21719 122
21719 129
21719 230
21719 295
21719 404
21719 37
21719 426
21719 45
21719 98
21719 162
21719 312
21719 329
21719 536
21719 73
21719 350
21719 411
21719 47
21719 87
21719 367
21719 4
21719 9
21719 19
21719 154
21719 42
21719 127
21719 245
21719 355
21719 428
21719 475
21719 501
21719 271
21719 358
21719 413
21719 452
21719 76
21719 88
21719 100
21719 292
21719 78
21719 93
21719 123
21719 395
21719 474
21719 182
21719 221
21719 236
21719 241
21719 304
21719 107
21719 172
21719 338
21719 455
21719 274
21719 431
21719 82
21719 144
21719 398
21719 524
21719 128
21719 370
21719 438
21719 482
21719 515
21719 202
21719 247
21719 288
21719 302
21719 345
21719 360
21719 526
21719 529
21719 77
21719 224
21719 394
21719 429
21719 477
21719 291
21719 279
21719 163
21719 228
21719 406
21719 323
21719 342
21719 40
21719 270
21719 381
21719 399
21719 463
21719 29
21719 44
21719 303
21719 313
21719 248
21719 310
21719 396
21719 421
21719 191
21719 195
21719 337
21719 365
21719 420
21719 8
21719 518
21719 531
22259 16
22259 8
22259 23
21963 158
21963 306
21963 184
21963 270
21963 311
21963 229
21963 275
21963 47
21963 175
21963 248
21963 88
21963 214
21963 213
21963 222
21963 333
21963 360
21963 7
21963 30
21963 113
21963 317
21963 51
21963 8
21963 43
21963 355
21963 313
21963 343
21963 201
21963 283
21963 143
21963 135
21963 26
21963 255
21963 115
21963 217
21963 114
21963 161
21963 125
21963 124
21963 69
21963 148
21963 56
21963 260
21963 24
21963 25
21963 364
21963 140
21963 23
21963 11
21963 305
21963 216
22019 47
22019 107
22019 206
22019 150
22019 64
22019 143
22019 8
22019 21
22019 63
22019 140
22019 69
22019 39
22019 77
21638 41
21638 44
21638 86
21638 106
21638 118
21638 102
21638 164
21638 43
21638 63
21638 68
21638 125
21638 137
21638 166
21638 70
21638 13
21638 48
21638 120
21638 18
21638 103
21638 105
21638 117
21638 81
21638 83
21638 133
21638 155
21638 169
21638 20
21638 22
21638 141
21638 143
21638 159
21638 57
21638 80
21638 94
21638 100
21638 135
21638 14
21638 23
21638 46
21638 138
21638 74
21638 148
22260 195
22260 23
22260 119
22260 268
22260 213
22260 349
22260 117
22260 22
22260 216
22260 50
22260 345
22260 3
22260 237
22260 207
22260 312
21750 19
21750 9
21750 22
21750 5
21750 31
21750 10
21750 18
21750 20
21522 32
21522 93
21503 171
21503 98
21503 170
21503 69
21503 1
21503 6
21503 51
21503 54
21503 127
21503 53
21503 25
21503 34
21503 80
21503 104
21503 156
21503 41
21503 60
21503 126
21503 55
21503 62
21503 141
21503 147
21503 139
21503 44
21503 76
21503 112
21503 89
21503 117
21658 7
21658 17
21658 53
21658 45
21658 72
21658 98
21658 76
21658 67
22130 85
22130 29
22130 2
22130 53
22130 54
22130 82
22130 130
22130 14
22130 63
22130 52
22130 132
22130 109
22130 1
22130 140
22130 112
22130 68
22130 21
22130 104
22130 102
22130 143
22074 89
21755 16
21755 23
21755 21
21755 5
21755 9
21755 19
21935 26
21935 40
21935 21
21935 10
21935 6
21935 69
21935 47
21935 35
21935 16
21935 48
21935 29
21525 67
21525 89
21525 124
21525 53
21525 85
21525 104
21525 94
21525 14
21525 19
21525 7
21525 40
21525 115
21525 30
21525 39
21525 65
21525 100
21888 61
21888 26
21888 67
21888 4
21888 28
21888 53
21888 25
21888 0
21888 77
21775 334
21775 251
21775 174
21775 178
21775 373
21775 431
21775 5
21775 235
21775 249
21775 375
21775 135
21775 426
21775 352
21775 236
21775 44
21775 59
21775 72
21775 403
21775 462
21775 540
21775 342
21775 80
21775 82
21775 197
21775 202
21775 275
21775 109
21775 172
21775 184
21775 316
21775 331
21775 333
21775 11
21775 75
21775 90
21775 166
21775 147
21775 203
21775 320
21775 405
21775 410
21775 232
21775 242
21775 382
21775 432
21775 391
21775 49
21775 41
21775 48
21775 77
21775 156
21775 160
21775 219
21775 330
21775 517
21775 379
21775 383
21775 409
21775 296
21775 34
21775 73
21775 204
21775 346
21775 471
21775 473
21775 222
21775 299
21775 318
21775 453
21775 274
21775 311
21775 357
21775 463
21775 290
21775 18
21775 52
21775 58
21775 158
21775 332
21775 385
21775 417
21775 302
21775 468
21775 492
21775 503
21775 292
21775 87
21775 100
21775 60
21775 102
21775 103
21775 281
21775 351
21775 355
21775 534
21775 536
21775 364
21775 528
21775 553
21423 0
21423 7
21423 12
22190 15
22190 1
22190 10
21842 14
21842 20
21842 55
21842 86
21842 165
21842 171
21842 49
21842 57
21842 66
21842 107
21842 163
21842 16
21842 89
21842 125
21842 155
21842 11
21842 85
21842 104
21842 2
21842 23
21842 98
21842 99
21842 137
21842 81
21842 92
21842 108
21842 62
21842 90
21842 128
21842 31
21842 94
21842 135
21842 75
21842 133
22063 253
22063 220
22063 464
22063 120
22063 370
22063 258
22063 214
22063 453
22063 28
22063 134
22063 102
22063 496
22063 487
22063 222
22063 244
22063 302
22063 265
22063 451
22063 75
22063 54
22063 147
22063 198
22063 321
22063 545
22063 546
22063 176
22063 318
22063 213
22063 52
22063 204
22063 491
22063 304
22063 542
22063 372
22063 167
22063 58
22063 44
22063 259
22063 101
22063 330
22063 497
22063 224
22063 296
22063 247
22063 49
22063 311
22063 196
22063 301
22063 249
22063 165
22063 42
22063 156
22063 282
22063 175
22063 407
22063 375
22063 537
22063 125
22063 240
22063 153
22063 519
22063 239
22063 173
22063 226
22063 510
22063 48
22063 434
22063 505
22063 468
22063 283
22063 473
22063 549
22063 324
22063 368
22063 428
22063 538
22063 225
22063 429
22063 24
22063 84
22063 201
22063 117
22063 72
22063 400
22063 352
22063 108
22063 494
22025 24
22025 38
22025 54
22025 18
22025 10
22025 51
22025 47
22025 28
22025 32
22025 50
22025 4
22025 39
22025 31
22025 23
22025 53
22025 1
22025 30
22025 36
21734 0
21734 19
21734 1
21734 6
21734 18
21734 13
21590 9
21590 23
21590 15
21590 19
21590 35
21590 10
21590 18
21590 32
21448 14
21448 1
21448 6
21418 9
21418 28
21418 27
21418 13
21418 23
21763 43
21763 63
21763 88
21763 90
21763 137
21763 10
21763 35
21763 161
21763 18
21763 22
21763 135
21763 6
21763 87
21763 71
21763 83
21763 118
21763 129
21763 158
21763 25
21763 54
21763 74
21763 128
21763 148
21763 152
21763 96
21763 114
21763 62
21763 68
21763 80
21763 97
21763 115
21763 39
21763 143
21763 50
21763 3
21763 15
21763 24
21763 89
21763 60
21763 59
21763 106
21763 132
21763 119
21763 123
21763 110
21763 159
21763 33
21763 102
21763 105
21763 142
21763 155
21763 49
21763 46
21763 7
21763 45
21763 112
21763 122
21763 14
21763 61
21763 117
21763 134
21763 2
21548 41
21548 42
21548 64
21548 58
21548 4
21548 61
21548 47
21548 50
21548 77
21548 14
21548 62
21548 79
21548 86
21519 24
21519 31
21519 50
21519 20
21519 26
21519 40
21519 72
21519 83
21519 80
21519 88
21519 105
21519 25
21519 67
21519 12
21519 61
21519 103
21519 13
21519 32
21519 6
21519 33
21519 62
21519 9
21519 36
21519 35
21519 45
21519 98
21519 18
21519 29
21519 42
21519 48
22190 16
21524 9
21524 32
21524 48
22206 53
22206 25
22126 88
22126 167
22126 61
22126 87
22126 94
22126 12
22126 198
22126 124
22126 129
22126 47
22126 169
22126 7
22126 110
22126 31
22126 127
22126 223
22126 201
22126 16
22126 55
22126 58
22126 25
22126 174
22126 209
22126 111
22126 37
22126 158
22126 191
22126 57
22126 218
22126 70
22126 51
22126 121
22126 92
22126 71
22126 108
22126 59
22126 2
22126 173
22126 21
22126 156
22126 182
22126 146
22126 203
22126 215
22126 3
22126 224
22126 101
22126 33
22126 39
22126 149
22126 207
22126 29
22126 186
22126 35
22126 193
22126 172
22126 64
22126 80
22126 5
22126 157
22126 77
22126 28
22126 52
22126 204
22126 13
22126 217
22126 49
22126 73
22126 112
22126 140
22126 128
22126 130
22035 27
22035 32
22035 16
22111 10
22111 41
22111 43
22111 36
22111 50
22111 17
22111 7
22111 53
22111 48
22111 45
22111 46
22111 38
21978 2
21978 40
21978 165
21978 74
21978 37
21978 194
21625 44
21625 40
21625 12
21625 19
21625 20
21625 16
21625 23
21625 50
21625 56
21625 59
22066 33
22066 21
22066 24
22066 43
22066 6
22066 15
22066 27
22066 28
22067 5
22067 33
22067 28
22067 51
22067 58
22067 30
22067 17
22067 53
22067 11
22067 41
22067 50
22067 44
22067 16
22067 8
22067 79
22067 81
22067 70
22067 40
22067 35
22067 87
22067 71
21895 274
21895 287
21895 128
21895 312
21895 384
21895 335
21895 118
21895 166
21895 294
21895 1
21895 261
21895 369
21895 408
21895 29
21895 142
21895 187
21895 453
21895 331
21895 135
21895 379
21895 455
21895 523
21895 286
21895 549
21895 246
21895 423
21895 266
21895 250
21895 295
21895 190
21895 527
21895 417
21895 35
21895 315
21895 16
21895 144
21895 371
21895 496
21895 53
21895 393
21895 556
21895 243
21895 85
21895 517
21895 481
21895 116
21895 17
21895 257
21895 514
21895 346
21895 339
21895 277
21895 498
21895 534
21895 309
21895 73
21895 143
21895 424
21895 452
21895 316
21895 14
21895 363
21895 341
21895 506
21895 119
21895 56
21895 149
22028 56
21802 6
21802 109
21802 130
21802 132
21802 144
21802 210
21802 234
21802 232
21802 28
21802 58
21802 70
21802 85
21802 157
21802 161
21802 66
21802 92
21802 235
21802 107
21802 20
21802 41
21802 52
21802 63
21802 93
21802 101
21802 117
21802 169
21802 184
21802 213
21802 243
21802 206
21802 178
21802 3
21802 48
21802 60
21802 86
21802 104
21802 137
21802 140
21802 147
21802 180
22018 0
22018 1
21990 63
21990 4
21990 129
21990 53
21990 164
21990 26
21990 158
21990 131
21990 65
21990 16
21990 98
21990 118
21990 22
21990 177
21990 87
21990 115
21990 20
21990 39
21990 172
21467 2
21467 31
21467 150
21467 156
21467 191
21467 277
21467 162
21467 170
21467 171
21467 186
21467 203
21467 175
21467 184
21467 220
21467 241
21467 252
21467 259
21467 286
21467 71
21467 106
21467 140
21467 168
21467 73
21467 97
21467 115
21467 223
21467 247
21467 33
21467 81
21467 117
21467 177
21467 192
21467 36
21467 78
21467 133
21467 176
21467 270
21467 11
22209 50
22209 34
22209 16
22209 6
22209 54
22209 9
22209 36
22209 29
22209 41
22209 35
22209 17
22209 58
22209 15
22209 63
22209 64
22209 0
22209 19
22209 61
22209 20
22209 55
22209 23
22209 43
22209 40
21714 3
21714 11
21735 38
21735 94
21735 127
21735 287
21735 371
21735 231
22118 42
21865 88
21865 17
21865 81
21865 89
21865 91
21645 5
21645 11
21555 3
21555 282
21555 446
21555 44
21555 48
21555 150
21555 187
21555 200
21555 445
21555 475
21555 507
21555 512
21555 431
21555 508
21555 452
21555 294
21555 366
21555 386
21555 403
21555 193
21555 275
21555 454
21555 491
21555 495
21555 279
21555 422
21555 463
21555 4
21555 89
21555 98
21555 117
21555 207
21555 46
21555 88
21555 53
21555 78
21555 138
21555 216
21555 290
21555 331
21555 439
21555 482
21555 524
21555 305
21555 421
21555 471
21555 522
21555 148
21555 39
21555 178
21555 84
21555 194
21555 265
21555 373
21555 319
21555 362
21555 399
21555 500
21555 289
21555 335
21555 359
21555 426
21555 470
21555 506
21555 328
21555 355
21555 441
21555 447
21555 287
21555 308
21555 390
21555 396
21555 105
21555 154
21555 157
21555 83
21555 97
21555 143
21555 210
21555 1
21555 24
21555 26
21555 110
21555 228
21555 248
21555 266
21555 283
21555 504
21555 256
21555 340
21555 346
21555 365
21555 444
21555 246
21555 273
21555 379
21555 381
21555 502
21555 518
21555 315
21555 358
21555 505
21555 311
21555 243
21555 302
21555 326
21555 336
21555 404
21555 38
21555 189
21555 423
21555 11
21555 100
21555 111
21555 181
21555 135
21555 155
21555 186
21555 191
21555 473
21555 95
21555 141
21555 188
21555 0
21555 82
21555 86
21555 167
21555 75
21555 184
21555 224
21555 411
21555 253
21555 351
21555 370
21555 408
21555 409
21555 412
21555 23
21555 152
21555 162
21555 164
21555 258
21555 415
21555 330
21555 417
21555 466
21555 112
21555 202
21555 213
21555 33
21555 45
21555 199
21555 203
21555 239
21555 85
21555 485
21555 133
21555 139
21555 163
21555 166
21555 183
21555 18
21555 19
21555 131
21555 211
21555 303
21555 352
21555 374
21555 375
21555 385
21555 394
21555 15
22155 49
22155 24
22164 76
22164 133
22164 136
22164 102
22164 126
22164 145
22164 83
22164 134
22164 115
22164 25
22164 149
22164 93
22164 147
22164 188
22164 10
22164 98
22164 128
22164 195
22164 173
22164 167
22164 45
22164 37
22202 1
22202 15
22202 3
22191 89
22191 11
22191 70
22191 81
22191 45
22191 88
22191 75
22191 31
22191 35
22191 32
22191 95
22191 8
22191 98
22191 91
22191 16
22191 30
22084 196
22084 187
22084 90
22084 123
22084 37
22084 322
22084 119
22084 92
22084 94
22084 252
22084 22
22084 32
22084 1
22084 223
22084 250
22084 214
22084 355
22084 267
22084 34
22084 369
22084 215
22084 385
22084 26
22084 197
22084 361
22084 297
22084 139
22084 325
22084 38
22084 25
22084 150
22084 172
22084 142
22084 314
22084 248
22084 374
22084 309
22084 166
22084 174
22084 124
21979 0
21979 2
21979 17
21979 3
21979 20
21979 9
21543 90
21543 92
21543 150
21543 182
22075 23
22075 129
22075 72
22075 34
22075 88
22075 44
22075 17
22075 28
22075 71
22075 94
22075 126
22075 0
22075 65
22075 59
22075 57
22075 60
22075 56
22075 131
22075 33
22075 18
22075 47
22075 130
22075 99
21977 15
21977 91
21513 10
22195 23
22195 2
22195 19
22195 1
22195 24
22195 22
21421 8
21421 12
21421 4
21458 0
21500 8
22122 8
21925 71
21925 122
21925 18
21925 11
21925 55
21925 110
21925 195
21925 125
21925 156
21925 30
21925 53
21925 180
21925 199
21925 184
21925 182
21925 16
21925 178
21925 76
21742 65
21742 71
21742 92
21742 173
21742 199
21742 226
21742 27
21742 75
21742 107
21742 115
21742 255
21742 158
21742 11
21742 63
21742 323
21742 201
21742 15
21742 21
21742 37
21742 227
21742 268
21742 333
21742 104
21742 275
21742 293
21742 332
21742 256
21742 260
21742 287
21742 296
21742 328
21742 79
21742 111
21742 285
21742 289
21742 131
21742 143
21742 239
21742 14
21742 60
21742 320
21742 98
21742 189
21742 93
21742 130
21742 294
21742 57
21742 54
21742 94
21742 153
21742 162
21742 74
21742 87
21742 253
21742 339
21742 5
21742 56
21742 187
21742 270
21742 355
21742 135
21742 181
21742 280
21742 304
21742 22
21742 169
21742 314
21821 14
21821 0
21821 28
21821 13
21821 18
21821 17
21926 8
21926 27
21926 16
21926 20
21709 4
21709 15
21428 137
21428 186
21428 165
21428 293
21428 318
21428 62
21428 75
21428 208
21428 249
21428 65
21428 107
21428 18
21428 224
21428 39
21428 56
21428 91
21428 171
21428 54
21428 227
21608 12
21608 25
21608 8
21608 5
21608 72
21608 80
21608 58
21608 68
21608 1
21608 81
22047 2
22047 10
22047 1
22047 47
22047 14
22047 22
22047 19
21629 150
21629 2
21629 94
21629 71
21629 92
21629 99
21629 177
21629 87
21629 53
21629 121
21629 153
21629 28
21629 142
21629 25
21629 74
21629 86
21629 122
21629 1
21629 16
21629 117
21629 85
21629 132
21629 141
22193 3
22193 0
22193 10
22193 17
22193 2
22193 4
22193 20
22193 11
22193 23
21801 42
21801 63
21801 160
21801 174
21801 176
21801 179
21801 44
21801 95
21801 6
21801 159
21801 59
21801 77
21801 83
21801 113
21801 153
21801 0
21801 27
21801 39
21801 68
21801 115
21801 133
21801 35
21801 98
21801 129
21801 142
21801 148
21801 24
21801 3
21801 17
21801 120
21801 140
21801 101
21801 22
21801 79
21801 145
21801 149
21801 16
21801 84
21801 32
21801 20
21801 60
21801 92
21801 106
21801 165
21817 40
21817 60
21817 69
21817 92
21817 158
21817 79
21817 33
21817 113
21817 141
21817 148
21817 172
21817 205
21817 227
21817 31
21817 41
21817 184
21817 211
21817 4
21817 50
21817 86
21817 132
21817 226
21817 82
21817 177
21817 115
21817 225
22113 232
22113 206
22113 98
22113 19
22113 61
22113 39
22113 62
22113 17
22113 220
22113 160
22113 26
22113 114
22113 221
22113 133
22113 194
22113 204
22113 129
22113 187
22113 27
22113 78
22113 170
22113 231
22113 140
22113 94
22113 15
22113 92
22113 33
22113 57
22113 42
22113 101
22180 125
22180 68
22180 1
22180 109
22180 12
22180 28
22180 140
22180 95
22180 22
22180 49
22180 114
22180 116
22180 102
22180 101
22180 136
22180 132
22180 75
22180 18
22180 50
22180 15
22180 53
22180 40
22180 7
22180 56
22180 29
22180 32
22180 17
22180 77
22180 9
22180 48
22180 83
22180 70
22180 0
22180 96
22180 90
22180 100
22180 46
22180 65
22180 121
22180 43
22180 131
22180 88
22180 94
22180 36
22180 86
22180 126
22180 61
22180 110
22180 112
22180 13
22180 107
22180 2
22180 142
22101 62
22101 69
22101 6
22101 46
22101 32
22101 44
22101 36
22101 9
22101 28
22101 24
22101 40
22101 52
22101 21
22101 57
22101 16
22101 5
22101 34
22101 26
22101 39
22101 56
22101 29
22101 65
21706 274
21706 305
21706 343
21706 378
21706 421
21706 61
21706 399
21706 447
21706 448
21706 35
21706 36
21706 250
21706 280
21706 181
21706 297
21706 30
21706 164
21706 122
21706 159
21706 4
21706 39
21706 124
21706 233
21706 275
21706 350
21706 80
21706 143
21706 175
21706 219
21706 12
21706 97
21706 127
21706 168
21706 172
21706 203
21706 324
21706 328
21706 419
21706 456
21706 43
21706 126
21706 265
21706 369
21706 390
21706 434
21706 344
21706 41
21706 93
21706 268
21706 286
21706 218
21706 149
21706 173
21706 184
21706 189
21706 209
21706 132
21706 87
21706 354
21706 372
21706 386
21706 455
21706 249
21706 332
21706 335
21706 281
21706 316
21706 413
21706 430
21706 279
21706 321
21706 355
21706 245
21706 306
21706 285
21706 303
21706 310
21706 341
21706 363
21706 376
21706 402
21706 26
21706 204
21706 217
21706 47
21706 96
21706 147
21706 180
21706 282
21706 140
21706 161
21706 232
21706 272
21706 381
21706 60
21706 137
21706 177
21706 264
21706 228
21706 236
21706 114
21706 151
21706 187
21706 105
21706 123
21706 210
21706 220
21706 252
21706 53
21706 134
21706 197
21861 215
21861 169
21861 239
21861 262
21861 186
21490 2
21490 1
22142 54
22142 27
22142 4
22142 121
22142 101
22142 97
22142 49
22142 18
22142 103
22142 20
22142 99
21530 81
21530 87
21530 92
21530 145
21530 194
21530 135
21530 105
21530 188
21530 216
21530 114
21530 134
21530 205
21530 127
21530 132
21530 214
21530 137
21530 162
21530 171
21530 147
21530 154
21530 210
21530 109
21530 20
21530 179
21530 202
21530 218
21530 227
21530 122
21530 160
21530 33
21530 61
21530 67
21530 84
21530 212
21530 117
21530 223
21530 126
21530 8
21530 23
21719 97
21719 175
21719 316
21719 444
21719 479
21719 2
21719 265
21719 374
21719 417
21719 439
21719 23
21719 483
21719 325
21719 366
21719 460
21719 69
21719 83
21719 200
21719 250
21719 177
21719 120
21719 469
21719 489
21719 493
21719 485
21719 134
21719 21
21719 53
21719 201
21719 447
21719 478
21719 143
21719 197
21719 318
21719 503
21719 85
21719 151
21719 448
21719 14
21719 174
21719 317
21719 103
21719 442
21719 26
21719 217
21719 229
21719 375
21719 419
21719 96
21719 328
21719 165
21719 205
21719 225
21719 301
21719 443
21719 263
21719 527
21719 528
21719 194
21719 249
21719 380
21719 385
21719 476
21719 486
21855 7
21855 26
21855 35
21855 100
21855 1
21855 22
21855 40
21855 102
21855 8
21855 14
21855 31
21855 45
21855 72
21855 98
21855 113
21855 13
21855 17
21855 18
21855 30
21855 73
21855 123
21855 43
21855 51
21855 82
21855 99
21855 80
21855 42
21855 49
21855 3
21855 38
21855 52
21855 81
21855 97
21855 48
21855 60
21588 21
21588 15
21588 26
21588 50
21588 49
21588 52
21588 59
21588 41
21588 31
21588 0
21588 2
21588 10
21588 62
21588 27
21588 55
21588 68
21588 44
21588 19
21588 51
21588 17
21588 18
21588 28
21588 63
21588 16
21588 56
21763 44
21763 100
21763 146
21763 9
21763 30
21763 56
21763 126
21763 151
21763 130
21763 31
21763 156
21763 153
21763 162
21763 16
21763 81
21763 138
21763 72
21763 98
21763 149
22131 44
22122 10
22122 0
22122 11
21456 11
21851 9
21519 77
21519 91
21519 99
21519 108
21519 15
21519 58
21519 68
21519 10
21519 17
21519 23
21519 52
21519 43
21716 193
21716 86
21716 153
21716 220
21716 235
21716 84
21716 114
21716 197
21716 5
21716 33
21716 58
21716 203
21716 229
21716 199
21716 51
21716 79
21716 168
21716 222
21716 233
21716 15
21716 27
21716 28
21716 32
21716 247
21716 17
21716 21
21716 26
21716 40
21716 76
21716 113
21716 66
21716 147
21716 148
21716 118
21716 162
21716 192
21716 218
21716 250
22083 25
22083 50
22083 76
22083 71
22083 43
22083 84
22083 7
22083 5
22083 0
22083 42
22083 62
22083 44
22083 97
22083 88
22083 13
22083 60
22083 23
22083 32
22083 27
22083 83
22083 52
22083 28
22083 2
22083 46
22083 12
22083 94
22083 92
22083 49
22083 9
22083 39
22083 1
22083 59
22083 61
21478 25
21478 4
21478 24
22147 23
22147 25
22147 11
22147 13
22147 22
22147 24
22147 37
22147 50
21441 1
21441 20
21441 10
21441 45
21441 14
21441 22
21441 15
21446 77
21446 27
21446 37
21446 38
21446 20
21446 31
21446 129
21446 17
21446 42
21446 81
21446 86
21446 94
21446 12
21446 50
21446 114
21446 70
21446 124
21446 135
21446 18
21446 39
21518 17
21518 49
21518 4
21518 2
22129 211
22129 177
22129 161
22129 497
22129 288
22129 328
22129 415
22129 273
22129 48
22129 521
21506 5
21506 0
22161 442
22161 157
22161 212
22161 84
22161 250
22161 79
22161 45
22161 189
22161 273
22161 409
22161 223
22161 422
22161 16
22161 230
22161 359
22161 173
22161 246
22161 138
22161 279
22161 433
22161 141
22161 453
22161 430
22161 281
22161 240
22161 376
22161 317
22161 99
22161 2
22161 262
22161 271
22161 122
22161 444
22161 289
22161 107
22161 288
22161 83
22161 244
22161 256
22161 450
22161 0
22161 403
22161 68
22161 236
22161 126
21732 19
21732 11
21732 21
21732 22
21732 38
21732 12
21732 1
21732 18
21732 34
22206 75
22206 67
22206 28
22206 62
22206 50
22206 73
22206 19
22206 2
22206 3
22206 29
22206 26
22206 27
22206 81
22206 51
22206 14
22206 79
22206 17
21935 56
21935 14
21935 74
21935 19
21935 60
21935 58
21935 18
21935 68
21935 70
21935 45
21935 13
21935 9
21935 33
21935 72
21935 36
21935 62
21935 37
21935 65
21935 20
21935 1
21935 31
21935 57
21935 73
22115 131
22115 28
22115 5
22115 13
22115 123
22115 60
22115 7
22115 8
22115 80
22115 137
22115 41
22115 37
22115 127
22115 57
22115 40
22115 9
22115 108
22115 49
22115 116
22115 87
21935 53
21935 43
21792 24
21792 105
21792 171
21792 58
21792 235
21792 204
21792 209
21792 54
21792 98
21792 112
21792 137
21948 66
21948 4
21960 91
21960 80
21960 59
21960 73
21808 5
21808 9
21808 1
21600 62
21600 88
21600 21
21600 58
21600 5
21600 20
21600 83
21600 36
22266 5
22266 9
22266 21
22266 7
22266 18
22266 6
22266 12
22266 16
22266 26
22266 22
22266 19
21883 23
21883 16
21883 30
21823 72
21823 23
21823 69
21823 74
21823 32
21823 41
21823 82
21823 77
21823 29
21916 83
21916 101
21916 390
21916 415
21916 328
21916 138
21916 213
21916 448
21916 34
21916 84
21916 285
21916 308
21916 52
21916 368
21916 163
21916 363
21916 254
21916 91
21916 119
21916 284
21916 223
21916 354
21916 349
21916 146
21916 317
21916 234
21916 190
21916 39
21916 425
21916 5
21916 185
21916 31
21916 129
21916 267
21916 357
21916 80
21916 288
21916 118
21916 330
21916 235
21916 246
21916 73
21916 379
21916 426
21916 387
21916 377
21916 271
21916 276
21916 326
21916 77
21916 240
21916 337
21916 405
21518 1
21518 6
21518 24
21518 47
21573 14
21573 6
21573 3
21573 13
21989 67
21989 59
21989 149
21989 69
21989 48
21989 37
21989 86
21989 12
21989 63
21989 115
21989 90
21989 134
21989 25
21989 52
21989 43
21989 13
21989 96
21989 97
21989 57
21989 70
21989 23
21989 135
21989 1
21989 3
21989 16
21989 177
21989 21
22183 52
22183 60
22183 93
22183 144
22183 80
22183 90
22183 68
22183 27
22183 26
22183 142
22183 92
22183 64
22183 103
22079 11
22079 47
22079 50
22079 13
21457 22
21457 65
21457 74
21457 77
21457 25
21457 143
21457 78
21457 92
21457 115
21457 43
21457 53
21457 133
21457 142
21725 16
21725 30
21725 25
21725 23
21725 42
21725 15
21550 107
21550 13
21550 190
21550 31
21550 194
21550 89
21550 166
21550 171
21550 174
21550 49
21550 50
21550 133
21550 7
21550 32
21550 39
21550 30
21550 111
21550 187
21550 200
21550 79
21550 178
21550 15
21550 35
21550 131
21550 71
21550 22
21550 112
21550 168
21550 175
21550 46
21550 191
21550 12
21550 148
21550 29
21550 188
21550 74
21550 37
21550 67
21550 72
21550 167
21550 25
21550 68
21817 186
21817 15
21817 59
21817 137
21817 213
21817 223
21817 66
21817 150
21817 96
21817 120
21817 145
21817 188
21817 58
21817 136
21817 214
21817 118
21817 165
21817 218
21817 68
21817 42
21817 67
21817 146
21817 201
22035 0
22035 28
22035 11
22060 33
22060 27
22060 32
22060 5
22060 29
22060 21
22060 50
22060 47
22060 10
22060 48
21491 3
21491 43
21491 21
21491 39
21491 83
21491 91
21491 35
21491 54
21491 81
21491 85
21491 30
21491 66
21491 104
21491 5
21491 99
21462 20
21462 91
21462 11
21462 21
21462 32
21925 188
21925 23
21925 143
21925 3
21925 88
21925 21
21925 90
21925 163
21925 31
21925 81
21925 43
21925 17
21925 130
21925 112
21925 0
21925 160
21925 20
21925 121
21925 57
21925 152
21925 35
21925 61
22171 6
22171 20
22171 36
22171 48
22171 29
21894 14
21894 0
21894 11
21894 35
21894 41
21894 46
21894 10
21894 22
21894 38
21894 7
21830 11
21830 22
21830 15
21830 25
21830 10
21830 13
21753 135
21753 157
21753 309
21753 138
21753 154
21753 212
21753 245
21753 317
21753 223
21753 227
21753 240
21753 259
21753 290
21753 335
21753 313
21753 82
21753 85
21753 100
21753 3
21753 159
21753 319
21753 148
21753 214
21753 270
21753 129
21753 39
21753 52
21753 71
21753 199
21753 208
21753 215
21753 305
21753 164
21753 153
21753 162
21753 163
21753 236
21753 314
21753 332
21753 268
21753 53
21753 64
21753 68
21753 106
21753 109
21753 195
21753 114
21753 120
21753 288
21753 197
21753 247
21753 250
21753 174
21753 221
21753 133
21753 295
21753 329
21753 158
21753 176
21753 244
21753 258
21753 260
21753 141
21753 239
21753 267
21753 297
21753 134
21753 187
21753 225
21753 276
21753 89
21753 251
21753 304
21753 325
21753 175
21753 233
21753 224
21753 86
21753 238
21753 242
21753 324
21753 11
21753 18
21753 72
21753 161
21753 34
21753 144
21753 182
21753 22
21753 93
21753 112
21753 132
21753 253
21753 272
21753 285
21753 315
21753 254
21753 75
21753 113
21753 125
21753 15
21753 66
22239 10
22239 1
21932 270
21932 292
21932 164
21932 258
21932 470
21932 205
21932 283
21932 391
21932 138
21932 126
21932 346
21932 38
21932 53
21932 1
21932 107
21932 341
21932 102
21905 9
21905 0
21905 13
21481 118
21481 67
21481 201
21481 147
21481 175
21481 192
21481 199
21481 73
21481 99
21481 168
21481 209
21481 40
21481 117
21481 170
21481 177
21481 207
22186 8
22186 10
21457 132
21457 139
21457 144
21457 21
21457 72
21457 81
21457 6
21457 15
21457 48
21457 79
21457 96
21457 106
21457 97
21457 105
21457 125
21457 140
21457 16
21457 20
21457 0
21663 5
21663 110
21663 108
21663 107
21663 137
21663 157
21663 193
21532 16
21532 30
21532 51
21532 18
21532 43
21770 30
21770 33
22073 29
22073 71
22073 32
22073 17
22073 35
22073 65
22073 64
22073 58
22073 38
22073 92
22073 119
22073 25
22073 19
22073 90
22073 13
22073 47
22073 100
22073 126
22073 87
22073 140
22073 9
22073 116
22073 141
22073 88
22073 120
22073 134
22073 56
22073 149
22073 147
22073 69
22073 75
22073 68
22073 57
22073 11
22073 27
22073 93
22073 18
22073 115
22073 2
22073 133
22073 153
22073 73
22073 22
22073 98
22073 89
22073 3
22073 102
22073 114
22073 145
22073 127
22073 70
22073 137
22073 142
22073 118
22073 99
22073 117
22073 44
22073 97
22073 132
21451 16
21451 20
21451 40
21451 25
21451 10
21451 34
22132 45
21951 6
21951 7
21951 113
21951 60
21951 31
21951 8
21951 20
21951 40
21951 30
21951 93
21951 105
21951 81
21951 36
21951 53
21951 50
21951 55
21951 78
21601 47
21601 16
21601 37
21601 70
21601 80
21601 101
21601 61
21601 92
21601 103
21601 19
21601 76
21601 27
21601 36
21633 26
21633 30
21633 15
21633 50
21633 4
21633 33
21633 47
21633 57
21633 13
22176 140
22176 103
22176 44
22176 147
22176 141
22176 68
22176 53
22176 30
22176 23
22176 149
22176 131
22176 19
22176 72
22176 29
22176 93
22176 10
22176 128
22176 100
22176 86
22134 92
22134 3
22134 65
22134 48
22134 10
22233 12
22233 4
22233 14
22115 46
22115 109
22115 134
22115 115
22115 84
22115 6
22115 128
22115 10
22115 82
22115 63
22115 29
22115 67
22115 135
22115 59
22115 68
22115 36
22115 52
22115 79
22115 130
22115 111
22115 53
22115 74
22115 124
22115 33
22115 129
22115 20
22115 126
22115 117
22115 18
22115 97
21986 69
21986 95
21986 60
21986 105
21986 116
21922 432
21922 172
21922 370
21922 242
21922 66
21922 100
21922 428
21922 68
21922 319
21922 76
21922 271
21922 327
21922 174
21922 232
21922 247
21922 36
21922 253
21922 331
21922 409
21922 411
21922 196
21922 8
21922 325
21922 121
21922 86
21922 21
21922 401
21922 332
21922 147
21922 446
21922 326
21922 200
21922 287
21922 371
21922 11
21922 26
21922 149
21922 412
21922 162
21922 373
22268 45
22268 16
22268 42
22268 23
22268 93
22268 9
22268 68
22268 77
22268 94
22268 51
22268 49
22268 65
21929 96
21929 27
21929 16
21929 30
21929 68
21929 51
21929 1
21929 79
21929 15
21929 13
21929 52
21929 23
21929 22
21929 6
21929 66
22260 203
22260 243
22260 322
22260 339
22260 161
22260 368
22260 194
22260 189
22260 375
22260 331
22260 110
22260 211
22260 109
22260 296
22260 209
22260 271
22260 57
22260 300
22260 131
22260 262
22260 1
22260 43
22260 356
22260 318
22260 321
22260 115
22260 118
22260 180
22260 232
22260 87
22260 249
22260 116
22260 112
22260 162
22260 34
22260 106
22260 283
22260 317
22260 391
22260 205
22260 291
22260 40
22260 286
22260 146
22260 156
22260 306
22260 267
22260 80
22260 9
22260 369
22260 242
22158 12
22158 219
22158 179
22158 189
22158 191
22158 222
22158 169
22158 53
22158 127
22158 211
22158 91
22158 68
22158 58
22158 228
22158 38
22158 209
22158 60
22158 159
22158 54
22158 139
22158 90
22158 173
22144 49
22144 54
22144 76
22144 80
22144 77
22144 8
22144 84
22144 71
22144 39
22144 1
22144 61
22144 9
21450 48
21450 50
21450 5
21450 19
21450 33
21450 39
21450 12
21450 28
21450 23
21450 11
21450 15
21450 55
21450 30
21450 49
21450 45
21450 44
21450 7
21450 24
21450 9
21450 13
21450 37
21747 36
21747 71
21747 79
21747 60
21747 28
21747 57
21747 68
21747 94
21747 105
21747 47
21747 63
21747 85
21747 33
21747 46
21747 97
21747 101
21747 73
21747 107
21747 86
21747 3
21747 77
21747 87
21747 108
21761 15
21761 29
21761 40
21761 26
21761 5
21761 34
21761 30
21761 35
21761 14
21761 43
21472 76
21472 108
21472 157
21472 55
21472 155
21472 207
21472 16
21472 37
21472 83
21472 141
21472 18
21472 97
21472 166
21472 211
21472 219
21472 62
21472 96
21472 149
21472 179
21472 195
21472 85
21472 109
21472 119
21472 121
21472 137
21472 214
21472 3
21472 71
21472 222
21829 202
21829 368
21829 390
21829 410
21829 419
21829 260
21829 385
21829 388
21829 417
21829 426
21829 440
21829 448
21829 449
22035 19
22035 8
21595 7
21595 14
21595 8
21595 17
21912 15
21912 9
21912 16
21973 80
21973 79
21973 36
21973 92
21973 116
21973 25
21973 13
21973 54
22208 32
22208 349
22208 231
22208 262
22208 337
22099 72
22099 6
22099 104
22099 55
22099 23
22099 37
22099 31
22099 26
22099 50
22099 80
22099 16
22099 33
22099 77
22099 27
22099 8
22099 102
22099 99
22099 105
21556 7
21556 9
21556 20
21556 42
21556 181
21556 27
21556 64
21556 185
21556 84
21556 252
21556 309
21556 195
21556 10
21556 61
21556 228
21556 356
21556 1
21556 6
21556 149
21556 167
21556 248
21556 270
21556 138
21556 209
21556 257
21556 303
21556 172
21556 201
21556 324
21556 72
21556 103
21556 304
21556 339
21731 91
21731 11
21731 68
21731 37
21731 43
21731 81
21731 82
21731 96
21731 20
21731 46
21731 79
21731 93
21731 104
21731 30
21731 28
21731 54
21731 90
21731 7
21731 33
21731 35
21731 67
21731 73
21731 94
21731 76
21731 86
21731 32
21731 77
21432 52
21432 68
21432 75
21432 2
21432 36
21432 66
21432 6
21432 76
21432 79
21432 41
21432 71
21432 90
21432 10
21432 44
21432 3
21432 35
21432 56
21432 78
21432 22
21432 27
21432 29
21432 77
21432 92
21432 65
21432 67
21432 30
21432 69
21432 80
21432 33
21432 34
21432 61
22003 0
22003 16
22003 51
22003 54
22003 68
22003 50
22003 24
22003 46
22003 30
22003 34
22003 73
22003 4
22003 47
22003 79
22003 63
22003 7
22003 26
22003 57
22003 75
22003 59
22003 74
22003 49
22003 23
22003 86
22003 25
22003 11
22003 12
22003 52
22003 40
22003 1
21962 96
21962 268
21962 210
21962 0
21962 115
21962 150
21962 126
21962 38
21962 97
21962 82
21962 25
21962 73
21962 179
21962 223
21962 247
21962 6
21962 64
21962 145
21962 81
21962 80
21962 273
21962 100
21962 262
21962 209
21962 222
21962 219
21962 15
21962 272
21962 23
21962 236
21962 281
21962 191
21962 138
21962 171
21962 51
21962 158
21962 10
21962 114
21962 165
21962 67
21962 60
21962 193
21962 105
21962 20
21962 226
21962 248
21962 11
21962 167
21962 130
21962 71
21962 48
21962 109
21962 44
21962 134
21962 249
21962 270
21962 250
21962 68
21962 194
21962 85
21962 30
21962 220
21962 288
21962 160
21962 227
21962 1
21962 232
21962 177
21962 225
21962 149
21962 79
21962 203
21962 4
21962 33
21962 46
21962 131
21962 154
21962 233
21962 83
21962 243
21962 47
21962 12
21962 122
21962 155
21962 112
21962 144
21962 55
21962 221
21962 95
21962 103
21612 14
21612 55
21612 75
21612 6
21612 19
21612 67
21612 87
21612 16
21612 91
21612 52
21612 15
21612 44
21612 3
21612 17
21612 53
21612 11
21612 2
21612 4
21612 9
21612 30
21612 38
21612 26
21612 27
21612 85
22143 70
22143 88
22143 45
22143 80
22143 34
22143 40
22143 91
22143 68
22143 96
22143 21
22143 99
22143 72
21895 79
21895 168
21895 113
21895 19
21895 443
21895 105
21895 248
21895 260
21895 244
21895 508
21895 559
21895 222
21895 108
21895 427
21895 233
21895 554
21895 194
21895 117
21895 109
21895 130
21895 12
21895 74
21895 207
21895 272
21895 504
21895 132
21895 40
21895 230
21895 478
21895 51
21895 150
21895 406
21895 263
21895 18
21895 33
21895 111
21895 322
21895 92
21895 201
21895 84
21895 80
21895 10
21895 241
21895 552
21895 66
21895 55
21895 103
21895 122
21895 106
21895 400
21895 88
21642 12
21642 53
21642 86
21642 44
21642 59
21642 91
21642 9
21642 42
21642 48
21642 109
21642 81
21642 84
21642 64
21642 69
21642 15
21642 80
21642 82
21770 46
21770 8
21770 11
21770 47
21770 21
21770 7
21770 23
21770 34
21770 27
21770 15
21770 6
21770 38
21770 35
21770 44
21770 50
21770 18
21770 37
21770 1
21770 56
21770 12
21770 49
21770 2
21770 19
21770 43
21770 10
21652 62
21652 82
21705 38
21705 112
21951 72
21951 120
21951 96
21951 114
21446 5
21446 64
21446 69
21446 101
21446 127
21446 14
21446 46
21446 82
21446 110
21446 80
21446 109
21446 4
21446 47
21446 0
21446 23
21446 55
21446 67
21446 28
21446 43
21446 76
21446 115
21446 131
21446 113
21446 117
21446 120
21446 68
21446 112
21446 51
21446 121
21446 29
21446 49
21446 116
21446 123
21446 61
21446 63
21446 90
21446 41
21446 96
21446 16
21446 58
21446 134
21446 40
21446 79
21446 30
21446 126
21446 60
21547 40
21547 14
21547 29
21547 8
21547 9
21547 45
21547 46
21933 2
21933 49
21933 102
21933 29
21933 97
21933 11
21933 50
21933 34
21933 8
21933 112
21933 120
21933 129
21933 22
21933 45
21933 51
21933 52
21933 136
21933 36
21933 25
21933 44
21933 64
21933 79
21933 144
21933 124
21933 89
21933 92
21933 57
21933 147
21933 125
21933 69
21933 110
21933 109
21933 111
21933 61
21933 115
21933 108
21933 74
21933 71
21933 14
21933 4
21933 121
21933 94
21933 53
21933 28
21933 13
21933 24
21933 21
21933 26
21933 117
21933 148
21933 114
21620 57
21620 8
21620 22
21620 63
21620 48
21620 60
21620 25
21620 55
21620 16
21947 43
21947 71
21947 101
21947 75
21947 89
21947 17
21947 51
21947 1
21947 87
21947 32
21947 103
21947 7
21947 90
21947 37
21947 41
21947 44
21947 68
21947 92
22028 64
22028 50
21546 9
21546 29
21546 4
21546 15
21546 11
21532 5
21532 24
21532 11
21532 31
21532 10
21532 19
21532 25
21532 27
21532 29
21508 32
21508 49
21508 97
21508 0
21508 7
21508 15
21508 22
21508 108
21508 91
21508 75
21508 94
21440 41
21440 44
21440 51
21440 60
21440 110
21440 15
21440 21
21440 5
21440 42
21440 47
21440 83
21440 94
21440 57
21440 61
21440 74
21440 100
21440 134
21440 2
21440 68
21440 69
21440 87
21440 112
21586 7
21586 6
22048 24
22048 20
22048 22
22048 1
22048 6
22048 4
22048 2
22048 5
22048 19
22048 23
22048 12
22048 16
21827 7
21827 76
21827 29
21827 44
21827 61
21827 82
21827 37
21827 70
21827 96
21827 12
21827 71
21827 58
21827 5
21827 30
21827 92
21827 1
21827 102
22193 24
22193 8
22193 5
22193 6
22193 1
22193 12
22187 272
22187 95
22187 78
22187 112
22187 226
22187 150
22187 86
22187 106
22187 137
22187 188
22187 141
21929 14
21929 20
21929 85
21929 106
21929 44
21929 73
21929 86
21929 82
21929 65
21929 18
21929 97
21929 39
21929 105
21929 47
21929 104
21929 28
22259 24
22259 57
21625 46
21625 26
21625 27
21625 21
21625 52
21625 64
21625 2
21625 25
21625 36
21625 0
21421 16
21518 44
21518 46
21518 25
21518 13
21518 8
21518 36
22136 15
22136 28
22136 50
22136 19
22136 16
22136 32
22136 8
22136 53
21822 29
21822 77
21822 183
21822 194
21822 228
21822 42
21822 105
21822 167
21822 198
21822 229
21822 32
21822 80
21822 143
21822 158
21822 49
21822 146
21822 178
21822 187
21822 218
21822 123
21822 13
21822 41
21822 90
21822 172
21822 192
21822 81
21822 88
21822 113
21822 203
21822 43
21822 119
21822 70
21822 98
21822 117
21822 166
21822 196
21822 36
21822 50
21822 89
21822 175
21822 206
21822 150
21822 144
21822 208
21822 54
21822 161
21822 180
21822 53
21822 82
21822 106
21822 122
21822 202
21822 226
21822 1
21822 131
21822 38
21822 40
21822 73
21822 170
22245 6
22245 11
21502 1
21502 13
21502 7
21502 82
21502 96
21502 83
21502 25
21502 78
21502 99
21502 102
21502 95
21502 30
21502 52
21893 106
21893 76
21893 15
21893 45
21893 95
21893 111
21893 121
21893 2
21893 0
21893 73
21893 78
21893 66
21893 119
21893 124
21893 65
21893 105
21893 57
21893 51
21893 17
21893 60
21893 26
21893 131
21893 109
21893 48
21893 25
21893 102
21893 27
21893 29
21893 30
21893 53
21893 74
21893 5
21893 130
21893 118
21893 55
21893 8
21893 33
21893 128
21893 28
21893 21
21893 123
21893 32
21893 42
21893 39
21893 86
21893 6
21893 93
21893 89
21893 115
21893 54
21893 129
21893 113
21893 64
21893 96
21893 44
21893 75
21893 91
21893 62
21893 63
21893 77
22184 18
22184 61
22184 13
22184 57
22184 48
22184 5
22184 0
22184 47
21882 61
21882 28
21882 62
21882 25
22134 4
22134 56
22134 93
22134 15
22134 14
22134 71
22134 24
22134 68
22134 86
22134 8
21594 11
21594 13
21594 1
21449 16
21449 1
21449 4
21449 19
21449 22
21449 10
21449 0
21449 12
21449 5
21449 13
21449 15
21958 26
21958 43
21958 69
21958 19
21958 49
21958 73
21905 1
21905 5
22167 126
22167 118
22167 11
22167 86
22167 93
22167 26
22167 18
22167 13
22167 5
22167 84
22167 114
22167 115
22167 101
22167 67
21785 53
22185 94
22185 53
22185 122
22185 37
22185 65
22185 85
22185 111
22185 69
22185 22
22185 47
22185 24
22185 15
22185 86
22185 143
22185 45
22185 131
22185 132
21939 176
21939 240
21939 249
21939 19
21939 27
21939 220
21939 122
21939 143
21939 253
21939 165
21939 210
21939 155
21939 129
21939 203
21939 200
21939 105
21939 225
21939 13
21939 87
21939 150
21939 132
21939 260
21939 236
21939 61
21939 15
21939 272
21939 1
21939 268
21939 99
21939 53
21939 235
21939 135
21939 48
21939 153
21939 258
21939 144
21939 28
21939 278
21939 3
22081 31
22081 50
22081 38
22081 61
22081 55
22081 36
22081 21
22081 1
22081 56
22106 91
22106 79
22106 124
22106 19
22106 2
22106 123
22106 55
22106 81
22106 17
22106 69
22106 10
22106 1
22106 85
22106 7
22106 98
22106 37
21546 28
21546 25
21546 7
21546 27
21546 8
21546 36
21897 20
21897 28
21897 29
21897 7
21897 6
21897 11
22211 22
22211 6
22211 71
22211 17
22257 48
22257 15
22257 263
22257 240
22257 109
22257 94
22257 41
22257 55
22257 13
22257 37
22257 201
22257 316
22257 44
22257 245
22257 262
22257 286
22257 175
22257 280
22257 32
22257 278
22257 274
22257 86
22257 151
22257 156
22257 19
22257 21
22257 253
22257 1
22257 108
22257 230
22257 117
22257 83
22257 25
22257 174
22257 142
22257 298
22257 134
22257 60
22257 129
22257 186
22257 191
22257 210
22257 242
22257 99
22257 282
22257 287
22257 72
22257 143
22257 221
22257 107
22257 223
22257 103
22257 59
22257 305
22257 89
22257 170
22257 164
22257 276
22257 64
22257 190
22257 119
21600 18
21600 71
21600 24
21600 7
21600 47
21600 56
21600 3
21600 13
21600 17
21600 22
21600 41
21600 35
21600 64
21600 59
21600 16
21600 23
21600 61
21600 42
21600 50
21607 0
21607 43
21607 28
21607 29
21620 18
21620 33
21620 34
21620 54
21620 65
21620 64
21620 39
21620 51
21620 24
21620 42
21754 1
22179 8
22179 7
22179 12
22179 13
22179 4
21421 10
21421 0
21421 15
21421 11
21421 21
21933 46
21933 87
21933 6
21933 43
21933 59
21933 9
21933 65
22112 233
22112 252
22112 235
22112 66
22112 178
22112 248
22112 132
22112 245
22112 115
22112 186
22112 9
22112 274
22112 201
22112 280
22112 68
22112 118
22112 302
22112 168
22112 51
22112 209
22112 263
22112 126
22112 170
22112 244
22112 277
22112 166
22112 285
22112 106
22112 227
22112 116
22112 67
22112 57
22112 258
22112 88
22112 154
22112 152
22112 230
22112 135
22112 91
22112 189
22112 147
22112 257
22112 236
22112 120
22112 138
22112 102
22112 27
22112 62
22112 158
22112 99
22112 13
22112 72
22112 40
22112 293
22112 272
22112 295
22112 42
22112 239
22112 173
22112 130
22112 95
22112 65
22112 117
22112 188
22112 93
22112 63
22112 125
22112 297
22112 2
22112 145
22112 300
22112 296
22112 83
22112 182
22112 24
22112 203
22112 41
22112 223
22112 110
22112 157
22112 251
22112 204
22112 129
22112 50
22112 134
22112 303
22112 131
22112 29
22112 207
22112 184
22112 64
22112 12
22112 231
22112 206
22112 52
22112 281
22112 37
22112 196
22112 167
21614 4
21614 5
21614 32
21614 6
21614 57
21614 58
21614 70
21614 47
21614 56
21614 74
21614 2
21614 0
21614 3
21614 76
21614 102
21614 34
21614 99
21614 63
21614 98
21614 54
21614 65
21614 84
21614 110
21614 11
21614 79
21614 9
21614 73
21614 132
21614 144
21614 10
21614 24
21614 67
21614 119
21614 64
21614 37
21614 91
21614 40
21614 72
21614 7
21614 33
21614 116
21614 12
21614 86
22023 222
22023 24
22023 154
22023 350
22023 220
22023 82
22023 202
22023 188
22023 46
22023 360
22023 74
22023 262
22023 172
22023 286
22023 299
22023 27
22023 216
22023 10
22023 76
22023 327
22023 78
22023 39
22023 107
22023 122
22023 182
22023 347
22023 61
22023 348
22023 192
22023 34
22023 272
22023 33
22023 187
22023 325
22023 277
22023 261
22023 242
22023 37
22023 106
22023 91
22023 97
22023 339
22023 58
22023 50
22023 14
22023 289
22023 214
22023 5
22023 351
22023 250
22023 361
22023 95
22023 288
22023 94
22023 249
22023 215
22023 129
22023 163
22023 128
22023 189
22023 260
22023 120
22023 217
22023 59
22023 197
22023 30
22023 321
22023 38
22023 121
22023 274
22023 31
22023 143
22023 267
22023 247
22023 248
22023 368
22023 85
22023 133
22023 317
22023 265
22023 323
22023 336
22023 119
22023 308
22023 264
22023 66
22023 45
22023 266
22023 160
22023 297
22023 252
22023 132
22023 196
22023 178
22023 32
22023 281
22023 212
22023 159
22023 205
22023 315
22023 241
22023 352
22023 314
22023 346
22023 298
22023 186
22023 259
22023 127
22023 276
22023 231
22023 324
22023 256
22023 365
22023 313
22023 359
22023 183
22023 226
22023 278
22023 169
22023 110
22023 98
22023 168
22023 83
22023 179
21538 33
21538 45
21538 57
21538 151
21538 16
21538 26
21538 142
21538 15
21538 177
21538 29
21538 51
21538 69
21538 172
21538 34
21538 77
21538 165
21538 68
21538 90
21538 134
21538 169
21538 180
21538 43
21538 73
21538 161
21538 170
21538 59
22116 3
21498 72
21498 31
21498 48
21498 87
21498 112
21498 13
21498 0
21498 16
21498 98
21498 114
21498 21
21498 22
21498 57
21498 59
21498 107
21498 56
21498 73
21498 91
21498 103
21498 118
21498 1
21498 2
21498 58
21498 67
21498 119
21498 81
21498 5
21498 89
21498 93
21974 290
21974 306
21974 117
21974 58
21974 12
21974 335
21974 157
21974 353
21974 200
21974 3
21974 135
21974 511
21974 319
21974 228
21974 64
21974 407
21974 416
21974 216
21974 268
21974 265
21974 457
21974 360
21974 516
21974 460
21974 343
21974 526
21800 8
21800 13
21923 37
21923 127
21923 174
21923 13
21923 48
21923 98
21923 162
21923 86
21923 87
21923 130
21923 119
21923 58
21923 164
21923 163
21923 180
21923 176
21923 190
21923 144
21923 94
21923 10
21923 71
21923 89
21923 138
21923 56
21923 193
21923 29
21923 78
21923 28
21923 186
21923 50
21923 165
21923 115
21923 31
21923 38
21923 96
21923 2
21923 59
21923 147
21923 95
21923 33
21923 47
21923 137
21923 177
21923 132
21923 103
21923 171
21923 173
21923 145
21923 75
21923 118
21923 14
21923 105
21923 39
21923 53
21923 32
21923 83
21923 22
21923 128
21923 151
21923 42
21923 108
21923 91
21923 101
21923 153
21923 79
21923 3
21923 152
21923 44
22197 16
22197 20
22197 22
22197 29
22197 23
22197 25
22197 2
22197 9
22197 13
22070 18
22070 21
22070 12
22070 10
22070 11
22070 24
22070 34
22070 2
22070 35
22070 30
22070 20
22070 31
22041 25
22041 35
22041 19
22041 18
22041 0
22041 24
21738 62
21738 30
21738 58
21738 9
21738 45
21738 44
21738 84
21738 98
21738 25
21738 47
21738 100
21738 51
21738 87
21738 93
21738 40
21738 102
21640 14
21640 28
21640 34
21640 57
21640 50
21640 5
21640 23
21640 24
21640 38
21640 18
21640 62
21640 9
22117 126
22117 167
22117 153
22117 37
22117 154
22117 85
22117 58
22117 32
22117 45
22117 9
22117 125
22117 138
22117 155
22117 59
22117 165
22117 169
22117 70
22117 61
22117 120
22117 13
22117 28
22117 56
22117 50
22117 82
22117 157
22117 133
22117 113
22117 10
22117 7
22117 136
22117 57
22117 93
22117 47
22117 63
22117 148
22117 135
22117 131
22117 116
22117 101
22117 78
22117 72
22117 168
22117 88
22117 21
22117 69
22117 62
22117 36
22117 118
22117 91
22117 44
22117 105
22117 73
22117 77
22117 144
22117 166
22117 48
22117 152
22117 164
22117 18
22117 147
21881 156
21881 101
21881 69
21881 212
21881 133
21881 238
21881 6
21881 19
21881 50
21881 125
21881 49
21881 209
21881 5
21881 115
21881 2
21881 192
21881 231
21881 60
21881 86
21881 240
21881 154
21881 107
21881 214
21881 130
21881 217
21881 253
21881 45
21881 99
21881 144
21881 235
21881 36
21881 195
21881 73
21881 194
21881 225
21881 168
22202 13
22202 5
22202 6
22066 39
22066 0
22066 26
22066 31
22066 13
22066 9
22066 5
22066 30
22066 10
22066 18
22066 12
22066 36
22066 32
22066 34
22137 33
22137 49
22137 36
22137 24
22137 39
22137 22
22137 17
22137 30
22137 4
22137 5
22137 41
22137 26
22137 46
22137 8
22137 43
22137 34
22137 32
22137 45
22137 20
22051 51
22051 17
22051 30
22051 12
22051 14
22051 29
22051 15
22143 8
22143 26
22143 43
22143 7
22143 97
22143 16
22143 73
22143 11
22143 14
22143 38
22143 10
22143 46
22143 82
21949 5
21622 57
21622 35
21622 83
21622 121
21622 39
21622 5
21622 91
21857 1
21857 28
21857 32
21857 46
21857 59
21857 17
21857 129
21857 35
21857 147
21987 148
21987 150
21987 229
21987 123
21987 241
21987 204
21987 88
21987 106
21987 250
21987 93
21987 152
21987 65
21987 112
21987 118
21987 70
21987 214
21987 252
21987 226
21987 26
21987 174
21987 110
21987 99
21987 184
21987 248
21987 57
21987 128
21987 83
21987 85
21987 29
21987 264
21987 167
21987 195
21987 121
21987 100
21987 78
21987 190
21987 247
21987 141
21987 2
21987 206
21987 239
21987 103
21987 68
21987 113
21987 180
21987 193
21754 12
21754 13
21754 8
21754 6
21754 11
21754 5
21754 0
21631 110
21631 90
21631 137
21631 92
21631 20
21631 48
21631 141
21631 109
21631 3
21631 4
21631 5
21631 36
21631 2
21631 93
21631 125
21631 51
21631 122
21631 145
21631 108
21631 69
22020 88
22020 126
22020 150
22020 181
22020 0
22020 59
22020 12
22020 103
22020 75
22020 60
22020 32
22020 44
22020 120
22020 58
22020 185
22020 169
22020 170
22020 16
22020 80
22020 140
22020 57
22020 55
22020 50
22020 7
22020 167
22020 24
22020 33
22020 85
22020 132
22020 159
22020 168
22020 5
22020 175
22020 124
22020 173
22020 29
22020 17
22020 102
22020 178
22020 163
22020 45
22020 177
22020 71
22020 105
22020 143
22020 106
22020 139
22020 68
22020 174
22020 93
22020 183
22020 95
22020 52
22020 155
22020 9
22020 146
22020 110
22020 115
21518 18
21518 27
21518 45
21518 10
21518 19
21518 11
21518 0
21518 30
21518 15
21518 22
21518 28
21518 33
21518 40
21518 20
21581 57
21581 34
21581 10
21581 31
21581 61
21581 30
21581 59
21505 138
21505 16
21505 28
21505 68
21505 97
21505 136
21505 43
21505 86
21505 94
21505 164
21505 175
21505 188
21480 36
21480 127
21480 159
21480 99
21480 101
21480 109
21480 146
21480 176
21480 160
21480 194
21480 198
22115 132
22115 0
22115 107
22115 24
22115 35
22115 31
22115 23
22115 104
22115 12
22115 85
22115 88
22115 75
22115 81
21651 5
21651 77
21651 88
21651 15
21651 76
21651 17
21651 6
21651 13
21651 43
21651 46
21651 66
21651 87
21729 0
21729 40
21729 206
21855 25
21855 33
21855 37
21855 53
21855 76
21855 87
21855 115
21855 118
21855 67
21855 126
21855 65
21855 75
21855 92
21855 119
21855 124
21855 69
21855 46
21855 56
21855 66
21855 105
21855 121
21589 14
21589 31
21589 39
21589 40
21589 24
21589 29
21589 43
21589 30
21589 1
21589 28
21589 36
21589 13
21589 20
21589 6
21589 23
21589 16
21589 15
21589 35
21589 48
21778 32
21778 37
21778 0
21778 35
21778 65
21778 72
21778 8
21778 102
21778 104
21778 23
21778 24
21778 89
21778 25
21778 70
21778 1
21778 3
21778 49
21778 112
21778 6
21778 44
21778 108
21778 68
21778 110
21778 51
21621 33
21621 20
21621 14
21621 27
21621 22
21621 28
22033 5
22033 11
22033 32
21540 1
21540 6
21540 9
21459 50
21459 94
21459 104
21459 27
21459 49
21459 89
21459 18
21459 24
21459 98
21459 6
21459 84
21459 101
21459 78
21459 26
21459 46
22079 21
22079 1
22079 29
22079 44
22079 7
22079 41
22079 0
22079 56
22079 25
21909 25
21909 50
21909 18
21909 40
21909 65
21909 54
21909 53
21909 71
21909 45
21909 24
21702 169
21702 64
21702 111
21702 122
21702 123
21702 163
21702 98
21702 106
21702 150
21702 114
21702 92
21702 84
21702 128
21702 131
21702 132
21702 34
21702 73
21702 1
21702 72
21702 121
21702 137
21702 77
21702 89
21702 136
21702 134
21702 94
21702 100
21702 157
21702 24
21702 7
21702 38
21702 42
21702 66
21702 108
21702 156
21702 87
21702 32
21702 33
21702 52
21702 59
21702 118
21702 166
21702 103
21702 142
21702 148
21702 152
21702 162
21702 112
21702 110
21702 0
21702 78
21702 79
21702 86
21702 107
21702 133
21702 141
21702 143
21702 151
21702 55
21702 8
21702 120
21702 155
21702 13
21702 41
21702 160
21702 158
21702 25
21702 26
21702 71
21702 90
21702 105
21702 16
21702 44
21702 62
21702 36
21702 48
21702 54
21702 74
21702 80
21702 102
21702 95
21702 81
21937 6
21937 25
21937 33
21937 29
21937 21
21937 23
21937 11
21937 32
21937 28
21937 34
21937 5
21937 13
21937 35
22185 118
22185 25
22185 89
22185 0
22185 12
22185 64
22185 81
22185 137
22185 5
22185 62
22185 58
22185 126
22185 133
22185 139
22185 125
22185 1
22185 105
22185 60
22185 127
22185 28
22185 13
22185 42
22048 3
22048 15
22048 18
21787 46
21787 162
21787 252
21787 259
21787 11
21787 187
21787 253
21787 38
21787 244
21787 0
21787 199
21787 206
21787 35
21787 14
21787 49
21787 88
21787 106
21787 112
21787 223
21787 52
21787 131
21787 226
21787 97
21787 125
21787 145
21787 85
21787 29
21787 34
21787 42
21787 130
21787 136
21787 159
21787 201
22110 31
22110 27
22110 2
22110 3
22110 45
22110 8
22110 28
22110 11
22110 14
22110 49
22110 24
22110 0
22110 12
21942 4
21942 3
21942 9
21850 126
21850 40
21850 57
21850 77
21850 85
21850 93
21850 33
21850 34
21850 55
21850 65
21850 103
21850 61
21850 31
21850 39
21850 92
21850 106
21850 120
21850 2
21850 81
21850 110
21850 117
21850 122
21850 29
21850 37
21850 53
21850 76
21850 89
21850 11
21850 10
21850 68
21850 86
21850 91
21850 105
21850 109
21850 49
21850 83
21850 115
21850 84
21850 102
21850 113
21850 116
21850 19
21850 124
21850 94
21850 0
21850 64
21850 4
21850 15
21850 123
21850 5
21850 52
21850 14
21850 24
21850 32
21850 16
21850 26
21850 27
21850 9
21850 21
22042 90
22042 53
22042 95
22042 363
22042 9
22042 408
22042 230
22042 36
22042 218
22042 303
22042 310
22042 137
22042 309
22042 395
22042 314
22042 142
22042 125
22042 143
22042 168
22042 263
22042 374
22042 212
22042 146
22042 1
22042 193
22042 5
22042 316
22042 375
22042 305
22042 56
22042 4
22042 82
22042 91
22042 7
22042 323
22042 77
22042 373
22042 194
22042 24
22042 311
22042 268
22042 325
22042 396
22042 239
22042 349
22042 23
22042 32
22042 345
22042 275
22042 224
22042 177
22042 158
22042 213
22042 21
22042 174
22042 400
22042 217
22042 119
22042 123
22211 65
22211 9
22211 75
22211 25
22211 46
22211 37
22211 36
22211 50
22164 2
22006 31
22006 2
22006 24
22006 33
22006 19
22006 4
22006 26
22006 12
22006 36
22006 8
22006 20
22006 28
21665 2
21665 105
21665 79
21665 94
21665 126
21665 154
21665 1
21665 21
21665 73
21665 162
21665 93
21665 11
21665 88
21614 62
21614 122
21614 131
21614 8
21614 39
21614 90
21614 111
21614 123
21530 151
21530 22
21530 34
21530 54
21530 185
21530 19
21530 78
21530 88
21530 89
21530 28
21530 47
21530 76
21530 96
21982 409
21982 537
21982 217
21982 433
21982 229
21982 316
21982 121
21982 73
21982 298
21982 421
21982 538
21982 76
21982 191
21982 479
21982 5
21982 28
21982 252
21982 525
21982 340
21982 202
21982 185
21982 374
21982 420
21982 86
21982 244
21982 444
21982 34
21982 145
21982 434
21982 125
21982 45
21982 120
21982 513
21982 468
21982 313
21982 515
21982 144
21982 218
21982 485
21982 21
21982 48
21982 136
21982 220
21982 128
21982 259
21982 545
21982 391
21982 184
21982 39
21982 267
21982 70
21982 20
21982 432
21982 361
21982 357
21982 32
21982 3
21982 326
21982 12
21982 276
21982 356
21982 360
21982 106
21982 427
21982 370
21982 478
21982 428
21982 500
21982 405
21982 519
21982 75
21982 211
21982 71
21982 359
21982 156
21982 504
21982 380
21982 31
21982 49
21982 442
21982 199
21982 373
21982 490
21982 363
21982 30
21982 270
21982 236
21982 42
21982 100
21982 203
21982 266
22176 34
22176 46
22176 83
22176 73
22176 60
22176 32
22176 118
22176 12
22176 85
22176 39
22176 16
22176 51
22176 6
22176 56
22176 125
22176 124
22176 1
22176 123
22176 45
22176 76
22176 146
22176 67
22176 77
22176 41
22176 8
22179 5
21692 38
21692 60
21692 102
21692 174
21692 30
21692 126
21692 127
21692 208
21692 221
21692 51
21692 24
21692 33
21692 48
21692 210
21692 79
21692 168
21692 186
21692 43
21692 225
21692 230
21692 191
21692 6
21692 70
21692 129
21692 223
21692 106
21692 124
21692 172
21692 217
21692 2
21692 13
21692 47
21692 92
21692 192
21617 13
21617 1
21617 12
21617 7
21436 59
21436 28
21436 72
21436 5
21436 10
21436 62
21436 77
21436 25
21436 40
21436 52
21436 65
21436 102
21436 100
21436 29
21436 89
21436 12
21436 83
21436 31
22105 14
22105 301
22105 73
22105 250
22105 101
22105 263
22105 115
22105 180
22105 84
22105 145
22105 149
22105 243
22105 45
22105 89
22105 82
22105 234
22105 253
22105 170
22105 216
22105 35
22105 6
22105 133
22105 120
22105 116
22105 18
22105 144
22105 58
22105 275
22105 255
22105 119
22105 177
22105 72
22105 26
22105 271
22105 134
22105 182
22105 61
22105 164
22105 97
22105 156
22105 80
22105 33
22105 95
22105 93
22105 74
22105 292
22105 153
22105 280
22105 11
22105 67
22105 100
22105 0
22105 86
22105 99
22105 28
22105 259
22105 196
22105 160
22105 157
22105 57
22105 4
22105 222
22105 202
22105 112
22105 257
22105 258
22105 266
22105 221
22105 114
22105 219
22105 102
22105 176
22105 195
22105 294
22105 229
22105 236
22105 31
22105 105
22105 118
22105 121
22105 98
22105 289
22105 38
22105 94
22105 207
22105 262
22105 192
22105 223
22105 179
22105 76
22105 220
22105 269
22105 103
22105 140
22105 165
22105 17
22105 278
22105 91
22105 5
22105 137
22105 104
22105 10
21773 52
21773 83
21773 35
21773 19
21773 12
21773 20
21773 77
21773 106
21773 122
21773 45
21773 123
21773 89
21773 3
21773 70
21773 107
21773 121
21773 125
21773 105
21773 91
21773 66
21773 75
21773 84
21773 95
21773 111
21773 47
21773 54
22086 117
22086 514
22086 194
22086 532
22086 560
22086 21
22086 371
22086 179
22086 291
22086 359
22086 392
22086 266
22086 420
22086 302
22086 336
22086 32
22086 8
22086 252
22086 200
22086 387
22086 23
22086 119
22086 130
22086 3
22086 482
22086 237
22086 75
22086 93
22086 337
22086 519
22086 208
22086 523
22086 537
22086 52
22086 543
22086 275
22086 566
22086 170
22086 547
22086 407
22086 249
22086 557
22086 544
22086 192
22086 250
22086 400
22086 204
22086 278
22086 99
22086 12
22086 518
22086 214
22086 124
22086 211
22086 353
22086 349
22086 26
22086 180
22086 393
22086 13
22086 550
22086 322
22086 293
22086 201
22086 511
22086 538
22086 164
22086 74
22086 54
22086 436
22086 97
22086 280
22086 405
22086 148
22086 199
22086 506
22086 248
22086 454
22086 423
22086 324
22086 404
22086 378
22086 321
22086 188
22086 323
22086 318
22086 233
22086 123
22086 6
22086 62
22086 325
22086 222
22086 282
22086 19
22086 458
21735 10
21735 25
21735 88
21735 207
21735 268
21735 297
21735 347
21735 101
21735 382
21735 307
21735 102
21735 219
21735 227
21735 319
21735 376
21735 235
21735 148
21735 272
21735 91
21735 300
21735 315
21735 333
21735 225
21735 202
21735 291
21735 74
21735 128
21735 280
21735 292
21735 324
21735 345
21735 254
21735 230
21735 234
21735 253
21735 364
21735 169
21735 183
21735 247
21735 286
21735 389
21735 90
21735 149
21735 151
21735 355
21735 383
21735 350
21735 115
21735 182
21735 244
21735 259
21735 327
21735 375
21735 167
21735 273
21735 283
21735 340
21735 368
21735 185
21735 209
21735 334
21735 357
21735 147
21735 186
21735 252
21735 330
21735 379
21735 19
21735 62
21735 68
21735 77
21735 78
21735 138
21735 188
21735 197
21735 210
21735 281
21735 354
21735 85
21735 50
21735 86
21735 126
21735 211
21735 385
21735 125
21735 176
21735 311
21735 384
21735 189
21735 194
21735 212
21735 246
21735 295
21735 346
21735 37
21735 39
21735 41
21735 67
21735 99
21524 16
21524 11
21524 20
21524 39
21524 46
21524 24
21524 44
21524 30
21524 12
21524 36
21524 38
21524 3
21524 10
21524 42
21524 15
21524 2
21524 19
21524 5
21524 43
21524 21
21524 26
21524 17
21524 22
21524 0
21524 13
21524 29
21524 47
21524 33
21786 118
21786 158
21786 41
21786 46
21786 58
21786 77
21786 90
21786 102
21786 175
21786 230
21786 277
21786 117
21786 203
21786 254
21786 261
21786 268
21786 84
21786 111
21786 115
21786 121
21786 126
21786 151
21786 25
21786 42
21786 50
21786 52
21786 53
21786 83
21786 103
21786 139
21786 244
21786 252
21786 180
21786 105
21786 162
21786 225
21786 276
21786 294
21786 269
21786 221
21786 97
21786 186
21786 235
21786 278
21786 281
21786 293
21996 31
21996 38
21996 90
21996 61
21996 139
21996 51
21996 56
21996 47
21996 87
21996 100
21996 45
21996 128
21996 104
21996 147
21996 141
21996 37
21996 135
21996 16
21996 119
21996 68
21996 101
21996 4
21996 109
21996 2
21996 91
21996 14
21996 130
21996 54
21996 62
21996 74
21996 133
21996 71
21996 107
21996 29
21996 137
21996 11
21996 89
21996 138
21996 59
21996 28
21996 24
21996 80
21996 69
21996 20
21996 65
21996 44
21996 26
21996 30
21996 106
21996 86
21996 58
21996 17
21996 21
21996 43
21996 96
21839 15
21839 30
21839 24
21839 13
21916 121
21916 399
21916 208
21916 403
21916 181
21916 423
21916 442
21916 104
21916 105
21916 432
21916 42
21916 67
21916 203
21916 144
21916 466
21916 401
21916 418
21916 281
21916 27
21916 61
21916 154
21916 332
21916 261
21916 124
21916 391
21916 97
21916 164
21916 454
21916 265
21916 56
21916 222
21916 459
21916 13
21916 44
21916 263
21916 53
21916 322
21916 437
21916 4
21916 137
21916 348
21916 21
21916 72
21916 252
21916 293
21916 320
21916 461
21916 36
21916 302
21916 441
21916 233
21916 7
21916 241
21916 204
21916 333
21916 40
21916 65
21916 249
21916 410
21916 82
21916 224
21916 2
21916 408
21916 23
21916 157
21916 178
21916 422
21916 132
21916 45
21916 343
21916 192
21916 269
21916 366
21916 112
21625 29
22127 0
22127 2
22127 11
22127 10
22127 7
22190 5
22002 348
22002 467
22002 40
22002 269
22002 29
22002 326
22002 154
22002 206
22002 231
22002 507
22002 368
22002 313
22002 401
22002 5
22002 334
22002 393
22002 93
22002 244
22002 212
22002 113
22002 513
22002 321
22002 438
22002 51
22002 385
22002 352
22002 511
22002 448
22002 259
22002 243
22002 295
22002 80
22002 287
22002 440
22002 55
22002 122
22002 361
22002 236
22002 172
22002 46
22002 147
22002 413
22002 139
22002 182
22002 250
22002 65
22002 299
22002 341
22002 76
22002 120
22002 124
22002 323
22002 305
22002 459
22002 291
22002 248
22002 453
22002 268
22002 42
22002 439
22002 486
22002 397
22002 329
22002 142
22002 6
22002 95
22002 156
22002 157
22002 382
22002 273
22002 298
22002 442
22002 318
22002 469
22002 500
22002 435
22002 515
22002 285
22002 0
22002 109
22002 13
22002 129
22002 214
22002 426
22002 406
22002 135
22002 363
22002 222
22002 343
22002 138
22002 197
22002 116
22002 266
22002 496
22002 32
22002 190
22002 50
22002 75
22002 131
22002 241
22002 392
22002 432
22002 418
22002 510
22002 119
22002 470
22002 358
22002 16
22002 237
22002 255
22002 39
22002 4
22002 115
22002 200
22002 307
22002 9
22002 303
22002 411
22002 22
22002 170
22002 367
22002 235
22002 331
22002 309
22002 86
22002 374
22002 274
22002 35
22002 61
22002 127
22002 134
22002 71
22002 479
22002 188
22002 73
22002 137
22002 160
22002 41
22002 96
22002 117
22002 166
22002 145
22002 220
22002 278
22002 125
22002 159
22002 308
22002 102
22002 158
22002 175
22002 345
22002 57
22002 67
22002 17
22002 503
22002 488
22002 263
22002 455
22002 357
22002 332
22002 412
22002 63
22002 457
22002 105
22002 306
22002 72
22002 164
22002 425
22002 369
22002 472
22002 8
22002 279
22014 2
22014 56
22014 69
22014 7
22014 53
22014 60
22014 71
22014 37
22014 61
22014 14
22014 45
22014 15
22014 33
22014 31
22014 18
22014 23
22014 16
22014 41
22014 54
22014 30
21526 40
21526 167
21526 206
21526 0
21526 9
21526 14
21526 195
21526 31
21526 71
21526 85
21936 7
21936 71
21936 108
21936 67
21936 30
21936 24
21936 75
21936 3
21936 66
21936 101
21936 61
21936 92
22114 383
22114 13
22114 54
22114 429
22048 25
22048 17
22048 13
21863 3
21863 6
21863 4
22121 15
22121 27
22121 17
22121 20
22121 2
22034 2
22034 13
22034 25
22034 10
22034 4
22034 21
22034 34
22034 14
21833 291
21833 319
21833 453
21833 116
21833 4
21833 207
21833 232
21833 301
21833 1
21833 86
21833 95
21833 469
21833 440
21833 452
21833 203
21833 302
21833 358
21833 293
21833 162
21833 332
21833 54
21833 500
21833 25
21833 50
21833 380
21833 437
21833 109
21833 428
21833 159
21833 445
21833 355
21833 362
21833 45
21833 92
21833 399
21833 13
21833 103
21833 234
21833 258
21833 329
21833 66
21833 496
21833 125
21833 5
21833 185
21833 415
21833 393
21833 51
21833 231
21833 242
21833 253
21833 225
21833 262
21833 267
21833 229
21833 238
21833 239
21833 436
21833 216
21833 285
21833 290
21833 214
21833 263
21833 278
21833 280
21833 212
21833 220
21833 235
21833 27
21833 61
21951 71
21951 64
21951 108
21951 12
21951 83
21951 3
21951 121
21951 57
21951 22
21951 25
21951 123
21951 87
21951 131
21951 109
21735 154
21735 179
21735 314
21735 103
21735 170
21735 175
21735 251
21735 298
21735 136
21735 201
21735 226
21735 338
21735 124
21735 144
21735 245
21735 248
21735 106
21735 237
21735 316
21735 336
21735 214
21735 199
21735 206
21735 255
21735 279
21735 130
21735 216
21735 236
21735 317
21735 329
21735 177
21735 249
21735 326
21735 344
21735 353
21735 380
21735 109
21735 143
21735 200
21735 277
21735 284
21735 12
21735 49
21735 54
21735 56
21735 63
21735 80
21735 140
21735 89
21735 306
21735 374
21735 104
21735 221
21735 266
21735 310
21735 361
21735 174
21735 222
21735 250
21735 299
21735 270
21735 358
21735 218
21735 275
21735 328
21735 278
21735 320
21735 0
21735 6
21735 16
21735 55
21735 129
21735 139
21735 141
21735 187
21735 288
21735 97
21735 142
21735 159
21735 290
21735 171
21735 116
21735 132
21735 243
21735 262
21735 117
21735 258
21735 264
21735 323
21735 92
21735 118
21735 153
21735 332
21735 351
21735 271
21735 322
21735 98
21735 220
21735 241
21735 363
21735 111
21735 152
21735 13
21735 59
21735 76
21716 211
21716 156
21716 209
21716 214
21716 221
21716 242
21716 20
21716 104
21716 115
21716 161
21716 174
21716 68
21716 137
21716 173
21716 47
21716 130
21716 151
21716 175
21716 239
21716 2
21716 143
21716 177
21716 59
21716 136
21716 191
21716 231
21716 55
21716 133
21716 169
21716 179
21716 236
21716 253
21864 24
21864 31
21864 5
21864 16
21864 62
21864 17
21864 26
21864 70
21864 64
21864 37
22050 25
22050 16
22050 22
22050 21
22050 23
22050 7
22050 13
22050 27
22050 4
22050 12
22050 8
22194 0
22194 2
22194 5
21511 16
21511 18
21511 36
21511 59
21511 83
21511 84
21511 95
21511 102
21511 140
21511 31
21511 49
21511 55
21511 80
21511 131
21511 73
21511 123
21511 127
21511 125
21511 19
21511 35
21511 43
21511 54
22088 151
22088 3
22088 82
22088 187
22088 220
22088 211
22088 120
22088 31
22088 129
22088 169
22088 98
22088 138
21932 48
21932 423
21932 485
21932 310
21932 452
21932 314
21932 327
21932 289
21932 435
21932 199
21932 85
21932 245
21932 390
21932 480
21932 357
21932 128
21932 157
21932 475
21932 340
21932 370
21932 298
21932 185
21932 395
21932 66
21932 338
21932 144
21932 497
21932 455
21932 151
21932 145
21932 193
21932 303
21932 255
21932 226
21932 411
21932 250
21932 97
21932 300
21932 224
21932 457
21932 257
21932 313
21932 217
21932 244
21932 324
21932 344
21932 16
21932 375
21932 461
21932 90
21932 412
21932 477
21932 168
21932 47
21932 365
21932 493
21932 55
21932 359
21932 20
21932 231
21932 30
21932 335
21932 2
21932 352
21932 6
21932 142
21932 155
21932 406
21932 275
21932 201
21932 492
21932 386
21932 213
21932 178
21932 253
21932 494
21932 350
21932 424
21932 207
21932 60
21932 280
21932 43
21932 104
21932 469
21932 417
21932 39
21932 384
21932 339
21932 248
21932 464
21932 44
21932 252
21932 171
21932 306
21932 100
21932 285
21932 446
21932 422
21932 214
21932 111
21932 236
21932 383
21932 399
21932 65
21932 392
21932 273
21932 184
21932 305
21932 337
21932 478
21932 24
21932 52
21932 246
21932 326
21932 266
21932 41
21932 109
21932 215
21932 428
21932 427
21932 92
21932 481
21932 380
21932 240
21932 439
21932 161
21932 63
21932 186
21932 302
21932 366
21932 232
21932 432
21932 463
21932 46
21932 158
21932 203
21932 62
21932 333
21932 140
21932 325
21932 56
21932 353
21932 120
21932 180
21932 202
21932 371
21932 362
21932 408
21932 10
21932 444
21932 91
21932 462
21932 448
21932 67
21932 409
21932 331
21932 160
21932 133
21932 216
21932 387
21932 179
21932 363
21932 73
21932 498
21932 156
21932 72
21932 125
21932 468
21932 122
21932 328
21932 118
21932 117
21932 304
21932 26
21932 13
21932 473
21932 425
21932 21
21932 241
21932 127
21932 441
21932 27
21932 443
22063 223
22063 34
22063 377
22063 161
22063 262
22063 391
22063 286
22063 233
22063 422
22063 386
22063 57
22063 502
22063 128
22063 357
22063 336
22063 474
22063 495
22063 292
22063 268
22063 470
22063 398
22063 162
22063 518
22063 131
22063 322
22063 405
22063 290
22063 516
22063 328
22063 444
22063 33
22063 297
22063 524
22063 193
22063 270
22063 548
22063 133
22063 334
22063 40
22063 53
22063 550
22063 190
22063 340
22063 142
22063 31
22063 300
22063 139
22063 107
22063 271
22063 186
22063 164
22063 110
22063 341
22063 197
21803 91
21803 120
21803 174
21803 251
21803 299
21803 142
21803 270
21803 0
21803 22
21803 30
21803 54
21803 72
21803 266
21803 287
21803 296
21803 134
21803 255
21803 275
21803 8
21803 88
21803 90
21803 92
21803 101
21803 148
21803 202
21803 210
21803 221
21803 93
21803 113
21803 117
21803 297
21803 97
21803 155
21803 249
21803 20
21803 25
21803 40
21803 59
21803 138
21803 135
21803 2
21803 87
21803 182
21803 191
21803 13
21803 47
21803 57
21803 69
21803 77
21803 273
21803 108
21803 95
21803 123
21803 37
21803 39
21803 68
21803 70
21803 154
21803 133
21803 147
21803 238
21803 247
21803 264
21803 265
21803 125
21803 205
21803 219
21803 283
21803 284
21803 4
21803 199
21803 214
21803 161
21803 209
21803 259
22014 34
22014 35
22014 6
22014 20
22014 48
22014 50
22014 17
22014 43
22014 3
22014 13
22014 11
22014 63
22014 9
21491 79
21491 18
21491 69
21491 82
21491 97
21491 12
21491 28
21491 78
21491 125
21491 15
21491 45
21491 87
21491 74
21491 32
21491 68
21491 77
21491 86
21491 1
21491 64
21491 92
21491 7
21491 19
21491 49
21491 48
21491 102
21491 119
21491 23
21491 31
21491 93
21491 113
21491 106
21491 108
21491 13
21491 88
21491 94
21491 115
21491 10
21491 65
21491 71
21491 120
21491 25
21491 127
21491 56
21535 30
21535 35
21535 20
21535 28
21535 2
21535 3
21935 59
21935 42
21531 124
21531 57
21531 58
21531 109
21531 138
21531 49
21531 96
21531 108
21531 10
21531 115
21531 151
21531 118
21531 204
21531 235
21531 88
21531 93
21531 129
21531 28
21531 238
21531 35
21531 135
21531 17
21531 27
21531 90
21531 32
21531 107
21531 223
21531 52
21531 38
21531 5
21531 19
21531 176
21531 23
21531 26
21531 146
21531 253
21531 183
21531 9
21531 0
21531 215
21531 2
21531 6
21531 150
21531 189
21531 209
21531 219
21531 193
21531 162
21531 18
21531 91
21531 106
21492 96
21492 46
21492 79
21492 108
21492 33
21492 39
21492 72
21492 102
21492 18
21492 45
21492 101
21731 6
21731 58
21731 66
21731 53
21731 75
21731 12
21731 26
21731 23
21731 55
21731 106
21731 22
21731 41
21731 63
21731 15
21731 34
21731 39
21731 95
21731 97
22127 1
21827 3
21827 27
21827 35
21827 50
21827 78
21827 64
21832 379
21832 231
21832 273
21832 321
21832 56
21832 147
21832 159
21832 194
21832 269
21832 356
21832 410
21832 43
21832 392
21832 109
21832 114
21832 233
21832 289
21832 401
21832 38
21832 92
21832 271
21832 310
21832 330
21832 433
21832 25
21832 101
21832 117
21832 173
21832 238
21832 288
21832 35
21832 27
21832 181
21832 136
21832 4
21832 47
21832 306
21832 355
21926 35
21926 9
21926 26
21926 3
21926 10
21926 14
21926 31
21926 4
21926 25
21926 2
21926 19
21926 32
21926 15
21926 34
21926 6
21926 23
21926 22
21645 4
21645 8
21645 0
21645 3
21645 20
21645 6
21645 2
21438 10
21438 16
21438 0
21438 9
21438 15
21757 135
21757 21
21757 69
21757 76
21757 107
21757 116
21757 156
21757 200
21757 189
21757 32
21757 221
21757 126
21757 193
21757 208
21757 119
21757 35
21757 141
21757 122
21757 190
21757 202
21757 10
21757 175
21757 224
21757 115
21757 188
21757 198
21757 39
21757 64
21757 106
21757 109
21924 16
21924 5
21924 8
21924 26
21924 59
21924 36
21924 2
21924 63
21924 41
21924 24
21924 4
21815 415
21815 424
21815 491
21815 402
21815 177
21815 28
21815 109
21815 176
21815 353
21815 506
21815 355
21815 392
21815 113
21815 286
21815 456
21815 489
21815 547
21815 283
21815 69
21815 167
21815 250
21815 334
21815 345
21815 285
21815 370
21815 204
21815 266
21815 280
21815 288
21815 327
21815 255
21815 493
21815 443
21815 496
21815 484
21815 363
21815 464
21815 452
21815 515
21815 147
21815 231
21815 308
21815 324
21815 354
21815 137
21815 172
21815 195
21815 320
21815 336
21815 75
21815 131
21815 141
21815 154
21815 365
21815 433
21815 445
21815 459
21815 482
21815 532
21815 99
21815 276
21815 380
21815 48
21815 196
21815 442
21815 203
21815 390
21815 457
21815 25
21815 74
21815 218
21815 477
21815 202
21815 427
21815 503
21428 263
21428 29
21428 112
21428 140
21428 295
21428 36
21428 95
21428 102
21428 151
21428 333
21428 111
21428 178
21428 220
21428 230
21428 313
21428 189
21428 167
21428 346
21428 0
21428 46
21428 162
21428 267
21428 316
21428 274
21428 321
21428 73
21428 216
21428 223
21428 264
21428 288
21428 147
21428 250
21428 307
21428 146
21428 197
21428 262
21428 277
21428 317
21428 1
21428 273
21428 11
21428 127
21428 215
21428 253
21428 193
21428 214
21428 272
21428 292
21428 87
21428 173
21428 174
21428 326
21428 30
21428 242
21428 282
21888 83
21888 78
21888 5
21888 49
21888 58
21888 84
21888 71
21888 15
21888 69
21888 60
21888 86
21610 15
21610 17
21610 69
21610 20
21610 55
21610 74
21610 71
21610 83
21610 22
21610 37
21610 58
21610 79
21610 8
21610 54
21610 60
21610 91
21610 101
21610 9
21610 108
21610 1
21610 13
21610 30
21610 86
21610 95
21610 43
21610 45
21610 78
21610 80
21610 6
21610 77
21610 94
21610 112
21610 114
21610 109
21610 41
21610 61
21610 2
21610 36
21977 1
21977 27
21977 50
21614 60
21614 17
21614 38
21614 81
21614 115
21614 25
21411 17
21411 18
21411 7
21411 5
21411 13
21411 21
21411 16
21411 0
21746 12
21746 29
21746 6
21746 31
21746 0
21746 15
21746 21
21746 9
21746 49
21746 43
21746 41
21746 56
21746 20
21746 23
21746 47
21746 44
21746 18
21746 24
21746 26
21746 34
21746 35
21746 59
21708 31
21708 48
21708 50
21708 102
21708 106
21708 27
21708 108
21708 117
21708 23
21708 34
21708 56
21708 177
21708 135
21708 32
21708 112
21708 132
21708 154
21708 57
21708 72
21708 134
21708 61
21708 71
21708 74
21708 153
21708 164
21708 91
21708 36
21708 75
21708 129
21708 79
21708 162
21708 143
21708 37
21708 55
21708 78
21708 145
21708 45
21708 21
21708 29
21708 42
21708 114
21708 142
21708 44
21708 122
21708 28
21708 128
21708 173
21708 20
21708 70
21708 147
21708 174
21708 66
21708 93
21708 99
21708 130
21708 7
21708 107
21708 125
21708 160
21708 51
21708 60
21708 89
21708 140
21669 389
21669 278
21669 383
21669 424
21669 444
21785 72
21785 100
21785 108
21785 120
21785 124
21785 112
21785 113
21785 119
21785 134
21785 64
21785 71
21785 82
21785 99
21785 102
21785 130
21785 25
21785 26
21785 36
21785 67
21785 98
21785 122
21785 140
21785 137
21785 77
21785 101
21785 104
21785 110
21785 7
21785 18
21785 43
21785 57
21785 62
21785 40
21785 22
21522 23
21522 43
21522 21
21522 42
21522 28
21522 8
21522 22
21522 48
21522 52
21522 27
21522 45
21522 70
21522 80
21522 88
21522 96
21522 4
21522 9
21522 47
21522 69
21522 31
21522 79
21522 109
21522 73
21522 89
21522 60
21522 25
21522 54
21522 75
21522 85
21522 105
21522 0
21522 86
21522 94
22151 30
22151 28
22151 14
22151 12
22151 10
22015 140
22015 120
22112 266
22112 192
22112 114
22112 165
21553 215
21553 236
21553 397
21553 350
21553 300
21553 301
21553 316
21553 371
21553 203
21553 222
21553 262
21553 438
21585 134
21585 85
21585 133
21585 10
21585 49
21585 62
21585 3
21585 141
21585 154
21687 11
21908 103
22162 26
22162 53
22162 68
22162 23
22162 69
21520 28
21520 34
21520 4
21520 6
21598 15
21598 82
21598 5
21598 59
21598 70
21598 22
21598 24
21598 97
21598 8
21598 94
21598 98
21592 2
21592 3
21592 82
21592 120
21592 17
21592 71
21592 86
21592 131
21592 35
21592 77
21592 70
21592 19
21592 43
21592 78
21499 4
22245 2
22245 9
22245 8
21669 537
21669 222
21669 435
21669 242
21669 312
21669 443
21669 380
21669 58
21669 327
21669 388
21669 438
21669 533
21669 105
21669 15
21669 43
21669 531
21669 79
21669 155
21669 14
21669 32
21669 33
21669 89
21669 117
21669 363
21669 489
21669 532
21669 48
21669 99
21669 163
21669 279
21669 298
21669 391
21669 423
21669 282
21669 306
21669 351
21669 399
21669 263
21669 465
21669 80
21669 120
21669 191
21669 215
21669 432
21669 20
21669 31
21882 13
21882 65
21525 28
21525 54
21525 59
21525 11
21525 21
21525 25
21525 60
21525 119
21525 106
21525 33
21525 72
21525 63
21525 56
21525 61
21525 49
21525 74
21525 86
21525 105
21525 131
21525 3
21525 2
21525 58
21525 69
21525 118
21525 6
21525 31
21525 122
21643 94
21643 176
21643 198
21643 84
21643 136
21643 47
21643 183
21643 187
21643 201
21643 224
21643 5
21643 100
21643 205
21643 80
21643 132
21643 230
21643 221
21643 51
21643 66
21643 87
21643 226
21643 3
21643 152
21643 202
22208 373
22208 274
22208 356
22208 91
22208 442
22208 283
22208 261
22208 195
22208 248
22208 26
22208 366
22208 270
22208 418
22208 229
22208 392
22208 43
22208 359
22208 18
22208 7
22208 429
22208 321
22208 191
22208 129
22208 49
22208 157
22208 461
22208 472
22208 445
22208 203
21583 29
21583 44
21583 12
21583 15
21583 20
21583 5
21583 26
21583 4
21583 19
21583 35
21583 9
21583 27
22164 198
21581 12
21581 25
21581 48
21581 32
21581 71
21581 1
21581 52
21581 19
21581 14
21581 15
21581 28
21581 33
21581 4
21581 37
21581 49
21581 65
21581 45
21581 56
21581 70
21581 6
21581 50
21581 3
21581 42
21581 72
21581 9
21581 21
21581 41
21581 55
21581 29
21581 64
21581 68
21581 0
21581 13
21711 35
21711 61
21711 72
21711 82
21711 92
21711 113
21711 115
21711 0
21711 5
21711 103
21711 54
21711 102
21711 111
21711 41
21711 42
21711 44
21711 63
21860 6
21860 16
21589 22
21589 33
21589 3
21589 11
21589 42
21525 29
21525 34
21525 116
21749 27
21749 19
21749 31
21749 55
21749 0
21749 64
21749 44
21749 57
21749 60
21749 8
21749 65
21749 9
21749 18
21749 36
21749 39
21749 25
21749 22
21749 24
21749 46
21757 192
21757 218
21757 167
21757 0
21757 54
21757 79
21757 93
21757 118
21757 86
21757 6
21757 59
21757 184
21757 186
21757 56
21757 25
21757 43
21757 45
21757 57
21757 163
21757 225
21757 182
21757 212
21757 151
21757 46
21757 217
21757 136
21757 138
21757 173
21757 125
21757 162
21757 219
21757 211
21757 41
21757 104
21757 160
21757 18
21757 23
21757 61
21757 97
21757 133
21757 8
21757 90
21757 153
21757 169
21757 137
21757 194
21757 71
21757 88
21757 101
21757 85
21757 177
21757 9
21757 16
21757 30
21757 145
21757 15
21757 38
21757 84
21757 170
21757 140
21757 77
21757 81
21757 146
21757 99
21757 166
21757 172
21757 205
21757 197
21757 3
21757 157
21757 226
21597 5
21597 3
21597 91
21853 4
21853 17
21853 22
21853 28
21853 24
21853 14
21853 25
21853 13
21853 20
21853 21
21853 3
21853 10
22254 6
21577 17
21577 20
21577 6
21577 8
21577 4
21577 24
22268 34
22268 44
22268 37
22268 66
22268 81
22268 35
22268 24
22268 67
22268 61
22268 92
22268 106
22268 46
22268 25
22268 17
22268 0
22268 53
22268 105
22196 12
22196 9
22196 13
22196 4
22196 8
21769 9
22269 80
22269 50
22269 15
22269 82
22269 83
22269 54
22269 90
21881 176
21881 261
21881 38
21881 93
21881 94
21881 34
21881 121
21881 39
21881 226
21881 204
21881 175
21881 8
21881 184
21881 158
21881 220
21881 3
21881 82
21881 98
21881 251
21881 122
21881 32
21881 62
21881 178
21881 79
21881 222
21881 117
21881 266
21881 74
21881 241
21881 88
21881 68
21881 106
21881 230
21881 229
21881 236
21881 134
21881 179
21881 255
21881 243
21881 40
21881 47
21881 177
21881 76
21881 59
21881 100
21881 105
21881 234
21881 197
21881 258
21881 250
21881 202
21881 223
21881 159
21881 37
21881 26
21881 171
21881 24
21881 30
21881 52
21881 183
21881 4
21881 140
21881 9
21881 196
21881 55
21881 187
21881 10
21881 188
21881 182
21881 147
21881 262
21881 92
21881 97
21881 169
21881 44
21881 80
21881 267
21881 227
21881 119
21881 35
21881 263
21881 87
21881 259
21881 149
21881 0
21881 63
21881 151
21881 172
21881 145
21881 67
21881 247
21881 64
21881 83
21881 265
21881 164
21745 16
21745 40
21745 32
21745 10
21745 30
21745 8
21745 21
21745 24
21745 36
21780 2
21780 35
21780 27
21780 37
21780 20
21780 21
21843 1
21843 3
21418 4
21418 18
21418 16
21418 25
21418 12
21418 8
21964 429
21964 156
21964 215
21964 380
21964 486
21964 100
21964 319
21964 315
21964 359
21964 309
21964 491
21964 80
21964 182
21964 311
21964 468
21964 29
21964 502
21964 222
21964 308
21964 81
21964 262
21964 237
21964 242
21964 504
21964 241
21964 72
21964 412
21964 254
21964 464
21964 202
21964 476
21964 401
21964 243
21964 385
21964 353
21964 90
21964 522
21964 302
21964 521
21964 50
21964 31
21964 123
21964 181
21964 104
21964 157
21964 283
21964 36
21964 281
21964 432
21964 416
21964 263
21964 171
21787 58
21787 150
21787 191
21787 214
21787 245
21787 256
21787 103
21787 69
21787 157
21787 179
21787 216
21787 71
21787 186
21787 200
21787 227
21787 220
21787 61
21787 208
21787 240
21787 247
21787 174
21787 193
21787 235
21787 141
21787 232
21787 207
21787 105
21787 163
21787 189
21787 229
21787 251
21787 44
21787 154
21787 195
21787 236
21787 137
21787 21
21787 54
21787 94
21787 210
21787 239
21787 36
21787 194
21787 158
21787 173
21787 180
21787 121
21787 132
21787 257
21787 72
21787 109
21787 183
21787 196
21998 350
21998 381
21998 95
21998 391
21998 436
21998 113
21998 0
21998 117
21998 105
21998 412
21998 69
21998 103
21998 164
21998 330
21998 445
21998 144
21998 161
21998 19
21998 388
21998 435
21998 325
21998 8
21998 133
21998 83
21998 365
21998 418
21998 115
21998 126
21998 36
21998 73
21998 151
21998 375
21998 121
21998 406
21998 70
21998 79
21998 107
21998 125
21998 56
21998 137
21998 395
21998 61
21998 114
21998 167
21998 120
21998 392
21998 415
21998 409
21998 160
21998 327
21821 16
21821 15
21821 23
21665 25
21665 32
21665 63
21665 3
21665 47
21665 125
21665 64
21665 90
21665 120
21665 15
21665 24
21665 57
21665 111
21665 146
21665 157
21665 54
21665 115
21665 158
21665 159
21665 123
21665 164
21665 67
21665 91
21665 122
21665 160
21486 46
21486 26
21486 44
21486 112
21486 31
21486 45
21486 59
21486 142
21486 22
21486 67
21423 11
21423 10
21423 22
21423 23
21423 16
21423 30
21423 4
21423 3
21423 8
21642 29
21642 92
21642 79
21642 83
21642 0
21642 34
21642 23
21642 41
21642 56
21642 108
21642 77
21642 90
21642 16
21642 71
21642 95
21571 0
21980 21
21980 20
21980 0
21980 7
21987 44
21987 5
21987 95
21987 202
21987 194
21987 56
21987 25
21987 197
21987 52
21987 28
21987 54
21987 22
21987 169
21987 7
21987 38
21987 200
21987 272
22075 16
22075 81
21765 94
21765 97
21765 7
21765 14
21765 18
21765 87
21765 88
21765 82
21765 26
21765 63
21765 76
21765 5
21765 80
21765 92
21765 93
21765 23
21765 62
21765 75
21765 70
21765 77
21788 38
21788 151
21788 74
21788 115
21788 132
21788 45
21788 57
21788 113
21788 144
21788 147
21788 5
21788 8
21788 36
21788 73
21788 80
21788 92
21788 135
21788 15
21788 31
21788 21
21788 52
21788 69
21788 141
21788 148
21788 154
21788 145
21788 17
21571 6
21571 4
21571 5
22066 42
22066 16
21870 33
21870 45
21870 71
21870 40
21870 158
21870 50
21870 350
21870 208
21870 19
21870 23
21870 43
21870 37
21870 68
21870 175
21870 267
21870 125
21870 155
21870 133
21870 249
21870 313
21870 185
21870 232
21870 116
21870 220
21870 253
21870 299
21870 363
21870 296
21870 82
21870 254
22254 0
22254 2
22254 3
22254 7
21699 16
21699 24
21699 78
21699 114
21699 105
21699 219
21699 144
21699 198
21699 404
21699 428
21699 288
21699 7
21699 376
21699 396
21699 456
21699 280
21699 451
21699 467
21699 51
21699 161
21699 330
21699 52
21699 74
21699 196
21699 491
21699 504
21699 552
21699 286
21699 413
21699 434
21699 477
21699 314
21699 136
21699 61
21699 293
21699 373
21699 423
21699 156
21699 212
21699 422
21699 235
21699 515
21699 76
21699 319
21699 452
21699 560
21699 59
21699 299
21699 437
21699 578
21699 108
21699 111
21699 122
21699 143
21699 11
21699 181
21699 334
21699 507
21699 77
21699 107
21699 166
21699 44
21699 389
21699 311
21699 470
21699 495
21699 388
21699 465
21699 574
21699 392
21699 546
21699 29
21699 34
21699 236
21699 230
21699 251
21699 265
21699 427
21699 349
21699 375
21699 512
21699 550
21699 416
21699 486
21699 549
21699 48
21699 84
21699 142
21699 53
21699 115
21699 149
21699 162
21699 317
21699 60
21699 320
21699 64
21699 103
21699 135
21699 109
21699 58
21699 193
21699 443
21699 489
21699 520
21699 218
21699 372
21699 534
21699 172
21699 464
21885 93
21885 168
21885 10
21885 112
21885 154
21885 178
21885 179
21885 131
21885 31
21885 145
21885 190
21885 43
21885 88
21885 115
21885 110
21885 51
21885 18
21885 143
21885 15
21885 80
21885 70
21885 114
21885 20
21885 125
21885 132
21885 186
21885 96
21885 86
21885 91
21885 0
21885 35
21885 97
21885 41
22176 37
22176 129
22176 24
22176 80
22176 110
22176 75
22176 49
22176 108
22176 13
22176 18
22176 106
22176 114
22176 50
22176 0
22176 144
22176 101
22176 120
22176 40
22176 111
22176 87
22176 74
22176 43
22176 42
22176 96
22176 38
22176 145
22176 5
22176 102
22176 4
22176 148
22176 136
22176 90
22176 66
22176 62
22176 89
22176 59
22176 133
22176 122
22176 132
22176 26
22176 63
22176 88
22176 92
22176 119
22176 98
22176 142
22176 126
22176 28
22176 27
22176 105
22176 139
22176 134
22176 135
22176 22
22176 57
22176 52
22176 17
22020 152
22020 98
22020 23
22020 86
22020 97
22020 41
22020 81
22020 66
22020 119
22020 121
22020 154
22020 51
22020 87
22020 47
22020 20
22020 35
22020 109
22020 92
22020 77
22020 46
22020 148
22020 18
22020 39
22020 53
22020 157
22020 3
22020 13
22020 145
22020 149
22020 130
22020 134
21896 13
21896 4
21896 29
21896 16
21896 5
21896 27
21896 9
21896 21
21896 25
21814 35
21814 42
21814 22
21814 52
21814 10
21814 34
21814 11
21719 75
21719 79
21719 95
21719 400
21719 408
21719 31
21719 111
21719 315
21719 327
21719 207
21719 106
21719 192
21719 484
21719 496
21719 169
21719 300
21719 372
21719 393
21719 466
21719 277
21719 353
21719 402
21719 5
21719 13
21719 65
21719 121
21719 167
21719 215
21719 388
21719 422
21719 126
21719 235
21719 309
21719 89
21719 222
21719 159
21719 206
21719 289
21719 32
21719 90
21719 185
21719 287
21719 436
21719 34
21719 306
21719 405
21719 397
21719 63
21719 184
21719 237
21719 324
21719 450
21719 0
21719 11
21719 17
21719 369
21719 410
21719 446
21719 492
21719 514
21719 1
21719 299
21719 142
21719 164
21719 382
21719 497
21719 507
21719 509
21719 10
21719 22
21719 80
21719 112
21719 131
21719 498
21719 140
21719 269
21719 356
21719 459
21719 7
21719 3
21719 59
21719 74
21719 139
21719 231
21719 363
21719 457
21719 113
21719 253
21719 297
21719 432
21719 465
21719 506
21719 216
21719 416
21719 430
21719 520
21719 71
21719 72
21719 101
21719 148
21719 188
21719 424
21719 294
21719 530
21719 213
21719 67
21719 280
21719 281
21719 326
21719 135
21719 362
21719 425
21719 435
21719 25
21719 272
21719 293
21719 361
21719 387
21719 521
21719 43
21719 246
21719 284
21719 383
21719 409
21719 35
21719 252
21719 273
21719 296
21719 390
21719 38
21719 198
21719 344
21719 349
21719 176
21719 242
21719 285
21719 320
21719 467
21719 504
21719 513
21719 70
21719 211
21719 223
21719 262
21719 357
21719 464
21719 471
21719 27
21719 99
21719 149
21719 166
21719 244
21719 334
21719 156
21719 181
21719 373
21719 386
21719 437
21719 49
21719 218
21719 354
21719 461
21719 68
21719 276
21719 331
21719 379
21719 456
21719 491
21719 470
21719 481
21719 91
21719 141
21719 341
21719 351
21719 412
21719 50
21719 58
21719 220
21719 240
21719 332
21719 512
21719 104
21719 133
21719 258
21719 490
21719 494
21719 39
21719 86
21719 115
21719 259
21719 468
21719 54
21719 227
21719 238
21719 243
21719 15
21719 6
21719 336
21719 52
21719 48
21719 209
21719 261
21719 522
21719 132
21719 203
21719 219
21719 415
21719 441
21719 138
21719 24
21719 92
21719 311
21719 371
21719 434
21719 473
21719 186
21719 233
21719 453
21719 454
21719 124
21719 30
21719 114
21719 125
21719 170
21719 495
21719 189
21719 157
21719 290
21719 343
21719 414
21719 462
21752 42
21752 11
21752 26
21752 72
21641 19
21641 4
21641 13
21641 15
21641 7
21641 22
21641 29
21641 30
21640 54
21640 61
21640 66
21640 39
21640 69
21640 4
21640 17
21640 25
21640 27
21640 30
21640 20
21640 43
22134 7
22134 9
22134 85
22134 42
22134 2
22134 55
22134 6
22134 17
22134 27
22134 16
22134 51
22134 81
22134 57
22134 53
22134 90
22134 12
22134 47
22134 25
22134 64
22134 35
22134 69
22134 84
22134 37
22134 82
22134 79
22134 0
22134 23
22134 38
22134 83
22134 50
22134 30
22134 33
22134 87
22134 5
22134 67
22134 28
22134 13
22134 63
22170 32
22170 28
22170 48
22170 60
22170 46
22170 12
22170 1
22170 51
22170 20
22170 8
22170 7
22085 2
22085 16
21431 130
21431 32
21431 106
21431 116
21431 126
21431 123
21431 23
21431 49
21431 86
21431 132
21431 46
21431 74
21431 111
21431 33
21431 103
21431 1
21431 83
21431 4
21431 22
21431 72
21431 92
21431 21
21431 128
21431 5
21431 14
21431 53
21431 28
21431 51
21431 73
21431 88
21431 7
21431 48
21431 109
21431 3
21431 91
21431 99
21431 52
21431 56
21774 201
21774 298
21774 355
21774 488
21774 351
21774 359
21774 78
21774 123
21774 306
21774 174
21774 279
21774 282
21774 400
21774 468
21774 505
21774 19
21774 386
21774 518
21774 134
21774 2
21774 89
21774 103
21774 146
21774 259
21774 444
21774 358
21774 99
21774 119
21774 360
21774 397
21774 431
21774 288
21774 320
21774 504
21774 513
21774 524
21774 11
21774 252
21774 105
21774 108
21774 238
21774 414
21774 152
21774 163
21774 496
21774 51
21774 74
21774 292
21774 341
21774 342
21774 413
21774 467
21774 258
21774 316
21774 53
21774 185
21774 322
21774 239
21774 356
21774 364
21774 533
21774 37
21774 142
21774 324
21774 367
21774 376
21774 439
21774 479
21774 536
21774 100
21774 118
21774 348
21774 379
21774 404
21792 78
21792 224
21792 21
21792 75
21792 217
21792 229
21792 51
21792 94
21792 231
21792 20
21792 42
21792 180
21792 183
21792 61
21792 86
21792 96
21792 102
21792 234
21792 0
21792 63
21792 182
21792 210
21792 101
21792 133
21792 168
21792 28
21792 48
21792 125
21792 141
21792 39
21792 66
21792 106
21792 170
21792 158
21792 160
21792 161
21792 174
21792 2
21792 25
21792 64
21792 169
21792 104
21792 151
21792 41
21792 97
21792 38
21792 121
21792 55
21792 81
21792 159
21792 207
21732 26
21732 15
21732 30
21732 36
21732 4
21732 0
21732 9
21732 32
21732 5
21732 2
21732 35
22247 22
22247 3
22247 28
22247 47
22247 18
22247 49
22247 25
22247 21
22247 16
22247 48
22247 32
22247 33
22247 6
22247 17
22247 12
22247 45
22247 23
22247 1
22247 13
22256 8
22256 19
22256 43
22256 35
22256 49
22256 34
22256 37
22256 22
22256 21
22256 4
22256 46
22256 5
22256 45
22256 42
22256 36
22256 41
22256 27
22256 24
22256 51
22256 25
22256 40
22256 52
22256 2
22256 11
22256 33
21628 94
21628 117
21628 130
21628 109
21628 95
21628 20
21628 81
21628 69
21628 72
21628 82
21628 92
21628 15
21628 131
21628 53
21614 16
21614 15
21614 46
21614 66
21614 128
21614 21
21614 13
21614 141
21614 35
21614 44
21614 68
21614 124
21614 69
21614 130
21614 120
21614 108
21614 87
21614 89
21614 95
21614 97
21614 135
21614 71
21614 147
21614 113
21614 82
22146 13
22146 35
22146 32
22146 7
22146 26
22041 23
22267 25
22267 0
22267 14
22267 27
21814 19
21814 33
21814 12
21814 20
21814 43
21814 3
21814 48
21814 26
21814 4
21814 47
21814 37
21814 56
21814 13
21814 27
21814 29
21814 36
21814 1
21814 49
21814 9
21824 0
21824 12
21824 25
21824 29
21824 8
21824 40
22239 3
21758 538
21758 556
21758 573
21758 145
21758 210
21758 330
21758 193
21758 309
21758 311
21758 419
21758 563
21758 571
21758 350
21758 7
21758 314
21758 392
21758 595
21758 262
21758 329
21758 237
21758 317
21758 243
21758 399
21758 498
21758 74
21758 445
21758 380
21758 412
21758 527
21758 108
21758 202
21758 349
21758 409
21758 436
21758 559
21758 287
21758 382
21758 220
21758 417
21758 468
21758 530
21758 589
21758 439
21758 550
21758 61
21758 340
21758 135
21758 245
21758 133
21758 183
21758 310
21758 346
21758 374
21758 426
21939 57
21939 34
21939 49
21939 115
21939 136
21939 62
21939 78
21939 172
21939 71
21939 72
21939 63
21939 221
21939 178
21916 158
21916 373
21916 169
21916 402
21916 14
21916 428
21916 152
21916 54
21916 324
21916 22
21916 19
21916 253
21916 421
21916 237
21916 250
21916 86
21916 446
21916 49
21916 376
21916 361
21916 81
21916 150
21916 100
21916 393
21916 160
21916 179
21916 1
21916 103
21916 232
21916 457
21916 133
21916 247
21916 175
21916 312
21916 339
21916 214
21916 58
21916 57
21916 314
21916 50
21916 48
21916 174
21916 385
21916 407
21916 296
21916 24
21916 464
21916 98
21916 298
21916 409
21916 356
21660 1
21660 33
21660 36
21660 125
21660 155
21660 129
21660 4
21660 9
21660 29
21660 54
21660 26
21660 40
21660 82
21660 38
21660 39
21660 143
21660 7
21660 27
21660 154
21660 79
21660 117
21660 10
21660 149
21660 150
21435 21
21435 14
21435 6
21435 24
21435 8
21435 3
21435 23
21962 87
21962 148
21962 26
21962 146
21962 123
21962 45
21962 234
21962 99
21962 151
21962 58
21962 180
21962 125
21962 21
21962 35
21962 178
21962 139
21962 239
21962 204
21962 62
21962 136
21962 147
21962 41
21962 201
21962 37
21962 140
21962 88
21962 75
21962 28
21962 215
21962 43
21962 5
21962 185
21962 189
21962 187
21873 19
21873 29
21873 11
21873 6
21873 12
21873 13
21873 18
21873 26
21873 24
21873 40
21616 11
21616 4
21616 0
21616 5
21616 7
21616 10
21616 22
22123 151
22123 36
22123 136
22123 140
22123 154
22123 146
22123 87
22123 57
22123 95
22123 158
21725 17
21725 45
21725 34
21725 4
21725 7
21725 18
21725 31
21725 6
21725 11
21725 3
21725 10
21725 13
21725 22
21725 28
21725 43
21725 38
21725 5
21725 47
21725 33
22113 198
22113 149
22113 112
22113 0
22113 166
22113 70
22113 135
22113 119
22113 9
22113 67
22113 155
22113 90
22113 132
22113 54
22113 85
22113 215
22113 141
22113 124
22113 53
22113 189
22113 222
22113 86
22113 6
22113 81
22113 152
22113 130
21436 7
21436 75
21436 18
21436 46
21436 15
21436 44
21436 69
21436 56
21436 68
21436 78
21436 43
21436 98
21436 101
21436 3
21436 11
21436 64
21436 54
22142 1
22142 35
22142 88
21922 53
21922 90
21922 77
21922 252
21922 386
21922 110
21922 97
21922 294
21922 23
21922 7
21922 128
21922 35
21922 305
21922 183
21922 302
21922 379
21922 177
21922 265
21922 251
21922 46
21922 341
21922 260
21922 365
21922 102
21922 274
21922 348
21922 180
21922 391
21922 0
21922 450
21922 153
21922 435
21922 309
21922 64
21922 152
21922 308
21922 288
21922 148
21922 158
21922 416
21922 405
21922 445
21922 20
21922 316
21922 215
21922 451
21922 94
21922 261
21922 181
21922 163
21922 276
21922 25
21922 120
21922 226
21922 335
21922 85
21922 246
21922 117
21922 245
21922 227
21922 3
21922 115
21922 329
21922 39
21922 357
21922 91
21922 18
21922 4
21922 367
21877 0
21877 10
21726 7
21726 25
21726 5
21726 15
21726 8
21726 21
21726 27
21726 3
21965 179
21965 328
21965 427
21965 184
21965 90
21965 223
21965 378
21965 94
21965 158
21965 414
21965 71
21965 69
21965 22
21965 89
21965 224
21965 240
21965 130
21965 155
21965 48
21965 185
21965 142
22134 59
22134 91
22134 61
22134 73
22134 40
22134 31
22134 46
22134 66
22134 54
22134 74
22193 14
22193 7
22193 18
21462 30
21462 89
21462 46
21462 5
21462 76
21462 28
21462 35
21462 93
21462 25
21462 36
21462 47
21462 57
21462 58
21462 1
21462 27
21462 81
21462 85
21462 7
21462 70
21462 77
21462 38
21462 42
21462 60
21462 83
21462 94
21462 13
21462 29
21462 15
21462 62
21462 2
21462 61
21462 80
21462 56
21462 72
21462 74
21462 49
21413 15
21413 16
21413 10
21413 33
21413 45
21413 18
21413 42
21413 12
21413 31
21413 44
21413 5
21413 35
22050 5
22050 10
22042 47
22042 39
22042 398
22042 376
22042 267
22042 29
22042 257
22042 211
22042 186
22042 185
22042 76
22042 366
22042 129
22042 155
22042 84
22042 0
22042 403
22042 254
22042 322
22042 285
22042 113
22042 54
22042 405
22042 371
22042 34
22042 97
22042 26
22042 261
22042 354
22042 69
22042 52
22042 40
22042 120
22042 247
22042 382
22042 238
22042 273
22042 150
22042 347
22042 8
22042 243
22042 341
22042 87
22042 200
22042 114
22042 201
22042 332
22042 338
22042 151
22042 159
22042 68
22042 144
22042 265
22042 108
22042 164
22042 315
22042 107
22042 92
22042 57
22042 289
22042 126
22042 202
22042 72
22042 98
22042 195
22042 38
22042 339
22042 296
22042 188
22042 204
22042 122
22042 178
22042 99
22042 140
22042 49
22042 248
22042 83
22042 27
22042 412
22042 109
22042 370
22042 100
22042 264
22042 67
22042 235
22042 3
22042 179
22042 216
22042 208
22042 153
22042 329
22042 274
22042 199
22042 295
22042 394
22042 387
22042 256
22042 19
22042 157
22042 75
22042 361
22042 173
22042 299
22042 380
22042 30
22042 160
22042 397
22042 93
22042 162
22042 14
22042 234
22042 111
22042 409
22042 321
22042 44
22042 229
22042 294
22042 192
22042 13
22042 85
22042 131
22042 326
22042 304
22042 145
22042 331
22042 410
22042 384
22042 61
22042 136
22042 308
22042 205
22042 171
22042 81
22042 28
22042 55
22042 367
22042 209
22042 346
22042 124
22042 337
22042 357
22042 190
22042 166
22042 147
22011 29
22011 2
22011 5
22011 11
22011 8
22011 26
22107 2
22107 13
22107 19
21517 14
21517 37
21517 95
21517 7
21517 57
21517 67
21517 122
21517 9
21517 94
21517 109
21517 113
21745 22
21745 20
21637 3
21637 150
21637 75
21637 6
21637 76
21637 116
21637 154
21637 17
21637 52
21637 96
21637 124
21637 160
21765 78
21765 42
21765 3
21765 13
21765 27
21765 20
21765 9
21765 33
21765 35
21765 55
21765 64
21765 1
21765 98
21765 44
21765 71
21765 11
21722 2
22166 2
22166 4
21584 28
21584 3
21584 23
21584 18
21584 30
21949 7
21949 8
21949 29
21949 0
21949 17
21949 4
21906 14
21906 137
21906 233
21906 229
21906 169
21906 74
21906 148
21906 24
21906 107
21906 93
21906 60
21906 124
21906 115
21906 180
21906 143
21906 41
21906 194
21906 110
21906 232
21906 19
21906 223
21906 58
21906 174
21906 220
21906 81
21906 209
21906 61
21906 54
21906 77
21906 125
21906 72
21906 184
21486 53
21486 58
21486 108
21486 125
21486 16
21486 95
21486 18
21486 65
21486 135
21486 32
21486 145
21801 10
21801 40
21801 69
21801 82
21801 128
21801 125
21801 136
21801 146
21801 157
21801 170
21801 96
21801 150
21801 29
21801 110
21801 85
21801 151
21801 155
21801 168
21801 178
21801 2
21801 46
21801 66
21801 88
21801 122
21801 126
21801 47
21986 97
21986 35
21986 94
21986 27
21986 130
21986 129
21986 39
21986 104
21986 80
21986 123
21986 107
21986 90
21986 76
21986 102
21986 75
21716 57
21716 181
21716 223
21716 248
21716 251
21716 53
21716 61
21716 75
21716 183
21716 252
21716 128
21716 150
21716 170
21716 194
21716 109
21716 224
21716 230
21716 140
21716 111
21716 60
21716 67
21716 167
21716 227
21716 141
21716 63
21716 69
21716 112
21716 154
21716 182
21716 103
21716 195
21716 49
21716 216
21716 0
21716 8
21716 14
21716 7
21716 10
21716 23
21716 41
21716 42
21716 93
21716 94
21716 122
21716 184
21716 246
21716 196
21716 232
21716 138
21716 163
21716 120
21911 49
21911 0
21911 174
21911 294
21911 204
21911 137
21911 15
21911 243
21911 86
21911 36
21911 192
21911 163
21911 97
21911 222
21911 129
21911 108
21911 224
21911 72
21911 93
21911 157
21911 184
21911 255
21911 148
21911 114
21911 39
21911 265
21911 125
21911 146
21911 76
21911 18
21911 219
21911 200
21911 268
21911 107
21911 208
21911 202
22257 192
22257 115
22257 252
22257 216
22257 243
22257 145
22257 232
22257 166
22257 222
21813 15
21813 4
21813 20
21813 40
21813 95
21813 30
21813 96
21813 104
21813 129
21813 155
21813 28
21813 18
21813 67
21813 132
21813 57
21813 60
21813 9
21813 11
21813 153
21813 52
21813 158
22010 20
22010 19
22010 8
22010 14
22010 7
22010 17
22010 18
22010 4
22010 15
22036 9
22036 12
22036 11
21691 177
21691 193
21691 8
21691 15
21691 81
21691 169
21691 60
21691 132
21691 151
21691 178
21691 195
21691 11
21691 53
21691 50
21691 120
21691 148
21691 18
21691 38
21691 108
21691 114
21691 145
21691 167
21691 164
21691 19
21691 67
21691 78
21691 17
21691 103
21516 24
21516 30
21516 42
22091 79
22091 54
22091 77
22091 10
22091 99
22091 88
22091 85
22091 25
22091 46
22091 17
22091 76
22091 110
22091 24
22091 14
22091 75
22091 15
22091 45
22091 23
22091 9
22091 52
22091 67
22091 33
22204 121
22204 116
22204 40
22204 237
22204 260
22204 55
22204 176
22204 239
22204 211
22204 222
22204 33
22204 30
22204 70
22204 142
22204 193
22204 36
22204 167
22204 3
22204 135
22204 159
22204 124
22204 43
22204 23
22204 212
22204 85
22204 95
22204 133
22204 127
22204 96
22204 228
22204 161
22204 171
22204 186
22204 194
22204 136
22204 2
22204 196
22204 45
22204 158
22204 254
22204 259
22204 172
22204 220
22204 199
22204 27
22204 106
22204 130
22091 11
21686 20
21686 65
21686 7
22082 8
22082 0
22082 89
22082 73
22082 4
22082 114
22082 185
22082 71
22082 133
22082 41
22082 94
22082 123
22082 148
22082 137
22082 14
22082 68
22082 125
22082 149
22082 180
22082 64
22082 118
22082 67
22082 141
22082 128
22082 51
22082 2
22117 95
22117 162
22117 100
22117 31
22117 98
22117 122
22117 102
22117 55
22117 89
22117 2
22117 49
22117 97
22117 23
22117 76
22117 143
22117 1
22117 90
22117 156
22117 159
22117 43
22117 108
22117 14
22117 8
22117 12
22117 111
22117 15
22117 40
21838 54
21838 55
21838 59
22047 41
22047 20
22047 38
22047 48
22047 25
22047 28
22047 16
22047 35
22047 12
22047 11
22047 44
22047 13
22047 17
22047 45
22047 0
21695 15
21695 21
21695 40
21695 16
21695 41
21695 45
21695 39
21695 30
21695 10
21859 45
21859 62
21859 3
21859 50
21859 69
21859 76
21859 17
21859 46
21859 21
21859 19
21859 12
21859 2
21859 1
21859 79
21859 14
21859 44
21859 72
21859 9
21859 41
21859 6
21859 16
21542 28
21542 53
21542 59
21542 6
21542 12
21542 63
21542 31
21542 33
21542 60
21542 29
21542 26
21542 67
21542 11
21542 35
21542 46
21542 54
21542 45
22100 88
22100 48
22100 226
22100 277
22100 24
22100 236
22100 72
22100 103
22100 234
22100 182
22100 189
22100 230
22100 207
22100 225
22100 257
22100 228
22100 135
22100 52
22100 42
22100 260
22100 47
22100 102
22100 169
22100 273
22100 95
22100 148
22100 193
22100 112
22100 221
22100 127
22100 173
22100 31
22100 194
22100 4
22100 164
22100 192
22100 214
22100 265
22100 208
22100 3
22100 28
22100 90
22100 30
22100 6
22100 89
22100 232
22100 183
22100 13
22100 269
22100 68
22100 253
22100 147
22100 202
22100 25
22100 57
22100 93
22100 220
22100 235
22100 84
22100 67
22100 262
22100 177
22100 83
22100 199
22100 110
22100 61
22100 85
22100 223
22100 40
22100 122
22100 264
22100 59
22100 212
22100 185
22100 34
22100 53
22100 266
22100 16
22100 200
22100 118
22100 69
22100 58
22100 73
22100 222
22100 176
22100 120
22100 27
22100 81
22100 163
21757 1
21757 26
21757 83
21757 94
21757 98
21757 47
21757 150
21757 52
21757 66
21757 155
21757 222
21757 144
21757 127
21757 176
21757 139
21757 181
21757 215
21757 148
21757 161
21757 178
21757 130
21757 68
21757 128
21757 213
21757 201
21757 74
21757 152
21757 159
21757 134
21757 165
21757 24
21757 82
21757 96
21757 117
21757 174
21757 105
21757 209
21757 40
21757 50
21815 31
21815 44
21815 197
21815 264
21815 311
21815 97
21815 7
21815 114
21815 448
21815 260
21815 152
21815 343
21815 382
21815 416
21815 62
21815 446
21815 468
21815 501
21815 267
21815 315
21815 318
21815 326
21815 329
21815 441
21815 102
21815 282
21815 417
21815 478
21815 142
21815 313
21815 368
21815 388
21815 411
21815 146
21815 367
21815 470
21815 485
21815 531
21815 511
21815 422
21815 426
21815 199
21815 29
21815 460
21815 542
21815 262
21815 360
21815 387
21815 406
21815 128
21815 175
21815 180
21815 284
21815 437
21815 89
21815 232
21815 236
21815 439
21815 158
21815 27
21815 188
21815 290
21815 317
21815 344
21815 372
22063 378
22063 326
22063 406
22063 279
22063 393
22063 539
22063 439
22063 331
22063 449
22063 41
22063 56
22063 20
22063 70
22063 418
22063 2
22063 189
22063 143
22063 50
22063 122
22063 435
21906 7
21906 44
21906 190
21906 108
21906 120
21906 16
21906 152
21906 196
21906 51
21906 201
21906 97
21906 13
21906 163
21906 135
21906 32
21906 176
21906 150
21906 91
21906 8
21906 177
21906 2
21906 31
21906 128
21906 222
21906 168
21906 4
21918 130
21918 119
21918 212
21918 172
22003 43
22003 78
22003 67
22003 82
22003 8
22003 77
22003 70
22003 18
22003 85
22003 61
22089 33
22089 29
22089 47
22089 79
22089 28
22089 76
22089 20
22259 21
22259 25
22259 52
21716 72
21716 96
21716 152
21716 202
21716 99
21716 110
21716 225
21716 52
21716 65
21716 91
21716 189
21716 226
21716 126
21716 155
21716 206
21716 213
21716 19
21716 73
21716 85
21716 125
21716 131
21716 234
21716 56
21716 82
21716 116
21716 157
21716 172
22047 9
22047 29
21486 21
21486 139
21486 5
21486 0
21486 15
21486 19
21486 71
21486 105
21486 68
21486 134
21486 48
21486 63
21486 129
21486 66
21486 97
21486 3
21854 34
21854 63
21854 29
21854 28
21638 35
21638 75
21638 126
21638 168
21638 171
21638 112
21638 140
21638 10
21638 39
21638 93
21638 115
21638 134
21638 76
21638 64
21638 32
21638 50
21638 109
21638 154
21638 79
21638 87
21638 124
21638 128
21638 147
21638 12
21638 78
21638 82
21638 149
21638 19
21638 104
21638 27
21645 7
21498 45
21498 88
21498 104
21498 115
21498 15
21498 54
21498 68
21498 84
21498 113
21498 26
21498 28
21498 61
21498 85
21498 34
21498 62
21498 76
21498 83
21498 3
21498 27
21498 43
21498 82
21498 108
21498 29
22055 111
22055 28
22055 172
22055 300
22055 29
22055 418
22055 441
22055 311
22055 133
22055 302
22055 428
22055 407
22055 121
22055 281
22055 178
22055 496
22055 312
22055 354
22055 487
22055 177
22055 59
22055 343
22055 3
22055 448
22055 473
22055 402
22055 491
22055 61
22055 492
22055 68
22055 86
22055 502
22055 166
22055 152
22055 291
22055 14
22055 435
22055 153
22055 350
22055 220
22055 74
22055 124
22055 135
22055 19
22055 452
22055 138
22055 176
22055 337
22055 125
22055 257
22055 215
22055 274
22055 137
22055 236
22055 247
22055 62
22055 416
22055 198
22055 390
22055 425
22055 421
22055 154
22055 483
22055 72
22055 298
22055 102
22055 151
22055 46
22136 26
22136 48
22136 46
22136 1
21739 55
21739 1
21739 3
21739 10
21739 77
21739 6
21739 28
21739 7
21739 12
21739 33
21739 50
21739 79
21739 14
21739 40
21739 71
21739 80
21739 57
21739 72
21739 25
21739 31
21739 38
21739 47
21739 69
21739 19
21739 8
21739 35
22011 32
22011 19
22011 7
22011 30
22011 13
22011 9
22011 3
21850 70
21850 23
21850 28
21850 6
21850 12
22090 96
22090 127
22090 120
22090 141
22090 116
22090 142
22090 164
22090 44
22090 34
22090 27
22090 160
22090 13
22090 8
22090 64
22090 46
22090 65
22090 5
22090 107
21796 17
21796 82
21796 22
21796 41
21796 118
21796 38
21796 42
21796 48
21796 122
21796 31
21796 34
21796 102
21796 117
21669 283
21669 335
21669 477
21669 492
21669 322
21669 343
21669 221
21669 42
21669 321
21669 360
21669 529
21669 7
21669 8
21669 123
21669 56
21669 131
21669 144
21669 194
21669 143
21669 254
21669 139
21669 57
21669 116
21669 344
21669 22
21669 429
21669 238
21669 177
21669 207
21669 232
21669 324
21669 425
21669 4
22025 37
22025 20
22025 12
22025 17
22025 19
22025 29
22025 0
22025 46
22025 2
22025 27
22025 33
22025 48
21814 8
21814 39
21814 40
21814 16
21814 24
21814 18
21814 14
21814 46
21814 45
21906 147
21906 62
21906 87
21906 114
21906 116
21906 141
21906 9
21906 122
21906 10
21906 106
21906 50
21906 178
21906 172
21906 162
21906 198
21906 49
21906 206
21906 11
21906 112
21906 182
21906 140
21795 101
21795 267
21795 268
21795 253
21795 285
21795 133
21795 84
21795 225
21795 262
21795 229
21795 276
21795 282
21795 35
21795 243
21795 3
21795 177
21795 203
21795 205
21795 208
21795 219
21795 164
21795 105
21795 125
21795 130
21795 161
21795 172
21795 180
21795 153
21795 204
21795 213
21795 231
21795 271
21795 195
21795 211
21795 233
21795 251
21795 47
21795 88
21795 142
21795 171
21795 143
21795 165
21795 169
21795 239
21795 160
21795 207
21795 222
21795 279
21795 10
21795 86
21795 258
21795 266
21795 197
21795 273
21795 270
21795 287
21795 230
21795 13
21795 70
21795 114
21795 210
21795 190
21795 212
21795 33
21795 36
21795 38
21795 52
21795 65
21795 27
21795 59
21795 18
21795 21
21795 40
21795 79
21795 94
21795 255
21795 166
21795 179
21795 191
21795 12
21795 241
21795 167
21795 85
21795 99
21795 112
21795 113
21795 275
21795 132
22031 3
21875 94
21875 100
21875 6
21875 170
21875 113
21875 67
21875 133
21875 138
21875 7
21875 8
21875 61
21875 19
21875 143
21875 101
21875 27
21875 95
21875 140
21875 129
21875 57
21875 2
21875 160
21875 80
21875 181
21875 20
21875 175
21875 26
21875 30
21615 39
21615 50
21615 62
21615 23
21615 38
21615 41
21507 2
21507 3
22209 21
22209 56
22209 22
22209 32
22209 47
22209 18
22209 51
22209 38
22209 33
22209 11
21850 127
21850 8
21850 75
21850 114
21850 118
21850 47
21850 69
21850 71
21850 82
21850 96
21850 95
21850 30
21850 7
21850 78
21850 97
21850 104
21850 108
21850 111
21850 125
21850 35
21850 62
21800 9
21800 11
22157 33
22157 62
22157 124
22157 41
22157 35
22157 86
22157 70
22157 99
22194 6
22194 3
22050 20
22050 1
22050 9
22050 19
22050 2
22050 24
22050 11
21472 23
21472 101
21472 185
21472 189
21472 7
21472 74
21472 112
21472 124
21472 191
21472 1
21472 9
21472 103
21472 156
21472 25
21472 88
21472 173
21472 184
21472 24
21472 30
21472 118
21472 145
21472 152
21472 31
21472 59
21472 213
21472 220
21472 51
21472 140
21472 169
21472 203
21472 60
21472 78
21472 148
21472 150
21472 53
21472 139
21839 11
21839 26
21839 0
21839 16
21839 7
21839 9
21839 14
21839 23
21839 21
21839 27
21839 18
21839 32
21839 2
21839 4
21932 227
21932 405
21932 194
21932 197
21932 25
21932 130
21932 3
21932 276
21932 426
21932 106
21932 264
21932 251
21932 183
21932 401
21932 35
21932 450
21932 82
21932 5
21932 393
21932 256
21932 460
21932 437
21932 486
21932 293
21932 196
21932 261
21932 36
21932 483
21932 342
21932 191
21932 176
21932 198
21932 329
21932 108
21932 382
21932 495
21932 467
21932 490
21932 101
21932 445
21932 465
21932 169
21932 42
21932 259
21932 195
21932 491
21932 282
21932 367
21608 26
21608 74
21660 53
21660 109
21660 106
21660 134
21660 124
21660 151
21660 12
21660 43
21660 63
21660 88
21660 89
21660 5
21660 46
21660 118
21660 32
21660 132
21660 105
21660 15
21660 52
21660 60
21660 68
21660 74
21660 87
21660 135
21660 133
21660 48
21660 34
21660 140
21660 6
21660 51
21660 115
21660 110
21660 113
21660 23
21660 112
21660 8
21660 16
21660 55
21660 67
21660 69
21660 136
21912 39
21912 58
21912 41
21912 34
21912 4
21912 8
21912 27
21912 31
21912 36
21912 29
21912 6
21912 79
21679 4
21679 153
21679 152
21679 185
21679 194
21679 198
21679 332
21679 263
21679 88
21679 159
21679 240
21679 317
21679 46
21679 108
21679 181
21679 161
21679 90
21679 142
21679 176
21679 111
21679 122
21679 125
21679 170
21679 5
21679 133
21679 188
21679 241
21679 325
21679 2
21679 215
21679 310
21679 169
21679 178
22084 10
22084 79
22084 339
22084 292
22084 135
22084 146
22084 2
22084 4
22084 354
22084 336
22084 178
22084 360
22084 351
22084 275
22084 171
22084 176
22084 46
22084 156
22084 134
22084 300
22084 151
22084 313
22084 118
22084 332
22084 348
22084 257
22084 91
22084 344
22084 15
22084 154
22084 29
22084 220
22084 182
22084 299
22084 165
22084 80
22084 54
22084 226
22084 65
22084 276
22084 137
22084 8
22084 9
22084 204
22084 362
22084 179
22084 217
22084 293
22084 21
22186 1
22186 5
22186 15
22186 2
22186 18
22186 6
21840 80
21840 7
21840 18
21840 22
21840 38
21840 51
21840 50
21840 124
21840 65
21840 75
21840 90
21840 74
21840 94
21840 98
21840 158
21840 125
21840 126
21840 58
21840 2
21840 15
21840 34
21840 129
21840 72
21840 83
21840 123
21840 107
21840 157
21840 14
21840 20
21840 64
21840 19
21840 41
21840 88
21840 95
21840 145
21840 152
21840 119
21840 134
21840 147
21840 53
21840 150
21840 151
21840 143
21840 154
21840 146
21840 81
21840 54
21840 48
21840 131
21840 114
21840 135
21840 26
21840 89
21840 5
21840 8
21840 57
21840 6
21840 60
21840 66
21840 132
21840 40
21840 77
21840 137
21840 70
22021 74
22021 51
22021 80
22021 19
22021 175
22021 53
22021 65
22021 150
22021 151
22021 144
22021 58
22021 94
22021 139
22021 109
22021 12
22021 33
22021 178
22021 61
22021 28
22021 41
22021 107
22021 92
22021 163
22021 29
22021 45
22021 121
22021 168
22021 125
22021 142
22021 135
22021 32
22021 97
22021 132
22079 22
22079 12
22079 31
22079 35
21761 0
21761 42
21761 33
21761 20
21761 8
21761 17
21761 19
21761 2
21761 22
21761 10
21761 13
21761 6
21761 9
21761 38
21761 11
21761 23
21780 18
21780 16
21780 3
21780 17
21780 34
21958 24
21958 32
21958 18
21958 0
21958 20
21958 3
21958 55
21537 484
21537 416
21537 129
21537 187
21537 217
21537 295
21537 223
21537 297
21537 373
21537 380
21537 470
21537 74
21537 133
21537 28
21537 112
21537 135
21537 245
21537 63
21537 121
21537 186
21537 216
21537 228
21537 45
21537 57
21537 159
21537 213
21537 305
21537 35
21537 160
21537 200
21537 38
21537 215
21537 311
21537 183
21537 243
21537 95
21537 287
21537 195
21537 226
21537 242
21537 389
21537 143
21537 145
21537 241
21537 283
21537 513
21537 544
21537 314
21537 46
21537 68
21537 324
21537 368
21537 409
21537 251
21537 258
21537 276
21537 352
21537 353
21537 31
21537 79
21537 111
21537 249
21537 104
21537 124
21537 212
21537 313
21537 62
21537 114
21537 199
21663 129
21663 145
21663 6
21663 45
21663 10
21663 76
21663 17
21663 52
21663 59
21663 70
21663 115
21663 68
21663 0
21663 42
21663 149
21663 2
21663 82
21663 147
21663 192
21663 30
21663 32
21663 44
21663 46
21663 106
21663 81
21663 101
21663 136
21663 169
21663 88
21663 153
21663 182
21663 100
21663 29
21663 144
21663 1
21663 23
21663 102
21663 194
21663 119
21663 18
21663 31
21663 146
21663 130
21663 141
21663 183
21663 85
21663 97
21663 155
21663 189
21663 90
21663 124
21663 11
21663 72
21663 34
21663 9
21663 37
21663 43
21663 55
21663 75
21663 83
21663 99
21663 172
21663 54
21663 63
21647 80
21647 153
21647 3
21647 14
21647 98
21647 104
21647 187
21647 65
21647 190
21647 234
21647 15
21647 147
21647 185
21647 197
21647 233
21647 312
21647 306
21647 327
21647 242
21647 10
21647 121
21647 127
21647 313
21647 324
21647 33
21647 289
21647 305
21647 184
21647 76
21647 136
21647 160
21647 201
21647 299
21647 309
21647 295
21647 45
21647 323
21809 90
21975 59
21975 6
21975 50
21975 46
21975 17
21975 5
21975 4
21975 35
21975 86
21975 40
21975 9
21486 27
21486 54
21486 114
21486 136
21486 52
21486 117
21486 128
21486 1
21486 6
21486 50
21486 78
21486 103
21486 119
21486 126
21486 146
21486 43
21486 20
21486 24
21486 109
21486 99
21486 138
21486 30
21486 41
21486 86
21486 28
21486 75
21486 25
21486 102
21486 104
21486 107
21486 55
21486 88
21486 141
21486 84
21486 120
21486 91
21486 143
21486 35
21486 72
21486 79
21486 111
21486 17
21486 37
21486 49
21486 62
21486 73
21486 89
21486 133
21486 12
22132 70
22132 73
22132 0
22132 16
22132 49
21877 7
21877 9
22197 10
22197 27
22197 26
22197 14
22197 4
22197 5
22197 3
21875 42
21875 137
21875 78
21875 186
21875 82
21875 65
21875 60
21875 126
21875 165
21875 69
21875 125
21875 23
21875 29
21875 149
21875 22
21875 4
21875 18
21875 13
21875 38
21875 151
21875 66
21875 172
21875 37
21875 31
21875 9
21875 90
21875 185
21875 167
21875 28
21875 169
21875 77
21875 117
22063 19
22063 158
22063 157
22063 230
22063 118
22063 3
22063 227
22063 71
22063 456
22063 260
22063 420
22063 533
22063 25
22063 184
22063 241
22063 423
22063 480
22063 551
22063 483
22063 465
22063 536
22063 351
22063 455
22063 92
22063 310
22063 294
22063 81
22063 191
22063 401
22063 383
22063 397
22063 534
22063 216
22063 343
22063 333
22063 254
22063 485
22063 26
22063 245
22063 389
22063 87
22063 132
22063 250
22063 515
22063 63
22063 305
22063 187
22063 360
22063 437
22063 517
22063 121
22063 168
22063 476
22063 91
22063 506
22063 263
22063 15
22063 489
22063 404
22063 527
22063 154
22063 47
22063 521
22063 335
22063 459
22063 376
22063 338
22063 315
22063 171
22063 478
22063 93
22063 95
22063 436
22063 488
22063 148
22063 325
22063 149
22063 97
22063 37
22063 303
22063 293
22063 275
22063 317
22063 16
22063 64
22063 454
22063 523
22063 541
22063 188
22063 126
22063 177
22063 408
22063 409
22063 463
22063 337
22063 5
22063 509
22063 30
22063 94
22063 138
22063 472
22063 313
22063 395
22063 544
22063 228
22063 172
22063 130
22063 308
22063 309
22063 96
22063 344
22063 421
22063 219
22063 285
22063 212
22063 532
22063 203
22063 150
22063 85
22063 218
22063 174
22063 438
22063 32
22063 419
22063 65
22063 79
22063 7
22063 369
22063 312
22063 99
22063 80
22063 373
22063 257
22063 18
22063 215
22063 384
22063 493
22063 446
22063 0
22063 27
22063 512
22063 17
22063 114
22063 129
22063 180
22063 410
22063 284
22063 192
22063 12
22063 136
22063 287
22063 367
22063 206
22063 182
22063 256
22063 267
22063 276
22063 414
22063 237
22063 504
22063 520
22063 403
22063 135
22063 248
22063 382
22063 490
22063 481
22063 522
22063 61
22063 68
22063 327
22063 432
22063 160
22063 202
22063 46
22063 345
22063 402
22063 461
22063 221
22063 113
22063 467
22063 528
22063 119
22063 178
22063 169
22063 209
22063 291
22063 242
22063 390
22063 83
22063 392
22063 115
22063 387
22063 498
22063 66
22063 554
22063 266
22063 152
22063 553
22063 208
22063 236
22063 235
22063 116
22063 261
22063 280
22063 38
22063 39
22063 137
22063 145
22063 105
21828 9
21828 11
21495 52
21495 81
21495 0
21495 22
21495 8
21495 36
21495 4
21495 21
21495 26
21495 30
21495 37
21495 55
21495 71
21495 60
21495 84
21495 5
21495 24
21495 31
21495 12
21495 7
21495 27
21495 34
22205 47
22205 79
22205 54
22205 32
22205 35
22205 9
22205 59
22205 13
21922 330
21922 285
21922 358
21922 118
21922 58
21922 57
21922 284
21922 187
21922 30
21922 318
21922 145
21922 82
21922 207
21922 206
21922 193
21922 434
21922 105
21922 130
21922 297
21922 299
21922 279
21922 233
21922 314
21922 144
21922 205
21922 185
21922 396
21922 9
21922 333
21922 344
21922 440
21922 211
21922 43
21922 266
21922 93
21922 79
21922 1
21922 197
21922 336
21922 202
21922 390
21922 353
21922 212
21922 234
21922 399
21922 17
21922 395
21922 96
21922 377
21922 320
21922 280
21922 423
21922 61
21922 72
21922 387
21922 372
21922 334
21922 228
21922 114
21922 127
21922 89
21922 40
21922 126
21922 5
21922 155
21922 165
21922 137
21922 190
21922 346
21922 119
21922 425
21922 63
21922 104
21922 407
21922 313
21922 420
21922 398
21922 125
21922 208
21922 350
21922 444
21922 142
21922 410
21922 322
21922 363
21922 87
21922 221
21922 210
21922 122
21922 55
21922 255
21922 298
21922 44
21922 146
21922 194
21922 98
21922 439
21922 378
21922 28
21922 22
21922 422
21922 402
21922 62
21922 259
21922 248
21922 397
21922 430
21922 381
21922 237
21922 138
21922 360
21922 37
21922 6
21922 113
21922 201
21922 385
21922 10
21922 400
21922 257
21922 106
21922 303
21922 157
21922 424
21922 403
21922 136
21922 342
21922 282
21922 393
21922 343
21922 406
21922 296
21922 447
21922 315
21922 218
21922 321
21922 52
21922 394
21922 151
21922 69
21922 275
21922 178
21922 362
21922 383
21922 14
21922 27
21922 452
21922 71
21922 384
21922 361
21922 103
21922 419
21922 81
21922 281
21922 295
21922 132
21922 352
21922 306
21922 49
21922 345
21922 369
21922 179
21922 175
21922 56
21922 108
21922 283
21922 290
21922 438
21922 54
21986 109
21986 81
21986 132
22048 7
22078 64
22078 113
22078 80
22078 96
22078 65
22078 86
22078 104
22078 131
22122 14
21905 6
21905 7
21905 17
21905 14
21905 16
21905 10
21905 11
21905 4
22189 31
22189 102
22189 26
22189 60
22189 99
22189 61
22189 96
22189 40
22189 106
22189 130
22189 124
22189 112
22189 108
22189 58
22189 116
22189 129
22189 19
22189 73
22189 92
22189 63
22189 88
21893 11
21893 43
21893 110
21893 20
22239 5
22239 4
22083 79
22083 34
22083 98
22083 87
22083 91
22083 54
22083 18
21955 52
21955 83
21955 25
21955 13
21955 11
21955 41
21955 49
21955 80
21955 0
21955 36
21955 32
21955 71
21955 53
21955 50
21955 6
21955 21
21955 70
21955 61
21955 1
21839 28
21839 19
21432 20
21432 43
21432 58
21432 50
21432 63
21579 312
21579 300
21579 219
21579 114
21579 46
21579 224
21579 18
21579 6
21579 19
21579 26
21579 170
21579 269
21579 137
21579 143
21579 150
21579 232
21579 252
21579 187
21579 65
21579 30
21579 166
21579 199
21579 207
21579 298
21579 325
21579 284
21579 297
21579 348
21579 338
21579 55
21579 96
21579 183
21579 256
21579 54
21579 155
21579 344
21579 345
21579 228
21579 86
21579 84
21579 212
21579 234
21579 248
21579 264
21579 51
21579 227
21579 233
21579 221
21579 244
21579 9
21579 113
21579 188
21579 198
21579 247
21579 82
21579 76
21579 39
21579 263
21579 128
21579 329
21579 10
21579 271
21579 136
21579 349
21579 35
21579 77
21579 185
21579 93
21579 254
21579 214
21579 152
21579 42
21887 140
21887 38
21887 108
21887 37
21887 6
21887 50
21887 128
21887 131
21887 20
21887 126
21887 110
21887 4
21522 7
21522 51
21522 77
21522 24
21522 84
21522 37
21522 71
21522 102
21522 72
21522 30
21522 40
21522 64
21522 100
21522 104
21522 50
21522 34
21522 46
21522 74
21522 57
21522 62
21522 108
21522 35
21522 61
21522 99
21522 39
21522 55
21522 65
21522 18
21522 12
21522 81
21522 90
21522 6
21522 26
21522 13
21522 16
21522 106
21530 128
21530 198
21530 16
21530 49
21530 68
21530 168
21530 200
21999 15
21999 18
21475 45
21475 15
21637 26
21637 69
21637 82
21637 91
21637 152
22205 49
22205 36
22205 24
22205 69
22205 31
22205 11
22205 43
22205 16
22205 45
21459 32
21459 82
21459 88
21459 30
21459 33
21459 44
21459 8
21459 69
21459 106
21459 56
21459 76
21459 87
21459 53
21459 2
21459 12
21459 40
21459 67
21671 16
21671 9
21671 21
21671 15
21671 2
22118 46
22118 30
22118 62
22118 63
22118 40
22118 59
22118 37
22118 23
22118 49
22118 64
22118 34
22118 48
22118 9
22118 15
22118 0
22118 43
22118 5
22118 17
22118 39
22118 3
22118 11
21932 154
21932 488
21932 343
21932 407
21932 431
21932 221
21932 348
21932 323
21932 388
21932 279
21932 361
21932 249
21932 121
21932 487
21932 286
21932 71
21932 206
21932 59
21932 458
21932 57
21932 189
21932 68
21932 274
21932 394
21932 284
21932 404
21932 499
21932 70
21932 163
21932 349
21932 433
21932 374
21932 316
21932 110
21932 84
21932 137
21932 79
21932 165
21932 222
21932 336
21932 212
21932 315
21932 87
21932 447
21932 434
21932 51
21932 211
21932 376
21932 17
21932 290
21932 86
21932 40
21932 321
21932 175
21932 373
21932 440
21932 219
21932 254
21932 472
21932 299
21932 272
21932 18
21932 103
21932 318
21932 453
21932 379
21932 397
21932 182
21932 430
21932 80
21932 174
21932 32
21932 89
21932 355
21932 369
21932 54
21932 420
21932 192
21932 364
21932 278
21932 98
21932 332
21932 402
21932 45
21932 147
21932 167
21932 124
21932 143
21932 312
21932 489
21932 474
21932 243
21783 23
21783 75
21783 145
21783 146
21783 200
21783 231
21783 293
21783 320
21783 226
21783 239
21783 404
21783 431
21783 450
21783 44
21783 309
21783 458
21783 486
21783 500
21783 98
21783 121
21783 143
21783 186
21783 67
21783 184
21783 181
21783 220
21783 311
21783 381
21783 475
21783 147
21783 522
21783 339
21783 159
21783 199
21783 345
21783 511
21783 123
21783 368
21783 394
21783 484
21783 528
21783 201
21783 214
21783 278
21783 473
21783 507
21783 509
21783 538
21783 241
21783 504
21783 258
21783 440
21783 537
21783 340
21783 272
21783 4
21783 20
21783 224
21783 247
21783 269
21783 287
21783 397
21783 512
21783 420
21783 437
21783 503
21783 518
21783 346
21783 365
21783 526
21783 464
21783 25
21783 203
21783 305
21783 337
21783 375
21783 430
21783 83
21783 82
21783 86
21783 384
21783 411
21783 489
21783 34
21783 105
21783 28
21783 50
21783 271
21783 434
21783 466
21783 53
21783 93
21783 495
21783 513
21784 31
21784 33
21784 64
21784 61
21784 5
21784 15
21784 28
21784 40
21784 46
21769 8
21769 25
21769 19
21769 23
21769 38
21769 12
21769 27
21769 6
21590 17
21590 28
21590 34
21590 56
21590 5
21590 51
21590 52
21590 26
21590 59
21590 60
21590 49
21914 65
21914 160
21914 62
21914 44
21914 330
21914 300
21914 305
21914 91
21914 306
21914 17
21914 98
21914 175
21914 241
21914 288
21914 76
21914 169
21914 42
21914 191
21914 110
21914 290
21914 229
21914 36
21914 35
21914 143
21914 19
21914 238
21914 283
21914 148
21914 29
21914 145
21914 264
21914 68
21914 218
21914 37
21914 281
21914 239
21914 312
21914 45
21914 95
21914 208
21914 261
21914 162
21914 226
21914 190
21914 111
21914 64
21914 313
21914 107
21914 244
21914 220
21914 207
21914 310
21914 166
21914 270
21914 216
21914 164
21914 297
21914 150
21914 234
21914 315
21914 121
21914 273
21914 179
21914 154
21914 268
21914 278
21914 144
21914 1
21914 152
21914 26
21914 285
21914 54
21914 43
21914 136
21914 0
21914 326
21914 106
21914 304
21914 211
21914 316
21914 109
21914 286
21914 22
21914 94
21914 204
21914 130
21914 101
21914 172
21914 233
21914 230
21914 5
21914 67
21914 272
21914 146
21914 113
21914 129
21697 9
21697 38
21697 60
21697 85
21697 34
21697 66
21697 78
21697 0
21697 28
21697 39
21697 3
21767 42
21767 27
21767 39
21767 43
21767 60
21767 62
21767 23
21767 44
21767 53
21767 64
21767 30
21767 55
21767 71
21867 2
21867 0
21867 14
21867 3
21867 5
21709 0
21709 8
21819 3
21819 19
21819 12
21819 1
21819 11
21819 47
21819 27
21819 46
21819 28
21973 94
21973 100
21973 56
21973 112
21973 67
21973 81
21973 77
21470 22
21470 26
22254 4
22254 11
22254 1
21989 19
21989 30
21989 176
22209 4
22036 27
22036 5
22036 16
22036 10
22036 14
22036 0
22036 1
22003 2
22003 81
22003 58
22003 71
22003 28
22003 17
22003 76
22003 9
22003 72
22003 60
22003 56
22003 32
22003 80
22003 36
22003 37
22003 35
22003 41
22003 53
22003 31
22003 83
21951 89
21951 67
21951 5
21951 44
21951 37
21951 98
21951 130
21951 0
21951 21
21951 129
21951 29
21951 28
21951 73
21951 59
21951 107
21951 125
21951 79
21951 11
21951 106
21629 75
21629 79
21629 84
21629 149
21629 130
21629 147
21629 72
21629 15
21629 120
21629 125
21629 157
21629 166
21629 19
21629 73
21629 146
21629 55
21629 102
21629 78
21629 47
21629 96
21629 35
21629 43
21629 126
21629 24
21629 106
21629 8
21629 124
21629 116
21629 127
21629 27
21629 36
21629 88
21629 51
21629 81
21629 136
21942 8
21942 11
21942 12
21942 13
21942 10
22185 147
22185 108
22185 90
22185 93
22185 103
22185 97
22185 50
22185 117
22185 2
22185 96
22185 17
22185 88
22185 76
22185 34
22185 9
22185 63
22185 109
22185 141
22185 114
22185 115
22185 39
22185 43
22185 123
22185 99
22185 8
22185 98
22185 30
22185 31
22185 51
21963 83
21963 131
21963 339
21963 287
21963 347
21963 16
21963 361
21963 330
21963 48
21963 268
21963 303
21963 226
21963 79
21963 263
21963 218
21963 71
21963 52
21963 106
21963 257
21963 190
21963 39
21963 309
21963 108
21963 345
21963 145
21963 312
21963 240
21963 301
21963 203
21963 121
21963 307
21963 142
21963 325
21963 281
21963 73
21963 242
21963 342
21963 146
21963 289
21963 279
21963 292
21963 46
21963 298
21963 187
21963 340
21963 227
21963 221
21963 163
21963 336
21963 31
21963 86
21963 206
21963 280
21963 316
21963 282
21963 178
21963 0
21963 267
21963 4
21963 199
21963 154
21963 36
21963 147
21963 116
21963 294
21963 130
21963 243
21963 200
21963 149
21963 285
21963 358
21963 141
21963 315
21963 6
21963 136
21963 224
21963 150
21963 209
21963 151
21963 185
21963 180
21963 207
21963 45
21963 293
21963 134
21963 57
21963 232
21963 5
21963 246
21963 259
21963 44
21963 324
21963 197
21963 337
21963 138
21963 101
21963 3
21963 14
21963 256
21963 95
21963 271
21963 99
21963 297
21963 182
21963 366
21963 137
21963 107
21963 111
21963 172
21963 21
21963 359
21963 261
21963 156
21963 290
21963 41
21963 192
21963 195
21963 98
21963 245
21963 159
21963 67
21963 37
21963 157
21963 89
21851 30
21851 16
21851 1
21851 43
21851 3
21851 36
21851 5
21851 12
21851 31
21851 40
21851 17
21851 19
21851 7
21851 6
22062 4
22062 72
22062 142
22062 123
22062 64
22062 97
22062 104
22062 143
22062 17
22062 109
22062 24
22062 134
22062 148
22062 122
21556 23
21556 109
21556 236
21556 311
21556 13
21556 39
21556 48
21556 258
21556 314
21556 350
21556 362
21556 367
21556 90
21556 268
21556 282
21556 323
21556 341
21556 344
21556 153
21556 192
21556 222
21556 233
21556 308
21556 37
21556 328
21556 337
21556 8
21556 26
21556 93
21556 217
21556 327
21556 353
21556 18
21556 34
21556 79
21556 89
21556 292
21556 33
21556 91
21556 177
21556 263
21556 346
21556 145
21556 77
21556 81
21556 317
21556 0
21556 17
21556 40
21556 44
21556 199
21556 272
21556 348
21556 218
21556 245
21556 286
21556 325
21556 146
21556 175
21556 219
21556 256
21556 137
21556 284
21556 302
21556 83
21556 369
21556 114
21556 141
21556 238
21556 321
21556 331
21556 78
21556 134
21556 143
21556 259
21556 351
21556 113
21556 118
21556 312
21556 343
21556 368
22150 190
22150 125
22150 65
22150 115
22150 103
22150 36
22150 80
22150 164
22150 173
22150 10
22150 122
22150 185
22150 14
22150 70
22150 149
22150 53
22150 130
22150 1
22150 180
22150 214
22150 37
22150 93
22150 197
22150 47
22150 189
22150 202
22150 203
22150 143
22150 61
22150 71
22150 55
22150 211
22150 2
22150 39
22150 208
22150 175
22150 99
22150 123
22150 17
22150 59
22150 206
22150 193
22150 76
22150 119
22150 131
22150 12
22150 170
22150 188
22150 32
22150 18
22150 168
22150 4
22150 204
22150 161
22150 178
22150 157
22150 200
22150 87
22150 97
22150 35
22150 169
22150 92
22150 112
22150 134
22150 31
22150 148
22150 141
22150 90
22150 155
22150 20
22150 137
22150 69
22150 25
22150 114
22150 212
22150 82
22150 102
22150 154
22150 51
21880 94
21880 109
21880 253
21880 52
21880 25
21880 5
21880 231
21880 332
21880 181
21880 217
21880 257
21880 273
21880 28
21880 161
21880 64
21880 167
21880 286
21880 24
21880 248
21880 245
21880 58
21880 303
21880 51
21880 106
21880 193
21880 32
21880 197
21880 189
21880 46
21880 87
21880 192
21880 287
21880 72
21880 82
21880 103
21880 50
21880 241
21880 295
21880 12
21880 75
21880 230
21880 216
21880 156
21880 7
21880 4
21880 214
21880 11
21880 17
21880 88
21880 265
21880 36
21880 326
21880 252
21880 208
21880 305
21880 291
21880 79
21880 89
21880 98
21880 215
21880 31
21880 138
21880 30
21880 74
21880 164
21880 63
21880 147
21880 107
21880 39
21880 225
21880 249
21880 2
21880 219
21880 8
21880 178
21880 34
21880 175
21880 207
21880 222
21880 108
21880 174
21880 329
21880 171
21880 187
21880 263
21880 200
21880 134
21880 210
21880 330
21880 66
21880 312
21880 76
21880 258
21880 1
21880 13
21880 68
21880 251
21880 133
21880 236
21880 282
21880 152
21880 56
21880 300
21880 43
21880 97
21880 137
21880 204
21880 105
21880 41
21880 29
21880 38
21880 155
21880 173
21880 290
21880 293
21880 153
21880 196
21880 233
21880 322
21880 315
21880 18
21880 324
21947 35
21947 33
21947 15
21947 109
21947 111
21947 4
21947 22
21947 26
21947 0
21947 77
21947 21
21947 80
21947 6
21924 46
21924 72
21924 7
21924 27
21924 11
21924 32
21924 20
21924 37
21924 64
21924 0
21924 6
21924 14
21924 13
21924 71
21924 42
21924 61
22042 271
22042 121
22042 169
22042 78
22042 231
22042 241
22042 73
22042 401
22042 207
22042 223
22042 334
22042 402
22042 16
22042 42
22042 86
22042 6
22042 20
22042 300
22042 258
22042 399
22042 307
22042 288
22042 176
22042 365
22042 232
22042 352
22042 135
22042 383
22042 391
22042 104
22042 319
22042 79
22042 191
22042 17
22042 272
22042 88
22042 25
22042 372
22042 210
22042 46
22042 181
22042 404
22042 18
22042 35
22042 183
22042 355
22042 117
22042 10
22042 103
22042 219
22042 165
22042 348
22042 105
22042 292
22042 228
22042 301
21446 7
21446 87
21446 105
21446 130
21446 59
21446 92
21411 1
21411 19
22140 205
22140 263
22140 249
22140 219
22140 149
22140 84
22140 229
22140 24
22140 95
22140 143
22140 210
22140 142
22140 151
22140 12
22140 46
22140 141
22140 25
22140 171
22140 244
22140 187
22140 90
22140 188
22140 32
22140 308
22140 301
22140 115
22140 157
22140 113
22140 277
22140 54
22140 177
22140 122
22140 89
22140 55
22140 120
22140 81
22140 162
22140 278
22140 199
22140 173
22140 7
22140 16
22140 227
22140 91
22140 0
22140 309
22140 261
22140 41
22140 35
22140 104
22140 86
22140 250
22140 88
22140 123
22140 39
22140 170
22140 77
22140 295
22140 37
22140 119
22140 293
22140 66
22140 2
22140 76
22140 65
22140 31
22140 8
22140 294
22140 108
22140 27
22140 189
22140 300
22140 245
22140 51
22140 299
22140 215
22140 146
22140 209
22140 232
22140 160
22140 279
22140 64
22140 68
22140 216
22140 103
22140 169
22140 271
22140 183
22140 161
22140 134
22140 102
22140 239
22140 130
22140 310
22140 297
22140 144
22140 48
22140 200
22140 40
22140 253
22140 282
22140 164
22140 285
22140 158
22140 222
22140 306
22140 238
22140 136
22140 110
21922 269
21922 376
21922 139
21922 184
21922 67
21922 339
21922 41
21922 442
21922 80
21922 73
21922 310
21922 216
21922 272
21922 164
21922 75
21922 192
21922 42
21922 217
21895 456
21895 137
21895 225
21895 536
21895 548
21895 293
21895 70
21895 306
21895 262
21895 448
21895 317
21895 490
21895 171
21895 15
21895 146
21895 434
21895 327
21895 362
21895 256
21895 50
21895 235
21895 560
21895 178
21895 365
21895 236
21895 64
21895 480
21895 460
21895 224
21895 526
21895 271
21895 544
21895 47
21895 462
21895 532
21895 564
21895 340
21895 394
21895 177
21895 229
21895 32
21895 301
21895 399
21895 429
21895 275
21895 541
21895 36
21895 126
21895 447
21895 468
21895 164
21895 123
21895 358
21895 450
21895 159
21895 93
21895 270
21895 154
21895 231
21895 173
21895 531
21895 34
21895 547
21895 433
21895 91
21895 67
21895 558
21895 205
21895 82
21895 28
21895 454
21895 107
21895 359
21895 476
21895 182
21895 411
21895 234
21895 356
21895 208
21895 276
21895 310
21895 165
21895 127
21895 242
21895 374
21895 125
21895 507
21895 148
21941 45
21941 27
21941 21
21941 19
21941 4
21941 54
21941 56
21941 13
21941 29
21941 36
21941 10
21941 35
21941 52
21941 37
21941 51
21941 33
21941 43
21941 14
21941 9
21941 23
21643 28
21643 49
21643 131
21643 231
21643 85
21643 178
21643 45
21643 81
21643 116
21643 157
21643 29
21643 39
21643 133
21643 64
21643 206
21643 42
21643 65
21643 101
21643 213
21643 92
21643 141
21643 208
21643 8
21643 43
21643 93
21643 177
21643 168
21643 186
21643 207
21685 61
21685 114
21685 41
21685 132
21685 57
21685 139
21685 99
21685 66
21685 35
21685 65
21685 23
21685 123
21685 17
21685 84
21685 120
21749 14
21749 49
21749 52
22025 34
22025 7
22025 25
22025 42
22025 52
21502 100
21502 56
21502 36
21502 68
21502 6
21502 69
21502 0
21502 67
21502 90
21502 71
21502 62
21502 47
21502 55
21502 75
21502 88
21502 48
21502 43
21502 37
21502 45
21502 53
21840 61
21840 32
21840 45
21840 62
21840 76
21840 3
21840 1
21840 17
21840 112
21840 79
21840 115
21840 141
22111 13
22190 3
22190 17
22252 85
22252 210
22252 331
22252 295
22252 261
22252 197
22252 282
22252 100
22252 272
22252 106
22252 114
22252 167
22252 307
22252 19
22252 153
22252 158
22252 12
22252 354
22252 396
22252 171
22252 143
22252 68
22252 337
22252 206
22252 30
22252 299
22252 179
22252 246
22252 56
22252 433
22252 125
22252 95
22252 277
22252 395
22252 308
22252 406
22252 99
22252 350
22252 344
22252 323
22252 159
22252 407
22252 155
22252 121
22252 439
22252 279
22252 251
22252 230
22252 403
22252 440
22252 94
22252 25
22252 316
22252 268
22252 48
22252 257
22252 231
22252 368
22252 356
22252 420
22252 54
22252 318
22252 303
22252 36
22252 0
22252 390
22252 453
22252 151
22252 232
22252 283
22252 4
22252 459
22252 442
22252 90
22252 334
22252 145
22252 17
22252 97
22252 60
22252 264
22252 333
22252 317
22252 47
22252 387
22252 122
22252 343
22252 156
22252 451
22252 338
22252 205
22252 234
22252 154
22252 245
22252 201
22252 436
22252 161
22252 401
22252 361
22252 443
22252 286
22252 52
22252 292
22252 254
22252 9
22252 166
22252 335
22252 181
22252 345
22252 22
22252 15
22252 369
22252 62
22252 304
22252 391
22252 82
22252 252
22252 328
22252 140
22252 64
22252 67
22252 191
22252 259
22252 294
22252 373
22252 358
22252 415
22252 34
22252 425
22252 434
22252 385
22252 346
22252 193
22252 225
22252 23
22252 20
22252 348
22252 310
22252 109
22252 430
22252 105
22252 119
22252 236
22252 353
22252 276
22252 135
22252 300
22252 280
22252 329
22252 182
22252 227
22252 454
22252 43
22252 81
22252 111
22180 139
22180 52
22180 57
22180 10
22180 118
22180 26
22180 73
22180 79
22180 20
22180 117
22180 31
22180 81
22180 76
22180 84
22180 51
22180 124
22180 130
22180 34
22180 93
22180 137
22180 122
22180 19
22180 24
22180 71
22180 27
22180 141
22180 63
22180 35
21686 24
21686 56
21686 11
21686 55
21686 32
21686 50
21686 62
21686 22
21686 0
21686 10
21686 39
21686 16
21686 68
21686 54
21686 71
21942 1
22265 3
22265 9
22265 99
22265 97
22265 93
22265 100
22265 28
22265 71
22265 91
22265 76
22265 6
22265 55
22265 113
22265 34
21610 7
21610 25
21610 27
21610 66
21610 102
21610 5
21610 16
21610 26
21610 35
22109 78
22109 51
22109 15
22109 66
22109 19
22109 46
22109 18
22109 77
22109 60
22109 11
22109 53
22109 83
22109 26
22109 73
22109 27
22109 41
22109 76
22109 55
22109 8
21835 9
21835 24
21835 25
21835 21
21835 3
22136 7
22136 47
22136 34
22136 38
22136 0
22136 31
22136 18
21759 8
21759 7
21759 18
21759 1
21759 3
21759 15
21759 5
21759 11
21759 2
21759 13
21988 272
22040 9
22040 46
22040 45
22040 25
22040 54
22040 1
22040 33
22040 50
22040 15
22040 40
22040 16
22040 5
22040 31
22040 22
22040 0
22197 24
22197 12
22197 8
22197 21
21749 20
21749 41
21749 48
21749 59
21749 7
21749 66
21870 271
21870 36
21870 48
21870 4
21870 102
21870 61
21870 309
21870 345
21870 24
21870 273
21870 316
21870 344
21870 38
21870 131
21870 216
21870 247
21870 190
21870 191
21870 94
21870 315
21870 262
21870 275
21870 108
21870 107
21870 213
21870 251
21870 277
21870 257
21870 5
21870 173
21870 166
21870 240
21870 226
21870 243
21870 290
21870 332
21870 179
21870 326
21870 353
21870 201
21870 56
21870 338
21870 233
21870 206
21870 325
21870 149
21870 193
21870 358
21870 126
21870 9
21870 192
21870 258
21870 250
21870 297
21870 347
21870 348
21870 134
21870 154
21870 53
21870 109
21870 334
21870 29
21870 194
21870 169
21870 183
21870 184
21870 238
21870 242
21870 104
21870 119
21870 199
21870 129
21870 105
21870 223
21870 195
21870 219
21870 245
21870 27
21870 310
21870 127
21870 69
21870 151
21870 92
21870 80
21870 274
21870 10
21870 41
21870 140
21870 286
21870 360
21870 11
21870 317
21870 366
21870 281
21870 222
21870 186
21870 303
21870 228
21870 7
21870 321
21870 168
21870 364
21870 181
21870 99
21870 301
21870 164
21870 1
21870 236
21870 148
21870 89
21870 187
21870 361
21870 85
21870 210
21870 115
21870 114
21870 176
21870 182
21870 46
21870 260
21870 135
21870 17
21870 295
21870 368
21937 22
21937 1
21937 2
21937 30
21937 0
21549 12
21549 19
21549 31
21549 37
21549 87
21549 128
21549 159
21549 33
21549 104
21549 107
21549 116
21549 71
21549 108
21549 206
21549 111
21549 139
21549 147
21549 24
21549 113
21549 70
21549 84
21549 110
21549 144
21549 155
21549 79
21549 133
21549 172
21549 154
21549 199
21549 50
21549 102
21549 122
21549 179
21549 59
21549 1
21549 181
21549 43
21549 74
21549 75
21549 129
21470 33
21470 34
21470 3
21470 17
22136 4
22136 27
22136 13
22136 29
22136 25
22136 54
22136 17
22136 14
22136 24
22136 5
22136 22
22136 39
22136 12
22136 42
22136 45
22136 36
22136 23
22136 30
22136 9
22136 51
22244 61
22244 12
22244 93
22244 16
22244 59
22244 57
22244 89
22244 73
22244 39
22244 55
21882 33
21882 15
21882 32
21882 51
21882 77
21882 49
21882 29
21882 3
22058 132
22058 561
22058 77
22058 544
22058 377
22058 173
22058 539
22058 475
22058 407
22058 226
22058 506
22058 129
22058 549
22058 528
22058 120
22058 220
22058 277
22058 321
22058 24
22058 182
22058 343
22058 283
22058 560
22058 333
22058 535
22058 19
22058 545
22058 142
22058 155
22058 380
22058 245
22058 513
22058 15
22058 563
22058 179
22058 403
22058 396
22058 81
22058 581
22058 69
22058 290
22058 433
22058 491
22058 541
22058 455
22058 117
22058 208
22058 529
22058 418
22058 504
22058 281
22058 493
22058 449
22058 430
22058 432
22058 66
22058 401
22058 83
22058 56
22058 454
22058 347
22058 29
22058 389
22058 128
22058 123
22058 147
22058 474
22058 90
22058 68
22058 361
22058 337
22058 412
22058 450
22058 163
22058 353
22058 87
22058 158
22058 562
22058 327
22058 21
22058 263
21474 54
21474 55
21474 18
21474 28
21474 94
21474 72
21474 83
21474 12
21474 31
21474 40
21474 49
21474 77
21474 84
21474 7
21474 0
21474 69
21474 1
21474 8
21474 10
21474 13
21474 5
21474 9
21474 25
21590 31
21590 46
21590 11
21590 61
21791 5
21791 92
21791 116
21791 125
21791 14
21791 48
21791 55
21791 99
21791 9
21791 39
21791 110
21791 37
21791 95
21791 124
21791 131
21791 74
21791 112
21791 142
22260 47
22260 63
22260 96
22260 316
22260 144
22260 107
22260 304
22260 13
22260 221
22260 164
22260 258
22260 314
22260 366
22260 168
22260 315
22260 114
22260 120
22260 73
22260 28
22260 320
22260 151
22260 6
22260 95
22260 355
22260 302
22260 210
21784 11
21784 38
21784 43
21784 49
21784 35
21795 145
21795 68
21795 240
21795 244
21795 26
21795 37
21795 74
21795 173
21795 254
21795 246
21795 289
21795 19
21795 24
21795 245
21795 284
21795 22
21795 50
21795 56
21795 83
21795 175
21795 6
21795 72
21795 146
21795 238
21795 221
21795 249
21795 272
21795 280
21795 181
21795 236
21795 23
21795 25
21795 96
21795 135
21795 228
21795 232
21795 256
21795 260
21795 69
21795 139
21795 257
21795 15
21795 16
21795 58
21795 73
21795 148
21795 189
21795 196
21795 140
21795 46
21795 100
21795 274
21795 185
21795 201
21795 202
21795 144
21920 18
21920 70
21920 24
21920 52
21541 153
21541 105
21541 191
21541 208
21541 213
21692 212
21692 115
21692 228
21692 35
21692 59
21692 167
21692 178
21692 36
21692 63
21692 109
21692 153
21692 207
21692 11
21692 203
21692 213
21692 19
21692 137
21692 182
21692 218
21692 232
21692 226
21692 105
21692 195
21692 214
21692 220
21692 46
21915 3
21915 62
21915 30
21915 21
21915 17
21915 49
21961 29
21961 33
21961 28
21961 8
21961 0
21961 55
21961 64
21712 25
21981 71
21981 95
21981 35
21981 96
21981 53
21981 112
21981 42
21981 32
21981 91
21981 39
21981 18
21981 48
21981 27
21981 86
21981 47
21981 109
21981 28
21981 15
21981 78
21981 13
21981 98
21981 11
21981 40
21981 26
21981 94
21981 61
21981 19
21981 29
21981 44
21981 101
21981 6
21981 23
21981 38
21981 43
21981 2
21760 165
21760 170
21760 188
21760 211
21760 228
21760 296
21760 241
21760 23
21760 90
21760 103
21760 116
21760 320
21760 154
21760 202
21760 246
21760 302
21760 301
21760 291
21760 261
21760 284
21760 43
21760 151
21760 200
21760 210
21760 240
21760 242
21760 309
21760 329
21760 232
21760 3
21760 22
21760 51
21760 91
21760 32
21760 66
21760 150
21760 176
21760 233
21760 265
21760 313
21760 283
21760 295
21760 251
21760 339
21760 149
21760 159
21760 45
21760 111
21760 208
21760 293
21760 33
21760 84
21760 109
21760 123
21760 341
21760 258
21760 277
21760 278
21760 299
21760 333
21760 10
21760 59
21760 68
21760 158
21760 201
21760 214
21760 88
21760 115
21760 190
21760 193
21760 194
21760 61
21760 82
21760 121
21760 216
21760 217
21760 245
21760 162
21760 243
21760 92
21760 120
21760 322
21760 327
21760 29
21760 197
21760 199
21760 215
21760 219
21760 28
21760 83
21760 114
21760 110
21760 344
21765 45
21765 54
21765 95
21765 73
21765 57
21765 81
21765 10
21765 83
21765 72
21765 28
21765 30
21765 50
21765 58
21765 84
21765 59
21765 86
21765 89
21765 47
21765 65
21765 12
21765 19
21765 4
21765 17
21848 352
21848 363
21848 393
21848 485
21848 465
21848 94
21848 245
21848 354
21848 385
21848 386
21848 509
21848 532
21848 222
21848 242
21848 261
21848 410
21848 230
21848 338
21848 461
21848 517
21848 521
21848 158
21848 484
21848 379
21848 144
21848 303
21848 406
21848 440
21848 479
21848 54
21848 243
21848 174
21848 362
21848 26
21848 424
21848 453
21848 290
21848 27
21848 101
21848 199
21848 114
21848 136
21848 65
21848 179
21848 376
21848 456
21848 470
21848 155
21848 80
21848 266
21848 42
21848 147
21848 97
21848 77
21654 7
21654 4
21654 11
21654 8
21654 30
21654 55
21654 23
21654 3
21654 14
21654 26
21654 10
21654 17
21654 27
21654 40
21654 33
21654 41
21723 3
21723 2
22014 58
22014 55
22014 62
22014 5
22014 49
22014 57
22014 22
21865 115
21865 35
21865 75
21865 82
21865 87
21865 185
21865 53
21865 23
21865 114
21865 189
21865 22
21865 150
21865 55
21865 132
21865 44
21865 48
21865 61
21865 117
21865 1
21865 2
21865 90
21865 126
21865 133
21865 186
21865 3
21865 149
21865 24
21865 79
21865 102
21865 143
21865 187
21865 9
21865 72
21865 136
21865 160
21865 124
21865 176
21865 52
21865 54
21865 120
21865 142
21865 144
21865 45
21865 34
21865 73
21865 118
21865 145
21865 166
21865 173
21865 151
21865 42
21865 46
21865 49
21865 128
21865 192
21865 164
21865 174
21865 191
21865 62
21865 169
21865 184
21865 47
21865 69
21865 92
21865 99
21865 147
21865 121
21865 190
21865 13
21865 64
21865 83
21865 96
21865 106
21865 135
21865 50
21865 57
21865 95
21865 188
21978 152
21978 23
21978 47
21978 102
21978 185
21978 183
21978 159
21978 21
21978 17
21978 73
21978 96
21978 193
21978 53
21978 117
21978 188
21978 63
21833 15
21833 43
21833 395
21833 349
21833 87
21833 101
21833 177
21833 483
21833 307
21833 344
21833 226
21833 261
21833 353
21833 378
21833 71
21833 135
21833 89
21833 210
21833 272
21833 317
21833 359
21833 7
21833 402
21833 466
21833 484
21833 409
21833 488
21833 211
21833 224
21833 143
21833 82
21833 63
21833 240
21833 284
21833 308
21833 53
21833 193
21833 438
21833 100
21833 365
21833 416
21833 429
21833 369
21833 423
21833 370
21833 65
21833 151
21833 388
21833 145
21833 361
21833 20
21833 345
21833 134
21892 5
21892 10
21892 0
21892 49
21892 6
21892 104
21892 108
21892 35
21892 107
21892 44
21892 45
21892 46
21908 101
21908 93
21908 24
21908 12
21908 19
21908 106
21655 20
21655 127
21655 132
21655 232
21655 270
21655 330
21655 294
21655 32
21655 83
21655 178
21655 209
21655 278
21655 35
21655 108
21655 192
21655 86
21655 105
21655 242
21655 275
21655 156
21655 288
22093 147
22093 126
22093 34
22093 45
22093 205
22093 59
22093 167
22093 215
22093 92
22093 231
22093 109
22093 164
22093 176
22093 179
22093 97
22093 64
22093 111
22093 158
22093 138
22093 131
22093 31
22093 161
22093 206
22093 98
22093 175
22093 83
22093 128
21729 158
21729 210
21729 234
21729 48
21729 121
21729 147
21729 150
21729 62
21729 86
21729 44
21729 117
21729 143
21729 185
21729 207
21729 118
21729 132
21729 51
21729 78
21729 47
21729 106
21729 124
21729 139
21729 163
21729 69
21729 85
21729 94
21729 59
21729 133
22077 28
22077 35
22077 26
22077 45
22077 21
22077 20
22077 3
22077 14
22077 46
22077 39
22077 8
22077 50
22077 51
22077 17
22077 47
22077 33
21455 10
21455 56
21455 232
21455 61
21455 94
21455 149
21455 112
21455 5
21455 28
21455 87
22108 17
22108 16
21516 17
21516 36
21516 38
21516 41
21516 0
21516 69
21516 1
21516 6
21516 50
21516 67
21516 22
21516 25
21516 3
21516 74
21429 10
21429 15
21429 17
22264 282
22264 222
22264 35
22264 94
22264 189
22264 63
22264 99
22264 149
22264 249
22264 257
22264 101
22264 200
22264 8
22264 6
22264 285
22264 70
22264 312
22264 300
22264 194
22264 85
22264 68
22264 120
22264 211
22264 256
22264 237
22264 81
22264 311
22264 124
22264 28
22264 154
22264 287
22264 245
22264 168
22264 17
22264 71
22264 22
22264 244
22264 138
22144 20
22144 73
22144 13
22144 40
22144 0
22144 86
21844 40
21844 59
21844 28
21844 86
21844 89
21844 4
21844 58
21844 57
21844 74
21844 73
21844 16
21844 31
21844 47
21844 63
21844 2
21844 29
21844 75
21844 87
21844 27
21844 62
21844 67
21844 14
21844 54
21844 78
21844 69
21844 6
21844 24
21844 83
21844 34
21844 10
21844 1
21844 52
21963 153
21963 61
21963 85
21963 103
21963 194
21963 165
21963 265
21963 314
21963 126
21963 188
21963 274
21963 284
22049 127
22049 475
22049 513
22049 467
22049 514
22049 435
22049 49
22049 207
22049 33
22049 209
22049 181
22049 142
22049 542
22049 401
22049 332
22049 424
22049 310
22049 352
22049 484
22049 50
22049 130
22049 389
22049 331
22049 117
22049 359
22049 307
22049 200
22049 240
22049 492
22049 212
22049 22
22049 34
22049 296
22049 177
22049 100
22049 268
22049 187
22049 351
22049 290
22049 285
22049 497
22049 534
22049 344
22049 416
22049 26
22049 51
22049 114
22049 393
22049 5
22049 153
22049 532
22049 247
22049 312
22049 511
22049 105
22049 107
22049 547
22049 454
22049 350
22049 543
22049 76
22049 203
22049 206
22049 176
22049 182
22049 420
22049 274
22049 256
22049 190
22049 382
22049 447
22049 360
22049 186
22049 491
22049 521
22049 225
22049 535
22049 305
22049 64
22049 157
21842 54
21842 93
21842 167
21842 7
21842 46
21842 124
21842 140
21842 6
21842 64
21842 158
21842 87
21842 58
21842 3
21842 5
21842 39
21842 13
21842 68
21842 146
21842 178
21455 84
21455 93
21455 116
21455 117
21455 16
21455 18
21455 79
21455 100
21455 126
21455 12
21455 32
21455 96
21455 43
21455 44
21455 72
21455 114
21455 168
21455 190
21455 48
21455 161
21455 169
21455 185
21455 196
21455 102
21455 45
21455 68
21455 95
21455 136
21455 215
21864 34
21864 28
21864 49
21864 59
21864 52
21864 61
21864 39
21864 44
21864 54
21864 9
21864 2
21864 69
21864 38
21864 63
21864 4
21864 36
21532 7
21532 49
21532 44
21532 48
21532 37
21532 55
21532 33
21775 35
21775 287
21775 400
21775 472
21775 393
21775 396
21775 512
21775 356
21775 132
21775 558
21775 276
21775 288
21775 289
21775 524
21775 348
21775 388
21775 390
21775 537
21775 265
21775 79
21775 195
21775 261
21775 120
21775 170
21775 212
21775 317
21775 441
21775 511
21775 218
21775 144
21775 167
21775 182
21775 7
21775 283
21775 423
21775 141
21775 520
21775 457
21775 469
21775 495
21775 438
21775 544
21775 165
21775 559
21775 240
21775 246
21775 70
21775 134
21775 0
21775 16
21775 17
21775 122
21775 217
21775 253
21775 112
21775 310
21775 344
21775 377
21775 411
21775 401
21775 312
21775 340
21775 448
21775 470
21775 270
21775 21
21775 341
21775 353
21775 554
21775 231
21775 304
21775 478
21775 244
21775 412
21775 39
21775 145
21775 216
21775 258
21775 551
21775 226
21775 148
21775 13
21775 43
21775 81
21775 92
21775 96
21775 136
21775 179
21775 301
21775 305
21775 450
21775 506
21775 53
21775 104
21775 113
21775 458
21775 489
21775 533
21775 483
21775 207
21775 370
21775 452
21775 504
21775 25
21775 42
21775 51
21775 78
21775 510
21775 45
21775 211
21775 481
21775 168
21775 149
21775 151
21775 185
21775 295
21775 491
21775 108
21775 303
21775 488
21775 286
21775 323
21775 345
21775 374
21775 128
21775 482
21775 514
21775 3
21775 85
21775 139
21775 413
21775 349
21775 37
21775 155
21775 28
21775 76
21775 339
21775 65
21775 94
21775 114
21775 175
21775 335
21775 416
21775 461
21775 372
21775 436
21775 154
21775 225
21775 277
21775 307
21775 360
21775 455
21775 474
21775 505
21775 200
21775 306
21775 326
21775 397
21775 213
21775 247
21775 6
21775 23
21775 32
21775 54
21775 532
21452 56
21452 109
21452 87
21452 70
21452 77
21452 110
21452 112
21452 88
21452 97
21452 23
21452 0
21452 60
21452 103
21452 115
21452 121
21452 29
21452 89
21452 130
21452 66
21452 107
21452 57
21452 132
21452 64
21452 116
21452 1
21452 98
21452 12
21452 32
21452 45
21452 71
21452 104
21452 68
21452 90
21452 136
21468 144
21468 281
21468 286
21468 358
21468 463
21468 471
21468 509
21468 170
21468 251
21468 272
21468 377
21468 12
21468 20
21468 66
21468 142
21468 361
21468 480
21468 496
21468 532
21468 4
21468 17
21468 57
21468 234
21468 260
21468 126
21468 231
21468 269
21468 385
21468 56
21468 68
21468 207
21468 216
21468 355
21468 143
21468 155
21468 268
21468 297
21468 373
21468 96
21468 141
21468 227
21468 354
21468 426
21468 453
21468 505
21468 11
21468 108
21468 237
21468 359
21468 374
21468 39
21468 59
21468 14
21468 103
21468 279
21468 513
21468 535
21468 549
21468 556
21468 74
21468 146
21468 250
21468 298
21468 111
21468 119
21468 203
21468 225
21468 390
21468 439
21468 55
21468 86
21468 132
21468 229
21468 263
21468 296
21468 362
21468 423
21468 10
21468 53
21468 71
21468 136
21468 235
21468 159
21468 198
21468 238
21468 311
21468 437
21468 9
21468 46
21468 240
21468 334
21468 410
21468 233
21468 343
21468 371
21468 413
21468 128
21468 187
21468 438
21468 440
21468 21
21468 27
21468 72
21468 383
21468 44
21468 87
21468 110
21468 320
21468 193
21468 224
21468 246
21468 291
21468 420
21468 482
21468 523
21468 531
21468 3
21468 80
21468 190
21468 396
21468 538
21468 542
21468 543
21468 101
21468 171
21468 175
21468 304
21468 370
21468 404
21468 30
21468 135
21468 276
21468 330
21468 33
21468 107
21468 112
21468 391
21468 406
21468 520
21468 529
21468 547
21468 90
21468 177
21468 252
21468 419
21468 526
21468 491
21468 152
21468 163
21468 164
21468 241
21468 302
21468 492
21468 503
21614 59
21614 121
21614 26
21614 85
21614 126
21614 36
21614 78
21614 92
21614 23
21614 45
21614 48
21614 49
21614 19
21614 112
21614 129
21614 107
21614 114
21614 117
21614 142
21614 143
21614 50
21614 1
21614 20
21614 28
21706 20
21706 72
21706 95
21706 13
21706 6
21706 38
21706 311
21706 314
21706 2
21706 5
21706 31
21706 135
21706 276
21706 293
21706 298
21706 190
21706 307
21706 33
21706 214
21717 25
21450 46
21450 8
21450 52
21450 25
21450 27
21450 32
21450 0
21450 51
21450 54
21993 73
21993 79
21993 10
21993 36
21450 3
21450 36
21450 21
21450 10
21450 17
21450 14
21450 40
21450 53
21991 63
21991 41
21991 28
21991 116
21991 148
21991 43
21991 107
21991 175
21991 1
21991 128
21991 57
21991 166
21991 69
21991 70
21991 174
21991 101
21991 115
21991 110
21991 35
21991 146
21991 75
21991 108
21991 89
21991 168
21991 90
21991 17
21991 56
21991 77
21991 23
21991 15
21991 12
21991 156
21991 159
21991 13
21991 40
21991 46
21991 114
21991 139
21991 170
21991 85
21991 93
21991 173
21991 161
21991 67
21991 66
21991 47
21991 50
21991 45
21991 32
21991 157
21991 52
21991 130
21991 158
21991 49
21991 18
21991 59
21991 119
21991 120
21991 31
21991 48
21893 85
21893 92
21893 56
21893 40
21893 31
21893 81
21893 122
21893 61
21893 46
21893 114
21893 83
21893 58
21893 71
21893 23
21612 60
21612 29
21612 69
21612 73
21612 21
21612 25
21612 48
21612 5
21612 56
21612 77
21612 0
21612 39
22034 33
22034 8
22034 40
22034 6
22034 36
22034 39
22034 31
22034 17
22034 27
22034 30
22034 19
22034 28
22034 37
22034 0
21752 55
21752 21
21752 66
21752 67
22133 56
22133 77
22133 42
22133 66
22133 75
22133 51
22133 52
22133 63
22133 59
22133 67
22133 32
22133 30
22133 61
22133 43
22266 4
22266 15
22266 27
22266 24
22266 3
22243 154
22243 261
22243 311
22243 298
22243 60
22243 14
22243 256
22243 18
22243 48
22243 70
22243 1
22243 87
22243 260
22243 255
22243 127
22243 174
22243 337
22243 339
22243 81
22243 93
22243 145
22243 321
22243 183
22243 30
22243 294
22243 224
22243 262
22243 288
22243 75
22243 193
22243 230
22243 40
22243 152
21792 18
21792 84
21792 31
21792 67
21792 181
21792 188
21792 76
21792 138
21792 165
21792 27
21792 116
21792 194
21792 197
21792 198
21792 13
21792 118
21792 124
21792 147
21792 3
21792 88
21792 140
21792 59
21792 82
21792 83
21792 85
21792 30
21792 46
21792 122
21792 35
21792 226
21792 228
21792 146
21792 72
21792 79
21792 131
21792 68
21792 87
21792 53
21792 178
22257 111
22257 209
22257 205
22257 218
22257 70
22257 66
22257 153
22257 34
22257 101
22257 208
22257 195
22257 212
22257 254
22257 98
22257 26
22257 237
22257 46
22257 113
22257 57
22257 144
22257 82
22257 68
22257 296
22257 211
22257 258
22257 110
22257 96
22257 90
22257 284
22257 65
22257 273
22257 56
22257 69
22257 181
22257 248
22257 182
22257 141
22257 270
22257 226
21431 57
21431 59
21431 78
21431 24
21431 31
21431 42
21431 62
21431 19
21431 50
21431 37
21431 64
22116 23
22116 4
22116 5
22116 6
21915 7
22060 12
22060 2
21970 49
21970 64
21970 7
21970 20
21970 25
21463 3
21463 21
21463 10
21463 0
21463 1
21463 11
21463 15
21463 18
21821 3
21821 4
21903 359
21903 430
21903 7
21903 536
21903 114
21903 346
21903 529
21903 384
21903 20
21903 183
21903 320
21903 352
21903 342
21903 10
21903 235
21903 270
21903 389
21903 441
21903 489
21903 265
21903 176
21903 198
21903 383
21903 64
21903 158
21903 372
21903 27
21903 230
21903 518
21903 202
21903 163
21903 168
21903 311
21903 243
21903 74
21903 164
21903 401
21903 277
21903 495
21903 94
21903 458
21903 161
21903 169
21903 156
21903 445
21903 106
21903 470
21903 128
21903 95
21903 155
21903 199
21903 261
21903 471
21903 522
21903 502
21903 154
21903 416
21903 503
21903 368
21903 104
21903 127
21903 299
21903 246
21903 233
21903 537
21903 45
21903 491
21903 447
21903 393
21903 456
21903 354
21903 358
21903 431
21903 257
21903 92
21903 451
21903 132
21903 178
21903 292
21903 18
21903 497
21903 207
21903 450
21903 120
21903 153
21903 159
21903 22
21903 172
21903 9
21903 110
21903 263
21903 479
21903 543
21903 112
21903 532
21903 249
21903 19
21946 18
21946 136
21946 47
21946 99
21946 27
21946 64
21946 60
21946 92
21946 15
21946 48
21946 29
21946 5
21946 133
21946 65
21946 56
21946 68
21946 0
21946 21
21946 25
21946 44
21946 124
21946 11
21946 3
21946 106
21946 17
21587 8
21623 51
21623 149
21623 98
21623 114
21623 146
21623 7
21623 54
21623 66
21623 102
21623 103
21623 53
21623 27
21623 73
21623 34
21623 55
21623 144
21623 47
21623 50
21623 83
21623 4
21623 155
21623 37
21623 49
21623 62
21623 0
21623 72
21623 89
21623 111
21623 117
21981 50
21981 110
21981 64
21981 31
21981 33
21981 100
21981 63
21981 20
21981 103
21981 104
21981 75
21722 1
21722 20
21722 0
21722 5
21722 11
21722 6
21472 66
21472 80
21472 49
21472 63
21472 87
21472 198
21472 128
21472 56
21472 164
21472 171
21472 180
21472 228
21472 183
21472 81
21472 95
21911 201
21911 149
21710 77
21710 2
21710 8
21710 70
21710 29
21710 43
21710 10
21710 13
21710 15
21710 61
21710 14
21710 72
21710 17
21710 56
21710 18
21710 34
21710 22
21710 57
21710 21
21710 53
21710 79
21710 44
21710 9
22044 24
22044 20
22044 4
22044 8
21861 201
21861 188
21861 99
21861 4
21861 7
21861 17
21861 5
21861 220
21861 232
21861 250
21861 107
21861 170
21861 88
21861 53
21861 111
21861 56
21861 174
21861 14
21861 252
21861 190
21861 221
21861 270
21861 68
21861 77
21861 87
21861 48
21861 123
21861 189
21861 235
21861 136
21861 244
21861 160
21861 173
21861 135
21861 196
21861 161
21861 254
21861 261
21861 269
21861 96
21861 22
21861 26
21861 243
21861 227
21861 177
21861 67
21861 52
21861 181
21861 76
21861 84
21861 166
21861 231
21861 236
21861 251
21861 187
21861 63
21861 113
21861 204
21861 176
21861 47
21861 258
21861 268
21861 137
21861 154
21861 168
21861 43
21861 194
21861 197
21861 225
21861 264
21861 2
21861 3
21861 21
21861 30
21861 83
21861 40
21861 102
21861 49
21861 33
21861 59
21861 141
21861 143
21861 210
21861 217
21861 260
21861 108
21861 105
21861 211
21861 240
21861 142
21861 6
21861 212
21861 259
21861 125
22101 27
22101 53
22101 19
22043 311
22043 231
22043 221
22043 496
22043 411
22043 148
22043 447
22043 109
22043 469
22043 275
22043 415
22043 308
22043 321
22043 342
21463 14
21463 2
21463 9
21463 16
21717 39
21717 19
21717 3
22251 265
22251 414
22251 523
22251 252
22251 396
22251 120
22251 39
22251 288
22251 128
22251 88
22251 93
22251 548
22251 404
22251 429
22251 54
22251 226
22251 221
22251 411
22251 256
21770 31
21770 53
21770 20
21770 48
21770 13
21770 14
21770 16
21770 17
21770 22
21770 0
21770 4
21770 52
21772 1
21772 16
21913 153
21913 47
21913 74
21913 12
21913 53
21913 17
21913 165
21913 15
21913 71
21913 139
21913 35
21913 136
21913 164
21913 105
21913 127
21913 168
21913 1
21913 88
21913 132
21913 117
21913 29
21913 98
21913 82
21913 87
21913 152
21913 166
21913 13
21913 19
21913 63
21913 83
21913 91
21913 9
21913 123
21913 110
21913 61
21913 56
21913 86
21913 14
21913 89
21913 65
21913 16
21913 51
21913 146
21913 170
21913 8
21913 3
21913 135
21913 20
21913 155
21913 161
21913 52
21913 142
21913 22
21913 129
21913 158
21913 46
21913 43
21913 70
21913 150
21913 10
21913 57
21913 69
21913 7
21913 62
21913 109
21913 49
21913 163
21913 118
21913 147
21913 30
21913 119
21898 85
21898 7
21898 24
21898 166
21898 130
21898 87
21898 141
21898 155
21898 153
21898 105
21898 188
21898 189
21898 46
21898 143
21898 36
21898 60
21898 33
21898 14
21898 157
21898 80
21898 170
21898 108
21898 35
21898 48
21898 29
21898 32
21898 52
21663 33
21663 111
21663 186
21663 89
21663 7
21663 95
21663 126
21663 167
21663 170
21663 56
22106 12
22106 8
22106 61
22106 106
21508 4
21508 58
21508 10
21508 20
21508 78
21508 68
21508 109
21508 74
21508 102
21508 79
21508 41
21508 57
21508 61
21508 29
21508 59
21508 93
21508 113
21508 86
21508 48
21508 11
21508 69
21508 92
21508 96
21508 35
21508 95
21508 16
21508 28
21508 100
21508 114
21508 23
21508 50
21508 44
21508 62
21508 112
21508 36
21508 38
21508 3
21508 26
21508 43
21508 65
21508 67
21508 81
21935 66
21935 44
21935 30
21935 15
21935 64
21935 34
21935 25
21935 27
21935 0
21753 20
21753 57
21753 88
21753 310
21753 24
21753 61
21753 198
21753 302
21753 307
21753 160
21753 62
21753 103
21753 118
21753 23
21753 25
21753 74
21753 299
21753 130
21753 171
21753 183
21753 186
21753 216
21753 266
21753 46
21753 70
21753 102
21753 111
21753 55
21753 137
21753 147
21753 203
21753 210
21753 211
21753 281
21753 49
21753 94
21753 99
21753 230
21753 279
21753 323
21753 156
21753 204
21753 219
21753 262
21753 19
21753 77
21753 80
21753 81
21753 6
21753 8
21753 26
21753 84
21753 97
22129 60
22129 459
22129 259
22129 440
22129 226
22129 272
22129 377
22129 361
22129 393
22129 535
22129 41
22129 260
22129 26
22129 266
22129 418
22129 126
22129 115
22129 362
22129 219
22129 192
22129 19
22129 54
22129 402
22129 122
22129 84
22129 166
22129 320
22129 157
22129 423
22129 264
22129 171
22129 299
22129 117
22129 106
22129 223
22129 282
22129 230
22129 422
22129 460
22129 67
22129 396
22129 310
22129 277
22129 47
22129 64
22129 4
21816 54
21816 15
21816 62
21816 35
21816 8
21816 7
21816 9
21816 17
21816 46
21816 20
21816 22
21816 41
21816 44
21816 5
21816 27
21816 71
21816 2
22115 102
22115 103
21556 36
21556 164
21556 231
21556 283
21556 313
21556 57
21556 150
21556 253
21556 287
21556 297
21556 12
21556 65
21556 80
21556 128
21556 161
21556 241
21556 354
21556 212
21556 254
21556 298
21556 340
21556 197
21556 215
21556 251
21556 334
21556 112
21556 123
21556 129
21556 132
21556 193
21556 85
21556 131
21556 166
21556 264
21556 318
21556 363
21556 249
21556 293
21556 49
21556 183
21556 115
21556 168
21556 221
21556 329
21556 338
21556 22
21556 38
21556 43
21556 151
21556 207
21556 223
21556 276
21556 11
21556 56
21556 208
21556 262
21556 267
21556 349
21896 7
22269 48
22269 57
22269 44
22269 81
22269 89
22269 64
22269 66
22269 113
22269 0
22269 96
22269 74
22269 16
22269 56
22269 5
22269 28
22269 119
21860 19
21860 20
22183 19
22183 4
22183 107
22183 50
22183 100
22183 18
22183 104
22183 139
22183 40
22183 76
22183 137
22183 0
22183 88
21652 14
21652 10
21652 74
21652 28
21652 29
21652 68
21652 32
21652 53
21652 76
21652 79
21436 9
21436 6
21436 20
21436 51
21436 84
21436 94
21436 39
21436 71
21436 81
21436 17
21436 34
21436 66
21436 95
21436 60
21436 53
21436 86
22141 18
22141 35
22141 32
22141 84
22141 202
22141 54
22141 142
22141 113
22130 25
22130 10
22130 64
22130 90
22130 145
22130 12
22130 16
22130 71
22130 35
22130 27
22130 99
22130 87
22130 139
22130 70
22130 20
22130 134
22130 115
22130 55
22130 76
22130 48
22130 37
22130 107
22130 19
22130 135
22130 28
22130 80
22130 103
22130 108
22130 46
22130 40
22130 114
22130 44
22130 77
22130 110
22130 58
21528 24
21528 53
21528 19
21528 46
21528 48
21528 5
21528 44
21528 2
21528 13
21528 27
21585 12
21585 19
21585 101
21585 124
21585 132
21585 140
21585 15
21443 4
21443 55
21443 53
21443 0
21443 24
21443 81
21443 9
21443 19
21443 2
21443 57
21443 93
21443 94
21443 99
21443 115
21443 7
21443 34
21443 37
21443 43
21443 64
21443 101
21443 111
21501 234
21501 352
21501 216
21501 266
21501 285
21501 323
21501 131
21501 257
21501 387
21501 252
21501 304
21501 7
21501 227
21501 24
21501 37
21501 79
21501 298
21501 350
21501 92
21501 120
21501 51
21501 96
21501 193
21501 116
21501 47
21501 54
21501 71
21501 202
21501 280
21501 401
21501 68
21501 147
21501 167
21501 272
21501 384
21501 1
21501 75
21501 86
21501 179
21501 183
21501 251
21501 22
21501 83
21501 115
21501 127
21501 241
21501 326
21501 394
21501 207
21501 395
21501 52
21501 61
21501 301
21501 330
21501 400
21501 248
21501 377
21501 378
21501 408
21501 48
21501 217
21501 260
21501 319
21501 357
21501 8
21501 10
21501 293
21501 354
21501 383
21501 80
21501 112
21501 224
21501 348
21501 171
21501 342
21501 220
21501 331
21501 367
21501 173
21501 290
21501 74
21501 132
21501 151
21501 165
21501 26
21501 98
21501 137
21501 275
21501 359
21501 36
21501 161
21501 168
21501 226
21501 238
21501 265
21501 311
21535 1
21535 8
21535 22
21535 23
21535 4
21535 7
21535 27
21543 31
21543 44
21543 231
21543 273
21543 237
21543 272
21543 89
21543 153
21543 193
21543 61
21543 174
21543 167
21543 198
21543 267
21543 264
21543 22
21543 135
21543 183
21543 187
21543 215
21543 94
21543 108
21543 189
21543 235
21543 178
21543 223
21543 24
21543 160
21543 176
21543 220
21543 62
21543 64
21543 70
21543 270
21543 286
21543 2
21543 59
21543 165
21543 217
21543 46
21543 132
21543 247
21543 255
21543 278
21543 37
21543 78
21543 116
21543 154
21543 263
21543 126
21543 141
21543 142
21543 8
21543 49
21543 197
21543 248
21543 251
21543 261
21543 4
21543 10
21543 83
21543 103
21543 171
21543 203
21543 206
21543 207
21543 74
21543 230
21543 268
21543 13
21543 169
21543 209
21543 226
21492 65
21492 86
21492 10
21492 61
21492 104
21492 137
21492 37
21492 51
21492 55
21492 123
21652 23
21652 5
21652 61
21652 56
21652 13
21652 70
21652 18
21652 26
21652 19
21652 2
21652 42
21652 0
21652 38
21652 9
21652 64
21652 63
21652 75
21652 22
21652 49
21652 65
21652 21
21652 36
21652 57
21652 1
21652 27
21652 41
21652 46
21652 77
21652 60
21652 78
22182 132
22182 55
22182 102
22182 133
22182 14
22182 27
22182 123
22182 7
22182 18
22182 96
22182 0
22182 91
22182 74
22182 21
22182 84
22182 82
22182 92
22182 25
22182 40
22180 38
22180 5
22180 128
22180 33
22180 113
22180 58
22180 74
22180 85
21756 13
21756 15
21756 148
21756 163
21756 205
21756 257
21756 53
21756 113
21756 117
21756 271
21756 89
21756 116
21756 165
21756 173
21756 179
21756 32
21756 131
21756 139
21756 206
21756 217
21756 77
21756 185
21756 122
21756 211
21756 215
21756 223
21756 254
21756 169
21756 196
21756 214
21756 124
21756 216
21756 236
21756 21
21756 44
21756 93
21756 180
21756 266
21756 130
21756 31
21756 18
21756 109
21756 201
21756 222
21756 168
21756 171
21756 2
21756 54
21756 189
21756 281
21756 282
21756 166
21756 22
21756 74
21756 164
21756 34
21756 118
21756 126
21756 258
21756 193
21756 219
21756 288
21756 75
22265 125
22265 120
22265 50
22265 33
22265 70
22265 1
22265 102
22265 111
22265 2
22265 110
22265 123
22265 27
22265 80
22265 88
22265 43
22265 75
22265 8
21972 48
21972 15
21972 249
21972 187
21972 198
21972 109
21972 103
21972 261
21972 255
21972 242
21972 170
21972 258
21972 6
21972 102
21972 186
21972 162
21972 180
21972 84
21972 148
21972 142
21972 90
21972 53
21972 17
21972 119
21972 49
21972 223
22034 7
22034 1
22034 16
22034 3
22034 42
22034 11
22034 5
22034 15
22034 20
22073 121
22073 123
22073 139
22073 125
22073 72
22073 12
22073 41
22073 150
22073 16
22073 54
22073 108
22073 86
22073 0
22073 20
22073 33
22073 104
22073 154
22073 130
22073 45
22073 96
22073 24
21764 9
21764 1
21764 3
21764 6
21764 8
21820 19
21475 22
21475 53
22101 49
22101 71
22101 18
22101 70
21968 342
21968 275
21968 465
21968 38
21968 145
21968 338
21968 390
21968 159
21968 397
21968 496
21968 114
21968 221
21968 319
21968 493
21968 56
21968 412
21968 442
21968 433
21968 327
21968 422
21968 251
21968 364
21968 451
21968 261
21968 438
21968 136
21968 268
21968 267
21968 363
21968 503
21968 85
21968 427
21968 35
21968 389
21968 405
21968 360
21968 223
21968 531
21968 41
21968 210
21968 476
21968 224
21968 314
21968 126
21968 7
21968 307
21968 183
21968 123
21968 48
21968 391
21968 233
21968 95
21968 305
21968 274
21968 189
21968 419
21968 473
21968 340
21968 425
21968 326
21968 220
21968 258
21968 3
21968 509
21968 100
21968 172
21968 45
21968 537
21968 460
21968 174
21968 0
21968 353
21968 237
21983 34
21983 60
21983 97
21983 22
21983 115
21983 32
21983 101
21983 119
21983 294
21983 270
21983 48
21983 111
21983 225
21983 233
21983 199
21983 247
21983 23
21983 103
21983 261
21983 168
21983 37
21983 12
21983 229
21983 259
21983 100
21983 76
21983 90
21983 78
21983 66
21983 296
21711 11
21711 58
21711 70
21711 100
21711 109
21711 9
21711 19
21711 87
21711 124
21711 7
21711 126
21711 49
21711 89
21711 2
21711 30
21711 101
21711 3
21711 60
21711 69
21711 99
21711 108
21711 15
21711 84
21711 85
21711 8
21711 67
21711 118
22197 0
21674 0
21674 13
21674 42
21674 49
21674 62
21674 53
21674 36
21674 17
21674 48
21674 38
21674 66
21674 67
21674 22
21674 27
21674 21
21674 47
21674 54
21674 43
21674 7
21674 9
21674 60
21674 19
21674 28
21674 35
21674 50
21674 55
21423 21
21423 9
21423 18
21423 15
21423 29
21423 1
21423 24
22241 13
22241 20
22241 18
22241 17
22164 152
22164 130
22164 163
22164 67
22164 18
22164 4
22164 78
22164 201
22164 21
22164 44
22164 119
22164 15
22164 118
22164 155
22164 27
22164 141
22164 28
22164 24
22164 120
22164 194
22164 104
22164 96
22164 23
22164 186
22164 6
22164 34
22164 11
22164 54
22164 81
22164 127
22164 14
22164 33
22164 144
21624 3
21624 24
21624 37
21624 13
21624 25
21624 20
21624 48
21624 49
21624 58
21624 35
21662 3
21662 33
21662 50
21662 54
21662 7
21662 17
21662 43
21662 26
21662 70
21662 66
21662 11
21662 58
21662 52
21662 56
21662 21
21662 65
21662 68
21662 71
21662 67
21662 53
21662 64
21662 61
21662 69
22133 27
22133 36
22133 37
22133 71
22133 78
22133 82
22133 23
22044 12
22044 21
22044 25
22044 3
22044 16
22044 17
21532 3
21532 28
21532 15
21532 46
21532 53
21532 13
21532 34
21778 50
21778 54
21778 62
21778 16
21778 33
21778 43
21778 75
21778 7
21778 22
21778 15
21778 58
21778 27
21778 42
21778 13
21778 28
21778 31
21778 71
21778 105
21778 86
21778 95
21778 26
21778 36
21778 91
21778 113
21778 66
21778 67
21778 79
21778 84
21526 130
21526 141
21526 169
21526 189
21526 25
21526 100
21526 114
21526 119
21526 123
21526 200
21526 2
21526 16
21526 45
21526 174
21526 202
21526 113
21526 142
21526 166
21526 168
21526 171
21526 57
21526 59
21526 63
21526 77
21526 42
21526 73
21526 98
21811 349
21811 465
21811 20
21811 50
21811 118
21811 157
21811 186
21811 224
21811 27
21811 97
21811 117
21811 123
21811 214
21811 537
21811 199
21811 221
21811 245
21811 85
21811 246
21811 131
21811 447
21811 266
21811 281
21811 383
21811 434
21811 438
21811 459
21811 350
21811 414
21811 531
21811 428
21811 168
21811 259
21811 99
21811 413
21811 474
21811 490
21811 348
21811 386
21811 179
21811 497
21811 133
21811 521
21811 207
21811 480
21811 14
21811 63
21811 94
21811 166
21811 396
21811 79
21811 135
21811 226
21811 272
21811 283
21811 93
21811 91
21811 297
21811 467
21811 526
21811 255
21811 378
21811 44
21811 284
21811 1
21811 137
21811 471
21811 289
21811 254
21811 352
21832 425
21832 24
21832 399
21832 180
21832 166
21832 220
21832 331
21832 32
21832 113
21832 255
21832 270
21832 6
21832 8
21832 44
21832 103
21832 242
21832 123
21832 177
21832 365
21832 60
21832 93
21832 353
21832 375
21832 122
21832 189
21832 215
21832 337
21832 341
21832 106
21832 325
21832 370
21832 373
21832 112
21832 134
21832 294
21832 415
21832 54
21832 61
21832 169
21832 282
21832 405
21832 126
21832 130
21832 216
21832 298
21832 303
21832 324
21832 104
21832 128
21832 178
21832 202
21832 345
21832 73
21832 107
21832 292
21832 21
21832 432
21832 69
21832 262
21832 265
21832 299
21832 158
21832 193
21832 378
21832 384
21832 390
21832 7
21832 167
21832 221
21832 371
21832 31
21832 236
21832 349
21832 366
21832 376
21832 377
21832 15
21832 138
21832 171
21832 196
21832 237
21832 319
21832 363
21832 241
21832 80
21832 53
21832 259
21832 328
21832 28
21832 97
21832 121
21832 246
21832 301
21832 179
21832 398
21832 295
21832 354
21832 413
21832 261
21832 10
21832 352
21832 414
21832 396
21832 145
21832 131
21832 305
21832 346
21832 427
21832 198
21832 243
21832 29
21832 263
21832 419
21832 277
21832 160
21832 284
21832 48
21832 57
21832 98
21832 99
21832 140
21832 318
21832 5
21832 14
21832 88
21832 151
21832 162
21832 329
21832 12
21832 45
21832 66
21832 175
21832 332
21832 359
21832 394
21832 16
21832 431
21832 94
21832 133
21832 174
21832 182
21832 223
21832 300
21832 417
21832 137
21832 406
21936 97
21936 15
21936 19
21936 88
21936 122
21936 100
21936 50
21936 45
21936 136
21936 117
21936 89
21936 131
21936 96
21936 81
21936 13
21936 48
21936 51
21936 110
21936 16
21936 139
21936 105
21583 32
21583 0
21583 34
21583 42
21788 66
21788 77
21788 83
21788 86
21788 0
21788 109
21788 116
21788 65
21788 62
21788 9
21788 143
21788 107
21788 158
21788 79
21788 46
21788 118
21788 125
21788 42
21788 68
21788 100
21788 137
21788 146
21788 129
21788 142
21788 98
21788 82
21788 155
21788 13
21788 41
21788 49
21788 88
21788 128
21788 102
21788 111
21936 132
21936 118
21936 70
21936 22
21936 68
21936 135
21936 128
21936 119
21936 79
21936 93
21936 49
21936 41
21936 6
21936 99
21936 53
21936 77
21936 91
21467 83
21467 88
21467 102
21467 152
21467 165
21467 24
21467 26
21467 275
21467 292
21467 101
21467 131
21467 188
21467 250
21467 254
21467 266
21467 34
21467 42
21467 113
21467 230
21467 89
21467 195
21467 198
21467 229
21467 232
21467 13
21467 47
21467 54
21467 79
21467 154
21467 202
21467 219
21467 16
21467 18
21467 125
21467 153
21467 214
21467 53
21467 64
21467 291
21467 278
21467 14
21467 182
21467 245
21467 251
21467 257
21467 37
21467 50
21467 59
21467 76
21467 146
21467 217
21467 1
21467 67
21467 194
21467 222
21467 57
21467 80
21467 92
21467 145
21467 235
21467 258
21467 25
21467 44
21467 129
21467 173
21467 183
21467 224
21467 40
21467 103
21467 128
21467 134
21467 234
21467 12
21467 15
21467 132
21467 174
21467 216
21467 239
21467 0
21467 21
21467 110
21467 185
21467 45
21467 48
21467 84
21467 87
21467 164
21467 20
21467 10
21467 107
21467 112
21467 208
21467 77
21467 105
21467 242
21467 246
21467 248
21467 56
21467 147
21467 225
21467 237
21467 240
21467 19
21467 27
21467 210
21467 282
21467 284
21467 23
21467 120
21467 124
21467 138
21467 169
21467 193
21467 41
21467 46
21467 111
21467 167
21467 267
21467 285
21467 268
22250 37
22020 69
22020 142
22020 36
22020 30
22020 164
22020 147
22020 27
22020 176
22020 67
22020 117
22020 4
22020 112
22020 151
22020 56
22020 78
22020 138
22020 61
22020 156
22020 96
22020 49
22020 31
22020 107
22020 74
22020 165
22020 82
22020 133
22020 83
22020 184
22020 179
22020 162
22020 22
22020 28
22020 48
22020 158
22020 65
22020 118
22020 6
21578 7
21578 12
21578 26
21578 0
21578 15
21897 1
21897 27
21897 18
21897 0
21538 122
21538 8
21538 88
21538 136
21538 145
21538 155
21538 150
21538 76
21538 81
21538 95
21538 121
21538 127
21538 2
21538 47
21538 114
21538 135
21538 99
21538 110
21538 143
21538 166
21538 96
21538 175
21538 35
21538 61
21538 63
21538 66
21538 157
21468 16
21468 79
21468 214
21468 301
21468 382
21468 18
21468 186
21468 188
21468 254
21468 342
21468 348
21661 59
21661 9
21661 49
21661 89
21661 92
21661 117
21661 17
21661 50
21661 72
21661 94
21661 124
21661 131
21661 26
21661 45
21661 57
21661 111
21661 126
21661 90
21661 118
21661 97
21661 7
21661 37
21661 75
21661 80
21661 5
21661 43
21661 65
21661 81
21661 100
21661 154
21661 40
21661 51
21661 142
21661 13
21661 79
21661 153
21661 4
21661 82
21661 115
21661 63
21661 96
21661 98
21661 101
21661 2
21661 34
21661 137
21970 61
21970 65
21970 56
21970 1
21970 23
21970 47
21970 16
21970 43
21970 34
21970 59
21970 42
21970 45
21970 63
21970 8
21985 93
21985 20
21985 48
21985 91
21985 27
21985 13
21985 64
21985 24
21985 43
21985 83
21985 28
21985 49
21985 101
21985 61
21985 53
21985 14
21985 98
21985 56
21985 32
21985 36
21985 104
21985 35
21985 52
21985 50
21985 79
21985 67
21985 46
21985 70
21985 59
21985 95
21985 3
21985 12
21985 41
22072 41
22072 16
22072 15
22072 13
22072 33
22072 39
22072 40
22072 69
22072 51
22072 12
22072 62
22072 57
22072 18
21996 23
21996 79
21996 6
21996 81
21996 92
21996 113
21996 127
21996 55
21996 46
21996 52
21996 146
21996 98
21996 125
21996 75
21996 76
21996 5
21996 95
21996 131
21996 84
21996 60
21714 6
21714 8
21714 10
21714 14
21714 16
21714 17
21513 1
21513 9
21513 20
21513 22
21513 12
21513 16
22041 13
22041 14
22041 16
22041 15
22041 5
22041 21
21739 32
21739 37
21739 43
21739 48
21969 108
21969 18
21969 7
21969 94
21969 64
21969 68
21969 4
21969 107
21969 74
21969 71
21969 83
21969 16
21969 1
21969 67
21969 38
21969 41
21969 96
21969 35
21969 31
21969 56
21969 98
21969 89
21969 5
21969 93
21969 50
21969 78
21969 106
21969 47
21969 85
21969 92
21969 58
21969 45
21969 40
21969 104
21969 105
21969 101
21969 21
21623 48
21623 70
21623 1
21623 161
21623 59
21623 96
21623 166
21623 85
21623 113
21623 135
21623 32
21623 87
21623 148
21623 153
21623 162
21623 136
21623 139
21623 95
21623 137
21623 3
21623 126
21623 11
21623 31
21623 115
21623 60
21623 154
21623 160
21623 129
21623 141
21623 33
21623 74
21623 78
21623 90
21623 145
21623 24
21623 42
21623 79
21623 152
21623 112
21623 94
21623 99
21623 110
21623 28
21623 41
21623 65
21623 106
21623 134
21623 15
21623 29
21623 40
21829 126
21829 59
21829 130
21829 430
21829 14
21829 56
21829 69
21829 77
21829 105
21829 102
21829 114
21829 481
21829 12
21829 50
21829 137
21829 240
21829 128
21829 134
21829 177
21829 200
21829 349
21829 360
21829 425
21829 447
21829 181
21829 150
21829 31
21829 33
21829 45
21829 47
21829 121
21829 168
21829 341
21829 133
21829 28
21829 153
21829 239
21829 252
21829 298
21829 350
21829 421
21829 456
21973 53
21973 22
21973 38
21973 88
21973 33
21973 30
21973 35
21973 98
21973 15
21592 179
21592 21
21592 24
21592 38
21592 135
21592 158
21592 177
21592 128
21592 143
21592 171
21592 7
21592 47
21592 55
21592 103
21592 168
21592 28
21592 104
22164 164
22164 75
22164 110
22164 38
22164 129
22164 156
22164 161
22164 200
22164 100
22164 142
22164 157
22164 87
22164 160
22164 26
22164 184
22164 135
22164 114
22164 165
22164 36
22164 50
22164 63
21991 103
21991 105
21991 51
21991 143
21991 54
21991 106
21991 10
21991 86
21991 24
21991 87
21991 7
21991 140
21991 33
21991 2
21991 53
21991 164
21991 97
21991 135
21991 55
21991 172
21991 14
21991 58
21991 155
21991 99
21991 95
21991 37
21991 154
21991 147
22181 24
22181 63
22181 144
22181 47
22181 6
22181 140
22181 1
22181 4
22181 138
22181 32
22181 122
22181 110
22181 37
22181 101
22181 74
22181 26
22181 97
22181 9
22181 109
22181 23
22181 31
22181 115
22181 7
22181 123
22181 44
22181 11
22181 72
22181 96
22181 17
22181 92
22181 120
22181 143
22181 3
22181 16
22181 105
22181 27
22181 18
22181 8
22181 108
22181 135
22181 141
22181 117
22181 113
22181 106
22181 147
21458 3
21458 52
21458 66
21458 11
21458 4
22129 108
22129 187
22129 78
22129 33
22129 278
22129 235
22129 389
22129 167
22129 368
22129 206
22129 401
22129 83
22129 516
22129 533
22129 169
22129 12
22129 93
22129 489
22129 455
22129 405
22129 372
22129 547
22129 344
22129 342
22129 236
22129 374
22129 267
22129 496
22129 493
22129 302
22129 549
22129 142
22129 378
22129 503
22129 255
22129 453
22129 409
22129 442
22129 52
22129 485
22129 424
22129 77
22129 120
22129 502
22129 314
22129 87
22129 515
22129 426
22129 451
22129 429
22129 0
22129 153
22129 91
22129 467
22129 45
22129 474
22129 281
22129 191
22129 138
22129 13
22129 334
22129 554
22129 147
22129 457
22129 376
22129 254
22129 246
22129 149
22129 543
22129 104
22129 110
22129 285
22129 398
22129 79
21668 20
21668 82
21668 60
21668 67
21668 9
21668 36
21668 44
21668 48
21668 2
21668 54
21668 61
21668 0
21668 97
21668 101
21729 83
21729 90
21729 141
21729 146
21729 208
21729 37
21729 97
21729 98
21729 102
21729 119
21729 174
21729 105
21729 123
21729 136
21729 113
21729 148
21729 73
21729 96
21729 166
21729 212
21729 92
21483 10
21483 3
21483 4
21483 20
21483 2
21483 24
21483 25
21483 1
21483 14
21483 28
22167 135
22167 127
22167 3
22167 52
22167 119
22167 41
22167 27
22167 0
22167 56
22167 100
22167 94
21807 68
21807 21
21807 26
21807 57
21807 145
21807 142
21807 75
21807 27
21807 28
21807 80
21807 82
21807 90
21807 131
21807 168
21807 24
21807 53
21807 14
21807 55
21807 93
21807 181
21807 184
21807 167
21807 58
21807 136
21807 8
21807 23
21807 148
21807 175
21807 101
21807 20
21807 84
21807 183
21807 30
21807 138
21807 34
21807 56
21807 100
21807 173
21807 176
21807 102
21807 38
21807 83
21807 180
21807 51
21807 66
21807 124
21807 150
21807 171
21807 151
21807 43
21807 62
21807 158
21807 4
21807 54
21807 125
21807 141
21807 165
21807 133
21807 123
21807 67
21807 15
21807 31
21807 77
21807 106
21807 45
21807 46
21807 98
21807 49
22021 57
22021 8
22021 180
22021 26
22021 86
22021 98
22021 111
22021 87
22021 140
22021 11
22021 16
22021 14
22021 90
22021 127
22021 137
22021 152
22021 167
21451 35
21451 29
22108 13
21475 10
21475 44
21475 14
21475 33
21475 46
21475 13
21475 37
21475 23
21475 42
21475 24
21475 25
21475 57
21475 29
21475 50
21475 19
21475 4
21475 9
21475 28
21475 40
21475 54
21772 14
21772 0
21460 0
21460 92
21460 12
21460 19
21460 36
21460 65
21460 14
21460 99
21460 20
21460 28
21460 77
21460 89
21460 119
21977 65
21977 81
21977 29
21977 88
21977 12
21977 117
21977 25
21977 123
21977 18
21977 19
21977 100
21977 22
21977 110
21977 63
21977 52
21977 94
21977 68
21977 93
21977 84
21977 49
21977 83
21479 79
21479 97
21479 143
21479 76
21479 94
21479 139
21479 25
21479 56
21479 70
21479 82
21479 115
21479 44
21479 52
21479 113
21479 148
21479 96
21479 101
21479 118
21479 128
21479 2
21479 29
21479 48
21782 6
21782 17
21782 30
21782 48
21782 65
21782 8
21782 51
21782 60
21782 42
21782 76
21782 81
21875 81
21875 5
21875 17
21875 109
21875 135
21875 164
21875 182
21875 123
21875 112
21875 48
21875 179
21875 15
21875 141
21875 152
21875 168
21875 62
21875 144
21875 173
21875 96
21875 145
21875 86
21875 44
21875 73
21875 52
21875 14
21875 79
21875 105
21875 177
21875 122
21875 110
21875 87
21875 45
21875 124
21875 155
21875 84
21875 97
21875 49
21875 159
21875 47
21875 71
21875 178
21875 40
21875 115
21875 119
21875 183
21875 21
21875 131
21875 99
21875 88
21875 134
21875 68
21875 41
21875 72
21875 166
21875 58
21875 34
21875 116
21875 139
21875 1
21875 106
21887 112
21887 127
21887 115
21887 70
21887 133
21887 74
21887 55
21887 41
21887 59
21887 120
21887 52
21887 7
21887 77
21887 40
21887 14
21887 72
21887 122
21643 48
21643 99
21643 222
21643 35
21643 59
21643 190
21643 200
21643 9
21643 124
21643 233
21643 40
21643 155
21643 181
21643 46
21643 95
21643 115
21643 128
21643 170
21643 17
21643 54
21643 175
21643 4
21643 140
21643 166
21643 228
21643 70
21643 71
21643 117
21643 106
21643 149
21643 172
21643 82
21643 102
21643 112
21643 179
21643 15
21643 23
21643 126
21643 156
21643 185
21643 148
21643 167
21643 215
21643 86
21643 147
21643 184
21643 110
21643 19
21643 38
21643 79
21643 236
21643 33
21643 219
22083 56
22073 83
22073 77
22073 60
22073 103
22073 43
22073 95
22073 106
22073 101
22073 30
22073 46
22073 143
22073 135
22073 138
22073 5
22073 94
22073 40
22073 36
22073 34
22073 26
22073 1
22073 8
21601 45
21601 87
21601 112
21601 116
21601 11
21601 97
21601 34
21601 78
21601 82
21601 98
21601 24
21601 26
21601 31
21601 4
21601 52
21601 59
21601 32
21601 51
21601 89
21601 57
21601 67
21601 77
21601 84
21601 100
22259 48
22259 54
22259 5
22259 7
22259 0
22259 37
22259 41
22259 31
21445 269
21445 158
21445 291
21445 208
21445 229
21445 246
21445 218
21445 292
21445 55
21445 116
21445 59
21445 154
21445 163
21445 288
21445 198
21445 150
21445 7
21445 32
21445 106
21445 115
21445 117
21445 140
21445 167
21445 186
21445 209
21445 265
21445 287
21445 293
21445 18
21445 19
21445 22
21445 58
21445 104
21445 69
21445 89
21445 101
21445 137
21445 232
21445 176
21445 195
21445 201
21445 307
21445 289
21445 46
21445 223
21445 249
21445 192
21445 224
21445 255
21445 261
21445 294
21588 24
21588 33
21588 8
21588 4
21588 20
21588 57
21588 61
21821 25
21821 1
21821 26
21821 21
21821 8
21821 19
21821 5
22206 85
22206 95
22206 21
22206 96
22206 94
22206 57
22206 11
22206 66
22206 99
22206 33
22206 64
22206 71
22206 55
22206 65
22206 45
22206 80
21848 310
21848 387
21848 444
21848 459
21848 504
21848 511
21848 323
21848 12
21848 524
21848 74
21848 442
21848 507
21848 526
21848 539
21848 540
21848 33
21848 293
21848 527
21848 175
21848 496
21848 519
21848 90
21848 40
21848 378
21848 450
21848 477
21848 503
21848 192
21848 57
21848 200
21848 263
21848 326
21848 322
21848 402
21848 429
21848 431
21848 451
21848 126
21848 337
21848 371
21848 413
21848 427
21848 494
21848 68
21848 187
21848 220
21848 206
21848 384
21848 420
21848 452
21848 495
21848 506
21848 61
21848 490
21848 83
21848 161
21848 307
21848 288
21848 308
21848 279
21848 284
21848 356
21848 394
21848 411
21848 414
21848 533
21848 146
21848 441
21848 492
21848 85
21848 193
21848 237
21848 124
21848 336
21848 361
21848 369
21848 381
21848 159
21848 236
21848 29
21848 18
21848 325
21848 194
21848 277
21848 24
22108 7
22108 28
21524 31
21524 4
21524 6
21524 23
21524 41
21909 36
21909 44
21909 39
21909 48
21909 76
21909 31
21909 66
21608 46
21608 10
21608 22
21608 51
21608 65
21608 29
21608 48
21608 54
21608 52
21857 97
21857 154
21857 83
21857 18
21857 79
21857 42
21857 123
21857 30
21857 89
21857 91
21857 105
21857 2
21857 86
21857 47
21857 108
21857 20
21857 26
21857 110
21857 10
21857 57
21857 75
21857 140
21857 130
21857 31
21857 62
21857 98
21857 128
21857 99
21857 103
21857 107
21857 117
21857 7
21857 14
21857 136
21857 150
21857 134
21857 112
21857 145
21857 151
21857 64
21857 120
21857 72
21857 122
21857 36
21857 13
21857 45
21857 37
21857 85
21857 152
21857 114
21857 88
21857 141
21857 96
21857 135
21857 9
21857 102
21857 77
21857 125
21802 192
21802 119
21802 24
21802 44
21802 71
21802 82
21802 182
21802 179
21802 127
21802 200
21802 98
21802 105
21802 204
21802 223
21802 230
21802 136
21802 131
21802 126
21802 134
21802 114
21802 186
21802 226
21802 217
21802 11
21802 32
21802 59
21802 89
21802 90
21802 229
21802 108
21802 145
21802 194
21802 240
21802 5
21802 19
21802 42
21802 120
21802 151
21802 9
21802 38
21802 123
21802 166
21802 173
21802 220
21802 248
21802 218
21802 176
21802 245
21802 135
21802 183
21802 197
21802 124
21802 133
21802 191
21802 201
21802 225
21802 167
21802 236
21802 0
21802 8
21802 33
21802 79
21802 88
21802 103
21802 115
21802 141
21802 195
21802 233
21802 242
21802 31
21802 64
21802 26
21802 50
21802 76
21802 91
21864 1
21864 33
21864 25
22123 152
21763 4
21763 75
21763 120
21763 23
21763 38
21763 107
21763 133
21763 47
21763 1
21763 84
21763 78
21763 99
21763 0
21763 17
21763 21
21763 53
21763 36
21763 55
21763 94
21763 157
21763 28
22119 237
22119 241
22119 191
22119 147
22119 96
22119 19
22119 114
22119 198
22119 24
22119 351
22119 253
22119 319
22119 322
22119 352
22119 207
22119 153
22119 293
22119 74
22119 200
22119 192
22119 152
22119 333
22119 23
22119 122
22119 305
22119 118
22119 83
22119 327
22119 51
22119 341
22119 247
22119 359
22119 246
22119 88
22119 174
22119 99
22119 120
22119 353
22119 44
21499 1
21499 10
21499 8
21499 11
21499 7
21499 6
21499 17
21851 21
21851 33
21851 35
21851 26
21851 8
22120 45
22120 40
22120 13
22120 3
21969 26
21969 11
21969 10
21969 80
21969 53
21969 59
21969 69
21969 29
21969 62
21969 87
21969 61
21969 2
21969 60
21969 103
21969 86
21969 3
21969 37
21872 17
21872 37
21872 15
21872 16
22121 22
22121 14
22121 32
22121 0
22121 40
22121 31
22019 166
22019 15
22019 52
22019 83
22019 62
22019 193
22019 38
22019 32
22019 135
22019 97
22019 200
22019 127
22019 87
22019 91
22019 13
22019 146
22019 209
22019 198
22019 90
22019 137
22019 167
22019 128
22019 207
22019 42
22019 17
22019 156
21871 15
21871 30
21871 24
21871 12
21871 39
21871 22
21871 13
21871 33
21849 0
21849 4
21849 19
21849 13
21849 24
21849 1
21849 16
21955 39
21955 37
21955 30
21955 44
21955 66
21955 54
21955 81
21955 38
21955 34
21955 33
21955 48
21955 73
21955 76
21955 19
21955 9
21955 84
21955 75
21955 59
21955 82
21955 24
21955 72
21955 40
21955 85
21955 15
21955 79
21955 55
21541 21
21541 106
21541 182
21541 116
21541 215
21541 119
21541 147
21541 228
21541 171
21541 156
21541 129
21541 4
21541 28
21541 46
21541 96
21541 115
21541 145
21541 158
21541 111
21541 206
21541 229
21541 239
21541 107
21541 132
21541 237
21541 146
21541 205
21541 68
21541 143
21541 220
21541 26
21541 11
21541 65
21541 161
21541 177
21541 244
21541 36
21541 90
21541 233
21541 242
21541 70
21541 9
21541 33
21541 174
21541 184
21541 221
21541 40
21541 48
21541 51
21541 53
21541 2
21541 76
21541 123
21541 151
21541 165
21541 162
21541 167
21541 142
21541 243
21541 44
21541 1
21541 24
21541 72
21541 84
21541 231
21541 247
21541 42
21541 7
21541 0
21541 248
21541 12
21541 45
21480 20
21480 64
21480 87
21480 132
21480 201
21480 202
21480 37
21480 150
21480 203
21480 107
21480 136
21480 141
21480 193
21480 11
21480 13
21480 21
21480 66
21480 134
21480 165
21480 199
21480 52
21480 63
21480 130
21480 210
21480 51
21480 79
21480 172
21480 22
21480 29
21480 33
21480 77
21480 53
21480 115
21480 12
21480 17
21480 123
21480 170
21480 93
21480 122
21480 73
21480 161
21480 48
21480 118
21480 143
21480 154
21480 92
21480 103
21480 105
21480 209
21480 113
21480 171
21480 204
21480 46
21480 67
21480 126
21480 206
21480 83
21480 96
21480 106
21480 19
21480 62
21480 75
21480 140
21480 195
21480 7
21480 34
21480 61
21480 81
21480 86
21719 199
21719 268
21719 286
21719 321
21719 145
21719 180
21719 214
21719 391
21719 480
21719 339
21719 210
21719 239
21719 322
21719 377
21719 499
21719 161
21719 41
21719 275
21719 517
21719 523
21719 119
21719 178
21719 183
21719 433
21719 81
21719 472
21719 516
21719 152
21719 445
21719 55
21719 57
21719 208
21719 278
21719 458
21719 150
21719 196
21719 282
21719 352
21719 384
21988 119
21988 349
21988 201
21988 368
21988 18
21988 468
21988 176
21988 494
21988 482
21988 254
21988 218
21988 125
21988 85
21988 59
21988 115
21988 173
21988 360
21988 246
21988 325
21988 436
21988 495
21988 20
21988 145
21988 117
21988 384
21988 457
21988 430
21988 443
21988 396
21988 300
21988 106
21988 348
21988 341
21988 353
21988 374
21988 219
21988 112
21988 265
21988 202
21988 323
21988 57
21988 448
21988 46
21988 191
21988 450
21988 452
21988 497
21988 52
21988 496
21988 44
21988 357
21988 19
21988 47
21988 97
21988 451
21988 208
21988 206
21988 227
21988 529
21988 209
21988 287
21988 181
21988 398
21988 512
21988 255
21988 294
21988 513
21988 439
21988 343
21988 331
21988 405
21988 66
21988 364
21988 48
21988 186
21988 397
21988 489
21988 184
21988 388
21988 505
21988 466
21988 80
21988 240
21988 241
21988 104
21988 371
21988 511
21988 520
21988 499
21988 194
21988 21
21988 392
21988 196
21988 449
21988 147
21988 390
21988 139
21988 317
21988 45
21988 169
21988 427
21988 301
21988 68
21988 114
21988 471
21988 2
21988 157
21988 108
21988 148
21988 64
21988 302
21988 192
21988 103
21988 197
21988 213
21988 126
21988 469
21988 492
21988 183
21988 297
21988 412
21988 89
21988 428
21988 525
21988 264
21988 342
21988 158
21988 425
21988 15
21988 347
21988 299
21988 247
21988 12
21988 93
21988 475
21988 75
21988 152
21988 86
21988 414
21988 0
21988 168
21988 339
21988 9
21988 273
21988 61
21988 235
21988 334
21988 281
21988 481
21988 164
21988 474
21988 84
21988 8
21988 472
21988 385
21988 288
21988 14
21988 243
21988 441
21988 370
21988 356
21988 350
21988 516
21988 50
21988 132
21988 232
21988 437
21988 484
21988 413
21988 406
21988 190
21988 216
21988 333
21988 432
22157 61
22157 38
22157 114
22157 122
22157 125
22157 30
22157 11
22157 53
22157 23
22157 4
22157 106
22157 5
22157 56
22157 117
22157 16
22157 25
22157 74
22157 109
22157 98
22157 72
22157 43
22157 118
22157 1
22157 79
22157 69
22157 81
22157 64
22157 47
22157 83
22157 20
22157 9
22157 2
22157 7
22157 52
22157 28
22157 123
22157 68
22157 37
22157 102
22205 23
22205 84
22205 57
21935 22
21935 5
21935 32
21935 17
21935 52
21935 63
21935 38
21757 132
21757 62
22208 311
22208 69
22208 185
22208 230
22208 306
22208 387
22208 369
22208 34
22208 130
22208 375
22208 452
22208 313
22208 406
22208 416
22208 113
22208 219
22208 194
22208 279
22208 329
22208 188
22208 165
22208 12
22208 363
22208 234
22208 66
22208 463
22208 343
22208 245
22208 255
22208 145
22208 105
22208 55
22208 23
22208 457
22208 469
22208 458
22208 227
22208 217
22208 440
22208 384
22208 318
22208 462
22208 204
22208 201
22208 468
22208 250
22208 335
22208 21
22208 99
22208 247
22208 133
22208 271
22208 345
22208 213
22208 405
22208 196
22208 20
22208 309
22208 127
22208 316
22208 78
22208 241
22208 146
22208 111
22208 98
22208 103
22208 137
22208 13
22208 67
22208 82
22208 427
22208 11
22208 381
22208 257
21642 38
21642 58
21642 70
21642 101
21870 152
21870 292
21870 162
21870 51
21870 100
21870 212
21623 68
21623 69
21623 158
21909 72
21909 52
21909 9
21909 49
21909 13
21909 32
21909 10
21909 77
21909 29
21909 74
21909 68
21909 21
21909 26
21909 70
21909 64
21909 62
21909 41
21909 35
21909 23
21909 59
21909 7
21909 2
21909 6
21909 37
21909 46
21909 12
21909 34
21909 61
21909 3
21909 63
21762 7
21762 23
21543 79
21543 93
21543 128
21543 143
21543 36
21543 163
21543 173
21543 190
21543 214
21543 14
21543 76
21543 262
21543 232
21850 45
21612 34
21612 10
21612 54
21612 28
21612 49
21978 197
21978 196
21978 76
21978 44
21978 109
21978 3
21978 124
21978 192
21978 167
21978 151
21978 162
21978 116
21978 5
21978 158
21978 25
21978 51
21978 146
21978 115
21978 107
21978 177
21978 78
21978 136
21978 0
21978 103
21978 64
21978 16
21890 447
21890 475
21890 151
21890 113
21890 276
21890 235
21890 132
21890 32
21890 120
21890 230
21890 427
21890 99
21890 31
21890 70
21890 186
21890 101
21890 208
21890 30
21890 75
21890 363
21890 480
21890 490
21890 1
21890 493
21890 478
21890 164
21890 245
21890 204
21890 17
21890 117
21890 379
21890 477
21890 114
21890 404
21890 313
21890 55
21890 503
21890 259
21890 122
21890 423
21890 277
21890 390
21890 41
21890 353
21890 494
21890 322
21890 372
21890 37
21890 228
21890 264
21890 210
21890 377
21890 188
21890 61
21890 47
21890 236
21890 281
21890 0
21890 136
21890 491
21890 517
21890 426
21890 457
21890 509
21890 138
21890 424
21890 485
21890 396
21890 309
21890 474
21890 505
21890 143
21890 52
21890 78
21890 298
21890 449
21890 472
21890 189
21890 355
21890 229
21890 414
21890 416
21890 325
21890 160
21890 95
21890 440
21890 149
21890 242
21513 3
21513 0
21513 18
21513 6
21513 14
21513 2
21513 8
21513 23
21513 15
21643 31
21643 60
21643 74
21643 90
21643 196
21643 1
21643 24
21643 130
21643 146
21643 67
21643 76
21643 121
21643 58
21643 88
21643 114
21643 27
21643 30
21643 120
21643 154
21643 211
21643 37
21643 89
21643 107
21643 210
21643 195
21643 20
21643 123
21643 217
21643 14
21643 32
21643 55
21643 229
21643 108
21643 145
21643 159
21643 119
21643 44
21643 22
21643 150
21643 16
21643 34
21643 111
21643 171
21643 182
21643 189
21643 191
21643 78
21643 193
21643 234
21643 57
21643 188
21643 225
21643 160
21643 61
21643 63
21643 214
21643 50
21643 52
21643 73
21643 103
21701 148
21701 133
21701 166
21701 199
21701 23
21701 58
21701 82
21701 196
21701 19
21701 29
21701 50
21701 233
21701 33
21701 15
21701 62
21701 78
21701 98
21701 162
21701 17
21701 102
21701 112
21701 178
21701 242
21701 56
21701 30
21701 99
21701 104
21701 185
21701 176
21701 0
21701 84
21701 181
21701 230
21701 122
21701 211
21701 247
21701 118
21701 128
21701 164
21701 210
21701 127
21701 36
21701 206
21701 218
21701 100
21701 193
21701 221
21701 224
21701 38
21701 76
21701 189
21701 205
21701 71
21701 101
21701 177
21701 57
21701 136
21701 187
21701 134
21701 77
21701 163
21701 14
21701 111
21701 145
21701 215
21701 9
21701 42
21701 54
21701 154
21701 46
21701 83
21701 114
21701 200
21701 219
21701 226
21701 10
21701 26
21701 39
21701 96
21701 170
21951 63
21951 45
21951 13
21951 80
21951 51
21951 19
21951 39
21951 88
21951 15
21951 100
21951 52
21951 119
21951 76
21951 48
21951 101
21951 115
21951 14
21951 82
21951 47
21951 112
21951 74
21951 128
21951 134
21951 92
21951 111
21951 116
21951 27
21951 99
21951 2
21951 135
21951 102
21951 10
21951 126
21951 24
21951 104
21951 54
21951 69
21951 1
21951 117
21951 97
21951 56
21951 58
21951 4
21548 82
21548 84
21548 67
21548 80
21548 85
21548 17
21548 83
21548 0
21548 63
21548 54
21548 71
21548 24
21548 1
21548 12
21548 19
21548 30
21548 53
22054 75
22054 22
22054 35
22054 21
22054 163
22054 136
22054 26
22054 20
22054 66
22054 51
22054 67
22054 48
22054 0
22054 94
22054 92
22054 104
22054 55
22054 130
22054 164
22054 9
22054 167
22054 72
22054 56
22054 90
22054 116
22054 118
22054 157
22054 4
22054 33
22054 99
22054 13
22054 166
22054 6
22054 12
22054 120
22054 152
21589 5
21589 44
22247 14
22247 44
22247 42
22247 10
22247 31
22247 43
22247 27
22247 37
21480 71
21480 112
21480 124
21480 135
21480 152
21480 58
21480 119
21480 41
21480 149
21480 163
21480 175
21480 74
21480 145
21480 155
21480 200
21480 25
21480 47
21480 88
21480 110
21480 125
21480 54
21480 108
21480 137
21480 179
21480 181
21480 196
21480 82
21480 139
21480 148
21480 153
21480 43
21480 116
21480 117
21480 3
21480 95
21480 121
21480 180
21480 39
21480 49
21480 128
21480 26
21480 35
21480 42
21480 70
21480 187
21480 184
21480 4
21480 6
21480 10
21480 192
21425 7
21425 4
21425 18
21425 6
21425 1
21425 3
21425 8
21425 11
21425 10
21998 419
21998 40
21998 136
21998 45
21998 86
21998 340
21998 382
21998 426
21998 97
21998 397
21998 78
21998 87
21998 448
21998 351
21998 408
21998 13
21998 393
21998 81
21998 434
21998 417
21998 129
21998 145
21998 337
21998 441
21998 106
21998 74
21998 47
21998 15
21998 123
21998 361
21998 68
21998 92
21998 438
21998 386
21998 22
21998 23
21998 31
21998 343
21998 405
21998 39
21998 52
21998 420
21998 49
21998 172
21998 174
21998 341
21998 344
21998 359
21998 152
21998 37
21998 326
21998 378
21998 357
21998 72
21998 354
21998 363
21998 431
21998 323
21998 440
21998 449
21998 75
21998 332
21998 352
21998 34
21998 439
21998 422
21998 32
21998 348
21998 358
21998 27
21998 338
21998 66
21998 333
21998 51
21998 150
21998 335
21998 369
21998 324
21998 368
21998 41
21998 122
21998 108
21998 109
21998 134
21998 346
21998 101
21998 171
21998 380
21998 130
21998 1
21998 21
21998 423
21998 58
21998 425
21998 12
21998 342
21998 364
21998 33
21998 444
21998 20
21998 166
21998 347
21998 46
21998 84
21998 99
21543 1
21543 75
21543 138
21543 144
21543 53
21543 71
21543 91
21543 186
21543 204
21543 105
21543 109
21543 121
21543 134
21543 25
21543 195
21543 238
21543 249
21543 282
21543 285
21543 253
21543 280
21543 20
21543 86
21543 99
21543 131
21543 145
21543 9
21543 102
21543 233
21543 289
21543 26
21543 228
21543 254
21543 277
22111 14
22111 22
22111 18
22111 28
22111 33
22111 0
22111 12
22111 39
21857 61
21857 81
21857 23
21857 157
21857 29
21857 101
21857 41
21857 115
21857 39
21857 127
21857 132
21857 148
21857 149
21857 22
21857 139
21857 51
21857 71
21857 50
21857 24
22244 23
22244 30
22244 56
22244 11
22244 32
22244 34
22244 15
22244 35
22244 28
21655 138
21655 262
21655 264
21655 297
21655 324
21655 98
21655 120
21655 218
21655 24
21655 250
21905 12
22157 46
22157 120
22157 13
22157 21
22157 36
21751 13
21751 14
21751 38
21751 5
21751 19
21751 44
21751 8
21751 42
21823 22
21823 49
21823 52
21823 59
21823 78
21823 67
21823 11
21823 51
21823 89
21823 79
21823 17
21823 55
21823 36
21823 65
21823 4
21823 37
21823 91
21823 39
21823 62
21823 57
21823 2
21823 31
21823 28
21823 50
21823 68
21823 14
21823 38
21823 80
21665 17
21665 30
21665 50
21665 55
21665 112
21665 134
21665 143
21665 14
21665 43
21665 109
21665 116
21665 19
21665 35
21665 68
21665 84
21665 161
21665 31
21665 6
21665 118
21665 130
21665 149
21665 26
21665 13
21665 81
21665 89
21665 155
22257 219
22257 183
22257 20
22257 81
22257 213
21896 22
21896 10
21896 6
21896 15
21896 23
21939 117
21939 190
21939 264
21939 227
21939 247
21939 74
21939 14
21939 168
21939 111
21939 2
21939 113
21939 17
21939 215
21939 142
21939 82
21939 107
21939 26
21939 90
21939 84
21939 92
21939 173
21939 239
21939 6
21939 148
21939 149
21939 96
21939 267
21939 174
21939 8
21939 43
21939 42
21939 214
21939 91
21939 118
21939 12
21939 271
21939 68
21939 157
21939 85
21939 46
21939 274
21939 125
21939 139
21939 158
21939 208
21939 204
21939 31
21939 106
21939 41
21939 0
21939 202
21939 160
21939 134
21939 47
21939 217
21939 265
21939 101
21939 197
21939 195
21939 167
21939 230
21939 25
21939 183
21939 226
21939 151
21939 270
21939 33
21939 75
21939 123
21939 241
21939 182
21939 36
21939 69
21939 269
21939 224
21939 95
21939 193
21939 103
21939 64
21939 24
21939 70
21939 209
21939 262
21939 245
21939 279
21939 228
21939 194
21939 21
21939 77
21939 198
21939 67
21939 196
21939 102
21939 7
21939 50
21939 137
21939 162
22012 23
22012 31
22012 8
22012 44
22012 24
21773 33
21773 53
21773 82
21773 133
21773 115
21773 1
21773 130
21773 15
21773 37
21773 79
21773 90
21773 128
21773 13
21773 30
21773 63
21773 110
21773 59
21773 86
21773 24
21773 25
21773 60
21773 101
21773 120
21480 8
21480 9
21480 23
21480 98
21480 188
21480 40
21480 84
21480 177
21480 78
21480 94
21480 120
21480 208
21480 57
21480 90
21480 156
21480 157
21480 182
21480 104
21480 30
21480 85
21480 138
21480 190
21480 31
21480 60
21480 72
21480 97
21480 185
21871 42
21871 21
21871 0
21871 8
21871 27
21871 35
21871 32
21871 29
21871 38
21871 36
21871 41
21871 16
21871 40
22051 38
22019 16
22019 173
22019 48
22019 76
22019 2
22019 119
22019 68
22019 184
22019 57
22019 66
22019 85
22019 174
22019 211
22019 106
22019 58
22019 10
22019 70
22019 89
22019 177
22019 3
22019 36
22019 41
22019 111
22019 144
22019 212
22019 102
22019 151
22019 49
22019 171
22019 176
22019 191
22019 161
22019 145
22019 155
22019 18
22019 158
22019 116
22019 79
22019 133
22019 114
22019 202
22019 20
22019 125
22019 86
22019 195
22019 201
22019 6
22019 130
22019 61
22019 59
22019 34
22019 204
22019 169
22019 73
22019 60
22019 50
22019 101
22019 98
22019 54
22019 194
22019 93
22019 163
22019 37
22019 110
22019 186
22019 118
22019 40
22019 56
22019 134
21478 8
21478 14
21478 17
21478 26
21478 3
22085 13
22085 9
22085 4
22085 11
22112 124
22112 97
22112 58
22112 22
22112 23
22112 273
22112 43
22112 36
22112 28
22112 215
22112 226
22112 76
22112 149
22112 3
22112 70
22112 222
22112 268
22112 304
22112 137
22112 162
22112 180
22112 8
22112 220
22112 90
22112 142
22112 200
22112 21
22112 289
22112 216
22112 198
22112 278
22112 78
22112 175
22112 156
22112 127
22112 56
22112 30
22112 139
22112 19
22112 150
22010 5
22010 10
22010 16
22010 6
22053 196
22053 144
22053 10
22053 49
22053 114
22053 491
22053 406
22053 159
22053 241
22053 215
22053 299
22053 416
22053 119
22053 479
22053 323
22053 59
22053 550
22053 447
22053 327
22053 202
22053 303
22053 536
22053 46
22053 222
22053 127
22053 272
22053 372
22053 150
22053 355
22053 273
22053 476
22053 80
22053 382
22053 389
22053 321
22053 454
22053 26
22053 226
22053 4
22053 45
22053 465
22053 482
22053 164
22053 261
22053 30
22053 298
22053 523
22053 475
22053 518
22053 569
22053 154
22053 381
22053 285
22053 508
22053 197
22053 467
22053 143
22053 464
22053 251
22053 396
22053 529
22053 247
22053 373
22053 198
22053 432
22053 106
22053 60
22053 240
22053 242
22053 24
22053 182
22053 286
22053 169
22053 213
22053 206
22053 410
22053 351
22053 403
22053 497
22053 350
22053 38
22053 378
22053 456
22053 443
22053 42
22053 474
22053 98
22053 187
22053 85
22053 269
22053 420
22053 260
22053 84
22033 30
22033 10
22033 25
22033 22
22033 6
21750 12
21750 32
21750 4
21750 11
21750 25
21750 38
21750 26
22247 39
22247 38
22247 26
22247 20
22137 0
22191 60
22117 33
22117 161
22117 173
22117 151
22117 107
22117 134
22117 106
22117 158
22117 53
22117 38
22117 35
22117 128
22117 24
22117 64
22117 41
22117 110
22117 127
22170 24
22170 43
22170 59
22170 21
22170 22
22170 13
21429 12
21429 8
21429 19
22188 277
22188 71
22188 273
22101 20
22101 4
22101 8
22101 42
22101 0
22101 47
22101 41
22101 50
22101 30
22101 54
22101 22
22141 112
22141 43
22141 139
22141 1
22141 38
22141 56
22141 168
22141 116
22141 71
22141 201
22141 203
22141 75
22141 97
22067 39
22067 45
22067 4
22067 61
22067 78
22067 20
22067 68
22067 86
22067 75
22067 9
22067 10
21758 125
21758 162
21758 261
21758 300
21758 46
21758 28
21758 249
21758 355
21758 434
21758 319
21983 96
21983 173
21983 213
21983 138
21983 75
21983 226
21983 89
21983 67
21983 30
21983 281
21983 167
21983 74
21983 53
21983 2
21983 69
21983 91
21983 273
21983 228
21983 133
21983 51
21983 72
21983 131
21983 40
21983 153
21983 197
21983 7
21983 25
21983 93
21983 287
21983 135
21983 54
21983 31
21983 232
21983 107
21983 79
21983 88
21983 283
21983 16
21983 240
21983 193
21983 56
21983 269
21983 121
21983 194
21983 84
21983 123
21983 63
21983 61
21983 70
21983 156
21983 144
21983 92
21983 8
21983 160
21983 9
21983 258
22206 5
22206 93
22206 44
22206 35
22206 89
22206 8
22206 68
22206 32
22206 39
22206 40
22206 52
22206 9
21691 179
21691 5
21691 73
21691 118
21691 186
21691 191
21691 96
21691 128
21691 146
21691 12
21691 100
21691 112
21691 47
21691 85
21691 113
21691 74
21691 119
21691 131
21691 0
21691 159
21691 79
21691 89
21691 102
21691 1
21691 41
21691 105
21691 125
21691 26
21691 77
21691 42
21691 70
21691 161
21691 55
21691 40
21691 62
21691 63
21691 117
22137 13
22137 6
22137 48
22137 25
22137 47
21534 38
21534 57
21534 97
21534 109
21534 187
21534 189
21534 106
21534 150
21534 111
21534 116
21534 170
21534 180
21534 89
21534 53
21534 100
21534 108
21534 122
21534 46
21534 60
21534 121
21534 145
21534 17
21534 21
21534 31
21534 73
21534 103
21534 115
21534 190
21534 23
21534 29
21534 44
21534 74
21534 90
21534 5
21534 20
21534 172
21534 0
21534 130
21534 153
21534 171
21534 32
21534 14
21534 63
21534 163
21534 166
21534 169
21534 78
21534 126
21534 147
21534 156
21534 191
21534 67
21534 139
21534 149
21534 59
21534 49
21534 182
21534 55
21534 92
21534 114
21534 155
21534 193
21534 81
21534 91
21534 165
21534 40
21715 5
21715 1
21715 10
21715 2
21715 11
21687 10
21687 9
21687 4
21687 5
21687 2
22003 48
21812 1
21812 7
21812 15
21812 13
21958 79
21958 62
21440 11
21440 30
21440 45
21440 31
21440 62
21440 64
21440 1
21440 80
21440 118
21440 4
21440 86
21440 95
21440 107
21440 111
21440 115
21440 28
21440 54
21440 67
21440 106
21440 16
21440 20
21440 25
21440 48
21440 93
21440 24
21440 84
21440 120
21440 96
21440 98
21440 137
21440 26
21440 104
21440 130
21672 7
21672 132
21672 207
21672 364
21672 53
21672 101
21672 115
21672 178
21672 339
21672 118
21672 164
21672 226
21672 332
21672 21
21672 20
21672 52
21672 110
21672 368
21672 18
21672 184
21672 218
21672 276
21672 92
21672 158
21672 195
21672 217
21672 358
21672 5
21672 75
21672 228
21672 289
21672 144
21672 166
21672 233
21672 265
21672 284
21672 109
21672 240
21672 306
21672 340
21672 70
21672 136
21672 171
21672 290
21672 334
21672 197
21672 254
21672 277
21672 43
21672 146
21672 159
21672 243
21672 261
21672 263
21672 317
21672 374
21672 176
21672 206
21672 241
21672 316
21672 322
21672 8
21672 57
21672 83
21672 242
21672 272
21672 190
21672 36
21672 299
21672 318
21830 4
21830 12
21830 1
21830 20
21830 0
21830 23
21830 21
21830 6
21830 14
21830 5
21621 3
21621 18
22012 22
22012 4
22012 35
22012 43
22012 10
22012 26
22012 17
22253 0
22253 12
22172 4
22172 58
22172 37
21457 51
21457 94
21457 121
21457 5
21457 76
21457 52
21457 61
21457 80
21457 24
21457 36
21457 68
21457 100
21457 11
21457 101
21457 107
21753 170
21753 177
21753 222
21753 255
21753 293
21753 296
21753 16
21753 48
21753 54
21753 140
21753 142
21753 234
21753 274
21753 151
21753 165
21753 173
21753 228
21753 145
21753 263
21753 32
21753 202
21753 287
21753 300
21753 328
21753 289
21753 169
21753 213
21753 243
21753 271
21753 303
21753 29
21753 83
21753 43
21753 196
21753 40
21753 149
21753 152
21753 252
21753 33
21753 105
21753 117
21753 188
21753 167
21753 185
21753 194
21753 226
21753 311
21753 320
21753 45
21753 143
21753 179
21753 206
21753 298
21753 190
21753 265
21753 273
21753 331
21753 308
21753 44
21753 60
21753 91
21753 92
21753 101
21753 110
21753 131
21753 139
21753 220
21753 336
21753 322
21585 1
21585 24
21585 27
21585 43
21585 105
21585 115
21585 122
21585 16
21585 84
21585 13
21585 18
21585 17
21585 52
21585 77
21585 78
21585 36
21585 37
21585 44
21585 26
21585 39
21585 79
21585 71
21585 97
21585 130
21585 136
21585 30
21585 121
21585 147
21585 35
21585 66
21585 163
21585 100
21585 113
21585 118
21585 128
21585 146
21585 93
21585 148
21585 2
21585 40
21585 64
21585 69
21585 73
21585 82
21585 150
21585 74
21585 29
21585 42
21585 50
21585 72
21585 103
21585 153
21585 156
21585 161
21585 149
21585 157
21585 7
21585 9
21585 127
21585 91
21585 108
21585 117
21585 151
21585 33
21585 45
21585 56
21479 91
21479 155
21479 5
21479 81
21479 117
21479 121
21479 129
21479 24
21479 77
21479 28
21479 100
21479 149
21479 154
21479 41
21479 83
21479 116
21479 130
21479 47
21479 34
21479 55
21479 136
21479 36
21479 43
21479 71
21479 90
21479 104
21479 80
21479 26
21479 86
21479 102
21479 119
21479 142
21479 18
21479 20
21479 12
21479 17
21479 33
21479 64
21479 105
21479 35
21479 98
21479 123
21479 8
21479 60
21479 38
21479 42
21479 74
21479 103
21479 0
21479 53
21479 57
21479 99
21479 146
21479 7
21479 68
21479 152
21479 1
21479 37
21479 63
21479 72
21479 84
21479 109
21479 135
21479 153
21555 343
21555 414
21555 108
21555 496
21555 514
21555 342
21555 364
21555 429
21555 483
21555 484
22166 13
22166 1
22166 12
22166 7
21495 16
21495 1
21495 6
21495 70
21495 86
21495 13
21495 17
21495 18
21495 61
21495 25
21495 45
21495 58
21495 64
21495 75
21495 14
21495 48
21495 51
21495 62
22131 41
22074 60
22074 2
22074 77
22074 95
22074 34
22074 29
22074 27
22074 68
22074 96
22074 25
22074 86
22074 87
21918 214
21918 113
21918 188
21918 181
21918 220
21918 105
21918 221
21918 192
21918 230
21918 237
21918 114
21918 26
21918 81
21918 238
21918 226
21918 135
21918 108
21918 219
21918 176
21918 75
21918 115
21918 96
21918 11
21918 189
21918 73
21918 44
21918 65
21918 123
21918 120
21918 7
21918 88
21918 148
21918 142
21918 62
21918 27
21918 15
21918 64
21918 218
21918 239
21918 167
21918 49
21918 213
21918 10
21918 216
21918 217
21918 151
21918 196
21918 138
21918 169
21918 233
21918 41
21918 6
21918 111
21918 40
21918 193
21918 187
21918 145
21918 0
21918 175
21918 57
21918 63
21918 80
21918 229
21918 61
21918 203
21918 31
21918 23
21918 84
21918 50
21918 18
21918 223
21918 4
21918 170
21918 12
21918 185
21918 92
21918 46
21918 8
21918 104
21918 29
21918 143
21918 200
21918 82
21918 149
21918 127
21894 3
21894 15
21894 9
21894 26
21894 42
21894 6
21894 45
21894 18
21894 20
21894 33
21907 43
21907 71
21907 55
21907 12
21907 11
21907 15
21907 62
21907 25
21907 58
21907 34
21907 39
21907 8
21907 54
21907 73
21907 46
21907 21
21907 16
21907 51
21907 72
21907 31
21907 67
22191 52
22191 37
22191 57
22191 85
22191 12
22191 20
22191 13
22191 39
22191 48
22191 47
22191 66
22191 22
22191 74
21741 19
21741 44
21741 161
21741 193
21741 219
21631 97
21631 87
21631 39
21631 98
21631 132
21631 64
21631 101
21631 53
21631 52
21631 10
21631 86
21631 146
22030 1
22099 2
22099 69
22099 42
22099 61
22099 98
22099 38
22099 96
21680 23
21680 84
21680 169
21680 466
21680 41
21680 46
21680 162
21680 388
21680 430
21680 198
21680 453
21680 25
21680 300
21680 426
21680 457
21680 118
21680 120
21680 128
21680 187
21680 416
21680 418
21680 260
21680 65
21680 280
21680 326
21680 371
21680 183
21680 205
21680 258
21680 342
21680 476
21680 116
21680 365
21680 446
21680 62
21680 72
21680 335
21680 370
21680 397
21680 148
21680 210
21680 339
21680 36
21680 208
21680 323
21680 486
21680 81
21680 130
21680 157
21680 232
21680 14
21680 117
21680 141
21680 477
21680 495
21680 227
21680 2
21680 188
21680 469
22133 4
22133 47
21799 24
21799 38
21799 14
21799 42
21799 6
21799 35
21799 51
21799 54
22214 7
22214 0
21713 7
21713 21
21713 26
21713 28
21713 0
21713 17
21713 8
21713 9
21713 35
21791 44
21791 8
21791 72
21791 85
21791 147
21791 94
21791 149
21791 42
21791 114
21791 123
21791 137
21791 34
21791 86
21791 88
21791 120
21791 93
21791 96
21791 102
21791 10
21791 36
21791 66
21791 77
21791 115
21791 140
21791 148
21791 41
21791 58
21791 75
21791 23
21791 49
21791 57
21791 60
21791 71
21791 3
21791 47
21791 51
21791 111
21791 81
21791 38
21791 109
21791 145
21791 11
21791 29
21791 50
21791 128
21791 0
21791 1
21791 62
21791 91
21791 129
21708 85
21708 9
21708 120
21708 6
21708 11
21708 97
21708 98
21708 139
21708 22
21708 41
21708 47
21708 138
21708 33
21708 82
21708 95
22251 493
22251 230
22251 199
22251 19
22251 67
22251 339
22251 96
21421 5
21926 33
21968 157
21968 424
21968 469
21968 227
21968 505
21968 22
21968 468
21968 407
21968 165
21968 107
21968 167
21968 168
21968 101
21968 395
21968 452
21968 518
21968 292
21968 361
21968 481
21968 499
21968 366
21968 140
21968 530
21968 414
21968 320
21968 382
21968 200
21968 328
21968 129
21968 443
21968 206
21968 99
21968 69
21968 19
21968 235
21968 170
21968 77
21968 185
21968 63
21968 294
21968 336
21968 396
21968 122
21968 182
21968 94
21968 440
21968 127
21968 125
21968 350
21968 273
21968 345
21968 175
21968 83
21968 36
21968 501
21968 23
21968 372
21968 510
21968 349
21968 332
21968 82
21968 263
21968 192
21968 50
21968 400
21968 74
21968 300
21968 55
21968 245
21968 398
21968 133
21968 27
21968 256
21968 254
21968 428
21968 24
21968 533
21968 186
21968 480
21968 525
21968 14
21968 322
21968 374
21968 517
21968 151
21968 79
21968 243
21968 143
21968 103
21968 92
21968 146
21968 12
21968 269
21968 169
21968 202
21968 489
21520 2
21520 23
21520 42
21520 30
21520 36
21520 0
21520 39
21520 24
21896 19
21896 18
21708 63
21708 53
21708 123
21708 26
21708 100
21708 121
21480 59
21480 111
21480 114
21506 4
21506 6
21506 3
21497 2
21497 36
21497 37
21497 17
21497 18
21497 15
21497 42
21497 26
21497 31
21497 25
21497 44
21497 54
21497 28
21497 50
21497 53
21621 38
21621 9
21621 23
21621 34
21621 19
21621 7
21621 31
21621 2
21621 37
21621 17
21621 24
21621 42
21621 29
21621 43
21621 16
21621 25
22051 3
22051 1
22051 37
22051 40
22051 11
22051 47
22051 2
22051 7
22130 131
22130 42
22130 5
22130 106
22130 123
22130 116
22130 8
22130 83
22130 49
22130 4
22130 51
22130 57
22130 9
22130 69
22130 133
21514 1
21621 0
21621 4
21621 30
21621 12
21621 6
21621 10
21621 11
22023 73
22023 343
22023 55
22023 60
22023 228
22023 218
22023 86
22023 108
22023 230
22023 1
22023 70
22136 56
22136 37
22136 6
22136 10
22136 52
22136 44
22136 35
22136 21
22136 33
22136 11
22136 43
22136 49
22102 139
22102 26
22102 115
22102 111
22102 140
22102 53
22102 119
22102 16
22102 92
22102 79
22102 149
22102 86
22102 85
22102 109
22102 13
22102 11
22102 8
21732 28
21732 37
21732 3
21732 7
21688 268
21688 295
21688 29
21688 70
21688 159
21688 220
21688 210
21688 253
21688 259
21688 224
21688 36
21688 53
21688 79
21688 184
21688 192
21688 263
21688 5
21688 109
21688 216
21688 22
21688 188
21688 202
21688 229
21688 78
21688 130
21688 143
21688 254
21688 13
21688 26
21688 107
21688 222
21688 336
21688 199
21688 65
21688 93
21688 160
21688 249
21688 277
21688 314
21688 17
21688 302
21688 18
21688 117
21688 123
21688 240
21688 142
21688 183
21688 195
21688 28
21688 46
21688 140
21688 91
21688 98
21688 156
21688 185
21688 23
21688 33
21688 40
21688 190
21688 122
21688 35
21688 57
21688 105
21688 151
21688 126
21688 1
21688 68
21688 101
21688 132
21688 189
21688 55
21688 69
21688 144
21688 208
21688 11
22161 174
22161 43
22161 7
22161 320
22161 427
22161 161
22161 308
22161 192
22161 371
22161 178
22161 48
22161 26
22161 226
22161 117
22161 363
22161 455
22161 381
22161 111
22161 9
22161 33
22161 59
22161 325
22161 255
22161 459
22161 158
22161 22
22161 387
22161 181
22161 38
22161 85
22161 425
22161 266
22161 344
22161 340
22161 449
22161 210
22161 253
22161 154
22161 315
22161 34
22161 267
22161 428
22161 63
22161 365
22161 82
22161 324
22161 62
22161 285
22161 390
22161 94
22161 150
22161 30
22161 290
22161 367
22161 417
22161 60
22161 357
22161 112
22161 46
22161 386
22161 186
22161 343
22161 265
22161 306
22161 416
22161 372
22161 351
22161 15
22161 140
22161 368
22161 369
22161 1
22161 373
22161 431
22161 323
22161 75
22161 302
22161 321
22161 40
22161 170
22161 39
22161 35
22161 179
22161 168
22161 232
22161 327
22161 318
22161 136
22161 295
22161 47
22161 220
22161 57
22161 261
22161 28
22161 264
22161 100
22161 406
22161 176
22161 67
22161 188
22161 118
22161 206
22161 80
22161 275
22161 29
22161 270
22161 53
22161 391
22161 137
22161 254
22161 307
22161 182
22161 345
22161 172
22161 419
22161 5
22161 349
22161 123
22161 398
22161 445
22161 42
22161 251
22161 77
22161 452
22161 217
22161 199
22161 165
22161 87
22161 219
22161 160
22161 394
22161 65
22161 222
22161 95
22161 384
22161 400
22161 69
22161 245
22161 27
22161 235
22161 196
22161 64
22161 291
22161 316
22161 338
22161 146
22161 180
22161 346
22161 101
22161 24
22161 78
22161 144
22161 378
22161 200
22161 145
22161 25
22161 51
22111 35
22111 16
22111 9
22111 15
21811 288
21811 36
21811 122
21811 548
21811 354
21811 200
21811 445
21988 373
21988 121
21988 226
21988 435
21988 239
21988 118
21988 444
21988 298
21988 39
21988 233
21988 332
21988 5
21988 143
21988 28
21988 204
21988 490
21988 274
21633 44
21633 6
21633 3
21633 14
21633 25
21633 39
21633 65
21633 9
21633 18
21633 35
21633 23
21633 32
21633 34
21633 48
21844 5
21844 9
21844 45
21844 90
21844 3
21844 32
21844 85
21844 82
21845 219
21845 226
21845 230
21845 303
21845 515
21845 523
21845 508
21845 467
21845 328
21845 51
21845 75
21845 99
21845 235
21845 483
21845 248
21845 362
21845 388
21845 117
21845 215
21845 278
21845 283
21845 354
21845 522
21845 512
21845 161
21845 179
21845 317
21845 439
21845 181
21845 501
21845 484
21845 419
21845 486
21845 313
21845 247
21845 122
21845 126
21845 136
21845 150
21845 511
21845 154
21845 469
21845 29
21845 101
21845 476
21845 433
21845 295
21845 239
21845 258
21845 369
21845 404
21845 188
21845 177
21845 141
21845 227
21845 228
21845 373
21845 422
21845 191
21845 519
21845 395
21845 166
21845 377
21845 386
21845 246
21845 282
21845 50
21845 250
21845 27
21845 15
21845 34
21845 35
21845 165
21845 64
21845 79
21845 488
21845 53
21845 55
21845 95
21845 135
21845 527
21845 477
21845 271
21845 417
21845 302
21845 28
21845 30
21845 33
21845 42
21845 63
21845 66
21845 80
21845 61
21845 76
21845 98
21845 103
21845 114
21845 528
21845 197
21845 124
21845 139
21845 264
21845 393
21845 306
21845 367
21845 426
21845 463
21845 146
21845 155
21845 176
21845 308
21845 481
21845 456
21845 156
21845 198
21845 207
21845 351
21845 365
21845 384
21845 168
21845 243
21845 288
21845 294
21845 36
21845 73
21845 9
21845 81
21845 82
21845 115
21845 326
21845 2
21845 72
21845 429
21845 434
21845 499
21845 521
21845 503
21845 174
21845 194
21845 245
21845 410
21845 407
21845 496
21845 526
21845 532
21845 256
21845 184
21845 232
21845 274
21845 346
21845 233
21845 435
21845 123
21845 125
21845 178
21845 307
21845 324
21474 75
21474 57
21474 60
21474 97
21474 65
21474 52
21474 19
21474 30
21474 36
21474 16
21474 22
21474 91
21960 22
21960 84
21960 28
21960 87
21960 43
21739 27
21739 65
21739 15
21739 21
21739 22
21739 16
21739 24
21739 53
21739 17
21739 75
21739 62
21739 29
21739 36
21739 41
21739 44
21739 60
21739 73
21739 0
21739 20
21739 45
21739 49
21739 52
21739 66
22019 19
22019 121
22019 80
22019 27
22019 104
22019 43
22019 11
22019 190
22019 24
22019 103
22019 55
22019 203
22019 117
22019 122
22019 172
22019 28
22019 196
22019 139
22019 9
22019 51
21635 2
21635 13
21635 5
22140 223
22140 156
22140 5
22140 159
22140 174
22140 292
22140 129
22140 192
22140 274
22140 132
22140 78
22140 147
22140 107
22140 280
22140 118
22140 80
22140 234
22140 71
22140 269
22140 106
22140 36
22140 194
22140 213
21936 12
21936 138
21936 102
21936 5
21936 31
21936 83
21936 37
21936 25
21936 44
21936 112
21936 62
21497 30
21497 55
21679 101
21679 123
21679 128
21679 197
21679 62
21679 114
21679 126
21679 138
21679 305
21679 321
21679 33
21679 86
21679 104
21679 191
21679 165
21679 180
21679 190
21679 254
21679 266
21679 81
21679 16
21679 48
21679 89
21679 74
21679 229
21679 0
21679 167
21679 195
21679 31
21679 39
21679 67
21679 151
21679 182
21679 260
21679 26
21679 141
21679 145
21679 284
21679 326
21679 115
21679 146
21679 205
21679 84
21679 279
21679 109
21679 158
21679 163
21679 189
21679 12
21679 38
21679 68
21679 23
21679 121
21679 249
21679 273
21679 287
21679 98
21679 135
21679 147
21679 261
21679 302
21679 316
21679 334
21679 22
21679 318
21679 251
21679 253
21679 282
21679 230
21679 94
21679 134
21679 160
21679 299
21679 14
21679 186
21679 193
21679 267
21679 92
21679 57
21679 187
21679 15
21679 59
21679 77
21679 119
21679 105
21679 219
21679 237
21679 285
21679 301
21679 222
21679 312
21679 328
21679 338
21997 423
21997 131
21997 55
21997 352
21997 329
21997 524
21997 108
21997 142
21997 145
21997 234
21997 498
21997 201
21997 426
21997 337
21997 411
21997 343
21997 431
21997 90
21997 359
21997 309
21997 385
21997 64
21997 363
21997 162
21997 420
21997 503
21997 117
21997 325
21997 153
21422 44
21422 5
21422 90
21422 21
21422 83
21422 46
21422 63
21422 85
21422 7
21422 19
21422 86
21422 16
21422 73
21422 3
21422 36
21422 42
21422 57
21422 69
21422 60
21422 34
21422 37
21422 47
21422 64
21422 72
21422 55
21422 31
21422 39
21422 76
21669 538
21669 94
21669 108
21669 115
21669 118
21669 250
21669 483
21669 486
21669 50
21669 160
21669 171
21669 503
21669 406
21669 524
21669 262
21669 295
21669 436
21669 452
21669 455
21669 468
21669 356
21669 109
21669 168
21669 506
21797 26
21797 3
21797 4
21797 8
21797 55
21797 6
21797 24
21797 13
21797 42
21797 47
21797 51
22072 64
22072 70
22240 67
22240 52
22240 56
22240 4
22240 38
22240 45
22240 16
22240 40
22240 29
22240 66
21621 35
21743 62
21743 75
21743 94
21965 290
21965 143
21965 9
21965 53
21965 363
21965 318
21965 391
21965 351
21965 60
21965 254
21965 118
21965 264
21965 262
21469 28
21469 42
21469 7
21469 23
21469 19
21469 39
21469 5
21469 24
21469 51
21469 52
21469 6
21469 30
21469 3
21469 16
21469 35
21469 36
21469 50
21469 0
21469 2
21686 33
21686 9
21686 27
21686 42
21686 53
21686 34
21686 69
21686 40
21686 17
21686 28
21686 2
21686 30
21686 14
21686 6
21686 19
21686 36
21686 3
21686 21
21686 37
21686 13
21686 67
21686 52
21686 57
22267 16
22267 6
21452 16
21452 20
21452 4
21452 27
21452 35
21452 48
21452 2
21452 26
21623 17
21623 124
21623 116
21623 9
21623 118
21623 156
21623 121
21623 125
21623 165
21623 86
21623 100
21623 119
21623 128
21623 38
21623 168
21623 123
21623 5
21623 80
21623 107
21623 127
21623 12
22003 39
22003 5
22003 29
22003 69
22003 84
22003 64
22186 0
22186 4
22186 13
21624 22
21655 70
21655 82
21655 92
21655 97
21655 173
21655 3
21655 7
21655 41
21655 109
21655 44
21655 161
21655 164
21655 259
21655 285
21655 30
21655 47
21655 319
21655 333
21655 79
21655 193
21655 309
21655 316
21655 74
21655 169
21655 287
21655 1
21655 217
21655 271
21655 300
21655 314
21655 328
21655 293
21655 304
21655 18
21655 69
21655 88
21655 99
21655 106
21655 119
21655 148
21655 185
21655 194
21655 210
21655 231
21655 72
21655 310
21655 23
21655 142
21655 180
21655 237
21655 249
21655 5
21655 56
21655 143
21655 240
21655 238
21655 248
21655 255
21655 268
21655 284
21655 145
21655 150
21655 225
21655 311
21655 317
21655 4
21655 211
21655 212
21655 307
21655 95
21655 296
21655 326
21655 177
21655 14
21655 260
21655 276
21655 125
21655 65
21655 188
21655 121
21655 172
21655 181
21655 205
21655 301
21655 332
21655 320
21655 60
21655 114
21655 176
21655 191
21655 204
21755 11
22191 55
22191 7
22191 2
22191 26
22191 58
22191 78
22191 33
22191 19
22191 87
22191 62
22191 9
22191 64
22191 36
22191 23
22191 79
22191 17
22191 90
22191 38
22191 97
22191 6
22191 14
22191 56
22191 53
22191 92
22191 68
22191 25
22191 61
22191 96
22191 76
22191 29
22191 21
22191 41
22191 50
22191 4
22191 24
22191 3
22191 59
22191 44
22191 10
22191 28
22191 34
22191 42
22050 26
21474 20
21474 26
21474 51
21474 53
21474 79
21474 68
21474 11
21474 70
21474 71
21474 81
21474 48
21474 73
21474 62
21474 74
21474 92
21829 377
21829 409
21829 212
21829 446
21829 413
21829 458
21829 469
21829 476
21829 441
21829 0
21829 186
21829 189
21829 232
21829 310
21829 435
21829 439
21829 479
21549 67
21549 112
21549 202
21549 131
21549 51
21923 192
21923 49
21923 80
21923 166
21923 17
21923 24
21923 57
21923 18
21923 160
21923 184
21923 63
21923 7
21923 182
21923 61
21923 76
21923 11
21923 120
21923 64
21923 16
21923 178
21923 168
21923 73
21923 175
21923 126
21923 102
21923 35
21923 117
21923 62
21923 85
21923 4
21923 0
21923 90
21923 55
21923 99
21923 140
21690 21
21690 135
21690 88
21690 24
21690 62
21690 98
21690 184
21690 56
21690 149
21690 29
21690 138
21690 35
21690 136
21690 139
21690 19
21690 44
21690 84
21690 208
21690 3
21690 13
21690 74
21690 194
21690 41
21690 64
21690 120
21690 180
21690 18
21690 125
21690 34
21690 104
21690 114
21690 155
21690 0
21690 93
21690 52
21690 61
21690 86
21690 122
21690 130
21690 22
21690 30
21690 47
21690 107
21690 113
21690 115
21690 80
21690 68
21690 92
21690 128
21690 151
21690 5
21690 16
21690 97
21690 142
21690 110
21690 132
21690 162
21690 179
21690 123
21690 144
21690 163
21690 205
21690 55
21690 77
21690 99
21690 159
21690 161
21690 85
21690 87
21690 147
21690 160
22183 8
22183 96
22183 33
22183 9
22183 3
22183 28
22183 73
22183 35
22183 41
22183 83
22183 99
22183 117
22183 24
22183 54
22183 140
22183 134
22183 30
22183 113
22183 49
22183 143
22183 16
22183 55
22183 7
22183 1
22183 110
22183 91
22183 120
22183 115
22183 124
21853 12
21853 7
21853 15
21853 1
22251 503
22251 362
22251 30
22251 547
22251 501
22251 366
22251 434
22251 304
22251 65
22251 102
22251 349
22251 49
22251 140
22251 489
22251 291
22251 314
22251 236
22251 507
22251 143
22251 35
22251 490
22251 469
22251 173
22251 179
22251 380
22251 410
22251 189
22251 70
22251 82
22251 324
22251 340
22251 262
22251 382
22251 394
22251 80
22251 211
22251 18
22251 103
22251 266
22251 513
22251 46
22251 217
22251 84
22251 73
22251 508
22251 48
22251 400
22251 541
22251 79
22251 450
22251 160
22251 167
22251 510
22251 240
22251 14
22251 198
22251 36
22251 1
22251 204
22251 433
22251 344
22251 56
22251 269
22251 44
22251 13
22251 152
22251 219
22251 492
22251 296
22251 326
22251 234
22251 268
21505 50
21505 87
21505 104
21505 179
21505 172
21505 107
21505 157
21505 173
21505 14
21505 88
21505 185
21505 156
21505 171
21505 0
21505 64
21505 76
21505 47
21505 7
21505 66
21505 83
21847 15
21847 37
21847 8
21847 51
21847 61
21847 11
21847 73
21847 78
21470 0
21470 4
21470 23
21470 16
21470 8
21470 10
21470 31
21470 9
21470 11
21470 2
21470 25
21470 35
21470 7
21470 27
22186 3
22186 17
21651 29
21651 12
21651 39
21651 62
21651 73
21651 74
21505 6
21505 41
21505 58
21505 85
21505 134
21505 144
21505 165
21505 25
21505 96
21505 193
21505 13
21505 95
21505 163
21505 176
21505 211
21505 36
21505 42
21505 182
21505 57
21505 73
21505 34
21505 74
21505 109
21505 162
21505 213
21505 126
21505 167
21505 189
21505 30
21505 121
21505 113
21505 19
21505 24
21505 51
21505 205
21505 187
21505 191
21505 1
21505 2
21505 35
21505 120
21505 146
21505 93
21505 127
21505 166
21505 55
21505 22
21505 90
21505 105
21505 196
21505 199
21505 15
21505 23
21505 148
21922 273
21922 107
21922 78
21922 388
21922 356
21922 340
21922 168
21922 161
21922 408
21922 140
21922 374
21922 238
21922 135
21922 74
21922 436
21922 351
21922 230
21922 256
21922 150
21922 167
21922 34
21922 355
21922 235
21922 92
21922 133
21922 51
21922 241
21922 143
21922 244
21922 267
21922 338
21922 437
21922 414
21922 240
21922 47
21922 83
21922 262
21922 359
21922 323
21922 324
21922 264
21922 59
21922 32
21922 213
21922 293
21922 189
21922 448
21752 31
21752 52
21752 69
21752 71
21752 13
21752 61
21752 49
21752 51
21752 46
22207 192
22207 123
22207 154
22207 143
22207 47
22207 205
22207 26
22207 220
22207 203
22207 161
22207 167
22207 66
22207 69
22207 120
22207 40
22207 53
22207 193
22207 63
22207 166
22207 177
22207 145
22207 140
22207 86
22207 198
22207 43
22207 57
22207 132
22207 218
22207 72
21702 61
21702 83
21702 47
21702 76
21702 57
21702 85
21702 129
21702 165
21702 164
21702 22
21702 30
21702 17
21702 68
21702 45
21702 104
21979 5
21979 6
21979 16
22051 46
22051 25
22051 22
22051 52
22051 9
22051 10
22051 33
22051 42
22051 21
22051 4
22051 6
22051 34
22051 27
22051 31
22051 8
22051 44
22051 39
22051 0
21762 0
21469 33
21469 46
21929 9
21929 103
21929 38
21929 101
21676 14
21676 54
21676 59
21676 113
21676 20
21676 47
21676 92
21676 19
21676 66
21676 83
21676 8
22189 32
22189 34
22189 10
22189 113
22189 53
21764 2
21788 87
21788 28
21788 63
21788 67
21788 76
21788 120
21788 127
21788 50
21788 97
21788 4
21788 20
21788 30
21788 11
21945 127
21945 197
21945 74
21945 113
21945 52
21945 136
21945 108
21945 149
21945 174
21945 210
21945 16
21945 73
21945 90
21945 158
21945 98
21945 196
21945 200
21945 151
21945 24
21945 150
21945 198
21945 6
21945 128
21945 192
21945 172
21945 83
21945 2
21945 209
21945 126
21945 41
21945 78
21945 183
22171 33
22171 27
22171 34
22171 31
22171 1
21550 104
21550 10
21550 116
21550 76
21550 84
21550 197
21550 9
21550 120
21550 65
21550 163
21550 170
21550 27
21550 64
21550 80
21550 54
21550 136
21550 183
21550 192
21550 63
21550 16
21550 36
21550 141
21448 15
21448 13
21448 3
21448 17
21448 22
21448 19
21448 21
21448 9
21448 18
21448 0
21448 8
21448 10
21448 7
21448 16
21448 2
22027 4
21481 93
21481 103
21481 124
21481 28
21481 69
21481 172
21481 29
21481 59
21481 140
21481 202
21481 14
21481 86
21481 122
21481 160
21481 187
21739 63
21739 74
21739 68
21739 54
21739 56
21739 61
21739 34
22012 7
22012 39
22012 3
22012 5
22012 11
22012 48
22012 28
22012 41
22012 19
22012 38
22012 2
22012 42
22012 47
22012 32
22012 49
22008 77
22008 21
22008 94
22008 6
22008 84
22008 3
22008 15
22008 7
22008 22
22008 24
22008 65
22008 67
22105 187
22105 212
22105 252
22105 286
22105 194
22105 261
22105 291
22105 198
22105 152
22105 199
22105 226
22105 62
22105 19
22105 130
22105 13
22105 183
22105 228
22105 37
22105 141
22105 251
22105 290
22105 125
22105 143
22105 203
22105 146
22105 56
22105 205
22105 163
22105 193
22105 81
22105 246
22105 90
22105 200
22105 254
22105 283
22105 127
22105 231
22105 215
22105 213
22105 209
22105 36
22105 166
22105 60
22105 270
22260 274
22260 78
22260 0
22260 384
22260 91
22260 11
22260 27
22260 373
22260 343
22260 325
22260 281
22260 98
22260 137
22260 250
22260 346
22260 102
22260 193
21745 4
21745 33
21745 7
21745 45
21745 44
21745 25
21745 13
21745 9
21745 15
22120 6
22120 24
22120 8
22120 41
22120 21
22120 46
22108 32
21803 85
21803 166
21803 280
21803 152
21803 246
21803 288
21803 165
21803 274
21855 104
21855 94
21855 116
21855 86
21855 50
21855 84
21855 93
21855 108
21855 39
21855 57
21855 68
21855 58
21855 0
21855 27
21855 74
21855 114
21855 54
21855 15
21855 16
21855 44
21855 64
21855 78
21855 79
21855 112
21855 34
21855 2
21855 4
21855 47
21961 10
21961 24
21961 41
21961 50
21961 23
21961 38
21523 28
21523 30
21523 33
21523 19
21523 36
21523 6
21523 18
21523 25
21523 31
21523 4
21523 38
21478 13
21478 22
21478 10
21478 21
21478 16
21478 20
22187 4
22187 268
22187 146
22187 223
22187 190
22187 315
22187 139
22187 179
22187 299
22187 108
22187 153
22187 10
22187 70
22187 170
22187 283
22187 214
22187 45
22187 134
22187 57
22187 334
22187 127
22187 133
22187 104
22187 256
22187 101
22187 88
22187 159
22187 189
22187 275
22187 3
22187 227
22187 318
22187 84
22187 250
22187 135
22187 261
22187 320
22187 30
22187 195
22187 242
22187 20
22187 29
22187 142
22187 263
22187 243
22187 284
22187 73
22187 332
22187 281
22187 174
22187 43
22187 171
22187 287
22187 129
22187 72
22187 217
22187 14
22187 282
22187 92
22187 178
22187 122
22187 17
22187 167
22187 314
22187 290
22187 131
22187 76
22187 303
22187 44
22187 270
22187 175
22187 53
22187 199
22187 87
22187 329
22187 155
22187 55
22187 317
22187 113
22187 118
22187 33
22187 49
22187 251
22187 184
22187 59
22187 218
22187 285
22187 105
22187 97
22187 8
22187 99
22187 298
22187 71
22187 235
22187 328
22187 259
22187 68
22187 147
22187 164
22187 41
22187 327
22187 291
22187 64
22187 186
22187 27
22187 38
22187 297
21711 25
21711 24
21711 65
21711 76
21711 95
21711 121
21711 73
21711 80
21711 16
21711 77
21711 20
21711 40
21711 96
22189 86
22189 14
22189 93
21946 40
21946 23
21946 63
21946 84
21946 1
21946 120
21946 80
21946 109
21946 13
21946 94
21622 17
21585 59
21585 90
21585 95
21585 144
21532 50
21532 45
21532 39
21532 4
21532 0
21532 20
21532 54
21532 35
21532 36
21532 22
21532 9
21532 8
21532 21
21532 2
21532 32
21532 42
21532 47
21829 428
21829 322
21829 287
21829 141
21829 187
21829 206
21829 320
21829 363
21829 387
21829 294
21829 7
21829 99
21829 119
21829 253
21829 328
21829 376
21829 382
21829 315
21829 61
21829 70
21829 84
21829 115
21829 125
21829 205
21829 372
21829 392
21829 398
21829 75
21829 120
21829 477
21829 78
21829 135
21829 149
21829 215
21829 173
21829 198
21829 467
21829 158
21829 364
21829 423
21829 432
21829 343
21829 431
21829 445
21829 482
21829 284
21829 21
21829 98
21829 453
21829 485
21829 27
21829 60
21829 156
21829 185
21829 238
21829 250
21829 296
21829 20
21829 40
21829 94
21829 127
21829 30
21829 148
21829 326
21829 90
21829 131
21829 58
21829 201
21829 330
21829 371
21829 233
21829 1
21829 54
21829 79
21829 91
21829 132
21829 139
21829 175
21829 184
21829 285
21829 67
21829 6
21829 18
21829 19
21829 163
21829 118
21829 174
21829 193
21829 220
21829 262
21829 327
21829 124
21829 216
21829 254
21829 300
21829 351
21829 378
21829 389
21829 188
21829 218
21829 144
21829 273
21829 276
21829 342
21829 407
21829 5
21829 29
21829 66
21829 96
21829 111
21829 36
21829 155
21829 471
21829 180
21829 361
21829 229
21829 44
21829 145
21829 147
21829 280
21829 358
21829 459
21829 444
21829 452
21829 461
21829 475
21829 248
21829 270
21829 152
21829 243
21829 86
21829 35
21829 169
21829 214
21829 151
21829 182
21829 208
21829 275
21829 297
21829 383
21829 48
21829 108
21829 424
21829 462
21829 473
21829 68
21829 3
21829 236
21829 242
21829 346
21829 355
21829 369
22185 78
22185 66
22185 135
22185 148
22185 87
22185 102
22185 119
22185 92
22185 113
21551 10
21551 15
21551 7
21551 3
21551 6
21927 90
21927 165
21927 446
21927 159
21927 348
21927 66
21927 480
21927 317
21927 506
21927 320
21927 292
21927 275
21927 344
21927 11
21927 166
21927 151
21927 103
21927 77
21927 349
21927 37
21927 430
21927 342
21927 173
21927 46
21927 448
21927 188
21927 434
21927 85
21927 411
21927 53
21927 239
21927 425
21927 94
21927 257
21927 131
21927 27
21927 390
21927 57
21927 32
21927 106
21927 482
21927 169
21927 153
21927 358
21927 532
21927 540
21927 6
21927 439
21927 93
21927 179
21927 483
21927 407
21927 196
21927 233
21927 416
21927 198
21927 260
21927 50
22015 3
22015 139
22015 47
22015 70
22015 62
22015 28
22015 19
22015 13
22015 126
22015 37
22015 84
22015 127
22015 29
22015 15
22015 50
22015 45
22015 148
22015 48
22015 32
21703 2
21703 4
21703 8
21703 12
21703 13
21703 15
21623 16
21623 105
21623 64
21623 120
21623 130
21623 151
21623 6
21623 8
21623 35
21623 133
21623 14
21623 52
21623 131
21623 143
21623 58
21623 147
21623 19
21623 46
21623 61
22147 2
22147 57
22147 49
22147 10
21586 2
21586 1
21586 0
22187 305
22187 331
22187 280
22187 83
22187 69
22187 145
22187 21
22187 279
22187 79
22187 203
22187 336
22187 182
22187 222
22187 307
22187 50
22187 160
22187 215
22187 56
22187 216
22187 61
22187 289
22187 292
22187 154
22187 165
22187 185
22187 66
22187 158
22187 239
22187 310
22187 212
22187 166
22187 202
22187 173
22187 90
22187 200
22187 47
22187 248
21583 10
21583 30
21583 39
21583 21
21583 31
21583 8
21583 16
21583 40
21583 23
21583 47
21737 9
21737 16
21737 13
21737 10
22248 45
22248 276
22248 72
22248 327
22248 274
22248 434
22248 103
22248 187
22248 141
22248 189
22248 18
22248 319
22248 153
22248 27
22248 71
22248 415
22248 233
22248 50
22248 63
22248 439
22248 287
22248 62
22248 444
22248 238
22248 216
22248 133
22248 166
22248 232
22248 218
22248 17
22248 219
22248 440
22248 119
22248 129
22248 92
22248 16
22248 422
22248 167
22248 83
22248 36
22248 382
22248 403
22248 131
22248 120
22248 284
22248 302
22248 289
22248 307
22248 148
22248 263
22248 102
22248 338
22248 86
22248 328
22248 245
22248 168
22248 254
22248 207
22248 163
22248 138
22248 349
22248 222
22248 11
22248 354
22248 404
22248 268
22248 66
22248 264
22248 79
22248 285
22248 64
22248 312
21707 27
21707 46
21707 15
21707 67
21707 11
21707 64
21707 0
22028 68
22028 46
22028 26
22028 14
22028 10
22028 36
22028 9
22028 27
22028 4
22028 72
22028 44
22028 24
22028 62
22028 33
22028 23
22028 38
22028 48
22028 47
22028 40
22028 41
22028 42
22028 18
22028 35
22028 12
22028 37
22028 20
22028 3
22028 73
22028 45
22028 32
22028 29
21986 50
21986 34
21986 82
21986 87
21986 53
21986 54
21986 73
21986 14
21986 96
21986 64
21986 119
21986 40
21986 121
21986 106
21986 92
21986 101
21986 62
21986 111
21986 37
21986 61
21986 19
21986 20
21986 57
21986 36
21986 51
21986 1
21986 71
21986 46
21986 88
21986 12
21986 17
21986 41
21986 113
21986 67
21986 127
21986 85
21986 21
21986 79
21986 10
21986 31
21986 77
21986 9
21986 66
21986 72
21986 45
21986 117
21986 42
21986 55
22055 232
22055 288
22055 296
22055 95
22055 322
22055 381
22055 357
22055 54
22055 83
22055 33
22055 383
22055 432
22055 376
22055 282
22055 409
22055 359
22055 275
22055 199
22055 391
22055 57
22055 477
22055 467
22055 455
22055 227
22055 470
22055 207
22055 338
22055 488
22055 387
22055 181
22055 436
22055 414
22055 242
22055 73
22055 460
22055 306
22055 226
22055 47
22055 169
22055 385
22055 225
22055 269
22055 96
22055 80
22055 434
22055 270
22055 393
22055 445
22055 251
22055 297
22055 449
22055 156
22055 347
22055 396
22055 304
22055 238
22055 320
22055 184
22055 413
22055 34
22055 15
22055 299
22055 372
22055 79
22055 108
22055 295
22055 367
22055 149
22055 293
22055 118
22055 504
22055 341
22055 268
22055 173
22055 50
22055 24
22214 17
22214 6
22250 6
22250 26
22250 16
22250 10
22250 13
21668 25
21668 38
21668 49
21668 58
21668 87
21668 1
21668 10
21668 43
21668 88
21668 4
21668 31
21668 76
21668 64
21668 66
21668 7
21668 34
21668 70
21668 78
21697 11
21697 82
21697 23
21697 55
21697 72
21697 87
21697 1
21697 35
21697 68
21697 71
21697 14
21697 30
21697 7
21697 40
21697 4
21697 67
21697 5
21697 20
21697 50
21697 42
21697 70
21697 77
21697 19
21697 59
21697 62
21697 13
21697 33
21697 79
21697 21
21697 36
21697 54
21697 8
21825 237
21825 203
21825 45
21825 76
21825 100
21825 107
21825 94
21825 12
21825 36
21825 42
21825 41
21825 91
21825 130
21825 174
21825 175
21825 162
21825 184
21825 268
21825 156
21825 211
21825 60
21825 244
21825 246
21825 176
21825 80
21825 114
21825 26
21825 185
21825 200
21825 207
21825 221
21825 81
21825 170
21825 161
21825 155
21825 316
21825 248
21825 299
21825 313
21825 322
21825 201
21825 331
21825 332
21825 284
21825 24
21825 258
21825 306
21825 97
21825 150
21825 307
21825 326
21825 59
21825 5
21825 288
21825 230
21825 257
21825 225
21825 101
21825 16
21825 69
21825 232
21825 43
21825 49
21825 151
21825 4
21825 50
21825 254
21825 296
21825 31
21825 191
21825 40
21825 186
21825 128
21825 119
21825 136
21825 33
21825 25
21825 15
21825 84
21825 261
21825 226
21825 301
21825 250
21825 2
21825 88
21825 202
21825 233
21825 14
21825 47
21825 66
21825 113
21825 187
21825 227
21825 283
21825 102
21825 192
21825 249
21825 289
21825 118
21825 294
21825 308
21825 309
21825 303
21825 216
21825 319
21825 154
21825 293
21825 140
21842 41
21842 76
21842 101
21842 129
21842 174
21842 9
21842 91
21842 25
21842 115
21842 177
21842 43
21842 30
21842 36
21842 95
21842 82
21842 142
21842 27
21842 173
21842 35
21842 59
21842 1
21842 50
21842 71
21842 84
21842 144
21842 161
21842 34
21842 52
21842 153
21842 160
21842 148
21842 53
21842 117
21842 143
21842 113
21842 119
21731 5
21731 17
21731 36
21731 61
21731 2
21731 24
21731 27
21731 21
21731 29
21731 52
21731 45
21731 83
21731 4
21731 44
21731 57
21731 71
21731 101
21731 105
21731 18
21731 65
21731 47
21731 74
21731 88
21731 72
21960 16
21960 26
21960 49
21960 67
21960 33
21960 18
21960 86
21960 83
21960 30
21960 92
21960 15
21960 94
21960 50
21960 38
21960 76
21903 418
21903 237
21903 308
21903 438
21903 548
21903 23
21903 517
21903 62
21903 343
21903 415
21903 101
21903 141
21903 490
21903 454
21903 75
21903 341
21903 443
21903 461
21903 521
21903 195
21903 241
21903 506
21903 80
21903 326
21903 222
21903 274
21903 51
21903 546
21903 421
21903 269
21903 259
21903 419
21903 81
21903 175
21903 119
21903 85
21903 67
21903 256
21903 60
21903 446
21903 247
21903 226
21903 355
21903 322
21903 211
21903 44
21903 453
21903 349
21903 314
21903 135
21903 476
21903 334
21903 238
21903 43
21903 115
21903 282
21903 390
21903 224
21903 434
21903 109
21903 83
21903 538
21903 312
21903 523
21903 197
21903 407
21903 364
21903 189
21903 528
21903 251
21903 306
21903 77
21903 56
21903 204
21903 150
21903 214
21903 254
21903 379
21903 201
21903 378
21903 71
21903 192
21903 219
21903 336
21903 96
21903 493
21903 525
21903 351
21903 227
21903 485
21903 93
21903 89
21903 36
21903 397
21903 423
21903 505
21903 417
21903 58
21903 124
21903 484
21903 252
21903 510
21903 122
21903 165
21903 140
21903 482
21903 70
21903 103
21903 281
21903 86
21903 386
21903 126
21903 208
21903 541
21903 216
21903 283
21903 507
21903 5
21903 125
21903 289
21903 297
21903 171
21903 139
21903 57
21903 516
21903 220
21903 486
21903 347
21903 356
21903 200
21903 88
21903 338
21903 280
21903 396
21903 203
21903 425
21903 377
21903 14
21903 449
21903 100
21903 411
21903 13
21903 442
21903 11
21903 166
21903 376
21903 38
21903 287
21903 374
21903 524
21903 403
21903 160
21903 464
21903 186
21903 500
21903 400
21903 474
21903 492
21903 462
21903 191
21903 253
21903 298
21903 328
21903 444
21903 387
21903 42
21903 513
21903 123
21903 6
21903 182
21903 179
21903 137
21799 66
21799 37
21799 13
21799 52
21799 4
21799 53
21799 72
21799 1
21799 23
21799 78
21799 5
21799 55
21799 60
21799 25
21799 47
21799 77
21799 7
21799 67
21799 27
22248 360
21920 57
21920 63
21920 15
21920 12
21920 45
22155 23
22155 13
22155 31
22155 39
22155 2
22155 28
22155 37
22155 43
21913 18
21913 64
21913 143
21913 114
21913 32
21913 145
21913 100
21913 103
21913 44
21913 41
21913 162
21913 72
21913 40
21913 125
21913 96
21913 77
21913 140
21913 137
21913 2
21913 78
21913 39
21913 124
21913 148
21913 131
21913 48
21913 37
21913 80
22023 322
22023 124
22023 148
22023 303
22023 141
22023 170
22023 318
22023 194
22023 211
22023 41
22023 19
22023 47
22023 118
22023 137
22023 36
22023 271
22023 65
22023 103
22023 173
22044 13
21548 68
21548 73
21548 2
21548 9
21548 78
21548 26
21548 10
21548 65
21548 6
21548 27
21548 70
21548 16
21548 34
21548 32
21548 76
21548 88
21548 75
21548 44
21548 38
21548 51
21548 52
21548 15
21548 20
21548 46
21548 66
21548 72
21548 3
21548 13
21548 33
21548 57
21548 39
21548 87
21548 7
21548 36
21548 43
21548 60
21548 22
21548 28
21548 45
21548 49
22261 38
22261 21
22261 39
22261 45
22261 20
22261 19
22261 35
22261 34
21867 7
21976 6
21976 0
21976 4
21976 3
22010 2
21456 6
21456 8
21456 16
21456 7
21456 2
21456 17
21456 0
21456 1
21468 41
21468 69
21468 162
21468 195
21468 395
21468 467
21468 462
21468 484
21468 528
21468 530
21468 546
21468 118
21468 181
21468 192
21468 285
21468 375
21468 386
21468 109
21468 205
21468 206
21468 222
21468 274
21468 32
21468 261
21468 267
21468 380
21468 486
21468 493
21468 117
21468 313
21468 329
21468 352
21468 378
21468 0
21468 114
21468 120
21468 295
21468 299
21468 357
21468 501
21468 518
21468 557
21468 461
21468 497
21468 511
21468 28
21468 29
21468 97
21468 182
21468 353
21468 154
21468 211
21468 451
21468 455
21468 305
21468 324
21468 365
21468 389
21468 151
21468 204
21468 307
21468 446
21468 13
21468 23
21468 271
21468 447
21468 459
21468 157
21468 314
21468 328
21468 409
21468 445
21468 70
21468 76
21468 139
21468 174
21468 356
22126 159
22126 76
22126 168
21507 6
21507 11
21507 0
21507 7
21507 8
21767 47
21767 54
21767 67
21767 46
21767 0
21767 6
21767 8
21767 38
21767 49
21767 4
21767 41
21767 61
21767 65
21767 32
21897 17
21897 25
21897 30
21897 2
21897 14
21897 8
21897 10
22035 5
21503 22
21503 116
21503 118
21503 173
21503 77
21503 161
21503 85
21503 13
21503 16
21503 66
21503 138
21503 10
21503 79
21503 88
21503 133
21503 160
21503 84
21503 103
21503 105
21503 136
21503 179
21503 20
21503 95
21503 169
21503 164
21503 168
21503 38
21503 78
21503 132
21503 36
21503 94
21503 110
21996 97
21996 18
21996 27
21996 64
21996 67
21996 93
21996 48
21996 112
21996 72
21996 85
21996 129
21996 132
21996 57
21996 151
21996 105
21996 83
21996 120
21996 40
21996 148
21996 110
21414 0
21844 0
21844 17
21844 30
21844 80
21844 81
21844 76
21844 26
21844 55
21844 66
21844 46
21844 65
21844 72
21844 38
21844 77
21844 13
21844 88
21844 19
21844 7
21844 49
21844 33
22107 18
22107 22
22107 15
22107 11
22107 20
22107 7
21611 59
21611 2
21611 19
21611 27
21611 74
21611 80
21611 28
21611 42
21611 54
21611 68
21611 69
21611 63
21611 48
21611 77
21611 79
21611 11
21611 56
21611 0
21611 44
21611 83
21611 3
21611 6
21611 7
21547 6
21547 5
21547 12
21547 36
21547 20
21547 27
21547 10
21547 33
21892 79
21892 9
21892 53
21892 97
21892 41
21892 19
21892 87
22134 88
22134 26
21577 1
21577 26
21631 46
21631 106
21631 121
21631 154
21631 120
21631 59
21631 0
21631 126
21631 147
21631 153
21631 42
21631 47
21631 23
21631 150
21631 27
21631 79
21631 11
21631 113
21631 8
21631 50
21631 129
21631 116
21631 77
21631 131
21631 81
21631 16
21631 44
21631 148
21631 149
21631 73
21631 82
21631 88
21631 1
21631 111
21631 80
21631 83
21631 25
21631 140
21631 143
21631 6
21631 28
21631 61
21631 68
21631 85
21631 35
21631 7
21631 67
21631 118
21631 130
21631 21
21631 24
21631 37
21631 58
21631 54
21631 40
21631 104
21631 156
21631 102
21631 105
21631 136
21631 9
21631 43
21631 56
22003 15
22003 33
22003 27
22003 55
21803 75
21803 167
21803 254
21803 286
21803 292
21803 151
21803 263
21803 130
21803 222
21803 158
21803 236
21803 107
21803 173
21803 216
21803 230
21803 45
21803 61
21803 74
21803 141
21803 146
21803 211
21803 82
21803 9
21803 186
21803 131
21803 157
21803 279
21803 177
21803 180
21803 16
21803 27
21803 31
21803 109
21803 213
21803 3
21803 189
21803 260
21803 295
21803 204
21803 52
21803 162
21803 139
21803 132
21803 181
21803 241
21803 86
21803 115
21803 239
21803 278
21803 144
21803 34
21803 49
21803 14
21803 42
21803 48
21803 98
21803 145
21803 253
21803 268
21803 64
21803 73
21803 79
21803 81
21803 207
21803 118
21803 136
21803 233
21803 262
21803 231
21803 112
21803 5
21803 119
21803 271
21803 150
21803 171
21803 185
21803 187
21803 250
21803 197
21803 282
21803 149
21803 218
21803 227
21803 234
21803 242
21803 267
21803 289
21803 23
21803 41
21803 62
21803 76
21803 83
22257 303
22257 180
22257 261
22257 0
22257 24
22257 161
22257 251
22257 11
22257 116
22257 172
22257 247
22257 167
22257 236
22257 177
22257 173
22257 238
22257 249
22257 228
22257 196
22257 257
22257 288
22257 73
22257 67
22257 42
22257 2
22257 16
22257 269
22257 239
22257 244
22257 188
22257 5
22257 97
22257 30
22257 78
22257 114
22257 158
22257 318
22257 306
22257 189
22257 128
22257 319
22257 227
22257 120
22257 264
22257 27
22257 268
22257 224
22257 133
22257 299
22257 204
22257 87
22257 17
22257 147
22257 271
22257 283
22257 38
22257 246
22257 267
22257 71
22257 277
22257 194
22257 229
22257 165
22257 39
22257 214
22257 51
22257 285
22257 302
22257 61
22257 6
22257 105
22257 7
22257 29
22257 215
22257 40
22257 137
22257 135
22257 152
22257 155
22257 315
22257 122
22257 77
22257 35
22257 202
22257 154
22257 217
22257 203
22257 233
22257 102
22257 231
22257 132
22257 47
22257 106
22257 10
22257 93
22257 310
22257 124
22257 22
22257 259
22257 312
22257 225
22021 154
22021 78
22021 75
22021 66
22021 183
22021 46
22021 3
22021 77
22021 2
22021 4
22021 184
22021 13
22021 118
22021 17
22021 169
22021 96
22021 43
22045 165
22045 144
22045 84
22045 106
22045 66
22045 169
22045 27
22045 141
22045 24
22045 22
22045 95
22045 121
22045 42
22045 82
22045 177
22045 139
22045 93
22045 90
22045 97
22045 103
22045 131
22045 129
22045 38
22045 60
22045 3
22045 56
22045 101
22045 80
22045 30
21854 20
21854 38
21854 44
21854 72
21854 85
21854 31
21854 1
21854 55
21854 25
21854 47
21854 58
21854 84
21854 3
21854 37
21854 59
21854 70
21854 0
21854 22
21854 51
21854 79
21854 83
21854 16
21854 17
21854 66
21854 71
21854 26
21854 15
21854 46
21854 35
21854 74
21854 13
21854 36
22121 44
22121 29
22121 10
22121 47
22121 34
22121 39
22121 24
22121 6
21987 144
21987 223
21987 137
21987 243
21987 201
21987 77
21987 76
21987 130
21987 196
21987 175
21987 217
21987 75
21987 156
21987 234
21987 45
21987 159
21987 102
21987 254
21987 157
21987 188
21987 219
21987 240
21987 147
21987 131
21987 80
21987 111
21987 161
21987 43
21987 20
21987 74
21987 191
21987 127
21987 17
21987 189
21987 212
21987 124
21987 269
21987 192
21987 109
21987 246
21987 215
21987 216
21987 151
21987 50
21551 4
21551 1
21551 2
21418 10
21418 2
21418 6
21418 14
21418 5
21418 22
21418 17
21418 1
21622 10
21622 13
21622 19
21622 53
21622 126
21622 4
21622 14
21622 90
21622 31
21933 127
21933 30
21933 19
21933 76
21933 91
21933 106
21933 100
21933 39
21933 70
21933 47
21933 126
21933 105
21685 63
21685 106
21685 10
21685 18
21685 31
21685 75
21685 72
21685 82
21685 133
21685 136
21685 11
21685 15
21685 22
21685 39
21685 46
21685 73
21685 88
21685 3
21685 8
21685 13
21435 34
21435 2
21435 13
21435 20
21435 15
21435 31
21435 25
21585 70
21585 112
21585 116
21585 20
21585 34
21585 63
21585 41
21585 14
21585 46
21585 57
21585 58
21585 65
21585 86
21585 158
21585 99
21585 106
21585 168
21585 98
21585 31
21585 60
21585 67
21585 88
21585 89
21585 109
21976 5
21761 16
21761 37
21761 25
22204 218
22204 49
22204 261
22204 192
22204 253
22204 99
22204 114
22204 57
22204 13
22204 101
22204 160
22204 113
22204 267
22204 268
22204 87
22204 14
22204 7
22204 205
22204 8
22204 213
22204 258
22204 207
22204 53
22204 179
22204 31
22204 163
22204 203
22204 6
22204 143
22204 206
22204 123
22204 115
22204 15
22204 138
22204 238
22204 219
22204 164
22204 147
22204 119
22204 166
22204 151
22204 185
22204 108
22204 1
22204 112
22204 202
22204 256
22204 47
22204 59
22204 84
22204 91
22204 129
22204 64
22204 182
22204 65
22204 102
22204 122
22204 141
22204 39
22204 74
22204 4
22204 17
22204 63
22204 209
22204 183
22204 162
22204 214
22204 118
22204 230
22204 153
22204 148
22204 174
22204 103
22204 46
22204 25
22204 11
22204 20
22204 144
22204 35
22204 38
22204 165
22204 198
22204 210
22204 24
22204 131
22204 201
22204 9
22204 89
22204 225
22204 168
22204 250
22204 146
22204 229
22204 217
22204 110
21977 30
21977 45
21977 4
21977 3
21977 11
21977 80
21977 40
21977 69
21977 58
21977 53
21977 16
21977 61
21977 104
21977 44
21977 71
21977 32
21977 92
21977 72
21977 78
21441 28
21441 42
21441 2
21441 43
21441 18
21441 36
21441 41
21441 23
21441 34
21441 26
21441 37
21441 31
21441 38
21441 47
21441 46
21441 11
21441 16
21441 30
21441 5
21441 35
21441 0
21441 27
21498 11
21498 30
21498 60
21498 121
21498 38
21498 40
21498 110
21498 4
21498 44
21498 77
21498 39
21498 52
21498 65
21498 41
21498 92
21498 111
21498 23
21823 70
21823 76
21823 15
21823 35
21823 3
21823 20
21823 33
21823 54
21823 13
21823 30
21823 40
22186 16
22186 11
22186 7
22186 14
21536 334
21536 354
21536 132
21536 166
21536 199
21536 22
21536 51
21536 146
21536 310
21536 67
21536 323
21536 332
21536 363
21536 41
21536 114
21536 221
21536 259
21536 35
21536 105
21536 108
21536 191
21536 263
21536 368
21536 264
21536 353
21536 1
21536 106
21536 113
21536 208
21536 212
21536 245
21536 9
21536 69
21536 125
22133 74
22133 1
22133 31
22133 79
22133 21
22133 8
22133 15
22133 62
22133 64
22133 69
22133 2
22133 22
22133 41
22133 53
22133 46
22133 35
22133 39
22133 68
22133 5
22133 45
22133 54
22133 6
22133 38
22133 65
22133 70
22133 55
22133 29
22133 19
22141 200
22141 165
22141 91
22141 42
22141 183
22141 185
22141 105
22141 176
22141 204
22141 161
22141 87
22141 156
22141 15
22141 19
22141 33
22141 29
22141 53
22141 197
22141 186
22141 8
22141 128
22141 164
22141 82
22031 9
22031 6
22031 1
22031 5
22083 55
22083 64
22083 8
22083 96
22083 6
21770 57
21770 58
21770 55
21770 5
21770 61
21770 36
21770 59
22151 27
22151 4
22151 22
22151 3
22151 17
21697 6
21743 34
21743 39
21743 28
21743 72
21743 57
21743 9
21743 73
21743 67
21743 82
21743 23
21743 35
21743 74
21743 10
21743 5
21743 16
21743 85
21743 68
21743 6
21743 84
21743 76
21743 61
21743 19
21743 40
21743 21
21743 43
21743 32
21743 51
21743 87
21743 12
21743 27
21743 13
21743 93
22005 10
22005 124
22005 158
22005 182
22005 74
22005 24
22005 37
22005 177
22005 91
22005 1
22005 189
22005 62
22005 141
22005 69
22005 234
22005 211
22005 235
22005 191
22005 84
22005 90
22005 34
22005 172
22005 99
21490 15
21490 6
21490 16
21490 17
21490 5
22253 11
22253 2
22253 23
22253 6
21554 82
21554 99
21554 15
21554 17
21554 22
21554 76
21554 5
21554 27
21554 32
21554 33
21554 6
21554 25
21554 37
21554 41
21554 43
21554 48
21554 54
21554 55
21554 65
21554 136
21554 135
21554 91
22159 132
22159 133
22159 137
22159 82
22159 203
22159 66
22159 64
22159 254
22159 89
22159 218
22159 85
22159 49
22159 8
22159 78
22159 326
22159 217
22159 232
22159 226
22159 115
22159 223
22159 337
22159 103
22159 5
22159 195
22159 319
21987 101
21987 27
21987 232
21987 92
21987 18
21987 36
21987 104
21987 261
21987 251
21987 158
21987 164
21987 257
21987 116
21987 211
21987 171
21987 66
21987 207
21987 86
21987 242
21987 146
21987 19
21987 135
21987 267
21987 8
21987 108
21987 236
21987 94
21987 222
21987 82
21987 143
21987 235
21987 185
21987 129
21987 273
21987 122
21987 40
21987 268
21987 1
21987 84
21987 96
21987 237
21987 0
21987 42
21987 260
21987 263
21987 32
21987 97
21987 115
21987 183
21987 16
21987 170
21987 233
21987 162
21987 24
21987 187
21987 79
21987 14
21987 33
21987 58
21987 245
21987 198
21987 23
21987 209
21987 270
21987 199
21987 89
21987 149
21987 48
21987 153
21987 213
21987 139
21987 114
21987 53
21987 210
21987 51
21987 10
21987 81
21987 34
21987 228
21987 220
21663 154
21663 191
21663 14
21663 91
21663 177
21663 195
21663 116
21663 131
21663 135
21663 134
21663 138
21663 185
21663 117
21663 127
21663 128
21663 133
21663 148
21663 114
21663 159
21663 93
21663 86
21921 27
21921 2
21921 81
21921 53
21921 30
21921 36
21607 40
21607 64
21607 3
21607 20
21607 46
21607 6
21607 49
21607 50
21607 14
21607 18
21607 26
21607 15
21607 63
21607 65
22179 14
22179 0
22189 85
22189 103
22189 21
22189 104
22189 54
22189 7
22189 8
22189 66
22189 107
22189 44
22189 83
22189 82
22189 67
21617 4
21617 10
21617 2
21617 17
21617 18
21617 0
21617 5
21617 8
21640 45
21640 0
21640 10
21640 6
21640 22
21640 58
21640 68
21640 42
21640 33
21640 48
21722 27
21722 19
21722 18
21722 26
21722 8
22208 177
22208 183
22208 102
22208 176
22208 95
22208 77
22208 199
22208 106
22208 383
22208 155
22208 118
22208 6
22208 357
22208 117
22208 206
22208 197
22208 339
22208 4
22208 344
22208 237
22208 431
22208 19
22208 292
22208 251
22208 362
22208 340
22208 114
22208 16
22208 15
22208 182
22208 422
22208 24
22208 385
22208 57
22208 401
22208 302
22208 14
22208 449
21427 7
21427 8
21427 3
21427 52
21540 2
21540 0
21540 11
21540 7
22037 64
22037 86
22037 259
22037 235
22037 91
22037 35
22037 209
22037 83
22037 151
22037 60
22037 149
22037 21
22037 61
22037 8
22037 4
22037 33
22037 158
22037 36
22037 239
22037 120
22037 198
22037 56
22037 81
22037 250
22037 182
22123 5
22123 120
22123 68
22123 147
22123 37
22123 132
22123 81
22123 109
22123 103
22123 124
22123 66
22123 145
22123 133
22123 45
22082 13
22082 7
22082 39
22082 18
22082 166
22082 35
22082 42
22082 130
22082 92
22082 102
22082 184
22082 45
22082 112
22082 21
22082 173
22082 40
22082 97
22082 101
22082 129
22082 1
22082 177
22082 99
22082 111
22082 86
22082 54
22082 46
22082 22
22082 106
22082 135
22082 43
22082 103
22082 37
22082 134
22082 57
22082 140
22082 61
22082 30
22082 152
21794 105
21794 169
21794 37
21794 44
21794 65
21794 137
21794 40
21794 156
21794 34
21794 136
21794 90
21794 145
21794 150
21794 174
21794 19
21794 20
21794 87
21794 89
21794 103
21794 101
21794 106
21794 143
21794 201
21794 9
21794 43
21794 18
21794 33
21794 74
21794 81
21794 192
21794 211
21794 118
21794 160
21794 171
21794 195
21794 53
21794 100
21794 149
21794 189
21794 16
21794 39
21794 187
21794 54
21794 127
21794 13
21794 21
21794 99
21794 115
21794 204
21794 183
21794 84
21794 93
21794 133
21794 158
21794 10
21794 139
21794 141
21794 163
21794 170
21794 126
21794 138
21794 186
21794 36
21794 76
21794 78
21794 135
21794 146
21794 185
21794 113
21794 154
21794 176
21794 184
21794 200
21794 45
21422 20
21422 1
21422 14
21422 54
21422 65
21422 23
21422 33
21422 40
21422 51
21422 58
21422 0
21422 13
21422 49
21422 66
21422 89
21993 27
21993 134
21993 14
21993 69
21993 9
21993 106
21993 110
21993 59
21993 63
21993 67
21993 133
21993 64
21993 41
21993 75
21993 0
21993 62
21993 82
22110 32
22110 39
22110 37
21732 29
21732 6
21732 8
21732 33
21732 25
21732 14
21732 23
21732 10
21804 34
21804 49
21804 71
21804 160
21804 103
21804 332
21804 201
21804 302
21804 50
21804 367
21804 27
21804 48
21804 200
21804 204
21804 147
21804 223
21804 278
21804 255
21804 51
21804 76
21804 170
21804 174
21804 366
21804 289
21804 246
21804 197
21804 355
21804 375
21804 307
21804 311
21804 127
21804 190
21804 227
21804 243
21804 317
21804 321
21804 328
21804 338
21804 285
21804 340
21804 167
21804 341
21804 107
21804 11
21804 31
21804 123
21804 265
21804 59
21804 267
21804 2
21804 83
21804 287
21804 30
21804 139
21804 215
21804 1
21804 54
21804 63
21804 165
21804 211
21804 352
21804 361
21804 376
21804 119
21804 325
21804 333
21804 351
21804 166
21804 187
21854 5
21854 19
21854 40
21854 54
21854 57
21854 75
21854 42
21854 69
21854 23
21854 56
21854 68
21854 80
21854 6
21854 52
21854 73
21854 77
21854 7
21769 0
21769 30
21769 2
21769 24
21769 35
21769 34
21769 7
21922 195
21922 70
21922 65
21922 220
21922 243
21922 204
21922 171
21922 300
21922 141
21922 292
21922 421
21922 214
21922 222
21922 160
21922 186
21922 392
21922 95
21922 304
21922 268
21922 317
21922 13
21922 203
21922 263
21922 131
21922 129
21922 433
21922 418
21922 84
21922 426
21488 23
21488 57
21488 80
21488 84
21488 122
21488 39
21488 86
21488 147
21488 74
21488 85
21488 150
21488 7
21488 117
21488 140
21488 8
21488 47
21488 76
21488 101
21488 121
21488 6
21488 77
21488 116
21488 134
21488 51
21488 60
21488 72
21488 19
21488 56
21488 63
21488 135
21488 138
21488 4
21488 35
21488 40
21488 75
21488 97
21488 113
21488 120
21488 137
21488 92
21488 16
21488 33
21423 6
21528 6
21528 38
21528 49
21511 66
21511 128
21584 8
21584 1
21554 107
21554 110
21554 64
21554 84
21554 106
21554 157
21554 81
21554 83
21554 52
21554 98
21554 142
21554 13
21554 45
21554 47
21554 51
21554 10
21554 14
21554 29
21554 34
21554 39
21554 100
21554 162
21554 80
21554 105
21554 19
21511 1
21511 10
21511 20
21511 25
21511 74
21511 82
21511 88
21511 105
21511 107
21511 124
21511 147
21511 85
21511 108
21511 136
21511 142
21511 3
21511 11
21511 12
21511 28
21511 62
21511 103
21511 104
21511 129
21511 150
21511 26
21511 38
21511 0
21511 2
21511 29
21511 46
21511 77
21511 109
21511 143
21511 151
21511 92
21511 130
21511 138
21511 156
21511 7
21511 8
21511 15
21511 24
21511 9
21511 13
21511 21
21511 63
21511 106
21511 122
21511 132
21511 152
21511 41
21511 53
21511 61
21511 22
21511 23
21511 44
21511 50
21511 110
21511 113
21511 141
21511 81
21511 133
21511 144
21511 145
21511 14
21511 37
21511 45
21511 52
21511 75
21511 114
21511 116
21511 119
21511 5
21511 65
21511 71
21511 79
21511 97
21511 148
21511 99
21511 153
21511 48
21511 57
21511 4
21511 6
21762 9
21762 18
22214 11
22214 21
22214 10
22214 9
22214 8
22214 20
22214 2
21497 7
21497 5
21497 47
21497 60
21497 11
21497 0
21497 6
21497 39
21497 46
22266 13
22266 23
22266 1
22266 14
22190 11
22190 0
22190 6
22190 9
22129 25
22129 407
22129 488
22129 506
22129 201
22129 386
22129 425
22129 303
22129 38
22129 291
22129 387
22129 438
22129 555
22129 86
22129 105
22129 379
22129 490
22129 221
22129 420
22129 202
22129 121
22129 383
22129 313
22129 326
22129 245
22129 427
22129 233
22129 71
22129 553
22129 6
22129 258
22129 251
22129 156
22129 352
22129 58
22129 329
22129 304
22129 186
22129 239
22129 56
22129 178
22129 357
22129 351
22129 494
22129 252
22129 530
22129 125
22129 50
22129 562
22129 95
22129 348
22129 61
22129 465
22129 81
22129 150
22129 473
22129 49
22129 65
22129 139
22129 7
22129 449
22129 296
22129 243
22129 471
22129 461
22129 29
22129 1
22129 336
22129 412
22129 237
22129 443
22129 501
22129 349
22129 217
22129 247
22129 270
22129 275
22129 268
22129 144
22129 199
22129 481
22129 100
22129 154
22129 286
22129 174
22129 561
22129 537
22129 482
22129 371
22129 318
22129 544
22129 366
22196 6
22154 61
22154 10
22154 37
22154 27
22154 4
22154 48
22154 19
22154 43
22154 69
22154 34
22154 26
22008 33
22008 51
22008 90
22008 20
22008 86
22008 34
22008 107
22008 5
22008 30
22008 19
22008 80
22008 63
22008 61
22008 95
22008 71
22008 44
21714 15
21714 2
21714 7
21912 33
21912 62
21912 75
21912 42
21912 74
21912 46
21912 76
21912 12
21912 3
21912 64
21912 72
22115 62
22115 94
22115 105
22115 55
22115 14
22115 76
22115 17
22115 71
22115 66
22115 95
22115 77
22145 280
22145 64
22145 23
22145 371
22145 241
22145 308
22145 290
22145 224
22145 31
22145 34
22145 151
22145 287
22145 183
22145 266
22145 36
22145 304
22145 277
22145 223
22145 258
22145 20
22145 351
22145 270
22145 256
22145 352
22145 95
22145 122
22145 39
22145 90
22145 3
22145 194
22145 246
22145 289
22145 97
22145 300
22145 238
22145 344
22145 177
22145 229
22145 314
22145 30
22145 250
22145 350
22145 147
22145 295
22145 226
22145 189
22145 255
22145 247
22145 338
22145 220
22145 191
22145 284
22145 293
22145 102
22145 24
22145 12
22145 10
22145 104
22145 44
22145 117
22145 73
22145 310
22145 369
22145 324
22145 330
22145 186
22145 358
22145 11
22145 172
22145 93
22145 365
22145 305
22145 123
22145 6
22145 60
22145 41
22145 279
22145 174
22145 200
22145 33
22145 169
22145 168
22145 176
22145 254
22145 47
22145 182
22145 318
22145 32
22145 57
22145 251
22145 155
22145 368
22145 65
22145 190
22145 107
22145 274
22145 185
22145 19
22145 163
22145 206
22145 196
22145 149
22145 346
22145 357
22145 86
22145 259
22145 192
22145 80
22145 28
22145 323
22145 312
22145 72
22145 340
22145 78
22145 110
22145 278
22145 5
22145 343
22145 201
22145 370
22145 160
22145 180
22145 335
22145 328
22145 225
22145 38
22145 8
22145 14
22145 299
22145 130
22193 21
21456 5
21456 14
21456 4
21456 9
21456 13
21645 10
21535 0
21535 34
21535 11
21535 17
21535 6
21535 13
21689 2
21689 22
21689 33
21689 20
21689 21
21689 41
21689 17
21689 16
21689 42
21840 67
21840 84
21840 105
21840 128
21764 4
21453 3
21453 8
21453 5
22269 47
22269 115
22269 37
22269 93
22269 108
22269 72
22269 62
22269 9
22269 76
22269 38
22269 46
22269 19
22269 114
22269 52
22269 92
22269 43
22269 75
22269 69
21751 11
21751 33
21751 41
21751 37
21751 39
21751 43
21751 0
21751 30
21751 34
21483 15
22120 47
22120 53
22120 23
22120 17
22120 4
22120 12
22120 25
22120 28
22120 0
22120 34
22120 43
22120 15
22120 30
22120 16
22120 57
22120 33
22120 18
22120 9
22120 5
22120 50
22120 2
21946 87
21946 61
21946 37
21946 82
21946 28
21946 51
21946 98
21946 33
21946 79
21425 21
21425 22
21666 46
22070 23
22070 4
22070 26
22070 29
21813 46
22184 27
22184 14
22184 33
22184 9
22184 15
22184 51
22184 25
22184 41
22184 55
22208 372
22208 17
22208 426
22208 143
22208 465
22208 171
22208 45
22208 50
22208 110
22208 264
22208 296
22208 256
22208 284
22208 364
22208 208
22208 168
22208 2
22208 467
22208 100
22208 28
22208 209
22208 394
22208 415
22208 289
22208 109
22208 119
22208 411
22208 443
22208 242
22208 432
22208 101
22208 395
22208 272
22208 212
22208 367
21851 10
21851 29
22079 51
22079 24
22079 32
22079 9
22079 42
22079 33
22079 8
22079 37
22079 61
22079 59
22079 45
22079 6
22079 34
22079 52
22079 17
22079 53
22079 57
22079 40
22079 39
21658 12
21658 52
21658 63
21658 94
21658 84
21658 6
21658 57
21658 58
21658 56
21658 100
21658 10
21658 41
21658 55
21658 78
21658 80
21658 88
21553 123
21553 256
21553 271
21553 315
21553 410
21553 463
21553 134
21553 254
21553 328
21553 374
21553 408
21553 214
21553 269
21553 274
21553 292
21553 326
21553 188
21553 205
21553 453
21553 467
21553 487
21553 23
21553 50
21553 71
21553 113
21553 228
21553 146
21553 240
21553 247
21553 394
21553 425
21553 157
21553 213
21553 298
21553 313
21553 116
21553 120
21553 204
21553 378
21553 385
21553 12
21553 49
21553 84
21553 112
21553 388
21553 401
21553 415
21553 484
21553 305
21553 341
21553 412
21553 446
21553 178
21553 231
21553 392
21553 409
21553 293
21553 368
21553 369
21553 387
21553 472
21553 69
21553 149
21553 183
21553 186
21553 306
21553 136
21553 229
21553 286
21553 380
21553 471
21553 225
21553 155
21553 100
21553 176
21553 187
21553 347
21553 361
21553 182
21553 291
21553 339
21553 367
21553 310
21553 407
21553 464
21553 469
21553 208
21553 261
21553 353
21553 442
22167 1
22167 87
22167 131
22167 69
22167 14
22167 48
22167 43
22167 136
22167 42
21514 23
21514 0
21514 14
21514 15
21514 17
22042 406
22042 184
22042 43
22042 249
22042 80
22042 170
22042 344
22042 156
22042 187
22042 407
22042 244
22042 48
22042 175
22042 182
22042 298
22042 312
22042 31
22042 189
22042 222
22042 293
22246 127
22246 210
22246 70
22246 132
22246 278
22246 118
22246 290
22246 197
22246 295
22246 90
22246 104
22246 253
22246 272
22246 319
22246 73
22246 62
22246 211
22246 270
22246 231
22246 79
21725 41
21970 24
21970 12
21970 53
21970 57
21970 54
21970 50
21970 6
21970 2
21970 5
21970 22
21970 37
21554 151
21658 85
21658 19
21658 8
21658 29
21658 70
21658 59
21658 3
21658 37
21658 51
21658 69
21658 18
21658 31
21658 43
21658 93
21658 13
21658 60
21658 68
21658 34
21658 0
21658 9
21658 92
21658 74
21658 11
21658 47
21658 32
21658 66
21658 77
21658 90
21658 40
21658 33
21658 38
21658 62
21658 87
21658 64
21658 16
21658 26
21658 30
21658 83
21658 39
21658 54
21658 86
21658 14
21658 28
21658 89
21658 44
21658 75
21658 4
21658 50
21658 24
21730 103
21730 158
21730 297
21730 17
21730 34
21730 57
21730 259
21730 267
21730 243
21730 293
21730 167
21730 135
21730 166
21730 193
21730 295
22145 276
22145 243
22145 77
22145 275
22145 298
22145 145
22145 364
22145 355
22145 111
22145 124
22145 261
22145 166
22145 162
22145 49
22145 315
22145 361
22145 56
22145 105
22145 218
22145 271
22145 154
22145 273
22145 45
22145 239
22145 228
22145 25
22145 317
22145 362
22145 329
22145 268
22145 208
22145 347
22145 84
22145 91
22145 188
22145 319
22145 230
21813 73
21813 148
21813 0
21813 114
21813 121
21813 125
21813 150
21813 47
21813 42
21813 70
21813 143
21813 154
21813 145
21813 27
21813 93
21813 119
21813 157
21813 84
21813 98
21813 133
21813 79
21813 140
21813 10
21813 83
21813 44
21813 151
21813 160
21813 38
21813 3
21813 22
21813 31
21813 117
21813 74
21813 63
21813 88
21813 8
21813 91
21813 21
21813 122
21813 6
21813 118
21813 53
21813 45
21813 19
21813 62
21813 131
21813 100
21813 165
21813 77
21813 108
21813 110
21813 123
21813 126
21813 49
21813 75
21813 149
21813 111
21813 136
21813 161
21813 86
21813 34
21813 101
21813 48
21813 69
21813 105
21813 17
21813 12
21813 147
21813 37
21586 5
21455 7
21455 49
21455 77
21455 101
21455 210
21455 64
21455 73
21455 144
21455 173
21455 225
21455 132
21455 177
21455 8
21455 104
21455 158
21455 216
21455 119
21455 129
21455 108
21455 176
21455 197
21455 207
21455 231
21455 3
21455 13
21455 220
21455 54
21455 90
21455 153
21455 156
21455 204
21455 139
21455 147
21455 154
21455 182
21455 187
21455 198
21928 23
21928 26
21928 18
21928 85
21928 73
21928 9
21928 33
21928 35
21928 61
21928 7
21412 13
21412 3
21857 33
21857 49
21857 74
21857 44
21857 0
21857 65
21857 78
21857 80
21857 95
21857 3
21857 138
21857 111
21857 76
21857 143
21490 0
21490 4
21490 10
21490 12
21412 14
21412 5
21412 9
21412 11
21412 8
21924 49
21924 25
21924 52
21924 22
21924 43
21924 56
21924 31
21924 1
21924 29
21924 58
21924 35
21924 9
21924 39
21924 34
21924 30
21924 66
21924 69
21924 57
21924 62
21924 33
21924 38
21800 4
21800 10
21800 12
21800 18
21800 19
21800 27
21800 41
21784 30
21784 66
21784 72
21784 7
21784 45
21784 55
21784 74
21784 77
21784 1
21953 52
21953 50
21953 40
21953 62
21953 66
21953 31
21953 10
21953 33
21953 17
21953 4
21953 59
21953 22
21953 71
21953 60
21953 12
21953 55
21953 64
21953 44
21953 46
21953 11
21953 25
21953 8
21953 45
21953 63
21953 72
21953 73
21953 18
22269 42
22269 100
22269 17
22269 70
22269 106
22269 1
22269 20
22269 91
22269 95
22269 103
22269 31
22269 2
22269 8
22269 18
22269 98
22269 12
22269 30
22269 3
22269 85
22269 35
22269 77
22269 14
22269 104
22269 79
22269 49
22269 39
22269 55
22269 26
22269 73
22269 121
22269 45
22269 6
22269 88
22269 61
22269 111
22269 34
22269 97
22269 21
22269 59
21457 116
21457 119
21457 127
21457 128
21457 130
21457 19
21457 33
21457 69
21457 113
21457 120
21457 32
21457 63
21457 90
21457 109
21457 12
21457 31
21457 39
21457 73
21707 34
21707 59
21707 32
21707 2
21707 57
21755 8
21755 6
21755 20
21755 2
21755 4
21755 3
21689 32
21689 7
21689 26
21689 10
21974 472
21974 18
21974 446
21974 159
21974 253
21974 186
21974 180
21974 197
21974 271
21974 288
21974 479
21974 484
21974 140
21974 177
21974 286
21974 488
21974 480
21974 380
21974 317
21974 183
21974 101
21974 482
21974 436
21974 357
21974 211
21974 377
21974 42
21974 347
21974 369
21974 493
21974 371
21974 205
21974 352
21974 61
21974 14
21974 53
21974 430
21974 171
21974 519
21974 69
21974 363
21974 387
21974 269
21974 326
21974 224
21974 454
21974 401
21974 322
21974 474
21974 71
21974 533
21974 227
21974 398
21974 494
21974 11
21974 158
21974 133
21974 132
21974 349
21974 27
21974 247
21974 223
21974 187
21974 384
21974 496
21974 325
21974 121
21974 214
21974 438
21974 299
21974 236
21974 542
21974 145
21974 296
21974 1
21974 127
21974 104
21974 283
21974 38
21974 41
21974 116
21974 339
21974 450
21974 146
21974 316
21974 57
21974 37
21974 90
21974 541
21974 336
21974 358
21974 219
21974 193
21974 381
21974 308
21974 75
21974 79
21974 260
21974 379
21974 515
21974 502
21974 311
21974 185
21974 100
21974 88
21974 110
21974 497
21974 72
21974 5
21974 174
21974 70
21974 111
21974 495
21974 165
21974 35
21974 291
21974 91
21974 231
21974 487
21974 154
21974 532
21974 125
21974 249
21974 367
21974 182
21974 320
21974 351
21974 109
21974 243
21974 458
21974 148
21974 204
21974 435
21974 206
21974 328
21974 0
21974 244
21974 181
21974 463
21974 307
21974 348
21974 415
21974 198
21974 354
21974 8
21974 449
21974 471
21974 32
21974 356
21974 6
21974 103
21974 191
21974 285
21974 426
21974 486
21974 60
21974 131
21974 47
21974 130
21974 192
21974 67
21974 324
21740 7
21740 10
22214 19
22214 18
22214 4
22214 15
22214 16
22214 3
22214 1
21719 511
21719 533
21719 136
21719 232
21719 389
21719 392
21719 423
21719 28
21719 60
21719 160
21719 193
21719 508
21719 64
21719 173
21719 319
21719 330
21719 314
21719 84
21719 116
21719 204
21719 255
21719 376
21719 401
21719 267
21719 519
21719 532
21719 36
21719 61
21719 62
21719 147
21719 254
21719 418
21719 440
21719 16
21719 12
21719 105
21719 108
21719 190
21719 283
21719 407
21743 77
21743 1
21743 86
21743 50
21743 15
21743 33
21743 0
21743 24
21743 41
21743 66
21623 21
21623 92
21623 2
21623 25
21623 44
21623 39
21623 56
21623 77
21623 122
21623 150
21623 43
21623 88
21623 104
21623 108
21623 23
21623 30
21623 67
21623 140
21623 18
21623 22
21623 45
21623 63
21623 91
21943 113
21943 194
21943 185
21943 232
21943 55
21943 1
21943 100
21943 163
21943 144
21943 160
21943 22
21943 2
21943 10
21943 261
21943 204
21943 241
21943 137
21943 218
21943 179
21943 148
21943 74
21943 211
21943 214
21943 217
21943 139
21943 15
21943 133
21943 103
21943 231
21943 229
21943 80
21943 101
21943 256
21943 121
21943 183
21943 215
21943 128
21943 206
21943 38
21943 141
21943 182
21943 196
21943 123
21943 166
21943 4
21943 213
21943 184
21943 237
21943 83
21943 138
21943 51
21943 200
21943 108
21943 73
21943 93
21943 220
21943 6
21943 21
21943 88
21943 193
21943 230
21943 246
21943 94
21943 5
21943 174
21943 251
21943 219
21943 36
21943 260
21943 3
21943 197
21943 112
21943 0
21943 46
21943 98
21943 64
21943 203
21943 172
21943 155
21943 67
21943 29
21943 16
21943 86
21943 14
21943 208
21943 75
21943 162
21943 228
21943 151
21943 181
21943 106
21943 87
21943 173
21943 169
21943 201
21513 4
21513 11
21513 17
21513 13
21594 53
21594 48
21594 49
21594 60
21594 26
21594 0
21594 9
21594 16
21594 50
21594 8
21550 3
21550 21
21550 91
21550 118
21550 17
21550 162
21550 125
21550 154
21550 186
21996 9
21996 1
21996 8
21996 0
21996 35
21996 143
21996 103
21996 117
21996 145
21996 39
21996 142
21996 66
21996 32
21996 82
21996 3
21624 55
21624 12
21624 42
21624 50
21624 14
21624 30
21624 1
21624 6
21624 15
21624 57
21624 59
21737 20
21737 5
21737 27
21737 7
21737 21
21772 11
21772 12
21772 6
22062 3
22062 79
22062 5
22062 98
22062 67
22062 82
22062 74
22062 113
22062 33
22062 100
22062 88
22062 10
22062 49
22062 52
22062 125
22062 21
22062 110
22062 95
22062 127
22062 99
22062 84
22062 103
22062 108
22025 43
22025 56
22025 3
22025 35
22025 6
22025 13
22025 8
21921 47
21921 15
21921 12
21921 72
21921 76
21921 101
21921 80
21921 22
21921 59
21921 23
21921 71
21921 97
21921 11
21921 29
21921 77
21921 67
21921 85
21921 24
21921 44
21921 20
21921 25
21921 39
21921 35
21921 75
21921 16
21921 91
21921 103
21921 57
21921 63
21921 68
21921 37
21921 78
21921 50
21921 88
21921 38
21540 5
21540 4
21882 35
21882 45
21882 17
21882 68
21882 72
21882 21
21882 6
21882 56
21882 64
21882 0
21882 48
21882 82
21882 52
21882 31
21882 41
21882 8
21882 54
21882 70
21882 76
21882 11
21882 27
21882 40
21882 24
21882 19
21882 30
21882 16
21882 43
22196 1
22140 237
22140 273
22140 14
22140 181
22140 190
22140 101
22140 291
22140 312
22140 302
22140 226
22140 176
22140 311
22140 193
22140 163
22140 175
22140 211
22140 201
22140 96
22140 98
22140 221
22140 53
22140 100
22140 168
22140 203
22140 109
22140 307
22140 252
22140 283
22140 230
22140 111
22140 1
22140 262
22140 47
22140 260
22140 99
22140 92
22140 34
22140 13
21897 21
21897 13
21742 126
21742 198
21742 95
21742 161
21742 8
21742 106
21742 177
21742 225
21742 327
21742 45
21742 120
21742 124
21742 140
21742 233
21742 284
21742 102
21742 138
21742 244
21742 274
21742 219
21742 202
21742 36
21742 196
21742 236
21742 259
21742 271
21742 278
21742 0
21742 52
21742 127
21742 145
21742 190
21742 4
21742 141
21742 215
21742 338
21742 324
21742 114
21742 128
21742 168
21742 207
21742 240
21742 282
21742 317
21742 30
21742 350
21742 49
21742 150
21742 122
21742 184
21742 91
21742 105
21742 178
21742 193
21742 86
21742 90
21742 195
21742 252
21742 325
21742 157
21742 167
21742 180
21742 217
21742 241
21742 39
21742 76
21742 96
21742 118
21742 139
21742 170
21742 316
21742 307
21742 77
21742 315
21742 343
21742 353
21742 7
21742 80
21742 152
21742 200
21742 216
21742 144
21742 345
21742 1
21742 261
21742 288
21742 319
21742 10
21742 44
21742 13
21742 59
21742 69
21742 72
21742 134
21742 84
21742 50
21742 9
21742 18
21742 26
21742 29
21742 194
21742 318
21487 67
21487 124
21487 305
21487 350
21487 8
21487 149
21487 154
21487 215
21487 264
21487 296
21487 178
21487 201
21487 205
21487 282
21487 289
21487 30
21487 100
21487 104
21487 180
21487 317
21487 45
21487 148
21487 200
21487 348
21487 82
21487 286
21487 319
21487 32
21487 52
21487 140
21487 168
21487 186
21487 235
21487 136
21487 342
21487 158
21487 185
21487 238
21487 265
21487 338
21487 341
21487 11
21487 133
21487 169
21487 243
21487 131
21487 204
21487 283
21487 331
21487 122
21487 221
21487 85
21487 90
21487 211
21487 216
21487 237
21487 187
21487 64
21487 278
21487 288
21487 290
21487 340
21487 5
21487 21
21487 111
21487 156
21487 213
21867 13
21760 131
21760 34
21760 218
21760 223
21760 262
21760 300
21760 318
21760 343
21760 144
21760 2
21760 96
21760 117
21760 126
21760 64
21760 69
21760 75
21760 146
21760 175
21760 187
21760 213
21760 79
21760 155
21760 160
21760 196
21760 205
21760 221
21760 255
21760 290
21760 337
21760 12
21760 94
21760 21
21760 74
21760 138
21760 178
21760 191
21760 17
21760 102
21760 174
21760 230
21760 256
21760 332
21760 266
21760 294
22102 62
22102 117
22102 147
22102 87
22102 132
22102 150
22102 151
22102 42
22102 48
22102 23
22102 31
22102 2
22102 74
22102 114
22102 72
22102 91
22102 49
22102 18
22102 9
22102 75
22102 68
22102 61
22102 46
22102 36
22102 66
22102 47
22102 7
22102 60
22102 63
22102 77
22102 145
22102 81
22102 54
22102 89
22102 21
22102 32
22102 57
22102 6
22102 51
22102 17
22102 10
22102 28
22102 82
22102 59
22102 64
22102 96
22102 142
22102 127
22102 84
22258 10
22258 32
22258 0
22258 6
22258 7
21530 99
21530 40
21530 59
21530 65
21530 53
21530 64
21530 13
21530 35
21530 37
21530 75
21439 54
21439 72
21439 85
21439 146
21439 242
21439 258
21439 26
21439 67
21439 161
21439 178
21439 64
21439 80
21439 179
21439 173
21439 261
21439 68
21439 124
21439 171
21764 7
21764 10
21621 44
21621 8
21621 21
21621 32
21621 39
21621 26
21985 81
21847 79
21847 72
21847 57
21847 42
21847 4
21847 70
21847 1
21847 6
21847 17
22090 39
22090 102
22090 94
22090 67
22090 61
22090 92
22090 140
22090 68
22090 79
22090 75
22090 32
22090 121
22090 62
22090 71
22090 48
22090 133
22090 24
21442 7
21442 139
21442 151
21442 53
21442 84
21442 104
21442 129
21442 25
21442 79
21442 83
21442 179
21442 187
21442 11
21442 61
21442 87
21442 118
21442 173
21442 192
21442 121
21442 156
21442 181
21442 176
21442 19
21442 35
21442 89
21442 92
21442 51
21442 94
21442 131
21442 85
21442 140
21442 152
21442 169
21442 172
21442 23
21442 31
21442 40
21442 63
21442 171
21442 26
21442 88
21442 119
21442 120
21442 174
21442 36
21442 55
21442 183
21442 0
21442 102
21442 117
21442 128
21442 165
21442 69
21442 71
21442 101
21442 133
21442 138
21442 191
21442 34
21442 56
21442 168
21465 21
21465 23
21465 47
21465 6
21465 2
21465 18
21465 38
21465 41
21465 5
21465 46
21465 15
21465 17
21465 19
21465 24
21465 39
21465 10
21465 13
21425 15
21425 23
22267 7
22267 36
22267 3
22267 4
22267 9
22267 26
22267 12
22267 15
22267 33
22267 34
22267 17
22267 23
22267 10
22267 2
22267 32
22267 28
22267 40
22102 124
22102 88
22102 126
22102 29
22102 12
22102 19
22102 80
22102 98
22102 154
22102 120
22102 27
22102 93
22102 101
22102 152
22102 122
22102 107
21928 30
22144 63
22144 48
22144 4
22144 57
22144 75
22144 22
22144 69
22144 23
21823 84
21823 8
21823 83
21823 16
21823 10
21823 46
21823 12
21823 75
21823 27
21823 42
21823 86
21823 5
21823 0
21823 88
21823 24
21823 58
21823 1
21823 18
21823 47
21823 26
21823 60
21625 41
21625 49
21625 73
21625 47
21625 15
21625 33
21625 57
21625 51
21625 62
21625 10
21625 70
21625 66
21625 22
21625 37
21625 54
21625 53
21625 38
21625 67
21625 1
21625 3
21625 34
21625 17
21625 43
21625 68
21785 86
21785 93
21785 97
21785 143
21785 32
21785 70
21785 89
21785 105
21785 121
21785 125
21785 131
21785 1
21785 17
21785 30
21957 46
21957 236
21957 328
21957 53
21957 428
21957 267
21957 313
21957 270
21957 150
21957 157
21957 389
21957 42
21957 430
21957 111
21957 340
21957 390
21957 385
21957 147
21957 367
21957 90
21957 439
21957 318
21957 44
21957 231
21957 172
21957 128
21898 82
21898 146
21898 174
21898 102
21898 125
21898 9
21898 185
21898 53
21898 173
21898 20
21898 41
21898 156
21898 164
21898 5
21898 142
21898 66
21898 183
21898 21
21898 169
21898 11
21898 179
21898 190
21898 38
21898 45
21898 115
21898 62
21898 128
21898 56
21898 51
21898 145
21898 58
22110 42
22110 44
22110 22
21536 6
21536 159
21536 186
21536 294
21536 112
21536 164
21536 303
21536 367
21536 66
21536 170
21536 274
21536 297
21536 316
21536 325
21536 356
21536 357
21536 366
21536 388
21536 29
21536 148
21536 255
21536 3
21536 180
21536 289
21536 124
21536 312
21536 107
21536 120
21536 223
21536 236
21536 298
21536 204
21536 227
21536 188
21536 85
21536 181
21536 262
21536 127
21536 195
21536 373
21536 375
21536 319
21536 165
21536 50
21536 280
21536 292
21536 304
21536 244
21536 211
21536 266
21536 201
21536 134
21536 122
21536 142
21536 13
21536 15
21536 56
21536 135
21536 58
21536 74
21536 176
21536 342
21536 345
21536 258
21536 291
21536 329
21536 147
21536 152
21536 210
21536 281
21536 213
21536 90
21536 91
21536 240
21536 268
21536 320
21536 327
21536 88
21536 59
21536 7
21536 150
21536 250
21536 335
21536 349
21536 369
21536 37
21536 151
21536 272
21536 317
21536 71
21536 129
21536 172
21536 96
21536 248
21536 293
21536 162
21536 187
21536 287
21536 97
21536 103
21536 173
21536 265
21536 355
21536 371
21536 378
21536 339
21536 61
21536 72
21536 175
21536 260
21536 290
21536 31
21536 45
21536 192
21695 58
21695 65
21695 35
21695 29
22198 115
22198 23
22109 64
22109 57
22109 9
22109 13
22109 65
22109 36
22109 40
22109 58
22109 29
22109 67
22109 7
22109 24
22109 91
22109 43
22109 28
22109 80
22109 38
22109 23
22109 63
22109 68
22109 4
22109 93
22109 90
22109 86
22109 87
22109 25
22109 61
22109 14
22109 50
22109 82
22041 28
22041 31
22037 69
22037 167
22037 249
22037 42
22037 225
22037 9
22037 214
22037 133
22037 53
22037 2
21414 6
21414 4
21414 2
21414 5
22110 10
22110 9
22110 6
22110 41
22110 16
22110 36
22048 11
22048 8
22048 9
22048 0
21974 466
21974 364
21974 120
21974 441
21974 66
21974 21
21974 31
21974 233
21974 434
21974 76
21974 406
21974 418
21974 128
21974 475
21974 22
21974 433
21974 395
21974 119
21974 501
21974 81
21974 179
21974 391
21974 280
21974 251
21974 74
21974 456
21974 447
21974 4
21974 411
21974 56
21974 155
21974 208
21974 178
21974 529
21974 445
21974 277
21974 176
21974 152
21974 65
21974 414
21974 242
21974 388
21974 102
21974 51
21974 240
21974 506
21974 289
21974 77
21974 403
21974 229
21974 431
21974 262
21974 39
21974 2
21974 238
21974 531
21974 425
21974 492
21974 346
21974 520
21974 256
21974 147
21974 539
21974 345
21974 310
21974 80
21974 509
21974 523
21974 153
21974 340
21974 327
21974 427
21974 241
21974 150
21974 273
21974 142
21974 350
21974 29
21974 83
21974 498
21974 87
21974 33
21974 112
21974 535
21974 258
21974 167
21974 217
21974 254
21974 190
21974 201
21974 390
21974 366
21974 267
21974 440
21974 330
21974 405
21974 293
21882 38
21882 36
21882 50
21882 5
21882 66
21882 59
21882 60
22040 51
22040 23
22040 19
22040 26
21573 21
21573 4
21573 5
21573 11
21573 9
21770 45
21770 24
21770 40
21770 9
22075 78
22075 116
22075 52
22075 76
22075 107
22075 85
22075 14
22075 70
22075 73
22075 42
22075 40
22075 119
22075 95
22075 102
22075 41
22075 86
22075 15
22075 43
22075 12
22098 50
22098 59
22098 65
22098 69
22098 52
22098 61
22098 57
21933 40
21933 68
21933 3
21933 66
21933 5
21933 35
21933 128
21933 113
21933 116
21933 62
21933 37
21933 142
21933 131
21933 82
21933 83
21897 5
21897 24
22127 8
22127 9
21411 27
21628 87
21628 22
21628 47
21628 75
21628 76
21628 68
21628 110
21628 121
21628 106
21628 97
21628 39
21628 28
21628 112
21628 62
21628 99
21628 128
21628 64
21628 85
21628 96
21818 0
21442 38
21442 48
21442 73
21442 142
21442 194
21442 110
21442 167
21442 76
21442 75
21442 113
21442 132
21442 134
21442 9
21442 14
21442 105
21442 143
22206 20
22206 4
22206 41
22206 22
22206 30
22206 15
22206 0
22206 63
22206 42
22206 61
22206 31
22206 37
22206 98
22206 1
22206 97
22206 38
22206 48
22206 87
22206 56
22206 59
22206 13
22206 54
22206 58
22206 88
22206 76
22206 46
22206 60
22206 16
22206 91
22206 83
22206 10
22206 34
22206 47
22206 86
22260 370
22260 220
22260 328
22260 352
22260 70
22260 265
22260 158
22260 218
22260 52
22260 196
22260 69
22260 17
22260 88
22260 206
22260 103
22260 294
22260 372
22260 30
22260 392
22260 247
22260 65
22260 214
22260 181
22260 231
22260 360
22260 295
22260 323
22260 290
22260 226
22260 97
22260 293
22260 235
22260 388
22260 222
22260 86
22260 46
22260 334
22260 228
22260 14
22260 150
22260 108
22260 79
22260 129
22260 5
22260 289
22260 287
22260 138
22260 15
22260 83
22260 272
22260 219
22260 132
22260 380
22260 170
22260 200
22260 124
22260 148
22260 202
22260 350
22260 238
22260 24
22260 308
22260 354
22260 192
22260 41
22260 157
22260 270
22260 142
22260 90
22260 376
22260 212
22260 351
22260 42
22260 326
22260 215
22260 199
22260 332
22260 38
22260 224
22260 139
22260 149
22260 25
22260 182
22260 12
22260 61
22260 387
22260 299
22260 100
22260 307
22260 153
22260 329
22260 184
22260 127
22260 353
22260 84
22260 145
22260 230
22260 333
22260 365
22260 177
22260 67
22260 282
22260 275
22260 241
22260 173
22260 74
22260 71
22260 348
22260 130
22260 330
22260 20
22260 284
22260 288
22260 305
22260 310
22260 335
22260 378
22260 280
22260 245
22260 381
22260 135
22260 133
22260 337
21948 160
21948 0
21948 78
21948 97
21948 53
21948 119
21948 123
21948 96
21577 23
22141 24
22141 152
22141 14
22141 72
22141 49
22141 109
22141 133
22141 151
22141 137
22141 100
22141 83
22141 86
22141 27
22141 5
22141 121
22141 144
22141 172
22141 69
22141 60
22141 99
22141 25
22141 191
22141 96
22141 132
22141 70
22141 51
22141 3
22141 120
22141 104
22141 127
22141 148
22141 41
22141 63
22141 125
22141 12
22141 162
22141 150
22141 89
22141 180
22141 135
22141 46
22141 107
22141 28
22141 17
22141 11
22141 179
22141 93
22141 117
22141 110
22141 66
22141 68
22141 26
22141 184
22141 39
22141 188
22141 122
22141 40
22141 170
22141 62
22141 192
22141 80
22141 90
22141 52
22141 2
22141 130
22141 47
22141 50
21653 92
21653 150
21653 127
21653 99
21653 9
21653 62
21653 15
21653 39
21653 80
22268 100
22268 47
22268 29
22086 389
22086 451
22086 497
22086 352
22086 288
22086 281
22086 245
22086 563
22086 260
22086 210
22086 385
22086 424
22086 377
22086 448
22086 450
22086 313
22086 502
22086 297
22086 289
22086 369
22086 220
22086 65
22086 239
22086 401
22086 492
22086 355
22086 153
22086 224
22086 363
22086 486
22086 315
22086 139
22086 90
22086 218
22086 381
22086 469
22086 261
22086 101
22086 272
22086 185
22086 228
22086 488
22086 475
22086 320
22086 80
22086 427
22086 118
22086 467
22086 383
22086 127
22086 367
22086 425
22086 487
22086 438
22086 455
22086 77
22086 328
22086 493
22086 172
22086 64
22086 73
22086 38
22086 81
22086 36
22086 512
22086 20
22086 79
22086 2
22086 409
22086 396
22086 7
22086 83
22086 480
22086 459
22086 223
22086 329
22086 539
22086 522
22086 110
22086 175
22086 57
22086 33
22086 441
22086 203
22086 416
22086 53
22086 257
22086 567
22086 85
22086 234
22086 112
22086 213
22086 308
22086 41
22086 379
22086 465
22086 357
22086 429
22086 31
22086 225
22086 430
22086 137
22086 56
22086 431
22086 503
22086 60
22086 39
22086 347
22086 128
22086 35
22086 254
22086 92
22086 265
22086 332
22086 69
22086 434
22086 191
22086 71
22086 247
22086 326
22086 304
22086 356
22086 189
22086 520
22086 122
22086 463
22086 277
22086 43
22086 415
22086 16
22086 564
22086 327
22086 132
22086 449
22086 525
22086 382
22086 212
22086 82
22086 27
22086 456
22086 444
22086 498
22086 268
22086 131
22086 96
22086 533
22086 183
22086 432
22086 1
22086 116
22086 232
22086 215
22086 388
22086 4
22086 171
22086 198
22086 138
22086 494
22086 414
22086 473
22086 339
22086 29
22086 197
22086 460
22086 103
22086 157
22086 269
22086 515
22086 184
22086 133
22086 63
22086 446
22086 292
22086 504
22086 279
22086 442
22086 310
22086 113
22086 413
22086 111
22086 521
22086 417
22086 251
22086 285
22086 419
22086 552
22086 507
21989 159
21989 140
21989 6
21989 114
21989 72
21989 117
21989 84
21989 147
21989 157
21989 158
21989 49
21989 71
21989 107
21989 128
21989 106
21989 38
21822 22
21822 64
21822 171
21822 212
21822 230
21822 83
21822 120
21822 133
21822 217
21822 20
21822 25
21822 37
21822 125
21822 168
21822 78
21822 114
21822 210
21822 214
21822 75
21822 107
21822 134
21822 153
21822 72
21822 99
21822 101
21822 118
21822 127
21822 17
21822 211
21822 56
21822 148
21822 184
21822 225
21822 14
21822 93
21822 205
21822 23
21822 34
21822 45
21822 160
21822 109
21822 67
21822 91
21822 94
21822 199
21671 8
21671 17
21671 11
21671 6
21529 310
21529 315
21529 457
21529 459
21529 551
21529 225
21529 249
21529 296
21529 298
21529 303
21529 93
21529 103
21529 224
21529 258
21529 307
21529 312
21529 321
21529 392
21529 516
21529 526
21529 37
21529 65
21529 68
21529 184
21529 254
21529 437
21529 439
21529 446
21529 486
21529 521
21529 240
21529 263
21529 41
21529 81
21529 101
21529 176
21529 228
21529 325
21529 348
21529 528
21529 548
21529 260
21529 284
21529 72
21529 97
21529 168
21529 69
21529 22
21529 159
21529 187
21529 262
21529 282
21826 26
21826 19
21758 17
21758 139
21758 173
21758 316
21758 43
21758 372
21758 390
21758 37
21758 102
21758 116
21758 284
21758 499
21758 585
21758 594
21758 33
21758 163
21758 352
21758 474
21758 9
21758 82
21758 104
21758 42
21758 313
21758 172
21758 5
21758 22
21758 148
21758 275
21758 158
21758 45
21758 29
21758 86
21758 370
21758 134
21758 272
21758 343
21758 381
21758 456
21758 479
21758 486
21758 176
21758 242
21758 156
21758 72
21758 291
21758 302
21758 40
21758 48
21758 299
21712 16
21712 21
21712 22
21712 17
21712 19
21712 20
21712 6
21547 17
22168 111
22168 245
22168 94
22168 91
22168 18
22168 220
22168 68
22168 93
22168 41
22168 203
22168 109
22168 96
22168 262
22168 174
22168 76
22168 87
22168 195
22168 229
22168 125
22168 11
22168 175
22168 156
22168 205
22168 145
22168 27
22168 258
22168 219
22168 46
22168 140
22168 118
22168 47
22168 268
22168 226
22168 242
22168 168
22168 261
22168 121
22168 43
22168 157
22168 150
22168 186
22168 225
22168 119
22168 108
22168 100
22168 139
22168 135
22168 155
22168 207
22168 107
22168 40
22168 247
22168 184
22168 99
22168 211
22168 134
22168 65
22168 130
22168 73
22168 36
22168 131
22168 79
22168 143
22168 250
22168 172
22168 167
22168 24
22168 34
22168 20
22168 204
22168 78
22168 169
22168 199
22168 170
22168 177
22168 162
22168 106
22168 147
22168 7
22168 241
22168 132
22168 37
22168 202
22168 55
22168 176
22168 9
22168 72
22168 61
22168 224
22168 252
22168 88
22168 42
22160 7
22160 220
22160 21
22160 188
22160 279
22160 113
22160 58
22160 186
22160 61
22160 249
22160 235
22160 64
22160 125
22160 230
22160 226
22160 157
22160 199
22160 209
22160 252
22160 239
22160 111
22160 6
22160 194
22160 228
22160 172
22160 124
22160 206
22160 219
22160 156
22160 233
22160 92
22160 263
22160 177
22160 184
22160 136
22160 203
22160 122
22160 128
22160 68
22160 260
22160 211
22160 119
22160 8
22160 175
22160 76
22160 250
22160 96
22160 84
22160 132
22160 34
22160 46
22160 37
22160 257
22160 79
22160 133
22160 93
22160 72
22160 205
22160 185
22160 276
22160 91
22160 193
22160 90
22160 275
22160 13
22160 20
22160 273
22160 126
22160 241
22160 44
22160 26
22160 101
22160 270
22160 67
22160 22
22160 272
22160 192
22160 42
22160 82
22160 258
22160 5
22160 17
22160 116
22160 268
22160 19
22160 204
22160 154
22160 262
22160 49
22160 27
22160 253
22160 232
22160 153
22160 138
22160 114
22160 174
22160 158
22160 178
22160 135
22160 65
22160 243
22160 168
22160 267
22160 139
22160 231
22160 4
22160 161
22160 251
22160 43
22160 144
22160 57
22160 88
22160 195
22160 170
22160 100
22160 215
21764 5
21764 0
22079 43
22079 36
22079 19
22079 49
22079 48
22079 2
22079 16
22079 30
22079 15
22079 10
21615 3
21615 68
21615 16
21615 52
21615 46
21615 53
21615 59
21615 19
21615 72
21615 42
21615 5
21615 8
21615 54
21615 60
21615 37
21615 67
21615 0
21615 43
21615 73
21615 32
21615 45
21615 70
21615 22
21615 30
21615 33
22085 14
22085 0
22085 5
22085 6
22085 10
21453 9
22043 519
22043 193
22043 61
22043 131
22043 58
22043 450
22043 117
22043 465
22043 162
22043 75
22043 52
22043 222
22043 21
22043 545
22043 239
22043 476
22043 462
22043 179
22043 463
22043 25
22043 300
22043 137
22240 8
22240 74
22240 57
22240 43
22240 63
22240 69
22240 73
22240 75
22240 35
22240 14
22240 13
22240 68
22240 10
22240 6
22240 22
22240 25
22240 19
22240 34
22240 9
22240 65
22240 36
22240 46
22240 71
22240 5
22240 3
22240 55
22240 17
22240 50
21978 98
21978 150
21978 195
21978 144
21978 7
21978 157
21978 170
21978 168
21978 191
21978 97
21978 35
21978 153
21978 189
21978 82
21978 160
21978 105
21978 75
21978 42
21978 20
21978 31
21978 45
21978 65
21978 60
21978 176
21978 24
21978 18
21978 190
21978 141
21978 131
21978 155
22037 101
22037 126
22037 27
22037 110
22037 17
22037 202
22037 85
22037 142
22037 105
22037 196
22037 172
22037 201
22037 119
22037 41
22037 213
22037 0
22037 177
21577 14
21577 21
21666 14
21666 23
21666 1
21666 35
21666 11
21666 5
21666 34
21666 39
21666 16
21666 29
21666 37
21960 82
21960 5
21960 21
21960 37
21960 19
21960 0
21960 72
21960 52
21960 17
21636 0
21636 21
21450 29
21450 34
21450 35
21450 26
21450 20
21450 16
21450 43
22041 17
22041 32
21496 28
21496 20
21496 32
21496 38
21496 39
21496 4
21496 22
21496 36
21496 19
21952 149
21952 115
21952 69
21952 84
21952 72
21952 136
21952 13
21952 78
21952 20
21952 57
21952 208
21952 173
21952 114
21952 54
21952 129
21952 32
21952 216
21952 39
21952 102
21952 109
21952 64
21952 85
21952 86
21952 26
21952 50
21952 27
21952 161
21952 10
21952 62
21952 217
21952 152
21952 53
21952 18
21952 213
21782 47
21782 82
21782 41
21782 16
21782 22
21782 23
21782 61
21782 38
21782 58
21782 27
21782 28
21782 79
22157 0
22157 27
22157 6
22157 10
22157 12
22157 44
22157 48
22157 59
22157 111
22157 110
22157 55
22157 65
22157 92
22157 89
22157 108
22029 38
22029 59
22029 0
22029 6
22029 14
22029 22
22029 47
22029 36
22029 67
22029 11
22029 27
22029 23
22029 37
22029 66
22029 3
22029 70
22029 28
22029 41
22029 9
22265 25
22265 73
22265 65
22265 64
22265 22
22265 53
22265 18
22265 72
22265 116
22265 36
22265 115
22265 20
22265 77
22265 59
22265 114
22265 79
22265 106
22265 122
22265 69
22265 0
22265 84
22265 89
22265 66
22265 26
22265 47
22265 109
22265 117
22265 62
22265 21
22265 17
22265 60
22265 56
22265 31
22265 45
22265 119
22265 78
22265 12
22265 51
22265 105
22265 32
22265 67
22265 121
22265 87
22265 61
22265 11
21719 110
21719 226
21719 298
21719 368
21719 487
21418 19
21955 20
21955 16
21955 77
21955 62
21955 74
21955 29
21955 42
21955 63
21955 47
21955 51
21955 14
21955 56
21796 90
21796 37
21796 99
21796 112
21796 119
21796 23
21796 36
21796 81
21796 84
21796 110
21796 56
21796 29
21796 93
21796 104
21796 30
21796 0
21796 20
21796 61
21796 73
21796 3
21796 7
21796 55
21796 4
21796 75
21796 80
21796 97
21796 125
21796 2
21796 33
21796 65
21796 103
21796 53
21796 95
21796 59
21796 94
21796 121
21796 25
21796 46
21796 57
21796 58
21796 109
21793 33
21820 16
21784 53
21784 36
21784 8
21784 0
21784 32
21784 78
21784 67
21784 70
21784 48
21784 54
21784 56
22184 35
22184 20
22184 1
22184 46
22184 45
22184 49
22184 11
22184 4
22184 39
22184 30
22184 19
22184 42
22184 53
22184 34
22184 23
21729 33
21729 46
21729 75
21729 3
21729 4
21729 11
21729 35
21729 178
21729 193
21729 215
21729 223
21729 167
21729 203
21729 154
21729 157
21729 194
21729 12
21729 21
21729 74
21729 135
21729 27
21729 67
21729 84
21729 186
21729 197
21729 199
21729 36
21729 50
21729 81
21729 100
22047 3
22047 23
22047 30
22047 31
22047 33
22047 34
22047 26
22047 32
22047 24
22047 40
21529 35
21529 87
21529 175
21529 232
21529 25
21529 27
21529 191
21529 241
21529 265
21529 280
21529 385
21529 306
21529 375
21529 455
21529 330
21529 358
21529 476
21529 554
21529 276
21529 52
21529 108
21529 145
21529 273
21529 287
21529 347
21529 356
21529 449
21529 454
21529 513
21529 543
21529 344
21529 432
21529 468
21529 534
21529 54
21529 114
21529 120
21529 210
21529 320
21529 483
21529 491
21529 507
21529 529
21529 405
21529 409
21529 493
21529 502
21959 78
21959 135
21959 124
21959 140
21959 3
21959 117
21959 48
21959 26
21959 89
21959 114
21959 33
21959 119
21959 111
21959 102
21959 121
21785 15
21785 69
21785 84
21785 107
21785 145
21785 147
21785 83
21785 88
21785 91
21785 116
21785 117
21785 79
21785 87
21785 135
21785 139
21785 141
21785 13
21785 23
21785 27
21985 4
21985 74
21985 85
21985 110
21985 19
21985 2
21985 68
21985 92
21985 42
21985 60
21985 29
21528 0
21528 22
21528 40
21528 21
21528 18
21528 45
21528 31
21528 1
21528 9
21528 20
21528 3
21528 4
21528 36
21528 42
21885 38
21885 149
21885 14
21885 54
21885 198
21885 167
21885 7
21885 79
21885 159
21885 108
21885 42
21885 95
21885 12
21885 82
21885 56
21885 81
21885 129
21885 48
21549 10
21549 26
21549 3
21549 4
21825 320
21825 235
21825 83
21825 98
21825 291
21825 329
21825 243
21825 95
21825 290
21825 20
21825 312
21825 334
21825 255
21825 86
21825 256
21825 276
21825 21
21825 57
21825 96
21825 44
21825 180
21825 302
21825 337
21825 87
21825 90
21825 122
21825 124
21825 135
21825 78
21825 68
21825 108
21825 285
21825 62
21825 264
21825 92
21825 263
21825 85
21825 18
21825 82
21825 77
21825 265
21825 327
21825 0
21825 30
21825 252
21825 53
21825 109
21825 182
21825 209
21825 267
21825 272
21825 104
21825 75
21825 241
21825 172
21825 51
21825 143
21825 188
21825 238
21825 183
21825 240
21825 61
22107 14
22107 4
22107 3
22107 8
22107 17
21589 4
21589 21
21589 27
21589 12
21589 34
21589 10
21589 47
21589 41
21589 46
21997 272
21997 254
21997 92
21997 258
21997 33
21997 507
21997 476
21997 451
21997 152
21997 244
21997 178
21997 317
21997 233
21997 186
21997 457
21997 351
21997 368
21997 2
21997 232
21997 242
21997 238
21997 288
21997 444
21997 190
21997 14
21997 3
21997 13
21997 199
21997 159
21997 425
21997 454
21997 52
21997 341
21997 130
21997 119
21997 387
21997 468
21997 31
21997 523
21997 158
21997 321
21997 221
21997 237
21997 133
21997 54
21997 226
21997 229
21997 323
21997 326
21997 202
21997 19
21997 57
21997 486
21997 350
21997 434
21997 374
21997 381
21997 407
21997 173
21997 41
21997 418
21997 194
21997 48
21997 474
21997 424
21997 50
21997 91
21997 312
21997 308
21997 303
21997 274
21997 386
21997 126
21997 510
21997 17
21997 311
21997 16
21997 265
21997 406
21997 269
21997 401
21997 282
21997 307
21997 395
21997 499
21997 22
21997 479
21997 495
21997 191
21997 487
21997 300
21997 61
21997 84
21997 358
21997 390
21997 277
21997 304
21997 77
21997 443
21997 155
21948 131
21948 56
21948 156
21948 41
21948 44
21948 27
21948 103
21948 38
21948 162
21948 34
21948 139
21948 148
21948 135
21948 167
21948 128
21948 105
21948 48
21948 153
21948 12
21948 18
21948 40
21948 8
21948 20
21948 150
21948 68
21948 7
22120 39
22120 19
22244 10
22244 40
22244 20
22244 82
22244 79
22244 70
22244 94
22244 87
22244 1
22244 6
22244 52
21830 19
21830 9
21830 16
21830 7
21830 8
21830 24
21446 8
21446 62
21446 65
21446 97
21446 103
21446 119
21446 2
21446 32
21446 36
21446 71
21446 118
21446 95
21446 106
21446 13
21446 84
21446 6
21446 88
21446 128
21446 52
21446 66
21446 73
21446 100
21908 110
21908 109
21908 11
21908 28
21908 98
21908 62
21908 20
21908 61
21908 15
21908 29
21908 90
21908 108
21908 53
21908 26
21908 97
21908 35
22106 40
22106 129
22106 58
22106 122
22106 97
22106 26
22106 6
22106 5
22106 16
22106 48
22106 71
22106 104
22106 14
22106 90
22106 146
22106 144
22106 87
22106 103
22106 130
22106 54
22106 115
22106 56
22106 18
22106 118
22106 141
22106 139
22106 99
22106 75
22106 74
22106 132
22106 111
22106 25
22106 63
22106 137
22106 24
22106 92
22106 4
22106 13
22106 82
22106 42
22106 53
22106 133
22106 15
22106 117
22106 145
22106 108
22106 60
22106 45
22106 57
22106 22
22106 121
21502 23
21502 57
21502 64
21502 80
21502 4
21502 27
21502 89
21502 35
21502 50
21502 81
21502 16
21502 61
22132 1
22132 33
22132 77
22132 41
22132 27
21513 7
21861 152
21861 129
21861 238
21861 247
21861 12
21861 24
21861 34
21861 57
21861 78
21861 92
21861 10
21861 55
21861 51
21861 218
21861 249
21861 265
21861 199
21861 202
21861 185
21861 153
21861 80
21861 223
21861 263
21861 183
21861 64
21861 162
21861 205
21861 62
21861 104
21861 148
21861 214
21861 246
21861 248
21861 257
21861 165
21861 100
21861 37
21861 71
21861 72
21861 167
21861 191
21861 184
21861 179
21662 36
21662 63
21662 73
21662 74
21662 23
21662 38
21662 51
21662 76
21662 15
21662 2
21662 27
21662 35
21662 39
21662 47
21662 72
21662 8
21662 79
21662 14
21662 42
21662 78
21662 13
21662 32
21662 41
21662 30
21662 6
21662 12
21662 1
21662 60
21662 31
21662 59
21662 5
21662 57
22079 5
21946 69
21946 54
21946 90
21946 111
21946 129
21946 104
21946 114
21946 39
21946 32
21946 16
21946 108
21946 24
21946 131
21946 36
21946 122
21946 10
21946 135
21946 66
21946 50
21946 57
21824 33
21824 4
21824 18
21824 21
21824 23
21824 5
21824 49
21824 11
21824 48
21824 39
21824 47
21824 17
21824 1
21824 43
21694 17
21694 32
21694 14
21694 33
21694 34
21694 21
22137 52
21549 72
21549 151
21549 21
21549 65
21549 187
21549 205
21549 41
21549 153
21692 224
21692 189
21692 119
21692 194
21692 123
21692 197
21692 83
21692 96
21692 111
21692 170
21692 37
21692 211
21692 58
21692 140
21692 147
21692 148
21692 41
21692 107
21692 122
21778 103
21778 47
21778 64
21778 109
21778 46
21597 8
21597 103
21597 69
21597 60
21597 67
21597 78
21597 26
21597 51
21597 106
21674 4
21674 16
21674 33
21674 68
21674 59
21929 49
21929 100
21929 90
21929 29
21929 26
21929 24
21929 7
21929 21
21929 3
21929 76
21929 43
21969 73
21969 46
21969 9
21969 22
21969 81
21969 100
21969 44
21969 43
21969 82
21969 0
21969 25
21969 72
21969 91
21969 66
22182 56
22182 64
22182 57
22182 26
22182 113
22182 65
22182 108
22182 128
22182 8
22182 135
22182 22
21933 81
21933 90
21933 15
21933 32
21933 31
21933 16
21933 139
21694 23
21694 6
21694 11
21694 19
21694 28
21694 4
22067 49
22067 52
22067 65
22067 3
22067 85
22067 6
22067 12
22067 48
22067 14
22067 59
22067 76
22067 34
22067 31
22067 47
22067 15
22067 82
21516 54
21516 71
21516 2
21516 53
21516 62
21516 35
21516 58
21516 10
21516 47
21516 48
21516 5
21516 15
21516 70
21516 11
21516 39
21516 51
21516 23
21516 7
21516 19
21516 45
21516 46
21516 49
21516 63
21516 40
21516 77
21516 78
21516 26
21516 60
21469 41
21469 20
21469 11
21469 48
21469 21
21469 29
21524 18
21524 28
21524 7
21524 1
22029 52
22029 56
22029 46
22029 71
22029 13
22051 18
22051 50
22051 41
22051 5
22051 49
21898 172
21989 112
21989 78
21989 183
21989 179
21989 201
21989 68
21989 198
21989 36
21989 73
21989 186
21989 34
21989 123
21989 28
21989 174
21989 101
21989 180
21989 148
21989 121
21989 200
21989 164
21989 80
21989 111
21989 129
21989 50
21989 153
21989 172
21989 26
21989 93
21989 18
21989 193
21989 195
21989 122
21989 31
21989 141
21989 187
21989 9
21989 40
21989 7
21989 169
21989 66
21989 33
21989 103
21989 105
21989 131
21989 0
21989 64
21989 124
21989 29
21989 189
21989 116
21989 154
21989 53
21989 166
21989 99
21989 85
21989 163
21989 152
21989 39
21989 98
21989 136
21989 160
21989 144
21989 139
21989 130
21989 24
21989 79
21989 146
21989 125
21989 11
21989 94
21989 126
21989 41
22052 77
22052 194
22052 198
22052 119
22052 311
22052 122
22052 295
22052 314
22052 144
22052 377
22052 263
22052 174
22052 68
22052 218
22052 201
22052 214
22052 283
22052 331
21944 87
21944 152
21944 431
21944 494
21944 219
21944 183
21944 193
21944 4
21944 207
21944 374
21944 285
21944 513
21944 439
21944 169
21944 323
21944 461
21944 128
21944 321
21944 300
21944 203
21944 478
21944 356
21944 31
21944 501
21944 417
21944 354
21944 341
21944 273
21944 430
21944 322
21944 124
21944 528
21944 48
21944 269
21944 386
21944 47
21944 158
21944 500
21944 307
21944 389
21944 143
21944 523
21944 130
21944 170
21944 403
21944 246
21944 92
21944 347
21944 84
21944 36
21944 508
21944 164
21944 176
21944 425
21944 428
21944 429
21944 1
21944 520
21944 65
21944 89
21944 318
21944 187
21944 79
21944 352
21944 229
21944 413
21944 100
21944 146
21944 304
21944 377
21944 286
21944 11
21944 364
21944 353
21944 381
21944 305
21944 525
22183 25
22183 118
22183 145
22183 95
22183 59
22183 111
22183 72
22183 122
22183 132
22183 86
22183 102
22183 11
22183 21
22183 66
22183 48
22183 128
22183 14
22183 29
22183 12
22183 126
22183 13
22183 44
22183 127
22183 51
22183 121
22183 65
22183 10
22183 101
22183 77
22183 106
22183 75
22183 69
22183 42
22183 136
22183 61
22183 116
22183 39
22183 6
22183 131
22183 47
22183 2
22183 94
22183 138
22183 56
22183 85
22183 70
22183 109
22183 78
22183 97
22183 87
22183 23
22183 15
22183 133
22183 82
21488 123
21488 143
21488 133
21488 152
21488 32
21488 43
21488 141
21488 13
21488 52
21488 128
21488 103
21488 108
21488 18
21488 24
21488 70
21488 146
21508 88
21508 110
21508 27
21508 66
21508 14
21508 30
21508 40
21508 54
21508 8
21508 25
21508 24
21508 37
21508 9
21508 21
21508 46
21508 52
21508 53
21508 51
21508 85
21508 107
21508 1
21508 17
21508 19
21508 39
21508 42
21508 45
21508 63
21838 39
21838 41
21838 60
21838 18
21838 46
21838 31
21838 66
21838 61
21838 38
21838 50
21838 21
21838 1
21838 33
21838 7
21838 8
21838 15
21838 43
21838 20
22139 6
22139 60
22139 164
22139 190
22139 150
22139 52
22139 7
22139 157
22139 183
22139 75
22139 83
22139 16
22139 19
22139 14
22139 119
21476 3
21476 26
21476 89
21476 125
21476 178
21476 210
21476 215
21476 24
21476 93
21476 393
21476 52
21476 157
21476 255
21476 331
21476 15
21476 43
21476 120
21476 389
21476 188
21476 288
21476 54
21476 95
21476 191
21476 241
21476 351
21476 416
21476 438
21476 442
21476 547
21476 103
21476 123
21476 189
21476 273
21476 357
21476 41
21476 51
21476 137
21476 334
21476 411
21476 464
21476 508
21476 544
21476 468
21476 475
21476 537
21476 78
21476 115
21476 233
21476 313
21476 364
21476 366
21476 18
21476 21
21476 33
21476 349
21476 387
21476 37
21476 166
21476 214
21476 280
21476 306
21476 66
21476 168
21476 174
21476 254
21476 292
21476 315
21476 342
21476 39
21476 44
21476 121
21476 326
21476 384
21476 421
21476 423
21476 502
21476 532
21476 535
21476 56
21476 222
21476 261
21476 316
21476 363
21476 172
21476 332
21476 386
21476 122
21476 131
21476 199
21476 301
21476 374
21476 377
21476 60
21476 220
21476 271
21476 294
21476 329
21476 406
21476 456
21476 500
21476 528
21476 219
21476 308
21476 27
21476 138
21476 282
21476 328
21476 439
21476 463
21476 479
21476 557
21476 378
21476 392
21476 173
21476 265
21476 338
21476 375
21463 6
21463 17
21463 7
21463 8
21463 4
21463 12
21463 19
21911 241
21911 29
21911 256
21911 116
21911 289
21911 17
21911 24
21911 194
21911 298
21911 205
21911 56
21911 275
21911 181
21911 37
21911 217
21911 254
21911 261
21911 52
21911 21
21911 118
21911 170
21911 28
21911 159
21911 53
21911 67
21911 55
21911 206
21911 276
21911 115
21911 186
21911 94
21911 250
21911 213
21911 283
21911 101
21911 11
21911 296
21911 47
21911 251
21911 249
21911 282
21911 239
21911 33
21911 269
21911 40
21911 189
21911 140
21911 169
21911 248
21911 25
21911 91
21911 95
21911 160
21911 63
21911 190
21911 45
21911 145
21911 253
21911 277
21911 122
21911 99
21911 135
21911 286
21911 266
21911 161
21911 178
21911 8
21911 78
21911 59
21911 225
21911 75
21911 244
21911 19
21911 287
21911 232
21911 58
21911 73
21911 238
21911 85
21911 89
21911 105
21911 110
21911 144
21911 284
21911 182
21911 188
21911 111
21911 198
21911 290
21911 288
21911 61
21911 230
21911 100
21911 34
21911 81
21911 216
22015 159
22015 83
22015 105
22015 88
22015 82
22015 39
22015 114
22015 103
22015 52
22015 1
21926 21
21926 0
21926 37
21926 7
21926 29
21926 39
21926 28
21926 17
21926 5
21926 38
21926 24
22205 77
22205 19
22205 80
22205 39
22127 5
22127 6
21452 21
21452 6
21452 19
21452 24
21452 31
21452 43
21452 105
21452 14
21452 125
21452 13
21452 17
21452 33
21452 41
21452 119
21452 122
21452 128
21452 34
21452 78
21452 113
21452 15
21452 47
21452 28
21452 7
21452 76
21452 111
21452 135
21452 30
21452 75
21452 37
21452 74
21452 96
21452 39
21452 51
21452 100
21452 126
21452 42
21452 49
21452 50
21452 65
21452 85
21612 35
21612 47
21612 23
21612 33
21612 13
21612 22
21612 8
21612 36
21612 57
21612 37
21612 84
21612 59
21612 65
21612 80
21612 20
22247 7
22247 11
22247 19
22247 15
22247 41
22247 36
22066 40
22066 1
22066 25
22066 2
22066 20
22066 35
22066 22
22066 19
22158 170
22158 181
22158 46
22158 154
22158 156
22158 100
22158 13
22158 160
22158 78
22158 172
22158 61
22158 176
22158 11
22158 57
22158 26
22158 128
22158 72
22158 201
22158 71
22158 206
22158 95
22158 223
22158 147
22158 158
22158 62
22158 132
22158 177
22158 40
22158 37
22158 59
22158 47
22158 184
22158 197
22158 166
22158 82
21730 146
21730 93
21730 12
21730 30
21730 169
21730 217
21730 258
21730 16
21730 137
21730 288
21730 291
21730 55
21730 67
21730 91
21730 122
21730 172
21730 235
21730 20
21730 140
21730 174
21730 213
21730 228
21730 18
21730 131
21730 246
21730 28
21730 29
21730 76
21730 86
21730 150
21730 175
21730 105
21730 88
21730 107
21730 119
21730 136
21730 277
21730 81
21730 123
21730 138
21730 157
21730 216
21730 276
21730 102
21730 176
21730 273
21730 148
21730 200
21730 264
21730 15
21730 73
21730 112
21730 114
21730 160
21730 161
21730 72
21730 39
21730 129
21730 173
21730 197
21730 204
21730 269
21730 33
21730 42
21730 120
21730 211
21730 233
21730 11
21730 35
21730 171
21730 180
21730 189
21730 198
21730 43
21730 168
21730 37
21730 45
21730 53
21730 78
21730 219
21730 61
21730 187
21730 8
21730 111
21730 113
21730 139
21730 205
21730 260
21730 3
21730 132
21730 178
21730 190
21730 222
21730 256
21730 64
21730 6
21730 10
21730 170
21730 153
22141 169
22141 193
22141 163
22141 34
22141 58
22141 174
22141 136
22141 131
22141 21
22141 155
22141 114
22141 157
22141 146
22141 178
22141 189
22141 154
22141 195
22141 78
22141 76
22141 123
22141 190
22141 64
22141 65
22141 145
22141 22
22141 175
22141 59
22141 79
22141 103
22141 124
22141 77
22141 138
22141 143
22141 166
22141 102
21460 42
21460 47
21460 22
21460 43
21460 63
21460 67
21460 8
21460 26
21460 45
21460 107
21460 127
21460 29
21460 94
21460 95
21460 101
21460 30
21460 53
21460 104
21460 56
21460 84
21460 18
21460 91
21460 112
21460 114
21460 117
21460 3
21460 59
21460 70
21460 93
21460 17
21460 23
21460 27
21460 74
21460 78
21460 125
21460 69
21460 41
21460 72
21460 118
21460 9
21460 13
21460 79
21460 111
21460 1
21460 21
21460 75
21460 120
21460 6
21460 44
21460 87
21460 96
22125 201
22125 30
22125 123
22125 151
22125 131
22125 129
22125 113
22125 45
22125 164
22125 177
22125 186
22125 4
22125 81
22125 82
22125 63
22125 125
22125 143
22125 83
22125 52
22125 102
22125 162
22125 26
22125 15
22125 90
22125 163
22125 202
22125 147
22125 10
22084 12
22084 329
22084 48
22084 103
22084 373
22084 278
22084 167
22084 229
22084 113
22084 144
22084 136
22084 53
22084 61
22084 89
22084 35
22084 109
22084 277
22084 189
22084 47
22084 180
22084 111
22084 253
22084 266
22084 7
22084 268
22084 49
22084 95
22084 364
22084 342
22084 138
22084 164
22084 125
22084 240
22084 42
22084 375
22084 281
22084 110
22084 376
22084 316
22084 273
22084 160
22084 287
21542 48
21542 61
21542 10
21542 16
21542 24
21542 8
21753 35
21753 38
21753 181
21753 218
21753 283
21753 312
21753 2
21753 10
21753 17
21753 95
21753 201
21753 333
21753 192
21753 0
21753 1
21753 5
21753 37
21753 90
21689 35
21689 3
21689 11
21689 30
21689 8
21689 19
21689 28
21689 34
22246 129
22246 50
22246 133
22246 72
22246 246
22246 69
22246 230
22246 59
22246 122
22246 185
22246 219
22246 92
22246 30
22246 217
22246 145
22246 191
22246 14
21827 65
21827 13
21827 95
21827 2
21827 63
21827 101
21827 48
21827 74
21827 83
21827 100
21827 4
21827 38
21827 54
21827 103
21827 32
21827 40
21827 56
21827 94
21827 68
21827 18
21827 43
21827 55
21827 15
21827 24
21827 59
21827 84
21827 22
21827 23
21827 33
21827 34
21827 51
21827 77
21703 9
21703 11
21893 19
21893 107
21893 117
21893 97
21893 112
21893 10
21893 1
21893 99
21893 127
21893 9
21893 49
21893 84
21893 36
21943 207
21943 124
21943 253
21943 239
21943 187
21943 145
21943 89
21943 96
21943 56
21943 85
21943 60
21943 23
21943 49
21943 91
21943 37
21943 114
21943 221
21943 118
21943 95
21943 12
21943 142
21943 57
21943 84
21943 149
21943 20
21943 248
21943 77
21943 125
21943 158
21943 198
21943 152
21943 71
21943 150
21943 8
21943 7
21943 79
21943 31
21943 34
21943 136
21943 105
21943 27
21943 82
21943 33
21943 120
21943 42
21943 134
21943 39
21849 25
21849 20
21849 21
21849 17
21849 2
21826 5
21826 23
21826 8
21826 32
21826 21
21826 12
21826 27
21826 13
21826 1
21826 14
21826 11
21826 28
21998 446
21998 28
21998 93
21998 334
21998 401
21998 427
21998 377
21998 64
21998 175
21998 451
21998 100
21998 116
21998 155
21998 162
21998 88
21998 384
21998 402
21998 38
21998 158
21998 389
21998 411
21998 2
21998 379
21998 331
21998 336
21998 25
21998 90
21998 17
21998 154
21998 10
21998 127
21998 157
21998 54
21998 356
21998 112
21998 362
21998 367
21998 55
22012 12
22012 13
22012 0
22012 34
22012 37
22012 14
22012 25
21977 66
21977 14
21977 51
21977 17
21977 43
21977 55
21977 39
21977 111
21977 59
21977 13
21977 89
21977 112
21977 73
21977 98
21977 122
21977 21
21977 97
21977 67
21977 103
21977 46
21977 76
21977 119
21977 35
21977 116
21977 96
21977 36
21977 114
21977 120
21977 42
21977 85
21977 62
21977 5
21977 118
21977 33
21977 74
21977 8
21977 56
21977 0
21977 105
21977 79
21977 24
21977 102
21977 109
21977 113
21977 64
21573 15
21573 12
21573 16
21573 18
21573 20
21573 8
21573 1
21573 7
21691 84
21691 180
21691 197
21691 192
21691 2
21691 46
21691 83
21691 149
21691 156
21691 52
21691 3
21691 13
21691 27
21691 142
21691 171
21691 9
21691 196
21691 32
21691 59
21691 147
21691 16
21691 174
21691 189
21691 184
21691 87
21691 187
21691 86
21691 115
21691 141
21691 173
21691 190
21691 45
21691 123
21691 134
21691 88
21691 91
21691 93
21691 101
21691 109
21691 152
21691 185
21691 20
21691 121
21691 122
21691 143
21691 28
21691 68
21691 92
21691 175
21691 157
21691 36
21691 37
21691 58
21691 153
21691 6
21691 23
21691 107
21691 139
21624 19
21624 29
21624 34
21624 27
21624 43
21624 52
21624 4
21624 18
21624 0
21624 40
21624 47
21624 11
21624 28
21624 9
21624 21
21624 36
21624 54
22185 19
22185 55
22185 82
22185 120
22185 100
22185 40
22185 54
22185 104
22185 130
22185 72
22185 49
22185 59
22185 70
22185 142
22185 144
22185 91
22185 16
22185 136
22185 74
22185 101
22185 48
22185 35
22185 27
22185 79
22185 23
22185 112
22185 7
22185 41
22185 145
22185 121
22185 56
22185 140
22185 75
22185 14
22185 44
22185 83
22185 3
22185 116
22185 95
22185 32
22185 33
22185 71
22185 38
22185 146
22185 73
22185 46
21547 28
21547 38
21571 2
21759 6
21759 4
21759 17
21759 12
21759 9
21765 40
21765 69
21529 342
21529 365
21529 515
21529 520
21529 2
21529 274
21529 285
21529 293
21529 3
21529 4
21529 86
21529 157
21529 370
21529 463
21529 504
21529 562
21529 47
21529 59
21529 208
21529 212
21529 6
21529 53
21529 192
21529 193
21529 204
21529 62
21529 83
21529 126
21529 147
21529 201
21529 343
21529 391
21529 435
21529 501
21529 537
21529 1
21529 30
21529 136
21529 171
21529 38
21529 161
21529 216
21529 95
21529 267
21529 292
21529 294
21529 444
21529 494
21529 532
21529 556
21529 19
21529 264
21529 277
21529 302
21529 334
21529 368
21529 304
21529 411
21529 451
21529 465
21529 17
21529 104
21529 121
21529 174
21529 189
21529 242
21529 360
21529 438
21529 471
21529 474
21529 559
21529 9
21529 24
21529 146
21529 215
21529 363
21529 379
21529 60
21529 281
21529 18
21529 79
21529 115
21529 135
21529 200
21529 43
21529 55
21529 57
21529 99
21529 132
21529 247
21529 61
21529 71
21529 155
21529 179
21529 226
21529 239
21529 0
21529 137
21529 291
21529 299
21529 319
21529 381
21529 393
21529 508
21529 524
21529 138
21529 186
21529 230
21529 272
21529 290
21529 309
21529 440
21529 452
21529 540
21529 345
21529 346
21529 413
21529 509
21529 536
21529 20
21529 66
21529 75
21529 164
21529 229
21529 45
21529 317
21529 373
21529 377
21529 441
21529 519
21529 436
21529 128
21529 148
21529 39
21529 94
21529 134
21529 144
21529 199
21529 295
21529 396
21529 421
21529 492
21529 522
21529 400
21529 420
21529 461
21529 472
21529 484
21529 550
21529 313
21529 318
21529 349
21529 357
21529 89
21529 283
21529 364
21529 366
21529 423
21529 448
21529 453
21529 63
21529 369
21529 442
21529 547
21529 14
21529 49
21529 91
21529 111
21529 125
21529 117
21529 154
21529 188
21529 203
21529 331
21529 374
21529 414
21529 495
21529 172
21529 84
21529 50
21529 158
21529 218
21529 252
21529 255
21529 269
21529 311
21529 384
21529 462
21529 481
21529 510
21529 124
21653 2
21653 58
21653 131
21653 148
21653 7
21653 44
21653 143
21653 16
21848 134
21848 22
21848 38
21848 52
21848 64
21848 208
21848 198
21848 82
21848 239
21848 525
21848 529
21848 535
21848 157
21848 156
21848 344
21848 434
21848 455
21848 488
21848 36
21848 226
21848 262
21848 168
21848 275
21848 280
21848 135
21848 296
21848 72
21848 213
21848 55
21848 244
21848 201
21848 117
21848 145
21848 129
21848 250
21435 18
21435 17
21435 1
21435 16
21435 27
21435 30
21651 1
21651 32
21651 70
21651 19
21651 64
21651 59
21651 18
21651 41
21651 56
21651 106
21651 26
21651 30
21651 82
21651 85
21651 97
22162 62
22162 32
22162 71
22162 4
22162 31
22162 28
22162 15
22211 31
22211 35
22211 29
22211 21
22211 27
22211 0
22211 26
22211 16
22211 7
22211 43
22211 61
22211 53
22211 19
22211 2
22211 63
22211 67
22211 58
22211 73
22211 51
22211 69
22211 60
22211 39
22211 15
22211 1
22211 5
22211 57
22211 11
22211 78
22211 23
22211 12
22211 41
22211 24
22211 47
22211 64
22211 48
22211 32
22211 8
22211 33
22211 62
22211 18
22211 56
21413 11
21413 30
21413 41
21413 14
21413 20
21413 25
21413 21
21413 27
21854 60
21854 12
21854 43
21854 48
21854 53
21854 41
21854 45
21854 61
21854 81
21755 1
21755 12
21755 15
21755 13
21755 14
21755 22
21755 18
21755 24
21755 7
22015 58
22015 56
22015 143
22015 149
22015 60
22015 10
22015 21
22015 152
22015 115
22015 66
22015 65
22015 2
22015 11
22015 14
22015 54
22015 23
22015 135
22015 46
22015 72
22015 20
22015 119
22015 22
22015 36
22015 145
22015 44
22015 27
22015 9
22015 96
22015 104
22015 6
22078 52
22078 121
22078 135
22078 21
22078 51
22078 92
22078 33
22078 47
22078 105
22078 35
22078 61
22078 103
22078 39
22078 116
22008 9
22008 87
22008 60
22008 64
22008 75
22008 105
22008 53
22008 68
22008 4
22008 89
21531 37
21531 112
21531 185
21679 294
21679 25
21679 49
21679 127
21679 184
21679 221
21679 226
21679 274
21679 322
21679 217
21679 212
21679 295
21679 265
21679 269
21679 35
21679 199
21679 238
21679 277
21679 239
21679 242
21679 255
21679 154
21679 58
21679 116
21679 120
21679 211
21679 214
21679 227
21679 220
21679 331
21679 63
21679 93
21679 144
21679 209
21679 224
21679 248
21679 143
21679 175
21679 218
21679 231
21679 131
21679 19
21679 112
21679 204
21679 333
21679 17
21679 95
21679 177
21679 76
21679 10
21679 61
21679 213
21679 315
21679 216
21679 306
21679 311
21679 80
21679 124
21679 257
21679 292
21679 324
21679 234
21679 244
21679 256
21679 278
21679 136
21679 162
21679 202
21679 336
21679 289
21679 264
21679 293
21679 44
21679 66
21679 71
21679 179
21679 32
21679 42
21679 64
21679 83
21679 210
21679 339
21679 24
21679 130
21679 208
21679 37
21679 47
21679 53
21679 56
21679 298
21679 75
21679 296
21679 41
21679 54
21679 157
21679 172
21679 173
21679 246
21679 268
21679 288
21972 34
21972 54
21972 13
21972 182
21972 3
21439 37
21439 270
21439 232
21439 246
21439 250
21439 268
21439 70
21439 90
21439 116
21439 197
21439 214
21439 13
21439 91
21439 125
21439 195
21439 5
21439 15
21439 58
21439 65
21439 127
21439 244
21439 42
21439 84
21439 138
21439 163
21439 27
21439 109
21439 168
21439 219
21439 247
21439 249
21439 50
21439 207
21439 186
21439 46
21439 74
21439 111
21439 142
21439 162
21439 30
21439 132
21439 202
21439 20
21439 11
21439 56
21439 144
21439 95
21439 122
21439 192
21439 152
21439 55
21439 57
21439 126
21439 185
21439 205
21439 188
21439 208
21439 52
21439 62
21439 118
21439 16
21439 66
21439 75
21439 170
21439 191
21439 77
21439 121
21439 153
21439 1
21439 137
21439 204
21439 211
21439 221
21439 237
21439 73
21439 245
21439 230
21439 239
21439 4
21439 48
21439 89
21439 104
21439 189
21439 262
21439 263
21439 0
21439 59
21439 167
21439 176
21439 3
21439 12
21439 96
21439 133
21439 140
21439 159
21774 257
21774 395
21774 426
21774 437
21774 463
21774 471
21774 1
21774 4
21774 30
21774 82
21774 26
21774 357
21774 50
21774 175
21774 191
21774 215
21774 236
21774 529
21774 339
21774 216
21774 228
21774 438
21774 469
21774 473
21774 491
21774 255
21774 55
21774 67
21774 85
21774 125
21774 183
21774 187
21774 23
21774 46
21774 75
21774 93
21774 158
21774 338
21774 412
21774 7
21774 470
21774 38
21774 428
21774 433
21774 451
21774 483
21774 287
21774 363
21774 369
21774 410
21774 120
21774 211
21774 220
21774 251
21774 377
21774 98
21774 154
21774 391
21774 424
22081 19
22081 25
22081 54
21793 13
21793 19
21793 40
21793 16
21793 10
21793 31
21793 34
21793 17
21793 22
21793 0
21793 30
21793 15
21793 12
21793 4
21793 21
21793 29
21793 7
21793 42
22074 20
22074 6
22074 11
22074 91
22074 82
22074 81
22074 54
22074 93
22074 16
22074 75
22074 94
22074 49
21819 23
21819 17
21819 18
21819 16
21819 6
21819 36
21819 21
21819 9
21819 4
21819 14
21819 32
21819 44
21819 43
21819 20
21819 10
21742 66
21742 108
21742 164
21742 183
21742 248
21742 110
21742 186
21742 203
21742 312
21742 220
21742 81
21742 89
21742 230
21742 279
21742 281
21742 306
21742 2
21742 17
21742 25
21742 156
21742 182
21742 277
21742 310
21742 46
21742 273
21742 292
21742 351
22054 1
22054 113
22054 61
22054 144
22054 176
22054 143
22054 107
22054 50
22054 150
22054 151
22054 122
22054 160
22054 153
22054 114
22054 30
22054 8
22054 109
22054 60
22054 25
22054 47
22054 76
22054 178
22054 96
22054 103
22054 106
22054 78
22054 88
21925 202
21925 159
21925 93
21925 83
21925 75
21925 36
21925 44
21925 194
21925 171
21925 101
21925 78
21925 59
21925 49
21925 28
21925 153
21925 66
21925 123
21925 95
21925 46
21925 106
21925 96
21925 183
21925 167
21925 173
21925 58
21925 174
21925 85
21925 115
21925 111
21925 158
21925 161
21925 82
21925 105
21925 166
21925 1
21925 9
21647 189
21647 56
21738 24
21738 86
21738 52
21738 21
21738 50
21738 10
21738 29
21738 75
21799 40
21799 59
21799 74
21799 0
21799 44
21799 11
21799 68
21799 3
21799 17
21799 41
21799 64
21799 19
21799 36
21799 57
21799 8
21799 61
21799 62
21799 28
21799 9
21799 22
21799 26
21799 43
21799 69
21799 2
21799 10
21799 75
21959 107
21959 50
21959 59
21959 76
21959 54
21959 138
21959 100
21959 34
21959 1
21959 56
21959 62
21959 41
21959 27
21959 82
21959 66
21959 43
21959 46
21959 39
21959 142
21959 91
21959 65
21959 18
21959 115
21959 29
21959 79
21959 132
21959 36
21959 87
21959 127
21959 20
21959 45
21959 28
21959 16
21959 14
21959 19
21959 4
21959 136
21959 35
21959 2
21959 109
21959 75
21959 85
21959 53
21959 93
21959 141
21445 172
21445 279
21445 304
21445 3
21445 10
21445 36
21445 57
21445 67
21445 184
21445 189
21445 210
21445 268
21445 30
21445 38
21445 65
21445 80
21445 4
21445 61
21445 66
21445 90
21445 128
21445 156
21445 276
21445 107
21445 79
21445 87
21445 123
21445 313
21445 34
21445 62
21445 68
21445 122
21445 127
21445 241
21891 223
21891 183
21891 156
21891 127
21891 161
21891 9
21891 136
21891 241
21891 231
21891 253
21891 251
21891 11
21891 190
21891 2
21891 250
21891 142
21891 230
21891 154
21891 115
21891 24
21891 128
21891 198
21891 55
21891 18
21891 65
21891 78
21891 108
21891 252
21891 131
21891 185
21891 196
21891 146
21891 257
21891 14
21891 181
21891 249
21891 151
21891 219
21891 217
21891 192
21891 27
21891 80
21891 120
21891 50
21891 73
21891 248
21891 182
21891 60
21891 21
21891 178
21891 211
21891 36
21891 162
21891 85
21891 188
21891 237
21891 17
21891 61
21891 197
21891 6
21891 43
21891 119
21891 83
21891 68
21891 72
21891 159
21891 212
21891 194
21891 122
21891 123
21891 87
21891 39
21891 235
21891 81
21891 41
21891 111
21891 155
21891 77
21891 70
21891 184
21891 23
21891 141
21891 213
21891 216
21891 233
22115 61
22115 54
21641 25
21641 0
21641 8
21641 14
21641 31
21641 11
21641 32
21641 34
21865 12
21865 31
21865 104
21865 175
21865 77
21813 51
21813 127
21813 58
21813 66
21813 113
21813 14
21813 54
21813 130
21813 78
21813 71
21813 59
21813 89
21813 106
21813 163
21813 64
21813 2
21813 162
21920 44
21920 50
21920 13
21920 9
21920 10
21920 61
21920 2
21920 20
21920 16
21920 5
21920 22
21920 34
21920 46
21920 37
21920 64
21920 31
21920 30
21920 35
21920 49
21920 8
21920 62
21920 39
21920 6
21920 65
21920 59
21732 17
21732 24
21484 6
21484 19
21746 16
21746 36
21746 39
21746 14
21746 3
21746 8
21746 7
21746 11
21746 30
21746 52
21746 33
21746 50
21746 19
21746 13
21746 17
21912 1
21912 51
21912 26
21912 18
21912 48
21912 49
21912 53
21912 10
21912 69
21912 50
21912 13
21912 35
21912 14
21912 38
22090 69
22090 51
22090 134
22090 52
22090 101
22090 135
22090 91
22090 138
22090 45
22090 90
22090 63
22090 18
22164 48
22164 196
22164 193
22164 90
22164 158
22164 107
22164 94
22164 5
22164 0
22164 61
22164 175
22164 80
22164 123
22164 178
22164 192
22164 68
22164 16
22164 79
22164 20
22164 177
22164 65
22164 70
22164 179
22164 35
22164 19
22164 51
22164 108
22164 174
22164 72
22164 32
22259 2
22006 18
22006 17
22006 0
22006 7
21888 50
21888 17
21888 35
21888 22
21888 55
21888 24
21888 66
21671 19
21671 23
21671 5
21671 1
21909 33
21909 5
21909 42
21909 1
21909 16
21909 55
21909 28
21909 14
21909 73
21909 57
21909 38
21909 4
21909 19
21909 75
21909 27
21909 43
21633 16
21633 21
21633 51
21633 58
21633 54
21633 28
21633 31
21633 45
21633 22
22141 119
22141 48
22141 55
22141 149
22141 57
22141 196
22141 140
22141 13
22141 7
22141 31
22141 106
22141 67
22141 141
22141 45
22141 44
22141 74
22141 182
22141 81
22141 85
22141 101
22141 173
22141 177
22141 129
22141 160
22141 181
22141 37
22141 16
21643 197
21643 204
21643 209
21643 21
21643 53
21643 138
21643 216
21643 0
21643 96
21643 169
21643 199
21643 13
21643 72
21643 144
21643 173
21643 118
21643 142
21643 2
21643 113
21643 139
21643 41
21643 153
21643 105
21643 26
21643 69
21643 165
21643 194
21643 83
21643 122
21643 163
21643 68
21643 180
21643 203
21808 8
22146 24
22146 40
22146 27
22146 0
22146 16
22146 6
22146 17
22146 19
22146 15
22146 12
22146 18
22146 2
22146 44
22146 42
22146 43
22146 25
22146 4
22146 33
22146 36
22146 28
21662 29
21701 2
21701 87
21701 94
21701 195
21701 11
21701 110
21701 142
21701 60
21701 79
21701 121
21701 202
21701 24
21701 51
21701 61
21701 97
21701 197
21701 208
21701 231
21701 7
21701 25
21701 109
21701 167
21701 13
21701 35
21701 132
21701 171
21701 173
21701 198
21701 64
21701 90
21701 169
21701 180
21701 225
21701 191
21701 201
21701 214
21701 1
21701 32
21701 239
21701 3
21701 5
21701 4
21701 138
21701 234
21701 161
21701 59
21701 246
21701 105
21701 156
21701 135
21701 150
21701 175
21701 186
21701 18
21701 203
21701 229
21701 248
21701 249
22131 55
22131 72
22131 79
22131 3
22131 58
22131 74
22131 67
22131 26
22131 35
22131 5
22131 50
22131 70
21638 2
21638 38
21638 91
21638 152
22233 6
22233 15
21623 97
21623 132
21623 167
21623 71
21623 81
21623 84
21623 93
21623 101
21623 109
21772 5
21772 13
21772 2
22162 44
22162 59
22162 30
22162 20
22162 66
22162 54
22162 29
22162 51
22162 35
22162 16
22162 46
22162 2
22162 13
22162 27
22162 19
22162 7
22162 49
22162 43
22162 40
22162 45
22162 67
22162 11
22162 0
22162 55
22162 9
21709 6
21709 12
21709 10
21709 13
21709 11
21709 14
22195 4
22195 9
22195 18
21540 10
21540 3
21540 8
21540 12
21667 198
21667 308
21667 316
21667 122
21667 132
21667 107
21667 8
21667 191
21667 230
21667 358
21667 163
21667 175
21667 192
21667 218
21667 280
21667 292
21667 274
21667 295
21667 327
21667 372
21667 385
21667 157
21667 205
21667 243
21667 357
21667 369
21667 387
21667 227
21667 105
21667 120
21667 133
21667 178
21667 256
21667 278
21667 281
21667 346
21667 29
21667 115
21667 128
21667 142
21667 152
21667 71
21667 84
21667 92
21667 94
21667 150
21667 121
21667 131
21667 139
21667 147
21667 17
21667 28
21667 89
21667 7
21667 35
21667 90
21667 251
21469 15
21469 14
21469 43
21469 56
21999 12
21999 2
21999 14
21999 9
21670 32
21670 0
21670 36
21670 10
21600 72
21600 80
21600 81
21600 46
21600 76
21600 8
21600 49
21600 33
21600 53
21600 69
21600 63
21600 30
21600 51
21600 78
21600 39
21600 37
21600 67
21600 77
21600 79
21600 87
21600 68
21600 4
21600 14
21600 44
21600 11
21600 85
21600 32
21662 19
21662 25
21662 45
21662 46
21662 20
21662 37
21662 28
21662 44
21662 77
22188 190
22188 168
22188 230
22188 148
22188 265
22188 194
22188 257
22188 38
22188 81
22188 184
22188 185
22188 100
22188 225
22188 43
22188 89
22188 35
22188 204
22188 99
22188 192
22188 53
22188 247
22188 274
22188 235
22188 133
22188 142
22188 217
22188 109
22188 147
22188 1
22188 27
22188 173
22188 59
22188 202
21555 296
21555 348
21555 430
21555 476
21555 525
21555 102
21555 175
21555 316
21555 333
21555 383
21555 80
21555 106
21555 115
21555 205
21555 309
21555 398
21555 420
21555 489
21555 376
21555 14
21555 42
21555 7
21555 99
21555 137
21555 142
21555 198
21555 334
21555 433
21555 13
21555 94
21555 122
21555 145
21555 234
21555 306
21555 400
21555 57
21555 324
21555 469
21555 51
21555 63
21555 123
21555 127
21555 230
21555 16
21555 118
21555 129
21555 227
21555 180
21555 307
21555 35
21555 96
21555 241
21555 291
21555 337
21555 464
21555 526
21555 32
21555 276
21555 284
21555 458
21555 41
21555 76
21555 114
21555 247
21555 140
21555 293
21555 397
21555 499
21555 12
21555 90
21555 113
21555 121
21555 190
21555 218
21818 4
21818 14
21818 22
21818 7
21818 18
21818 19
22247 2
22247 8
22247 0
22247 29
22247 24
22247 40
22247 46
21499 13
21499 0
21499 2
21499 5
21987 39
21987 249
21987 35
21987 256
21987 63
21987 125
21987 105
21987 49
21987 126
21987 4
21987 15
21987 172
21987 221
21987 165
21987 160
21987 238
21987 13
21987 177
21987 117
21541 203
21541 5
21541 15
21541 81
21541 93
21541 103
21541 104
21541 180
21541 148
21541 175
21541 75
21541 154
21541 6
21541 10
21541 13
21541 91
21541 173
21541 194
21541 100
21541 250
21541 252
21541 238
21541 97
21541 52
21541 178
21541 198
21541 201
21541 235
21541 169
21541 186
21541 202
21541 240
21826 6
21826 25
21826 0
21826 2
21826 20
21826 29
21826 3
21826 24
22269 24
22269 67
22269 78
21970 27
21970 9
21970 29
21970 69
21970 17
21970 62
21970 36
21970 13
21970 28
21970 39
21970 30
21970 3
21970 41
21970 40
21970 66
21970 14
21970 10
21970 70
21970 31
21970 60
21970 15
21970 32
21970 11
21796 8
21796 39
21796 54
21796 77
21796 100
21796 45
21796 24
21796 27
21796 44
21796 108
21796 113
21796 40
21796 68
21796 60
21926 36
21926 1
21461 7
21453 7
21453 0
21453 2
21495 42
21495 50
21495 59
21495 69
21495 32
21495 35
21495 38
21495 39
21495 41
21495 10
21495 20
21495 53
21495 74
21495 57
22061 13
22061 273
22061 175
22061 506
22061 504
22061 435
22061 446
22061 133
22061 210
22061 135
22061 545
22061 553
22061 334
22061 33
22061 200
22061 193
22061 395
22061 532
22061 64
22061 385
22061 107
22061 313
22061 110
22061 399
22061 451
22061 527
22061 185
22061 536
22061 317
22061 76
22061 404
22061 287
22061 243
22061 71
22061 3
22061 87
22061 554
22061 7
22061 316
22061 488
22061 54
22061 81
22061 197
22061 483
22061 125
22061 139
22061 321
22061 549
22061 309
22061 47
22061 218
22061 511
22061 128
22061 410
22061 6
22061 190
22061 375
22061 384
22061 82
22061 191
22061 473
22061 114
22061 453
22061 515
22061 113
21523 13
21523 32
22239 2
22239 8
22239 0
21972 202
21972 37
21972 20
21972 56
21972 51
21972 25
21972 83
21972 50
21972 4
21972 122
21972 252
21972 60
21972 130
21972 165
21972 112
21972 247
21972 44
21972 18
21972 253
21972 208
21972 120
21972 233
21972 194
21972 155
21972 80
21972 98
21972 127
21972 65
21972 195
21972 193
21972 106
21972 47
21972 137
21972 52
21972 185
21972 150
21972 226
21972 132
21972 27
21972 23
21972 181
21972 62
21972 201
21972 66
21972 197
21972 250
21972 1
21972 204
21972 146
21972 222
21972 245
21972 131
21972 163
21972 238
21972 184
21972 235
21972 220
21972 38
21972 117
21972 116
21972 216
21972 16
21972 257
21972 33
21972 179
21972 240
21972 159
21972 172
21972 123
21972 41
21972 2
21972 191
21972 206
21972 35
21972 145
21972 128
21972 32
21972 231
21972 91
21972 94
21972 22
21972 110
21972 176
21972 227
21972 133
21972 86
21972 149
21972 158
21667 172
21667 259
21667 168
21667 173
21667 258
21667 301
21667 355
21667 366
21667 322
21667 18
21667 50
21667 326
21667 10
21667 186
21667 188
21667 225
21667 249
21667 320
21667 39
21667 81
21667 134
21667 45
21667 60
21667 185
21667 204
21667 306
21667 313
21667 342
21667 206
21667 217
21667 390
21667 195
21667 209
21667 231
21667 271
21667 297
21667 66
21667 87
21667 104
21667 137
21667 48
21667 65
21667 16
21667 158
21667 68
21667 85
21667 114
21667 194
21667 165
21667 263
21667 293
21667 389
21667 229
21667 264
21667 367
21667 383
21667 384
21667 161
21667 336
21667 167
21667 174
21667 331
21667 370
21667 311
21667 339
21667 371
21667 376
21505 52
21505 67
21505 98
21505 183
21505 192
21505 18
21505 130
21505 210
21505 81
21505 103
21505 170
21505 27
21505 77
21505 117
21505 123
21505 168
21505 131
21505 139
21505 62
21505 82
21505 111
21505 102
21505 71
21505 100
21505 133
21505 149
21505 204
21505 84
21505 128
21505 4
21505 118
21505 150
21505 194
21505 203
21505 59
21505 60
21505 53
21505 209
21505 89
21505 99
21505 61
21505 91
21505 124
21505 142
21505 32
21505 145
21505 158
21505 12
21505 147
21505 40
21505 106
21505 129
21505 169
21505 177
21505 49
21505 143
21505 8
21505 108
21505 181
21505 206
21505 3
21505 5
21505 69
21505 208
21505 151
22195 0
22195 7
22195 13
22195 26
22195 17
22195 12
22195 16
21927 470
21927 82
21927 208
21927 157
21927 305
21927 279
21927 297
21927 270
21927 17
21927 155
21927 99
21927 201
21927 42
21927 43
21927 145
21927 115
21927 380
21927 454
21927 277
21927 474
21927 68
21927 148
21927 74
21927 414
21927 141
21927 352
21927 346
21927 7
21927 230
21927 13
21927 513
21927 300
21927 415
21927 392
21927 205
21927 63
21927 546
21927 170
21927 410
21927 384
21927 280
21927 491
21927 200
21927 507
21927 541
21927 290
21927 8
21927 54
21927 180
21927 34
21927 189
21927 338
21927 183
21927 510
21927 55
21927 168
21927 222
21927 134
21927 219
21927 319
21927 60
21927 247
21927 451
21927 79
21927 307
21927 207
21927 192
21927 240
21927 408
21927 419
21927 174
21927 116
21927 531
21927 473
21927 361
21927 83
21927 472
21927 418
21927 65
21927 137
21927 48
21927 379
21927 267
21927 504
21927 398
21927 426
21927 0
21927 121
21927 527
21927 494
21927 215
21927 242
21927 286
21927 187
21710 47
21868 55
21868 62
21868 7
21868 15
21868 23
21868 27
21868 43
21868 128
21868 54
21868 114
21868 26
21868 90
21868 96
21868 98
21868 104
21868 69
21868 78
21868 97
21868 100
21868 109
21868 137
21868 21
21868 122
21546 14
21546 26
21546 3
21546 18
21546 34
21546 19
21546 37
21546 17
21546 24
21546 10
21546 5
21546 13
21546 1
21546 2
21546 35
21784 60
21784 13
21784 16
21784 26
21784 73
21784 10
21784 18
21784 44
21784 20
21784 62
21784 21
21614 133
21614 136
21614 14
21614 42
21614 88
21614 103
21614 127
21614 31
21614 61
21614 100
21614 101
21614 145
21614 27
21614 83
21614 140
21614 30
22060 34
22060 46
22060 4
22060 8
22060 18
22060 44
22060 38
21551 12
21551 16
21551 11
21551 13
21551 14
21551 9
21551 0
22119 163
22119 213
22119 211
22119 325
22119 86
22119 248
22119 62
22119 30
22119 103
22119 85
22119 50
22119 166
22119 189
22119 128
22119 160
22119 271
22119 278
22119 39
22119 183
22119 251
22119 208
22119 162
22119 170
22119 342
22119 358
22119 149
22119 90
22119 289
22119 268
22119 326
22119 3
22119 252
22119 35
22119 258
22119 54
22119 205
22119 245
22119 9
22119 179
22119 178
22119 150
22119 61
22119 233
22119 255
22119 14
22119 180
22119 318
22119 239
22119 287
22119 188
22119 354
22119 279
22119 46
22119 18
22119 87
22119 92
22119 291
22119 269
22119 172
22119 331
22119 308
22119 361
22119 282
22119 257
22119 119
22119 32
22119 116
22119 313
22119 366
22119 69
22119 348
22119 10
22119 347
22119 357
22119 218
22119 109
22119 338
22119 259
22119 364
22119 82
22119 111
22119 256
22119 329
22119 107
22119 80
22119 142
22119 298
22119 345
22119 310
22119 370
22119 367
22119 232
22119 78
22119 276
22119 64
22119 277
22119 56
22119 285
22119 21
22119 127
22119 133
22119 272
22119 336
22119 265
22119 63
22119 11
22119 343
22119 8
22119 17
22119 148
22119 227
22119 29
22119 55
22119 311
22119 123
22119 126
22119 171
22119 42
22119 144
22119 57
22119 346
22119 182
22119 234
22119 101
22119 193
22119 102
22119 175
22119 296
22119 321
21687 7
21687 0
21670 21
21670 12
21670 15
21670 20
21670 19
21595 29
21595 30
21595 23
21595 5
21595 9
21595 10
22261 25
22261 44
22261 8
22261 22
22261 14
22261 16
22261 7
22261 32
22261 36
22144 25
22144 41
22144 47
22144 70
22144 27
22144 81
22144 28
22144 3
22144 15
22144 53
22144 65
22144 12
22144 79
22144 45
22144 34
22144 6
22144 85
22144 72
22144 52
22144 35
22144 7
22144 64
22144 66
22144 17
22144 31
22144 37
22144 50
22144 19
22144 38
22144 18
22144 74
22144 11
22144 44
21431 39
21431 96
21431 115
21431 35
21431 82
21431 112
21431 127
21431 15
21431 71
21431 81
21431 89
21431 10
21431 117
21431 63
21431 66
21431 18
21431 98
21431 107
21431 129
21431 38
21431 34
21431 43
21431 90
21431 17
21431 58
21431 105
21431 118
21431 9
21431 54
21431 47
21431 110
21431 119
21431 122
21431 125
21431 84
21431 104
21431 121
21431 20
21431 26
21431 60
21431 100
21431 102
21431 85
21431 101
22028 59
22028 63
22028 28
22028 69
22028 8
22028 70
22029 18
22029 29
22029 2
22029 39
22029 4
22029 16
22029 43
22029 44
22029 21
22029 40
22029 65
22029 20
22029 72
22029 58
22029 5
22029 62
22029 31
22029 26
22029 63
22029 30
22029 8
22029 68
21487 61
21487 81
21487 263
21487 9
21487 38
21487 83
21487 308
21487 316
21487 44
21487 110
21487 208
21487 241
21487 99
21487 24
21487 107
21487 113
21487 279
21487 351
21487 96
21487 105
21487 251
21487 292
21487 303
21487 304
21487 225
21487 2
21487 325
21487 14
21487 66
21487 70
21487 219
21487 299
21487 125
21487 234
21487 153
21487 267
21487 33
21948 155
21948 95
21948 100
21948 72
21948 58
21948 77
21948 46
21948 32
21948 33
21948 159
21948 107
21948 19
21948 57
21948 45
21948 146
21948 70
21948 64
21948 42
21948 36
21948 76
21948 24
21948 22
21948 140
21948 25
21948 29
21948 75
21948 62
21948 165
21948 152
21948 2
21948 136
21948 138
21948 112
21948 73
21948 158
21948 28
21948 55
21948 121
21948 102
21948 49
21948 63
21948 113
21948 109
21948 37
21948 79
21948 122
21948 82
21948 23
21948 87
21948 93
21948 108
21948 124
21995 142
21995 10
21995 39
21995 88
21995 51
21995 104
21995 11
21995 46
21995 21
21995 87
21995 112
21995 43
21995 146
21995 158
21995 184
21995 71
21995 77
21995 117
21995 123
21995 153
21995 35
21995 76
21995 181
21995 100
21995 107
21995 189
21995 161
21995 78
21995 168
21995 20
21995 32
21995 110
21995 72
21995 124
21995 19
21995 82
21995 165
21995 176
21995 113
21995 149
21995 50
21995 116
21995 80
21995 199
21995 105
21995 45
21995 201
21995 129
21995 177
21995 101
21995 148
21995 65
21995 54
21995 186
21995 22
21995 183
21995 99
21995 151
21995 57
21995 91
21995 8
21995 29
21995 7
21995 156
21995 55
21995 92
21995 191
21995 44
21995 136
21995 127
21995 122
21995 86
21995 157
21995 94
21995 108
21995 47
21995 25
21995 128
21995 109
21995 198
21995 137
21995 63
21995 36
21995 139
21995 13
21995 174
21995 0
21995 144
21995 143
21795 157
21795 159
21795 168
21795 77
21795 150
21795 174
21795 199
21795 39
21795 87
21795 193
21795 64
21795 107
21795 108
21795 156
21795 178
21795 184
21795 60
21795 76
21795 91
21795 93
21795 209
21795 223
21795 41
21795 48
21795 71
21795 104
21795 124
21795 154
21795 158
21795 286
21795 226
21795 0
21795 43
21795 57
21795 263
21795 30
21795 42
21795 155
21795 163
21795 259
21795 283
21795 288
21795 4
21795 8
21795 216
21795 242
21795 250
21795 269
21795 62
21795 119
21795 117
21795 122
21795 126
21795 128
21795 131
21795 49
21795 53
21795 66
21795 97
21584 5
21584 21
21584 32
21584 2
21584 29
21584 10
21584 20
21584 24
21584 15
21584 9
21584 17
21584 27
21472 89
21472 151
21472 172
21472 32
21472 54
21472 113
21472 192
21472 98
21472 105
21472 225
21472 43
21472 116
21472 120
21472 229
21472 29
21472 33
21472 90
21472 93
21472 40
21472 86
21472 133
21472 200
21472 41
21472 68
21472 138
21472 162
21472 206
21472 72
21472 217
21472 14
21472 52
21472 67
21472 110
21472 134
21472 28
21472 69
21472 153
21472 210
21472 64
21472 91
21472 175
21472 188
21472 22
21472 58
21472 106
21472 114
21472 131
21472 11
21472 129
21472 158
21472 163
21472 215
21472 227
21472 6
21472 75
21472 168
21472 182
21472 4
21472 117
21472 177
21472 209
21472 12
21472 15
21472 161
21472 174
21472 197
21472 123
21472 147
21472 186
21472 199
21472 204
21472 34
21472 57
21472 122
21472 135
21472 127
21472 224
21472 13
21472 65
21472 165
21472 193
22044 5
22044 0
22044 6
22044 19
22044 18
22044 23
22044 9
22044 10
22044 7
22100 86
22100 100
22100 216
22100 151
22100 181
22100 175
22100 205
22100 174
22100 19
22100 191
22100 268
22100 107
22100 258
22100 251
22100 32
22100 171
22100 155
22100 43
22100 128
22100 154
22100 196
22100 56
22100 252
22100 274
22100 121
22100 161
22100 166
22100 12
22100 60
22100 134
22100 160
22100 243
22100 46
22100 167
22100 157
21697 22
21697 26
21697 24
21697 47
21697 74
21697 86
21697 18
21697 31
21697 53
21697 81
21697 89
21697 10
21697 73
21598 13
21598 19
21598 31
21598 63
21598 12
21598 23
21598 79
21598 42
21598 58
21598 54
21598 64
21666 36
21666 3
21666 9
21666 10
21666 38
21666 12
21666 4
21666 25
21666 6
21666 27
21666 41
21666 47
21706 52
21706 176
21706 256
21706 263
21706 10
21706 327
21706 353
21706 401
21706 406
21706 410
21706 77
21706 111
21706 113
21706 1
21706 59
21706 79
21706 107
21706 125
21706 94
21706 370
21706 380
21706 101
21706 195
21706 241
21706 284
21706 288
21706 427
21706 359
21706 287
21706 211
21706 351
21706 415
21706 422
21706 138
21706 453
21706 64
21706 75
21706 104
21706 231
21706 254
21706 338
21706 366
21706 397
21706 315
21706 336
21706 342
21706 346
21706 426
21706 368
21706 425
21706 130
21706 192
21706 116
21706 165
21706 200
21706 361
21706 382
21706 449
21706 457
21706 436
21706 18
21706 68
21706 162
21706 188
21706 193
21706 224
21706 257
21706 266
21706 304
21706 394
21706 396
21706 433
21706 150
21706 32
21706 170
21706 194
21706 317
21706 322
21706 445
21706 331
21706 348
21706 432
21706 417
21706 212
21706 49
21706 323
21706 325
21706 337
21706 377
21706 56
21706 58
21706 156
21706 90
21706 91
21706 198
21706 223
21706 230
21706 269
21706 347
21706 362
21706 398
21706 115
21706 109
21706 179
21706 296
21706 373
21706 37
21706 48
22090 80
22090 84
22090 109
22090 0
22090 14
22090 167
22090 42
22090 28
22090 73
22090 83
22090 21
22090 41
22090 40
22090 124
22090 147
22090 143
22090 74
22090 117
21460 58
21460 49
21460 80
21460 16
21460 24
21460 25
21460 105
21428 74
21428 105
21428 284
21428 322
21428 343
21428 71
21428 209
21428 251
21428 261
21428 166
21428 226
21428 319
21428 15
21428 45
21428 94
21428 168
21428 278
21428 309
21428 156
21428 175
21428 200
21428 237
21428 20
21428 69
21428 104
21428 144
21428 122
21428 164
21428 254
21428 52
21428 161
21428 176
21428 177
21428 304
21428 128
21428 133
21428 181
21428 329
21428 134
21428 187
21428 219
21428 286
21428 92
21428 115
21428 203
21428 38
21428 108
21428 145
21428 247
21428 185
21428 211
21428 234
21428 291
21438 13
22252 431
22252 250
22252 110
22252 275
22252 428
22252 342
22252 128
22252 408
22252 93
22252 383
22252 216
22252 313
22252 195
22252 287
22252 21
22252 339
22252 458
22252 248
22252 141
22252 14
22252 380
22252 324
22252 31
22252 311
22252 392
22252 398
22252 18
22252 75
22252 134
22252 98
22252 137
22252 371
22252 42
22252 397
22252 163
22252 402
22252 78
22252 3
22252 222
22252 168
22252 289
22252 386
22252 423
22252 40
22252 136
22252 92
22252 332
22252 437
22252 352
22252 270
22252 249
22252 269
22252 26
22252 139
22252 186
22252 405
22252 419
22252 375
22252 241
22252 228
22252 58
22252 89
22252 238
22252 50
22252 265
21554 85
21554 119
21554 140
21554 138
21554 159
21554 66
21554 118
21554 152
21554 61
21554 124
21554 141
21554 68
21554 96
21554 164
21554 60
21554 116
21554 139
21554 148
21554 71
21554 93
21554 165
21554 131
21554 125
21554 147
21554 133
21554 28
21554 8
21554 35
21554 75
21554 86
21554 154
21554 58
21554 59
21554 90
21554 50
21554 109
21554 163
21554 146
21554 63
21554 155
21554 158
21554 4
21554 40
21554 46
21554 49
21554 77
21554 117
21554 24
21554 36
21554 1
21554 21
21703 5
21703 0
22168 206
22168 33
22168 181
22168 232
22168 237
22168 138
22168 265
22168 208
22168 235
22168 10
22168 160
22168 63
22168 1
22168 212
22168 89
22168 236
22168 113
22168 28
22168 146
22168 69
22168 15
22168 29
22168 86
22168 102
22168 80
22168 238
22168 38
22168 83
22168 153
22168 57
22168 95
22168 198
22168 253
22168 194
22168 67
22168 5
22168 187
22168 154
22168 227
22168 180
21697 45
21697 51
21697 49
21697 61
21697 83
21697 37
21697 41
21697 52
21697 65
21697 16
21697 27
21697 46
21697 29
21697 69
21697 76
21697 88
21697 12
21697 15
21697 56
21697 57
21644 12
21644 0
22248 38
22248 23
22248 266
22248 298
22248 89
22248 188
22248 332
22248 142
22248 35
22248 91
22248 209
22248 179
22248 110
22248 372
22248 297
22248 253
22248 320
22248 191
22248 117
22248 3
22248 397
22248 200
22248 364
22248 96
22248 226
22248 291
22248 54
22248 363
22248 184
22248 359
22248 243
22248 239
22248 157
22248 445
22248 217
22248 277
22248 82
22248 118
22248 177
22248 104
22248 13
22248 303
22248 159
22248 381
22248 356
22248 171
22248 165
22248 346
22248 362
22248 124
22248 419
22248 199
22248 341
22248 262
22248 24
22248 25
22248 74
22248 402
22248 272
22248 344
22248 275
22248 134
22248 311
22248 384
22248 112
22248 329
22248 31
22248 203
22248 93
22248 204
22248 280
22248 242
22248 231
22248 357
22248 116
22248 223
22248 10
22248 19
22248 143
22248 80
22248 75
22248 9
22248 237
22248 68
22248 194
22248 7
22248 333
22248 423
22248 395
22248 442
22248 202
22248 437
22248 345
22248 33
22248 52
22248 108
22248 235
22248 412
22248 315
22248 135
22248 26
22248 261
22248 375
22248 376
22248 21
22248 387
22248 300
22248 215
22248 281
22248 337
22248 358
22248 308
22248 94
22248 316
22248 60
22248 371
22248 447
22248 43
22248 61
22248 137
22248 182
22248 336
22248 405
22248 65
22248 393
22248 8
22248 15
22248 47
22248 145
22248 57
22248 432
22248 67
22248 1
22248 321
22248 348
22248 164
22248 183
22248 28
22248 58
22248 420
22248 125
22248 391
22248 290
22248 334
22248 350
22248 450
22248 55
22248 427
22248 390
22248 406
22248 229
22248 147
22248 213
22248 144
22248 288
22248 260
22090 47
22090 163
22090 125
22090 158
22090 56
22090 114
22090 57
21651 104
21651 52
21651 45
21651 11
21651 50
21651 23
21651 33
21651 37
21651 38
21651 24
21651 9
21651 10
21651 28
21651 36
21651 65
21699 4
21699 10
21699 151
21699 67
21699 82
21699 113
21699 449
21699 42
21699 178
21699 425
21699 352
21699 366
21699 433
21699 557
21699 473
21699 580
21699 559
21699 326
21699 363
21699 450
21699 485
21699 424
21699 445
21699 498
21699 189
21699 231
21699 298
21699 364
21699 0
21699 37
21699 71
21699 327
21699 377
21699 43
21699 208
21699 458
21699 47
21699 140
21699 344
21699 538
21699 5
21699 300
21699 257
21699 259
21699 307
21699 335
21699 395
21699 426
21699 459
21699 27
21699 367
21699 524
21699 303
21699 312
21699 527
21699 539
21699 3
21699 244
21699 332
21699 480
21699 565
21699 338
21699 239
21699 526
21699 530
21699 6
21699 17
21699 19
21699 92
21699 252
21699 523
21699 487
21699 514
21699 516
21699 368
21699 387
21699 446
21699 562
21699 287
21699 35
21699 129
21699 22
21699 542
21699 572
21699 577
21699 155
21699 167
21699 461
21699 177
21699 411
21699 442
21699 32
21699 294
21699 316
21699 337
21699 137
21699 148
21699 163
21699 226
21699 301
21699 308
21699 386
21699 101
21699 274
21699 479
21699 482
21699 46
21699 89
21699 339
21699 164
21699 281
21699 384
21699 126
21699 284
21699 414
21699 187
21699 347
21699 394
21699 457
21699 379
21699 418
21699 478
21699 499
21699 522
21699 402
21699 441
21699 444
21699 182
21699 355
21699 490
21699 121
21699 225
21699 233
21699 57
21699 130
21699 139
21699 184
21699 313
21699 358
21699 408
21699 466
21699 323
21699 346
21699 403
21699 62
21699 98
21699 146
21699 174
21699 197
21699 341
21699 382
21699 460
21699 175
21699 158
21699 95
21699 180
21699 432
21699 106
21699 160
21699 169
21699 93
21699 94
21699 215
21699 436
21699 85
21699 99
21699 250
21699 362
21699 563
21699 87
21699 199
21699 291
21699 328
21699 343
21699 500
21699 569
21699 329
21699 54
21699 345
21699 545
21699 556
21699 9
21699 204
21699 206
21699 551
21699 154
21699 56
21699 69
21699 131
21699 83
21699 133
21699 510
21699 186
21699 241
21699 417
21699 525
21958 59
21958 47
21958 44
21958 85
21958 37
21958 15
21958 70
21958 66
21958 67
21958 57
21958 12
21958 17
21780 1
22255 4
21674 40
21674 39
21674 51
21674 65
21674 57
21674 63
21674 23
21674 64
21674 20
21674 26
21674 52
21674 6
21674 12
21615 21
21615 75
21615 40
21615 65
21615 11
21615 57
21465 42
21465 9
21465 8
21465 14
21465 44
21465 1
21465 33
21465 16
21465 31
21465 28
21465 43
21465 3
21750 35
21750 40
21750 36
21750 0
21750 24
21750 28
21750 17
21750 14
21750 37
21750 33
21750 27
21750 16
21750 39
21600 43
21600 84
21600 1
21600 12
21600 65
21600 0
21600 74
21600 9
21600 15
21600 45
22045 79
22045 40
22045 16
22045 160
22045 59
22045 75
22045 46
22045 117
22045 173
22045 47
22045 99
22045 19
22045 15
22045 168
22045 11
22045 127
22045 126
22045 102
22045 85
22045 132
22045 34
22045 133
22045 156
22045 140
22045 166
22045 136
22045 37
22045 43
22045 57
22045 78
22045 5
22045 125
22045 13
22045 9
22045 92
22045 4
22045 176
22045 35
22045 98
22045 154
22045 83
22045 112
22045 23
22045 130
22045 161
22045 157
22045 149
22045 147
22045 120
22045 69
22045 28
22045 32
22045 12
22045 44
22045 100
22045 91
22045 114
22045 119
22261 30
22261 47
22083 33
22083 66
22083 37
22083 81
22083 29
22083 19
22083 36
22083 16
22083 40
22083 80
22083 68
22083 70
22083 48
21585 102
21585 123
21585 129
21585 142
21585 165
21585 75
21585 76
21585 152
21585 83
21585 28
21585 159
21585 32
21585 114
21585 138
21585 166
21585 5
21585 6
21585 61
21585 94
21585 4
21585 48
21585 107
21585 143
21585 164
21585 38
21585 68
21588 12
21588 1
21588 38
21588 30
21588 53
21588 43
21588 5
21588 36
21588 37
21588 14
21588 25
21588 45
21588 29
21588 32
21588 7
21588 40
21588 6
21588 47
21588 54
21528 12
21528 23
21528 51
21528 26
21528 29
21729 23
21729 195
21729 16
21729 20
21729 22
21729 204
21729 87
21729 107
21729 205
21729 217
21729 177
21729 66
21729 116
21729 19
21729 169
21729 24
22245 0
21663 15
21663 176
21663 8
21663 36
21663 40
21663 67
21663 38
21663 120
21663 123
21663 143
21663 160
21663 104
21663 139
21663 140
21663 196
21663 60
21776 79
21776 103
21776 284
21776 62
21776 109
21776 194
21776 243
21776 256
21776 330
21776 573
21776 55
21776 143
21776 420
21776 442
21776 52
21776 159
21776 191
21776 502
21776 123
21776 246
21776 443
21776 519
21776 533
21776 44
21776 594
21776 13
21776 29
21776 50
21776 15
21776 100
21776 126
21776 345
21776 600
21776 293
21776 2
21776 5
21776 437
21776 566
21776 424
21776 295
21776 142
21776 319
21776 512
21776 245
21776 263
21776 326
21776 480
21776 485
21776 139
21776 237
21776 479
21776 95
21776 383
21776 496
21776 521
21776 131
21776 332
21776 134
21776 292
21776 39
21776 348
21776 486
22073 124
22073 61
22073 107
22073 129
22073 31
22073 146
22073 53
22073 63
22073 14
22073 111
21921 34
21921 98
21921 46
21921 54
21921 94
21921 52
21921 31
21921 70
21921 58
21960 25
21960 56
21960 47
21960 4
21960 74
21960 58
21960 64
21546 20
21546 0
21546 12
21546 23
21546 38
21546 32
21546 22
21546 30
21889 130
21889 72
21889 64
21889 123
21889 104
21889 121
21889 34
21889 120
21889 141
21889 73
21889 15
21889 107
21889 35
21889 13
21889 56
21889 31
21889 89
21889 91
21889 43
21889 109
21889 70
21889 41
21889 78
21889 21
21889 63
21889 12
21889 59
21889 62
21889 69
21491 2
21491 84
21491 100
21491 116
21491 46
21491 62
21491 98
21491 111
21491 123
21491 8
21491 58
21491 96
21491 112
21491 33
21491 53
21491 67
21491 103
21491 37
21491 14
21491 34
21491 122
21491 29
21491 60
21491 110
21491 50
21842 28
21842 110
21842 166
21842 118
21842 139
21842 126
21842 168
21842 38
21842 48
21842 111
21842 154
21842 150
21842 97
21842 175
22183 36
22183 130
22183 62
22183 125
22183 17
22183 63
22183 112
22183 98
22183 123
22183 46
22183 89
22183 45
22183 43
22183 141
22183 20
22183 81
22183 32
22183 79
22183 67
22108 33
22108 6
22108 8
22108 30
22108 15
22108 20
22108 27
22108 12
22108 1
22108 26
22108 34
22108 21
22108 14
22108 10
22108 5
22108 4
21550 23
21550 40
21550 90
21550 138
21550 180
21550 55
21550 155
21550 177
21550 189
21550 6
21550 60
21550 184
21550 196
21550 14
21550 47
21550 86
21550 182
21550 83
21550 108
21550 153
21550 198
21550 48
21550 139
21550 158
21550 1
21550 87
21550 119
21550 151
21550 105
21550 117
21550 143
21550 160
21550 20
21550 38
21550 52
21550 127
21550 34
21550 43
21550 44
21550 81
21550 169
21550 28
21550 100
21550 134
21550 135
21550 149
21550 199
21550 4
21550 26
21550 97
21550 101
22014 51
22014 39
22014 29
22014 72
22014 68
22014 40
22014 67
22014 19
22014 0
21809 101
21809 138
21809 89
21809 100
21809 105
21809 42
21809 43
21809 98
21809 115
21809 3
21809 40
21809 97
21809 122
21809 125
21809 161
21809 146
21809 65
21809 96
21809 49
21796 1
21796 19
21796 106
21796 123
21796 15
21796 47
21796 85
21796 18
21796 21
21796 12
21796 28
21796 67
21796 72
21796 74
21796 101
21796 9
21796 13
21796 26
21796 98
21796 78
21796 35
21796 50
21796 86
21796 87
21796 107
22043 458
22043 51
22043 155
22043 24
22043 174
22043 424
22043 258
22043 437
22043 468
22043 455
22043 301
22043 448
22043 171
22043 202
22043 434
22043 124
22043 507
22043 205
22043 425
22043 479
22043 505
22043 492
22043 472
22043 489
22043 408
22043 286
22043 56
22043 363
22043 536
22043 521
22043 515
22043 195
22043 346
22043 92
22043 432
22043 459
22043 30
22043 78
22043 440
22043 304
22043 59
22043 87
22043 445
22043 483
22043 353
22043 544
22043 9
22043 270
22043 149
22043 55
22043 367
22043 533
22043 89
22043 5
22043 283
22043 27
22043 473
21525 52
21525 95
21525 99
21525 10
21525 45
21525 98
21525 1
21525 83
21525 101
21525 108
21525 129
22021 185
22021 176
22021 38
22021 83
22021 91
21587 0
21587 1
21587 16
21587 10
21587 14
22118 19
22118 21
22118 45
22118 25
22118 47
22118 32
22118 28
22118 26
22118 54
22118 22
22118 44
22045 52
22045 41
22045 62
22045 128
22045 107
22045 76
22045 51
22045 135
22045 122
22045 6
22045 172
22045 1
22045 20
22045 170
22045 64
22045 163
22045 115
22045 49
22045 86
21743 25
21743 44
21743 18
21743 20
21743 54
21743 3
21743 22
21743 89
21743 53
21743 69
21743 59
21743 63
21743 64
21743 80
21743 49
21743 38
21743 47
21743 36
21743 45
21728 72
21728 87
21728 145
21728 181
21728 220
21728 126
21728 199
21728 277
21728 112
21728 211
21728 46
21728 149
21728 177
21728 196
21728 278
21728 51
21728 66
21728 240
21728 247
21728 253
21728 268
21728 201
21728 147
21728 270
21728 130
21728 133
21728 193
21728 261
21728 1
21728 84
21728 105
21728 223
21728 254
21728 16
21728 26
21728 97
21728 113
21728 236
21728 287
21728 21
21728 79
21728 140
21728 185
21728 191
21728 3
21728 59
21728 73
21728 77
21728 156
21728 204
21728 7
21728 169
21728 200
21728 238
21728 263
21728 85
21728 110
21728 6
21728 58
21728 118
21728 123
21728 221
21728 83
21728 166
21728 280
21728 34
21728 116
21728 148
21728 262
21728 267
21728 90
21728 114
21728 217
21728 241
21853 9
21853 0
21853 5
21853 8
21853 19
21853 6
21782 39
21782 87
21432 9
21432 17
21432 23
21432 59
21432 18
21432 19
21432 37
21432 32
21432 5
21432 13
21432 62
21432 81
21432 57
21432 73
21432 8
21432 45
21432 28
21432 40
21432 48
21432 74
22121 42
21850 80
21850 128
21850 42
21850 44
21850 60
21850 79
21850 48
21850 129
21850 3
21850 130
21818 24
21818 21
21818 10
21818 13
21818 5
21818 3
21818 11
21818 15
21888 43
21888 76
21888 3
21888 11
21888 85
21888 29
21888 40
21888 47
21888 38
21888 2
21888 19
21888 42
21888 39
21888 65
21888 70
21888 80
21888 51
21888 10
21888 68
21888 30
21888 59
21888 41
21888 8
21888 6
21888 32
21888 12
21888 75
21888 14
21888 54
21888 62
21888 74
21888 64
21848 466
21848 480
21848 543
21848 6
21848 160
21848 166
21848 8
21848 202
21848 256
21848 287
21848 223
21848 219
21848 497
21848 182
21848 184
21848 110
21848 542
21848 21
21848 178
21848 131
21848 265
21848 71
21848 170
21848 67
21848 43
21848 358
21848 407
21848 415
21848 463
21848 541
21848 405
21848 432
21848 515
21848 426
21848 211
21848 233
21848 390
21848 433
21848 44
21848 167
21848 35
21848 102
21848 331
21848 113
21848 389
21848 437
21848 522
21848 333
21848 177
21848 34
21848 4
21848 137
21848 143
21848 207
21848 224
21848 435
21848 448
21848 473
21848 482
21848 153
21848 247
21848 5
21848 468
21848 499
21848 512
21848 513
21848 546
21848 281
21848 1
21848 309
21848 17
21848 282
21848 305
21848 79
21848 306
21848 304
21848 95
21848 51
21848 132
21848 518
21848 142
21848 186
21848 197
21848 330
21848 7
21848 123
21848 493
21848 235
21848 299
21848 321
21848 73
21848 31
21848 149
21848 255
21848 258
21848 267
21848 292
21848 315
21848 209
21848 133
21848 162
21848 105
21848 195
21848 228
21848 348
21848 357
21848 391
21848 502
21848 545
21848 210
21848 81
21848 78
21848 176
21848 313
21848 109
21848 259
21848 397
21848 422
21848 469
21848 498
21848 528
21848 138
21848 189
21848 9
21848 49
21848 96
21848 106
21848 204
21848 260
21848 339
21848 347
21848 349
21848 412
21848 273
21848 148
21848 335
21848 388
21848 520
21848 537
21848 316
21848 69
21848 75
21848 188
21848 300
21848 45
21848 32
21848 37
21848 56
21848 62
21848 84
21848 140
21848 314
21848 366
21848 367
21848 380
21848 396
21848 464
21848 487
21848 251
21848 383
21848 443
21848 476
21848 481
21848 486
21848 205
21848 14
21848 125
21848 0
21848 203
21848 328
21848 329
21848 370
21848 377
21848 392
21848 421
21848 446
21848 489
21848 534
21848 462
21848 59
21752 33
21752 58
21752 68
21752 70
21752 77
21752 78
21752 2
21752 3
21752 59
21752 44
21752 32
21752 63
21752 40
21752 1
21752 41
21752 65
21731 13
21731 31
21731 38
21731 78
21731 84
21731 40
21688 300
21688 227
21688 260
21688 266
21688 34
21688 64
21688 167
21688 170
21688 212
21974 20
21974 476
21974 376
21974 96
21974 24
21974 318
21974 530
21974 467
21974 432
21974 222
21974 375
21974 239
21974 331
21974 374
21974 97
21974 141
21974 355
21974 212
21974 393
21974 382
21974 248
21974 196
21974 499
21974 485
21838 47
22002 89
22002 398
22002 492
22002 465
22002 300
22002 177
22002 254
22002 62
22002 447
22002 433
22002 337
22002 107
22002 304
22002 261
22002 226
22002 78
22002 118
22002 123
22002 112
22002 173
22002 484
22002 468
22002 378
22002 501
22002 153
22002 181
22002 215
22002 218
22002 403
22002 519
22002 387
22002 333
22002 483
22002 31
22002 28
22002 202
22002 111
22002 245
22002 351
22002 427
22002 521
22002 389
22002 74
22002 460
22002 301
22002 249
22002 290
22002 516
22002 354
22002 485
22002 224
22002 258
22002 3
22002 271
22002 445
22002 370
22002 396
22002 18
22002 430
22002 277
22002 436
22002 140
22002 380
22002 390
22002 126
22002 81
22002 312
22002 356
22002 325
22002 34
22002 509
22002 239
22002 174
22002 317
22002 319
22002 342
22002 417
22002 198
22002 296
22002 328
22002 477
22002 379
22002 283
22002 82
22002 132
22002 234
22002 143
22002 288
22002 161
22002 365
22002 297
22002 211
22002 491
22002 36
22002 270
22002 229
22002 252
22002 26
22002 362
22002 88
21835 1
21835 10
21835 14
21835 17
21449 18
21449 11
21449 2
21449 6
21449 9
21449 8
21895 69
21895 388
21895 289
21895 97
21895 446
21895 239
21895 457
21895 99
21895 337
21895 161
21895 307
21895 420
21895 555
21895 4
21895 413
21895 75
21895 511
21895 45
21895 162
21895 348
21895 344
21895 38
21895 284
21895 210
21895 68
21895 296
21895 403
21895 269
21895 179
21895 326
21895 204
21895 22
21895 380
21895 199
21895 267
21895 102
21895 129
21895 389
21895 278
21895 482
21895 216
21895 439
21895 385
21895 198
21895 458
21895 52
21895 163
21895 435
21895 31
21895 304
21895 20
21895 520
21895 551
21895 444
21895 226
21895 319
21895 347
21895 501
21895 13
21895 298
21895 465
21895 540
21895 223
21895 404
21895 387
21895 218
21895 321
21895 279
21895 90
21895 314
21895 432
21895 21
21895 370
21895 392
21895 202
21895 273
21895 3
21895 428
21895 48
21895 368
21895 376
21895 516
21895 57
21895 25
21895 114
21895 24
21895 282
21895 285
21895 221
21895 562
21895 488
21895 395
21895 183
21895 561
21895 141
21895 513
21895 546
21895 206
21895 405
21895 311
21895 415
21895 175
21895 252
21895 543
21895 215
21895 383
21895 23
21895 466
21895 422
21895 381
21895 156
21895 396
21895 349
21895 503
21895 330
21895 537
21895 291
21895 467
21895 401
21895 320
21895 497
21895 265
21895 360
21895 431
21895 167
21895 343
21895 530
21895 305
21895 158
21895 542
21895 386
21895 535
21895 553
21895 407
21895 438
21895 83
21895 418
21895 489
21895 471
21895 110
21895 253
21895 351
21895 372
21895 336
21895 121
21895 328
21895 192
21895 477
21895 219
21895 249
21895 77
21895 318
21895 251
21895 283
21895 157
21895 524
21895 302
21895 133
21895 42
21895 8
21895 397
21895 54
21895 214
21895 76
21895 30
21895 186
21895 382
21895 170
21895 469
21895 247
21895 495
21895 451
21895 352
21895 290
21895 366
21895 442
21895 459
21895 27
21895 94
21895 345
21895 195
21895 353
21895 437
21895 65
21895 44
21895 461
21895 342
21584 6
21584 12
21584 19
21930 7
21930 5
21930 13
21930 4
21930 10
21930 11
22239 6
21970 4
21970 48
21970 46
21970 55
21970 26
21970 58
21970 67
22132 53
22132 17
22132 48
22132 2
22132 64
22132 19
22132 31
22132 22
22132 54
22132 47
22132 66
22132 71
22132 29
22132 65
22132 14
22132 62
22132 40
22132 12
22132 42
22132 26
22132 20
22132 35
22132 28
22132 76
22132 46
22132 61
22132 56
21425 5
21425 2
21425 17
21425 9
21425 14
21425 20
22006 14
22006 10
22006 30
22006 6
22006 23
22006 9
22006 5
22259 19
22259 17
22259 58
22259 4
22259 56
22259 42
22259 18
21611 75
21611 18
22166 3
22166 6
21927 261
21927 101
21927 477
21873 35
21873 21
21873 4
21873 37
21873 9
21873 15
21923 15
21923 65
21923 107
21923 97
21923 9
21923 69
21923 43
21923 82
21923 139
21923 88
21923 141
21923 27
21923 60
21923 121
21923 19
21927 202
21927 450
21927 461
21927 84
21927 162
21927 142
21927 329
21927 197
21927 269
21927 181
21927 293
21927 391
21927 78
21927 524
21927 366
21927 119
21927 104
21927 125
21927 224
21927 478
21927 95
21927 102
21927 421
21927 445
21927 367
21927 404
21927 249
21927 164
21927 530
21927 234
21927 143
21927 331
21927 26
21927 147
22006 3
22006 1
22006 15
22006 11
22006 16
22006 25
22006 35
22006 29
21510 41
21510 130
21510 230
21510 358
21510 400
21510 317
21510 91
21510 319
21510 34
21510 167
21510 350
21510 105
21510 116
21510 224
21510 373
21510 170
21510 178
21510 273
21510 343
21510 237
21510 122
21510 173
21510 223
21510 281
21510 406
21510 409
21510 416
21510 372
21510 61
21510 214
21510 257
21510 11
21510 44
21510 145
21510 7
21510 60
21510 305
21510 403
21510 531
21510 558
21510 98
21510 106
21510 260
21510 308
21510 380
21510 514
21510 529
21510 556
21510 435
21510 446
21510 491
21510 544
21510 2
21510 37
21510 193
21510 258
21510 401
21510 82
21510 288
21510 422
21510 468
21510 470
21510 526
21510 253
21510 298
21510 31
21510 314
21510 322
21510 374
21510 384
21510 394
21510 77
21510 123
21510 310
21510 439
21510 454
21510 505
21510 533
21510 557
21737 15
21737 11
21737 25
21737 19
21737 6
21737 12
21737 0
21942 0
21942 2
21942 14
21620 50
21620 66
21739 2
21739 4
21592 95
21592 147
21592 151
21592 153
21592 154
21592 157
21592 102
21592 115
21592 121
21592 139
21592 159
21592 45
21592 87
21592 63
21592 134
21592 14
21592 30
21592 113
21592 156
21592 6
21592 51
21592 96
21592 144
21592 152
21592 48
21592 11
21592 67
21592 129
21592 83
21592 91
21592 64
21592 107
21592 133
21592 176
21468 65
21468 67
21468 201
21468 310
21468 517
21468 534
21468 544
21468 130
21468 228
21468 379
21468 536
21468 539
21468 548
21468 61
21468 123
21468 191
21468 293
21468 340
21468 145
21468 169
21468 173
21468 220
21468 392
21468 405
21468 64
21468 149
21468 280
21468 312
21468 137
21468 185
21468 212
21468 219
21468 265
21468 88
21468 319
21468 344
21468 425
21468 24
21468 290
21468 387
21468 431
21468 63
21468 196
21468 253
21468 363
21468 388
21468 48
21468 131
21468 283
21468 306
21468 308
21468 345
21468 98
21468 129
21468 262
21468 332
21468 367
21468 402
21468 60
21468 99
21468 245
21468 282
21468 316
21468 508
21468 510
21468 472
21468 487
21468 522
21468 180
21468 230
21468 249
21468 327
21468 369
21468 436
21468 456
21468 45
21468 200
21468 217
21468 424
21468 428
21468 514
21468 551
21468 2
21468 78
21468 264
21468 397
21468 36
21468 360
21468 403
21468 418
21468 429
21468 6
21468 258
21468 309
21468 376
21468 400
21468 92
21468 236
21468 393
21468 444
21468 454
21468 460
21468 51
21468 223
21468 331
21468 408
21468 77
21468 113
21468 209
21468 221
21468 427
21468 84
21468 160
21468 179
21468 184
21468 407
21468 478
21468 488
21468 25
21468 52
21468 213
21468 336
21780 25
21780 9
21780 30
21780 4
21780 13
21780 32
21780 14
21780 33
21780 24
21780 36
21780 15
21780 23
22027 8
22027 7
22027 13
22027 22
22027 0
22027 10
22067 18
22067 32
22067 63
22067 77
22067 84
22067 62
22067 60
22067 42
22067 0
22067 24
22067 57
22067 7
22067 38
22067 55
22067 74
22067 29
22067 36
21907 30
21907 36
21907 27
21907 20
21907 45
21907 50
21907 57
21907 29
21907 14
21907 1
21973 27
21973 75
21973 114
21973 113
21973 85
21973 9
21973 10
21973 3
21973 21
21973 105
21973 19
21973 8
21973 16
21973 1
21973 110
21916 435
21916 292
21916 92
21916 289
21916 148
21916 413
21916 210
21916 225
21916 255
21916 262
21636 20
21636 6
21636 1
21815 17
21815 323
21815 83
21815 19
21815 26
21815 277
21815 473
21815 498
21815 84
21815 227
21815 300
21815 321
21815 310
21815 238
21815 164
21815 366
21815 229
21815 516
21815 87
21815 112
21815 115
21815 254
21815 299
21815 340
21815 539
21815 505
21815 514
21815 548
21815 186
21815 67
21815 156
21815 162
21815 348
21815 322
21815 393
21815 43
21815 65
21815 305
21815 407
21815 88
21815 157
21815 160
21815 181
21815 60
21815 2
21815 215
21815 249
21815 352
21815 384
21815 145
21815 208
21815 289
21815 306
21815 184
21815 394
21815 519
21815 533
21815 418
21815 458
21815 159
21815 174
21815 494
21815 530
21815 15
21815 39
21815 51
21815 53
21815 466
21815 13
21815 273
21815 140
21815 86
21815 3
21815 33
21815 96
21815 150
21815 163
21815 474
21815 101
21815 107
21815 190
21815 237
21815 246
21815 292
21815 5
21815 76
21815 80
21815 243
21815 332
21815 9
21815 120
21815 436
21815 136
21815 221
21815 268
21815 309
21815 335
21815 347
21815 253
21815 314
21815 331
21815 381
21815 16
21815 40
21815 49
21815 125
21815 467
21815 453
21815 463
21815 223
21815 271
21815 364
21815 391
21815 50
21815 132
21815 111
21815 291
21815 298
21815 409
21815 430
21815 451
21815 143
21815 214
21815 216
21815 294
21815 77
21815 241
21815 287
21815 293
21815 325
21815 339
21815 242
21815 207
21815 130
21815 337
21815 378
21815 499
21815 513
21815 70
21815 79
21815 166
21815 261
21815 275
21815 144
21815 421
21815 475
21815 479
21815 104
21815 357
21815 404
21815 34
21815 1
21815 400
21815 405
21815 11
21815 185
21815 245
21815 538
21815 173
21815 248
21815 350
21815 375
21815 103
21815 252
21815 138
21815 351
21815 462
21815 182
21815 212
21815 383
21815 543
21815 544
21815 133
21815 217
21815 233
21815 270
21815 278
21815 316
21815 429
21815 541
21815 41
21815 91
21815 226
21815 420
21815 148
21815 100
21815 4
21815 161
21815 46
21815 106
21815 179
21815 225
21815 263
21457 30
21457 37
21457 55
21457 57
21457 95
21457 17
21457 49
21457 91
21457 103
21457 34
21457 45
21457 85
21457 1
22050 18
22050 6
22050 3
21517 58
21517 81
21517 90
21517 28
21517 41
21517 106
21517 11
21517 54
21517 10
21517 97
21517 115
21517 55
21517 83
21517 110
21517 125
21517 5
21517 13
21517 127
21517 3
21517 72
21517 74
21517 87
21517 124
21517 2
21517 77
21517 102
21517 26
21517 62
21517 78
21517 39
21517 111
21517 119
21517 27
21517 79
21517 86
21517 98
21658 42
21658 96
21658 15
21658 21
21658 95
21658 61
21658 73
21658 82
21658 81
21658 1
21658 2
22075 117
22075 97
22075 22
22075 123
22075 27
22075 122
22075 105
22075 31
22075 115
22075 114
21713 6
21713 12
21772 10
21772 9
21772 8
21772 3
22078 85
22078 112
22078 132
22078 59
22078 78
22078 115
22078 38
22078 67
22078 3
22078 23
22078 2
22078 6
22078 137
22078 8
22078 99
22078 25
22078 9
22078 91
22078 77
22078 138
22078 16
22078 42
22078 17
22078 24
22078 19
22078 109
22078 30
22078 130
22078 93
22078 73
22078 123
22078 36
22078 20
22078 40
22078 90
22078 84
22078 106
22078 12
22078 71
22078 37
22078 69
22078 13
22078 44
22078 11
22078 127
22078 119
22078 101
21581 66
21581 2
21581 7
21581 36
21581 53
21581 58
21581 60
21581 11
21581 63
21581 69
21767 16
21767 17
21767 66
21767 57
21767 58
21767 59
21767 72
21767 31
21767 11
21767 3
21767 45
21767 37
21767 14
21767 5
21767 12
21767 52
21767 51
21767 73
21767 10
21767 15
21767 28
21767 63
21767 24
21767 33
21767 56
21767 69
21767 70
21767 1
21767 29
21767 25
21767 74
21481 50
21481 63
21481 190
21868 139
21868 120
21868 126
21868 131
21868 36
21868 60
21868 67
21868 86
21868 11
21868 64
21868 68
21868 83
21868 84
21868 101
21868 102
21868 107
21868 108
21868 85
21868 99
21868 124
21868 123
21868 6
21868 44
21868 59
21868 77
21868 79
21868 45
21868 103
21868 113
21868 127
21868 20
21868 8
21868 19
21868 121
21868 4
21868 13
21868 49
21868 58
21868 57
21868 37
21868 38
21868 39
21868 1
21868 76
21868 130
21868 47
21868 75
21868 94
21961 18
21961 20
21961 63
21961 67
21961 58
21961 32
21961 25
21865 103
21865 51
21865 111
21865 146
21865 182
21865 7
21865 100
21865 193
21865 39
21865 78
21865 119
21865 140
21865 171
21865 27
21865 36
21865 66
21865 68
21865 154
21865 168
21865 67
21865 4
21865 14
21865 26
21865 178
21865 180
21865 93
21865 162
21865 183
22261 17
22261 5
22261 42
21520 27
21520 13
21520 14
21520 10
21520 21
21520 20
21520 29
21520 16
21520 46
21520 1
21520 3
21520 9
21520 7
21520 38
22023 257
22023 152
22023 251
22023 195
22023 15
22023 341
22023 131
22023 150
22023 109
22023 280
22023 353
22023 49
22023 35
22023 142
22023 153
22023 112
22023 138
22023 200
22023 232
22023 11
22023 117
22023 90
22023 12
22023 100
22023 296
22023 17
22023 283
22023 366
22023 225
22023 40
22023 53
22023 6
22023 4
22023 43
22023 335
22023 48
22039 353
22039 227
22039 428
22039 253
22039 224
22039 352
22039 333
22039 390
22039 249
22039 400
22039 207
22039 526
22039 141
22039 479
22039 165
22039 442
22039 76
22039 37
22039 496
22039 339
22039 530
22039 293
22039 460
22039 382
22039 373
22039 139
22039 67
22039 411
22039 547
22039 214
22039 447
22039 238
22039 334
22039 44
22039 350
22039 449
22039 532
22039 487
22039 30
22039 185
22039 32
22039 426
22039 93
22039 503
22039 239
22039 507
22039 170
22039 7
22039 459
22039 114
22039 215
22039 261
22039 230
22039 158
22039 188
22039 294
22039 329
22039 483
22039 5
22039 137
22039 321
22039 551
22039 374
22039 256
22039 488
22039 174
22039 176
22039 309
22039 179
22039 404
22039 186
22039 398
22039 336
22039 335
22039 171
22039 342
22039 413
22039 440
21978 22
21978 28
21978 99
21978 88
21978 46
21978 139
21978 134
21978 129
21978 172
21978 135
21978 34
21978 87
21978 94
21978 58
21978 71
21978 148
21978 179
21978 154
21978 8
21978 198
21978 4
21978 128
21978 9
21978 156
21978 81
21978 62
21978 77
21978 69
21978 27
22127 3
21701 53
22029 1
22029 15
22029 45
22029 75
22029 61
22029 55
22029 51
21889 117
21889 139
21889 138
21889 7
21889 126
21889 60
21889 135
21889 68
21889 67
21889 76
21889 134
21889 116
21889 75
21889 111
21889 49
21889 113
21889 94
21889 52
21889 36
21889 147
21889 20
21889 65
21889 8
21889 33
21889 110
21889 30
21889 90
21889 14
21889 37
21889 81
21889 131
21889 92
21889 98
21889 129
21889 97
21889 127
21889 29
21889 140
21889 99
21889 114
21889 142
21889 42
21889 57
21889 16
21889 9
21889 17
21889 50
21889 100
21889 125
21889 82
21438 12
21438 1
21438 14
21438 8
21438 18
22260 101
22260 54
22260 136
22260 390
22260 16
22260 19
22260 278
22260 163
22260 246
22260 2
22260 277
22260 143
22260 341
22260 276
22260 51
22260 185
22260 111
22260 261
22260 254
22260 266
22260 252
22260 264
22260 342
22260 64
22260 197
22260 186
22260 134
22260 33
22260 357
22260 75
22260 39
22260 169
22260 166
22260 301
22260 175
22260 94
22260 201
22260 263
22260 324
22260 240
22260 188
22260 60
22260 208
22260 122
22260 183
22260 167
22260 172
22260 8
22260 358
22260 59
22260 234
22260 154
22260 45
22260 260
22260 93
22260 359
22260 191
22260 253
22260 37
22260 26
22260 179
22260 99
22260 367
22260 273
22260 198
22260 29
22260 128
22260 35
22260 174
22260 48
21671 12
21671 10
21671 13
21671 20
21671 14
21671 7
22191 82
22191 63
22191 84
22191 0
22191 43
22191 69
21811 511
21811 533
21811 231
21811 450
21811 242
21811 372
21811 265
21811 291
21811 364
21811 421
21811 545
21811 188
21811 416
21811 376
21811 87
21811 34
21811 423
21811 236
21811 316
21811 24
21811 404
21811 426
21811 443
21811 491
21811 187
21811 305
21811 360
21811 501
21811 331
21811 146
21811 498
21811 12
21811 54
21811 108
21811 370
21811 147
21811 314
21811 276
21811 401
21811 26
21811 402
21811 89
21811 394
21811 412
21811 514
21811 55
21811 57
21811 126
21811 149
21811 182
21811 212
21811 213
21811 417
21728 37
21728 43
21728 52
21728 164
21728 219
21728 242
21728 20
21728 40
21728 75
21728 178
21728 269
21728 128
21728 168
21728 218
21728 244
21728 248
21728 29
21728 103
21728 121
21728 249
21728 250
21728 255
21728 54
21728 71
21728 197
21728 109
21728 119
21728 136
21728 195
21728 264
21728 14
21728 56
21728 74
21728 102
21728 135
21728 8
21728 61
21728 150
21728 290
21728 67
21728 100
21728 187
21728 258
21728 266
21955 46
21955 57
21955 65
21955 23
21955 27
21955 58
21955 86
21955 64
21955 8
21955 31
21955 18
21988 41
21988 266
21988 83
21988 277
21988 71
21988 42
21988 423
21988 263
21988 421
21988 422
21988 487
21988 73
21988 214
21988 303
21988 150
21988 328
21988 279
21988 508
21988 417
21988 292
21988 312
21988 379
21988 137
21988 337
21988 463
21988 308
21988 1
21988 438
21988 403
21988 269
21988 105
21988 367
21988 109
21988 391
21988 43
21988 320
21988 381
21988 141
21988 199
21988 304
21988 365
21988 470
21988 153
21988 345
21988 70
21988 295
21988 510
21988 372
21988 275
21988 100
21988 316
21423 13
21423 2
21423 14
21423 5
21423 27
21644 3
21644 5
21644 6
21644 2
22130 84
22130 137
22130 86
22130 96
22130 65
22130 33
22130 62
22198 75
22198 113
22198 27
22198 46
22198 17
22198 52
22198 13
22198 112
22198 91
22198 105
22198 93
22198 110
22198 127
21883 1
21883 13
21883 21
21883 17
21883 15
21872 14
21872 35
21872 9
21872 4
21652 51
21652 31
21652 12
21652 24
21652 66
21652 48
21652 43
21652 69
21652 39
21751 50
22060 9
22060 6
22060 31
22060 22
22060 7
22060 49
22060 20
22060 17
22142 6
22142 128
22142 112
22142 15
22142 83
22142 71
22142 94
22261 0
22261 10
22261 29
22261 27
22261 12
22261 31
22261 41
22147 33
22147 60
22147 72
22147 67
22147 5
22147 35
22147 62
22147 68
22147 8
22147 12
21710 7
21710 19
21710 28
21710 38
21710 58
21710 78
21710 52
21710 16
21710 45
21710 55
21710 25
21710 36
22211 79
22211 3
22211 52
22211 55
22211 68
22211 44
22264 299
22264 34
22264 314
22264 65
22264 258
22264 315
22264 248
22264 112
22264 75
22264 219
22264 2
22264 88
22264 265
22264 277
22264 186
22264 231
22264 122
22264 93
22264 151
22264 145
22264 269
22264 20
22264 139
22264 294
22264 106
22264 163
22264 247
22264 7
22264 130
22264 225
22264 233
22264 253
22264 238
22264 131
22264 173
22264 14
22264 199
22264 198
22264 232
22264 58
21787 45
21787 219
21787 250
21787 86
21787 171
21787 178
21787 62
21787 84
21787 122
21787 161
21787 225
21787 39
21787 15
21787 32
21787 166
21787 218
21787 12
21787 221
21787 248
21787 23
21787 243
21787 30
21787 66
21787 116
21787 127
21787 7
21787 108
21787 113
21787 184
21787 75
21787 16
21787 83
21787 123
21787 153
21787 255
22121 28
22121 7
22121 1
21928 55
21928 81
21928 71
21928 0
21928 49
21928 79
21928 6
21928 51
21928 4
21928 83
21928 31
21928 10
21928 54
21928 70
21928 28
21928 42
21928 27
21928 46
21754 4
21754 9
21523 9
21523 24
21523 27
21523 12
21523 16
21523 22
21523 37
21523 41
21523 34
21495 77
21495 83
21513 5
21513 19
21513 21
22066 14
22066 17
22066 11
22066 3
22154 77
22154 28
22154 44
22154 22
22154 52
22154 11
22154 20
22154 78
22154 56
22154 29
22154 65
22154 23
22154 17
22154 35
22154 6
22154 12
22154 21
22154 16
22154 38
22154 75
22154 32
22154 54
22154 68
22154 55
22154 5
22154 9
22154 63
22154 57
21840 59
21840 71
21840 93
21840 101
21840 110
21840 16
21840 28
21840 127
21840 87
21840 113
21840 30
21840 37
21840 78
21840 4
21840 100
21840 142
21840 12
21840 111
21840 144
21840 149
21840 155
21840 136
21840 92
21760 250
21760 286
21760 7
21760 137
21760 171
21760 14
21760 86
21760 95
21760 140
21760 168
21760 310
21760 314
21760 324
21760 336
21760 342
21760 281
21760 312
21760 347
21760 56
21760 67
21760 87
21760 334
21760 335
21760 35
21760 46
21760 80
21760 105
21760 204
21760 263
21760 50
21760 181
21760 275
21760 222
21760 9
21760 19
21760 57
21760 73
21760 231
21760 247
21760 270
21760 282
21760 227
21760 289
21760 307
21760 254
21760 325
21484 17
21484 20
21484 8
21484 15
21484 24
21911 83
21911 258
21911 164
21911 92
21911 168
21911 124
21911 162
21911 199
21911 236
21911 119
21911 212
21911 2
21911 130
21911 57
21911 102
21911 50
21911 262
21911 79
21911 151
21911 260
21911 242
21911 127
21911 141
21911 245
21911 60
21911 103
21911 71
21911 143
21911 235
21911 4
21911 176
21911 48
21911 35
21911 150
21911 123
21911 10
21911 87
21911 285
21911 171
21911 233
21911 221
21911 263
21911 128
21911 3
21911 7
21911 82
21911 153
21911 267
21911 134
21911 167
21435 9
21435 26
21435 33
21435 22
21435 35
21998 59
21998 355
21998 396
21998 98
21998 416
21998 65
21998 394
21998 42
21998 43
21998 163
21998 329
21998 407
21998 139
21998 26
21998 339
21998 385
21998 14
21998 156
21834 55
21834 56
21834 90
21834 124
21834 95
21834 130
21834 155
21834 5
21834 7
21834 64
22082 136
22082 147
22082 127
22082 169
22082 83
22082 81
22082 10
22082 84
22082 121
22082 187
22082 47
22082 132
22082 63
21999 0
21999 7
21999 11
21999 13
21999 6
21999 8
21999 17
21826 31
21826 17
21826 18
22213 8
22213 13
21805 25
21805 102
21805 24
21805 42
21805 59
21805 82
21805 38
21805 10
21805 21
21805 63
21805 67
21805 13
21805 1
21805 37
21805 68
21805 69
21805 29
21805 54
21805 11
21805 9
21805 19
21805 55
21805 79
21805 16
21805 77
21805 41
21805 98
21805 72
21805 61
21805 6
21805 83
21805 32
21805 51
21805 97
21805 100
21805 90
21685 21
21685 32
21685 110
21685 131
21685 16
21685 102
21685 67
21685 83
21685 34
21685 56
21685 81
21685 37
21685 24
21685 26
21685 62
21685 94
21685 45
21685 105
21685 40
21685 76
21685 87
21685 109
21685 129
21531 187
21531 249
21531 104
21531 214
21531 64
21531 12
21531 56
21531 136
21531 63
21531 245
21531 248
21531 41
21531 218
21531 225
21531 66
21531 94
21531 154
21531 149
21531 217
21531 234
21531 123
21531 131
21531 85
21531 168
21531 203
21531 45
21531 55
21531 87
21531 15
21531 82
21531 188
21932 377
21932 372
21932 210
21932 132
21932 99
21932 456
21932 230
21932 294
21932 378
21932 12
21932 308
21932 416
21932 139
21932 150
21932 271
21932 146
21932 454
21932 33
22090 43
22090 16
22090 25
22090 30
22090 54
22090 9
22090 144
22090 119
21692 26
21692 55
21692 141
21692 165
21692 15
21692 25
21692 56
21692 131
21692 0
21692 4
21692 233
21692 34
21692 134
21692 145
21692 162
21692 175
21692 118
21692 40
21692 84
21692 91
21692 201
21692 99
21692 138
21692 177
21692 199
21692 219
21620 0
21620 41
21620 49
21620 47
21620 27
21620 58
21620 46
21620 35
21620 5
21620 11
21620 28
21620 45
21620 62
21620 32
21620 37
21620 29
21620 43
21620 2
21985 75
21985 22
21985 69
21985 105
21985 111
21985 6
21985 9
21985 16
21985 15
21985 62
21985 88
21985 96
21985 72
21985 23
21829 157
21829 272
21829 293
21829 333
21829 375
21829 384
21829 311
21829 353
21829 365
21829 396
21829 416
21829 230
21829 101
21829 463
21829 483
21829 136
21829 222
21829 241
21829 138
21829 210
21829 305
21829 356
21829 370
21829 359
21829 415
21829 192
21829 231
21829 325
21829 414
21829 89
21829 117
21829 39
21829 51
21829 85
21829 100
21829 122
21829 472
21829 480
21829 474
21829 438
21500 2
21500 9
21500 4
21500 1
21500 7
21774 79
21774 409
21774 411
21774 493
21774 22
21774 165
21774 193
21774 202
21774 265
21774 210
21774 244
21774 293
21774 302
21774 343
21774 353
21774 72
21774 135
21774 149
21774 168
21774 340
21774 73
21774 525
21774 406
21774 434
21774 474
21774 482
21774 539
21774 317
21774 330
21774 465
21774 54
21774 104
21774 212
21774 286
21774 390
21774 241
21774 266
21774 332
21774 10
21774 64
21774 138
21774 299
21774 540
21774 3
21774 12
21774 269
21774 326
21774 394
21774 455
21774 442
21774 447
21774 223
21774 131
21774 416
21774 319
21774 454
21774 132
21774 145
21774 157
21774 205
21774 227
21774 184
21774 260
21774 294
21774 497
21774 291
21774 542
21712 8
21712 5
21986 52
21986 8
21986 78
21986 47
21986 93
21986 16
21986 38
21986 120
21986 6
21986 112
21661 74
21661 114
21661 18
21661 44
21661 109
21661 121
21661 158
21661 14
21661 68
21661 60
21661 21
21661 22
21661 11
21661 120
21661 12
21687 8
21687 6
22143 74
22143 56
22143 3
22143 18
22143 48
22143 61
22143 1
22143 84
22143 25
22143 33
22143 6
22143 66
22143 30
22143 54
22143 9
22143 69
22143 44
22143 52
22143 79
22143 86
22143 41
22143 89
22143 13
22143 90
22143 20
22143 15
22143 83
22143 65
22143 64
22143 59
22143 47
22143 32
22143 62
22143 94
22143 75
22143 93
22143 23
22143 81
22143 77
22143 29
22143 50
22143 22
21912 71
21912 57
21912 56
21912 19
21912 25
21912 55
21912 78
21912 67
21912 20
21912 66
21801 8
21801 62
21801 108
21801 19
21801 33
21801 93
21801 97
21801 9
21801 65
21801 23
21801 34
21801 80
21801 90
21801 124
21801 67
21801 72
21801 1
21801 76
21801 111
21801 130
21801 175
21801 52
21801 55
21801 26
21801 11
21801 36
21801 100
21801 48
21801 51
21801 143
21801 15
21801 64
21801 114
21801 117
21801 118
21801 78
21801 104
21801 134
21801 70
21801 89
21801 147
21801 162
21801 171
21801 172
21801 5
21801 43
21801 58
21801 86
21801 94
21474 2
21474 87
21474 82
21474 93
21474 90
21474 38
21474 15
21474 29
21474 37
21474 39
21474 21
21474 34
21474 42
21474 23
21474 35
21474 89
21474 14
21474 50
21474 80
21474 47
21474 85
21474 41
21474 43
21474 96
21474 6
21474 24
21480 69
21480 44
21480 56
21480 147
21480 151
21480 183
21480 189
21480 18
21480 24
21480 65
21480 129
21480 211
21480 28
21480 166
21480 168
21480 2
21480 14
21480 50
21480 89
21480 91
21480 191
21480 32
21480 68
21480 144
21480 169
21480 186
21480 45
21480 167
21480 197
21480 207
21480 1
21480 27
21480 76
21480 131
21480 142
21480 173
21480 178
21443 32
21443 38
21712 1
21712 15
21712 26
21712 29
21891 4
21891 168
21891 38
21891 172
21891 0
21891 170
21891 187
21891 99
21891 16
21891 240
21891 207
21891 46
21891 220
21891 166
21891 118
21891 175
21891 7
21891 103
21891 171
21891 96
21891 129
21891 214
21891 15
21891 8
21891 71
21891 69
21891 30
21891 121
21891 224
21891 239
21891 45
21891 218
21891 84
21891 110
21891 177
21891 221
21891 174
21891 5
21891 48
21891 145
21891 254
21891 148
21891 236
21891 51
21891 92
21891 238
21891 33
21891 74
21891 125
21891 86
21891 82
21891 209
21891 54
21891 98
21891 169
21981 17
21981 55
21981 70
21981 49
21981 14
21981 57
21981 62
21981 80
21981 85
21981 25
21981 46
21981 102
21981 113
21981 73
21981 107
21981 12
21981 77
21981 9
22000 140
22000 171
22000 105
22000 29
22000 54
22000 119
22000 43
22000 153
22000 103
22000 133
22000 2
22000 27
22000 14
22000 87
22000 7
22000 222
22000 190
22000 173
22000 177
22000 176
22000 219
22000 157
22000 104
22000 23
22000 95
22000 98
22000 117
22000 189
22000 34
22000 161
22000 31
22000 147
22000 200
22000 231
22000 154
22000 48
22000 109
22000 52
22000 35
22000 50
22000 80
22000 84
22000 197
22000 223
22000 18
22000 195
22000 182
22000 61
22000 86
22000 227
22000 221
22000 121
22000 210
22000 169
22000 150
22000 164
22000 167
22000 83
22000 77
22000 113
22000 196
22000 99
22000 198
22000 220
22000 42
22000 159
22000 127
22000 183
22000 187
22000 175
22000 152
22000 101
22000 81
22000 126
22000 17
22000 138
22000 92
22000 32
22000 206
22000 166
22000 172
22000 20
22000 94
22000 213
22000 124
22000 123
22000 184
22000 1
22000 181
22000 72
22000 6
22000 64
22000 122
21618 41
21618 134
21618 157
21618 159
21618 169
21618 83
21618 96
21618 167
21618 28
21618 29
21618 140
21618 153
21618 45
21618 51
21618 82
21618 155
21618 158
21618 186
21618 36
21618 120
21618 183
21618 185
21820 13
21820 2
21820 5
21820 4
22116 39
22116 30
22116 8
21688 9
21688 87
21688 200
21688 73
21688 308
21688 322
21688 338
21688 287
21688 169
21688 214
21688 225
21688 305
21688 319
21688 326
21688 327
21688 174
21688 243
21688 136
21688 186
21688 235
21688 30
21688 110
21688 153
21688 197
21688 193
21688 217
21688 60
21688 76
21688 219
21688 62
21688 14
21688 118
21688 176
21688 89
21688 177
21688 191
21688 293
21688 104
21688 157
21688 162
21688 173
21688 316
21688 49
21688 108
21688 158
21688 203
21688 310
21688 337
21688 280
21688 134
21688 257
21688 10
21688 20
21688 48
21688 161
21688 226
21688 209
21688 234
21688 37
21688 256
21688 271
21688 289
21688 334
21688 56
21688 288
21688 135
21688 149
21688 165
21688 175
21688 19
21688 96
21688 114
21688 39
21688 50
21688 103
21688 221
21688 45
21688 81
21688 116
21688 171
21688 245
21688 7
21688 72
21688 100
21688 119
21688 255
21688 318
21688 273
21688 282
21688 286
21688 112
21688 115
21688 150
21688 238
21688 244
21688 247
21688 296
21711 12
21711 46
21711 98
21711 64
21711 62
21711 37
21711 47
21711 50
21711 97
21711 125
21711 22
21640 56
21640 59
21640 67
21640 63
21640 11
21640 12
21640 35
21640 3
21640 21
21640 47
21640 60
21640 52
21640 46
21640 41
21640 53
21640 51
21640 15
21640 16
22014 64
22014 21
22014 52
22014 70
22014 27
22014 26
22014 24
22014 4
22014 12
22014 8
22014 10
22014 38
22014 1
22014 65
22014 66
22014 59
22014 32
21672 66
21672 156
21672 279
21672 356
21672 106
21672 292
21672 126
21672 291
21672 303
21672 359
21672 26
21644 11
21644 8
21503 47
21503 64
21503 14
21503 57
21503 178
21503 100
21503 174
21503 21
21503 65
21503 123
21503 144
21503 90
21503 26
21503 30
21503 58
21503 163
21503 102
21503 113
21503 134
21503 32
21503 50
21503 93
21503 152
21503 17
21503 39
21503 128
21503 146
21503 24
21503 97
21503 122
21503 67
21503 74
21503 96
21503 37
21503 52
21503 153
21503 151
21503 72
21503 106
21503 121
21503 176
21503 43
21503 73
21503 154
21503 125
21503 137
21503 108
21503 81
21503 12
21689 14
21689 39
21689 9
21689 36
21689 40
21689 13
21689 27
21689 12
21689 4
21784 52
21784 34
21784 76
21784 14
21784 42
21784 51
21784 57
21784 39
21784 37
21784 41
21784 50
21784 69
21784 24
21784 68
21784 12
21784 65
21784 75
21784 25
21784 22
21784 47
21784 2
21784 6
21784 59
21784 3
21784 27
21784 17
21784 19
21784 23
21784 29
21498 124
21498 7
21498 53
21498 8
21498 42
21498 75
21498 71
21498 109
21498 51
21498 99
21875 180
21875 89
21875 130
21875 120
21875 148
21875 98
21875 108
21875 63
21875 150
21875 111
21875 54
21875 46
21875 33
21875 24
21875 174
21875 43
21875 136
21875 50
21875 25
21875 35
21875 128
21875 10
22077 24
22077 52
22077 10
22077 16
22077 18
22077 27
22077 34
22033 33
22033 3
21892 94
21892 70
21892 98
21892 103
21892 36
21892 69
21892 76
21892 109
21892 77
21892 50
21892 27
21892 31
21892 17
21892 32
21892 26
21892 93
21892 8
21892 56
21933 67
21933 133
21933 72
21933 123
21933 88
21962 39
21962 156
21962 101
21962 259
21962 22
21962 54
21962 255
21962 216
21962 271
21962 162
21962 175
21962 141
21962 50
21962 200
21962 102
21962 161
21962 275
21962 36
21962 72
21962 98
21962 111
21962 290
21962 59
21962 93
21962 228
21962 31
21962 235
21962 264
21962 168
21962 205
21962 128
21962 278
21962 17
21962 254
21962 230
21962 118
21962 49
21962 176
21962 277
21962 265
21962 240
21962 124
21962 19
21962 104
21962 8
21962 246
21962 206
21962 133
21962 241
21962 238
21962 164
21962 65
22000 146
22000 73
22000 107
22000 163
22000 205
22000 90
22000 149
22000 120
22000 59
22000 5
22000 28
22000 226
22000 49
22000 230
22000 131
22000 179
21515 30
21515 72
21515 77
21515 110
21515 135
21515 4
21515 50
21515 80
21515 84
21515 151
21515 12
21515 24
21515 39
21515 58
21515 99
21515 18
21515 69
21515 71
21515 106
21515 54
21515 85
21980 10
21980 23
21980 36
21980 40
21980 41
22256 3
22256 29
22256 30
22256 39
22256 28
22256 10
21702 109
21702 35
21702 19
21702 20
21702 40
21702 53
21730 21
21730 165
21730 185
21730 237
21730 66
21730 100
21730 181
21730 184
21730 236
21730 142
21730 62
21730 128
21730 163
21730 271
21730 282
21730 300
21730 71
21730 90
21730 130
21730 206
21730 241
21730 99
21730 2
21730 24
21730 70
21730 125
21730 209
21730 270
21730 85
21730 124
21730 126
21730 225
21730 268
21730 50
21730 79
21730 196
21730 262
21730 199
21730 147
21730 283
21730 177
21730 250
21730 284
21730 149
21730 1
21730 195
21730 127
21730 201
21730 207
21730 210
21730 279
21730 281
21730 272
21730 31
21730 49
21730 179
21730 208
21730 234
21730 247
21730 265
21730 46
21730 202
21730 294
21730 51
21730 89
21730 101
21730 227
21730 238
21730 299
21610 39
21610 42
21610 52
21610 64
21421 14
21421 1
21421 9
21758 338
21758 106
21758 190
21758 285
21758 333
21758 159
21758 253
21758 154
21758 494
21758 564
21758 4
21758 188
21758 216
21758 328
21758 449
21758 507
21758 533
21758 215
21758 295
21758 308
21758 161
21758 377
21758 428
21758 318
21758 157
21758 91
21758 239
21758 369
21758 136
21758 325
21758 13
21758 6
21758 20
21758 214
21758 357
21758 367
21758 15
21758 50
21758 146
21758 73
21758 413
21758 423
21758 462
21758 238
21758 265
21758 88
21758 160
21758 250
21758 435
21758 481
21758 511
21758 521
21758 465
21758 471
21758 168
21758 3
21758 77
21758 332
21758 52
21758 336
21758 459
21758 517
21758 495
21758 294
21758 375
21758 433
21758 510
21758 92
21758 362
21758 373
21758 422
21758 429
21758 475
21758 485
21758 500
21758 111
21758 353
21758 358
21758 21
21758 432
21758 450
21758 534
21758 552
21758 39
21758 87
21758 252
21758 56
21758 301
21758 341
21758 351
21758 492
21758 512
21758 541
21758 97
21758 123
21758 235
21758 208
21758 411
21758 424
21758 501
21758 211
21758 248
21758 203
21758 398
21758 540
21758 2
21758 290
21758 345
21758 129
21758 209
21758 276
21758 288
21758 251
21758 255
21758 274
21758 315
21637 10
21637 43
21637 46
21637 153
21637 19
21637 35
21637 70
21637 40
21637 49
21637 20
21637 67
21637 83
21637 132
21637 111
21637 112
21637 142
21637 54
21637 149
21637 31
21637 81
21637 85
21637 137
21637 146
21637 62
21637 134
21637 56
21637 51
21637 123
21637 130
21637 1
21637 27
21637 57
21637 139
21637 135
21637 141
21637 118
21637 127
21637 138
21637 11
21637 21
21637 5
21637 13
21637 90
21637 128
21637 131
22132 24
22132 11
22132 30
22132 13
22132 51
22132 38
22132 5
22132 4
22132 50
22132 15
22132 63
21797 18
21797 12
21797 44
21797 2
21797 29
21797 38
21797 41
21797 54
21797 25
21797 33
22052 103
22052 205
22052 336
22052 4
22052 13
22052 286
22052 71
22052 39
22052 390
22052 249
22052 363
22052 329
22052 190
22052 136
22052 226
22052 96
22052 371
22052 339
22052 236
22052 143
22052 213
22052 366
22052 74
22052 341
22052 325
22052 92
22052 298
22052 305
22052 57
22052 337
22052 147
22052 322
22052 73
22052 19
22052 85
22052 140
22052 0
22052 242
22052 41
22052 131
22052 276
22052 56
22052 381
22052 220
22052 348
22052 208
22052 20
22052 333
22052 163
22052 335
22052 282
22052 137
22052 308
22052 111
22052 183
22052 376
22052 332
22052 316
22052 66
22052 299
22052 284
22052 280
22052 62
22052 10
22052 240
22052 44
22052 338
22052 210
22052 231
22052 61
22052 269
22052 168
22052 69
22052 169
22052 202
22052 287
22052 87
22052 34
22052 94
22052 124
22052 356
22052 63
22052 106
22052 349
22052 14
22052 387
22052 391
22052 401
22052 65
22052 149
22052 237
22052 358
22052 388
22052 320
22052 21
22052 369
22052 403
22052 162
22052 204
22052 181
22052 89
22052 273
22052 176
22052 171
22052 324
22052 293
22052 16
22052 207
22052 145
22052 317
22052 257
22052 159
22052 288
22052 302
22052 313
22052 187
22052 107
22052 397
22052 243
22052 370
22052 360
22052 70
22052 254
22052 362
22052 289
22052 15
22052 128
22052 239
22034 23
22034 12
21894 47
21894 16
21894 2
21894 37
22099 79
22099 36
22099 86
22099 3
22099 84
22099 85
22099 4
22099 7
22099 15
22099 14
22099 59
22099 21
22099 0
22099 101
22099 63
22099 41
22099 5
22099 100
22099 53
22099 35
22099 18
22099 47
22099 13
22099 87
22099 58
22099 65
22099 12
22099 28
22099 20
22099 83
22099 32
22099 57
22099 24
22099 78
22099 51
22099 25
22099 45
22099 97
22099 34
22099 62
22099 95
22099 74
21530 153
21530 192
21530 58
21530 94
21530 44
21530 74
21530 77
21530 186
21530 14
21530 17
21530 29
21530 39
21530 62
21530 0
21530 11
21530 138
21530 164
21530 174
21530 136
21530 1
21530 42
21530 133
21530 158
21530 220
21530 172
21530 224
21530 108
21530 120
21530 121
21530 225
21530 25
21530 31
21530 66
21530 80
21530 6
21530 52
21530 71
21530 72
21530 82
21530 98
21530 208
21530 155
21530 38
21530 43
21530 161
21839 5
21839 12
21839 10
21839 25
21839 3
21839 20
21839 6
21549 44
21549 183
21549 78
21549 109
21549 152
21549 7
21549 8
21549 13
21549 46
21549 58
21549 125
21549 192
21549 89
21549 100
21549 105
21549 145
21549 146
21549 42
21549 60
21549 94
21549 136
21549 200
21549 16
21549 56
21549 103
21549 168
21549 189
21549 52
21549 62
21549 85
21549 193
21549 91
21549 36
21549 82
21549 164
21549 197
21549 54
21549 83
21765 22
21765 53
21765 34
21765 39
21765 41
21765 90
22167 120
22167 30
22167 124
21509 9
21509 10
21509 5
21509 17
21573 10
21573 17
21600 26
21600 57
21600 19
21600 55
21600 86
21600 38
21600 70
21600 29
21600 60
21600 6
21600 52
21600 54
21817 1
21817 183
21817 206
21817 155
21817 6
21817 163
21817 170
21817 139
21817 195
21817 80
21817 65
21817 173
21817 169
21817 107
21817 117
21817 208
21817 125
21817 212
21817 181
21817 109
21817 29
21817 57
21817 151
21817 111
21817 147
21817 52
21817 127
21817 61
21817 102
21817 180
21817 104
21817 135
21817 123
21817 43
21817 162
21817 210
21817 121
21817 56
21817 95
21817 13
21817 48
21817 164
21817 194
21817 98
21817 93
21817 228
21817 20
21817 71
21817 171
21817 144
21817 196
21817 116
21817 114
21817 167
21817 221
21817 176
21455 74
21455 140
21455 152
21455 192
21455 195
21455 202
21455 71
21455 78
21455 184
21455 194
21455 137
21455 62
21455 130
21455 133
21455 157
21455 211
21455 217
21455 0
21455 38
21455 105
21455 183
21455 222
21455 4
21455 59
21455 115
21455 171
21455 178
21455 40
21455 51
21455 80
21455 226
21455 106
21455 165
21455 180
21455 181
21455 26
21455 34
21455 138
21455 164
21455 174
21455 55
21455 122
21455 151
21455 230
21455 19
21455 31
21455 92
21455 155
21455 205
21455 21
21455 57
21455 97
21455 209
21455 224
21455 22
21455 33
21455 127
21455 36
21455 46
21455 76
21455 107
21455 134
21455 166
21455 67
21455 86
21455 146
21455 125
21455 201
21455 233
21455 135
21455 20
21455 88
21455 99
21455 219
22160 15
22160 3
22160 234
22160 95
22160 142
22160 2
22160 9
22160 32
22160 40
22160 200
22160 242
22160 102
22160 131
22160 256
22160 105
22160 259
22160 115
22160 53
22160 214
22160 50
22160 155
22160 110
22160 117
22160 182
22160 33
22160 28
22160 207
22160 197
22160 223
22160 212
22160 112
22160 10
22160 109
22160 166
22118 56
22118 36
22118 51
22118 16
22118 60
22118 29
22118 61
22118 6
22118 53
22118 50
22118 14
22118 41
22118 58
22118 65
21595 13
21595 18
21595 31
21595 3
21595 4
21595 15
21595 0
22087 19
22087 22
22087 6
22087 100
22087 33
22087 73
22087 21
22087 3
22087 87
21743 56
21743 90
21743 37
21743 78
21743 88
21743 91
21743 65
21743 79
21743 81
21743 92
21743 17
21743 48
21743 2
21743 83
21743 95
22129 403
22129 17
22129 464
22129 196
22129 548
22129 242
22129 551
22129 322
22129 414
22129 508
22129 369
22129 250
22129 92
22129 146
22129 116
22129 399
22129 216
22129 311
22129 133
22129 363
22129 97
22129 113
22129 218
22129 333
22129 491
22129 518
22129 72
22129 370
22129 346
22129 339
22129 238
22129 39
22129 289
22129 111
22129 248
22129 435
22129 240
22129 319
22129 20
22129 567
22129 241
22129 225
22129 14
22129 88
22129 279
22129 23
22129 136
22129 367
22129 507
22129 437
22129 484
22129 176
22129 205
22129 365
22129 428
22129 480
22129 127
22129 32
22129 63
22129 28
22129 395
22129 550
22129 360
22129 179
22129 340
22129 208
22129 265
22129 404
22129 514
22129 345
22129 540
22129 256
22129 538
22129 101
22129 419
22129 309
22129 385
22129 298
22129 42
22129 498
22129 454
22129 131
22129 447
22129 347
22129 517
22129 82
22129 563
22129 505
22129 37
22129 343
22129 280
22129 483
22129 475
22129 559
22129 99
22129 151
22129 476
22129 229
22129 417
22129 331
22129 512
22129 102
22129 341
22129 76
22129 380
22129 164
22129 325
22129 228
22129 307
22129 520
22129 337
22129 257
22129 354
22129 162
22129 5
22129 27
22129 308
22129 15
22129 74
22129 294
22129 261
22129 316
22129 90
22129 510
22129 445
22129 57
22129 263
22129 158
22129 189
22129 129
22129 200
22129 119
22129 152
22129 529
22129 8
22129 209
22129 355
22129 118
22129 145
22129 190
22129 432
22129 62
22129 143
22129 359
22129 525
22129 34
22129 66
22129 390
22129 160
22129 203
22129 433
22129 301
22129 165
22129 411
22129 21
22129 410
22129 492
22129 244
22129 542
22129 295
22129 173
22129 114
22129 274
22129 16
22129 358
22129 262
22129 391
22129 43
22129 317
22129 350
22129 552
22129 569
22129 80
22129 234
22129 188
22129 232
22129 197
22129 413
22129 107
22129 98
22129 321
22129 564
22129 204
22129 531
22129 175
22129 524
22129 185
22129 2
22129 163
22129 545
22129 222
22129 168
22129 324
22129 560
22129 210
22129 546
22129 10
22129 400
22129 184
22129 292
22129 130
22129 509
21472 5
21472 10
21472 0
21472 2
21472 73
21472 136
21472 218
21472 47
21472 77
21472 194
21472 79
21472 99
21472 26
21472 50
21472 115
21472 144
21472 208
22206 36
22206 69
22206 70
22206 7
22206 43
22206 84
22206 24
22206 100
22206 23
21826 7
21826 30
21667 46
21667 73
21667 80
21667 232
21667 309
21667 323
21667 338
21667 386
21667 95
21667 216
21667 267
21667 340
21667 52
21667 91
21667 32
21667 183
21667 226
21667 307
21667 341
21667 110
21667 119
21667 127
21667 303
21667 247
21667 364
21667 240
21667 356
21667 214
21667 273
21667 317
21667 363
21667 53
21667 59
21667 79
21667 108
21667 196
21667 332
21667 345
21667 352
21667 381
21667 262
21667 215
21667 312
21667 250
21667 253
21667 325
21667 30
21667 36
21667 359
21667 61
21667 70
21667 103
21667 329
21667 72
21667 116
21667 0
21667 34
21667 69
21667 76
21667 99
21667 112
21667 202
21667 283
21667 298
21667 337
21667 388
21667 391
21667 288
21667 54
21667 55
21667 83
21667 31
21667 304
21667 333
21667 348
21667 353
21667 374
21667 86
21667 1
21667 19
21667 20
21667 244
21667 265
21667 286
21667 350
21667 166
21667 187
21667 237
21667 261
21667 285
21667 182
21667 201
21667 270
21667 294
21667 343
21667 56
21667 9
21667 37
21667 33
22036 20
22036 21
22036 8
22036 7
22036 13
21711 10
21711 28
21711 23
21711 14
21711 51
21711 59
21711 117
21711 31
21711 107
21711 43
21711 112
21711 6
21711 86
21711 1
21711 4
21711 91
21711 94
21711 34
21711 106
21711 110
21711 57
21711 93
21711 123
21711 26
21711 114
21711 45
21711 53
21711 68
21711 122
21711 66
21711 78
21711 88
21711 119
21711 39
21711 56
21711 105
21740 3
21740 5
21740 12
21740 1
21740 0
21740 8
21740 9
21740 6
21740 11
22002 230
22002 377
22002 466
22002 194
22002 38
22002 424
22002 228
22002 480
22002 162
22002 410
22002 355
22002 180
22002 219
22002 201
22002 375
22002 376
22002 458
22002 340
22002 193
22002 402
22002 83
22002 437
22002 276
22002 463
22002 434
22002 104
22002 185
22002 204
22002 264
22002 487
22002 21
22002 275
22002 14
22002 205
22002 208
22002 196
22002 336
22002 364
22002 315
22002 64
22002 310
22002 90
22002 103
22002 282
22002 476
22002 461
22002 464
22002 25
22002 52
22002 360
22002 320
22002 114
22002 165
22002 176
22002 191
22002 79
22002 292
22002 203
21936 9
21936 34
21936 85
21936 18
21936 32
21936 39
21936 38
21936 129
21936 74
21936 73
21936 90
21936 8
21936 86
21936 27
21936 133
21936 126
21936 72
21936 2
21936 58
21936 63
21936 55
21936 69
21936 17
21936 4
21936 134
21936 95
21936 103
21936 82
21936 36
21936 11
21936 87
21936 106
21936 141
21936 46
21936 42
21936 109
21936 28
21936 111
21936 94
21936 114
21936 98
21936 130
21506 2
22119 177
22119 6
22119 210
22119 124
22119 176
22119 186
22119 223
22119 91
22119 108
22119 238
22119 194
22119 224
22119 362
22119 36
22119 214
22119 20
22119 185
22119 2
22119 201
22119 355
22119 5
22119 263
22119 281
22119 100
22119 104
22119 209
22119 261
22119 93
22119 66
22119 41
22119 335
22119 196
22119 283
22119 273
22119 286
22119 151
22119 173
22119 284
22119 81
22119 156
22119 33
22119 243
22119 68
22119 37
21431 70
21431 87
21644 10
21644 1
21644 7
21960 45
21960 40
21960 78
21960 88
21960 65
21960 36
21960 12
21960 2
21960 61
21960 95
21960 1
21960 75
21960 70
21960 89
21960 54
21538 39
21538 13
21538 19
21538 55
21538 137
21538 22
21538 117
21538 146
21538 163
21538 40
21538 118
21538 24
21538 46
21538 158
21538 6
21538 80
21538 101
21538 140
21538 160
21538 97
21538 10
21538 28
21538 79
21538 87
21538 53
21538 9
21538 42
21538 103
21538 144
21538 149
21538 125
21538 156
21538 159
21538 23
21538 72
21538 128
21538 168
21538 171
21538 104
21538 130
21538 132
21538 41
21538 49
21538 111
21538 116
21538 11
21538 52
21538 56
21538 106
21538 173
21538 21
21538 44
21538 50
21538 18
21538 78
21538 91
21538 178
21538 64
21538 126
21538 60
21538 86
21538 93
21538 107
21538 31
21538 138
21538 152
21538 3
21538 48
21538 102
21538 131
21538 0
21538 62
21538 17
21538 108
21538 141
21538 84
21538 98
21538 124
21538 139
21538 14
21421 18
21421 22
21421 3
21421 20
21421 6
21421 13
21421 19
21553 152
21553 207
21553 295
21553 334
21553 416
21553 168
21553 263
21553 383
21553 396
21553 486
21515 15
21515 41
21515 73
21515 100
21515 61
21515 121
21515 141
21515 29
21515 57
21515 79
21515 105
21515 63
21515 7
21515 115
21515 120
21515 143
21978 13
21978 142
21859 11
21859 48
21973 102
21973 69
21973 109
21973 44
21973 62
21973 2
21973 97
21973 87
21973 83
21660 75
21660 97
21807 76
21807 174
21807 177
21807 178
21807 13
21807 16
21807 160
21807 182
21807 186
21807 5
21807 17
21807 104
21807 143
21807 2
21807 48
21807 146
21807 157
21807 185
21807 95
21807 10
21807 18
21807 73
21807 22
21807 25
21807 87
21807 89
21807 12
21807 65
21807 105
21807 118
21807 129
21807 130
21807 69
21807 39
21807 44
21807 116
21807 7
21807 50
21807 134
21807 152
21807 163
21807 78
21807 115
21807 135
21807 162
21807 128
21807 149
21807 1
21807 64
21807 94
21807 119
21807 126
21807 107
21797 53
21797 14
21797 46
21797 59
21797 1
21797 7
21797 17
21797 28
21797 30
21797 52
22062 11
22062 6
22062 48
22062 59
22062 40
22062 149
22062 35
22062 34
22062 120
22062 85
22062 56
22062 65
22062 51
22062 66
22062 86
22062 93
22062 1
22062 47
22062 39
22062 83
22062 42
22062 71
22062 132
22062 61
22062 15
22062 20
22062 141
22062 144
22062 130
22062 19
22062 106
22062 46
22062 80
22062 92
22062 60
22062 136
22062 133
22062 26
22062 55
22062 115
22062 32
22062 77
22062 7
22062 107
22062 68
22062 73
22062 29
22062 145
22062 44
22062 118
22062 27
22062 139
22062 140
22062 129
22062 31
22062 69
22062 78
22062 38
22062 116
22047 8
22047 18
21418 21
21418 26
21418 20
21418 0
21443 39
21443 33
21443 21
21443 66
21443 71
21443 73
21443 77
21443 96
21443 25
21443 59
21443 5
21443 15
21443 18
21443 35
21443 41
21443 82
21443 88
21443 76
22261 2
22261 37
22261 28
21993 100
21993 115
21993 26
21993 105
21993 60
21993 118
21818 2
21818 12
21818 17
21818 9
21818 23
21818 20
21787 64
21787 92
21787 110
21787 155
21787 197
21787 90
21787 48
21787 168
21787 205
21787 209
21787 67
21787 96
21787 10
21787 217
21787 2
21787 4
21787 5
21787 120
21787 151
21787 160
21787 224
21787 81
21787 91
21787 146
21787 165
21787 212
21787 56
21787 144
21787 190
21787 198
21787 230
21787 80
21787 24
21787 60
21787 100
21787 124
21787 148
21814 57
21814 21
21814 15
21814 44
21814 0
21814 41
21814 32
21814 23
21814 30
21814 5
21814 2
21898 134
21898 26
21898 15
21898 4
21898 17
21898 6
21898 12
21898 63
21898 97
21898 34
21898 54
21898 131
21898 49
21898 25
21898 77
22157 71
22157 97
22157 112
22157 18
22157 24
22157 40
22157 66
22157 58
22157 75
22157 50
22157 93
22157 105
22157 87
22157 107
22157 115
22157 103
22157 84
21947 49
21947 64
21947 97
21947 52
21947 3
21947 14
21947 70
21947 58
21947 10
21661 161
21661 31
21661 151
21661 38
21661 32
22162 70
22241 3
22241 14
22241 1
22241 21
22241 9
22241 5
22241 6
22020 14
22020 108
22020 182
22020 128
22020 63
22266 10
22266 0
22266 17
21451 5
21451 31
21451 33
22130 43
22130 41
22130 79
22130 75
22130 67
22130 6
22130 66
22130 138
22130 117
22130 98
22130 13
22130 74
22130 3
21690 1
21690 14
21690 48
21690 200
21690 31
21690 32
21690 58
21690 78
21690 82
21690 183
21690 49
21690 111
21690 174
21690 201
21690 17
21690 166
21690 108
21690 167
21690 169
21690 196
21690 202
21690 59
21690 143
21690 171
21690 207
21690 106
21690 133
21690 137
21690 124
21690 140
21690 148
21690 198
21690 134
21690 20
21690 53
21690 57
21690 164
21690 2
21690 96
21690 101
21690 157
21690 186
22255 9
22255 22
22255 21
22255 6
22255 17
22084 358
22084 349
22084 128
22084 368
22084 102
22084 271
22084 388
22084 334
22084 18
22084 371
22084 97
22084 0
22084 285
22084 198
22084 291
22084 112
21571 7
21571 1
21529 419
21529 80
21529 7
21529 12
21529 122
21529 139
21529 233
21529 42
21529 214
21529 386
21529 427
21529 308
21529 338
21529 416
21529 425
21529 514
21529 314
21529 328
21529 403
21529 500
21529 78
21529 85
21529 119
21529 227
21529 266
21529 407
21529 430
21529 542
21529 555
21529 351
21529 402
21529 82
21529 107
21529 185
21529 217
21529 105
21529 133
21529 194
21529 231
21529 256
21529 301
21529 378
21529 387
21529 475
21529 503
21529 339
21529 397
21529 469
21529 512
21529 530
21529 166
21529 33
21529 98
21529 162
21529 202
21529 206
21529 389
21529 398
21529 489
21529 517
21529 535
21529 545
21529 300
21529 10
21529 11
21529 110
21529 170
21529 248
21529 270
21529 64
21529 160
21529 190
21529 251
21529 150
21529 15
21529 29
21529 73
21529 382
21529 410
21529 485
21529 488
21529 496
21529 354
21529 511
21529 541
21529 552
21529 23
21529 26
21529 28
21529 48
21529 152
21695 4
21695 2
21695 13
21695 59
21695 19
21695 43
21695 60
21695 61
21695 70
21695 11
21947 20
21947 24
21735 87
21735 112
21735 114
21735 190
21735 215
21735 335
21735 343
21735 386
21735 134
21735 157
21735 164
21735 204
21735 378
21735 193
21735 11
21735 5
21735 9
21735 44
21735 79
21735 285
21735 308
21735 331
21735 172
21735 203
21735 233
21735 341
21735 370
21735 29
21735 32
21735 42
21735 48
21735 64
21735 84
21735 165
21735 276
21735 304
21735 145
21735 294
21735 181
21735 302
21735 146
21735 163
21735 192
21735 257
21735 369
21794 28
21794 124
21794 166
21794 182
21794 142
21794 70
21794 114
21794 116
21794 167
21794 108
21794 120
21794 165
21794 203
21794 209
21794 3
21794 6
21794 77
21794 88
21794 95
21794 85
21794 193
21794 61
21794 0
21794 38
21794 63
21794 177
21794 178
21794 7
21794 11
21794 48
21794 98
21794 8
21794 15
21794 67
21794 96
21794 121
21794 47
21794 69
21794 159
21537 479
21537 474
21537 37
21537 253
21537 267
21537 2
21537 96
21537 98
21537 155
21537 115
21537 128
21537 337
21537 393
21537 266
21537 278
21537 331
21537 33
21537 140
21537 153
21537 161
21537 108
21537 130
21537 320
21537 323
21537 533
21537 44
21537 173
21537 252
21537 346
21537 510
21537 512
21537 450
21537 436
21537 486
21537 540
21537 25
21537 90
21537 257
21537 348
21537 75
21537 233
21537 326
21537 381
21537 431
21537 542
21537 21
21537 85
21537 265
21537 370
21537 410
21537 413
21537 415
21537 438
21537 475
21537 505
21537 466
21537 504
21537 377
21537 351
21537 376
21537 367
21537 467
21537 146
21537 329
21537 357
21537 384
21537 15
21537 201
21537 332
21537 422
21537 476
21537 509
21537 531
21537 547
21537 457
21537 491
21537 137
21537 16
21537 93
21537 169
21537 477
21537 537
21537 464
21537 496
21537 523
21537 525
21537 113
21537 136
21537 179
21537 343
21537 69
21537 100
21537 365
21537 447
21537 444
21537 449
21537 456
21537 524
21537 274
21537 459
21537 472
21537 526
21537 546
21537 425
21537 503
21537 530
21537 50
21537 182
21537 210
21537 286
21537 82
21537 514
21537 282
21537 88
21537 181
21537 244
21537 20
21537 65
21537 89
21537 219
21537 375
21537 390
21537 458
21537 56
21537 338
21537 300
21537 73
21537 406
21537 407
21537 420
21537 202
21537 30
21537 83
21537 138
21537 361
21537 34
21537 48
21537 55
21537 192
21573 2
21573 0
21573 19
21686 58
21686 60
21686 43
21686 4
21686 61
21686 35
21686 47
21686 59
21686 12
21686 45
21686 51
21686 25
21686 1
21686 70
21686 72
21686 8
22175 8
22175 31
22264 305
22264 308
22264 48
22264 125
22264 195
22264 142
22264 24
22264 296
22264 165
22264 275
22264 19
22264 143
22264 141
22264 51
22264 25
22264 3
22264 119
22264 197
22264 196
22264 288
22264 160
22264 187
22264 100
22264 223
22264 62
22264 302
22264 270
22264 166
22264 91
22264 263
22264 274
22264 169
22264 293
22264 191
22264 96
22264 203
21957 144
21957 310
21957 418
21957 107
21957 245
21957 88
21957 429
21957 330
21957 379
21957 352
21957 275
21957 22
21957 120
21957 16
21957 287
21957 370
21957 334
21957 83
21957 189
21957 383
21957 195
21957 386
21957 203
21957 207
21957 227
21957 191
21957 407
21957 210
21957 161
21957 58
21957 122
21957 95
21957 225
21957 296
21957 316
21957 2
21957 84
21957 230
21957 306
21957 351
21957 38
21957 266
21957 442
21957 80
21957 25
21957 159
21957 13
21957 0
21957 110
21957 387
21957 372
21957 6
21957 91
21957 125
21957 241
21957 92
21957 343
21957 67
21957 443
21957 356
21957 135
21957 171
21957 187
21957 363
21957 77
21957 242
21957 138
21531 54
21531 105
21531 166
21531 75
21531 178
21531 197
21531 20
21531 86
21531 158
21531 98
21531 171
21531 172
21531 231
21531 61
21531 74
21531 139
21531 122
21531 199
21531 224
21531 243
21531 53
21531 84
21531 157
21531 116
21531 148
21531 191
21531 210
21531 43
21531 100
21531 130
21531 182
21531 212
21531 7
21531 143
21531 200
22211 54
21770 28
21770 60
21770 32
21770 39
21863 10
21742 335
21742 70
21742 214
21611 39
21611 78
21611 85
21611 55
21611 5
21611 20
21611 50
21611 70
21611 21
21611 64
21611 73
21611 30
21611 81
21611 49
21611 53
21611 86
21611 61
21641 12
21641 23
21641 27
21511 67
21511 70
21511 126
21511 139
21511 30
21511 51
21511 40
21511 33
21511 58
21496 16
21496 13
21496 27
21496 31
21496 34
21496 8
21496 10
21496 1
21496 6
21496 12
21496 37
21496 18
21965 368
21965 404
21965 189
21965 326
21965 229
21965 21
21965 107
21965 271
21965 42
21965 344
21965 61
21965 205
21965 125
21965 329
21965 342
21965 265
21965 70
21965 39
21965 370
21965 297
21965 398
21965 309
21965 366
21965 41
21965 408
21965 105
21965 380
21965 86
21965 417
21965 292
21965 307
21965 425
21965 54
21965 251
21965 322
21965 164
21965 171
21965 170
21965 68
21965 131
21965 175
21965 388
21965 334
21965 244
21965 330
21965 284
21965 387
21965 192
21965 357
21965 33
21965 393
21965 381
21965 122
21965 13
21965 1
21965 277
21965 241
21965 267
21965 324
21965 243
21965 401
21965 278
21965 8
21965 335
21965 77
21965 198
21965 340
21965 384
21944 242
21944 58
21944 482
21944 306
21944 406
21944 69
21944 489
21944 14
21944 504
21944 209
21944 524
21944 262
21944 41
21944 192
21944 266
21944 384
21944 247
21944 27
21944 490
21944 414
21944 45
21944 343
21944 174
21944 231
21944 220
21944 12
21944 214
21944 159
21944 531
21944 7
21944 484
21944 200
21944 29
21944 185
21944 397
21944 486
21944 309
21944 426
21944 330
21944 506
21944 507
21944 19
21944 218
21944 315
21944 64
21944 157
21944 496
21944 455
21944 156
21944 448
21944 400
21944 476
21944 291
21944 287
21944 40
21944 376
21944 217
21944 78
21944 250
21944 474
21944 256
21944 450
21944 206
21944 223
21944 464
21944 67
21944 319
21944 56
21944 535
21944 313
21944 434
21944 83
21944 179
21944 44
21944 108
21944 522
21944 15
21944 371
21944 360
21944 211
21944 281
21944 469
21944 5
21469 25
21469 44
21469 17
21469 49
22089 74
22089 61
22089 70
22089 35
21614 18
21614 53
21614 93
21614 148
21614 29
21614 43
21614 104
21614 118
21614 134
21614 22
21614 51
21614 75
21614 106
21614 80
21614 137
21614 105
21614 138
21614 139
21614 146
22179 1
22179 10
22179 18
22179 9
22145 140
22145 263
22145 235
22145 126
22145 135
22145 267
22145 240
22145 203
22145 181
22145 325
22145 285
22145 48
22145 55
22145 286
22145 74
22145 61
22145 83
22145 195
22145 207
22145 121
22145 322
22145 144
22145 62
22145 216
22145 360
22145 339
22145 146
22145 15
22145 141
22145 187
22145 46
22145 9
22145 252
22145 264
22145 129
22145 70
22145 345
22145 7
22145 313
22145 327
22145 1
22145 131
22145 159
22145 283
22145 282
22145 179
22145 354
22145 272
22145 237
22145 265
22145 115
22145 232
22145 136
22145 309
22145 249
22145 353
22145 68
22145 118
22145 219
22184 2
22184 29
22184 40
22184 12
22184 50
22184 28
22184 16
22030 3
22030 6
22030 7
22030 8
22030 2
22030 0
21499 12
21499 16
21499 9
21499 14
21499 15
21666 8
21666 48
21666 21
21666 26
21666 18
21666 44
21666 2
21666 22
22172 6
22172 73
22172 16
22172 18
22172 26
22172 15
22172 20
22172 84
22172 70
22172 76
22172 0
22172 51
22172 48
22172 65
22172 83
22172 38
21717 23
21717 2
21717 34
21717 29
21717 6
21717 20
21717 35
22085 15
22085 12
21587 7
22259 26
22259 44
22259 51
22259 35
22259 13
22259 6
22259 39
22259 50
22259 33
22259 49
22259 9
22259 32
22259 61
22259 14
22259 28
22259 45
22259 38
22259 40
22259 55
22259 20
22259 27
22259 30
22259 29
22259 3
22258 8
22258 44
22258 38
22258 22
22258 5
22116 21
22116 14
22116 9
22116 41
22116 32
22116 15
22116 17
22116 31
22116 20
22116 1
22116 7
22116 38
22116 36
22116 12
22116 22
22116 27
21964 144
21964 180
21964 437
21964 418
21964 229
21964 457
21964 414
21964 71
21964 131
21964 95
21964 495
21964 53
21964 417
21964 193
21964 187
21964 94
21964 387
21964 105
21964 510
21964 304
21964 488
21964 18
21964 162
21964 346
21964 235
21964 10
21964 15
21964 362
21964 234
21964 386
21964 168
21964 209
21964 134
21964 190
21964 393
21964 54
21964 507
21964 471
21964 20
21964 295
21964 228
21964 467
21964 206
21964 403
21964 63
21964 516
21964 427
21964 269
21964 284
21964 535
21964 301
21964 98
21964 453
21964 109
21964 381
21964 498
21964 47
21964 67
21964 200
21964 191
21964 268
21964 368
21964 326
21964 40
21964 369
21964 310
21964 224
21964 289
21964 41
21964 183
21964 231
21964 279
21964 127
21964 139
21964 22
21964 83
21964 17
21964 287
21964 410
21964 7
21964 26
21964 59
21964 82
21964 93
21964 404
21964 440
21964 445
21964 65
21964 259
21964 2
21964 485
21964 506
21964 271
21964 208
21964 210
21964 390
21964 6
21964 539
21964 25
21964 509
21964 244
21964 441
21964 531
21964 66
21964 99
21964 532
21964 361
21964 345
21964 366
21964 48
21964 503
21964 249
21964 290
21964 214
21964 479
21964 351
21964 419
21964 529
21964 205
21964 341
21964 126
21964 161
21964 159
21964 285
21964 255
21964 44
21964 336
21964 423
21964 530
21964 140
21964 145
21964 240
21964 207
21964 12
21964 129
21964 541
21964 538
21964 23
21964 14
21964 233
21964 374
21964 91
21964 56
21964 189
21964 371
21964 497
21964 470
21964 169
21964 407
21964 267
21964 430
21964 534
21964 383
21964 165
21964 102
21964 462
21964 433
21964 293
21964 360
21964 70
21964 250
21964 256
21964 150
21964 149
21964 137
21964 173
21964 298
21964 354
22117 27
22117 29
22117 109
22117 80
22117 170
22117 65
22117 66
22117 145
22117 121
22117 150
22117 86
22117 115
22117 160
22117 20
22117 146
22117 103
22117 137
22117 71
22117 42
22117 16
22054 125
22054 87
22054 138
22054 148
22054 173
21792 16
21792 69
21792 148
21792 193
21792 212
21792 117
21792 15
21792 136
21792 163
21792 173
21792 213
21792 45
21792 70
21792 144
21792 177
21792 219
21792 164
21792 89
21792 149
21792 211
21792 127
21792 142
21792 155
21792 32
21792 187
21792 201
21792 199
21792 6
21792 119
21792 22
21792 49
21792 111
21792 26
21792 11
21792 167
21792 215
21792 1
21792 40
21792 56
21792 221
21792 23
21792 130
21792 153
21792 90
21792 175
21792 220
21792 7
21792 99
21792 110
21792 233
21792 4
21792 73
21792 152
21792 192
21792 203
21792 43
21792 166
21792 172
21792 8
21792 62
21792 109
21792 157
21792 223
21792 95
21792 114
21792 115
21792 129
22040 6
22040 55
22040 36
22040 34
22040 49
22040 14
22040 4
22040 11
22040 48
22040 24
22040 29
22040 39
22040 38
22040 3
22040 35
22040 2
22040 21
21500 3
21500 6
21838 10
21838 22
21838 42
21838 65
21838 3
21838 17
21838 24
21838 29
21838 0
21838 4
21838 5
21838 13
22268 50
22268 88
22268 54
22268 41
22268 62
22268 27
22268 4
22268 89
22268 75
22268 6
22268 103
22268 40
22268 85
22118 55
22118 52
22118 10
22118 1
22118 2
22118 18
22118 8
22042 51
22042 180
22042 64
22042 317
22042 377
22042 389
22042 260
22042 242
22042 381
22042 167
22042 118
22042 411
22042 253
22042 110
22042 22
22042 102
22042 152
22042 390
22042 60
22042 266
22042 225
22042 41
22042 342
22042 63
22042 327
22042 66
22042 133
22042 269
22042 203
22042 15
22042 148
22042 284
22042 94
22042 335
22042 154
22042 350
22042 291
22042 356
22042 270
22042 50
22042 279
22042 278
22042 132
22042 255
22042 58
22042 206
22042 227
22042 215
22042 226
22155 34
22155 4
22155 10
22155 45
22155 8
22155 25
22155 44
22155 14
22155 40
22155 5
21780 38
21780 22
21780 39
21780 6
22028 25
22028 19
22028 52
22028 34
22028 16
22028 61
22028 76
22028 1
22028 75
22028 17
22028 71
22158 215
22158 123
22158 129
22158 210
22158 9
22158 218
22158 231
22158 23
22158 64
22158 86
22158 102
22158 227
22158 33
22158 162
22158 32
22158 74
22158 69
22158 87
22158 214
22158 233
22158 188
22158 136
22158 20
22158 113
22158 14
22158 103
22158 115
22158 84
22158 80
22158 146
22158 224
22158 153
22158 29
22158 200
22158 35
22158 151
22158 131
22158 145
22158 101
22158 192
22158 142
22158 121
22158 94
22158 56
22158 48
22158 30
22158 34
22158 221
22158 204
22158 183
22158 55
22158 36
22158 143
22158 85
22158 134
22158 49
22158 220
22158 21
22158 167
22158 126
22158 144
22158 39
22158 73
22158 125
22158 149
22158 120
22158 185
22158 7
22158 234
22158 118
22158 165
22158 98
22158 41
22158 186
22158 70
21594 40
21594 43
21594 39
21594 19
21594 35
21594 7
21594 25
21594 47
21594 6
21594 22
21594 38
21594 62
21594 61
21594 34
21594 57
21594 29
21594 18
21594 4
22039 187
22039 437
22039 269
22039 13
22039 259
22039 106
22039 142
22039 31
22039 534
22039 125
22039 232
22039 173
22039 35
22039 550
22039 73
22039 446
22039 235
22039 54
22039 461
22039 108
22039 455
22039 254
22039 199
22039 1
22039 18
22039 146
22039 243
22039 471
22039 331
22039 518
22039 56
22039 136
22039 178
22039 82
22039 205
22039 262
22039 116
22039 430
22039 155
22039 251
22039 68
22039 361
22039 237
22039 346
22039 492
22039 154
22039 431
22039 28
22039 367
22039 55
22039 99
22039 356
22039 465
22039 524
22039 458
22039 315
22039 39
22039 27
22039 161
22039 92
22039 376
22039 200
22039 57
22039 244
22039 363
22039 219
22039 303
22039 152
22039 81
22039 535
22039 47
22039 403
22039 435
22039 522
22039 418
22039 386
22039 195
22039 397
21583 22
21583 6
21583 18
22244 42
22244 3
22244 83
22244 71
22244 44
22244 36
22244 98
22244 81
22244 50
22244 19
22244 37
22244 2
22244 26
22244 80
22244 63
22244 43
22244 84
22244 74
22244 8
22244 77
22244 4
22244 48
22244 49
22244 17
22244 5
22244 62
22244 0
22244 60
22244 22
22244 18
22244 97
22244 67
22244 51
22244 78
22244 69
22244 53
22244 33
22244 72
22244 45
21499 3
21985 21
21985 97
21985 90
21985 99
21985 57
21985 73
21985 33
22050 17
22265 48
22265 82
22265 44
22265 104
22265 46
22265 19
22265 4
22265 96
22265 7
22265 10
22265 81
22265 40
22265 29
22265 103
22265 63
22265 101
22265 85
22265 92
22265 90
22265 86
22265 57
22077 43
22077 12
22077 6
22077 32
22077 15
22077 44
21785 19
21785 20
21785 38
21785 115
21785 142
22116 18
22116 16
22116 0
22116 11
21440 9
21440 12
21440 82
21440 89
21440 116
21440 23
21440 50
21440 71
21440 128
21440 0
21440 75
21440 79
21440 81
21440 3
21440 122
21440 127
21440 59
21440 76
21440 35
21440 46
21440 52
21440 114
21440 72
21440 132
21440 136
21440 6
21440 29
21440 70
22162 34
22162 63
22162 37
22162 56
22162 57
22162 3
22162 58
22162 25
22162 5
22162 12
22162 48
22162 33
22162 10
22162 14
22162 17
22162 22
22162 65
22162 42
21800 30
21800 40
21668 18
21668 33
21668 56
21668 90
21668 30
21668 11
21668 27
21668 65
21668 21
21668 22
21668 52
21668 68
21668 91
21668 24
21668 75
22078 18
22078 31
22078 108
22078 114
22078 32
22078 55
22078 48
22078 97
22078 29
22078 74
22078 50
22078 129
22078 54
22150 177
22150 108
22150 64
22150 16
22150 136
22150 27
22150 120
22150 26
22150 160
22150 186
22150 101
22150 156
22150 198
22150 100
22150 182
22150 142
22150 50
22150 192
22150 79
22150 104
22150 184
22150 159
22150 86
22150 110
22150 42
22150 135
22150 116
22150 23
22150 195
22150 113
22150 163
22150 209
22150 176
21918 52
21918 5
21918 204
21918 144
21918 32
21918 110
21918 156
21918 60
21918 93
21918 227
21918 33
21918 184
21918 58
21918 24
21918 69
21918 147
21918 17
21918 107
21918 97
21918 134
21918 72
21918 98
21918 74
21918 178
21918 70
21918 131
21918 210
21918 228
21918 68
21763 41
21763 113
21763 141
21607 12
21607 41
21607 19
21607 35
21607 23
21607 53
21607 24
21607 36
21607 48
21607 25
21607 47
21607 30
21607 51
21607 13
21607 55
22126 225
22126 184
22126 185
22126 18
22126 113
22126 103
22126 62
22126 163
22126 190
22126 120
22126 98
22126 89
22126 187
22126 171
22126 155
22126 139
22126 115
22126 136
22126 65
22126 100
22126 196
22126 143
22126 150
22126 85
22126 165
21486 122
21486 137
21486 39
21486 57
21486 83
21486 132
21486 106
21486 38
21486 47
21486 56
21486 92
21486 130
21486 144
21486 8
21486 11
21486 13
21486 80
21486 96
21486 77
21486 94
21486 113
21486 121
21486 2
21486 9
21486 10
21486 14
21486 42
21486 60
21486 87
21486 98
21486 101
21486 116
21486 127
21486 131
22172 63
22172 67
22172 72
22172 31
22172 14
22172 82
22172 30
22172 74
22172 47
22070 19
22070 5
22070 0
22070 14
22070 13
22070 27
21514 7
21514 13
21514 18
21514 21
21514 8
21514 9
21514 11
21514 6
21514 10
21514 16
21514 20
21514 22
22031 8
22031 0
21749 5
21749 58
21749 30
21749 29
21749 33
21749 42
21749 13
21749 21
21749 62
21749 37
21502 72
21502 63
21502 11
21502 20
21502 22
21502 29
21502 33
21502 79
21502 77
21502 21
21502 60
21502 28
21502 65
21502 84
21502 18
21502 40
21502 59
21502 74
21502 86
21502 19
21502 103
21502 26
21502 76
21760 305
21760 328
21760 31
21760 11
21760 37
21760 41
21760 153
21760 292
21760 298
21760 18
21760 27
21760 134
21760 285
21760 238
21760 52
21760 78
21760 195
21760 8
21760 118
21760 330
21760 136
21760 169
21760 104
21760 124
21760 161
21760 180
21760 209
21760 239
21760 280
21760 317
21760 260
21760 345
21760 130
21760 235
21760 62
21760 128
21760 288
21760 303
21760 248
21760 279
21760 323
21760 237
21760 234
21760 236
21760 315
21760 20
21760 55
21760 77
21760 184
21760 60
21760 132
21760 1
21760 112
21760 36
21760 5
21760 72
21760 85
21760 101
21760 127
21760 269
21760 297
21760 304
21760 308
21760 326
21760 152
21760 172
21760 186
21760 198
21760 226
21760 70
21760 179
21458 26
21458 24
21458 30
21458 53
21458 55
21458 10
21458 68
21458 69
21458 5
21458 7
21458 39
21458 42
21458 67
21458 61
21458 18
21458 36
21458 1
21458 20
21458 62
21458 13
21458 27
21458 35
21458 31
21458 37
21711 17
21711 38
21711 52
21711 120
21711 13
21601 6
21601 33
21601 99
21601 102
21601 119
21601 91
21601 118
21601 120
21601 54
21601 5
21601 38
21601 42
22264 251
22264 227
22264 67
22264 69
22264 276
22264 129
22264 215
22264 161
22264 171
22264 118
22264 290
22264 284
22264 144
22264 304
22264 243
22264 42
22264 206
22264 235
22264 38
22264 126
22264 140
22264 74
22264 116
22264 310
22264 283
22264 123
22264 205
22264 31
22264 159
22264 148
22264 84
22264 5
22264 176
22264 301
22264 105
22264 107
22264 216
22264 184
22264 76
22264 114
22264 128
22264 228
22264 21
22264 47
22264 60
22264 291
22264 29
22264 77
22264 172
22264 273
22264 230
22264 1
22264 13
22264 207
22264 90
22264 234
22264 297
22264 15
22264 246
22264 87
22264 73
22264 307
22264 289
22264 86
22264 137
22264 181
22264 164
22264 157
22264 259
22264 193
22264 190
22264 134
22264 108
22264 37
22264 45
22264 64
22264 177
22264 10
22264 213
22264 0
22264 309
22264 57
22264 127
22264 80
22264 33
22264 242
22264 313
22264 44
22264 268
22264 229
22264 185
22264 26
22264 158
22264 16
22264 156
22264 136
22264 226
22264 255
22264 56
22264 188
22264 241
22264 97
22264 66
22264 72
22264 267
22264 103
22264 279
22264 46
22264 182
22264 92
22264 111
22264 292
22264 170
22264 9
22264 201
22264 298
22264 178
22264 117
22264 50
22264 83
22264 175
22264 147
22264 262
22264 152
22264 167
22264 204
22264 240
22264 266
22264 286
22264 41
22264 272
22264 109
21542 5
21542 41
21542 39
21542 1
21542 64
21542 55
21542 57
21542 9
21542 52
21542 4
21542 7
21542 20
21542 32
21542 47
21542 50
21542 42
21542 44
21542 3
21542 19
21542 22
21542 37
21542 66
21542 56
21542 27
21542 21
21542 40
22144 78
22144 62
22144 33
21854 27
21524 37
21524 45
21524 49
21524 40
21667 49
21667 140
21667 181
21667 228
21667 242
21667 296
21667 335
21667 347
21667 156
21667 199
21667 203
21667 233
21667 282
21667 291
21667 310
21667 220
21667 109
21667 129
21667 160
21667 169
21667 170
21667 300
21667 211
21667 252
21667 279
21667 373
21667 392
21667 164
21667 210
21667 290
21667 380
21667 25
21667 155
21667 184
21667 315
21667 393
21667 125
21667 43
21667 154
21667 254
21667 260
21667 344
21667 148
22154 80
21511 27
21511 32
21511 34
21511 64
21511 87
21511 91
21511 93
21511 96
21511 39
21511 42
21511 146
21511 60
21511 94
21511 121
22244 47
22244 66
22244 27
22244 85
21885 77
21885 138
21885 210
21885 74
21885 19
21885 204
21885 169
21885 134
21885 75
21885 170
21885 175
21885 106
21885 102
21885 133
21885 120
21885 101
21885 63
21885 135
21885 200
21885 187
21885 5
21885 188
21885 121
21885 155
21885 55
21885 136
21885 156
21885 64
21885 126
21885 171
21885 181
21885 29
21885 103
21885 174
21885 184
21885 194
21885 40
21885 68
21885 166
21885 84
21885 27
21885 4
21885 57
21885 162
21885 105
21885 146
21885 24
21885 69
21885 201
21885 144
21885 137
21885 208
21885 62
21885 39
21885 104
21885 195
21885 122
21885 1
21885 2
21885 21
21885 34
21885 44
21885 73
21885 22
21885 209
21885 160
21885 152
21885 142
21885 124
21885 206
21885 23
21885 113
21885 107
21885 33
21885 6
21885 87
21537 91
21537 284
21537 303
21537 148
21537 263
21537 327
21537 461
21537 482
21537 500
21537 516
21537 532
21537 414
21537 480
21537 23
21537 139
21537 275
21537 231
21537 123
21537 280
21537 387
21537 411
21537 356
21537 175
21537 6
21537 24
21537 317
21537 395
21537 445
21537 198
21537 268
21537 378
21537 58
21537 94
21537 185
21537 32
21537 117
21537 279
21537 290
21537 437
21537 489
21537 497
21537 53
21537 162
21537 204
21537 234
21537 418
21537 465
21537 483
21537 172
21537 308
21537 312
21537 386
21537 43
21537 52
21537 235
21537 248
21537 299
21537 156
21537 336
21537 364
21537 391
21537 13
21537 54
21537 227
21537 319
21537 36
21537 180
21537 272
21537 430
21537 142
21537 27
21537 87
21537 116
21537 294
21537 433
21537 462
21537 515
21537 435
21537 5
21537 10
21537 110
21537 298
21537 26
21537 250
21537 271
21537 325
21537 149
21537 197
21537 207
21537 205
21537 222
21537 247
21537 321
21537 382
21537 460
21537 469
21537 478
21537 22
21537 72
21537 127
21537 209
21543 32
21543 38
21543 47
21543 107
21543 28
21543 101
21543 158
21543 161
21543 192
21543 5
21543 51
21543 106
21543 130
21543 166
21543 266
21543 276
21543 284
21543 120
21543 218
21543 219
21543 45
21543 104
21543 140
21543 202
21543 211
21543 29
21543 52
21543 95
21543 177
21543 156
21543 179
21543 229
21515 44
21515 78
21515 17
21515 109
21515 148
21515 62
21515 129
21515 35
21515 108
21515 116
21515 147
21515 25
21515 51
21515 86
21515 16
21515 103
21515 132
21515 152
21813 43
21813 142
21813 109
21813 61
21813 82
21813 16
21813 23
21813 26
21813 90
21441 25
21441 44
21441 9
21441 19
21441 8
21980 29
21980 47
21980 24
21980 27
21980 5
21980 25
21980 11
21980 13
21980 37
21726 2
21726 12
21726 11
21726 22
21726 26
21484 2
21484 18
21484 26
21484 3
21484 5
21788 117
21788 123
21788 153
22258 23
22258 20
22258 2
22258 19
22258 17
22258 30
22258 39
22258 40
22258 18
22258 21
22258 4
22258 42
22258 33
22258 27
22258 14
22258 1
22258 15
22258 43
22258 16
21929 109
21929 92
21929 36
21929 54
21413 32
21413 7
21413 4
21413 38
21413 24
21413 19
21413 6
21413 13
21413 34
21413 23
21413 29
21443 95
21443 98
21443 108
21443 114
21443 84
21443 105
21443 107
21443 116
21443 79
21443 91
21443 97
21443 26
22037 29
22037 77
22037 122
22037 169
22037 159
22037 59
22037 34
22037 65
22037 134
22037 185
22037 207
22037 28
22037 73
22037 11
22037 212
22037 10
22037 183
22037 166
22037 256
22037 220
22037 3
22037 143
22037 146
22037 93
22037 68
22037 98
22037 44
22037 124
22037 234
22037 145
22037 57
22037 137
22037 63
22037 141
22037 252
22037 114
22037 99
22037 75
22037 80
21461 1
21461 5
21461 4
21462 14
21462 19
21462 40
21462 44
21462 63
21462 68
21462 9
21462 64
21462 78
21462 73
21462 31
21462 90
21462 6
21462 51
21462 84
21808 2
21655 305
21655 2
21655 306
21655 323
21655 198
21655 67
21655 213
21655 155
21655 165
21655 196
21655 199
21655 279
21655 171
21655 64
21655 75
21655 90
21655 151
21655 216
21655 272
21655 126
21655 206
21655 234
21655 267
21655 303
21655 157
21655 220
21655 61
21655 112
21655 54
21655 136
21655 175
21655 223
21655 313
21655 263
21655 229
21655 245
21655 253
21655 302
21655 68
21655 8
21655 9
21655 48
21655 62
21655 49
21655 58
21655 184
21655 329
21655 334
21655 21
21655 37
21655 104
21655 129
21655 183
21655 66
21655 318
21655 322
21655 230
21655 122
21655 190
21655 265
21655 277
21655 283
21655 57
21655 117
21655 321
21655 26
21495 2
21495 15
21495 65
21495 44
21495 47
21495 66
21495 79
21495 82
21495 85
22051 28
22051 48
22051 16
22051 26
22051 13
22051 32
21811 115
21811 332
21811 102
21811 180
21811 45
21811 463
21811 104
21811 68
21811 165
21811 204
21811 211
21811 229
21811 379
21811 195
21811 310
21811 393
21811 542
21811 387
21811 198
21811 420
21811 399
21811 84
21811 502
21811 505
21811 5
21811 78
21811 363
21811 274
21811 47
21811 522
21811 86
21811 362
21811 389
21811 508
21811 512
21811 46
21811 425
21811 22
21811 139
21811 185
21811 244
21811 303
21811 529
21811 159
21811 162
21475 32
21475 34
21475 39
21475 56
21475 11
21475 43
21475 27
21475 21
21475 2
21475 20
21475 38
21979 14
21979 10
22035 38
22035 2
22035 22
22035 3
22035 45
22035 24
22035 23
22143 2
22011 23
22011 34
22011 28
22011 4
22011 21
22011 27
22011 18
22011 10
22011 25
22011 14
21972 143
21972 174
21972 196
21972 73
21972 118
21972 125
21972 152
21972 87
21972 156
21972 134
21972 29
21972 9
21972 107
21972 214
21972 224
21972 243
21972 167
21972 31
21972 210
21972 254
21972 97
21972 14
21972 232
21972 228
21972 101
21972 40
21972 99
21972 239
21972 140
21972 8
21972 45
21972 5
21972 71
22176 9
22176 81
22176 65
22176 21
21785 10
21785 44
21785 16
21785 3
21785 58
21785 68
21785 81
21785 103
21785 133
21785 66
21785 76
21785 106
21785 111
21785 146
21785 60
21785 73
21785 46
21785 75
21785 123
21785 127
21785 2
21785 6
21785 61
21785 94
21785 109
21785 114
21785 132
21785 9
21785 129
21785 136
21785 80
21785 128
21785 52
21785 48
21785 0
21785 29
21785 56
21785 42
21785 78
21785 90
21785 96
21785 144
21785 8
21785 34
21785 33
21785 11
21785 31
21785 37
21785 39
21785 51
21785 4
21749 17
21749 45
21749 71
21749 35
21749 38
21749 67
22052 148
22052 352
22052 48
22052 170
22052 78
22052 27
22052 138
22052 258
22052 326
22052 373
22052 173
22052 301
22052 230
22052 378
22052 180
22052 250
22052 328
22052 11
22052 8
22052 292
22052 196
22052 234
22052 343
22052 43
22052 2
22052 330
22052 186
22052 245
22052 262
22052 182
22052 344
22052 265
22052 374
22052 52
22052 1
22052 166
22052 386
22052 161
22052 345
22052 152
22052 157
22052 199
22052 382
22052 291
21885 153
21885 3
21885 127
21885 177
21885 185
21885 83
21702 168
21702 125
21702 149
21702 144
21702 147
21702 65
21702 93
21702 15
21702 130
21702 138
21702 159
22171 14
22171 55
22171 38
22171 5
22171 9
22171 13
22171 40
22171 57
22171 24
22171 54
22171 23
22171 30
22171 37
22171 15
22171 18
22171 19
22171 45
22171 46
22171 8
22171 16
22171 42
21946 88
21946 130
22154 18
22154 46
22154 71
22154 33
22154 70
22154 79
22154 13
22154 66
22154 59
22154 58
22154 7
21617 3
21652 40
21652 52
21652 59
21652 50
21652 20
21652 30
21652 37
21652 58
21652 16
21652 3
21652 81
21652 7
21652 35
21652 33
21652 6
21652 47
21652 67
22081 43
22081 42
22081 33
22081 3
22081 17
21588 48
21588 13
21588 22
21588 60
21588 35
21588 64
21842 77
21842 114
21842 162
21842 72
21842 15
21842 21
21842 47
21842 67
21842 24
21842 18
21842 61
21842 65
21842 172
21842 176
21842 179
21842 42
21842 79
21842 122
21842 123
21842 138
21842 60
21842 132
21842 63
21842 105
21842 112
21842 149
21842 164
21842 159
21842 4
21842 45
21842 73
21842 109
21842 152
21842 102
21842 151
21842 156
21842 157
21842 51
21842 80
21842 134
21842 83
21842 131
21842 170
21842 12
21842 74
21842 19
21842 40
21842 22
21842 100
21842 106
21842 0
21842 29
21842 37
21842 147
21842 127
21842 26
21842 32
21842 44
21842 96
21842 103
21842 17
21842 56
21842 70
21842 88
21842 141
22066 8
21786 114
21786 155
21786 196
21786 215
21786 253
21786 153
21786 228
21786 156
21786 250
21786 238
21786 181
21786 3
21786 16
21786 173
21786 185
21786 190
21786 191
21786 271
21786 144
21786 109
21786 220
21786 101
21786 182
21786 193
21786 232
21786 288
21786 128
21786 157
21786 283
21786 70
21786 106
21786 188
21786 94
21786 284
21786 237
21786 282
21786 116
21786 212
21786 87
21786 95
21786 137
21786 255
21786 163
21786 166
21786 174
21786 219
21786 141
21786 152
21786 265
21786 290
21786 96
21786 110
21786 257
21786 36
21786 40
21786 44
21786 45
21786 49
21786 79
21786 6
21786 11
21786 69
21786 71
21786 78
21786 159
21786 275
21786 12
21786 47
21786 57
21786 60
21786 148
21786 222
21786 136
21786 143
21786 170
21786 189
21786 208
21786 209
21786 246
21786 291
21786 150
21786 223
21786 262
21786 10
21786 15
21786 17
21786 55
21786 59
21786 256
21786 80
21786 241
21786 287
21786 145
21786 213
21786 229
21786 270
21786 13
21786 26
21786 62
21786 146
21786 266
21712 28
21712 3
21712 4
21712 14
21712 23
21712 0
21712 2
21712 7
21712 12
21712 27
21712 9
21712 11
21712 10
21712 13
21712 18
21712 24
21676 61
21676 93
21676 45
21676 94
21676 97
21676 1
21676 17
21676 120
21676 56
21676 95
21676 53
21676 78
21676 64
21676 118
21519 90
21929 107
21929 108
21929 69
21929 88
21929 61
21929 99
21929 81
21929 33
21929 55
21929 32
21929 25
21929 40
21929 53
21929 37
21929 71
21929 95
21929 46
21929 70
21929 89
21929 10
21929 75
21929 60
21929 41
21929 45
21929 94
21929 83
21929 59
21929 102
21929 64
21929 48
21929 31
21929 93
21929 57
21896 28
21896 30
21896 11
21506 1
21819 40
21819 41
21706 416
21706 441
21985 45
21985 66
21985 86
21985 47
21985 37
21985 103
21985 0
21985 38
21985 107
21985 55
21985 84
21985 82
21985 77
21985 100
21985 11
21985 78
21985 76
21985 87
21985 8
21985 40
22254 8
21468 47
21468 176
21468 346
21468 415
21468 430
21468 519
21468 104
21468 368
21468 372
21468 417
21468 458
21468 7
21468 54
21468 158
21468 243
21468 364
21468 121
21468 178
21468 247
21468 248
21468 49
21468 73
21468 165
21468 202
21468 34
21468 5
21468 95
21468 321
21468 412
21468 421
21468 208
21468 232
21468 394
21468 432
21468 168
21468 218
21468 289
21468 322
21468 433
21468 338
21468 381
21468 435
21468 449
21468 485
21468 8
21468 89
21468 93
21468 115
21468 197
21468 288
21468 481
21468 525
21468 537
21468 555
21468 138
21468 156
21468 215
21468 277
21468 294
21468 315
21468 22
21468 31
21468 239
21468 255
21468 414
21468 58
21468 102
21468 116
21468 26
21468 303
21468 323
21468 341
21468 450
21468 75
21468 94
21468 244
21468 266
21468 416
21676 21
21676 0
21676 41
21676 52
21676 111
21676 81
21676 51
21676 98
21676 60
21676 74
21676 72
21676 4
21676 116
21676 108
21676 32
21676 96
21676 106
21676 49
21676 10
21676 18
21676 73
22256 12
22256 50
22256 32
22244 64
22244 75
21516 79
21516 28
21516 32
21516 76
21516 43
21516 80
21516 73
21516 9
21516 61
21516 14
21516 57
21516 65
21516 68
21516 75
21516 8
21516 20
21516 66
21920 17
21920 4
21920 68
21920 36
21920 51
21920 38
21920 42
21920 14
21920 26
21442 124
21442 170
21442 2
21442 60
21442 91
21442 157
21442 178
21442 58
21442 81
21442 136
21442 164
21442 90
21442 114
21442 189
21442 10
21442 153
21442 54
21442 161
21442 163
21541 71
21541 117
21541 170
21541 197
21541 79
21541 88
21541 108
21541 223
21541 89
21541 195
21541 210
21541 253
21541 120
21541 159
21541 77
21541 139
21541 141
21541 166
21541 31
21541 92
21541 144
21541 150
21541 192
21541 18
21541 19
21541 249
21541 67
21947 61
21947 2
21947 88
21947 95
21947 96
21947 107
21947 19
21947 11
21947 53
21947 93
21947 104
21947 91
21947 82
22133 49
22133 80
22133 60
22133 11
22133 13
22133 34
22133 25
22133 10
21975 20
21975 76
21975 88
21975 28
21975 92
21975 61
21975 57
21975 42
21975 11
21975 13
21975 89
21975 25
21975 54
21975 74
21975 18
21975 37
21975 67
21975 75
21975 68
21975 56
21975 49
21926 13
21926 18
21926 30
21926 11
21835 5
21579 66
21579 200
21579 346
21579 29
21579 109
21579 72
21579 165
21579 174
21579 276
21579 83
21579 95
21579 117
21579 120
21579 135
21828 2
21828 16
21828 5
21828 6
21828 7
21828 18
21828 14
21717 41
21717 26
21717 16
21717 15
21717 21
21717 28
21717 1
21717 9
21717 30
21717 33
21717 18
21717 40
21717 22
21717 7
21717 36
21717 37
21717 5
21717 46
21942 5
21857 153
21857 69
21857 60
21857 16
21857 84
21857 12
21857 52
21969 12
21920 33
21920 60
21920 69
22074 4
22074 5
22074 21
22074 36
22074 52
22074 13
22074 88
22074 9
22074 38
22074 83
22074 32
22074 66
22074 28
22074 15
22074 31
22074 92
22074 63
22074 90
22074 24
22074 3
22074 18
22074 67
22074 33
22074 7
22074 55
22074 56
22074 8
22074 42
22074 47
21694 26
21694 8
22147 55
22147 27
22147 31
22147 14
22147 61
22147 64
21988 10
21988 318
21988 527
21988 231
21988 500
21988 530
21988 276
21988 522
21988 355
21988 393
21988 369
21988 461
21988 249
21988 156
21988 395
21988 87
21988 260
21988 198
21988 248
21988 426
21988 519
21988 524
21988 290
21988 135
21988 400
21988 518
21988 442
21988 509
21988 122
21988 72
21988 416
21988 167
21988 462
21988 163
21988 271
21988 363
21988 27
21988 376
21988 182
21988 408
21988 446
21988 94
21988 291
21988 407
21988 418
21988 261
21988 401
21988 326
22173 111
22173 292
22173 186
22173 177
22173 291
22173 117
22173 288
22173 212
22173 133
22173 377
22173 397
22173 192
22173 144
22173 88
22173 51
22173 234
22173 138
22173 482
22173 275
22173 180
22173 65
22173 422
22173 47
22173 448
22173 316
22173 290
22173 470
22173 118
22173 477
22173 421
22173 461
22173 402
22173 326
22173 131
22173 286
22173 54
22173 167
22173 466
22173 464
22173 339
22173 367
22173 201
22173 363
22173 238
22173 479
22173 287
22173 429
22173 112
22173 308
22173 264
22173 343
22173 146
22173 285
22173 2
22173 420
22173 85
22173 406
22173 81
22173 328
22173 94
22173 113
22173 283
22173 63
22173 199
22173 440
22173 350
22173 458
22173 160
22173 408
22173 472
22173 163
22173 19
22173 198
22173 207
22173 375
22173 341
22173 149
22173 156
22173 407
22086 193
22086 501
22086 331
22086 154
22086 343
22086 319
22086 149
22086 505
22086 270
22086 186
22086 317
22086 490
22086 496
22086 44
22086 165
22086 358
22086 255
22086 100
22086 333
22086 18
22086 373
22086 478
22086 524
22086 368
22086 76
22086 298
22086 287
22086 440
22086 114
22086 513
22086 437
22086 283
22086 206
22086 464
22086 229
22086 152
22086 143
22086 246
22086 51
22086 102
22086 240
22086 136
22086 553
22086 403
22086 386
22086 286
22086 274
22086 216
22086 181
22086 509
22086 334
22086 453
22086 534
22086 516
22086 542
22086 106
22086 121
22086 166
22086 70
22086 238
22086 350
22086 351
22086 28
22086 346
22086 376
22086 340
22086 300
22086 135
22086 146
22086 42
22060 35
22060 36
22060 24
22060 28
22060 45
22060 0
22060 3
22060 40
21778 38
21778 74
21778 100
21778 111
21778 9
21778 14
21778 11
22162 64
22162 1
22162 8
22162 18
22162 21
22162 60
22162 39
22162 6
22162 41
22162 50
22162 36
21631 62
21631 142
21631 30
21631 12
21631 19
21631 95
21631 32
21631 76
21631 29
21631 45
21631 134
21631 139
21631 155
21700 24
21554 16
21554 69
21554 74
21554 134
21554 137
21554 9
21554 73
21554 112
21554 161
21554 78
21554 89
21554 102
21554 108
21554 11
21554 121
21554 18
21554 101
21554 132
21554 113
21554 153
21554 79
21554 145
21554 72
21554 94
21554 103
21554 128
21554 143
21554 62
21554 160
21554 122
21554 127
21554 3
21554 92
21554 130
21554 144
21554 104
21554 97
21554 120
21554 149
21554 42
21554 26
21554 44
21554 53
21554 12
21554 56
21554 20
21554 31
21429 5
21429 3
21429 21
21429 18
21429 20
21429 14
21429 0
21666 19
21666 33
21666 15
21666 28
21666 32
21666 17
21666 30
21666 13
21666 24
21666 31
21802 22
21802 150
21827 31
21993 128
21993 24
21993 45
21993 40
21993 5
21993 108
21993 21
21993 49
21993 4
21993 130
21993 124
21993 109
21993 86
21993 127
21993 77
21993 84
21993 87
21993 136
21993 76
21993 56
21993 31
21993 48
21993 12
21993 114
21993 107
21993 50
21993 3
21993 28
21993 30
21993 29
21993 121
21993 53
21993 119
21993 99
21993 58
21993 74
21993 70
21993 1
21993 111
21993 25
21993 2
21993 98
21923 20
21923 156
21725 0
21725 21
21725 44
21725 20
21725 1
21725 14
21725 32
21725 35
21725 46
22036 23
22036 4
22052 334
22052 270
22052 179
22052 5
22052 354
22052 120
22052 229
22052 393
22052 109
22052 141
22052 272
22052 241
22052 184
22052 296
22052 125
22052 101
22052 24
22052 53
22052 130
22052 367
22052 97
22052 227
22052 9
22052 260
22052 50
22052 160
22052 192
22052 303
22052 268
22052 312
22052 232
22052 82
22052 158
22052 300
22052 261
22052 105
22052 139
22052 277
22052 211
22052 37
22052 172
22052 104
22052 76
22052 233
22052 164
22052 342
22052 191
22052 275
22052 84
22052 51
22052 59
22052 215
22052 6
22052 251
22052 306
22052 355
22052 238
22052 154
22052 132
22052 404
22052 93
22052 361
22052 28
22052 135
22052 357
22052 45
22052 178
22052 116
22052 55
22052 108
22052 402
21949 11
21949 15
21949 30
22018 10
22018 13
22018 6
21444 16
21444 19
21501 109
21501 139
21501 143
21501 180
21501 12
21501 233
21501 276
21501 341
21501 42
21501 62
21501 164
21501 322
21501 60
21501 188
21501 314
21501 106
21501 389
21501 63
21501 155
21501 288
21501 5
21501 46
21501 102
21501 178
21501 396
21501 65
21501 125
21501 170
21501 239
21501 303
21501 30
21501 169
21501 138
21501 244
21501 21
21501 156
21501 316
21501 399
21501 4
21501 128
21501 247
21501 283
21501 33
21501 305
21501 58
21501 117
21501 210
21501 212
21501 324
21501 13
21501 56
21501 114
21501 231
21501 363
22233 7
22233 13
22233 9
22129 18
22129 70
22129 103
22129 532
22129 180
22129 75
22129 450
22129 534
21738 34
21738 72
21738 1
21738 104
21738 95
21738 12
21738 46
21738 43
21738 53
21738 57
21738 96
21738 13
21738 88
21738 61
21738 81
21738 16
21738 74
21738 82
21738 63
21738 3
21738 38
21738 41
21738 80
21738 94
21738 105
21738 54
21738 17
21738 28
21738 77
21738 48
21738 59
21738 64
21738 0
21738 26
21738 33
21738 71
21738 76
21738 8
21738 31
21738 55
21738 67
21738 68
21738 101
21863 2
21863 0
21734 9
21734 11
21734 15
21734 10
21716 77
21716 88
21716 100
21716 144
21716 158
21716 1
21716 30
21716 31
21716 34
21716 6
21716 16
21716 46
21716 108
21716 180
21716 208
21716 95
21716 80
21716 105
21716 78
21716 97
21716 81
21716 83
21716 121
21716 200
21716 241
21716 90
21716 139
21716 185
21716 190
21716 204
21716 89
21716 92
21716 129
21716 164
21716 219
21716 22
21716 37
21716 44
21716 9
21716 35
21716 36
21716 13
21716 29
21716 38
21716 39
21716 249
21716 87
21716 149
21716 171
21716 178
21716 188
21716 70
21716 64
21716 127
21716 165
21716 237
21716 245
21716 54
21716 217
21716 107
21716 159
21716 176
21716 186
21716 134
21716 201
21716 210
21716 74
21716 124
21716 212
21716 243
21716 244
21716 62
21716 101
21716 117
21716 123
21716 146
21716 160
21716 71
21716 48
21716 145
21716 205
21716 238
21716 240
21716 119
21716 132
21716 142
21716 106
21716 135
21716 12
21716 18
21716 24
21488 0
21488 58
21488 83
21488 119
21488 66
21488 145
21488 11
21488 41
21488 78
21488 148
21488 26
21488 61
21488 89
21488 20
21488 29
21488 67
21488 109
21488 118
21488 1
21488 14
21488 50
21488 98
21488 9
21488 45
21488 54
21488 55
21488 65
21488 99
21488 153
21969 77
21969 102
21969 13
21969 6
21969 109
21969 65
21969 8
21969 111
21969 90
21969 110
22209 2
22209 1
22209 25
22209 28
22209 52
22209 13
22209 57
21608 63
21608 36
21608 49
21608 60
21608 67
21608 73
21608 62
21608 69
21608 56
21608 38
21608 39
21608 78
21608 83
21608 7
21608 79
21801 71
21801 57
21801 81
21801 137
21801 166
21801 177
21801 132
21801 7
21801 38
21801 91
21801 121
21801 138
21801 144
21801 13
21801 21
21801 45
21801 61
21801 131
21801 18
21883 10
21883 18
21883 36
21883 3
21883 14
21883 33
21883 24
21883 29
21883 8
21883 20
21625 7
21625 32
21625 14
21625 39
21625 5
21625 13
21625 31
21625 55
21625 58
21625 4
21625 35
21625 69
21625 71
21625 74
21978 55
21978 93
21978 184
21978 181
21978 122
21978 33
21978 106
21978 84
21978 49
21978 50
21978 161
21978 119
21978 121
21978 43
21978 114
21578 11
21578 4
21578 13
22102 73
22102 34
22102 70
22102 4
22102 135
22102 20
22102 99
22102 45
22102 144
22102 130
22102 33
22102 116
22102 90
22102 50
22102 67
22102 97
22102 52
22102 39
22102 55
22102 102
22102 108
22102 153
22102 41
22102 146
21933 101
21933 96
21933 23
21933 103
21933 73
21933 1
21933 145
21933 104
21933 42
21933 63
21933 33
21933 146
21933 93
21933 137
21933 10
21933 38
21933 85
21933 58
21933 48
21843 6
21843 2
21655 46
21655 154
21655 38
21655 87
21655 124
21655 197
21655 215
21655 298
21977 95
21977 34
21945 10
21945 204
21945 88
21945 99
21945 116
21945 31
21945 51
21945 162
21945 120
21945 94
21945 54
21945 63
21945 169
21945 165
21945 167
21945 11
21945 176
21945 179
21945 216
21945 3
21945 171
21945 61
21945 32
21945 1
21945 19
21945 125
21945 8
21945 80
21945 130
21945 214
21945 82
21945 153
21896 8
21896 1
21896 20
21896 12
21896 17
21896 14
21896 24
21896 26
21896 0
21896 3
21694 36
21694 29
21694 7
21694 18
21694 38
21694 15
21694 9
21694 2
21694 12
21694 25
21694 37
21694 3
21694 1
22137 18
22137 1
22137 37
22137 29
22137 14
22137 23
22137 51
22137 53
22137 27
21660 25
21660 50
21660 61
21660 93
21660 81
21660 127
21660 147
21660 30
21660 57
21660 83
21660 66
21760 40
21760 76
21760 135
21760 142
21760 185
21760 306
21760 338
21760 340
21840 96
21840 117
21840 140
21840 73
21840 55
21840 49
21840 109
21840 85
21840 13
21840 97
21840 138
21840 82
21840 120
21840 118
21840 42
21840 52
21840 106
21840 133
21840 159
21685 52
21685 90
21685 126
21685 20
21685 134
21446 75
21446 111
21446 15
21446 72
21446 83
21446 57
21446 91
21446 102
21446 89
21756 103
21756 268
21756 112
21756 246
21756 244
21756 255
21756 129
21756 238
21756 263
21756 68
21756 76
21756 143
21756 232
21756 243
21756 64
21756 99
21756 154
21756 229
21756 88
21756 97
21756 210
21756 227
21756 30
21756 49
21756 102
21756 135
21756 200
21756 147
21756 150
21756 94
21756 43
21756 277
21756 73
21756 63
21756 125
21756 136
21756 144
21756 60
21756 86
21756 58
21756 194
21756 285
21756 39
21756 19
21756 42
21756 48
21756 90
21756 132
21756 161
21756 250
21756 25
21756 23
21756 82
21756 235
21756 7
21756 17
21756 276
21756 290
21756 38
21756 50
21756 56
21756 158
21756 182
21756 96
21756 146
21756 162
21756 198
21756 183
21756 228
21756 221
21756 188
21756 240
21756 20
21756 272
21756 101
21756 127
21756 279
21756 178
21756 114
21756 91
21756 106
21470 36
21470 37
21470 21
21470 12
21470 28
21470 5
21470 13
21470 32
21822 18
21822 87
21822 95
21822 130
21822 128
21822 27
21822 44
21822 92
21822 163
21822 190
21822 16
21822 59
21822 96
21822 164
21822 209
21822 57
21822 86
21822 108
21822 227
21822 19
21822 31
21822 111
21822 145
21822 189
21822 26
21822 39
21822 104
21822 165
21822 201
21822 8
21822 15
21822 60
21822 155
21822 186
21822 74
21822 110
21822 24
21822 66
21822 5
21822 136
21822 139
21822 162
21822 188
21822 35
21822 97
21822 141
21822 191
21822 204
21822 147
21822 55
21822 71
22143 19
22143 17
22143 4
22143 76
22143 53
22143 55
22143 42
22143 98
22143 0
22143 51
21791 22
21791 82
21791 136
21791 87
21791 119
21791 127
21791 135
21791 12
21791 18
21791 54
21791 89
21791 17
21791 30
21791 31
21791 106
21791 63
21791 105
21791 146
21791 35
21889 27
21889 54
21889 58
21889 26
21889 61
21889 85
21889 55
21889 128
21889 39
21889 23
21889 124
21889 45
21889 11
21889 144
21671 0
21824 44
21824 13
21824 41
21824 22
21824 6
21824 20
21824 7
22047 39
22047 15
22047 5
22047 36
22047 42
21959 17
21959 131
21959 86
21959 22
21959 101
21959 72
21959 8
21959 0
21959 104
21959 68
21959 80
21959 52
22041 33
22041 34
22041 7
22041 22
21708 144
21708 157
21708 46
21708 88
21708 156
21708 65
21708 124
21708 52
21708 111
21708 161
21708 40
21708 149
21708 86
21708 90
21987 231
21987 179
21987 107
21987 142
21987 230
21987 30
21987 60
21987 182
21987 244
21987 61
21987 69
21987 259
21987 271
21987 72
21987 47
21987 163
21987 73
21987 90
21987 168
21987 119
22123 1
22123 54
22123 48
22123 86
22123 55
22123 94
22123 56
22123 98
22123 59
22123 126
22123 14
22123 143
22123 13
22123 63
22123 41
22123 102
22123 79
22123 78
22123 77
22123 17
22123 148
22123 142
22123 18
22123 105
22123 35
22123 114
22123 30
22123 80
22123 150
21654 49
21654 22
21654 45
21654 21
21654 2
21654 6
21654 43
21654 51
21654 48
22131 17
22131 65
22131 31
22131 33
22131 19
22131 7
22131 60
22131 42
22131 4
22131 15
22131 57
22131 49
22131 54
22131 56
22131 24
22131 68
22131 63
22131 39
22131 20
22131 0
22131 43
22131 45
22131 16
22131 30
22131 36
22131 13
22131 52
22131 48
22131 38
22131 47
22131 53
22131 61
22131 34
22131 32
22131 28
22131 11
21590 30
21590 12
21590 44
21590 54
21825 228
21825 103
21825 63
21825 117
21825 133
21825 270
21825 120
21825 70
21825 153
21825 220
21825 37
21825 274
21825 190
21825 99
21825 167
21825 142
21825 280
21825 260
21825 165
21825 338
21825 9
21825 10
21825 138
21825 168
21825 198
21825 29
21825 74
21825 116
21825 210
21700 32
21700 4
21700 22
21700 5
21700 7
21700 13
21700 26
21700 8
21679 132
21679 192
21679 201
21679 21
21679 96
21679 171
21679 262
21679 320
21679 329
21428 34
21428 60
21428 192
21428 311
21428 17
21428 90
21428 169
21428 212
21428 241
21428 31
21428 89
21428 16
21428 76
21428 82
21428 96
21428 202
21428 269
21428 41
21428 98
21428 287
21428 10
21428 72
21428 158
21428 204
21428 23
21428 172
21428 194
21428 259
21428 301
21428 33
21428 135
21428 231
21428 244
21428 40
21428 196
21428 225
21428 294
21428 308
21428 26
21428 68
21428 118
21428 281
21428 347
21428 48
21428 51
21428 207
21428 280
21428 332
21428 58
21428 132
21428 306
21428 310
21428 85
21428 97
21428 113
21428 148
21428 299
21428 64
21428 114
21428 320
21428 149
21428 213
21428 255
21428 268
21428 296
21428 47
21428 84
21428 154
21428 246
21428 63
21428 70
21428 79
21428 279
21428 59
21428 125
21428 298
21428 43
21428 180
21428 221
21428 312
21428 2
21428 86
21428 141
21428 240
21428 27
21428 80
21428 93
21428 99
21428 235
21428 139
21428 228
21428 88
21428 142
21428 191
21428 24
21428 120
21428 159
21428 183
21428 256
21428 325
21428 83
21428 130
21428 205
21428 324
21428 7
21428 106
21428 170
21428 190
21428 201
21428 275
21428 19
21428 28
21428 109
21428 341
21428 42
21428 152
21428 117
21428 49
21428 245
21428 265
21428 266
21428 300
21428 188
21459 51
21459 79
21459 29
21459 43
21459 10
21459 66
21459 92
21459 4
21459 52
21459 55
21672 98
21672 143
21672 188
21672 232
21672 287
21672 73
21672 129
21672 211
21672 247
21672 283
21672 343
21672 62
21672 103
21672 134
21672 258
21672 12
21672 23
21672 183
21672 200
21672 239
21672 163
21672 78
21672 130
21672 251
21672 348
21672 90
21672 125
21672 326
21672 72
21672 119
21672 141
21672 94
21672 102
21672 193
21672 203
21672 29
21672 249
21672 259
21672 308
21672 315
21672 273
21672 4
21672 140
21672 152
21672 360
21672 19
21672 89
21672 296
21672 333
21672 355
21672 336
21672 79
21672 108
21672 253
21672 311
21672 150
21672 121
21672 238
21672 268
21672 100
21672 123
21672 246
21672 301
21672 142
21672 154
21672 331
21672 337
21672 50
21672 99
21672 210
21672 269
21672 309
21672 38
21672 236
21672 324
21672 84
21672 185
21672 280
21672 367
21672 25
21672 45
21672 11
21672 27
21672 220
21672 282
21672 295
21672 371
21672 271
21672 10
21672 44
21672 191
21672 252
21672 373
21672 304
21672 68
21672 105
21672 172
21672 199
21672 113
21672 131
21672 167
21672 230
21672 137
21672 192
21672 285
21672 314
21672 51
21672 56
21672 107
21672 161
21672 274
21672 244
21672 266
21672 294
21672 335
21958 58
21958 64
21958 14
21958 61
21958 11
21958 23
21958 31
21958 74
21958 27
21958 9
21958 35
21958 28
21958 77
21958 1
21958 51
21958 63
21958 53
21958 2
21958 42
21958 40
21958 68
21958 8
21958 6
21958 80
21958 41
21958 52
21453 1
21453 4
22037 84
22037 26
22037 195
22037 7
22037 162
22037 79
22037 200
22037 109
22037 54
22037 125
22037 223
22037 15
22037 171
22037 233
22037 237
22037 160
22037 32
22037 112
22037 244
22037 100
22037 221
22037 14
22037 254
22037 251
22037 130
22037 20
21625 45
21625 72
21625 9
21625 65
21625 42
21625 63
21625 61
21709 3
21709 9
21709 1
21709 7
21709 2
21709 5
21912 17
21912 30
21912 2
21912 24
21912 7
21912 32
21912 23
21912 61
21912 73
21912 54
21912 43
21912 40
21912 65
21912 47
21912 52
21912 60
21912 77
21912 11
21912 59
21912 28
21912 68
21912 80
21801 152
21801 154
21801 161
21801 167
21801 180
21887 90
21887 51
21887 53
21887 24
21887 47
21887 69
21887 100
21887 118
21887 94
21887 95
21887 65
21887 1
21887 137
21887 17
21887 76
21887 80
21887 87
21887 49
21887 88
21887 105
21887 11
21887 114
21936 35
21936 1
21936 47
21936 125
21936 84
21936 52
21936 26
21936 57
21936 20
21936 115
21936 80
21936 14
21936 124
21936 0
21936 123
21936 43
21936 76
21936 140
21936 121
21713 16
21713 25
21713 2
21713 10
21713 22
21713 33
21713 4
21713 20
21713 24
21713 34
21713 1
21713 3
21713 19
21713 29
21428 67
21428 199
21428 314
21428 338
21428 8
21428 21
21428 37
21428 116
21428 138
21428 248
21428 271
21428 9
21428 22
21428 131
21428 157
21428 289
21428 6
21428 61
21428 236
21428 276
21428 25
21428 110
21428 239
21428 303
21428 260
21428 302
21428 328
21428 270
21428 283
21428 342
21428 344
21428 77
21428 81
21428 136
21428 206
21428 340
21428 345
21778 48
21778 45
21778 69
21778 107
21778 2
21778 57
21778 19
21778 85
21778 93
21778 96
21778 106
21778 29
21778 39
21778 52
21778 34
21778 55
21778 78
21778 59
21442 24
21442 30
21442 100
21442 154
21442 16
21442 115
21442 145
21442 184
21442 125
21442 193
21442 62
21442 159
21442 144
21442 64
21442 1
21442 57
21442 109
21442 44
21442 112
21442 122
21442 186
21442 22
21442 70
21442 77
21442 111
21442 146
21442 149
21442 17
21442 27
21442 49
21442 106
21442 127
21442 8
21442 15
21442 32
21442 98
21442 4
21442 108
21442 126
21442 130
21442 177
21442 50
21442 74
21954 297
21954 278
21954 217
21954 298
21954 148
21954 343
21954 338
21954 303
21954 63
21954 199
21954 330
21954 252
21954 77
21954 96
21954 106
21954 95
21954 123
21954 41
21954 170
21954 118
21954 16
21954 139
21954 268
21954 345
21954 308
21954 79
21954 153
21954 47
21954 245
21954 145
21954 159
21954 86
21954 36
21954 51
21954 54
21954 89
21954 161
21954 61
21954 271
21954 320
21954 258
21954 242
21954 87
21954 92
21954 183
21954 181
21954 31
21954 259
21954 126
21954 284
21954 105
21954 340
21954 17
21954 327
21954 184
21954 209
21954 23
21954 319
21954 203
21954 100
21954 240
21954 318
21954 194
21528 30
21528 34
21528 43
21528 11
21528 28
21528 32
21528 54
21528 15
21528 47
21528 25
21528 41
21528 7
21528 35
21528 14
21528 39
21528 37
21528 52
21528 10
21534 37
21534 50
21534 118
21534 24
21534 47
21534 71
21534 124
21534 162
21534 154
21534 12
21534 151
21534 159
21534 87
21534 143
21534 82
21534 164
21534 185
21534 188
21592 10
21592 58
21592 119
21592 130
21592 167
21592 173
21653 21
21653 73
21653 76
21653 108
21863 7
21863 5
21863 8
21863 9
21996 77
21996 12
21996 152
21996 22
21996 123
21996 53
21996 121
21996 150
21996 34
21996 136
21996 70
21996 10
21996 99
21996 88
21996 13
21996 108
21996 15
21996 42
21996 36
21996 94
21996 78
22206 82
22206 90
22206 12
21741 247
21741 208
21741 82
21741 171
21741 241
21741 2
21741 204
21741 21
21741 52
21741 125
21741 128
21741 64
21741 127
21741 133
21741 162
21741 37
21741 272
21741 287
21741 50
21741 74
21741 112
21741 130
21741 255
21741 14
21741 151
21741 252
21741 264
21741 271
21741 209
21741 240
21741 98
21741 200
21741 213
21741 215
21741 216
21741 107
21741 276
21741 275
21741 211
21741 224
21741 232
21741 251
21741 289
21741 65
21741 63
21741 72
21741 230
21741 47
21741 145
21741 278
21741 1
21741 4
21741 5
21741 20
21741 231
21741 108
21741 84
21741 268
21741 280
21741 69
21741 85
21741 92
21741 95
21741 99
21741 114
21741 152
21741 32
21741 34
21741 58
21741 167
21741 9
21741 27
21741 238
21741 253
21741 259
21741 39
21741 113
21741 279
21952 155
21952 174
21952 15
21952 130
21952 157
21952 134
21952 132
21952 61
21952 55
21952 221
21952 8
21952 176
21952 68
21952 165
21952 19
21952 93
21952 156
21952 164
21952 201
21952 94
21952 37
21952 118
22269 32
22269 123
22269 10
22269 23
22269 116
22269 11
22269 36
22269 33
22269 4
22269 29
22269 41
22269 13
22269 60
21921 17
21921 13
21921 105
21921 3
21921 6
21921 93
21921 89
21921 84
21921 21
21921 104
21921 66
21921 19
21921 102
21921 28
21921 79
21921 69
21921 90
21921 48
21921 4
21921 74
21921 56
21921 26
21921 100
21921 86
21921 92
21921 60
22233 0
22233 10
22233 1
22233 5
22233 11
21797 20
21797 21
22181 111
22181 146
22181 45
22181 10
22181 73
22181 70
22181 148
22181 28
22181 68
22181 22
22181 118
22181 29
22181 102
22181 127
22181 84
22181 103
22181 30
22181 86
21525 22
21525 47
21525 91
21525 97
21525 75
21525 82
21525 125
21525 8
21525 12
21525 27
21525 73
21525 88
21525 20
21525 48
21525 126
21525 13
21525 50
21525 109
21525 127
21525 0
21525 92
21525 4
21525 38
21525 44
21525 15
21525 79
21525 120
21525 9
21525 66
21525 77
21525 57
21525 62
21525 71
21525 70
21525 103
21525 32
21525 36
21525 51
21525 81
21546 6
21546 39
21546 16
21546 31
21546 33
21983 28
21983 142
21983 182
21983 290
21983 195
21983 235
21983 58
21983 248
21983 146
21983 26
21983 289
21983 105
21983 286
21983 230
21983 278
21983 217
21983 43
21983 143
21983 57
21983 159
21983 83
21983 200
21983 285
21983 81
21983 114
21983 149
21983 11
21983 180
21983 183
21983 216
21983 210
21983 129
21983 124
21983 274
21983 85
21983 227
21983 237
21983 98
21983 236
21983 293
21983 204
21983 280
21983 255
21983 33
21983 214
21983 19
21983 126
21983 184
21983 192
21983 136
21983 246
21983 176
21983 177
21983 304
21983 203
21983 190
21983 171
21983 112
21983 301
21983 222
21983 150
21983 299
21983 120
21983 125
21983 175
21983 24
21983 282
21983 208
21983 298
21983 251
21983 206
21983 186
21983 47
21983 268
21983 65
21983 242
21983 267
21983 288
21983 181
21983 172
21983 260
21983 110
21983 189
21983 155
21983 254
21983 234
21983 17
21983 266
21983 263
21983 73
21983 300
21983 239
21983 36
21983 139
21983 221
21983 185
21983 82
21983 130
21983 209
21983 162
21983 117
21983 154
21983 244
21983 220
21983 71
21983 241
21983 44
21983 174
22170 36
22170 18
22170 53
22170 5
22170 55
22170 56
22170 17
22170 47
22170 23
22170 25
22170 37
22170 49
22170 42
22170 40
22170 33
22170 15
22170 19
22170 27
22170 52
22170 6
22170 39
22170 58
22170 16
22049 109
22049 250
22049 254
22049 327
22049 357
22049 58
22049 101
22049 387
22049 88
22049 56
22049 508
22049 0
22049 25
22049 452
22049 381
22049 371
22049 98
22049 294
22049 496
22049 506
22049 488
22049 479
22049 411
22049 500
22049 227
22049 165
22049 280
22049 432
22049 275
22049 533
22049 41
22049 213
22049 493
22049 378
22049 226
22049 144
22049 170
22049 399
22049 272
22049 422
22049 346
22049 353
22049 383
22049 159
22049 289
22049 385
22049 485
22049 436
22049 4
22049 260
22049 28
22049 221
22049 262
22049 398
22049 326
22049 414
22049 37
22049 264
22049 35
22049 354
22049 83
22049 265
22049 248
22049 369
22049 246
22049 311
22049 16
22049 459
22049 423
22049 300
22049 328
22049 69
22049 409
22049 78
22049 349
22049 509
22049 224
22049 126
22049 17
22049 161
22049 185
22049 540
22049 284
22049 345
22049 166
22049 47
22049 501
22049 390
22049 44
22049 442
22049 244
22049 43
22049 461
22049 169
22049 87
22049 337
22049 278
22049 24
22049 67
22049 273
22049 364
22049 194
22049 299
22049 12
22049 104
22049 257
22049 458
22049 116
22049 292
22049 93
22049 95
22049 8
22049 319
22049 184
22049 525
22049 428
22049 367
22049 434
22049 70
22049 236
22049 179
22049 384
22049 324
22049 154
22049 460
22049 330
22049 31
22049 9
22049 110
22049 446
22049 335
22049 136
22049 545
22049 298
22049 317
22049 196
22049 235
22049 108
22049 418
22049 386
22049 470
22049 261
22049 255
22049 133
22049 469
22049 219
22049 198
22049 60
22049 457
22049 437
22049 91
22049 163
22049 68
22049 231
22049 370
22049 15
22049 347
22049 433
22049 338
22049 486
22049 541
22049 134
22049 402
22049 297
22049 53
22049 71
22049 199
22049 266
22049 403
22049 474
22049 253
22049 129
22049 527
22049 106
22049 288
22049 358
22049 517
22049 356
22049 283
22049 321
22049 523
22049 233
22049 400
22049 302
22049 3
22049 413
22049 72
22049 54
22049 208
22049 368
22049 333
22049 152
22049 441
22049 174
22049 168
22049 524
22049 131
22049 276
22049 155
22049 188
22049 429
22049 445
22049 476
22049 210
22049 392
22049 30
22049 90
22049 197
21799 70
21799 45
21799 49
21799 30
21799 33
21799 32
21799 39
21799 48
21799 50
21483 5
21483 17
21483 16
21483 7
21506 7
21593 102
21593 99
21593 345
21593 85
21593 144
21593 155
21593 275
21593 287
21593 123
21593 204
21593 276
21593 277
21593 297
21593 182
21593 218
21593 220
21593 273
21593 312
21593 353
21593 17
21593 22
21593 30
21593 39
21593 225
21593 18
21593 21
21593 32
21593 45
21593 47
21593 60
21593 156
21593 171
21593 249
21593 300
21593 346
21593 83
21593 84
21593 134
21593 151
21593 167
21593 186
21593 25
21593 28
21593 35
21593 52
21593 53
21593 162
21593 243
21593 92
21593 254
21593 279
21593 335
21497 58
21497 38
21497 33
21497 49
21497 57
21497 21
21497 23
21497 27
21497 34
21497 3
21497 41
21497 1
21497 4
21497 9
21497 32
21497 61
22115 27
22115 89
22115 114
21744 146
21744 34
21744 19
21744 177
21744 93
21744 71
21744 183
21744 200
21744 216
21744 161
21744 24
21744 50
21744 227
21744 173
21744 219
21744 222
21744 233
21744 63
21744 82
21744 132
21744 206
21744 37
21744 60
21744 65
21744 94
21744 142
21744 15
21744 49
21744 178
21744 217
21744 223
21744 133
21744 168
21744 212
21744 164
21744 31
21744 36
21744 204
21744 245
21744 169
21744 193
21744 203
21744 240
21744 191
21744 28
21744 58
21744 174
21744 210
21651 16
21651 31
21651 91
21651 68
21651 90
21651 51
21651 40
21651 48
21651 55
21651 92
21651 100
21651 83
21651 86
21651 75
21651 35
21651 105
21651 108
21651 21
21651 25
21651 54
21651 8
21651 61
21988 178
21988 253
21988 319
21988 49
21988 296
21988 502
21988 110
21988 293
21988 358
21988 504
21988 455
21988 76
21988 409
21988 486
21988 485
21988 212
21988 151
21988 447
21988 123
21988 514
21988 234
21988 344
21988 136
21988 205
21988 127
21988 330
21988 289
21988 410
21988 195
21988 445
21988 242
22058 218
22058 138
22058 309
22058 237
22058 495
22058 33
22058 451
22058 63
22058 107
22058 109
22058 234
22058 306
22058 310
22058 417
22058 556
22058 16
22058 152
22058 27
22058 329
22058 578
22058 296
22058 269
22058 410
22058 411
22058 32
22058 468
22058 478
22058 330
22058 74
22058 59
22058 136
22058 244
22058 130
22058 272
22058 465
22058 191
22058 10
22058 373
22058 404
22058 574
22058 510
22058 345
22058 298
22058 1
22058 534
22058 552
22058 48
22058 46
22058 197
22058 293
22058 453
22058 473
22058 250
22058 253
22058 61
22058 0
22058 376
22058 381
22058 448
22058 524
22058 167
22058 461
22058 282
22058 505
22058 241
22058 351
22058 65
22058 229
22058 573
22058 509
22058 406
22058 388
22058 251
22058 50
22058 305
22058 111
22058 526
22058 254
22058 419
22058 212
22058 196
22058 360
22058 116
22058 202
22058 446
22058 108
22058 38
22058 315
22058 240
22058 486
22058 36
22058 374
22058 171
22058 151
22058 28
22058 394
22058 176
22058 143
22058 416
22058 517
22058 20
22058 82
22058 332
22058 44
22058 467
22058 131
22058 144
22058 45
22058 427
22058 477
22058 42
22058 257
22058 170
22058 7
22058 307
22058 4
22058 397
22058 22
22058 398
22058 487
22058 148
22058 304
22058 488
22058 160
22058 370
22058 99
22058 135
22058 575
22058 540
22058 352
22058 166
22058 341
22058 113
22058 134
22058 463
22058 76
22058 178
22058 25
22058 522
22058 438
22058 409
22058 536
22058 429
22058 97
22058 554
22058 285
22058 367
22058 349
22058 195
22058 570
22058 175
22058 146
22058 420
22058 164
22058 242
22058 262
22058 302
22058 266
22058 96
22058 149
22058 118
22058 457
22058 319
22058 413
22058 105
22058 259
22058 233
22058 156
22058 71
22058 414
22058 12
22058 308
22058 339
22058 271
22058 49
22058 566
22058 225
22058 67
22058 137
22058 43
22058 518
22058 85
22058 579
22058 291
22058 547
22058 232
22058 150
22058 538
22058 447
22058 392
22058 62
22058 366
21985 108
21985 39
21985 25
21985 102
21985 30
21985 1
21556 98
21556 190
21556 279
21871 10
21871 26
21871 28
21871 6
21871 20
21871 4
21717 12
21717 13
21717 8
21717 38
21717 11
21717 32
21717 14
21703 3
21703 1
21703 6
22037 127
22037 111
22037 248
22037 227
22037 258
22037 129
22037 253
22037 39
22037 246
22037 150
22037 190
22037 92
22106 140
22106 136
22106 128
22106 112
22106 33
22106 31
22106 72
22106 119
22106 148
22106 84
22106 101
22106 100
22106 64
22106 68
22106 29
22106 47
22106 20
22106 44
21757 36
21757 60
21757 103
21757 129
21757 214
21757 37
21757 89
21757 17
21757 51
21757 78
21757 108
21757 183
21757 33
21757 67
21757 20
21757 28
21757 63
21757 87
21757 113
21757 72
21757 210
21427 48
21427 22
21427 26
21427 23
21427 4
21427 2
21427 27
21427 41
21427 6
21427 18
21427 21
21427 34
21427 0
21427 16
21427 38
22237 0
21661 10
21661 125
21661 157
21661 64
21661 105
21661 135
21661 25
21661 62
21661 129
21661 140
21661 69
21661 132
21436 33
21436 41
21436 79
21436 82
21436 14
21436 0
21436 23
21436 37
21436 45
21436 48
21436 55
21436 91
21436 2
21436 47
21436 36
21436 76
21436 85
21436 88
21436 26
21436 93
21889 101
21889 86
21889 19
21889 136
21889 10
21889 2
21889 146
21889 83
21889 3
21889 38
21889 74
21889 137
21889 118
21889 40
21889 93
21889 25
21889 84
21889 6
21889 46
21889 108
21889 71
21889 51
21875 3
21875 102
21875 64
21875 171
21875 121
21875 187
21875 103
21875 147
21875 93
21875 163
21875 162
21785 5
21785 45
21785 12
21785 14
21785 41
21785 55
21785 59
21785 65
21785 92
21785 95
21785 118
21785 126
21785 138
21785 49
21505 137
21505 141
21505 72
21505 63
21505 122
21505 161
21505 33
21505 56
21505 135
21505 159
21505 190
21505 26
21505 37
21505 44
21505 125
21505 160
21505 180
21505 202
21505 201
21505 92
21505 116
21658 97
21658 49
21658 22
21658 36
21961 13
21961 62
21961 60
21961 12
21961 34
21961 35
21961 39
21961 31
21961 2
21961 27
21961 6
21961 45
21961 17
21961 52
21961 5
21961 4
21961 42
21594 31
21594 32
21594 33
21594 21
21594 52
21594 56
21594 41
21594 24
21594 10
21594 42
21594 59
21594 2
21594 44
21594 30
21594 36
21594 58
21594 55
21594 14
21594 51
21636 10
21636 16
21636 9
21925 191
21925 22
21925 119
21925 98
21925 37
21925 109
21925 169
21925 179
21925 150
21925 27
21925 190
21925 120
21925 72
21925 94
21925 99
21925 162
21925 87
21925 69
21925 186
21925 147
21925 157
21925 196
21925 84
21925 68
21925 165
21925 128
21925 4
21925 48
21925 141
21925 65
21925 42
21925 79
21925 133
21925 200
21925 187
21925 73
21925 40
21925 154
21925 108
21925 89
21925 116
21925 77
21925 132
21925 197
21925 47
21925 138
21925 175
21925 34
21925 29
21925 33
21925 135
21925 113
21925 102
21925 56
21925 67
21925 151
21925 103
21925 148
21925 86
21925 92
21925 170
21925 91
21925 139
21925 19
21925 10
21617 9
21617 6
21617 14
21617 16
21882 71
21882 12
21882 7
21882 75
21882 26
21882 4
21882 22
21882 1
21882 55
21882 10
21882 34
21882 74
21882 14
21882 44
21882 42
21882 53
22163 196
22163 200
22163 224
22163 67
22163 90
22163 80
22163 223
22163 244
22163 62
22163 79
22163 66
22163 149
22163 140
22163 44
22163 220
22163 199
22163 173
22163 21
22163 17
22163 59
22163 68
22163 70
22163 138
22163 170
22163 148
22163 179
22163 176
22163 118
22163 201
22163 111
22163 26
22163 97
22163 92
22163 31
22163 38
22163 110
22163 65
22163 104
22163 24
22163 230
22163 29
22163 246
21705 103
21705 63
21705 59
21705 0
21705 89
21705 107
21705 153
21705 78
21705 150
21705 48
21705 61
21705 5
21705 120
21705 3
21705 43
21705 68
21705 102
21705 155
21705 2
21705 67
21705 58
21705 82
21705 94
21423 28
21751 15
21751 23
21751 10
21751 51
21751 7
21751 24
21751 35
21751 48
21751 36
21949 25
21949 27
21949 28
21949 19
21949 24
21949 2
21949 18
21949 20
21949 3
21465 40
22011 12
22011 33
22011 20
22011 15
22011 24
22011 0
22011 6
22011 35
22011 36
22011 22
22011 1
22011 17
22011 31
21805 43
21805 85
21805 78
21805 57
21805 7
21805 60
21805 35
21805 40
21805 81
21805 93
21805 49
21805 87
21805 88
21805 92
21805 3
21805 28
21805 62
21805 76
21805 22
21805 23
21805 80
21628 42
21628 98
21628 105
21628 83
21628 9
21628 33
21628 8
21628 10
21628 17
21628 12
21628 122
21628 115
21628 32
21628 4
21628 84
21628 93
21628 74
21628 127
21628 88
21628 118
21628 56
21628 27
21628 43
21628 30
21628 41
21628 52
21628 90
21628 119
21628 108
21628 101
21628 6
21628 40
21628 100
21628 14
21628 34
21628 37
21628 44
21628 61
21628 29
21628 126
21628 3
21628 129
21628 120
21628 70
21628 78
21628 124
21443 30
21443 46
21443 50
21443 1
21443 12
21443 17
21443 42
21443 58
21769 26
21769 37
21769 4
21769 15
21769 36
21769 32
21769 31
21769 13
21769 28
21873 41
21873 16
21873 31
21873 8
21873 39
21873 3
21873 33
21873 25
21873 28
21873 22
21873 38
21873 0
21873 30
21883 28
21883 34
21883 27
21883 5
21883 6
21555 252
21555 292
21555 349
21555 428
21555 503
21555 59
21555 144
21555 169
21555 195
21555 481
21555 369
21555 391
21555 405
21555 478
21555 68
21555 74
21555 104
21555 223
21555 371
21555 436
21555 17
21555 62
21555 192
21555 40
21555 60
21555 176
21555 209
21555 69
21555 274
21555 517
21555 249
21555 298
21555 393
21555 494
21555 313
21555 103
21555 281
21555 325
21555 329
21555 498
21555 257
21555 286
21555 361
21555 392
21555 425
21555 461
21555 521
21555 92
21555 182
21555 314
21555 318
21555 350
21555 462
21555 70
21555 101
21555 197
21555 299
21555 338
21555 418
21555 480
21555 519
21555 250
21555 511
21555 8
21555 149
21555 221
21555 233
21555 277
21555 295
21555 310
21555 419
21555 453
21555 208
21555 280
21555 301
21555 322
21555 354
21555 450
21555 520
21555 58
21555 87
21555 206
21555 219
21555 360
21555 372
21555 93
21555 119
21555 168
21555 170
21579 23
21579 56
21579 163
21579 203
21579 52
21579 337
21579 21
21579 59
21579 108
21579 112
21579 215
21579 159
21579 310
21579 318
21579 102
21579 103
21579 226
21579 15
21579 70
21579 281
21579 299
21579 279
21579 341
21579 98
21579 105
21579 151
21579 257
21579 275
22195 25
22195 20
22195 14
21442 37
21442 42
21442 47
21442 180
21442 3
21442 5
21442 6
21442 59
21442 97
22055 20
22055 294
22055 6
22055 142
22055 150
22055 462
22055 143
22055 285
22055 313
22055 27
22055 321
22055 273
22055 315
22055 334
22055 103
22055 78
22055 395
22055 43
22055 183
22055 5
22055 431
22055 94
22055 474
22055 465
22055 451
22055 283
22055 187
22055 410
22055 490
22055 51
22055 197
22055 278
22055 100
22055 289
22055 194
22055 204
22055 132
22055 365
22055 38
22055 164
22055 182
22055 423
22055 258
22055 388
22055 90
22055 36
22055 382
22055 332
22055 408
22055 240
22055 219
22055 406
22055 161
22055 249
22055 417
22055 89
22055 148
22055 370
22055 69
22055 39
22055 21
22055 481
22055 97
22055 374
22055 116
22055 162
22055 307
22055 355
22055 37
22055 272
22055 456
22055 81
22055 398
22055 93
22055 498
22055 35
22055 420
22055 101
22055 419
22055 505
22055 301
22055 53
22055 468
22055 77
22055 119
22055 200
22055 378
22055 71
22055 430
22055 369
22055 349
22055 139
22055 267
22055 206
22055 13
22055 377
22055 67
22055 500
22055 472
22055 261
22055 130
22055 65
22055 129
22055 218
22055 210
22055 314
22055 412
22055 112
22055 252
22055 60
22055 244
22055 333
22055 411
22055 104
22055 66
22055 160
22055 453
22055 346
22055 356
22055 186
22055 336
22055 144
22055 174
22055 7
22055 323
22055 42
22055 271
22055 373
22055 4
22055 191
22055 16
22055 202
22055 221
22055 440
22055 134
22055 429
22055 277
22055 310
22055 75
22055 366
22055 26
22055 157
22055 2
22055 308
22055 499
22055 170
22055 10
22055 485
22055 22
22055 110
22055 265
22055 497
22055 123
22055 82
22055 352
22055 368
22055 250
22055 256
22055 403
22055 56
22055 375
22055 128
22055 279
22055 1
22055 18
22055 458
22055 180
22055 476
22055 444
22055 433
22055 140
22055 401
22055 405
22055 208
22055 106
22055 171
22055 188
22055 63
22055 23
22055 201
22055 442
22055 464
22181 82
22181 52
22181 19
22181 107
22181 49
22181 145
22181 76
22181 0
22181 35
22181 48
22181 78
22181 43
22181 2
22181 57
22181 134
22181 93
22181 54
22181 88
22181 90
21773 34
21773 55
21773 119
21773 73
21773 6
21773 134
21773 14
21773 46
21773 65
21773 117
21773 131
21773 50
21622 58
21622 120
21622 26
21622 68
21622 65
21622 46
21622 29
21622 50
21622 37
21622 81
21622 92
21622 76
21622 18
21622 56
21622 95
21622 96
21622 124
21622 3
21622 88
21622 73
21622 43
21622 47
21622 6
21622 48
21622 69
21622 114
21622 41
21622 113
21622 1
21622 52
21622 72
21622 93
21622 23
21622 94
21622 99
21622 85
21622 117
21622 15
21622 60
21622 61
21622 67
21953 28
21953 21
21953 42
21953 77
21953 30
21953 19
21953 54
21953 65
21953 37
21953 68
21953 67
21953 56
22268 84
22268 109
22268 96
22268 22
22268 72
22268 90
22268 79
22268 76
22268 21
22268 48
22268 102
22268 60
22268 97
22268 26
22268 113
22268 5
22268 98
22268 8
22268 71
22268 107
22268 91
22268 7
22268 83
22268 108
22268 74
22268 20
22268 38
22268 58
22268 15
22268 28
22268 30
22268 1
22268 64
22268 80
22268 73
22268 14
22268 18
22268 86
22268 104
22268 59
22268 99
22268 69
22268 31
22268 52
22268 55
22268 111
22090 112
22090 104
22090 118
22090 88
22090 36
22090 129
22090 55
21714 0
21714 13
21714 5
21714 19
21714 4
21714 1
21714 12
21793 11
21793 14
21793 24
21793 27
21793 18
21488 59
21488 81
21488 102
21488 2
21488 95
21488 115
21488 154
21488 27
21488 132
21488 151
21488 34
21488 36
21488 42
21488 71
21488 62
21488 114
21488 28
21488 105
21488 129
21488 130
21488 44
21488 69
21488 91
21488 104
21488 106
21488 38
21488 125
21488 3
21488 22
21488 73
21488 112
21951 127
21951 68
21951 84
21951 17
21951 38
21951 110
21951 66
21413 37
21413 36
21413 1
21413 3
21413 17
21413 28
21413 39
21413 9
22119 219
22119 300
22119 73
22119 75
22119 264
22119 337
22119 197
22119 158
22119 215
22119 294
22119 360
22119 221
22119 301
22119 15
22119 190
22119 320
22119 317
22119 369
21758 98
21758 25
21758 565
21758 384
21758 430
21758 586
21758 151
21758 447
21758 463
21758 597
21758 110
21758 112
21758 127
21758 96
21758 119
21633 53
21633 63
21801 25
21801 50
21801 107
21801 181
21801 99
21801 103
21801 141
21801 49
21801 12
21801 127
21801 105
21801 116
21801 4
21801 135
22258 37
22258 9
22258 28
22258 29
22258 3
22258 11
22258 25
22258 24
21897 9
21897 26
21897 22
21897 16
21897 3
21897 12
21448 24
21448 20
21618 75
21618 116
21618 78
21618 94
21618 101
21618 150
21618 21
21618 107
21618 142
21618 177
21618 173
21618 32
21618 23
21618 93
21618 131
21618 129
21618 141
21618 42
21618 115
21618 171
21618 44
21618 35
21618 40
21618 49
21618 162
21618 166
21618 127
21618 145
21618 7
21618 100
21618 111
21618 112
21492 7
21492 62
21492 82
21492 119
21492 2
21492 17
21492 38
21492 22
21492 35
21492 50
21492 73
21492 107
21492 111
21492 3
21492 13
21492 121
21492 27
21492 59
21492 85
21492 29
21492 75
21492 127
21492 5
21492 42
21492 53
21492 8
21492 60
21492 63
21492 6
21492 40
21492 56
21492 95
21492 41
21492 44
21492 100
21492 112
21492 14
21492 25
21492 67
21492 129
21492 0
21492 36
21492 115
21492 125
21492 66
21492 128
21492 134
21492 24
21492 99
21492 118
21821 9
21821 20
21821 2
21821 10
21756 4
21756 55
21756 202
21756 239
21756 252
21756 284
21812 8
21812 0
21812 12
21812 4
21812 9
22054 154
22054 174
22054 121
22054 101
22054 89
22054 19
22054 28
22054 95
22054 42
22054 10
22054 58
22054 63
22054 41
22054 162
22054 34
22054 53
22054 139
22054 169
22054 161
22054 119
22054 102
22054 182
22054 108
22054 43
22054 134
22054 171
22054 3
22054 84
22054 59
22054 81
22054 70
22054 165
22054 16
22054 142
22054 145
22054 40
22054 149
22054 64
22054 80
22054 129
22054 39
22054 140
22054 85
22054 137
22054 155
22054 31
22054 110
22054 127
22054 131
22054 86
22054 100
22054 124
22054 172
22054 179
21887 96
21887 116
21887 81
21887 82
21887 134
21887 18
21887 62
21887 13
21887 107
21887 101
21887 84
21887 8
21887 28
21887 19
21887 5
21887 64
21887 109
21887 46
21887 106
21887 43
21887 30
21887 39
21887 54
21887 22
21887 103
21887 42
21887 92
21887 93
21887 33
21887 63
21887 29
21887 119
21887 104
21887 111
21887 129
21887 138
21887 61
21887 9
21887 31
21887 91
21887 142
21887 117
21887 75
21887 136
21887 3
21887 35
21887 10
21887 57
21887 130
21887 97
21887 21
21757 187
21757 147
21757 204
21757 4
21757 11
21757 42
21757 92
21757 114
21757 31
21757 14
21757 19
21757 58
21757 100
21757 154
21757 195
21757 49
21757 196
21757 143
21757 120
21757 171
21757 223
21757 70
21757 112
21757 124
21757 185
22033 1
22033 28
22033 19
22033 0
22033 29
22033 14
22033 17
22033 20
22033 16
22033 35
22033 31
22033 12
22033 18
22033 26
22033 7
22142 2
22142 108
22142 79
22142 92
22142 34
22142 100
22142 119
22142 74
22142 107
22142 131
22142 45
22142 40
22142 87
22142 36
22142 29
22142 117
22142 42
22142 70
22142 7
22142 57
22142 130
22142 51
22142 14
21479 9
21479 50
21479 54
21479 114
21479 126
21479 31
21479 32
21479 85
21479 88
21479 111
21479 13
21479 87
21479 93
21479 125
21479 4
21479 110
21479 120
21479 144
21479 23
21479 106
21479 127
21479 132
21811 17
21811 75
21811 468
21811 333
21811 112
21811 25
21811 33
21811 513
21811 134
21811 218
21811 280
21811 455
21811 494
21811 23
21811 61
21811 81
21811 202
21811 18
21811 235
21811 461
21811 35
21811 80
21811 98
21811 101
21811 153
21811 194
21811 125
21811 164
21811 203
21811 210
21811 309
21811 369
21811 486
21811 483
21844 68
22087 61
22087 25
22087 95
22087 115
22087 96
22087 54
22087 27
22087 70
22087 17
22087 69
22087 113
22256 47
22256 13
22256 0
22256 16
22256 38
22256 6
22256 31
22256 1
22256 44
22256 26
21530 100
21530 189
21530 199
21592 29
21592 36
21592 50
21592 76
21592 98
21592 164
21592 169
21592 4
21592 111
21592 118
21592 127
21592 178
21592 25
21592 57
21592 116
21592 117
21592 112
21592 132
21592 60
21592 68
21592 23
21592 162
21592 100
21592 149
22003 44
22003 21
22003 45
22003 13
22003 66
21797 11
21797 45
21916 316
21916 156
21916 205
21916 228
21916 274
21916 29
21916 218
21916 440
21916 307
21916 111
21916 165
21916 444
21916 182
21916 85
21916 11
21916 32
21916 69
21916 89
21916 51
21916 95
21916 33
21916 450
22122 3
22122 13
22122 2
22122 9
22122 1
22122 7
22122 12
22122 6
22122 4
21642 94
21642 4
21642 55
21642 60
21642 50
21642 72
21642 89
21642 2
21642 5
21642 28
21642 49
21642 47
21642 85
21462 66
21462 8
21462 65
21462 0
21462 18
21462 26
21462 10
21462 41
21462 53
21462 82
21462 86
21462 88
21462 3
21462 22
21462 59
21462 43
21699 12
21699 191
21699 391
21699 518
21699 238
21699 262
21699 472
21699 243
21699 271
21699 529
21699 72
21699 38
21699 264
21699 399
21699 165
21699 179
21699 228
21699 568
21699 471
21699 506
21699 188
21699 306
21699 544
21699 45
21699 152
21699 263
21699 23
21699 245
21699 256
21699 359
21699 369
21699 575
21699 296
21699 310
21699 217
21699 357
21699 409
21699 25
21699 340
21699 81
21699 91
21699 132
21699 39
21699 50
21699 453
21699 222
21699 229
21699 276
21699 205
21699 255
21699 273
21699 305
21699 68
21699 278
21699 289
21699 535
21699 168
21699 297
21699 476
21699 508
21699 8
21699 267
21699 268
21699 513
21699 36
21699 269
21641 33
22202 17
22202 11
21427 12
21427 40
21427 5
21427 25
21427 31
21427 50
21427 28
22172 43
22144 32
22144 26
22144 82
22144 42
22144 46
22144 10
22144 60
22144 21
22144 51
22144 43
22144 16
22144 30
22144 5
21979 11
21979 19
21979 15
21979 18
21478 2
21478 19
21478 9
21478 12
21478 27
21431 6
21431 11
21431 12
21431 97
21431 25
21431 76
21431 45
21431 8
21431 79
21431 13
21431 0
21431 77
21431 108
21804 67
21804 316
21915 34
21915 1
21915 12
21915 2
21915 52
21915 28
21915 9
21915 19
21915 59
21915 4
21915 60
21915 22
21915 58
21915 27
21915 38
21800 39
22255 5
22255 16
22255 27
22255 29
22255 18
22255 20
22255 8
22255 11
22255 15
22255 1
22255 12
22255 14
22255 25
22255 7
22255 2
22255 23
22255 0
22255 26
21439 17
21439 123
21439 194
21439 218
21439 21
21439 61
21439 148
21439 223
21439 224
21439 226
21439 228
22037 104
22037 97
22037 236
22037 193
22037 31
22037 216
22037 222
22037 210
22037 82
22037 226
22037 155
22037 179
22037 164
22037 62
22037 88
22037 245
22037 231
22037 194
22037 241
21526 11
21526 26
21526 48
21526 81
21526 28
21526 121
21526 184
21526 108
21526 6
21526 29
21526 44
21526 49
21526 55
21526 74
21526 188
21526 19
21526 38
21526 107
21526 140
21526 172
21526 37
21526 99
21526 175
21526 181
21526 182
21526 39
21526 43
21526 68
21526 80
21526 112
21526 156
21526 149
21526 56
21526 104
21526 110
21526 137
21526 173
21526 125
21526 131
21526 135
21526 144
21526 18
21526 46
21526 64
21526 66
21526 21
21526 51
21526 10
21526 27
21526 88
21526 101
21526 194
21526 204
21526 89
21526 109
21526 154
21526 177
21526 116
21526 120
21526 201
21526 136
21526 150
21526 53
21526 62
21526 65
21526 133
21526 165
21526 190
21526 124
21526 178
21526 138
21526 143
21526 192
21526 95
21526 208
21526 209
22142 111
22142 113
22142 90
22142 69
22142 60
22142 132
22142 85
22142 75
22142 84
22142 78
22142 93
22142 120
22142 44
22142 105
22142 56
22142 104
22142 19
22142 95
22142 110
21800 42
21800 43
21800 31
21795 61
21795 188
21795 220
21795 234
21795 2
21795 14
21795 89
21795 90
21795 247
21795 277
21795 278
21795 182
21795 214
21795 215
21795 217
21795 218
21795 121
21795 127
21795 134
21795 137
21795 138
21795 186
21795 31
21795 55
21795 78
21443 75
21443 102
21443 110
21443 78
21443 86
21443 103
21443 28
21443 29
21443 36
21443 54
21443 56
21443 48
21443 61
21443 44
21443 100
21443 118
21970 68
21970 21
21970 51
21970 38
21970 52
21970 44
21970 18
22087 43
22087 86
22087 79
22087 42
22087 24
22087 57
22087 84
22087 36
22087 11
22087 53
22087 1
22087 74
22087 0
22087 18
21518 14
21518 23
21518 37
21518 43
22119 136
22119 290
22119 89
22119 340
22119 344
22119 295
22119 167
22119 187
22119 38
22119 244
22119 181
21692 32
21692 139
21692 86
21692 114
21692 154
21692 187
21692 61
21692 97
21692 142
21692 20
21692 22
21692 28
21692 10
21692 1
21692 23
21692 227
21692 45
21692 98
21692 120
21692 202
21692 52
21692 171
21692 231
21673 0
21673 1
21553 139
21553 333
21553 96
21553 288
21553 349
21553 436
21553 148
21553 154
21553 430
21553 482
21553 22
21553 63
21553 66
21553 198
21553 337
21553 386
21553 132
21553 196
21553 351
21553 376
21553 175
21553 220
21553 354
21553 382
21553 444
21553 118
21553 137
21553 138
21553 230
21553 29
21553 54
21553 59
21553 126
21553 227
21553 403
21553 39
21553 158
21553 200
21553 209
21553 219
21553 360
21553 414
21553 144
21553 159
21553 406
21553 451
21553 124
21553 166
21553 356
21553 395
21553 211
21553 238
21553 431
21553 481
21553 218
21553 325
21553 336
21553 6
21553 9
21553 79
21553 338
21553 95
21553 117
21553 260
21553 445
21553 13
21553 24
21553 61
21553 110
21553 212
21553 234
21553 267
21553 141
21553 276
21553 363
21553 375
21553 48
21553 65
21553 87
21553 107
21553 246
21553 272
21553 311
21553 435
21553 466
21553 26
21553 32
21553 81
21553 243
21553 312
21553 226
21553 355
21553 427
21553 475
21553 477
21553 18
21553 15
21553 42
21553 119
21553 104
21553 193
21553 194
21553 317
21553 319
21553 322
21553 145
21553 184
21553 282
21553 359
21553 377
21553 421
21553 33
21553 140
21553 252
21553 340
21553 473
21553 86
21553 122
21553 239
21553 275
21553 405
21553 432
21553 270
21553 332
21553 439
21553 440
21553 441
21553 60
21553 47
21553 55
21553 169
21553 265
21553 370
21553 402
21553 462
21553 105
21553 232
21553 289
21553 53
21553 82
21553 106
21553 163
21553 181
21553 437
21553 192
21553 258
21553 399
21553 455
21553 27
21553 52
21990 116
21990 105
21990 121
21990 60
21990 119
21990 68
21990 146
21990 88
21990 52
21990 145
21990 133
21990 123
21990 135
21990 17
21990 178
21990 181
21990 128
21990 62
21990 36
21990 19
21990 97
21990 28
21990 92
21990 137
21990 9
21990 86
21990 141
21990 165
21990 15
21990 54
21990 69
21990 27
21990 44
21990 3
21990 84
21990 5
21990 72
21990 78
21990 107
21990 89
21990 70
21990 50
21990 147
21990 112
21990 125
21990 59
21990 117
21990 76
21990 58
21990 13
21990 40
21990 180
21990 46
21990 155
21990 73
21990 140
21990 55
21990 110
21990 66
21990 136
21990 37
21990 103
21990 64
21990 101
21990 127
21530 124
21530 119
21530 165
21530 175
21530 102
21530 110
21530 129
21530 166
21530 169
21530 9
21530 26
21530 69
21530 85
21530 97
21530 27
21530 57
21530 12
21530 15
21530 73
21530 90
21530 95
21530 131
21530 157
21530 182
21530 211
21530 83
21530 107
21530 149
21530 163
21530 181
21530 116
21530 183
21530 204
21530 150
21530 156
21530 226
21530 170
21530 177
21530 191
21530 111
21530 104
21530 159
21530 215
21530 113
21530 144
21530 101
21530 106
21530 190
21530 2
21530 30
21530 50
21530 3
21530 45
21530 103
21530 203
21530 221
21530 36
21530 55
21530 70
21530 79
21530 178
21530 123
21530 180
21981 99
21981 72
21981 58
21981 68
21981 16
21981 92
21981 24
21981 0
21981 79
21981 65
21981 4
21981 45
21981 41
21981 66
21981 97
21981 108
21981 10
21981 22
21981 84
21981 83
21601 28
21601 74
21601 65
21668 5
21668 42
21668 59
21668 99
21668 16
21668 45
21668 53
21668 72
21668 81
21668 28
21668 13
21668 102
21668 19
21668 47
21668 41
21668 69
21668 46
21668 93
21668 15
21668 23
21668 32
21668 71
21668 77
21668 8
21668 50
21668 80
21668 95
21668 51
21668 86
21668 26
21668 57
21668 14
21668 37
21668 55
21668 94
21847 28
21847 71
21847 19
21847 59
21847 39
21847 66
21847 53
21847 60
21847 65
21847 3
21847 13
21847 76
21847 16
21847 36
21847 49
21847 40
21847 52
21847 75
21847 31
21847 34
21847 77
21847 45
21847 68
21847 38
21847 58
22015 125
22015 53
22015 155
22015 117
22015 59
22015 73
22015 95
22015 111
22015 12
22015 93
22015 98
22015 16
21412 0
21412 2
21412 10
21412 12
21412 7
21738 5
21738 56
21738 70
21738 79
21738 97
21738 6
21738 20
21738 73
21738 90
21738 4
21738 27
21738 49
21738 78
21738 2
21738 22
21738 23
21738 91
22126 97
22126 10
22126 206
22126 68
22126 208
22126 23
22126 84
22126 24
22126 99
22126 42
22126 220
22126 83
22126 214
22126 4
22126 19
22126 1
22126 153
22126 67
22126 56
22126 181
22126 48
22126 211
22126 116
22126 43
22126 27
22126 66
22126 226
22126 104
22126 123
22126 114
22126 119
22126 32
22126 179
22126 17
22126 0
22126 46
22126 54
22126 86
22126 135
21952 146
22172 9
22172 59
22172 22
22172 35
22172 2
22172 60
22172 75
22172 80
22172 61
22172 21
22172 40
22172 17
21496 23
21496 26
21496 29
22171 10
22171 0
22171 60
22171 52
22171 43
22171 47
22171 26
22171 59
22171 22
22171 41
22171 32
22171 12
22171 11
22171 7
22171 62
22110 7
22110 53
22110 50
22110 43
22110 13
22093 198
22093 232
22093 48
22093 217
22093 155
22093 132
22093 216
22093 156
22093 125
22093 104
22093 63
22093 118
22093 144
22093 120
22093 209
22093 43
22093 148
22093 102
22093 46
22093 197
22093 202
22093 91
22093 222
22093 207
22093 230
22093 94
22093 35
22093 13
22093 29
22093 200
22093 174
22093 108
22093 183
22093 38
22093 107
22093 101
22093 12
22093 182
22093 84
22093 135
22093 178
22093 87
22093 124
21631 70
21631 22
21631 34
21631 115
22184 32
22184 8
22184 36
22184 59
22184 10
22184 7
22184 3
22184 21
22184 43
22184 17
22184 44
22184 31
22184 26
22184 54
21888 27
21888 20
21888 1
21888 34
21888 63
21888 72
21888 52
21888 73
21888 57
21888 79
21888 7
21888 48
21888 36
21888 45
21833 70
21833 124
21833 363
21833 133
21833 174
21833 40
21833 114
21833 142
21833 180
21833 289
21833 72
21833 122
21833 172
21833 183
21833 245
21833 294
21833 309
21833 268
21833 273
21833 305
21833 335
21833 351
21833 93
21833 474
21833 485
21833 498
21833 296
21833 300
21833 334
21833 99
21833 364
21833 128
21833 383
21833 448
21833 472
21833 47
21833 371
21833 375
21833 431
21833 379
21833 24
21833 73
21833 387
21833 286
21833 320
21833 343
21833 118
21833 447
21833 464
21833 161
21833 473
21833 367
21833 30
21833 413
21833 424
21833 456
21833 481
21833 227
21833 76
21833 199
21833 256
21833 269
21833 59
21833 401
21833 406
21833 479
21833 372
21833 19
21833 6
21833 223
21833 255
21833 304
21833 336
21833 477
21833 141
21833 427
21833 450
21833 398
21833 497
21833 178
21833 215
21833 247
21833 251
21833 74
21833 78
21833 475
21833 35
21833 168
21833 439
21833 173
21833 476
21833 64
21833 113
21833 115
21833 117
21833 152
21833 127
21833 39
21833 107
21833 501
21833 391
21833 430
21833 432
21833 230
21833 271
21833 182
21833 201
21833 204
21833 206
21833 181
21833 158
21833 495
21833 196
21833 202
21833 221
21833 257
21833 259
21833 110
21833 129
21833 449
21833 346
21833 461
21833 482
21833 156
21833 140
21833 403
21833 404
21833 425
21833 489
21833 443
21833 26
21833 77
21833 176
21833 357
21833 205
21833 163
21833 164
21833 463
21833 275
21833 283
21833 29
21833 84
21833 195
21833 200
21833 56
21833 62
21833 354
21833 441
21833 243
21833 80
21833 322
21833 327
21833 333
21833 360
21833 41
21833 102
21833 444
21833 236
21833 287
21833 325
21833 394
21833 81
21833 90
21833 502
21833 366
21833 167
21833 190
21833 192
21833 492
21833 154
21833 67
21833 23
21833 85
21833 191
21833 281
21833 303
21833 331
21833 98
21833 14
21833 83
21833 171
21833 486
21833 8
21833 21
21833 130
21833 11
21833 410
21892 47
21892 3
21892 83
21892 90
21892 22
21892 54
21892 74
21892 88
21892 11
21892 4
21515 9
21515 21
21515 32
21515 87
21515 8
21515 93
21515 145
21515 149
21515 6
21515 27
21515 95
21515 101
21515 112
21515 136
21515 59
21515 118
21515 119
21515 144
21515 5
21515 45
21515 68
21515 131
21515 138
21515 42
21515 65
21515 26
21515 31
21515 146
21515 3
21515 40
21515 96
21515 123
21515 124
21515 36
21515 38
21515 117
21515 47
21515 111
21515 128
21515 67
21515 49
21515 23
21515 76
21515 150
21515 11
21515 28
21515 46
21515 113
21515 140
21515 74
21515 83
21515 97
21515 125
22142 9
22142 25
22142 125
22142 68
22142 3
22142 39
22142 124
22142 53
22142 114
22142 48
22142 81
22142 102
22142 77
22142 31
22142 21
22142 106
22142 37
22142 63
22142 67
22142 5
22142 66
22142 86
22142 28
22142 96
22142 38
22142 98
22142 55
22142 118
22142 10
22142 82
22142 80
22142 8
22142 134
22142 12
22142 122
22142 30
22142 16
22142 116
22142 32
22142 91
22142 52
22142 46
22142 11
22142 76
22142 61
22142 129
21680 429
21680 455
21680 99
21680 100
21680 305
21680 302
21680 249
21680 313
21680 9
21680 104
21680 139
21680 248
21680 317
21680 333
21680 203
21680 337
21680 368
21680 485
21680 31
21680 233
21680 360
21680 325
21680 385
21680 390
21680 492
21680 379
21680 11
21680 303
21680 454
21680 474
21680 79
21680 37
21680 217
21680 204
21680 73
21680 177
21680 321
21680 358
21680 509
21680 76
21680 315
21680 292
21680 78
21680 161
21680 283
21680 314
21680 434
21680 105
21680 301
21680 428
21680 29
21680 410
21680 417
21680 507
21680 56
21680 235
21680 320
21680 451
21680 123
21680 159
21680 433
21680 19
21680 97
21680 102
21680 253
21680 310
21680 459
21680 372
21680 20
21680 87
21680 338
21680 442
21680 354
21680 312
21680 387
21680 61
21680 106
21680 155
21680 245
21680 5
21680 483
21680 24
21680 85
21680 352
21680 389
21680 436
21680 484
21680 378
21680 414
21680 124
21680 505
21680 8
21680 107
21680 47
21680 119
21680 194
21680 489
21680 138
21680 186
21680 383
21680 411
21680 445
21680 199
21680 212
21680 247
21680 101
21680 268
21680 297
21680 367
21680 460
21680 224
21680 251
21680 277
21680 422
21680 478
21680 213
21680 220
21680 236
21680 353
21680 51
21680 156
21680 185
21680 356
21680 211
21680 35
21680 57
21680 261
21680 279
21680 160
21680 286
21680 334
21680 471
21680 103
21680 306
21680 343
21680 431
21680 147
21680 257
21680 77
21680 271
21680 318
21680 443
21680 468
21680 59
21680 58
21680 143
21680 226
21680 362
21680 400
21680 216
21680 66
21680 184
21680 375
21680 498
21680 30
21680 377
21680 435
21680 501
21680 4
21680 238
21680 366
21680 406
21680 447
21680 144
21680 154
21680 214
21680 421
21680 512
21680 508
21680 289
21680 329
21680 299
21680 122
21680 168
21680 350
21680 456
21680 462
21680 491
21680 234
21680 287
21680 399
21680 473
21680 273
21680 481
21680 396
21680 166
21680 394
21680 487
21680 490
21680 506
21680 3
21850 1
21850 20
21850 25
21850 56
21850 51
21850 73
21850 74
21850 87
21850 100
21850 41
21850 90
21850 46
21850 88
21850 98
21850 101
21850 112
21850 119
21850 13
21850 50
21850 54
21850 58
21850 99
21850 121
21412 4
21412 1
21611 17
21611 32
21611 41
21611 51
21611 82
21611 25
21611 47
21611 84
21611 8
21611 43
21611 46
21611 14
21611 15
21611 29
21611 67
21611 9
21611 58
21611 36
21611 62
21611 23
21611 60
21611 1
21611 12
21611 24
21611 4
21484 4
21484 11
21484 14
21807 172
21807 97
21807 114
21807 11
21807 154
21807 41
21807 88
21807 99
21807 120
21877 2
21959 47
21959 6
21959 139
21959 73
21959 71
21959 134
21959 12
21959 83
21959 112
21959 21
21959 137
21959 99
21959 42
21959 11
21959 10
21959 98
21959 118
21959 144
21959 122
21959 55
21959 108
21959 77
21959 129
21959 37
21959 30
21959 95
21959 63
21959 58
21959 120
22139 49
22139 163
22139 25
22139 142
22139 68
22139 125
22139 12
22139 80
22139 156
22139 38
22139 86
22139 101
22139 108
22139 165
22139 115
22139 131
22139 127
22139 69
22139 84
22139 114
22139 186
22139 41
22139 159
22139 97
22139 153
22139 8
22139 11
22139 89
22139 102
22139 70
22139 73
22139 66
22139 44
22139 112
22139 138
22139 82
22139 168
22139 81
22139 145
22139 172
22139 174
22139 15
22139 104
22139 176
22139 20
22139 64
22139 17
22139 171
22139 185
22139 181
22139 65
22139 35
22139 132
22139 143
22139 39
22139 95
22139 87
22139 154
22139 187
22091 95
22091 47
22091 68
22091 62
22091 57
22091 93
22091 69
22091 35
22091 18
22091 103
22091 16
22035 34
22035 46
22035 51
22035 4
22035 41
22035 9
22035 31
22035 36
22035 1
22035 42
22109 74
22109 33
22109 17
22109 20
22109 31
22109 92
22109 75
21786 113
21786 172
21786 251
21786 263
21786 286
21786 161
21786 243
21786 245
21786 132
21786 273
21786 37
21786 86
21786 99
21786 107
21786 218
21786 88
21786 124
21786 138
21786 258
21786 20
21786 28
21786 74
21786 112
21786 249
21786 131
21786 135
21786 187
21786 227
21786 274
21786 285
21859 57
21859 37
21859 75
21859 65
21859 68
21859 77
21859 80
21859 67
21859 5
21859 15
21859 36
21859 30
21859 39
21859 56
21859 60
21859 34
21859 26
21670 6
21670 14
21670 11
21670 35
21670 26
21670 17
21670 8
21670 13
21670 2
22265 49
22265 30
22265 16
22265 15
22265 35
22265 94
22265 68
22265 38
22265 37
22265 112
22139 37
22139 43
22139 88
22139 155
22139 188
22139 151
22139 139
22139 173
21468 464
21468 466
21468 490
21468 479
21468 507
21468 124
21468 411
21468 494
21468 498
21468 506
21468 512
21468 83
21468 106
21468 189
21468 278
21468 317
21468 350
21468 499
21468 515
21468 516
21468 199
21468 210
21468 284
21468 300
21468 465
21468 15
21468 452
21468 473
21468 287
21468 62
21468 292
21468 333
21468 384
21468 399
21468 552
21468 553
21468 469
21468 558
21468 476
21468 477
21468 545
21468 150
21468 326
21468 335
21468 457
21468 475
21468 483
21468 533
21468 468
21468 521
21468 91
21468 100
21468 125
21468 134
21468 256
21468 470
21468 474
21468 504
21468 527
21468 85
21468 148
21468 226
21468 347
21468 398
21468 19
21468 35
21468 172
21468 273
21468 325
21726 1
21726 18
21726 13
21726 19
21726 28
21653 41
21653 138
21653 105
21653 115
21653 59
21653 78
21653 94
21653 120
21653 25
21653 152
21653 84
21653 91
21653 134
21653 34
21653 43
21653 20
21653 69
21653 89
21653 93
21653 130
21690 46
21690 105
21690 109
21690 152
21690 153
21690 7
21690 9
21690 11
21690 177
21690 119
21690 204
21690 79
21690 91
21690 100
21690 141
21690 36
21690 116
21690 178
21690 195
21690 45
21690 89
21690 156
21690 187
21690 50
21690 67
21690 165
21690 189
21906 212
21906 205
21906 227
21906 175
21906 57
21906 100
21906 144
21906 166
21906 88
21906 102
21906 138
21906 12
21906 59
21906 151
21906 43
21906 188
21906 170
21906 157
21906 165
21906 79
21906 73
21906 6
21906 131
21906 68
21906 66
21906 133
21906 55
21906 154
21906 101
21906 113
21997 80
21997 490
21997 160
21997 248
21997 513
21997 87
21997 165
21997 111
21997 177
21997 333
21997 235
21997 270
21997 69
21997 437
21997 481
21997 179
21997 197
21997 65
21997 0
21997 292
21997 402
21997 62
21997 268
21997 410
21997 322
21997 85
21997 362
21997 462
21997 521
21997 297
21997 273
21997 236
21997 146
21451 36
21451 14
21451 18
21608 11
21608 28
21608 59
21608 90
21608 34
21608 85
21608 9
21608 18
21608 55
21608 40
21608 45
21608 76
21608 84
21964 5
21964 450
21964 294
21964 478
21964 348
21964 142
21964 291
21964 164
21964 370
21964 328
21964 434
21964 221
21964 408
21964 217
21964 84
21964 505
21964 55
21964 178
21964 461
21964 49
21964 515
21964 292
21964 62
21964 473
21964 24
21964 443
21964 451
21964 247
21964 32
21964 92
21964 107
21964 452
21964 203
21964 367
21964 343
21964 148
21964 0
21964 28
21964 236
21964 103
21964 196
21964 421
21964 439
21964 331
21964 436
21964 300
21964 85
21964 463
21964 253
21964 185
21964 146
21964 69
21964 388
21964 358
21964 458
21964 288
21964 496
21964 199
21964 33
21964 155
21964 177
21964 528
21964 27
21964 122
21964 216
21964 19
21964 526
21964 537
21964 274
21964 347
21964 442
21964 487
21964 51
21964 4
21964 76
21964 514
21964 245
21964 227
21964 286
21964 372
21964 34
21964 179
21964 172
21964 413
21964 305
21964 325
21964 379
21964 112
21964 321
21964 117
21964 389
21964 466
21964 246
21964 132
21964 125
21964 88
22240 11
22240 59
22240 7
22240 60
22240 48
22240 47
22240 33
22240 76
22240 31
22240 27
22240 61
22240 53
22240 51
22240 37
22240 58
21776 261
21776 101
21776 43
21776 197
21776 219
21776 228
21776 434
21776 110
21776 389
21776 516
21776 151
21776 181
21776 406
21776 78
21776 87
21776 188
21776 456
21776 60
21776 68
21776 113
21776 363
21776 388
21776 83
21776 81
21776 173
21776 298
21776 285
21776 223
21776 222
21776 325
21776 358
21776 372
21776 258
21776 455
21776 499
21776 23
21776 179
21776 489
21776 465
21776 390
21776 162
21776 415
21776 449
21776 575
21776 592
21776 187
21776 240
21776 248
21776 475
21776 25
21776 354
21776 225
21776 327
21776 341
21776 94
21776 581
21776 598
21776 145
21776 196
21776 477
21776 57
21776 309
21776 267
21776 288
21776 503
21776 417
21776 207
21776 147
21776 199
21776 501
21776 570
21776 582
21776 166
21776 393
21776 466
21776 117
21776 297
21776 275
21776 509
21776 202
21776 236
21776 266
21776 144
21776 283
21776 340
21776 490
21776 53
21776 257
21776 411
21776 565
21776 559
21776 165
21776 192
21776 481
21776 601
21776 517
21776 76
21776 231
21776 156
21776 367
21776 520
21776 259
21776 369
21776 452
21776 560
21776 64
21776 148
21776 337
21776 206
21776 403
21776 438
21776 445
21776 373
21776 34
21776 401
21776 339
21776 430
21776 541
21776 447
21776 85
21776 175
21776 374
21776 317
21776 568
21776 561
21776 576
21776 458
21776 186
21776 366
21776 385
21776 400
21776 73
21776 98
21776 476
21776 198
21776 230
21776 93
21776 105
21776 260
21776 413
21776 513
21776 555
21776 127
21776 378
21776 396
21776 104
21776 291
21776 346
21776 1
21776 3
21776 99
21776 551
21776 4
21776 74
21776 119
21776 323
21776 77
21776 96
21776 469
21776 586
21776 56
21776 154
21776 554
21776 54
21776 176
21776 201
21776 361
21776 171
21776 150
21776 473
21776 540
21776 562
21776 596
21776 170
21776 233
21776 409
21665 163
21665 51
21665 152
21665 156
21665 129
21665 22
21665 102
21665 121
21665 5
21665 18
21665 76
21665 86
21665 150
21665 8
21665 60
21665 38
21665 66
21665 108
21665 138
21665 41
21665 141
21665 34
21665 92
21665 77
21665 113
21665 65
21665 95
21665 151
21665 29
21665 74
21665 135
21843 4
22052 79
22052 278
22052 294
22052 95
22052 100
22052 216
22052 98
22052 90
22052 321
22052 75
22052 375
22052 88
22052 200
22052 26
22052 113
22052 400
22052 25
22052 91
22052 110
22052 266
22052 185
22052 127
22052 379
22052 23
22052 394
22052 146
22052 35
22052 134
22052 364
22052 60
22052 118
22052 155
22052 40
22052 193
22052 350
22052 86
22052 253
22052 112
22052 225
22052 195
22052 279
22052 102
22052 267
22052 67
22052 290
22052 126
22052 235
22052 327
22052 114
22052 228
22052 383
22052 165
22052 318
21520 41
21520 15
21520 19
21520 22
21520 31
22102 113
22181 151
22181 79
22181 64
22181 91
22181 114
22181 13
22181 50
22181 85
22181 60
22181 56
22181 89
22181 124
22181 150
22181 21
22181 25
22181 42
22181 94
22181 58
22181 100
22181 33
22181 71
22181 130
22181 80
22181 77
22181 34
22181 38
22181 12
22181 53
22181 62
22181 75
22181 137
22181 125
21508 106
21508 117
21508 12
21508 55
21508 2
21508 34
21508 80
21508 98
21508 111
21508 99
21508 70
21508 72
21508 89
21508 105
21508 115
21508 47
21508 64
21508 73
21508 6
21508 13
21508 83
21508 77
21508 104
21924 23
21924 67
21924 3
21924 73
21924 70
21924 68
21924 12
21924 55
21924 50
21924 15
21924 45
21924 65
21924 28
21924 21
21908 32
21908 36
21908 94
21908 33
21908 75
22147 16
22147 1
22147 44
22147 69
22147 6
22147 3
22147 17
22147 40
21827 98
21827 0
21827 62
21827 52
21827 9
21827 47
21827 67
21827 80
21827 25
21827 19
21827 28
21827 86
21827 93
21543 281
21543 100
21543 123
21543 288
21543 241
21543 258
21543 257
21543 250
21543 279
21543 60
21543 137
21543 157
21543 3
21543 112
21543 124
21543 146
21543 19
21543 17
21543 40
21543 87
21543 185
21543 201
21543 33
21543 168
21543 199
21543 224
21543 81
21543 246
21543 97
21543 98
21543 133
21543 184
21543 11
21543 34
21543 55
21543 82
21543 84
21543 172
21543 234
21543 240
21543 283
21543 271
21543 236
21543 252
21543 57
21543 115
21543 129
21543 119
21543 136
21543 188
21543 222
21543 243
21543 256
21543 259
21543 54
21543 7
21543 181
21543 191
22023 326
22023 229
22023 54
22023 135
22023 282
22023 101
22023 356
22023 28
22023 234
22023 294
22023 320
22023 67
22023 145
22023 319
22023 8
22023 87
22023 105
22023 68
22023 301
22023 140
22023 273
22023 51
22023 26
22023 309
22023 57
22023 300
22023 287
22023 62
22023 96
22023 340
22023 344
22023 239
22023 233
22023 292
22023 258
22023 204
22023 312
22023 304
22023 63
22023 293
22023 21
22023 338
22023 193
22023 9
22023 245
22023 208
22023 268
22023 177
22023 134
21435 10
21435 19
21435 28
21435 29
21435 5
21435 7
21435 11
21435 4
21435 12
21435 0
21435 32
21435 36
22060 19
22060 1
22060 37
22060 25
22060 26
22060 13
22060 30
22060 41
22060 42
22060 39
21486 7
21486 64
21486 69
21486 76
21486 93
21486 148
21486 29
21486 34
21486 70
21486 118
21486 147
21486 40
21486 61
21486 140
21597 39
21597 52
21597 53
21597 116
21597 9
21597 68
21597 56
21597 72
21597 97
21597 104
21597 107
21597 100
21597 118
21597 117
21597 84
21597 96
21597 48
21597 32
21597 45
21597 87
21597 20
21597 36
21597 50
21597 115
21597 114
21597 19
21597 110
21597 28
21597 73
21597 57
21597 76
21597 90
21597 105
21597 12
21597 27
21597 40
21597 61
21597 89
21597 15
21597 86
21597 124
21597 24
21597 6
21597 14
21597 30
21597 83
21597 94
21597 11
21597 63
21597 70
21855 110
21855 77
21855 89
21855 106
21855 70
21855 85
21855 107
21855 111
21855 128
21855 12
21855 24
21855 36
21855 41
21855 5
21855 103
21855 10
21855 32
21855 6
21855 127
21855 90
21855 91
21429 2
21429 16
21429 4
21429 9
21429 11
21429 13
21834 42
21834 112
21834 127
21834 13
21834 47
21834 106
21834 6
21834 60
21834 76
21834 101
21834 131
21834 132
21834 57
21834 119
21834 84
21834 85
21834 89
21834 91
21834 140
21834 12
21834 44
21834 2
21834 3
21834 73
21834 117
21834 48
21834 105
21834 30
21834 126
21834 151
21834 50
21834 18
21834 20
21834 74
21834 8
21834 24
21834 22
21834 37
21834 49
21834 58
21834 139
21834 148
21834 63
21834 0
21834 62
21834 94
21834 121
21834 143
21834 77
21834 34
21834 78
21834 88
21834 144
21834 80
21834 82
21834 109
21834 10
21834 125
21834 150
21834 21
21834 98
21834 116
21834 122
21834 145
21834 149
21817 185
21817 190
21817 191
21817 64
21817 134
21817 154
21817 203
21817 131
21817 9
21817 39
21817 152
21817 207
21817 17
21817 27
21817 156
21817 230
21817 202
21817 105
21817 46
21817 178
21817 100
21817 16
21817 182
21817 0
21817 110
21817 187
21817 216
21817 224
21637 63
21637 93
21637 129
21637 133
21637 0
21637 22
21637 88
21637 94
21637 15
21637 95
21637 113
21637 33
21637 61
21637 79
21637 92
21637 7
21637 16
21637 50
21637 68
21637 119
21637 60
21637 2
21637 32
21637 47
21637 45
21637 157
21637 48
21637 71
21637 97
21637 144
22006 34
22006 13
22251 201
22251 369
22251 278
22251 500
22251 522
22251 539
22251 538
22251 208
22251 445
22251 172
22251 403
22251 364
22251 63
22251 347
22251 431
22251 169
22251 47
22251 430
22251 131
22251 10
22251 537
22251 202
22251 245
22251 156
22251 69
22251 342
22251 345
22251 294
22251 239
22251 233
22251 479
22251 310
22251 309
22251 105
22251 378
22251 427
22251 486
22251 484
22251 281
22251 481
22251 468
22251 4
22251 41
22251 99
22251 516
22251 374
22251 25
22251 23
22251 295
22251 525
22251 33
22150 138
22150 13
22150 194
22150 29
22150 215
22150 67
22150 73
22150 8
22150 24
22150 207
22150 66
22150 28
22150 62
22150 89
22150 166
22150 111
22150 210
22150 139
22150 40
22150 201
22150 129
22150 9
22150 205
22150 49
22150 81
22150 126
22150 83
22150 58
22150 105
22150 11
22150 133
22150 140
21807 40
21807 169
21807 139
21807 179
21807 153
21807 147
21807 0
21807 36
21807 140
21807 42
21807 72
21807 74
21807 81
21807 37
21807 170
21914 16
21914 59
21914 195
21914 23
21914 31
21914 93
21914 222
21914 317
21914 48
21914 56
21914 116
21914 105
21914 228
21914 242
21914 28
21914 8
21914 86
21914 58
21914 69
21914 227
21914 276
21914 142
21914 184
21914 3
21914 170
21914 328
21914 196
21914 92
21914 225
21914 41
21914 235
21914 151
21914 314
21914 221
21914 122
21914 260
21914 298
21914 319
21914 96
21914 267
21914 117
21914 322
21914 21
21914 327
21914 60
21914 194
21914 200
21914 284
21914 251
21914 72
21914 231
21914 246
21914 329
21914 163
21914 47
21914 108
21914 180
21914 119
21914 174
21914 104
21914 255
21914 33
21914 155
21914 250
21914 78
21914 112
21914 149
21914 140
21734 3
21734 20
21734 5
21734 7
21734 16
22075 4
22075 8
22075 24
22075 103
22075 108
22075 84
22075 109
22075 93
22075 69
22075 7
22075 46
22075 104
22075 6
22075 9
22075 87
22075 63
22075 45
22075 132
22075 20
22041 3
22041 8
22041 10
22041 11
22041 12
22041 9
22041 27
22041 29
22041 1
22041 26
22041 20
22041 30
22041 6
22041 2
22250 4
22250 35
22250 11
22250 7
22250 36
22250 12
22250 33
22250 28
22250 17
21492 78
21492 81
21492 84
21492 89
21492 94
21492 109
21492 132
21492 31
21492 113
21492 124
21492 139
21492 9
21492 90
21593 55
21593 67
21593 95
21593 119
21593 2
21593 224
21593 235
21593 127
21593 138
21593 192
21593 271
21593 302
21593 323
21593 70
21593 121
21593 190
21593 237
21593 289
21593 114
21593 124
21593 163
21593 180
21593 256
21593 344
21593 169
21593 188
21593 208
21593 252
21593 321
21593 347
21593 10
21593 11
21593 33
21593 51
21593 63
21593 311
21593 348
21593 16
21593 40
21593 46
21593 50
21593 77
21593 238
21593 257
21593 259
21593 164
21593 265
21593 14
21593 29
21593 38
21593 49
21593 59
21985 17
21985 80
21985 54
21985 26
21985 89
21985 65
21985 58
21985 63
21985 10
21985 5
21985 71
21985 7
21774 194
21774 208
21774 242
21774 301
21774 403
21774 192
21774 91
21774 177
21774 200
21774 432
21774 520
21774 115
21774 178
21774 280
21774 285
21774 314
21774 476
21774 188
21774 331
21774 346
21774 374
21774 383
21774 32
21774 169
21774 276
21774 368
21774 372
21774 458
21774 398
21774 56
21774 136
21774 224
21774 232
21774 8
21774 16
21774 83
21774 237
21774 304
21774 164
21774 217
21620 20
21620 19
21620 36
21620 40
21620 59
21620 4
21620 1
21620 3
21620 53
21620 13
21620 52
21620 17
21469 32
21469 55
21469 54
21469 53
21469 37
21469 13
21469 18
21469 38
21469 4
21469 10
21469 31
21812 5
21812 3
21812 11
21924 17
21924 47
21924 18
21924 40
21924 51
21924 48
21949 26
21949 12
21949 14
21411 25
21411 23
21411 8
21411 26
21411 2
21411 6
21411 4
21411 22
21411 14
21411 20
21440 43
21440 85
21440 88
21440 18
21440 40
21440 103
21440 109
21440 123
21440 129
21440 65
21440 105
21440 126
21440 33
21440 53
21440 56
21440 99
21440 117
21440 27
21440 63
21440 73
21440 97
21440 78
21440 91
21440 119
21440 14
21440 17
21440 49
21440 92
21440 108
21440 77
21440 121
21440 101
21440 102
21440 38
21440 113
21440 8
21440 22
21440 90
21440 133
21687 1
21687 3
22063 323
22063 441
22063 332
22063 109
22063 460
22063 347
22063 362
22063 479
22063 123
22063 281
22063 141
22063 469
22063 229
22063 295
22063 74
22063 388
22063 316
22063 232
22063 100
22063 23
22063 289
22063 60
22063 159
22063 416
22063 127
22063 430
22063 255
22063 442
22063 211
22063 530
22063 8
22063 457
22063 417
22063 1
22063 288
22063 349
22063 458
22063 471
22063 207
22063 411
22063 36
22063 89
22063 104
22063 217
22063 185
22063 535
22063 163
22063 112
22063 363
22063 415
22063 500
22063 396
22063 492
22063 513
22063 272
22063 507
22063 243
22063 394
22063 73
22063 508
22063 503
21519 14
21519 27
21519 5
21519 34
21519 64
21519 3
21519 22
21519 44
21519 1
21519 30
21519 57
21519 92
21519 101
21519 89
21519 55
21519 39
21519 56
21519 2
21519 38
21519 60
21519 78
21519 71
21519 74
21519 76
21519 86
21519 63
21519 41
21519 79
21519 4
21519 11
21519 37
21519 85
21519 69
21519 70
21519 84
21519 102
21519 109
21519 7
21519 47
21519 95
22139 1
22139 141
22139 45
22139 76
22139 3
22139 128
22139 162
22139 42
22139 123
22139 77
22139 51
22139 56
22139 177
22139 85
22139 9
22139 57
22139 50
22139 180
22139 100
22139 170
22139 24
21849 23
21849 7
21912 70
21912 22
21442 39
21442 155
21442 158
21442 162
21442 29
21442 52
21442 78
21442 107
21442 166
21442 13
21442 45
21442 93
21442 65
21442 160
21442 41
21442 66
21442 80
21442 147
21442 28
21442 150
21883 4
21883 7
21883 11
21723 10
21723 11
21744 129
21744 156
21744 184
21744 225
21744 68
21744 86
21744 140
21744 27
21744 39
21744 180
21744 228
21744 186
21744 13
21744 46
21744 126
21744 143
21744 5
21744 44
21744 96
21744 109
21744 188
21744 239
21744 40
21744 74
21744 100
21744 224
21744 42
21744 117
21744 136
21744 171
21744 85
21744 102
21744 209
21744 51
21744 120
21744 47
21744 56
21744 72
21744 77
21744 83
21744 121
21744 73
21744 131
21744 22
21744 43
21744 81
21744 111
21744 246
21744 166
21744 235
21744 139
21744 113
21744 141
21744 159
21744 165
21744 75
21744 98
21744 115
21744 172
21744 175
21744 179
21744 199
21744 226
21744 234
21744 242
21744 103
21744 104
21744 157
21744 238
21744 248
21744 4
21744 1
21744 105
21744 170
21744 48
21744 151
21744 155
21744 244
21744 45
21744 130
21744 198
21744 207
21744 70
21744 167
21744 205
21744 208
21744 229
21744 243
21744 17
21744 41
21744 11
21744 87
21744 20
21744 197
21744 201
21744 237
21744 21
21744 176
21744 57
21744 92
21744 95
21744 154
21744 32
21744 134
21722 15
21722 24
21722 14
21722 16
21722 28
21722 7
21722 23
21722 9
21763 20
21763 65
21763 163
21763 12
21763 27
21763 58
21763 108
21763 127
21763 51
21763 111
21763 52
21763 37
21763 93
21763 69
21763 95
21763 125
21763 139
21763 144
21763 145
21763 66
21749 26
21749 68
21749 32
21749 6
21749 16
21749 70
21749 2
21749 56
21749 1
21749 15
21749 51
21749 72
21749 4
21749 34
21749 53
21749 28
21749 63
21749 69
21749 23
21749 43
21749 47
21749 12
21749 40
21749 61
21778 4
21778 17
21778 77
21778 20
21778 63
21778 92
21778 101
21778 114
21778 5
21778 97
21778 60
21778 18
21778 10
21778 21
21778 53
21778 56
21778 30
21778 87
21778 80
21778 83
22181 51
22181 15
22181 61
22181 133
22181 121
22181 46
22181 41
22181 128
22181 104
22181 66
22268 112
22268 10
22268 110
22268 11
22268 19
22268 12
22268 56
22268 63
22268 13
22268 33
22268 70
22268 95
22268 36
22268 39
22268 32
21816 42
21816 31
21816 75
21548 37
21548 5
21548 31
21548 55
21548 56
21548 48
21662 0
21662 55
21662 48
21662 16
21662 75
21662 4
21662 24
21662 34
21662 62
21662 22
21629 21
21629 63
21629 77
21629 167
21629 66
21629 107
21629 109
21629 133
21629 137
21629 174
21629 139
21629 151
21629 170
21629 123
21629 45
21629 112
21629 18
21728 210
21728 252
21728 139
21728 157
21728 180
21728 230
21728 231
21728 120
21728 47
21728 182
21728 276
21728 294
21728 115
21728 188
21728 215
21728 293
21728 192
21728 194
21728 227
21728 239
21728 50
21728 106
21728 92
21728 93
21728 134
21728 229
21728 284
21728 48
21728 64
21728 165
21728 274
21728 32
21728 81
21728 101
21728 153
21728 179
21728 226
21728 35
21728 208
21728 213
21728 63
21728 214
21728 82
21728 288
21728 282
21728 289
21728 99
21728 125
21728 189
21728 265
21728 292
21728 143
21728 159
21728 216
21728 286
21728 107
21728 142
21728 183
21728 224
21728 279
21728 285
21728 138
21728 275
21728 89
21728 111
21728 207
21728 245
21728 23
21728 42
21728 132
21728 144
21728 228
21728 68
21728 176
21728 259
21728 281
21655 113
21655 163
21655 16
21655 254
21655 273
21655 29
21655 241
21655 27
21655 31
21655 11
21655 89
21655 118
21655 266
21655 10
21655 116
21655 34
21655 80
21655 162
21655 246
21655 195
21655 236
21655 123
21655 146
21655 149
21655 261
21655 282
21655 135
21655 147
21655 280
21655 281
21655 308
21655 33
21655 51
21655 100
21655 139
21655 335
21655 42
21655 19
21655 36
21655 55
21590 55
21590 4
21590 42
21590 36
21590 45
21590 6
21590 48
21647 17
21647 18
21647 111
21647 146
21647 107
21647 223
21647 235
21647 251
21647 284
21647 130
21647 6
21647 113
21647 119
21647 254
21647 4
21647 55
21647 61
21647 209
21647 245
21647 256
21647 49
21647 291
21647 296
21647 298
21647 54
21647 99
21647 115
21647 247
21647 250
21647 311
21647 8
21647 41
21647 266
21647 83
21647 152
21647 182
21647 214
21647 260
21647 158
21647 207
21647 227
21647 240
21647 300
21647 303
21647 275
21647 133
21647 165
21647 252
21647 276
21647 265
21647 154
21647 48
21647 320
21647 94
21647 134
21647 192
21647 217
21647 31
21647 279
21647 267
21647 270
21647 52
21647 174
21647 151
21647 241
21647 37
21647 7
21647 21
21647 46
21647 50
21647 114
21647 164
21647 172
21647 2
21647 11
21647 208
21647 110
21647 166
21647 168
21647 198
21647 221
21647 157
21647 220
21647 282
21647 212
21647 264
21647 268
21647 278
21647 302
21647 304
21647 269
21647 20
21647 53
21647 30
21647 40
21647 47
21647 75
21647 281
21622 116
21622 71
21622 97
21622 104
21622 12
21622 2
21622 55
21622 34
21622 101
21622 8
21622 28
21622 79
21622 86
21622 105
21607 11
21607 37
21607 54
21607 34
21607 42
21607 58
21607 7
21607 2
21607 4
21607 33
21607 21
21491 118
21491 124
21491 73
21491 109
21491 16
21491 90
21491 101
21491 89
21491 47
21491 76
21491 114
21491 17
21491 20
21491 22
21491 63
21491 107
21920 66
21920 32
21920 56
21920 29
21688 4
21688 138
21688 180
21688 252
21688 75
21688 86
21688 128
21688 303
21688 323
21688 321
21688 15
21688 205
21688 3
21688 306
21688 52
21688 95
21688 269
21688 278
21688 299
21688 331
21688 261
21688 270
21688 328
21688 330
21688 333
21688 291
21688 297
21688 294
21688 187
21729 14
21729 17
21729 49
21729 72
21729 214
21729 228
21729 125
21729 156
21729 41
21729 216
21729 68
21729 120
21729 149
21729 231
21729 172
21729 155
21735 362
21735 180
21735 184
21735 196
21735 282
21735 119
21735 263
21735 325
21735 105
21735 173
21735 372
21735 107
21735 150
21735 337
21735 388
21735 239
21735 121
21735 131
21735 168
21735 321
21735 373
21735 18
21735 36
21735 46
21735 53
21735 57
21735 72
21735 14
21735 47
21735 52
21735 71
21735 82
21735 232
21735 242
21735 313
21735 318
21735 122
21735 135
21735 238
21735 312
21735 377
21735 342
21735 96
21735 120
21735 123
21735 160
21735 178
21735 360
21735 108
21735 223
21735 224
21735 261
21735 269
21592 160
21592 161
21592 13
21592 22
21592 72
21592 123
21997 377
21997 36
21997 373
21997 353
21997 388
21997 455
21997 361
21997 276
21997 334
21997 230
21997 102
21997 154
21997 459
21997 227
21997 280
21997 315
21997 347
21997 7
21997 23
21997 284
21997 384
21997 264
21997 367
21997 379
21997 432
21997 97
21997 6
21997 429
21997 35
21997 120
21997 195
21997 281
21997 267
21997 372
21997 475
21997 506
21997 123
21997 496
21997 115
21997 135
21997 279
21997 516
21997 231
21997 141
21997 246
21997 103
21997 440
21997 51
21997 504
21997 389
21997 450
21997 472
21997 34
21997 24
21997 251
21997 394
21997 364
21997 412
21425 0
21436 57
21436 49
21436 80
21436 87
21436 13
21436 35
21436 1
21436 92
21436 21
21436 58
21436 63
21436 8
21436 97
21436 61
21436 50
21436 70
21436 73
21436 90
21793 2
21793 8
21793 32
21793 38
21793 25
21793 35
21793 39
21793 6
21793 9
21793 23
21952 150
21952 56
21952 36
21952 154
21952 205
21952 219
21952 166
21952 113
21952 38
21952 189
21952 96
21952 140
21952 16
21952 76
21952 139
21952 111
21952 83
21952 162
21952 52
21952 194
21952 51
21952 125
21952 119
21952 95
21952 171
21952 11
21952 141
21952 145
21952 63
21952 12
21952 124
21952 101
21952 160
21952 17
21952 202
21952 48
21952 1
21952 81
21952 163
21952 67
21952 3
21952 117
21952 21
21952 193
21952 112
21952 159
21952 91
21952 185
21952 105
21952 73
21952 178
21952 123
21952 196
21952 182
21952 46
21952 35
21952 137
21952 31
21952 188
21952 135
21952 138
21952 59
21952 45
21952 191
21952 0
21952 40
21952 107
21952 70
21952 147
21952 99
21952 158
21952 128
21952 29
21952 214
21952 74
21952 80
21952 127
21952 177
21952 87
21952 66
21952 92
21952 184
22167 70
22167 33
22167 122
22167 89
22167 63
22167 75
22167 38
22167 123
22167 125
22167 20
22167 24
22167 6
22167 36
22167 37
22167 2
22167 132
22167 28
22167 39
22167 16
22167 25
22167 53
22167 79
22167 40
22167 15
22167 77
22167 64
22167 66
22167 90
22167 47
22167 58
22167 71
22167 116
22167 95
22167 19
22167 81
22167 108
22167 65
22167 21
22167 74
22167 107
22167 10
22167 103
22167 8
22167 133
22167 73
22167 59
22167 130
22167 91
22167 88
22167 4
22167 85
22167 96
21976 8
21880 206
21880 160
21880 234
21880 69
21880 314
21880 49
21880 120
21880 141
21880 289
21880 318
21880 238
21880 239
21880 172
21880 186
21880 256
21880 59
21880 148
21880 60
21880 80
21880 100
21880 269
21880 151
21880 280
21880 123
21880 40
21880 168
21880 83
21880 119
21880 325
21880 235
21880 232
21880 0
21880 61
21880 304
21880 284
21880 313
21880 35
21880 297
21880 224
21880 278
21880 328
21880 14
21880 203
21880 221
21880 33
21880 62
21880 9
21880 101
21880 130
21880 227
21880 16
21880 212
21752 36
21752 4
21752 20
21752 10
22261 18
22261 9
22261 13
22261 23
22261 1
22261 33
22261 24
22261 43
22261 15
22261 4
22261 3
21921 87
21921 96
21921 64
21921 42
21490 8
21490 9
21490 7
21490 3
21622 118
21622 21
21622 108
21622 49
21622 9
21622 16
21622 106
21622 111
21622 109
21622 122
21622 125
21622 7
21622 62
21622 115
21622 11
21622 75
21622 24
21622 77
21622 98
21622 51
21622 63
21622 27
21622 33
22034 38
21857 54
21445 237
21445 286
21445 214
21445 254
21445 225
21445 231
21445 262
21445 275
21445 295
21445 26
21445 63
21445 100
21445 44
21445 168
21445 227
21445 23
21445 43
21445 50
21445 52
21445 143
21445 48
21445 118
21445 120
21445 129
21445 141
21445 243
21445 257
21445 185
21445 272
21445 175
21445 194
21445 199
21445 228
21445 266
21445 8
21445 71
21445 110
21445 124
21445 139
21445 191
21445 320
21445 0
21445 20
21445 73
21445 132
21445 164
21445 187
21445 217
21445 270
21445 310
21445 188
21445 245
21445 312
21445 178
21445 240
21445 311
21445 161
21445 180
21445 200
21445 252
21445 267
21445 281
21445 93
21445 159
21445 173
21445 280
21445 282
21445 301
21445 25
21445 233
21445 253
21445 264
21445 215
21445 2
21445 109
21445 136
21445 145
21445 148
21445 24
21445 138
21445 54
21445 9
21445 75
21445 297
21445 197
21445 21
21445 41
21445 83
21445 111
21445 119
21445 126
21445 5
21445 6
21445 45
21445 81
21445 130
21445 1
21445 11
21445 92
21445 103
21445 134
21445 206
21445 321
21445 323
21445 248
21445 306
21445 315
21805 4
21805 103
21805 39
21805 50
21805 66
21805 75
21849 3
21849 22
21849 9
21849 15
21849 11
21826 33
21826 22
21826 15
21826 9
21826 4
21826 34
21547 22
21547 1
21547 30
21547 13
21547 31
21547 35
21547 37
21547 34
21547 4
21547 21
21547 43
21547 2
21547 39
21547 15
21547 41
21547 42
21547 24
21475 49
21475 35
21475 36
21475 18
21713 14
21713 36
21713 27
21713 30
21713 32
22034 26
22034 24
22034 18
22034 22
22034 9
21870 272
21870 137
21870 349
21870 97
21870 335
21870 207
21870 138
21870 20
21870 167
21870 329
21870 111
21870 196
21870 26
21870 357
21870 57
21870 28
21870 15
21870 86
21870 8
21870 47
21870 83
21870 230
21870 6
21870 146
21870 120
21870 58
21870 225
21870 339
21870 359
21870 289
21870 136
21870 337
21870 98
21870 229
21870 101
21870 157
21870 288
21870 124
21870 103
21870 276
21870 159
21870 130
21870 145
21870 282
21870 283
21870 336
21870 34
21870 147
21870 171
21870 319
21870 118
21870 314
21870 66
21870 259
21870 170
21870 204
21870 35
21870 308
21870 141
21870 252
21870 215
21870 294
21870 370
21870 263
21870 279
21870 369
21870 73
21870 165
21870 63
21870 54
22131 75
22131 40
22131 73
22131 71
22131 77
22131 29
22131 12
22131 46
22131 51
22131 2
22131 62
21673 2
21497 59
22087 45
22087 31
22087 15
22087 59
22087 93
22087 99
22087 72
22087 105
22087 80
22087 108
21593 79
21593 87
21593 104
21593 152
21593 269
21593 304
21593 54
21593 57
21593 231
21593 1
21593 100
21593 299
21593 255
21593 88
21593 132
21593 159
21593 189
21593 298
21593 328
21593 145
21593 247
21593 280
21593 319
21593 122
21593 184
21593 270
21593 282
21593 314
21593 334
21593 7
21593 20
21593 61
21953 13
21953 38
21953 57
21953 58
21953 34
21953 5
21953 75
21953 7
21953 43
21953 47
21953 70
21616 29
21616 30
21616 15
21616 20
21550 51
21550 195
21550 59
21550 62
21550 113
21550 123
21550 142
21550 11
21550 24
21550 109
21550 181
21550 202
21550 45
21550 93
21550 144
21550 145
21550 18
21550 53
21550 98
21550 164
21550 173
21550 103
21550 150
21550 176
21550 42
21550 172
21550 185
21550 57
21550 92
21550 94
21550 121
21550 70
21550 126
21550 77
21550 78
21550 96
21550 106
21550 193
21550 147
21550 129
21550 130
21812 14
21812 2
21812 10
22120 38
22120 55
22120 56
22120 1
22120 32
22120 54
22120 44
22120 35
21508 56
21508 116
21508 87
21508 18
21508 33
21508 5
21508 103
21961 51
21961 3
21961 48
21961 7
21961 11
21961 30
21961 61
21961 57
21961 56
21961 15
21961 43
21961 22
21961 14
21961 37
21782 2
21782 35
21782 12
21782 29
21782 69
21782 80
21782 13
21782 46
21782 31
21782 75
21782 43
21782 88
21782 34
21782 14
21782 85
21782 89
21782 70
21782 62
21782 68
21782 18
21782 10
21782 45
21782 56
21782 52
21782 84
21782 77
21782 3
21782 33
21930 9
21930 8
21930 14
22116 10
22116 34
22116 13
22116 40
22116 35
22116 26
22116 24
22116 37
22116 33
22116 28
22251 146
22251 371
22251 536
22251 478
22251 553
22251 42
22251 545
22251 53
22251 412
22251 353
22251 499
22251 356
22251 264
22251 108
22251 181
22251 129
22251 453
22251 285
22251 350
22251 405
22251 78
22251 456
22251 134
22251 258
22251 455
22251 17
22251 232
21808 6
21808 10
21808 0
21808 7
21673 3
21752 27
21752 16
21752 48
21752 7
21752 23
21752 64
21752 6
21752 29
21752 81
21752 43
21752 62
21752 15
21752 73
21752 38
21752 76
21752 79
21752 84
21752 50
21752 45
21752 56
21752 60
21752 34
21752 74
21752 80
21752 9
21752 37
21752 47
21752 85
21752 0
21752 22
21752 75
21752 25
21752 18
21448 11
21448 4
21448 23
22126 202
22126 148
22126 14
22126 38
22126 199
22126 81
22126 216
22126 41
22126 197
22126 176
22126 142
22126 229
22126 180
22126 63
22126 105
22126 75
22126 141
22126 151
22126 15
22126 6
22126 132
22126 210
22126 221
21970 0
22214 13
21444 4
21444 6
21444 2
21444 17
22082 144
22082 32
22082 93
22082 48
22082 105
22082 19
22082 6
22082 49
22082 72
22082 16
22082 31
22082 153
22082 91
22082 28
22082 165
22082 115
22082 12
22082 163
22082 183
22082 113
21860 22
21860 4
21860 10
21635 3
21635 16
21635 17
21635 7
21635 14
21635 9
21635 0
21635 10
21442 67
21442 72
21442 135
21904 94
21904 4
21904 208
21904 120
21904 140
21904 33
21904 246
21904 64
21904 225
21904 44
21904 109
21904 141
21904 61
21904 91
21904 159
21904 83
21904 123
21904 195
21904 139
21904 114
21904 233
21904 119
21904 76
21904 179
21904 220
21904 71
21904 81
21904 19
21904 174
21904 96
21904 66
21904 48
21904 112
21904 80
21904 147
21904 42
21904 252
21904 228
21904 176
21904 247
21904 102
21954 166
21954 132
21954 124
21954 333
21954 180
21954 206
21954 55
21954 310
21954 239
21954 172
21954 254
21954 75
21954 120
21954 329
21954 15
21954 149
21954 227
21954 44
21954 64
21954 219
21954 58
21954 229
21954 113
21954 216
21954 140
21954 34
21954 263
21954 322
21954 7
21954 119
21954 299
21954 154
21954 328
21954 129
21954 131
21954 261
21954 103
21954 253
21954 317
21954 214
21954 182
21954 13
21954 190
21954 250
21954 238
21954 293
21954 65
21965 255
21965 426
21965 101
21965 57
21965 74
21965 325
21965 379
21965 275
21965 207
21965 115
21965 67
21965 323
21965 212
21965 194
21965 354
21965 11
21965 317
21965 79
21965 407
21965 167
21965 227
21965 263
21965 435
21965 63
21965 144
21965 237
21965 420
21965 157
21965 85
21965 150
21965 82
21965 3
21965 385
21965 197
21965 49
21965 220
21965 104
21965 429
21965 140
21965 128
21965 208
21965 193
21965 261
21965 367
21965 397
21965 12
21965 210
21965 405
21965 371
21965 108
21965 156
21965 238
21965 148
21965 331
22078 122
22078 43
22078 27
22078 88
22078 102
22078 60
22078 124
22078 107
22078 68
22078 76
22078 89
22078 117
22078 120
22078 49
22078 134
22078 56
22078 41
22078 111
22078 94
22078 5
22078 34
22078 63
21855 61
21855 62
21855 63
21855 95
21855 101
21855 122
21855 9
21855 29
21855 88
21855 19
21855 21
21855 109
21855 55
21855 20
21855 28
21855 59
21855 71
21855 96
21855 117
21855 23
21794 58
21794 86
21794 102
21794 132
21794 161
21794 24
21794 71
21794 117
21794 32
21794 1
21794 2
21794 119
21794 122
21794 134
21794 25
21794 91
21794 109
21794 111
21794 144
21868 5
21868 134
21868 30
21868 41
21868 63
21868 28
21868 70
21868 91
21868 115
21868 112
21868 105
21868 132
21868 111
21868 2
21868 42
21616 17
21616 24
21616 6
21616 13
21616 23
21616 16
21616 25
21616 12
21616 1
21616 14
21616 27
22070 16
22070 9
22070 6
22070 1
21731 8
21731 16
21731 60
21731 85
21731 3
21731 49
21731 87
21731 99
21731 70
21731 14
21731 62
21731 19
21428 35
21428 119
21428 184
21428 195
21428 252
21428 337
21819 33
21819 0
21973 26
21973 101
21973 117
21973 42
21973 5
21973 31
21973 65
21973 90
21973 11
21973 37
21973 57
21973 63
21973 48
21973 74
21973 45
21973 71
21973 32
21973 66
21973 106
21973 59
21973 103
21973 60
21973 115
21973 40
21973 14
21973 51
21973 104
21973 39
21973 43
21973 6
21973 107
21973 111
21973 0
21973 82
21973 7
21973 50
21973 78
21973 20
21973 12
21973 72
21973 46
21973 17
21973 99
21973 55
21973 24
21973 84
21973 76
22159 95
22159 177
22159 318
22159 305
22159 356
22159 274
22159 210
21487 4
21487 260
21487 76
21487 114
21487 170
21487 300
21487 339
21487 359
21652 73
21652 83
21652 11
21652 72
21652 54
21652 15
21652 45
21652 8
21652 44
21842 8
22255 24
21787 101
21787 77
21787 22
21787 172
21787 242
21787 203
21787 73
21787 170
21787 215
21787 41
21787 43
21787 87
21787 147
21787 249
21787 128
21787 182
21787 6
21787 3
21787 26
21787 74
21787 246
21787 76
21787 104
21787 188
21787 204
21787 254
21787 89
21787 50
21787 28
21787 57
21787 115
21787 117
21787 175
21787 79
21787 152
21787 228
21787 17
21787 102
21787 133
21787 156
21787 202
21787 233
21787 82
21787 19
21787 63
21787 51
21787 20
21787 99
21787 258
21787 25
21787 31
21787 78
21787 33
21787 40
21787 53
21787 119
21787 142
21787 238
21787 37
21787 98
21787 1
21787 9
21787 134
21787 164
21787 192
21787 18
21787 68
21787 114
21787 143
21787 176
21787 140
21787 185
21787 213
21787 8
21787 70
21787 169
21787 222
21922 366
21922 364
21922 250
21922 199
21922 209
21922 258
21922 441
21922 289
21922 368
21922 2
21922 229
21922 169
21922 123
21922 173
21922 278
21922 182
21922 225
21922 277
21922 312
21922 38
21922 159
21847 27
21847 20
21847 12
21847 26
21847 29
21847 30
21847 54
21847 44
21458 45
21458 44
21458 6
21458 41
21458 15
21458 17
21458 65
21458 28
21458 29
21458 47
21458 34
22089 75
22089 45
22089 3
22089 49
22089 32
22089 37
22089 1
22089 15
22089 78
22089 21
22089 14
22089 39
22111 29
22111 21
22111 23
22111 24
22111 5
22111 31
22111 26
22111 2
22111 3
22111 52
22111 42
22111 34
22111 44
22111 11
22111 51
22111 20
22029 24
22029 50
22029 34
22029 60
22029 48
22029 54
22029 32
22029 73
22029 19
22029 42
22029 7
22029 64
22029 12
22029 69
22029 49
21510 174
21510 222
21510 284
21510 297
21510 208
21510 478
21510 528
21510 109
21510 127
21510 287
21510 30
21510 83
21510 359
21510 366
21510 427
21510 53
21510 75
21510 142
21510 316
21510 93
21510 195
21510 404
21510 158
21510 352
21510 247
21510 137
21510 289
21510 92
21510 111
21510 183
21510 209
21510 300
21510 496
21510 365
21510 368
21510 54
21510 299
21510 410
21510 467
21510 484
21510 500
21510 532
21510 381
21510 387
21510 431
21510 434
21510 437
21510 469
21510 542
21510 144
21510 95
21510 141
21510 204
21510 249
21510 393
21510 477
21510 495
21510 73
21510 312
21510 326
21510 51
21510 15
21510 128
21510 201
21510 296
21510 430
21510 196
21510 12
21510 35
21510 90
21510 337
21510 215
21510 23
21510 425
22126 20
22126 152
22126 144
22126 164
22126 91
22126 40
22126 53
22126 160
22126 200
22126 147
22126 60
22126 131
22126 117
21817 168
21817 53
21817 38
21817 54
21817 76
21817 108
21817 49
21817 72
21817 83
21817 157
21817 204
21817 63
21817 84
21817 129
21817 217
21817 143
21817 229
21817 70
21817 73
21939 93
21939 39
21939 206
21939 255
21939 222
21939 114
21939 242
21939 109
21939 250
21939 248
21939 219
21939 232
21939 29
21939 164
21939 145
21939 273
21939 180
21939 231
21939 88
21939 131
21939 22
21939 110
21939 119
21939 191
21939 128
21939 4
21939 179
21939 266
21939 281
21939 80
21939 216
21939 156
21939 163
21809 26
21809 15
21809 31
21809 34
21809 55
21929 5
21929 0
21929 2
21929 58
21929 8
21929 11
21929 4
21929 77
21929 19
21929 34
21929 12
21929 17
21929 98
21929 50
21598 76
21598 85
21598 14
21598 68
21598 38
21598 73
21598 48
21598 100
21598 32
21598 87
21780 8
21780 19
21780 12
21497 22
21497 13
21497 19
21497 16
21775 530
21775 273
21775 243
21775 50
21775 107
21775 125
21775 63
21775 88
21775 121
21775 27
21775 325
21775 363
21775 404
21775 33
21775 264
21775 389
21775 518
21775 62
21775 61
21775 171
21775 221
21775 314
21775 64
21775 93
21775 110
21775 130
21775 347
21775 319
21775 542
21775 555
21775 328
21775 238
21775 4
21775 97
21775 229
21775 241
21775 111
21775 209
21775 263
21775 439
21775 434
21775 484
21775 22
21775 193
21775 233
21775 234
21775 245
21775 467
21775 119
21775 137
21775 190
21775 196
21775 487
21775 279
21775 313
21775 280
21775 1
21775 71
21775 98
21775 206
21775 259
21775 210
21775 157
21775 408
21775 427
21775 456
21775 55
21775 86
21775 126
21775 192
21775 337
21775 485
21775 509
21775 529
21775 556
21775 150
21775 161
21775 502
21775 531
21775 199
21705 114
21705 79
21705 87
21705 21
21705 30
21705 62
21705 20
21705 138
21705 15
21705 88
21705 101
21705 117
21705 152
21705 86
21705 110
21705 158
21705 34
21705 74
21705 95
21705 113
21705 65
21705 128
21705 141
21705 93
21705 139
21705 24
21705 151
21705 17
21705 96
21705 109
21705 124
21705 156
21705 6
21705 51
21705 44
21705 56
21705 80
21705 9
21705 33
21705 46
21705 4
21705 37
21705 47
21705 123
21705 91
21705 159
21705 11
21705 133
21705 140
21705 161
21705 18
21705 129
22099 40
22099 17
22099 43
22099 67
22099 75
22099 60
22099 76
22099 11
22099 56
22099 103
22099 70
22099 1
22099 10
22018 9
21916 141
21916 198
21916 207
21916 127
21916 125
21916 355
21916 369
21916 278
21916 346
21916 177
21916 264
21916 273
21916 300
21916 318
21916 419
21916 191
21916 193
21916 195
21916 76
21916 180
21916 294
21916 6
21916 417
21916 434
21916 381
21916 173
21916 28
21916 209
21916 149
21916 211
21916 323
21916 371
21916 126
21916 170
21916 99
21916 396
21916 145
21916 388
21916 18
21916 55
21916 340
21916 365
21916 360
21916 282
21916 9
21916 37
21916 136
21916 386
21916 279
21916 416
21916 162
21916 449
21916 277
21916 221
21843 0
21843 5
21843 7
21635 11
21701 140
21701 21
21701 69
21701 143
21701 174
21701 74
21701 123
21701 141
21701 144
21701 151
21701 88
22172 78
22172 33
22172 46
22172 62
22172 57
22172 69
22172 49
22172 10
22172 34
22172 56
22172 42
22172 8
22172 12
22172 24
22172 50
22172 44
22172 87
22172 27
22172 39
22172 25
22172 32
22172 53
22172 85
22172 7
22172 45
22172 77
22172 66
22172 88
22172 71
22172 1
22172 23
21509 13
21509 0
22157 116
22256 17
22256 7
22256 23
22256 14
22256 54
21800 34
21800 22
21800 7
21800 25
21800 45
21800 21
21800 0
21800 14
21800 23
21800 35
21800 37
21800 36
21800 38
21800 32
21800 24
21800 16
21800 44
21800 33
21800 26
21800 3
21800 17
21800 28
21800 46
21800 2
21800 5
21800 29
21800 20
21972 12
21972 74
21972 136
21972 58
21972 157
21972 217
21972 36
21972 209
21972 153
21972 114
21972 248
21972 189
21972 76
21972 207
21972 161
21972 96
21972 259
21972 82
21972 19
21972 75
21972 218
21972 147
21972 164
21972 171
21972 229
21972 141
21972 39
21972 188
21972 183
21972 68
21972 199
21972 70
21972 115
21972 26
21972 63
21972 21
21972 178
21972 215
21411 3
21411 10
21411 15
21982 77
21982 542
21982 245
21982 325
21982 486
21982 84
21982 292
21982 208
21982 331
21982 95
21982 240
21982 353
21982 90
21982 151
21982 533
21982 338
21982 417
21982 250
21982 429
21982 473
21982 78
21982 299
21982 379
21982 182
21982 43
21982 134
21982 400
21982 411
21982 260
21982 159
21982 348
21982 268
21982 415
21982 110
21982 167
21982 435
21982 369
21982 295
21982 288
21982 418
21982 285
21982 41
21982 520
21982 142
21982 248
21982 378
21982 178
21982 335
21982 436
21982 540
21982 413
21982 491
21982 314
21982 352
21982 222
21982 216
21982 105
21982 119
21982 194
21982 122
21982 181
21982 237
21982 74
21982 97
21982 60
21982 516
21982 498
21982 113
21982 543
21982 273
21982 27
21982 254
21982 197
21982 227
21982 521
21982 377
21804 172
21804 327
21804 84
21804 283
21804 270
21804 344
21804 369
21804 308
21804 207
21804 130
21804 231
21804 342
21804 185
21804 295
21804 19
21804 44
21804 45
21804 131
21804 180
21804 242
21804 116
21804 195
21804 212
21804 235
21804 53
21804 154
21804 17
21804 58
21804 62
21804 89
21804 182
21804 4
21804 79
21804 163
21804 261
21804 12
21804 68
21804 284
21804 262
21804 192
21804 7
21804 293
21804 306
21443 6
21443 31
21443 62
21443 63
21443 74
21443 11
21443 22
21443 49
21443 52
21443 3
21443 85
21443 92
21443 113
21443 14
21443 27
21443 47
21443 8
21443 45
21443 112
21443 90
21443 106
21443 117
21443 10
21443 23
21443 104
21443 83
21443 87
21443 109
21443 40
21443 51
21670 22
21670 34
21670 28
21670 31
21670 29
21670 18
21670 7
21670 25
21670 30
21670 4
21670 9
21670 37
21670 3
21581 20
21581 17
21581 23
21581 27
21581 38
21581 51
21581 16
21581 18
21793 36
21793 1
21793 41
21793 26
21793 5
21793 37
21822 63
21822 85
21822 124
21822 137
21822 149
21822 51
21822 129
21822 174
21822 197
21822 219
21822 33
21822 177
21822 21
21822 68
21822 152
21822 213
21822 47
21822 62
21822 126
21822 181
21822 103
21822 169
21822 195
21822 76
21822 156
21822 215
21822 30
21822 79
21822 159
21822 207
21822 6
21822 46
21822 135
21822 193
21822 112
21822 69
21822 11
21822 157
21822 223
21549 106
21549 150
21549 188
21549 124
21549 0
21549 5
21549 22
21549 27
21549 9
21549 73
21549 99
21549 130
21549 135
21549 88
21549 134
21549 138
21549 160
21549 39
21549 167
21549 196
21549 64
21549 92
21549 126
21549 15
21549 20
21549 76
21549 198
21549 194
21549 63
21549 86
21549 120
21549 178
21549 101
21549 141
21549 81
21549 29
21549 114
21549 143
21549 162
21549 174
21549 203
21549 40
21549 47
21549 61
21549 69
21549 175
21549 190
21549 38
21549 127
21549 176
21549 96
21549 137
21549 28
21549 35
21549 156
21549 6
21549 25
21549 140
21549 170
21549 195
21549 49
21549 95
21549 184
21549 169
21661 95
21661 102
21661 0
21661 160
21661 33
21661 58
21661 66
21661 85
21661 28
21661 54
21661 143
21661 99
21661 133
21661 71
21661 47
21661 3
21524 25
21524 50
21524 35
21524 8
21524 14
21524 27
21857 19
21857 133
21857 43
21857 67
21857 113
21857 146
21857 93
21857 90
21857 34
21857 144
21857 116
21857 5
21857 27
21857 53
21857 82
21857 124
21857 159
21857 158
21857 66
21857 118
21857 87
21857 119
21857 155
21857 8
21857 38
21857 56
21857 100
21594 28
21594 3
21594 17
21642 3
21642 21
21642 31
21642 103
21642 105
21642 106
21642 76
21642 63
21642 113
21642 114
21642 115
21642 24
21642 54
21642 46
21642 68
21642 111
21642 52
21642 112
21979 8
21685 5
21685 53
21685 30
21685 44
21685 59
21685 116
21685 140
22241 7
22241 11
21519 87
21519 46
21519 66
21519 21
21519 49
21519 82
21519 94
21519 106
21519 28
21519 65
21519 81
21519 100
21519 97
21519 104
21707 52
21707 25
21707 33
21707 70
21707 23
21707 56
21707 72
21707 10
21707 62
21707 5
21707 12
21707 14
21738 18
21738 69
21738 15
21738 11
21738 19
21738 89
21738 92
21887 32
21887 2
21887 45
21887 139
21887 98
21887 26
21887 58
21887 60
21887 85
21887 78
21887 132
21887 102
21887 123
21887 23
21887 125
21887 48
21887 135
21887 34
21887 36
21999 19
21999 1
21839 1
21839 17
21474 63
21474 3
21474 59
21474 27
21474 33
21474 45
21474 61
21474 86
21474 76
21474 17
21474 58
21474 64
21474 67
21474 66
22081 26
22081 34
22081 11
22081 13
22081 0
22081 51
22081 57
22081 35
21536 101
21536 121
21536 314
21536 44
21536 168
21536 220
21536 351
21536 318
21536 346
21536 358
21536 241
21536 26
21536 63
21536 157
21536 128
21536 140
21536 215
21536 21
21536 348
21536 30
21536 257
21536 305
21536 307
21536 25
21536 34
21536 36
21536 68
21536 340
21536 386
21536 75
21536 118
21536 311
21536 330
21536 84
21536 116
21536 261
21536 2
21536 62
21536 200
21536 273
21536 17
21536 138
21536 207
21536 119
21536 300
21536 306
21536 309
21536 23
21536 224
21536 276
21536 360
21536 377
21536 48
21536 194
21536 49
21536 115
21536 12
21536 219
21536 246
21536 32
21536 214
21536 252
21536 286
21445 251
21445 278
21445 318
21445 182
21445 219
21445 222
21445 271
21445 314
21445 16
21445 97
21445 112
21445 181
21445 202
21445 216
21445 183
21445 226
21445 277
21445 285
21445 296
21445 235
21445 29
21445 76
21445 78
21445 125
21445 135
21445 153
21445 190
21445 238
21445 308
21445 171
21445 302
21445 319
21445 179
21445 39
21445 91
21445 33
21445 53
21445 142
21445 151
21445 152
21509 1
21509 15
21509 2
21509 16
21509 11
21509 12
21476 549
21476 559
21476 472
21476 484
21476 530
21476 561
21476 1
21476 32
21476 81
21476 253
21476 270
21476 297
21476 47
21476 212
21476 322
21476 444
21476 488
21476 419
21476 497
21476 526
21476 545
21476 17
21476 59
21476 111
21476 209
21476 268
21476 417
21476 424
21476 474
21476 565
21476 48
21476 76
21476 110
21476 365
21476 102
21476 248
21476 336
21476 40
21476 67
21476 127
21476 224
21476 283
21476 45
21476 46
21476 109
21476 258
21476 64
21476 98
21476 149
21476 264
21476 114
21476 130
21476 135
21476 203
21476 205
21476 144
21476 204
21476 245
21476 341
21476 383
21476 434
21476 436
21476 452
21476 522
21476 529
21476 553
21476 50
21476 158
21476 101
21476 132
21476 184
21476 347
21476 92
21476 160
21476 202
21476 290
21476 348
21476 68
21476 75
21476 163
21476 200
21476 72
21476 237
21476 291
21476 28
21476 53
21476 307
21476 312
21476 428
21476 446
21476 451
21476 465
21476 514
21476 499
21476 558
21476 562
21476 7
21476 99
21476 155
21476 211
21476 400
21476 70
21476 154
21476 221
21476 235
21476 355
21476 435
21476 496
21476 407
21476 493
21476 504
21476 552
21476 563
21476 55
21476 112
21476 161
21476 185
21476 228
21476 30
21476 113
21476 285
21476 381
21476 0
21476 327
21476 388
21476 485
21476 492
21476 516
21476 551
21476 324
21476 481
21476 483
21476 176
21476 251
21476 311
21476 346
21476 192
21476 333
21476 362
21476 380
21476 38
21476 207
21476 278
21476 403
21476 482
21476 515
21476 23
21476 87
21476 187
21476 216
21476 232
21476 151
21476 164
21476 213
21476 385
21476 394
21476 410
21476 511
21476 541
21476 119
21476 360
21476 425
21476 462
21476 486
21476 534
21476 175
21476 242
21476 339
21476 354
21476 73
21476 106
21476 169
21476 218
21476 229
21476 501
21476 542
21476 36
21476 404
21476 525
21476 531
21476 538
21476 564
21476 133
21476 267
21476 337
21476 371
21476 153
21476 238
21476 275
21476 295
21476 181
21476 257
21476 284
21476 310
21476 134
21476 236
21476 272
21467 273
21975 3
21975 34
21975 47
21975 63
21975 69
21975 24
21975 94
21975 73
21975 85
21975 102
21501 57
21501 64
21501 235
21501 295
21501 355
21501 157
21501 152
21501 267
21501 328
21501 40
21501 274
21501 121
21501 124
21501 325
21501 346
21501 67
21501 242
21501 271
21501 360
21501 403
21501 409
21501 95
21501 108
21501 278
21501 332
21501 335
21501 379
21501 253
21501 337
21501 358
21501 382
21501 149
21501 175
21501 218
21501 196
21501 232
21501 249
21501 299
21501 404
21501 153
21501 186
21501 373
21501 23
21501 53
21501 82
21501 145
21501 393
21501 333
21501 103
21501 113
21501 177
21501 219
21501 317
21501 43
21501 73
21501 228
21501 349
21501 381
21501 17
21501 213
21501 344
21501 345
21501 0
21501 25
21501 172
21501 312
21501 362
21501 402
21501 81
21501 230
21501 191
21501 200
21501 287
21501 339
21501 136
21501 246
21501 300
21501 318
21501 19
21501 255
21501 263
21501 45
21501 99
21501 292
21501 313
21501 369
21501 407
21501 32
21501 72
21501 162
21501 250
21501 49
21501 225
21501 259
21501 343
21501 398
21751 49
21751 18
21751 12
21751 17
21751 45
21751 4
21751 16
21751 26
21438 6
21438 11
21438 17
21438 7
21496 21
21496 35
21496 30
21496 7
21496 11
21496 33
21496 24
21669 97
21669 136
21669 150
21669 411
21669 437
21669 174
21669 10
21669 19
21669 520
21669 214
21669 535
21669 277
21669 346
21669 371
21669 402
21669 470
21669 245
21669 281
21669 358
21669 467
21669 513
21669 78
21669 392
21669 417
21669 472
21669 507
21669 69
21669 73
21669 140
21669 175
21669 181
21669 204
21669 216
21669 217
21669 134
21669 244
21669 305
21669 431
21669 433
21669 167
21669 178
21669 153
21669 230
21669 264
21669 378
21669 446
21669 114
21669 164
21669 540
21669 16
21669 188
21669 302
21669 339
21669 365
21669 413
21669 518
21669 209
21669 227
21669 252
21669 336
21669 447
21669 88
21669 273
21669 276
21669 286
21669 440
21669 199
21669 509
21669 261
21669 480
21669 240
21669 307
21669 332
21669 355
21669 422
21669 258
21669 374
21669 379
21669 499
21669 147
21669 270
21669 341
21669 404
21669 409
21669 505
21669 536
21669 59
21669 92
21669 101
21669 159
21669 208
21669 224
21669 376
21669 377
21669 448
21669 1
21669 138
21669 284
21669 342
21669 416
21669 226
21669 265
21669 331
21669 460
21669 2
21669 38
21669 100
21669 141
21669 211
21669 310
21669 77
21669 128
21669 205
21669 397
21669 420
21669 68
21669 113
21669 186
21669 405
21669 502
21597 41
21597 71
21597 99
21597 22
21597 35
21597 37
21597 34
21597 46
21597 95
21597 25
21597 31
21597 112
21597 47
21597 59
21597 81
21597 4
21597 62
21597 66
21740 2
21941 42
21941 47
21941 49
21941 20
21941 44
21941 25
21941 38
21941 11
21941 53
21941 8
21452 63
21452 80
21452 9
21452 54
21452 137
21741 221
21741 205
21741 258
21741 59
21741 76
21741 94
21741 148
21741 70
21741 244
21741 249
21741 266
21741 61
21741 256
21741 104
21741 188
21741 11
21741 173
21741 181
21741 184
21741 191
21741 192
21741 160
21741 187
21741 190
21741 220
21741 35
21741 207
21741 101
21741 30
21741 119
21741 270
21741 277
21741 149
21741 134
21741 62
21741 179
21741 285
21741 239
21741 283
21741 158
21741 233
21741 79
21741 227
21741 265
21741 286
21741 13
21741 236
21741 250
21741 66
21741 109
21741 146
21741 153
21741 185
21741 18
21741 248
21741 55
21741 267
21741 242
21741 257
21741 269
21741 288
21741 7
21741 186
21741 199
21741 203
21741 201
21741 48
21741 172
21741 206
21741 177
21741 178
21741 182
21741 189
21741 194
21741 111
21741 136
21741 25
21741 91
21741 78
21741 261
21741 96
21741 222
21542 0
21542 36
21542 58
21542 13
21542 30
21542 43
21542 49
22259 15
22259 47
21860 15
21860 9
21860 14
21860 7
21860 5
22185 4
22185 26
22184 37
22184 52
22184 58
22184 56
22184 60
21974 46
21974 138
21974 194
21974 48
21974 237
21974 333
21974 312
21974 295
21974 59
21974 504
21974 527
21974 470
21974 537
21974 500
21974 207
21974 513
21974 19
21974 63
21974 287
21974 305
21974 276
21974 175
21974 162
21974 422
21974 512
21974 143
21974 17
21974 489
21974 221
21974 45
21974 226
21974 400
21974 161
21974 86
21974 309
21974 452
21974 359
21974 225
21974 361
21974 365
21974 444
21974 378
21974 163
21974 118
21974 338
21974 94
21974 255
21974 189
21974 264
21974 172
21974 278
21974 313
21974 528
21974 266
21974 397
21974 465
21974 215
21974 250
21974 344
21974 156
21974 409
21974 461
21974 73
21974 169
22023 171
22023 255
22023 311
22023 16
22023 80
22023 207
22023 332
22023 23
22023 337
22023 199
22023 125
22023 184
22023 151
22023 130
22023 330
22023 166
22023 206
22023 44
22023 285
22023 329
22023 219
22023 306
22023 345
22023 139
22023 158
22023 22
22023 269
22023 167
22023 88
22023 203
22023 92
22023 111
22023 235
22023 71
22023 185
22023 155
22023 244
22023 136
22023 302
22023 254
22023 3
22023 362
22023 77
22023 369
22023 364
22023 342
22023 221
22023 305
22023 102
22130 93
22087 14
22087 106
22087 20
22087 116
22087 81
22087 111
22087 92
22087 41
22087 102
22087 66
22087 112
22087 44
22087 39
22087 7
22087 34
22087 104
22087 63
22087 46
22087 103
22087 26
22087 16
22087 98
22087 76
22087 51
22087 89
22087 2
22087 77
22087 28
22087 37
22087 67
22087 35
22087 75
22087 56
22087 58
22087 60
22087 23
22087 97
22087 8
22087 40
22087 82
22087 71
22087 90
22087 12
22087 91
22087 5
22087 65
22087 49
22087 85
22087 30
21618 62
21618 66
21618 70
21618 105
21618 74
21618 63
21618 3
21618 31
21618 46
21618 55
21618 15
21618 37
21618 139
21618 87
21618 119
21618 125
21618 6
21618 22
21618 20
21618 163
21618 11
21618 24
21618 25
21618 38
21618 61
21618 175
21618 54
21618 132
21618 0
21618 178
21618 1
21618 144
21618 65
21618 152
21618 8
21618 184
21618 64
21618 98
21618 110
21618 165
21618 26
21618 95
21618 114
21618 9
21618 124
21618 160
21948 65
21948 142
21948 111
21948 14
21948 54
21948 47
21948 3
21948 147
21948 161
21948 59
21948 134
21948 154
21948 11
21948 51
21948 163
21948 85
21948 92
21948 164
21948 143
21948 10
21948 94
21948 149
21948 21
21948 60
21948 17
21948 88
21948 89
22078 75
22078 82
22078 1
22078 53
22078 100
22078 133
22078 4
22078 58
22078 14
22078 7
22078 70
22078 83
22078 0
22078 10
22078 22
22078 62
22078 72
22250 8
22250 32
22250 20
22250 43
22250 18
22250 0
21908 16
21908 63
21908 67
21908 104
21908 38
21908 102
21908 52
21908 60
21908 91
21908 59
21908 100
21908 68
21908 2
21908 72
21908 4
21908 42
21908 43
21908 46
21908 58
21908 105
21908 40
21908 10
21908 70
21908 56
21908 39
21908 65
21908 47
21908 9
21908 31
21908 113
21908 55
21908 66
21908 88
22264 110
21556 47
21556 250
21556 88
21556 288
21556 294
21556 46
21556 246
21556 266
21556 299
21556 82
21556 200
21556 300
21556 366
21556 102
21556 239
21556 316
21556 360
21556 5
21556 59
21556 105
21556 202
21556 364
21556 53
21556 62
21556 121
21556 178
21556 315
21556 68
21556 75
21556 162
21556 211
21556 111
21556 170
21556 173
21556 240
21556 355
21556 136
21556 28
21556 99
21556 130
21556 204
21556 332
21520 43
21520 12
21520 35
21520 40
21520 17
21520 32
21762 20
21762 21
21762 5
21762 14
21762 19
21762 2
21762 17
21762 22
21762 15
22060 15
21676 33
21676 15
21676 103
21676 3
21676 42
21676 84
21676 115
21676 119
21676 79
21676 69
21676 76
21676 80
21676 100
22180 59
22159 173
22159 329
22159 293
22159 165
22159 113
22159 50
22159 99
22159 255
22159 84
22159 154
22159 220
22159 46
22159 182
22159 186
22159 190
22159 228
22159 333
22159 225
22159 4
22159 279
22159 238
22159 180
22159 312
22159 263
22159 349
22159 234
22159 215
22159 15
22159 19
22159 242
22159 70
22159 219
22159 281
22159 104
22159 271
22159 301
22159 200
22159 192
22159 201
22159 360
22159 128
22159 342
22159 69
22159 61
22159 162
22159 308
22159 313
22159 309
22159 259
22159 55
22159 311
22159 248
22159 361
22159 295
22159 294
21834 51
21834 83
21834 142
21834 27
21834 99
21834 25
21834 14
21834 133
21834 46
21834 66
21834 92
21834 81
21834 102
21834 128
21834 118
21834 120
21834 135
21834 138
21834 154
21834 36
21834 65
21834 111
21834 38
21834 53
21834 87
21834 100
21834 107
21834 115
21937 4
21937 15
21937 16
21937 24
21937 19
21937 9
21937 18
21937 3
21937 26
21905 15
21905 3
22029 57
22029 33
22029 25
22029 74
22029 53
22029 10
22101 59
22101 61
22101 33
22101 10
22101 48
22101 1
22101 51
21859 0
21859 29
21859 38
21859 49
21859 20
21859 27
21859 22
21859 66
21859 70
21859 64
21859 82
21859 73
21859 13
21859 25
21859 7
21859 24
21859 54
21859 71
21859 78
21859 81
21859 55
21479 22
21479 45
21479 131
21479 145
21479 141
21479 59
21479 61
21479 107
21479 133
21479 140
21479 3
21479 6
21479 51
21479 134
21479 19
21479 137
21479 147
21479 58
21479 92
21479 122
21479 66
21479 21
21479 40
21479 78
21479 124
21893 7
21893 103
21893 72
21893 69
21893 35
21893 116
21893 70
22091 105
22091 86
22091 61
22091 96
22091 104
22091 39
22091 6
22091 89
22091 7
22091 58
22091 83
22091 40
22091 60
22213 7
22137 7
22137 40
22137 11
22137 42
22137 2
22137 44
22137 35
22137 3
22137 15
22137 21
22137 9
22137 12
21927 538
21927 69
21927 36
21927 89
21927 105
21927 378
21927 52
21927 339
21927 464
21927 171
21927 488
21927 543
21927 486
21927 362
21927 163
21927 522
21927 212
21927 496
21927 487
21927 252
21927 28
21927 5
21927 237
21927 501
21927 238
21927 199
21927 322
21927 266
21927 485
21927 313
21927 126
21927 533
21927 330
21927 371
21927 213
21927 332
21927 184
21927 503
21927 547
21927 468
21927 459
21927 268
21927 435
21927 255
21927 259
21927 432
21927 420
21927 539
21927 111
21927 120
21927 38
21927 107
21927 243
21927 262
21927 229
21927 340
21927 490
21927 29
21927 492
21927 456
21927 463
21927 373
21927 394
21927 132
21927 449
21927 135
21927 22
21927 396
21927 387
21927 444
21927 146
21927 92
21927 203
21927 441
21927 388
21927 301
21927 49
21927 122
21927 328
21927 467
21927 369
21927 433
21927 447
21927 31
21927 253
21927 178
21927 149
21927 244
21927 500
21927 195
21927 251
21927 117
21927 140
21927 351
21927 310
21927 167
21927 296
21927 21
21927 246
21927 355
21927 431
21927 428
21927 220
21927 287
21927 138
21927 67
21927 61
21927 156
21927 19
21927 406
21927 334
21927 24
21927 47
21927 521
21927 81
21927 231
21927 393
21927 544
21927 218
21927 64
21927 403
21927 235
21927 458
21927 289
21927 502
21927 343
21927 12
21927 25
21927 442
21927 274
21927 3
21927 389
21927 86
21927 423
21927 30
21927 475
21927 495
21927 386
21927 204
21927 118
21927 303
21927 465
21927 357
21927 484
21927 177
21927 315
21927 108
21927 466
21927 399
21927 221
21927 276
21927 306
21927 437
21927 517
21927 161
21927 383
21927 4
21927 210
21927 96
21927 417
21927 160
21927 377
21927 40
21927 113
21927 424
21927 98
21927 18
21927 298
21927 382
21927 512
21927 405
21927 311
21927 23
21927 194
21927 429
21927 372
21927 413
21927 381
21927 70
21927 225
21927 128
21927 376
21927 51
21927 523
21927 516
21927 493
21927 479
21927 359
21927 20
21927 395
21927 35
21927 314
21927 525
21915 51
21915 46
21915 45
21915 29
21915 14
21915 44
21915 35
21612 50
21612 79
21612 90
21612 92
21612 18
21612 40
21612 43
21612 58
22061 299
22061 391
22061 449
22061 364
22061 493
22061 138
22061 541
22061 335
22061 274
22061 522
22061 118
22061 147
22061 516
22061 415
22061 310
22061 127
22061 344
22061 262
22061 557
22061 68
22061 350
22061 156
22061 179
22061 143
22061 251
22061 303
22061 539
22061 249
22061 349
22061 92
22061 237
22061 439
22061 465
22061 320
22061 519
22061 4
22061 307
22061 542
22061 174
22061 74
22061 400
22061 370
22061 28
22061 436
22061 481
22061 347
22061 277
22061 62
22061 544
22061 264
22061 538
22061 440
22061 393
22061 306
22061 546
22061 341
22061 27
22061 380
22061 328
22061 329
22061 169
22061 164
22061 325
22061 300
22061 295
22061 95
22061 339
22061 401
22061 45
22061 104
22061 369
22061 308
22061 452
22061 461
22061 255
22061 238
22061 227
22061 301
22061 407
22061 291
22061 289
22061 394
22061 478
22061 353
22061 187
22061 78
22061 171
22061 508
22061 559
22061 390
22061 246
22061 388
22061 463
22061 280
22061 442
22061 119
22061 286
22061 97
22061 121
22061 150
22061 292
22061 464
22061 466
22061 528
22061 290
22061 485
22061 58
22061 72
22061 120
22061 474
22061 44
22061 51
22061 195
22061 367
22061 270
22061 281
22061 56
22061 109
22061 406
22061 228
22061 366
22061 96
22061 201
22061 225
22061 244
22061 222
22061 1
22061 204
22061 467
22061 285
22061 314
22061 560
22061 368
22061 80
22061 540
22061 543
22061 220
22061 247
22061 155
22061 548
22061 233
22061 269
22061 148
22061 489
22061 462
22061 99
22061 94
22061 91
22061 198
22061 9
22061 130
22061 166
22061 83
22061 448
22061 348
22061 351
22061 177
22061 207
22061 343
22061 503
22061 383
22061 57
22061 556
22061 533
22061 188
22061 8
22061 61
22061 423
22061 178
22061 512
22061 534
22061 213
22061 214
22061 112
22061 126
22061 327
22061 46
21455 14
21455 120
21455 141
21455 221
21455 6
21455 30
21455 189
21455 37
21455 39
21455 143
21455 208
21455 69
21455 150
21455 212
21455 42
21455 91
21455 179
21455 199
21455 203
21455 15
21455 27
21455 50
21455 53
21455 234
21455 9
21455 103
21455 200
21455 29
21455 41
21455 142
21455 163
21455 227
21455 25
21455 110
21455 148
21455 235
21455 23
21455 58
21455 65
21455 89
21455 98
21455 47
21455 111
21455 118
21455 145
21455 186
21455 188
21455 66
21455 82
21455 85
21455 109
21455 113
22100 62
22100 18
22100 248
22100 111
22100 124
22100 139
22100 275
22100 250
22100 152
22100 172
22100 20
22100 188
22100 279
22100 54
22100 165
22100 170
22100 98
22100 17
22100 66
22100 64
22100 218
22100 204
22100 211
22100 270
22100 231
22100 129
22100 145
22100 96
22100 0
22100 144
22100 113
22100 70
22100 21
22100 5
22100 50
22100 131
22100 162
22100 108
22100 186
22100 203
22100 261
22100 276
22100 210
22100 117
22100 201
22100 38
22100 227
22195 10
22151 16
22151 18
22151 19
22151 29
22151 7
22151 5
22151 1
22151 13
22151 20
22151 11
22151 21
22151 6
22151 0
22151 25
21510 266
21510 293
21510 113
21510 129
21510 327
21510 80
21510 192
21510 414
21510 107
21510 228
21510 271
21510 29
21510 118
21510 245
21510 354
21510 104
21510 461
21510 493
21510 502
21510 512
21510 551
21510 46
21510 187
21510 267
21510 321
21510 436
21510 76
21510 121
21510 198
21510 280
21510 415
21510 56
21510 140
21510 188
21510 191
21510 219
21510 270
21510 325
21510 21
21510 57
21510 85
21510 88
21510 171
21510 33
21510 367
21510 377
21510 408
21510 392
21510 19
21510 139
21510 156
21510 176
21510 13
21510 133
21510 138
21510 235
21510 272
21510 28
21510 233
21510 265
21510 338
21510 398
21510 94
21510 385
21510 388
21510 397
21510 14
21510 43
21510 251
21510 27
21510 63
21510 125
21510 168
21510 182
21510 275
21510 154
21510 179
21510 304
21510 126
21510 232
21510 254
21510 349
21510 357
21510 210
21510 240
21510 329
21510 451
21510 248
21510 277
21510 59
21510 70
21510 417
21510 530
21510 244
21510 84
21510 164
21510 169
21510 402
21510 20
21510 42
21510 301
21510 335
21510 159
21510 180
21510 234
21510 236
21510 102
21510 5
21510 242
21510 135
21510 263
21510 418
21510 108
21510 165
21510 239
21510 364
21510 432
21510 488
21510 490
21510 525
21510 17
21510 47
21510 290
21510 346
21510 363
21510 457
21510 492
21510 508
21510 510
21510 523
21510 62
21510 101
21510 134
21510 339
21510 423
21510 18
21510 306
21510 324
21510 420
21510 218
21510 353
21510 412
21510 383
21510 199
21510 285
21510 456
21510 480
21510 499
21510 534
21510 550
21510 444
21510 445
21510 450
21510 452
21510 507
21510 501
21510 543
21510 549
21510 283
21510 438
21510 472
21510 475
21510 494
21510 527
21510 546
21510 441
21510 465
21510 521
21510 537
21510 203
21510 278
21510 303
21510 348
21510 26
21510 185
21510 276
21510 313
21510 413
21510 162
21510 146
21510 227
21510 261
21510 119
21510 255
21510 344
21510 498
21510 545
21510 186
21510 67
21510 143
21510 148
21510 229
21510 231
21510 386
21510 330
21510 32
21510 395
21510 473
21510 482
21510 515
21510 540
21510 81
21510 38
21510 71
21510 72
21510 291
21510 22
21510 86
21510 262
21510 25
21510 151
21510 200
21510 315
21510 347
21510 89
21510 538
21510 336
21510 369
21510 391
21758 167
21758 12
21758 126
21758 165
21758 182
21758 84
21758 105
21758 169
21758 219
21758 297
21758 312
21758 480
21758 593
21758 85
21758 117
21758 218
21758 523
21758 194
21758 206
21758 60
21758 223
21758 303
21758 339
21758 109
21758 549
21758 515
21758 520
21758 421
21758 467
21758 493
21758 519
21758 543
21758 95
21758 89
21758 386
21758 407
21758 490
21758 508
21758 142
21758 437
21758 438
21758 514
21758 461
21758 504
21758 528
21758 557
21758 65
21758 128
21758 232
21758 323
21758 327
21758 337
21758 410
21758 466
21758 584
21758 451
21758 532
21758 553
21758 574
21758 78
21758 149
21758 213
21758 244
21758 363
21758 38
21758 185
21758 90
21758 34
21758 71
21758 286
21758 364
21758 298
21758 457
21758 545
21758 558
21758 580
21758 443
21758 469
21758 503
21758 578
21758 446
21758 477
21758 420
21758 539
21758 542
21758 23
21758 47
21758 259
21758 354
21758 14
21758 16
21758 81
21758 177
21758 10
21758 36
21758 58
21758 100
21758 130
21758 256
21758 247
21758 32
21758 391
21758 535
21758 560
21758 30
21758 55
21758 335
21758 359
21758 454
21758 497
21758 561
21758 385
21758 401
21758 414
21758 440
21758 403
21758 427
21758 506
21758 292
21758 70
21758 80
21758 132
21758 282
21758 222
21758 344
21758 197
21758 1
21758 365
21758 404
21758 513
21758 537
21758 596
21758 458
21758 489
21758 577
21758 164
21758 360
21758 101
21758 18
21758 24
21758 122
21758 94
21758 331
21758 472
21758 562
21758 566
21758 415
21758 546
21758 63
21758 379
21758 397
21758 431
21758 35
21758 192
21758 54
21758 416
21758 444
21758 488
21758 572
21758 103
21758 199
21758 257
21758 76
21758 180
21758 229
21758 293
21758 348
21758 8
21758 389
21758 581
21758 64
21758 196
21758 124
21758 221
21758 526
21758 366
21758 402
21758 536
21758 394
21758 405
21758 464
21758 425
21758 491
21758 505
21758 269
21758 383
21758 496
21758 516
21758 200
21758 289
21758 326
21758 376
21758 478
21758 509
21758 233
21758 347
21758 368
21758 567
21758 121
21758 241
21758 75
21758 118
21758 224
21758 263
21758 273
21758 147
21758 198
21758 264
21959 103
21959 106
21959 32
21959 145
21959 7
21959 96
21959 49
21959 9
21959 126
22110 30
21661 55
21661 67
21661 70
21661 108
21661 88
21661 128
21661 23
21661 52
21661 73
21661 84
21661 104
21661 145
21661 127
21661 27
21661 1
21661 136
21661 53
21661 93
21661 112
21661 41
21661 123
21661 39
21661 42
21661 91
21661 139
21661 56
21661 78
21661 16
21661 77
21661 150
21661 29
21661 130
21661 146
21661 8
21661 116
21661 30
21661 76
21661 86
21661 138
21661 144
21661 106
21661 20
21661 83
21661 87
21661 6
21661 15
21661 36
21661 110
21638 16
21638 58
21638 151
21638 0
21638 34
21638 37
21638 144
21638 1
21638 24
21638 45
21638 56
21638 90
21638 116
21638 153
21638 54
21638 167
21638 96
21638 3
21638 7
21638 25
21638 31
21638 170
21638 5
21638 77
21638 99
21638 127
21638 49
21638 73
21638 108
21638 131
21638 36
21638 51
21638 163
21638 11
21638 62
21638 65
21638 111
21638 113
21638 161
21638 42
21638 122
21638 156
21486 33
21486 74
21486 100
21740 4
22043 393
22043 91
22043 530
22043 470
22043 374
22043 84
22043 508
22043 199
22043 0
22043 121
22043 268
22043 243
22043 35
22043 70
22043 230
22043 144
22043 112
22043 163
22043 327
22043 175
22043 284
22043 226
22043 177
22043 107
22043 416
22043 504
22043 85
22043 159
22043 67
22043 288
22043 273
22043 354
22043 64
22043 291
22043 257
22043 29
22043 133
22043 182
22043 306
22043 282
22043 482
22043 97
22043 453
22043 526
22043 518
22043 224
22043 100
22043 287
22043 460
22043 132
22043 72
22043 17
22043 403
22043 219
22043 347
22043 391
22043 297
22043 241
22043 514
22043 512
22043 364
22043 1
22043 495
22043 322
22043 101
22043 225
22043 547
22043 39
22043 26
22043 428
22043 31
22043 369
22043 510
22043 345
22043 490
22043 104
22043 151
22043 69
22043 487
22043 129
22043 237
22043 22
22043 435
22043 204
22043 103
22043 431
22043 167
22043 249
22043 418
22043 527
22043 324
22043 444
22043 488
22043 240
21620 6
21620 10
21973 93
21973 118
21973 96
21973 18
21973 29
21973 41
21973 28
21973 52
21973 68
21973 73
21973 61
21973 89
21973 23
21973 64
21973 70
21973 47
21973 86
21973 4
21973 34
21509 7
21509 4
21906 207
21906 90
21906 191
21906 121
21906 5
21906 181
21906 53
21906 161
21906 0
21906 123
21906 225
21906 20
21906 89
21906 164
21906 216
21906 208
21906 179
21906 48
21906 104
21906 221
21906 228
21906 156
21906 127
21906 183
21906 159
21906 139
21906 109
21906 134
21906 98
21906 33
21906 95
21906 215
21906 67
21906 3
21906 195
21906 92
21906 211
21906 129
21906 117
21906 40
21906 70
21906 71
21906 36
21906 200
21906 130
21906 126
21906 80
21906 224
21906 118
21906 85
21906 96
21906 136
21906 160
21906 99
21906 69
21906 218
21906 192
21906 78
21906 37
21906 226
21906 153
21906 30
21906 231
21906 23
21906 189
21906 217
21906 22
21906 1
21906 18
21906 21
21906 193
21906 27
21906 204
22208 389
22208 5
22208 147
22208 322
22208 334
22208 59
22208 365
22208 268
22208 200
22208 112
22208 192
22208 280
22208 370
22208 286
22208 142
22208 412
22208 347
22208 393
22208 0
22208 158
22208 41
22208 187
22208 297
22208 260
22208 47
22208 290
22208 140
22208 35
22208 225
22208 446
22208 332
22208 205
22208 211
22208 312
22208 346
22208 327
22208 223
22208 307
22208 221
22208 186
22208 115
22208 239
22208 303
22208 1
22208 434
22208 299
22208 193
22208 323
22208 134
22208 29
22208 252
22208 88
22208 190
22208 424
22208 278
22208 433
22208 159
22208 288
22208 430
22208 53
22208 281
22208 459
22208 198
22208 354
22208 402
22208 451
22208 131
22208 413
22208 238
22208 122
22208 273
22208 215
22208 210
22208 441
22208 167
22208 287
22208 218
22208 348
22208 172
22208 376
22208 466
22208 423
22208 144
22208 453
22208 94
22208 396
22208 202
22208 450
22208 320
22208 81
22208 83
22208 294
22208 126
22208 161
22208 470
22208 277
22208 331
22208 181
22208 233
22208 295
22208 276
22208 73
22208 180
22208 382
22208 116
22208 417
22208 136
22208 404
22208 352
22208 368
22208 304
22208 58
22208 166
22208 84
22208 282
22208 175
22208 259
22208 244
22208 435
22208 40
22208 371
22208 301
22208 56
22208 464
22208 298
22208 30
22208 454
22208 220
22208 420
22208 325
22208 224
22208 42
22208 391
22208 87
22208 351
22208 46
22208 246
22208 350
22208 149
22208 409
22208 92
22208 324
22208 326
22208 141
22208 10
22208 62
22208 178
22208 379
22208 377
22208 388
22208 254
22208 317
22208 90
22208 207
22208 76
22208 33
22208 74
22208 455
22208 222
22208 174
22208 269
22208 63
22170 54
22170 41
22170 61
22170 4
21554 126
21554 87
21554 95
21554 67
21554 70
21554 114
21554 123
21554 115
21554 150
21554 30
21554 38
21554 23
21554 111
21863 1
22245 1
22245 3
22245 10
22240 32
22240 41
22240 39
22240 20
22240 28
22240 49
21750 34
21750 1
21750 23
21750 15
21750 30
21750 21
21750 29
21750 2
21750 6
21750 8
21750 13
22082 154
22082 156
22082 34
22082 44
22082 38
22082 74
22082 50
22082 27
22082 25
22082 11
22082 70
22082 17
22082 109
22082 155
22082 59
22082 171
22082 88
22082 162
22082 176
22082 58
22082 5
22082 36
22082 24
22082 60
22082 167
22082 117
22082 139
22082 85
22082 76
22082 77
22082 160
22082 23
22082 80
22082 126
22082 98
22082 95
22082 87
22082 107
22082 3
22082 138
22082 158
22082 179
22082 119
22082 168
22082 150
22082 124
22082 26
22082 78
22082 120
22082 65
22082 104
22082 151
22082 174
22082 66
22082 79
22082 90
22082 122
22082 56
22082 157
22082 75
22082 145
22082 29
22082 33
22082 116
22082 100
22082 62
22082 146
21478 7
21478 23
21478 5
21478 1
21822 0
21822 10
21822 65
21822 140
21822 58
21822 132
21822 179
21822 220
21822 100
21822 173
21822 221
21822 222
21822 224
21822 232
21822 2
21822 115
21822 142
21822 154
21822 3
21822 9
21822 61
21822 84
21822 200
21671 3
21671 18
21671 22
21671 4
21765 8
21765 24
21765 25
21765 16
21765 32
21765 36
21765 51
21765 38
21765 74
21765 6
21765 48
21765 79
21765 43
21765 37
21765 85
21765 29
21765 56
21765 67
21765 99
21765 31
21765 49
21765 61
21765 91
21864 55
21864 3
21864 12
21864 48
21864 56
21676 11
21676 90
21676 30
21676 50
21676 65
21676 70
21676 86
21676 67
21676 85
21676 27
21676 29
21676 35
21676 88
21676 38
21676 62
21676 82
21676 58
21676 107
21676 28
21676 36
21676 101
21676 39
21676 43
21676 44
21676 71
21676 110
21676 24
21676 2
21676 6
21676 25
21676 87
21676 91
21676 112
21676 40
21676 105
21676 99
21676 16
21676 31
21676 55
21676 63
21676 68
21676 75
21676 89
21676 22
21676 37
21676 114
21676 46
21835 8
21835 2
22021 117
22021 158
22021 106
22021 186
22021 81
22021 34
22021 123
22021 147
22021 85
22021 79
22021 122
22021 101
22021 119
22021 56
22021 36
22021 54
22021 20
22021 60
22021 146
22021 171
22021 44
22021 39
22021 103
22021 100
22021 22
22021 27
22021 156
22021 59
22021 49
22021 21
22021 93
22021 71
22021 172
22021 40
22021 170
22021 112
22021 42
22021 141
22021 73
22021 10
22021 115
22021 110
21728 0
21728 25
21728 62
21728 167
21728 212
21728 237
21728 98
21728 108
21728 91
21728 94
21728 173
21728 225
21728 17
21728 124
21728 9
21728 174
21728 233
21728 272
21728 171
21728 172
21728 209
21728 5
21728 15
21728 19
21728 202
21728 251
21728 49
21728 78
21728 86
21728 95
21728 127
21728 155
21728 57
21728 60
21728 206
22106 28
22106 38
22106 138
22106 109
22106 93
22106 23
22106 105
22106 126
22106 11
22106 77
22106 127
22106 110
22106 21
22106 131
22106 147
22106 107
22106 41
22106 65
22106 30
22106 49
22106 52
22106 120
22106 0
22106 86
22106 46
22106 125
22106 134
22106 78
21487 115
21487 212
21487 329
21487 31
21487 39
21487 130
21487 174
21487 203
21487 92
21487 147
21487 217
21487 298
21487 315
21487 26
21487 37
21487 102
21487 119
21487 19
21487 46
21487 87
21487 226
21487 285
21487 23
21487 27
21487 53
21487 127
21487 326
21487 86
21487 143
21487 145
21487 249
21487 254
21487 311
21487 97
21487 166
21487 257
21487 361
21487 13
21487 108
21487 182
21487 16
21487 120
21487 157
21487 165
21487 287
21487 20
21487 128
21487 141
21487 353
21487 18
21487 22
21487 210
21487 274
21487 322
21487 333
21487 65
21487 74
21487 137
21487 222
21487 318
21487 3
21487 91
21487 236
21487 302
21487 327
21487 345
21487 129
21487 324
21487 355
21487 363
21487 63
21487 72
21487 106
21487 152
21487 193
21487 50
21487 132
21487 142
21487 184
21487 360
21487 89
21487 337
21487 346
21487 352
21487 79
21487 42
21487 56
21487 84
21487 280
21487 309
21487 80
21487 93
21487 164
21487 6
21487 43
21487 54
21487 101
21487 248
21487 247
21487 284
21487 291
21487 49
21487 78
21487 233
21487 118
21487 177
21487 183
21487 206
21487 94
21487 179
21487 17
21487 25
21487 229
21487 297
21487 343
21487 36
21487 134
21487 191
21487 334
21945 207
21945 106
21945 26
21945 118
21945 115
21945 147
21945 159
21945 107
21945 173
21945 156
21945 95
21945 139
21945 38
21945 91
21945 23
21945 123
21945 96
21945 66
21945 140
21945 203
21945 208
21945 190
21945 50
21945 129
21945 201
21945 45
21945 76
21945 206
21945 28
21945 9
21945 27
21945 57
21945 58
21945 152
21945 185
21945 155
21945 86
21945 22
21945 87
21945 177
21945 194
21945 59
21945 181
21945 160
21945 182
21945 188
21945 105
21945 134
21945 184
21945 199
21945 84
21945 69
21945 29
21945 46
21945 189
21945 141
21945 48
21945 117
21945 89
21945 67
21945 213
21945 7
21945 64
21945 12
21945 15
21945 39
21945 137
21945 180
21945 25
21945 30
21945 109
21945 133
21945 146
21945 202
21945 195
21945 42
21945 175
21945 103
21945 191
21945 17
21945 110
21945 212
21945 85
21945 170
21945 122
22093 133
22093 16
22093 93
22093 154
22093 213
22093 159
22093 137
22093 203
22093 168
22093 110
22093 8
22093 1
22093 143
22093 152
22093 6
22093 33
22093 61
22093 50
22093 184
22093 70
22093 208
22093 18
22093 73
22093 71
22093 80
22093 142
22093 39
22093 235
22093 170
22093 221
22093 75
22093 196
22093 25
22093 20
22093 201
22093 139
22093 204
22093 37
22093 76
22093 22
22093 113
22093 103
22093 114
22093 0
22093 40
22093 9
22093 27
22093 2
22093 141
22093 188
22093 150
22093 121
22093 11
22093 187
22093 157
22093 105
22093 163
22093 116
22093 23
22093 214
22093 36
22093 185
22093 218
22093 189
22093 173
22093 65
22093 96
22093 195
22093 86
22093 5
22093 166
22093 3
22093 26
22093 21
22093 122
22093 52
22093 172
22093 47
22093 225
22093 44
22093 219
22093 129
22093 228
22093 177
22093 146
21710 20
21710 65
21710 33
21710 68
21710 5
21710 48
21710 63
21710 80
21710 66
21710 3
21710 39
21710 82
21759 0
21759 16
21759 10
21642 18
21642 97
22030 5
21840 102
21840 122
21840 24
21840 156
21840 108
21840 116
21840 25
21840 29
21840 46
21840 91
21840 104
21840 21
21840 56
21840 103
21840 9
21840 27
21840 36
21840 43
21840 69
22185 80
22185 129
22185 138
22185 36
22185 134
22185 57
22185 20
22185 107
22185 29
22185 84
22185 11
22185 110
22185 67
22185 77
22185 68
22185 128
21825 8
21825 214
21825 281
21825 297
21825 7
21825 197
21825 259
21825 231
21825 71
21825 300
21825 314
21825 333
21825 336
21825 39
21825 152
21825 28
21825 105
21825 115
21825 177
21825 282
21825 315
21825 139
21825 269
21825 245
21825 56
21825 159
21825 279
21825 323
21825 179
21825 17
21825 64
21825 125
21825 169
21825 222
21825 121
21825 158
21825 166
21825 266
21825 219
21825 195
21825 171
21825 111
21825 126
21825 13
21825 110
21825 273
21825 27
21825 287
21825 328
21825 144
21825 321
21825 79
22032 6
22032 5
22032 30
22032 22
22032 18
22032 12
22032 42
22032 0
22032 53
22032 26
22032 3
22032 8
21726 6
21726 16
21726 4
21726 14
21726 24
21726 29
21726 10
21726 0
21726 20
21726 23
21817 174
21817 35
21579 67
21579 236
21579 101
21579 138
21579 204
21579 235
21579 240
21579 37
21579 196
21579 180
21579 283
21579 24
21579 31
21579 73
21579 106
21579 116
21579 71
21579 49
21579 115
21579 176
21579 239
21579 305
21579 124
21579 28
21579 69
21579 91
21579 278
21579 251
21579 265
21579 260
21579 287
21579 347
21579 322
21579 353
21579 79
21579 14
21579 223
21579 43
21579 97
21579 132
21579 168
21579 225
21579 99
21579 145
21579 74
21579 17
21579 45
21579 107
21579 208
21579 218
21579 27
21579 94
21579 125
21579 242
21579 249
21579 277
21579 169
21579 88
21579 216
21579 57
21579 160
21579 16
21579 32
21579 118
21579 177
21579 201
21579 302
21579 323
21579 311
21579 321
21579 164
21579 171
21579 62
21579 148
21579 193
21579 331
21579 246
21579 38
21579 111
21579 270
21579 274
21932 410
21932 479
21932 134
21932 242
21932 265
21932 94
21932 297
21932 381
21932 263
21932 75
21932 173
21932 262
21932 76
21932 225
21932 354
21932 238
21932 64
21625 60
21625 11
21625 24
21442 20
21442 43
21442 68
21442 116
21442 103
21442 18
21442 46
21442 95
21442 182
21442 82
21442 99
21442 86
21442 123
21442 137
21442 141
21442 148
21442 190
22054 97
22054 2
22054 15
22054 128
22054 147
22054 115
22054 111
22054 158
22054 17
22054 117
22054 52
22054 27
22054 126
22054 18
22054 45
22054 123
22054 38
22054 168
22054 91
22054 159
22054 170
22054 62
22054 133
22054 57
21762 4
21762 12
21762 3
22211 13
22211 72
22114 260
22114 460
22114 228
22114 123
22114 453
22114 353
22114 47
22114 267
22114 447
22114 40
22114 407
22114 126
22114 170
22114 389
22114 299
22114 322
22114 379
22114 217
22114 308
22114 271
22114 32
22114 273
22114 177
22114 7
22114 390
22114 218
22114 164
22114 204
22114 132
22114 292
22114 252
22114 296
22114 213
22114 19
22114 319
22114 312
22114 310
22114 381
22114 141
22114 74
22114 373
22114 139
22114 79
22114 358
22114 265
22114 233
22114 291
22114 414
22114 416
22114 424
22114 415
22114 360
22114 96
22114 163
22114 402
22114 10
22114 77
22114 249
22114 231
22114 117
22114 435
22114 108
22114 199
22114 223
22114 121
22114 437
22114 396
22114 401
22114 302
22114 28
22114 98
22114 134
22114 167
22114 269
22114 283
22114 58
22114 159
22114 350
22114 230
22114 326
22114 432
22114 86
22114 219
21882 67
21882 46
21882 47
21882 63
21882 18
21882 79
21516 52
21516 4
21516 16
21516 59
21516 72
21516 18
21516 21
21516 29
21516 37
21516 33
21516 44
21516 64
21695 28
21695 31
21695 9
21695 63
21695 68
21695 34
21702 3
21702 70
21702 4
21702 97
21702 146
21702 96
21702 101
21702 145
21702 91
21702 21
21702 27
21702 116
21702 6
21702 18
21702 154
21702 140
21702 153
21452 106
21452 123
21452 79
21452 114
21452 82
21452 10
21452 22
21452 25
21452 36
21452 44
21452 58
21452 61
21452 84
21452 92
21452 102
21452 133
21452 8
21452 52
21452 53
21452 101
21452 117
21452 83
21452 108
21452 59
21452 86
21452 127
22209 48
22209 60
22209 30
22209 44
22209 8
22209 5
22209 62
22114 268
22114 57
22114 239
22114 235
22114 157
22114 290
22114 145
22114 461
22114 368
22114 63
22114 376
22114 349
22114 311
22114 24
22114 297
22114 303
22114 347
22114 277
22114 337
22114 426
22114 169
22114 73
22114 178
22114 403
22114 280
22114 244
22114 410
22114 161
22114 114
22114 76
22114 27
22114 205
22114 193
22114 387
22114 459
22114 84
22114 441
22114 357
22114 225
22114 143
22114 439
22114 59
22114 109
22114 37
22114 331
22114 412
22114 78
22114 281
22114 371
22114 446
22114 18
22114 356
22114 138
22114 214
22114 71
22114 70
22114 26
22114 2
22114 168
22114 113
22114 111
22114 419
22114 17
22114 52
22114 262
22114 455
21894 44
21851 38
21851 41
21851 42
21851 18
21851 4
21851 32
21851 25
21851 28
22237 1
22237 2
22237 4
22012 6
21701 37
21701 47
21701 72
21701 241
21701 115
21701 165
21701 217
21701 236
21701 91
21701 95
21701 182
21701 190
21701 44
21701 117
21701 131
21701 179
21701 207
21701 113
21701 124
21701 52
21701 40
21701 65
21701 245
21701 49
21701 192
21701 238
22188 269
22188 179
22188 261
22188 165
22188 9
22188 206
22188 197
22188 167
22188 164
22188 175
22188 20
22188 90
22188 16
22188 240
22188 199
22188 248
22188 253
22188 58
22188 78
22188 159
22188 246
22188 32
22188 160
22188 15
22188 182
22188 88
22188 276
22188 236
22188 75
22188 76
22188 258
22188 243
22188 260
22188 135
21658 46
21658 20
21658 25
21658 71
21658 99
21658 35
21658 65
21658 5
21658 23
21658 48
21872 10
21872 1
21872 22
21872 21
21872 39
21788 23
21788 95
21788 140
21788 14
21788 94
21788 114
21788 2
21788 7
21788 10
21788 101
21788 106
21788 39
21788 59
21788 139
21788 55
21788 61
21788 71
21788 24
21788 99
21788 130
21788 70
21788 75
21788 90
21788 47
21788 58
21788 72
21788 134
21788 119
21788 126
21788 33
21788 138
21788 16
21788 104
21728 4
21728 117
21728 131
21728 260
21418 11
21418 3
21418 7
21418 30
21517 12
21517 31
21517 73
21517 128
21517 4
21517 99
21517 126
21517 93
21517 43
21517 44
21517 47
21517 69
21517 117
21517 76
21517 29
21517 42
21517 63
21517 65
21517 100
21517 108
22008 102
22008 97
22008 38
22008 91
22008 47
22008 96
22008 81
22008 82
22008 76
22008 39
22008 106
22008 37
22008 100
22132 72
22132 7
22132 74
22132 21
22132 60
22132 58
22132 43
22132 10
22132 57
22132 36
22132 23
22132 3
22132 52
22098 53
22098 62
22098 70
22098 67
22098 64
22098 58
21845 205
21845 279
21845 392
21845 412
21845 430
21845 444
21845 460
21845 531
21845 336
21845 31
21845 145
21845 151
21845 420
21845 454
21845 421
21845 127
21845 370
21845 506
21845 510
21845 513
21845 378
21845 524
21845 441
21845 285
21845 131
21845 260
21845 416
21845 447
21845 464
21845 147
21845 175
21845 119
21845 255
21845 275
21845 289
21845 299
21845 358
21845 16
21845 360
21845 431
21845 432
21845 470
21845 323
21845 327
21845 449
21845 290
21845 504
21845 170
21845 310
21845 372
21845 424
21845 498
21845 474
21845 254
21845 390
21845 32
21845 87
21845 129
21691 170
21691 194
21691 22
21691 94
21691 130
21691 138
21691 24
21691 80
21691 106
21691 21
21691 71
21691 110
21691 182
21691 188
21691 33
21691 43
21691 44
21691 25
21691 31
21691 35
21691 124
21691 56
21691 135
21691 76
21691 57
21691 66
21691 90
21691 54
21691 162
21691 39
21691 127
21691 129
21829 204
21829 224
21829 225
21829 234
21829 289
21829 10
21829 76
21829 113
21829 221
21829 235
21829 291
21829 379
21829 401
21829 403
21829 24
21829 42
21829 46
21829 97
21829 55
21829 83
21829 23
21829 26
21829 53
21829 167
21829 190
21829 213
21829 172
21829 13
21829 52
21829 72
21829 455
21829 307
21829 63
21829 165
21829 194
21829 299
21829 348
21829 400
21829 25
21829 159
21829 170
21829 199
21829 34
21829 223
21829 266
21829 335
21829 374
21829 393
21829 38
21829 64
21829 154
21829 258
21829 339
21829 129
21829 160
21829 263
21829 274
21829 295
21829 321
21829 406
21829 318
21829 9
21829 277
21829 279
21829 292
21829 303
21829 394
21829 457
21829 17
21829 251
21829 259
21829 290
21829 418
21829 420
21829 265
21829 422
22119 31
22119 65
22119 302
22119 131
22119 125
22119 324
22119 70
22119 204
22119 60
22119 26
22119 16
22119 206
22119 1
22119 98
22119 141
22119 112
22119 146
22119 212
22119 230
22119 25
22119 266
22119 59
22042 240
22042 343
22042 196
22042 252
22042 362
22042 251
22042 282
22042 360
22042 276
22042 221
22042 392
22042 359
21556 119
21556 29
21556 31
21556 120
21556 154
21556 179
21556 371
21556 96
21556 159
21556 184
21556 278
21556 357
21556 4
21556 100
21556 235
21556 24
21556 58
21556 229
21556 336
21556 107
21556 110
21556 196
21556 234
21556 92
21556 122
21556 142
21556 214
21556 135
21556 52
21556 265
21556 275
21556 335
21556 50
21556 51
21556 69
21556 271
21556 63
21556 163
21556 281
21556 289
21556 21
21556 152
21556 156
21556 165
21556 55
21556 67
21556 87
21556 305
21556 144
21556 186
21556 352
21556 244
21556 255
21556 306
21556 3
21556 101
21556 261
21556 95
21556 225
21556 285
21556 345
21556 206
21556 243
21556 274
21556 280
21556 158
21556 187
21556 210
21556 326
21556 370
21556 180
21556 213
21556 35
21556 127
21556 182
21556 2
21556 25
21556 169
21556 232
21556 247
21556 361
21556 320
21556 97
21556 133
21556 191
21556 291
21556 14
21556 73
21556 126
21556 224
21556 330
21556 54
21556 147
21556 60
21556 176
21556 220
21556 242
21556 19
21556 76
21556 116
21556 189
21556 301
21556 74
21556 104
21556 237
21556 269
22123 135
22123 27
22123 43
22123 23
22123 108
22123 69
22123 73
22123 101
22123 88
22123 119
22123 7
22123 12
22123 91
22123 52
22123 84
22123 106
22123 72
21730 19
21730 47
21730 94
21730 106
21730 108
21730 48
21730 218
21730 223
21730 253
21730 87
21730 133
21730 141
21730 156
21730 224
21730 0
21730 69
21730 183
21730 244
21730 44
21730 82
21730 194
21730 296
21730 56
21730 159
21730 214
21730 232
21730 274
21730 5
21730 58
21730 242
21730 266
21730 14
21730 74
21730 32
21730 275
21730 104
21730 289
21730 25
21730 143
21730 186
21730 215
21730 286
21730 164
21730 65
21730 40
21730 98
21730 145
21730 154
21730 192
21730 4
21730 9
21730 22
21730 182
21775 176
21775 486
21775 255
21775 445
21775 479
21775 490
21775 12
21775 91
21775 223
21775 239
21775 378
21775 543
21775 550
21775 350
21775 376
21775 545
21775 101
21775 293
21775 362
21775 398
21775 19
21775 47
21775 83
21775 116
21775 127
21775 271
21775 358
21775 214
21775 380
21775 420
21775 386
21775 414
21775 447
21775 215
21775 228
21775 322
21775 418
21775 522
21775 368
21775 20
21775 68
21775 99
21775 31
21775 189
21775 143
21775 284
21775 327
21775 338
21775 442
21775 237
21775 8
21775 198
21775 552
21775 336
21775 354
21775 365
21775 523
21775 521
21775 67
21775 164
21775 324
21775 443
21775 460
21775 262
21775 359
21775 475
21775 557
21775 308
21775 549
21775 392
21775 465
21775 252
21775 429
21775 496
21775 498
21775 129
21775 186
21775 406
21775 297
21775 466
21775 500
21775 95
21775 133
21775 257
21775 501
21775 298
21975 99
21975 71
21975 90
21975 23
21975 77
21975 51
21975 30
21975 29
21975 14
21975 39
21975 87
21975 104
21975 65
21975 38
21975 53
21975 83
21975 82
21975 10
21975 97
21975 33
21975 62
21975 41
21975 26
21975 84
21975 8
21975 98
21975 31
21975 105
21975 48
21975 55
21975 95
21975 44
21975 79
21975 64
21975 0
22168 243
22168 122
22168 182
22168 45
22168 221
22168 104
22168 136
22168 163
22168 117
22168 31
22168 209
22168 218
22168 14
22168 115
22168 240
22168 159
22168 178
22168 44
22168 267
22168 246
22168 123
22168 110
22168 188
22168 58
22168 191
22168 158
22168 152
22168 70
22168 149
22168 259
22168 213
22168 233
22168 129
22168 264
22168 214
22168 22
22168 19
22168 257
21872 5
21872 31
21872 18
21872 20
21872 8
21872 19
21729 175
21729 182
21729 71
21729 104
21729 127
21729 188
21729 200
21729 45
21729 103
21729 153
21729 160
21729 220
21729 8
21729 6
21729 7
21729 13
21729 32
21729 34
21729 25
21729 28
21729 176
21729 52
21729 129
21729 137
21729 42
21729 162
21729 140
21729 173
21729 43
21729 63
21729 144
21729 122
21729 55
21729 76
21729 101
21729 2
21729 5
21729 18
21729 82
21763 48
21763 77
21763 160
21763 19
21763 73
21763 13
21763 116
21763 32
21763 85
21763 140
21763 5
21763 40
21763 147
21763 26
21763 64
21763 91
21763 131
22208 27
22208 308
22208 436
22208 243
22208 253
22208 342
22208 263
22208 425
22208 64
22208 310
22208 184
22208 22
22208 214
22208 36
22208 267
22208 353
22208 336
22208 315
22208 79
22208 121
22208 407
22208 25
22208 75
22208 160
22208 37
22208 51
22208 8
22208 439
22208 135
22208 154
22208 447
22208 240
22208 421
22208 275
22208 266
22208 390
22208 216
22208 132
22208 400
22208 70
22208 96
22208 138
22208 360
22208 80
22208 330
22208 54
22208 300
22208 341
22208 338
22208 123
22208 378
22208 108
22208 60
22208 398
22208 319
22208 314
22208 153
22208 128
21809 120
21809 66
21809 30
21809 152
21809 6
21809 44
21809 127
21809 17
21809 104
21809 109
21809 116
21809 133
21809 92
21809 24
21809 93
21809 111
21809 124
21809 118
21809 33
21809 39
21809 91
21809 143
21809 56
21809 27
21618 154
21618 19
21618 122
21618 69
21618 168
21618 50
21618 86
21618 104
21618 117
21618 180
21618 34
21618 67
21618 130
21618 135
21618 146
21618 13
21618 47
21618 56
21618 97
21618 90
21618 106
21590 47
21590 14
21590 2
21590 25
21590 62
21590 8
21590 7
21590 20
21590 22
21590 39
21590 64
21590 13
21590 40
21590 21
21590 58
21590 0
21590 24
21590 37
21590 38
21590 29
21590 33
21590 53
21590 3
21590 50
21590 57
21590 63
22087 109
22087 55
22087 9
22087 68
22087 47
22070 32
22070 3
22070 8
22070 33
22070 22
22175 26
21820 18
21820 14
21820 9
21820 3
21820 7
21820 1
21820 6
21820 0
21820 8
21820 12
21820 17
21820 10
21637 117
21637 159
21637 25
21637 36
21637 158
21594 12
21594 15
21594 23
21594 46
21594 5
21700 29
21700 10
21700 17
21700 21
21700 6
21446 3
21446 54
21446 98
21446 99
21446 125
21446 24
21446 74
21446 78
21446 85
21446 1
21446 9
21446 108
21446 132
21446 19
21446 34
21446 45
21446 93
21957 401
21957 271
21957 56
21957 160
21957 197
21957 337
21957 74
21957 130
21957 129
21957 255
21957 39
21957 156
21957 212
21957 272
21957 302
21957 52
21957 167
21957 75
21957 28
21957 427
21957 180
21957 420
21957 27
21654 42
21654 19
21654 18
21654 9
21654 0
21654 44
21654 12
21654 24
21654 36
22245 4
22245 7
22251 518
22251 135
22251 491
22251 242
22251 34
22251 377
22251 509
22251 158
22251 38
22251 61
22251 335
22251 188
22251 355
22251 176
22251 194
22251 28
22251 442
22251 151
22251 473
22251 438
22251 313
22251 303
22251 223
22251 225
22251 118
22251 24
22251 504
22251 446
22251 148
22251 125
22251 271
22251 62
22251 115
22251 224
22251 401
22251 0
22251 495
22251 305
22251 229
22251 333
22251 206
22251 549
22251 283
22251 162
22251 534
22251 316
22251 329
22251 261
22251 235
22251 389
22251 159
22251 421
22251 413
22251 184
22251 343
22251 270
22251 280
22251 392
22251 449
22251 363
22251 368
22251 287
22251 101
22251 318
22251 50
22251 121
22251 31
22251 533
22251 27
22251 22
22251 259
22251 6
22251 334
22251 376
22251 311
22251 528
22251 7
22251 97
22251 51
22251 8
22251 554
22251 422
22251 144
22251 436
22251 55
22251 289
22251 3
22251 130
22251 480
22251 94
22251 124
22251 187
22251 136
22251 220
22251 448
22251 477
22251 386
22251 113
22251 166
22251 45
22251 435
22251 387
22251 391
22251 267
22251 361
22251 117
22251 462
22251 428
22251 290
22251 351
22251 320
22251 524
22251 551
22251 440
22251 390
22251 488
22251 133
22251 253
22251 409
22251 244
22251 222
22251 417
22251 175
22251 330
22251 530
22251 307
22251 104
22251 212
22251 512
22251 174
22251 506
22251 95
22251 526
22251 327
22251 306
22251 472
22251 68
22251 272
22251 109
22251 496
22251 64
22251 337
22251 383
22251 293
22251 420
22251 190
22251 322
22251 12
22251 32
22251 458
22251 375
22251 185
22251 325
22251 251
22251 142
22251 139
22251 359
22251 416
22251 60
22251 182
22251 26
22251 358
22251 397
22251 89
22251 141
22251 292
22251 83
22251 332
22251 465
22251 248
22251 552
22251 250
22251 210
22251 165
22251 424
22251 91
22251 5
22251 123
22251 282
22251 312
22251 87
22251 298
22251 443
22251 498
22251 352
22251 299
22251 153
22251 459
22251 388
22251 205
22251 200
22251 441
22251 542
22251 470
22251 227
22251 464
22251 276
22251 379
22251 415
22251 348
22251 521
22251 59
22251 277
22251 274
22251 395
22251 323
22251 373
22251 15
21608 30
21608 82
21608 13
21608 15
21608 66
21608 88
21608 3
21608 89
21608 21
21608 64
21608 75
21608 87
21608 2
21608 24
21608 70
21608 42
21608 20
21608 44
21608 4
21608 50
21608 91
21608 31
21608 35
21608 41
21608 32
21608 6
21608 77
21608 23
21608 37
21660 22
21660 70
21660 130
21660 156
21660 11
21660 80
21660 98
21660 108
21660 90
21660 131
21660 73
21660 18
21660 59
21660 139
21835 0
21835 7
21828 10
21507 10
21703 10
21703 14
21844 42
21844 36
21844 44
21844 39
21844 79
21844 60
21844 25
21844 50
21844 18
21844 12
21844 22
22161 286
22161 134
22161 131
22161 443
22161 309
22161 23
22161 183
22161 358
22161 405
22161 203
22161 454
22161 282
22161 234
22161 334
22161 300
22161 8
22161 97
22161 314
22161 414
22161 156
22161 73
22161 402
22161 193
22161 44
22161 458
22161 70
22161 301
21734 4
21734 14
21734 8
21734 17
21941 18
21941 7
21941 40
21988 129
21988 180
21988 25
21988 188
21988 252
21988 223
21988 96
21988 515
21988 16
21988 63
21988 258
21988 278
21988 170
21988 69
21988 62
21988 311
21988 113
21988 149
21988 507
22207 38
22207 165
22207 155
22207 171
22202 2
21838 19
21838 35
21838 56
21838 44
21838 49
21838 25
21838 37
21838 57
21838 11
21838 28
21838 16
21954 202
21954 334
21954 74
21954 91
21954 347
21954 150
21954 179
21954 336
21954 107
21954 28
21954 171
21954 225
21954 257
21954 200
21954 287
21954 165
21954 281
21954 291
21954 1
21954 30
21954 40
21954 256
21954 266
21954 109
21954 325
21954 218
21954 134
21954 160
21954 128
21954 6
21954 12
21954 301
21954 304
21954 244
21954 85
21954 83
21954 136
21954 72
21954 223
21954 274
21954 342
21954 339
21954 346
21954 326
21954 173
21954 189
21954 111
21954 62
21954 212
21954 3
21954 292
21954 57
21954 163
21954 294
21954 276
21954 306
21954 311
21954 90
21954 277
21954 76
21954 147
21954 127
21954 260
21954 272
21954 68
21954 101
21954 275
21954 104
21954 110
21954 167
21954 288
21954 247
21954 341
21954 164
21954 60
21954 135
21954 144
21954 208
21954 50
21954 210
21954 324
21954 39
21954 269
21954 201
21954 0
21954 66
21954 67
21954 158
21954 45
21954 10
21954 94
21954 4
21954 125
21954 133
21954 221
21954 20
21954 332
21954 88
21954 290
21954 313
21954 32
21954 255
21954 280
21954 205
21954 162
21954 99
21954 285
21954 14
21954 186
21954 52
21954 315
21954 177
21954 29
21954 251
21954 232
21954 265
21954 115
21954 22
21954 157
21954 152
21954 130
22000 192
22000 47
22000 57
22000 78
22000 102
22000 10
22000 218
22000 26
22000 60
22000 170
22000 155
22000 88
22000 114
22000 19
22000 12
22000 191
22000 144
22000 89
22000 82
22000 214
22000 75
22000 151
22000 66
22000 106
22000 55
22000 215
22155 27
22155 15
22155 51
22155 46
21481 19
21481 83
21481 87
21481 176
21481 36
21481 155
21481 203
21481 0
21481 38
21481 121
21481 127
21481 138
21481 195
21481 2
21481 25
21481 57
21481 70
21481 104
21481 18
21481 42
21481 151
21481 182
21481 54
21481 91
21481 136
21481 197
21481 16
21481 43
21481 51
21481 72
21481 106
21481 142
21481 206
21481 35
21481 116
21481 130
21481 180
21481 193
21481 26
21481 76
21481 88
21481 92
21481 191
21481 60
21481 89
21481 112
21481 141
21481 15
21481 119
21481 139
21481 186
21481 34
21481 48
21481 81
21481 178
21481 188
21481 189
21481 53
21481 84
21481 204
21481 167
21481 185
21481 9
21481 90
21481 114
21481 132
21481 144
21481 8
21481 11
21481 17
21481 133
21481 71
21481 95
21481 123
21481 134
21481 56
21481 75
21481 109
21481 150
21481 4
21481 31
21481 47
21481 58
21481 125
21481 32
21481 100
21481 102
21481 126
22182 139
22182 117
22182 23
22182 62
22182 119
22182 11
22182 43
22182 124
22182 106
22182 46
22182 107
22182 129
21578 23
21578 2
21578 25
21578 1
22140 121
22140 154
22140 180
22140 138
22140 241
22140 60
22140 150
22140 286
22140 6
22140 69
22140 145
22140 56
22140 243
22140 272
22140 240
22140 235
22140 304
22140 247
22140 198
22140 208
22140 128
22140 140
22140 259
22140 296
22140 59
22140 254
22140 43
22140 62
22140 124
22140 236
22140 242
22140 105
22140 63
22140 155
22140 38
22140 258
22140 275
22140 204
22140 298
22140 290
22140 70
22140 233
22140 58
22237 3
22027 18
22027 1
22027 15
22027 21
22027 5
21890 278
21890 145
21890 257
21890 280
21890 386
21890 252
21890 167
21890 25
21890 308
21890 199
21890 198
21890 402
21890 94
21890 219
21890 195
21890 479
21890 42
21890 29
21890 24
21890 135
21890 267
21890 348
21890 90
21890 515
21890 82
21890 260
21890 482
21890 392
21890 460
21890 297
21890 420
21890 361
21890 381
21890 359
21890 111
21890 327
21890 92
21890 394
21890 418
21890 294
21890 175
21890 385
21890 224
21890 77
21890 446
21890 36
21890 240
21890 10
21890 20
21890 334
21890 273
21890 476
21890 166
21890 65
21890 192
21890 302
21890 370
21890 347
21890 406
21890 318
21890 183
21890 412
21890 205
21890 222
21890 251
21890 154
21890 201
21890 306
21890 336
21890 38
21890 123
21890 102
21890 461
21890 316
21890 216
21890 79
21890 234
21890 364
21890 168
21890 115
21890 344
21635 4
21635 12
21635 1
21635 19
21635 15
21439 71
21439 114
21439 141
21439 35
21439 128
21439 130
21439 213
21439 220
21439 256
21439 34
21439 92
21439 181
21439 243
21439 76
21439 100
21439 190
21439 212
21439 32
21439 45
21439 99
21439 129
21439 174
21439 120
21439 134
21439 187
21439 69
21439 6
21439 14
21439 158
21439 198
21439 238
21439 41
21439 88
21439 28
21439 43
21439 229
21439 241
21439 83
21439 155
21439 184
21996 134
21470 18
21470 38
21470 30
21470 1
21470 15
21470 29
21962 286
21962 242
21962 285
21962 135
21962 252
21962 287
21962 163
21962 108
21962 153
21962 76
21962 282
21962 116
21962 197
21962 66
21962 245
21962 94
21962 106
21962 274
21962 132
21962 77
21962 260
21962 192
21459 35
21459 45
21459 91
21459 16
21459 39
21459 57
21459 77
21459 100
21459 54
22072 32
22072 42
22072 14
22072 20
22072 65
22072 7
22072 47
22072 29
22072 26
22072 1
22072 52
22072 9
22072 61
22072 37
22072 63
22072 27
22072 54
22072 67
22072 45
22072 3
22072 71
22072 66
22072 38
22072 22
22072 53
21908 45
21908 82
21908 81
21908 17
21908 89
21908 69
21908 107
21908 86
21908 87
21908 84
21908 14
22032 19
22032 4
22032 23
22032 37
22032 24
22032 43
22032 31
22032 17
22147 59
21490 11
22032 55
22032 7
22032 46
22032 44
22032 15
22032 45
22032 57
22032 20
22032 32
22032 9
22032 51
22032 56
22032 10
22032 48
22032 50
22032 29
21774 506
21774 344
21774 418
21774 457
21774 532
21774 300
21774 42
21774 274
21774 494
21774 485
21774 516
21774 419
21774 478
21774 17
21774 71
21774 235
21774 460
21774 480
21774 40
21774 151
21774 234
21774 380
21774 34
21774 161
21774 110
21774 254
21774 323
21774 452
21774 36
21774 41
21774 95
21774 148
21774 221
21774 318
21774 121
21774 272
21774 401
21774 408
21774 422
21774 481
21774 522
21774 249
21774 290
21774 333
21774 334
21774 523
21774 534
21774 63
21774 440
21774 21
21774 24
21774 31
21774 62
21774 371
21774 250
21774 263
21774 388
21774 81
21774 171
21774 256
21774 296
21774 402
21774 507
21774 365
21774 233
21774 325
21774 417
21774 423
21774 65
21774 122
21774 203
21774 209
21774 389
21774 399
21774 448
21774 453
21774 155
21774 229
21774 271
21774 313
21774 405
21774 502
21774 531
21774 537
21774 0
21774 20
21774 76
21774 143
21774 247
21774 289
21774 378
21774 472
21774 84
21774 336
21774 347
21774 382
21774 9
21774 156
21774 436
21774 484
21774 489
21774 509
21774 15
21774 68
21774 70
21774 92
21774 166
21774 362
21774 370
21774 307
21774 421
21774 14
21774 197
21774 58
21774 144
21774 214
21774 384
21774 435
21774 541
21774 262
21774 486
21774 500
21774 219
21774 246
21774 464
21774 501
21774 526
21774 528
21774 461
21774 462
21774 521
21774 167
21774 243
21774 275
21774 283
21774 327
21774 396
21774 514
21774 111
21774 268
21774 309
21774 77
21774 27
21774 117
21774 66
21774 114
21774 153
21774 180
21774 204
21774 186
21774 25
21774 129
21774 273
21774 373
21774 495
21774 475
21774 487
21774 535
21774 80
21774 387
21835 23
21835 4
21835 11
21835 18
21835 20
21835 12
22129 68
22129 523
22129 466
22129 182
22129 499
22129 193
22129 269
22129 135
22129 31
22129 536
22129 444
22129 356
22129 557
22129 468
22129 183
22129 397
22129 462
22129 556
22129 124
22129 137
22129 46
22129 181
22129 198
22129 478
22129 338
22129 388
22129 439
22129 392
22129 541
22129 526
22129 504
22129 134
22129 44
22129 11
22129 159
22129 528
22129 283
22129 566
22129 375
22129 231
22129 448
22129 312
22129 323
22129 458
22129 290
22129 172
22129 53
21624 8
21624 23
21624 33
21624 32
21624 56
22130 118
22130 7
22130 26
22130 88
22130 47
22130 36
22130 92
22130 73
22130 119
22130 122
22130 113
22130 121
22130 128
22130 146
22130 30
22130 111
22130 72
22130 78
22130 148
22130 60
22130 50
22130 39
22130 142
22130 15
22130 141
22130 124
22130 94
22130 17
22130 34
22130 59
22130 89
22130 125
22130 97
22130 38
22130 22
22130 24
22130 101
22130 147
22130 95
22130 81
22130 129
22130 105
22130 0
22130 100
22130 136
21930 3
21930 0
21930 12
21930 2
21832 199
21832 139
21832 184
21832 266
21832 309
21832 254
21832 22
21832 68
21832 234
21832 164
21832 59
21832 203
21832 232
21832 96
21832 281
21832 213
21832 176
21832 217
21832 369
21832 52
21832 409
21832 421
21832 222
21832 423
21832 63
21832 74
21832 89
21832 186
21832 434
21832 185
21832 280
21832 327
21832 347
21832 3
21832 11
21832 26
21832 119
21832 124
21832 397
21832 402
21832 407
21832 23
21832 132
21832 143
21832 214
21832 247
21832 411
21832 55
21832 65
21832 84
21832 192
21832 211
21832 361
21832 71
21832 163
21832 302
21832 72
21832 64
21832 108
21832 253
21832 144
21832 152
21832 279
21832 287
21832 115
21832 9
21832 36
21832 225
21832 348
21832 95
21832 148
21832 200
21832 244
21832 224
21832 125
21832 183
21832 256
21832 268
21832 40
21832 150
21832 245
21832 336
21832 339
21832 344
22154 81
22154 39
22154 25
22154 76
22154 42
22154 83
22154 60
22154 53
22154 84
22154 45
22154 8
22154 0
22154 2
21892 30
21892 25
21892 89
21892 12
21892 66
21892 65
21892 29
21892 23
21892 102
21892 40
21892 16
21892 71
21892 55
21892 21
21892 101
21892 82
21892 2
21892 57
21892 59
21892 81
21892 68
21892 48
21892 33
21892 7
21892 63
21892 14
21892 99
21892 1
21892 91
21892 78
21892 18
21892 15
21892 62
21892 39
21892 52
21892 73
21892 60
21976 10
21976 2
22250 23
22250 45
22250 24
22250 19
22250 22
22250 27
22250 9
22250 21
22250 14
22250 38
22250 5
22250 1
22250 29
21969 32
21969 48
21969 84
21969 54
21969 14
21701 67
21701 184
21701 27
21701 120
21701 194
21701 227
21701 157
21701 172
21701 235
21701 153
21701 158
21701 108
21701 55
21701 63
21701 89
21701 106
21701 216
21701 16
21701 228
21701 93
21701 107
21701 48
21701 22
21701 31
21701 75
21701 103
21701 240
21701 70
21701 139
21701 146
21701 149
21701 129
21701 160
21701 222
22267 18
22267 39
22267 21
22267 22
22267 5
22267 29
21739 18
21739 11
21739 46
22062 87
22062 128
22062 101
22062 102
22062 28
22062 14
22062 117
22062 43
22062 96
22062 131
22062 90
22062 23
22062 126
22062 25
22062 62
22062 89
22062 9
22062 105
22204 266
22204 19
22204 66
22204 252
22204 197
22204 50
22204 181
22204 180
22204 97
22204 226
22204 187
22204 262
22204 264
22204 37
22204 152
22204 149
22204 265
22204 145
22204 241
22204 215
22204 107
22204 251
22204 120
22204 188
22204 62
22204 71
22204 26
22204 92
22204 51
21921 10
21921 43
21921 41
21921 45
21921 99
21921 83
21921 8
21921 18
21921 1
21921 33
21483 23
21483 8
21483 11
21483 6
21483 26
22074 40
22074 45
22074 44
22074 23
22074 70
22074 48
22074 41
22074 80
21731 1
21731 89
21731 100
21731 42
21731 0
21731 56
21731 64
21731 80
21731 103
21731 98
21731 59
21731 102
21631 65
21631 71
21631 60
21631 138
21631 91
21631 96
21631 78
21631 151
21631 103
21631 119
21631 72
21631 18
21631 94
21631 107
21631 114
21857 55
21857 63
21857 70
21857 73
21857 104
21438 4
21438 2
21438 5
21438 3
21847 35
21847 0
21847 9
21847 50
21847 41
21847 56
21847 74
21847 63
21847 25
21847 47
21847 55
21847 23
21847 7
21847 64
21745 0
21745 29
21745 18
21745 41
21745 37
21745 5
21745 43
22028 55
22028 5
22028 60
22028 58
22028 53
22028 67
22028 54
21518 42
21518 41
21518 16
21518 5
21518 9
21518 29
21518 48
21518 26
21518 31
21518 32
21518 21
21518 12
21518 34
21518 38
21518 3
21518 7
21518 35
21518 39
21636 3
21636 15
21636 14
21636 7
21636 19
21636 2
21636 11
21578 9
21578 6
21578 21
21578 17
21578 18
21578 14
21578 8
21763 86
21763 150
21763 154
21763 79
21763 29
21763 70
21763 109
21763 164
21763 76
21763 92
21763 103
21763 121
21763 57
21763 82
21763 124
21763 11
21763 34
21763 67
21763 101
21647 16
21647 27
21647 32
21647 112
21647 280
21647 70
21647 139
21647 196
21647 286
21647 325
21647 124
21647 81
21647 149
21647 150
21647 170
21647 218
21647 290
21647 128
21647 293
21647 321
21647 326
21647 257
21647 108
21647 87
21647 92
21647 36
21647 42
21647 44
21647 9
21647 35
21647 39
21647 86
21647 203
21647 239
21647 85
21647 175
21647 22
21647 26
21647 132
21647 69
21647 74
21647 183
21647 118
21647 177
21647 229
21647 253
21647 272
21647 316
21647 236
21647 78
21647 186
21647 232
21647 73
21647 38
21647 66
21647 105
21647 211
21647 237
21647 103
21647 195
21647 244
21647 248
21638 72
21638 84
21638 92
21638 97
21638 29
21638 53
21638 129
21638 40
21638 61
21638 67
21638 71
21638 139
21638 52
21638 6
21638 9
21638 30
21444 5
21444 9
21444 13
21915 33
21915 23
21915 54
21915 25
21915 15
21915 48
21915 50
21915 31
21915 10
21915 32
21915 24
21915 56
21915 53
21915 5
21915 37
21915 43
21915 26
21915 41
21915 6
21915 11
21915 47
21915 16
21915 57
21915 40
21915 42
21990 93
21990 38
21990 173
21990 57
21990 24
21990 148
21990 51
21990 108
21990 169
21990 25
21990 175
21990 142
21990 166
21990 104
21990 94
21990 157
21990 23
21990 106
21990 95
21990 144
21990 126
21990 122
21990 170
21990 30
21990 132
21990 8
21990 176
21537 426
21537 498
21537 511
21537 534
21537 3
21537 440
21537 442
21537 519
21537 144
21537 232
21537 392
21537 428
21537 49
21537 120
21537 229
21537 291
21537 448
21537 468
21537 419
21537 493
21537 501
21537 151
21537 270
21537 354
21537 363
21537 0
21537 147
21537 296
21537 307
21537 490
21537 29
21537 126
21537 154
21537 256
21537 105
21537 193
21537 289
21537 405
21537 521
21537 463
21537 14
21537 66
21537 211
21537 1
21537 398
21537 306
21537 60
21537 51
21537 339
21537 399
21537 408
21537 412
21537 264
21537 18
21537 106
21537 362
21537 374
21537 40
21537 78
21537 178
21537 301
21537 170
21537 203
21537 293
21537 379
21537 80
21537 189
21537 285
21537 372
21537 397
21537 9
21537 141
21537 344
21537 434
21537 481
21537 494
21537 508
21537 517
21537 174
21537 230
21537 262
21537 166
21537 269
21537 318
21537 350
21537 385
21537 163
21537 177
21537 194
21537 349
21537 310
21537 396
21537 277
21537 404
21873 17
21873 32
21873 20
21873 7
21873 2
22143 95
22143 36
22143 27
22143 12
22143 28
22143 85
22143 58
22143 37
22143 67
22143 31
22143 92
22143 35
22143 5
21772 15
21772 4
21772 7
22190 13
22190 7
22190 12
22190 18
22190 4
22190 14
21692 66
21692 68
21692 150
21692 179
21692 181
21692 9
21692 196
21692 215
21692 216
21692 49
21692 121
21692 16
21692 71
21692 81
21692 85
21692 69
21692 159
21692 163
21692 17
21692 151
21692 176
21692 204
21692 87
21692 54
21692 95
21692 116
21692 209
21692 31
21692 164
21692 103
21692 144
21692 155
21692 188
21692 229
21692 14
21692 21
21692 117
21692 128
21692 135
21692 78
21692 200
21692 222
21692 8
21692 143
21692 157
21692 184
21692 160
21692 108
21692 72
21692 90
21692 88
21692 76
21692 100
21692 44
21692 75
21692 158
21692 180
21692 18
21692 27
21692 110
21692 173
21692 104
21692 136
21692 149
22179 17
22179 21
22179 19
22179 2
21593 142
21593 217
21593 234
21593 305
21593 318
21593 219
21593 34
21593 43
21593 56
21593 154
21593 211
21593 212
21593 317
21593 195
21593 72
21593 147
21593 291
21593 107
21593 116
21593 336
21593 94
21593 309
21593 329
21593 6
21593 106
21593 130
21593 240
21593 248
21593 263
21593 126
21593 76
21593 98
21593 137
21593 233
21593 244
21593 73
21593 241
21593 62
21593 253
21593 296
21593 303
21593 128
21593 274
21593 12
21593 15
21593 41
21593 42
21593 66
21593 68
21593 172
21593 327
21593 340
21593 111
21593 213
21593 230
21593 325
21593 350
21593 105
21593 170
21593 187
21593 310
21593 343
21593 349
21593 222
21593 306
21593 93
21593 221
21593 228
21593 278
21593 0
21593 8
21593 26
21593 58
21593 64
21593 65
21593 112
21593 136
21593 264
21593 292
21593 351
21593 193
21593 210
21593 258
21593 301
21593 308
21593 96
21593 153
21593 157
21593 227
21593 86
21593 266
21593 203
21593 236
21593 285
21593 339
21593 200
21593 216
21593 245
21593 332
21593 109
21593 125
21593 207
21593 251
21593 293
21593 324
21593 31
21593 36
21593 197
21593 261
21593 267
21593 272
21593 342
21593 148
21593 290
21593 191
21593 81
21593 89
21593 165
21593 313
21593 75
21593 139
21593 160
21593 181
21593 205
21593 115
21593 143
21593 149
21593 288
21593 352
21593 150
21965 95
21965 295
21965 400
21965 321
21965 390
21965 355
21965 127
21965 409
21965 0
21965 78
21965 59
21965 383
21965 360
21965 103
21965 149
21965 386
21965 36
21965 266
21965 165
21965 272
21965 314
21965 288
21965 178
21965 172
21965 124
21965 17
21965 339
21965 186
21965 347
21965 133
21965 257
21965 64
21965 116
21965 332
21965 23
21965 402
21965 119
21965 232
21965 239
21965 219
21965 174
21965 226
21965 308
21965 206
21965 27
21813 99
21813 124
21813 135
21813 164
21813 72
21813 139
21805 36
21805 91
21805 5
21805 8
21805 30
21805 2
21805 17
21805 84
21805 27
21805 48
21805 18
21805 26
21805 46
21805 70
21805 73
21525 46
21525 87
21525 128
21525 43
21525 76
21525 41
21525 93
21525 96
21525 26
21525 42
21525 68
21525 84
21525 110
21525 35
21525 23
21525 114
21525 5
21525 37
21525 107
21525 112
21525 16
21525 102
21525 113
21525 121
21525 90
21525 130
21610 34
21610 84
21610 92
21610 96
21610 105
21610 24
21610 72
21610 88
21610 3
21610 19
21610 100
22166 5
22166 11
22166 8
22166 10
22166 0
21859 8
21859 47
21859 74
21859 40
21859 31
21859 18
21859 33
21859 53
21859 63
21859 4
21859 28
21859 58
21859 42
21859 43
21859 52
21598 77
21598 3
21598 89
21598 35
21598 11
21598 40
21598 57
21598 78
21598 21
21598 2
21598 102
21598 29
21598 66
21598 101
21598 50
21598 81
21598 99
21598 27
21598 93
21598 0
21598 47
21598 69
21598 1
21598 49
21829 11
21829 88
21829 95
21829 107
21829 261
21829 268
21829 271
21829 340
21829 304
21829 2
21829 466
21829 178
21829 16
21829 336
21829 309
21829 408
21829 32
21829 337
21829 381
21829 37
21829 57
21829 62
21829 104
21829 433
21829 460
21829 226
21829 246
21829 269
21829 331
21829 347
21829 179
21829 344
21829 391
21829 450
21829 451
21829 464
21829 103
21829 282
21829 306
21829 73
21829 227
21829 288
21829 314
21829 332
21829 313
21829 334
21829 93
21829 123
21829 196
21829 257
21829 324
21829 366
21829 443
21829 465
21829 470
21829 427
21829 219
21829 237
21829 278
21829 312
21829 317
21829 436
21829 183
21829 264
21829 319
21829 367
21829 486
21829 323
21829 345
21829 362
21829 405
21829 22
21829 468
21829 244
21829 429
21829 338
21829 116
21829 146
21829 164
21829 203
21829 249
21829 442
21829 434
21829 286
21829 437
21829 357
21829 49
21829 82
21829 92
21829 140
21523 23
21523 35
21523 7
21523 0
21523 1
21523 29
21523 17
21523 21
21523 15
21523 10
21523 3
21904 180
21904 117
21904 242
21904 40
21904 151
21904 105
21904 172
21904 15
21904 132
21904 217
21904 234
21904 72
21904 93
21904 251
21904 1
21904 101
21904 229
21904 221
21904 237
21904 133
21904 55
21904 226
21904 188
21904 148
21955 2
21955 78
21955 28
21955 7
21955 69
21955 67
21484 13
21484 23
21484 10
21484 9
21484 12
21484 21
21484 16
21449 21
21449 14
21449 3
21697 32
21697 75
21697 84
21697 17
21697 44
21697 25
21697 63
21697 43
21697 64
21697 2
21697 58
22207 200
22207 81
22207 100
22207 25
22207 136
22207 95
22207 64
22207 49
22207 83
22207 199
22207 206
22207 225
22207 185
22207 112
22207 227
22207 77
22207 174
22207 152
22207 45
22207 59
22207 85
22207 184
22207 211
22207 113
22207 170
22207 204
22207 146
22207 194
22207 180
22207 116
22207 1
22207 216
22207 118
22258 12
22258 31
22258 34
22258 41
21594 45
21594 37
21594 54
21594 20
21594 27
21946 132
21946 12
21946 7
21946 85
21946 93
21946 62
21946 22
21946 103
21946 128
21946 19
21946 95
21946 41
21946 96
21946 53
21946 70
21946 118
21946 97
21946 55
21946 74
21946 35
21946 2
21946 72
21946 52
21946 9
21946 119
21946 38
21946 117
21946 121
21946 107
21946 6
21946 31
21946 105
21946 102
21946 115
21946 78
21946 58
21946 46
21946 112
21946 67
21946 42
21946 83
21946 126
21946 89
21946 101
21946 81
21946 77
21783 413
21783 494
21783 529
21783 548
21783 81
21783 189
21783 6
21783 5
21783 523
21783 501
21783 21
21783 69
21783 100
21783 125
21783 19
21783 40
21783 448
21783 471
21783 14
21783 87
21783 99
21783 106
21783 122
21783 153
21783 204
21783 374
21783 438
21783 449
21783 76
21783 253
21783 408
21783 483
21783 102
21783 505
21783 56
21783 114
21783 137
21783 177
21783 78
21783 173
21783 262
21783 455
21783 244
21783 163
21783 2
21783 57
21783 118
21783 506
21783 285
21783 373
21783 96
21783 109
21783 248
21783 453
21783 534
21783 541
21783 32
21783 36
21783 85
21783 97
21783 129
21783 91
21783 389
21783 445
21783 425
21783 478
21579 68
21579 100
21579 161
21579 197
21579 238
21579 134
21579 213
21579 81
21579 273
21579 8
21579 40
21579 58
21579 61
21579 189
21579 292
21579 295
21579 326
21579 92
21579 290
21579 301
21579 280
21579 293
21579 288
21579 289
21579 314
21579 355
21579 324
21579 336
21579 25
21579 34
21579 179
21579 190
21579 243
21579 147
21579 206
21579 241
21579 141
21579 182
21579 307
21579 354
21579 286
21579 291
21579 294
21579 320
21579 47
21579 157
21579 41
21579 85
21579 90
21579 220
21579 231
21579 335
21579 44
21794 112
21794 123
21794 155
21794 23
21794 82
21794 129
21794 191
21794 198
21794 5
21794 210
21794 168
21794 188
21794 147
21701 41
21701 80
21701 213
21701 34
21701 66
21701 152
21701 155
21701 73
21701 20
21701 116
21701 125
21701 209
21701 86
21701 147
21701 220
21701 232
21701 119
21701 244
21701 12
21701 28
21701 126
21701 188
21701 43
21701 6
21701 130
21701 159
21701 212
21701 68
21701 168
21701 183
21701 81
21701 85
21701 92
21701 137
21701 223
21701 243
22144 29
22144 2
22144 24
22146 20
22146 30
22146 34
22146 23
22146 21
22146 31
22146 5
22146 11
21797 10
21797 16
21797 35
21797 32
21797 40
21797 15
21797 31
21797 58
21797 9
21797 19
21797 57
21797 23
21797 37
21797 27
21797 43
21797 56
21797 0
21797 5
21797 39
22019 185
22019 44
22019 26
22019 136
22019 152
22019 181
22019 109
22019 178
22019 179
22019 81
22019 105
22019 123
22019 124
22019 78
22019 197
22019 31
22019 92
22019 1
22019 0
22019 72
22019 7
22019 132
22019 84
22019 75
22019 33
22019 65
22019 205
22019 153
22019 183
22019 45
22019 67
22019 175
22019 192
21531 169
21531 34
21531 144
21531 228
21531 111
21531 186
21531 8
21531 24
21531 113
21531 141
21531 240
21531 11
21531 40
21531 147
21531 76
21531 92
21531 153
21531 164
21531 47
21531 190
21531 220
21531 16
21531 137
21531 227
21531 60
21531 216
21531 21
21531 80
21531 14
21531 51
21531 145
21531 246
21531 233
21531 25
21531 102
21531 132
21531 4
21531 125
21531 250
21531 62
21531 192
21531 89
21531 117
21531 174
21531 196
21531 79
21531 211
21531 247
21531 134
21531 222
21531 71
21531 121
21531 194
21531 230
21531 244
21531 42
21531 142
21531 180
21531 33
21531 97
21531 72
21531 103
21531 160
21531 50
21531 198
21531 239
21531 3
21670 16
21670 24
21670 5
21670 23
21670 33
21670 1
21819 22
21819 30
21819 13
21819 38
21819 24
21819 31
21819 34
21819 15
21505 65
21505 11
21505 115
21505 140
21505 132
21505 174
21505 207
21505 10
21505 110
21505 29
21505 114
21505 178
21505 184
21505 79
21505 112
21505 152
21505 195
21505 38
21505 54
21505 78
21505 46
21505 198
21505 212
21505 200
22002 152
22002 373
22002 10
22002 489
22002 184
22002 257
22002 495
22002 246
22002 327
22002 302
22002 443
22002 168
22002 207
22002 30
22028 13
22028 51
22028 74
22028 66
22028 7
22028 30
22028 65
22028 2
22028 15
22202 4
22202 8
22202 16
22202 9
22202 14
22202 0
21746 58
21746 5
21746 53
21746 25
21746 60
21746 45
21746 1
21746 28
21746 51
21885 161
21885 151
21885 17
21885 28
21885 109
21885 202
21885 46
21885 72
21885 36
21885 89
21885 150
21885 183
21885 47
21885 196
21885 67
21885 71
21885 117
21885 140
21885 158
21885 163
21885 50
21885 58
21885 157
21885 189
21885 59
21885 172
21885 211
22125 71
22125 180
22125 157
22125 167
22125 0
22125 181
22125 114
22125 96
22125 23
22125 107
22125 33
22125 86
22125 121
22125 161
22125 189
22125 17
22125 20
22125 124
22125 109
22125 41
22125 194
22125 76
22125 50
22125 173
22125 29
22125 72
22125 18
22125 54
22125 49
22125 115
22125 78
22125 187
22125 99
22125 203
22125 105
22125 120
22125 116
22125 141
22125 106
22125 197
22125 168
22125 133
22125 176
22125 144
22125 137
22125 66
22125 42
22125 132
22125 94
22125 57
22125 24
22125 88
22125 98
22125 108
22125 2
22125 146
22125 48
22125 91
22125 188
22125 159
22125 36
22125 46
22125 12
22125 174
22125 158
22125 140
22125 19
22125 47
22125 61
22125 134
22125 195
22125 75
22125 35
22125 92
22125 27
22125 200
22125 193
22125 13
22125 112
22125 148
22125 53
21818 16
21980 18
21980 6
21969 88
21969 15
21969 19
21969 99
21969 39
21969 95
21969 79
21969 34
21969 70
21969 49
21614 55
21614 109
21614 77
21614 94
21614 96
21614 41
21614 52
22073 82
22157 100
22157 78
22157 51
22157 26
22157 67
22157 73
22157 76
22157 82
22157 32
21514 5
21514 19
21514 2
21514 3
21514 4
21514 12
21691 95
21691 104
21691 116
21691 172
21691 48
21691 176
21691 61
21691 166
21691 198
21691 163
21921 62
21921 65
21921 82
21921 0
21921 73
21921 40
21921 14
21487 68
21487 161
21487 276
21487 231
21487 255
21487 306
21487 335
21487 88
21487 189
21487 246
21735 213
21735 359
21735 274
21735 93
21735 205
21735 301
21735 195
21735 381
21735 162
21735 15
21735 20
21735 22
21735 26
21735 28
21735 31
21735 75
21735 367
21735 100
21735 110
21735 260
21735 265
21735 240
21735 33
21735 58
21735 4
21735 8
21735 17
21735 45
21735 73
21735 81
21735 166
21735 198
21735 267
21735 365
21509 6
21492 47
21492 64
21492 69
21492 93
21492 116
21492 133
21492 21
21492 138
21492 70
21492 83
21492 110
21492 117
21492 103
21492 20
21492 48
21492 57
21492 136
21492 4
21492 126
21492 77
21523 14
22121 36
22121 46
22121 13
22121 18
22121 38
22121 16
22121 4
22121 45
22121 30
22121 19
22121 35
22121 5
22121 8
22121 33
22121 3
22121 12
22121 41
22121 23
22121 9
21457 84
21457 114
21457 42
21457 70
21457 135
21457 88
21457 18
21457 26
21457 93
21457 102
21457 41
21457 118
21457 122
21457 126
21457 134
21457 10
21457 38
21457 112
21457 117
21457 35
21457 64
21457 89
21457 27
21457 44
21457 104
21457 108
21457 129
21457 131
21457 2
21457 56
21457 82
21457 8
21457 54
21457 60
21457 110
21457 111
21457 137
21457 4
21457 40
21457 98
21457 9
21457 66
21457 62
21457 123
21457 138
21457 141
21457 23
21457 47
21457 83
21457 46
21457 67
21457 75
21457 59
21457 14
21457 86
21457 99
21457 136
21431 2
21431 30
21431 40
21431 61
21431 95
21431 120
21431 27
21431 29
21431 36
21431 41
21431 68
21431 124
21431 113
21431 131
21431 67
21431 75
21431 114
21431 16
21495 67
21495 63
21495 28
21495 46
21495 76
21495 56
21495 68
21495 9
21495 80
21495 3
21662 10
21662 18
21662 40
22180 3
22180 11
22180 104
22180 99
22180 78
22180 80
22180 62
22180 55
22180 69
22180 21
22180 115
22180 127
22180 105
21890 170
21890 283
21890 26
21890 237
21890 452
21890 3
21890 296
21890 466
21890 197
21890 258
21890 391
21890 153
21890 285
21890 428
21890 174
21890 388
21665 16
21665 62
21665 37
21665 46
21665 4
21665 75
21665 83
21665 128
21665 23
21665 85
21665 117
21665 140
21665 132
21665 139
21665 45
21665 53
21665 72
21665 97
21665 148
21665 49
21665 87
21665 98
21665 137
21665 145
21665 144
21665 127
21665 131
21665 12
21665 20
21665 36
21665 100
21665 101
21665 104
21665 9
21665 61
21665 165
21665 33
21665 52
21665 99
21665 103
21665 114
21665 136
21888 13
21888 33
21888 9
21888 82
21888 16
21888 21
21888 37
21871 23
21871 2
21871 19
21871 7
21871 31
21871 5
21871 17
21460 15
21460 50
21460 81
21460 115
21460 11
21460 33
21460 71
21460 108
21460 116
21460 51
21460 64
21460 66
21460 122
21460 5
21460 39
21460 57
21460 60
21460 86
21460 7
21460 82
21460 98
21460 121
21460 62
21460 109
21460 52
21460 102
21460 32
21460 106
21460 31
21460 38
21460 123
21832 420
21832 424
21832 190
21832 197
21832 429
21832 51
21832 155
21832 428
21832 87
21832 141
21832 315
21832 367
21832 286
21832 100
21832 120
21832 156
21832 311
21832 314
21832 86
21832 264
21832 338
21832 372
21832 17
21832 326
21832 364
21832 46
21832 90
21832 157
21832 226
21832 228
21832 320
21832 316
21832 77
21832 205
21832 416
21832 403
21832 422
21832 386
21832 257
21832 278
21832 374
21832 85
21832 227
21832 275
21832 435
21832 304
21832 76
21832 191
21832 408
21832 105
21832 142
21832 382
21832 400
21618 128
21618 176
21618 53
21618 60
21618 85
21618 113
21618 30
21618 84
21618 99
21618 4
21618 121
21618 5
21618 10
21618 76
21618 109
21618 151
21618 27
21618 52
21618 77
21618 108
21618 118
21618 148
21618 143
21618 18
21618 88
21618 172
21618 161
21618 149
21618 89
21618 71
21618 123
21618 68
21618 79
21618 137
21618 182
22098 60
22098 51
22062 146
22062 58
22062 54
22062 76
22062 13
22062 57
22062 36
22062 16
22062 137
22062 63
22062 111
22062 138
22062 91
22062 112
22062 18
22062 8
22062 75
22062 22
22062 37
22062 45
22062 119
22243 159
22243 74
22243 336
22243 62
22243 125
22243 329
22243 302
22243 38
22243 215
22243 33
22243 325
22243 323
22243 120
22243 17
22243 100
22243 268
22243 91
22243 347
22243 130
22243 80
22243 348
22243 203
22243 83
22243 31
22243 3
22243 24
22243 304
22243 163
22243 95
22243 123
22243 276
22243 118
22243 113
22243 338
22243 47
22243 157
22243 117
22243 243
22243 248
22243 220
22243 150
22243 32
22243 15
21868 0
21868 16
21868 32
21868 34
21868 73
21868 95
21868 138
21868 35
21868 87
21868 118
21822 52
21822 176
21822 7
21822 28
21822 102
21822 185
21822 12
21822 121
21822 231
21462 4
21462 69
21462 87
21462 92
21462 34
21462 54
21462 12
21462 45
21462 75
21462 50
21446 133
21446 10
21446 21
21446 25
21446 35
21446 48
21446 22
21446 44
21446 122
21446 33
21773 74
21773 27
21773 42
21773 103
21773 29
21773 10
21773 17
21773 57
21773 40
21773 99
21773 22
21773 56
21773 98
21773 104
21773 43
21773 92
21773 80
21773 11
21773 31
21773 38
21773 51
21773 48
21773 113
21773 41
21773 112
21773 44
21773 97
21773 100
21773 87
21773 109
21773 36
21773 126
21773 96
21773 102
21773 129
21773 5
21773 16
21958 84
21958 50
21958 25
21958 78
21958 54
21958 5
21958 39
21958 33
22207 39
22207 127
22207 115
22207 97
22207 33
22207 68
22207 119
22207 79
22207 62
22207 14
22207 163
22207 157
22207 195
22207 0
22207 137
22207 151
22207 48
22207 84
22207 73
22207 9
22207 209
22207 221
22207 99
22207 141
22207 201
22207 121
22207 183
22207 228
22207 215
22207 217
22207 28
22207 226
22207 70
22207 76
22207 219
22207 224
22207 181
22207 149
22207 142
22207 182
22207 16
22207 4
22207 150
22207 168
22207 2
22207 80
22207 5
22207 56
22207 223
22207 105
22207 212
22207 130
22207 71
22207 111
22207 17
22207 129
22207 94
22207 41
22207 196
22207 60
22207 109
22207 108
22207 107
22207 10
22207 102
22207 30
22207 159
22207 231
22207 172
22207 126
22207 19
22207 36
22207 93
22207 92
22207 27
22207 91
22207 8
22207 148
22207 34
22207 7
22207 32
22207 173
22207 46
22207 164
22207 213
22207 144
22207 6
22207 138
22207 147
22207 139
22207 110
22207 98
22207 52
22207 122
22207 117
22207 37
22207 230
22263 155
22263 44
22263 222
22263 43
22263 128
22263 86
22263 67
22263 68
22263 0
22263 186
22263 32
22263 276
22263 101
22263 205
22263 102
22263 173
22263 211
22263 197
22263 236
22263 137
22263 200
22263 93
22263 172
22263 215
22263 171
22263 188
22263 161
22263 268
22263 278
22263 257
22263 94
22263 135
22263 78
22263 143
22263 225
22263 31
22263 150
22263 84
22263 118
22263 239
22263 138
22263 146
22263 2
22263 170
22263 117
22263 69
22263 58
22263 246
22263 129
22263 237
22263 166
22263 45
22263 255
22263 53
22263 177
22263 207
22263 109
22263 22
21767 36
21767 34
21767 40
21767 19
21767 48
21767 13
21767 35
21767 68
21767 9
21767 20
21767 26
21767 18
21767 22
22088 86
22088 15
22088 162
22088 63
22088 25
22088 92
22088 34
22088 33
22088 39
22088 67
22088 133
22088 165
22088 13
22088 96
22088 150
22088 204
22088 178
22088 83
22088 45
22088 140
22088 21
22088 224
22088 101
22088 44
22088 40
22088 131
21855 125
21855 11
21745 35
21745 14
21745 17
21745 42
21745 3
21745 6
21745 34
21745 27
21745 19
21745 2
21745 12
21745 23
21745 11
22154 62
22154 64
22105 46
22105 300
22105 211
22105 77
22105 295
22105 30
22105 32
22105 111
22105 68
22105 59
22105 304
22105 264
22105 197
22105 256
22105 147
22105 240
22105 21
22105 64
22105 302
22105 174
22105 142
22105 25
22105 131
22105 217
22105 22
22105 161
22105 201
22105 75
22105 42
22105 169
22105 235
22105 78
22105 189
22105 281
22105 206
22105 54
22105 2
22105 285
21898 154
21898 70
21898 55
21898 40
21898 109
21898 44
21526 23
21526 34
21526 41
21526 54
21526 4
21526 5
21526 32
21526 129
21526 198
21526 69
21526 72
21526 76
21526 78
21526 84
21526 92
21526 179
21526 24
21526 61
21526 75
21526 79
21526 118
21526 187
21526 193
21526 157
21526 183
21526 47
22189 55
22189 74
22189 35
22189 12
22189 36
22189 76
22189 78
22189 125
22189 111
22189 48
22189 80
22189 126
22189 87
22189 25
22189 28
22189 69
22189 62
22189 1
22189 89
22189 33
22189 47
22189 41
22189 24
22189 70
22189 11
22189 38
22189 49
22189 100
22189 131
22189 119
22189 81
22189 121
22189 4
22189 65
22189 120
22189 39
22189 2
22189 9
22189 72
22189 117
22189 105
22189 56
22189 94
22189 22
22189 23
22120 26
22120 36
22120 52
22120 14
22120 22
22120 42
22120 49
22120 20
22120 37
22120 10
22120 29
22120 51
21542 15
21542 2
21542 51
21542 65
21542 25
21860 11
21860 23
21860 0
21860 13
21860 12
21860 3
21860 17
21860 1
22025 14
21891 105
21891 222
21891 107
21891 139
21891 228
21891 47
21891 206
21891 31
21891 104
21891 149
21891 247
21891 91
21891 25
21891 76
21891 153
21503 131
21503 135
21503 143
21503 177
21503 19
21503 42
21503 46
21503 149
21503 157
21503 56
21503 172
21503 4
21503 27
21503 107
21503 166
21503 148
21503 48
21503 7
21503 59
21503 92
21503 175
21503 124
21503 3
21503 5
21503 68
21503 70
21503 99
21503 119
21503 33
21503 71
21503 130
21635 8
21635 18
21635 6
22257 279
22257 136
22257 159
22257 207
22257 85
22257 200
22257 53
22257 49
22257 100
22257 157
22257 138
22257 193
22257 112
22257 31
22257 301
22257 148
22257 184
22257 121
22257 281
22257 314
22257 62
21918 95
21918 122
21918 125
21918 112
21918 56
21918 232
21918 157
21918 173
21918 136
21918 86
21918 155
21918 124
21918 51
21918 89
21918 171
21918 186
21918 231
21918 38
21918 209
21918 195
21918 205
21918 35
21918 150
21918 45
21918 158
21918 67
21918 87
21918 132
21918 42
21918 117
21918 180
21918 118
21918 39
21918 179
21918 47
21918 102
21918 154
21918 199
21669 3
21669 18
21669 40
21669 52
21669 60
21669 122
21669 23
21669 24
21669 64
21669 235
21669 314
21669 527
21669 412
21669 47
21669 130
21669 157
21669 158
21669 233
21669 202
21669 234
21669 296
21669 334
21669 349
21669 372
21669 62
21669 71
21669 161
21669 169
21669 193
21669 293
21669 366
21669 373
21669 430
21669 478
21669 481
21669 98
21669 81
21669 308
21669 496
21669 162
21669 21
21669 44
21669 249
21669 285
21669 294
21669 313
21669 442
21669 451
21669 231
21669 304
21669 386
21669 511
21669 82
21669 112
21669 137
21669 200
21669 301
21669 457
21669 246
21669 514
21669 185
21669 309
21669 401
21669 427
21669 445
21669 497
21669 501
21669 320
21669 330
21669 333
21669 350
21669 396
21669 458
21669 104
21669 135
21669 345
21669 454
21669 525
21669 539
21669 45
21669 54
21669 103
21669 51
21669 414
21669 418
21669 466
21669 484
21669 523
21669 53
21669 93
21669 237
21669 326
21669 384
21669 255
21669 29
21669 353
21669 510
21669 11
21669 408
21669 75
21669 272
21669 348
21669 475
21669 494
21669 66
21669 151
21669 180
21669 197
21669 218
21669 269
21669 271
21669 426
21669 381
21669 407
21669 390
21669 5
21669 534
21669 280
21669 315
21669 359
21669 419
21669 287
21669 317
21669 364
21669 385
21669 152
21669 170
21669 86
21669 133
21669 165
21669 266
21669 541
21669 6
21669 12
21669 17
21669 28
21669 85
21669 72
21669 129
21669 290
21669 487
21669 65
21669 106
21669 121
21669 154
21669 27
21669 55
21669 63
21669 102
21669 142
21669 173
21669 316
21669 96
21669 212
21669 434
21669 488
21669 504
21669 156
21669 369
21669 439
21669 482
21669 521
21669 526
21669 172
21669 236
21669 241
21669 256
21669 367
21669 403
21669 456
21669 462
21669 0
21669 49
21669 297
21669 34
21669 132
21432 12
21432 84
21432 16
21432 82
21432 46
21432 51
21432 93
21432 0
21432 21
21432 87
21432 4
21432 7
21432 31
21432 39
21432 25
21745 26
21745 39
21848 286
21848 164
21848 514
21848 89
21848 274
21848 301
21848 445
21848 471
21848 76
21848 270
21848 302
21848 283
21848 139
21848 28
21848 91
21848 248
21848 13
21848 530
21848 25
21848 104
21848 238
21848 353
21848 382
21848 419
21848 430
21848 500
21848 548
21848 272
21848 241
21848 46
21848 374
21848 401
21848 417
21848 163
21848 48
21848 127
21848 15
21848 285
21848 343
21848 350
21848 359
21848 365
21848 416
21848 436
21848 88
21848 47
21848 58
21848 120
21848 19
21848 403
21848 404
21848 268
21848 225
21848 249
21848 254
21848 257
21848 269
21848 100
21848 3
21848 66
21848 121
21848 152
21848 212
21848 264
21848 327
21848 342
21848 373
21848 395
21848 439
21848 505
21848 150
21848 318
21848 63
21848 103
21848 112
21848 128
21848 398
21848 418
21848 438
21848 449
21848 474
21848 501
21848 99
21848 171
21848 458
21848 475
21848 478
21848 536
21848 151
21848 30
21848 39
21848 130
21848 278
21848 2
21848 294
21848 16
21848 472
21848 317
22089 40
22089 66
22089 12
22089 71
22089 6
22089 25
22089 43
22089 67
22089 64
22089 10
22089 8
22089 77
22089 9
22089 17
22089 38
22089 63
22089 72
22089 2
22089 65
22089 69
22089 51
22089 27
22089 41
22196 5
21864 45
21864 60
21864 19
21864 50
21864 42
21864 23
21864 22
21864 20
21864 32
21601 41
21601 8
21601 107
21601 113
21601 114
21601 9
21601 13
21601 105
21601 18
21601 53
21601 40
22194 1
22194 4
21660 137
21660 65
21660 102
21660 17
21660 64
21660 128
21660 35
21660 119
21660 47
21660 72
21660 71
21660 85
21660 145
21660 121
21660 14
21660 19
21660 42
21660 157
21660 2
21660 91
21660 62
21660 92
21660 120
21660 86
21660 148
21660 31
21660 0
21660 76
21660 146
21660 24
21660 78
21660 84
21660 141
21660 153
21660 21
21660 37
21660 49
21660 114
21660 96
21660 104
21660 13
21660 116
21660 142
21660 3
21660 56
21660 99
21660 122
21660 44
21941 24
21941 46
21941 30
21941 6
21941 50
21941 28
21941 12
21941 5
21941 1
21941 55
21941 0
21651 81
21651 89
21651 69
21651 53
21651 99
21651 22
21651 42
21651 58
21651 67
21651 78
21651 109
21651 107
21651 103
21651 44
21651 0
21651 3
21651 94
21651 96
21651 34
21651 14
21651 63
21651 98
21651 101
21651 102
21651 27
21651 95
21651 93
22161 204
22161 374
22161 247
22161 14
22161 12
22161 115
22161 319
22161 151
22161 348
22161 329
22161 296
22161 305
22161 248
22161 331
22161 114
22161 143
22161 17
22161 93
22161 297
22161 401
22161 116
22161 311
22161 268
22161 293
22161 388
22161 284
22161 243
22161 283
22161 41
22161 335
22161 439
22161 436
22161 18
22161 216
22161 287
22161 347
22161 86
22161 110
22161 437
22161 10
22161 90
22161 260
22161 353
22161 380
22161 412
22161 187
22161 155
22161 237
22161 127
22161 227
22161 233
22161 13
22161 81
22161 103
22161 395
22161 440
22161 229
22161 252
22161 142
22161 164
22161 418
22161 274
22161 304
22161 52
22161 337
22161 98
22161 328
22161 36
22161 407
22161 263
22161 361
22161 102
21933 122
21933 54
21933 41
21933 56
21933 141
21933 18
21933 60
21933 12
21933 143
21933 86
21933 107
21933 0
21933 130
21933 119
21933 98
21933 80
21933 95
21933 149
21933 138
21933 7
21933 27
21933 78
21933 75
22146 22
21483 21
21483 13
21483 27
21483 29
21483 22
21483 0
21483 12
21483 9
21483 18
21422 30
21422 61
21422 17
21422 70
21653 63
21653 70
21653 22
21653 104
21653 0
21653 38
21653 154
21653 29
21653 46
21653 68
21653 18
21653 77
21653 88
21653 56
21653 60
21653 125
21653 135
21653 51
21653 140
21653 42
21653 151
21653 96
21653 65
21653 48
21653 117
21653 157
21653 64
21653 109
21653 119
21653 158
21653 4
21653 30
21653 67
21653 17
21653 112
21653 113
21653 126
21653 45
21653 74
21653 82
21653 101
21653 8
21653 47
21653 66
21653 107
21653 147
21653 153
21653 79
21653 128
21653 26
21653 49
21653 83
21653 111
21653 72
21653 103
21653 145
21653 35
21653 75
21653 144
22006 22
22213 11
22213 12
22213 15
21642 8
21642 35
21642 104
21642 14
21642 30
21642 75
21642 78
21642 25
21642 51
21642 99
21642 32
21642 74
21642 11
21642 13
21642 100
21642 17
21642 96
21642 43
21642 73
21642 116
21642 20
21642 45
21642 62
21642 87
22213 9
22213 16
22213 2
22213 4
22213 6
22213 14
21961 1
21961 19
21961 54
21961 44
21961 65
21961 47
21961 36
21961 26
21961 46
21804 56
21804 69
21804 320
21804 292
21804 274
21804 356
21804 296
21804 371
21804 269
21804 324
21804 259
21804 288
21804 326
21804 266
21804 233
21804 33
21804 299
21804 304
21804 349
21804 354
21804 368
21804 8
21804 39
21804 46
21804 114
21804 219
21804 330
21804 217
21804 55
21804 102
21804 272
21804 331
21804 99
21804 336
21804 101
21804 5
21804 15
21804 91
21804 276
21804 364
21804 36
21804 66
21804 155
21804 258
21804 271
21804 275
21804 347
21804 305
21804 203
21804 372
21804 14
21804 115
21804 221
21804 232
21804 244
21804 194
21804 322
21804 294
21804 323
21804 42
21804 149
21804 228
21804 6
21804 70
21804 142
21804 249
21804 251
21804 329
21804 213
21804 301
21804 161
21804 162
21804 65
21804 334
21804 78
21804 319
21804 117
21804 138
21804 25
21804 277
21804 279
21804 164
21804 222
21804 134
21804 136
21804 260
21804 196
21804 96
21804 110
21804 156
21804 247
21804 346
21804 24
21804 77
21804 345
21804 303
21804 373
21804 113
21804 125
21804 150
21804 186
22015 41
22015 146
22015 68
22015 151
22015 86
22015 24
22015 80
22015 150
22015 55
22015 67
22015 99
22173 401
22173 214
22173 483
22173 22
22173 267
22173 104
22173 57
22173 165
22173 90
22173 151
22173 265
22173 450
22173 49
22173 107
22173 442
22173 239
22173 245
22173 392
22173 106
22173 77
22173 280
22173 300
22173 334
22173 109
22173 314
22173 399
22173 93
22173 150
22173 56
22173 40
22173 260
22173 451
22173 432
22173 303
22173 261
22173 75
22173 197
22173 21
22173 121
22173 134
22173 323
22173 31
22173 437
22173 79
22173 170
22173 398
22173 169
22173 166
22173 190
22173 268
22173 71
22173 74
22173 379
22173 200
22173 356
22173 257
22173 66
22173 10
22173 435
22173 335
22173 347
22173 103
22173 18
22173 20
22173 13
22173 44
22173 48
22173 4
22173 87
22173 344
22173 416
22173 3
22173 83
22173 159
22173 269
22173 5
22173 481
22173 424
22173 278
22173 263
22173 357
22173 145
22173 39
22173 404
22173 409
22173 140
22173 319
22173 364
22173 205
22173 125
22173 202
22173 127
22173 321
22173 225
22173 1
22173 281
22173 53
22173 50
22173 393
22173 271
22173 115
22173 355
22173 11
22173 227
22173 414
22173 61
22173 307
22173 373
22173 465
22173 91
22173 348
22173 262
22173 425
22173 444
22173 322
22173 418
22173 23
22173 354
22173 123
22173 400
22173 256
22173 360
22173 30
22173 443
22173 148
22173 468
22173 155
22173 386
22173 64
22173 456
22173 183
22173 467
22173 12
22173 255
22173 210
22173 376
22173 459
22173 474
22173 427
22173 100
22173 447
22173 139
22173 78
22173 452
22173 76
22173 130
22173 108
22173 486
22173 284
22173 208
22173 317
22173 441
22173 349
22173 220
22173 396
22173 92
22173 296
22173 209
22173 168
22173 293
22173 436
22015 79
22015 7
22015 38
22015 128
22015 109
22015 147
22015 75
22015 100
22015 74
22015 129
22015 43
22015 35
22015 87
22015 106
22015 51
22015 118
22015 107
22015 138
22015 121
22015 4
22015 156
22015 40
22015 122
22015 130
22015 57
22015 34
22015 158
22015 61
22015 42
22015 78
22015 153
22015 30
22015 108
22015 69
22015 112
22015 77
22015 81
22015 132
22015 157
22015 102
22015 90
22015 141
22015 85
22015 31
22015 123
22015 116
22015 49
22015 33
22015 94
22015 133
22015 110
21782 1
21782 26
21782 50
21782 59
21782 32
21782 44
21782 64
21782 4
21782 21
21782 66
21782 0
21782 83
21782 40
21782 7
21782 57
21782 67
21782 25
21782 54
21782 36
21782 71
21782 86
22150 127
22150 144
22150 172
22150 75
22150 196
22150 56
22150 60
22150 0
22150 74
22150 84
22150 183
22150 167
22150 68
22150 150
22150 152
22150 38
22150 33
22150 147
22150 88
22150 52
22150 146
22150 191
22150 216
22150 181
22118 33
22118 57
22118 12
21689 0
21689 29
21689 1
21689 5
21689 25
21689 24
21689 6
21689 31
21689 38
21689 15
21548 40
21548 69
21548 21
21548 35
21548 81
21548 8
21548 74
21548 23
21548 18
22253 25
22253 5
22253 21
22253 22
22253 4
22253 17
22253 24
22253 9
22253 3
22253 13
22023 126
22023 238
22023 358
22023 175
22023 75
22023 25
22023 291
22023 7
22023 270
22023 2
22023 190
22023 181
22023 371
22023 164
22023 223
22023 180
22023 18
22023 198
22023 331
22023 354
21880 158
21880 96
21880 246
21880 185
21880 10
21880 191
21880 44
21880 281
21880 93
21880 112
21880 213
21880 228
21880 179
21880 121
21880 166
21880 294
21880 19
21880 77
21880 320
21880 321
21880 117
21880 129
21880 45
21880 264
21880 275
21880 37
21880 128
21880 223
21880 124
21880 270
21880 250
21880 177
21880 127
21880 84
21880 255
21880 205
21880 131
21880 102
21880 243
21880 316
21880 91
21880 144
21880 132
21880 319
21880 209
21880 142
21880 65
21880 308
21880 114
21881 211
21881 111
21881 186
21881 228
21881 146
21881 246
21881 95
21881 213
21881 21
21881 142
21881 200
21881 78
21881 20
21881 1
21881 15
21881 252
21881 126
21881 215
21881 137
21881 160
21881 190
21881 118
21881 120
21881 116
21881 28
21881 208
21881 113
21881 136
21881 157
21881 233
21881 110
21881 135
21881 219
21881 152
21881 166
21881 58
21881 42
21881 75
21881 170
21881 23
21881 89
21881 260
21881 173
21881 181
21881 153
21881 114
21881 90
21881 104
21881 174
21881 102
21881 66
21881 150
21881 185
21881 33
21422 48
21680 196
21680 296
21680 413
21680 465
21680 504
21680 92
21680 108
21680 201
21680 324
21680 332
21680 170
21680 209
21680 391
21680 206
21680 319
21680 153
21680 243
21680 215
21680 221
21680 265
21680 412
21680 1
21680 239
21680 295
21680 348
21680 109
21680 181
21680 252
21680 407
21680 497
21680 137
21680 142
21680 171
21680 355
21680 361
21680 241
21680 264
21680 7
21680 230
21680 438
21680 494
21680 32
21680 246
21680 256
21680 278
21680 22
21680 127
21680 146
21680 293
21680 10
21680 363
21680 28
21680 68
21680 175
21680 269
21680 393
21680 219
21680 514
21680 344
21680 262
21680 420
21680 450
21680 463
21680 115
21680 158
21680 374
21680 500
21680 98
21680 195
21680 250
21680 327
21536 94
21536 110
21536 33
21536 156
21536 225
21536 251
21536 336
21536 18
21536 20
21536 158
21536 182
21536 206
21536 279
21536 352
21536 376
21536 196
21536 232
21536 237
21536 254
21536 277
21536 365
21536 39
21536 52
21536 109
21536 384
21536 228
21536 202
21536 338
21536 343
21536 341
21536 383
21536 139
21536 169
21536 99
21536 102
21536 239
21536 42
21536 47
21536 160
21536 247
21536 198
21536 216
21536 269
21536 271
21536 53
21536 73
21536 231
21536 295
21536 153
21536 179
21536 218
21536 238
21536 78
21536 82
21536 83
21536 98
21536 385
21536 19
21536 155
21536 167
21536 359
21536 382
21536 24
21536 28
21536 43
21536 230
21536 234
21536 302
21536 5
21536 14
21536 38
21536 324
21536 326
21536 331
21536 361
21536 372
21536 370
21536 387
22206 49
22248 317
22248 114
22248 399
22248 111
22248 351
22248 53
22089 4
22089 68
22089 19
22089 11
22089 36
22089 62
22089 22
22089 55
22089 57
22089 60
22089 46
22089 42
22089 56
22089 30
22089 7
22067 26
22067 64
22067 72
22067 21
22067 54
22067 23
22067 83
21481 3
21481 45
21481 169
21481 171
21481 10
21481 181
21481 196
21481 1
21481 21
21481 65
21481 68
21481 23
21481 46
21481 64
21481 108
21481 6
21481 12
21481 165
21481 184
21481 27
21481 30
21481 120
21481 13
21481 152
21481 153
21481 208
21481 66
21481 158
21481 166
21481 156
21481 159
21875 59
21875 16
21875 157
21875 91
21875 36
21875 56
21875 184
21875 53
21875 146
21875 12
21875 55
21875 85
21875 76
21821 11
21821 22
21821 7
21821 12
21821 24
21821 6
21821 27
22003 38
22003 42
22003 62
22003 6
22003 22
22003 19
21520 8
21520 25
21520 26
21520 44
21520 37
21520 33
21520 45
21641 24
21641 2
21641 17
21641 20
21641 1
21641 9
21641 16
21444 18
21444 11
21444 3
21444 15
21444 7
21786 5
21786 38
21786 43
21786 82
21786 217
21786 91
21786 122
21786 183
21786 165
21786 216
21786 48
21786 120
21786 247
21786 147
21786 81
21786 192
21786 239
21786 292
21786 231
21786 200
21786 205
21786 214
21786 267
21786 130
21786 226
21786 134
21786 119
21786 140
21786 201
21786 248
21786 280
21786 100
21786 164
21786 184
21786 224
21786 89
21786 108
21786 206
21786 259
22170 0
22170 2
22170 14
22170 26
22170 3
21965 300
21965 18
21965 399
21965 112
21965 56
21965 99
21965 333
21965 411
21965 195
21965 293
21965 26
21965 202
21965 15
21965 365
21965 32
21965 234
21965 55
21965 51
22133 12
22133 33
22133 24
22133 57
22133 72
22133 0
22133 3
22133 26
22133 16
22133 7
21535 5
21535 12
21535 33
21535 32
21535 26
21535 16
21535 19
21535 31
21535 15
21535 29
21535 21
21535 25
21535 9
21958 71
21958 82
21958 83
21958 16
21958 29
21958 76
21958 34
21958 22
21958 56
21958 30
21958 60
21958 48
21958 65
21958 81
21742 263
21742 305
21742 191
21742 20
21742 34
21742 48
21742 119
21742 55
21742 229
21742 103
21742 165
21742 206
21742 269
21742 352
21742 28
21742 33
21742 40
21742 136
21742 303
21742 78
21742 137
21742 308
21742 322
21742 340
21742 302
21742 58
21742 16
21742 99
21742 32
21742 64
21742 146
21742 197
21742 250
21742 262
21742 334
21742 326
21742 336
21824 30
21824 34
21824 37
21824 19
21824 27
21824 38
21824 46
21824 45
21824 9
21824 28
21824 31
21824 36
21824 24
21824 26
21824 2
21824 3
21824 15
21824 32
21824 35
21492 68
21492 120
21492 43
21492 80
21492 52
21492 11
21492 23
21492 32
21492 71
21492 105
21865 33
21865 85
21865 112
21865 155
21865 158
21865 172
21865 29
21865 56
21865 134
21865 153
21865 94
21865 0
21865 21
21865 40
21865 109
21865 139
21865 138
21865 167
21865 41
21865 58
21865 32
21865 71
21865 80
21865 122
21865 163
21865 15
21865 20
21865 65
21865 131
21865 159
21894 5
21894 36
21894 8
21894 23
22239 9
21516 12
21516 31
21707 8
21707 20
21707 41
21707 71
21707 66
21707 40
21707 54
21707 19
21707 30
21707 58
21707 26
21707 36
21707 16
21707 45
21707 4
21707 51
21707 61
21707 38
21707 55
21707 6
22000 13
22000 67
22000 96
22000 128
22000 74
21975 93
21975 60
21975 21
21975 27
21975 72
21975 103
21975 22
21975 100
21975 7
21975 66
21975 91
21975 19
21975 96
22019 12
22019 100
22019 53
22019 157
22019 5
22019 188
22019 159
22019 199
22019 129
22019 180
22019 149
22019 141
22019 25
21758 393
21758 568
21758 575
21758 482
21758 53
21758 107
21758 99
21758 114
21758 217
21758 174
21758 66
21758 283
21758 166
21758 201
21758 230
21758 307
21758 170
21758 502
21758 522
21758 525
21758 131
21758 225
21758 195
21758 93
21758 400
21758 484
21758 548
21758 184
21758 181
21758 187
21758 321
21758 69
21758 143
21758 175
21758 227
21758 234
21758 306
21758 387
21758 278
21758 141
21758 120
21758 260
21758 406
21758 49
21758 408
21758 590
21758 189
21758 205
21758 280
22058 30
22058 193
22058 311
22058 34
22058 395
22058 139
22058 18
22058 194
22058 489
22058 470
22058 169
22058 437
22058 469
22058 580
22058 471
22058 355
22058 354
22058 511
22058 278
22058 496
22058 205
22058 267
22058 91
22058 297
22058 440
22058 378
22058 228
22058 557
22058 350
22058 558
22058 86
22058 551
22058 79
22058 230
22058 359
22058 159
22058 372
22075 80
22075 79
22075 125
22075 61
22075 128
22075 58
22075 75
22075 121
22075 113
22075 19
22075 29
22075 124
22075 39
22075 77
22075 11
22075 10
22075 92
22075 36
22075 62
22075 118
22075 112
22075 101
22075 30
22075 50
22075 64
22075 38
22075 66
22075 120
22075 54
22075 5
22075 25
22075 53
22075 127
22075 2
22075 67
22075 49
22075 96
22075 26
22075 82
21507 4
21507 1
21526 7
21526 52
21526 36
21526 162
21526 185
21526 199
21526 91
21526 97
21526 128
21526 148
21526 159
21526 176
21526 115
21526 205
21526 127
21526 207
21526 122
21526 203
21526 58
21526 170
21526 146
21526 151
21526 103
21526 147
21526 163
21526 102
21526 94
21526 13
21526 15
21526 70
21526 152
21526 8
21526 60
21526 30
21526 33
21526 35
21526 50
21451 4
21451 21
21451 43
21451 9
21451 0
21451 28
21451 32
21451 37
21451 11
21451 7
21451 15
21451 26
21451 2
21451 3
21451 22
21451 24
21451 1
21451 27
21451 42
21451 44
21451 6
21451 8
22248 431
22248 40
22248 451
22248 383
22248 246
22248 294
22248 30
22248 14
22248 418
22248 304
22248 170
22248 373
22248 241
22248 347
22248 127
22248 146
22248 193
22248 367
22248 5
22248 113
22248 132
22248 107
22248 151
22248 421
22248 279
22248 273
22248 169
22248 443
22248 374
22248 84
22248 20
22248 126
22248 105
22248 252
22248 88
22248 278
22248 335
22248 368
22248 407
22248 48
22248 249
22248 325
22248 389
22248 0
22248 99
22248 210
22248 225
21915 13
21915 55
21915 8
21935 46
21935 49
21935 8
21990 0
21990 77
21990 75
21963 247
21963 77
21963 102
21963 155
21963 54
21963 295
21963 129
21963 212
21963 319
21963 228
21963 251
21960 39
21960 29
21960 51
21960 9
21960 79
21960 42
21960 85
21960 66
21960 71
21960 60
21960 63
21960 81
21960 55
21960 77
21960 27
21960 35
21960 7
21960 96
21960 11
21960 23
21960 53
21960 62
21960 8
21960 32
21960 44
21960 6
21960 3
21960 57
21960 93
21960 10
21960 20
21960 48
21960 13
21960 14
21960 24
21960 69
21816 30
21816 59
21816 61
21816 78
21816 45
21816 80
21816 81
21816 0
21816 28
21816 38
21816 19
21816 58
21816 34
21816 6
21816 25
21816 60
21816 73
21816 47
21816 63
