19722 12
19722 48
19722 107
19722 170
19722 299
19722 306
19722 444
19722 505
19722 550
19722 554
19675 1
19675 2
19675 4
19675 5
19675 7
19675 8
19675 9
19675 10
19675 11
19675 15
19675 0
19675 3
19675 6
19675 12
19675 13
19675 14
19675 16
19715 53
19715 158
19715 180
19715 215
19715 216
19715 247
19715 281
19678 3
19678 8
19678 22
19678 116
19678 7
19678 16
19678 17
19678 80
19678 115
19678 4
19678 10
19678 85
19678 93
19678 113
19678 114
19678 84
19678 97
19678 14
19678 15
19678 88
19678 90
19678 101
19678 102
19678 11
19678 18
19678 24
19678 91
19678 103
19678 5
19678 23
19678 79
19678 81
19678 82
19678 94
19678 106
19678 1
19678 89
19678 108
19678 112
19678 13
19678 86
19678 87
19678 96
19678 99
19678 100
19678 105
19678 109
19678 111
19678 6
19678 20
19678 83
19678 95
19678 107
19678 2
19678 9
19678 12
19678 21
19678 92
19678 98
19678 110
19670 128
19670 131
19670 153
19670 167
19670 168
19670 181
19670 187
19670 230
19670 239
19670 252
19670 30
19670 33
19670 34
19670 39
19670 44
19670 47
19670 65
19670 93
19670 98
19670 35
19670 37
19670 56
19670 60
19670 73
19670 103
19670 255
19670 116
19670 129
19670 152
19670 155
19670 156
19670 165
19670 175
19670 182
19670 220
19670 224
19670 114
19670 120
19670 141
19670 147
19670 158
19670 193
19670 196
19670 210
19670 217
19670 241
19670 130
19670 176
19670 194
19670 221
19670 222
19670 238
19670 243
19670 246
19670 254
19670 138
19670 144
19670 150
19670 154
19670 179
19670 202
19670 234
19670 235
19670 244
19670 249
19670 2
19670 10
19670 19
19670 51
19670 54
19670 76
19670 77
19670 82
19670 97
19670 101
19670 122
19670 133
19670 135
19670 166
19670 171
19670 184
19670 203
19670 209
19670 247
19670 253
19670 5
19670 11
19670 24
19670 41
19670 48
19670 53
19670 87
19670 172
19670 208
19670 1
19670 8
19670 9
19670 57
19670 63
19670 70
19670 86
19670 104
19670 105
19670 3
19670 6
19670 32
19670 67
19670 75
19670 89
19670 109
19670 31
19670 45
19670 52
19670 74
19670 79
19670 102
19670 110
19670 112
19670 124
19670 157
19670 159
19670 189
19670 216
19670 233
19670 237
19670 245
19670 123
19670 127
19670 148
19670 188
19670 190
19670 206
19670 211
19670 226
19670 229
19670 242
19670 4
19670 13
19670 21
19670 22
19670 25
19670 55
19670 90
19670 92
19670 107
19670 137
19670 161
19670 164
19670 169
19670 170
19670 177
19670 228
19670 232
19670 240
19670 250
19670 118
19670 162
19670 195
19670 199
19670 207
19670 213
19670 215
19670 219
19670 227
19670 115
19670 117
19670 142
19670 145
19670 149
19670 180
19670 183
19670 185
19670 197
19670 201
19670 7
19670 14
19670 18
19670 28
19670 66
19670 84
19670 96
19670 99
19670 106
19670 20
19670 23
19670 29
19670 40
19670 61
19670 81
19670 91
19670 212
19670 15
19670 43
19670 46
19670 59
19670 85
19670 108
19670 136
19670 251
19670 12
19670 16
19670 27
19670 58
19670 62
19670 71
19670 78
19670 83
19670 100
19670 111
19670 121
19670 132
19670 140
19670 143
19670 151
19670 214
19670 223
19670 236
19670 248
19670 0
19670 17
19670 26
19670 36
19670 38
19670 42
19670 50
19670 68
19670 72
19670 88
19670 113
19670 119
19670 126
19670 134
19670 160
19670 186
19670 192
19670 200
19670 218
19670 231
19684 0
19684 1
19684 9
19684 23
19684 24
19684 28
19684 35
19684 37
19684 5
19684 7
19684 8
19684 10
19684 16
19684 27
19684 30
19684 34
19684 6
19684 11
19684 15
19684 21
19684 25
19684 29
19684 33
19684 38
19684 2
19684 13
19684 14
19684 17
19684 19
19684 22
19684 31
19684 40
19684 3
19684 4
19684 20
19684 26
19684 32
19684 36
19684 39
19684 41
19716 72
19716 122
19716 131
19716 185
19716 250
19716 282
19716 349
19716 360
19716 371
19716 536
19685 18
19685 28
19685 33
19685 40
19685 61
19685 69
19685 71
19685 89
19685 90
19685 96
19685 22
19685 25
19685 39
19685 50
19685 62
19685 91
19685 98
19685 104
19685 110
19685 0
19685 16
19685 30
19685 43
19685 51
19685 54
19685 55
19685 63
19685 81
19685 105
19685 6
19685 9
19685 34
19685 35
19685 38
19685 46
19685 68
19685 76
19685 80
19685 108
19685 1
19685 2
19685 7
19685 42
19685 77
19685 78
19685 83
19685 86
19685 101
19685 106
19685 72
19685 74
19685 79
19685 112
19685 113
19685 114
19685 116
19685 3
19685 8
19685 21
19685 27
19685 36
19685 49
19685 70
19685 107
19685 109
19685 115
19685 17
19685 44
19685 48
19685 57
19685 58
19685 75
19685 84
19685 100
19685 102
19685 111
19685 5
19685 10
19685 11
19685 23
19685 29
19685 64
19685 87
19685 88
19685 93
19685 95
19685 4
19685 13
19685 15
19685 24
19685 47
19685 56
19685 60
19685 66
19685 85
19685 103
19685 12
19685 31
19685 37
19685 45
19685 52
19685 53
19685 59
19685 67
19685 82
19722 23
19722 74
19722 82
19722 132
19722 176
19722 238
19722 319
19722 445
19722 495
19722 500
19711 3
19711 22
19711 25
19711 26
19711 28
19711 33
19711 42
19711 43
19711 50
19752 31
19752 118
19752 185
19752 220
19752 240
19752 238
19752 290
19752 269
19752 257
19752 292
19752 15
19752 45
19752 133
19752 134
19752 151
19752 173
19752 182
19752 208
19752 9
19752 28
19752 149
19752 154
19752 230
19752 286
19752 7
19752 38
19752 142
19752 162
19752 228
19752 232
19752 268
19752 1
19752 23
19752 110
19752 119
19752 124
19752 136
19752 246
19752 250
19752 120
19752 146
19752 200
19752 211
19752 272
19752 0
19752 10
19752 19
19752 126
19752 141
19752 216
19752 219
19752 235
19752 2
19752 39
19752 49
19752 138
19752 155
19752 178
19752 249
19752 266
19752 32
19752 116
19752 127
19752 189
19752 197
19752 277
19752 271
19752 284
19752 8
19752 29
19752 135
19752 144
19752 244
19752 274
19752 283
19752 18
19752 46
19752 113
19752 128
19752 137
19752 190
19752 205
19752 225
19752 255
19752 114
19752 140
19752 147
19752 209
19752 212
19752 223
19752 236
19752 247
19752 262
19752 33
19752 37
19752 160
19752 170
19752 196
19752 222
19752 224
19752 245
19752 270
19752 41
19752 48
19752 184
19752 215
19752 239
19752 254
19752 267
19752 3
19752 34
19752 43
19752 112
19752 157
19752 191
19752 258
19752 263
19752 5
19752 13
19752 237
19752 264
19752 27
19752 121
19752 130
19752 171
19752 229
19752 281
19752 16
19752 21
19752 174
19752 193
19752 199
19752 248
19752 252
19752 14
19752 153
19752 181
19752 221
19752 226
19752 30
19752 129
19752 143
19752 150
19752 194
19752 207
19752 214
19752 241
19752 279
19752 109
19752 188
19752 192
19752 227
19752 280
19752 44
19752 122
19752 176
19752 179
19752 231
19752 233
19752 294
19752 25
19752 111
19752 175
19752 201
19752 261
19752 278
19752 24
19752 291
19752 11
19752 132
19752 148
19752 156
19752 166
19752 217
19752 234
19752 251
19752 273
19752 22
19752 36
19752 139
19752 167
19752 177
19752 195
19752 206
19752 265
19752 35
19752 282
19752 275
19752 293
19752 47
19752 152
19752 164
19752 210
19752 243
19752 117
19752 163
19752 169
19752 172
19752 186
19752 218
19752 256
19752 276
19752 115
19752 287
19752 145
19752 161
19752 198
19752 203
19752 260
19752 285
19752 50
19752 259
19752 125
19752 158
19752 159
19752 168
19752 187
19752 202
19752 213
19752 253
19707 3
19707 15
19707 16
19707 17
19707 26
19707 45
19707 52
19707 53
19707 55
19707 63
19707 1
19707 2
19707 6
19707 18
19707 24
19707 30
19707 36
19707 62
19707 12
19707 20
19707 22
19707 25
19707 35
19707 38
19707 40
19707 44
19707 48
19707 59
19707 0
19707 7
19707 8
19707 14
19707 23
19707 39
19707 41
19707 58
19707 64
19707 21
19707 29
19707 33
19707 37
19707 42
19707 43
19707 50
19707 54
19707 56
19707 61
19707 11
19707 13
19707 19
19707 27
19707 28
19707 31
19707 34
19707 47
19707 49
19707 57
19707 4
19707 5
19707 9
19707 46
19707 51
19707 60
19686 11
19686 15
19686 71
19686 94
19686 110
19686 173
19686 238
19686 246
19686 3
19686 27
19686 106
19686 112
19686 119
19686 125
19686 141
19686 153
19686 165
19686 204
19686 33
19686 108
19686 126
19686 151
19686 179
19686 235
19686 240
19686 247
19686 23
19686 28
19686 40
19686 47
19686 53
19686 77
19686 118
19686 159
19686 163
19686 218
19686 43
19686 58
19686 63
19686 80
19686 91
19686 166
19686 169
19686 170
19686 182
19686 194
19686 13
19686 30
19686 39
19686 59
19686 68
19686 86
19686 93
19686 183
19686 189
19686 200
19686 4
19686 41
19686 70
19686 72
19686 103
19686 177
19686 190
19686 193
19686 203
19686 7
19686 25
19686 65
19686 87
19686 109
19686 129
19686 149
19686 171
19686 185
19686 224
19686 6
19686 10
19686 34
19686 90
19686 105
19686 136
19686 150
19686 180
19686 226
19686 234
19686 8
19686 117
19686 128
19686 130
19686 135
19686 146
19686 155
19686 206
19686 222
19686 1
19686 45
19686 107
19686 132
19686 175
19686 178
19686 191
19686 201
19686 88
19686 99
19686 102
19686 104
19686 157
19686 158
19686 198
19686 232
19686 12
19686 44
19686 92
19686 114
19686 123
19686 152
19686 174
19686 181
19686 2
19686 17
19686 29
19686 35
19686 82
19686 144
19686 186
19686 202
19686 229
19686 237
19686 19
19686 24
19686 36
19686 37
19686 49
19686 52
19686 55
19686 97
19686 101
19686 143
19686 22
19686 50
19686 74
19686 79
19686 100
19686 116
19686 142
19686 148
19686 154
19686 197
19686 18
19686 56
19686 64
19686 111
19686 122
19686 215
19686 230
19686 231
19686 243
19686 20
19686 21
19686 26
19686 85
19686 115
19686 140
19686 145
19686 147
19686 156
19686 167
19686 5
19686 38
19686 76
19686 83
19686 172
19686 216
19686 217
19686 233
19686 242
19686 42
19686 51
19686 113
19686 121
19686 124
19686 134
19686 161
19686 162
19686 54
19686 61
19686 67
19686 69
19686 127
19686 168
19686 196
19686 207
19686 219
19686 221
19686 14
19686 16
19686 32
19686 60
19686 78
19686 96
19686 164
19686 195
19686 223
19686 228
19686 9
19686 46
19686 75
19686 98
19686 133
19686 184
19686 199
19686 209
19686 244
19686 245
19686 0
19686 48
19686 62
19686 73
19686 81
19686 84
19686 89
19686 131
19686 138
19686 57
19686 66
19686 95
19686 137
19686 139
19686 176
19686 220
19686 227
19686 236
19667 9
19667 15
19667 16
19667 35
19667 42
19667 45
19667 1
19667 3
19667 10
19667 17
19667 20
19667 22
19667 27
19667 38
19667 40
19667 44
19667 6
19667 7
19667 13
19667 14
19667 19
19667 21
19667 23
19667 29
19667 30
19667 46
19667 4
19667 12
19667 31
19667 32
19667 33
19667 34
19667 37
19667 39
19667 41
19667 0
19667 5
19667 8
19667 11
19667 18
19667 24
19667 26
19667 28
19667 36
19667 43
19694 18
19694 40
19694 63
19694 101
19694 103
19694 138
19694 147
19694 202
19694 211
19694 291
19694 27
19694 69
19694 189
19694 200
19694 203
19694 249
19694 298
19694 318
19694 335
19694 348
19694 7
19694 20
19694 24
19694 68
19694 74
19694 108
19694 166
19694 311
19694 363
19694 14
19694 16
19694 26
19694 32
19694 54
19694 64
19694 67
19694 270
19694 288
19694 307
19694 53
19694 128
19694 142
19694 205
19694 239
19694 245
19694 246
19694 253
19694 349
19694 19
19694 92
19694 96
19694 130
19694 176
19694 289
19694 304
19694 316
19694 336
19694 11
19694 29
19694 99
19694 104
19694 107
19694 143
19694 158
19694 201
19694 247
19694 275
19694 46
19694 119
19694 137
19694 179
19694 235
19694 250
19694 263
19694 271
19694 341
19694 3
19694 59
19694 125
19694 153
19694 194
19694 236
19694 351
19694 357
19694 364
19694 100
19694 129
19694 139
19694 167
19694 185
19694 195
19694 212
19694 214
19694 302
19694 328
19694 33
19694 42
19694 168
19694 192
19694 210
19694 258
19694 274
19694 324
19694 347
19694 362
19694 88
19694 93
19694 112
19694 145
19694 262
19694 284
19694 319
19694 343
19694 350
19694 48
19694 110
19694 157
19694 159
19694 164
19694 178
19694 187
19694 191
19694 226
19694 282
19694 81
19694 173
19694 184
19694 222
19694 230
19694 242
19694 256
19694 292
19694 339
19694 12
19694 43
19694 97
19694 140
19694 170
19694 190
19694 234
19694 259
19694 295
19694 327
19694 2
19694 61
19694 70
19694 76
19694 116
19694 155
19694 198
19694 224
19694 238
19694 358
19694 37
19694 78
19694 90
19694 122
19694 180
19694 196
19694 280
19694 285
19694 312
19694 338
19694 30
19694 102
19694 133
19694 165
19694 169
19694 177
19694 209
19694 305
19694 320
19694 330
19694 28
19694 71
19694 85
19694 127
19694 141
19694 172
19694 175
19694 218
19694 237
19694 322
19694 45
19694 52
19694 89
19694 121
19694 162
19694 217
19694 232
19694 310
19694 359
19694 51
19694 75
19694 106
19694 171
19694 241
19694 255
19694 266
19694 286
19694 326
19694 360
19694 86
19694 163
19694 199
19694 260
19694 264
19694 299
19694 303
19694 353
19694 361
19694 50
19694 77
19694 124
19694 131
19694 183
19694 251
19694 314
19694 323
19694 346
19694 355
19694 21
19694 62
19694 80
19694 118
19694 228
19694 273
19694 290
19694 294
19694 317
19694 334
19694 17
19694 36
19694 39
19694 146
19694 193
19694 197
19694 216
19694 225
19694 332
19694 25
19694 83
19694 95
19694 111
19694 150
19694 181
19694 240
19694 297
19694 306
19694 344
19694 58
19694 109
19694 126
19694 182
19694 220
19694 315
19694 325
19694 340
19694 354
19694 35
19694 47
19694 57
19694 144
19694 221
19694 244
19694 261
19694 265
19694 276
19694 321
19694 10
19694 15
19694 66
19694 73
19694 84
19694 151
19694 208
19694 219
19694 229
19694 272
19694 79
19694 82
19694 117
19694 135
19694 160
19694 174
19694 223
19694 243
19694 268
19694 301
19694 22
19694 56
19694 60
19694 65
19694 149
19694 152
19694 252
19694 300
19694 308
19694 333
19694 4
19694 98
19694 134
19694 186
19694 204
19694 207
19694 227
19694 277
19694 331
19694 342
19694 5
19694 55
19694 123
19694 206
19694 215
19694 233
19694 254
19694 269
19694 337
19694 345
19694 13
19694 31
19694 44
19694 132
19694 213
19694 231
19694 257
19694 309
19694 313
19694 1
19694 8
19694 38
19694 49
19694 91
19694 94
19694 105
19694 148
19694 154
19694 287
19694 34
19694 114
19694 136
19694 248
19694 278
19694 279
19694 296
19694 329
19694 356
19694 6
19694 9
19694 72
19694 115
19694 161
19694 267
19694 281
19694 283
19694 352
19697 15
19697 48
19697 70
19697 84
19697 88
19697 89
19697 119
19697 146
19697 153
19697 22
19697 30
19697 35
19697 37
19697 53
19697 108
19697 118
19697 132
19697 143
19697 147
19697 24
19697 28
19697 42
19697 46
19697 94
19697 95
19697 98
19697 114
19697 117
19697 139
19697 5
19697 14
19697 26
19697 38
19697 57
19697 62
19697 133
19697 134
19697 135
19697 2
19697 16
19697 72
19697 73
19697 76
19697 80
19697 90
19697 92
19697 105
19697 121
19697 6
19697 10
19697 33
19697 45
19697 67
19697 69
19697 141
19697 144
19697 148
19697 155
19697 7
19697 41
19697 51
19697 56
19697 59
19697 64
19697 91
19697 107
19697 115
19697 156
19697 13
19697 31
19697 50
19697 52
19697 60
19697 78
19697 86
19697 96
19697 124
19697 137
19697 9
19697 18
19697 29
19697 32
19697 54
19697 103
19697 110
19697 116
19697 128
19697 140
19697 8
19697 12
19697 19
19697 55
19697 58
19697 66
19697 77
19697 81
19697 120
19697 126
19697 11
19697 21
19697 40
19697 79
19697 111
19697 149
19697 152
19697 154
19697 157
19697 34
19697 39
19697 43
19697 75
19697 83
19697 101
19697 104
19697 112
19697 136
19697 142
19697 3
19697 4
19697 25
19697 36
19697 61
19697 63
19697 65
19697 100
19697 109
19697 113
19697 0
19697 68
19697 74
19697 87
19697 97
19697 99
19697 122
19697 127
19697 151
19697 158
19697 20
19697 27
19697 44
19697 49
19697 71
19697 85
19697 93
19697 138
19697 150
19697 17
19697 47
19697 102
19697 106
19697 123
19697 125
19697 129
19697 130
19697 131
19697 145
19683 2
19683 3
19683 14
19683 31
19683 40
19683 43
19683 61
19683 77
19683 81
19683 83
19683 25
19683 29
19683 58
19683 62
19683 64
19683 67
19683 79
19683 103
19683 110
19683 123
19683 22
19683 146
19683 165
19683 179
19683 183
19683 202
19683 207
19683 224
19683 225
19683 264
19683 148
19683 149
19683 150
19683 217
19683 223
19683 229
19683 250
19683 261
19683 269
19683 270
19683 151
19683 216
19683 219
19683 255
19683 275
19683 281
19683 283
19683 287
19683 288
19683 5
19683 26
19683 27
19683 37
19683 90
19683 91
19683 93
19683 95
19683 99
19683 102
19683 157
19683 159
19683 161
19683 173
19683 210
19683 227
19683 234
19683 237
19683 249
19683 273
19683 154
19683 156
19683 164
19683 175
19683 180
19683 188
19683 214
19683 221
19683 258
19683 267
19683 147
19683 176
19683 185
19683 191
19683 205
19683 251
19683 253
19683 272
19683 276
19683 279
19683 7
19683 39
19683 41
19683 48
19683 49
19683 51
19683 82
19683 85
19683 89
19683 92
19683 10
19683 35
19683 57
19683 76
19683 88
19683 94
19683 109
19683 121
19683 122
19683 136
19683 155
19683 168
19683 172
19683 184
19683 193
19683 206
19683 236
19683 239
19683 259
19683 178
19683 182
19683 190
19683 197
19683 211
19683 215
19683 232
19683 240
19683 254
19683 278
19683 1
19683 9
19683 18
19683 66
19683 68
19683 72
19683 74
19683 84
19683 119
19683 126
19683 163
19683 170
19683 187
19683 192
19683 203
19683 204
19683 218
19683 243
19683 246
19683 266
19683 160
19683 162
19683 177
19683 189
19683 196
19683 238
19683 257
19683 268
19683 15
19683 33
19683 44
19683 70
19683 78
19683 124
19683 133
19683 134
19683 143
19683 145
19683 169
19683 195
19683 200
19683 213
19683 228
19683 230
19683 231
19683 244
19683 265
19683 280
19683 12
19683 20
19683 23
19683 45
19683 65
19683 69
19683 71
19683 114
19683 116
19683 120
19683 0
19683 21
19683 30
19683 56
19683 63
19683 73
19683 108
19683 112
19683 115
19683 117
19683 118
19683 171
19683 199
19683 201
19683 247
19683 262
19683 277
19683 282
19683 285
19683 286
19683 13
19683 24
19683 34
19683 86
19683 105
19683 125
19683 130
19683 135
19683 139
19683 142
19683 53
19683 141
19683 167
19683 208
19683 212
19683 226
19683 242
19683 245
19683 256
19683 274
19683 6
19683 11
19683 47
19683 52
19683 75
19683 80
19683 96
19683 128
19683 129
19683 131
19683 28
19683 36
19683 54
19683 55
19683 59
19683 111
19683 113
19683 132
19683 137
19683 8
19683 19
19683 38
19683 42
19683 87
19683 97
19683 100
19683 101
19683 104
19683 138
19683 4
19683 16
19683 17
19683 32
19683 46
19683 50
19683 60
19683 98
19683 106
19683 140
19683 152
19683 153
19683 222
19683 233
19683 235
19683 248
19683 252
19683 263
19683 284
19751 23
19751 50
19751 91
19751 101
19751 174
19751 216
19751 285
19751 293
19751 344
19751 374
19751 111
19751 159
19751 184
19751 219
19751 223
19751 226
19751 326
19751 331
19751 364
19671 34
19671 44
19671 45
19671 85
19671 105
19671 118
19671 129
19671 133
19671 150
19671 172
19671 0
19671 2
19671 4
19671 20
19671 53
19671 103
19671 108
19671 122
19671 148
19671 176
19671 32
19671 59
19671 64
19671 124
19671 162
19671 190
19671 197
19671 203
19671 204
19671 211
19671 26
19671 82
19671 109
19671 111
19671 164
19671 179
19671 180
19671 187
19671 6
19671 36
19671 38
19671 55
19671 71
19671 83
19671 135
19671 136
19671 142
19671 171
19671 5
19671 12
19671 23
19671 51
19671 67
19671 99
19671 134
19671 151
19671 153
19671 170
19671 54
19671 72
19671 76
19671 79
19671 115
19671 128
19671 144
19671 146
19671 175
19671 193
19671 1
19671 29
19671 84
19671 131
19671 199
19671 200
19671 205
19671 210
19671 15
19671 19
19671 21
19671 96
19671 139
19671 147
19671 152
19671 154
19671 163
19671 13
19671 24
19671 28
19671 40
19671 86
19671 93
19671 113
19671 160
19671 191
19671 22
19671 62
19671 68
19671 87
19671 98
19671 126
19671 130
19671 165
19671 188
19671 196
19671 7
19671 18
19671 52
19671 57
19671 95
19671 101
19671 121
19671 137
19671 157
19671 166
19671 3
19671 14
19671 48
19671 50
19671 75
19671 89
19671 100
19671 106
19671 112
19671 177
19671 9
19671 114
19671 117
19671 145
19671 183
19671 192
19671 194
19671 208
19671 25
19671 47
19671 69
19671 92
19671 119
19671 168
19671 173
19671 174
19671 186
19671 16
19671 41
19671 88
19671 182
19671 189
19671 195
19671 207
19671 10
19671 31
19671 61
19671 77
19671 97
19671 102
19671 120
19671 141
19671 158
19671 206
19671 17
19671 35
19671 37
19671 73
19671 127
19671 155
19671 159
19671 161
19671 178
19671 184
19671 33
19671 39
19671 42
19671 56
19671 94
19671 125
19671 169
19671 181
19671 198
19671 201
19671 11
19671 58
19671 74
19671 143
19671 209
19671 43
19671 60
19671 65
19671 70
19671 80
19671 104
19671 107
19671 116
19671 140
19671 185
19671 8
19671 27
19671 30
19671 49
19671 66
19671 81
19671 110
19671 123
19671 149
19671 156
19727 17
19727 133
19727 160
19727 203
19727 217
19727 286
19727 305
19727 347
19727 371
19727 16
19727 101
19727 107
19727 115
19727 207
19727 209
19727 387
19727 66
19727 71
19727 117
19727 151
19727 153
19727 265
19727 369
19727 372
19727 386
19727 389
19727 165
19727 167
19727 185
19727 221
19727 242
19727 280
19727 287
19727 376
19727 25
19727 91
19727 188
19727 234
19727 281
19727 330
19727 344
19727 366
19727 368
19727 390
19727 14
19727 156
19727 255
19727 290
19727 295
19727 314
19727 351
19727 34
19727 57
19727 86
19727 201
19727 249
19727 270
19727 276
19727 292
19727 352
19727 114
19727 213
19727 288
19727 293
19727 300
19727 325
19727 339
19727 355
19727 359
19727 9
19727 77
19727 95
19727 183
19727 187
19727 218
19727 285
19727 299
19727 301
19727 311
19727 55
19727 78
19727 102
19727 119
19727 168
19727 223
19727 246
19727 373
19727 2
19727 4
19727 80
19727 118
19727 232
19727 296
19727 307
19727 336
19727 341
19727 345
19727 15
19727 73
19727 85
19727 89
19727 166
19727 177
19727 215
19727 258
19727 323
19727 343
19727 42
19727 88
19727 122
19727 137
19727 141
19727 161
19727 189
19727 257
19727 260
19727 320
19727 46
19727 51
19727 98
19727 123
19727 131
19727 198
19727 230
19727 313
19727 315
19727 329
19727 200
19727 271
19727 335
19727 378
19727 381
19727 383
19727 392
19727 94
19727 103
19727 204
19727 252
19727 268
19727 319
19727 346
19727 357
19727 54
19727 163
19727 176
19727 186
19727 195
19727 219
19727 284
19727 303
19727 332
19727 342
19727 12
19727 21
19727 138
19727 264
19727 321
19727 374
19727 375
19727 388
19727 391
19727 50
19727 60
19727 67
19727 121
19727 262
19727 263
19727 318
19727 380
19727 29
19727 126
19727 159
19727 169
19727 231
19727 245
19727 266
19727 340
19727 13
19727 39
19727 106
19727 154
19727 162
19727 173
19727 196
19727 233
19727 333
19727 23
19727 30
19727 74
19727 142
19727 174
19727 206
19727 251
19727 273
19727 277
19727 125
19727 157
19727 199
19727 208
19727 228
19727 238
19727 254
19727 267
19727 356
19727 363
19727 6
19727 10
19727 175
19727 225
19727 237
19727 243
19727 261
19727 279
19727 331
19727 32
19727 44
19727 53
19727 72
19727 140
19727 269
19727 309
19727 350
19727 38
19727 63
19727 82
19727 84
19727 105
19727 136
19727 143
19727 147
19727 171
19727 385
19727 8
19727 52
19727 69
19727 134
19727 181
19727 212
19727 240
19727 250
19727 275
19727 312
19727 70
19727 92
19727 109
19727 155
19727 164
19727 211
19727 235
19727 282
19727 298
19727 302
19727 0
19727 65
19727 76
19727 112
19727 139
19727 227
19727 229
19727 247
19727 289
19727 326
19727 35
19727 40
19727 110
19727 127
19727 236
19727 241
19727 256
19727 310
19727 327
19727 361
19727 83
19727 99
19727 104
19727 120
19727 130
19727 184
19727 244
19727 248
19727 283
19727 22
19727 48
19727 64
19727 79
19727 132
19727 191
19727 259
19727 328
19727 47
19727 192
19727 214
19727 220
19727 224
19727 291
19727 362
19727 365
19727 370
19727 5
19727 26
19727 31
19727 37
19727 45
19727 62
19727 113
19727 128
19727 322
19727 338
19727 11
19727 81
19727 96
19727 146
19727 210
19727 297
19727 304
19727 317
19727 324
19727 36
19727 56
19727 75
19727 144
19727 158
19727 194
19727 253
19727 337
19727 43
19727 61
19727 108
19727 178
19727 197
19727 202
19727 306
19727 308
19727 367
19727 377
19727 7
19727 41
19727 68
19727 90
19727 100
19727 239
19727 272
19727 334
19727 358
19727 382
19727 49
19727 59
19727 87
19727 93
19727 116
19727 145
19727 349
19727 354
19727 3
19727 19
19727 24
19727 152
19727 179
19727 190
19727 364
19727 379
19727 384
19744 10
19744 13
19744 39
19744 59
19744 78
19744 113
19744 158
19744 181
19744 218
19744 1
19744 31
19744 54
19744 73
19744 99
19744 105
19744 109
19744 183
19744 219
19744 265
19744 44
19744 61
19744 103
19744 200
19744 238
19744 268
19744 269
19744 278
19744 293
19744 15
19744 79
19744 86
19744 125
19744 166
19744 202
19744 214
19744 240
19744 267
19744 11
19744 42
19744 48
19744 56
19744 65
19744 190
19744 243
19744 244
19744 249
19744 22
19744 41
19744 138
19744 147
19744 196
19744 210
19744 213
19744 24
19744 34
19744 52
19744 81
19744 85
19744 150
19744 216
19744 256
19744 271
19744 281
19744 17
19744 51
19744 106
19744 154
19744 220
19744 225
19744 226
19744 262
19744 275
19744 285
19744 26
19744 46
19744 93
19744 94
19744 119
19744 156
19744 186
19744 208
19744 209
19744 242
19744 38
19744 49
19744 58
19744 82
19744 116
19744 174
19744 175
19744 185
19744 237
19744 264
19744 7
19744 91
19744 102
19744 123
19744 137
19744 161
19744 165
19744 180
19744 188
19744 197
19744 8
19744 37
19744 68
19744 120
19744 145
19744 153
19744 171
19744 177
19744 259
19744 266
19744 33
19744 121
19744 124
19744 127
19744 149
19744 152
19744 241
19744 258
19744 296
19744 45
19744 84
19744 92
19744 142
19744 157
19744 212
19744 223
19744 231
19744 246
19744 27
19744 47
19744 57
19744 114
19744 155
19744 201
19744 205
19744 230
19744 239
19744 250
19744 64
19744 97
19744 107
19744 108
19744 111
19744 194
19744 229
19744 245
19744 280
19744 28
19744 110
19744 146
19744 170
19744 179
19744 260
19744 273
19744 282
19744 283
19744 6
19744 60
19744 95
19744 129
19744 136
19744 193
19744 248
19744 254
19744 276
19744 287
19744 3
19744 4
19744 9
19744 18
19744 23
19744 77
19744 98
19744 101
19744 274
19744 295
19744 5
19744 55
19744 117
19744 118
19744 148
19744 167
19744 184
19744 222
19744 233
19744 257
19744 35
19744 104
19744 139
19744 187
19744 253
19744 255
19744 284
19744 289
19744 75
19744 96
19744 141
19744 159
19744 163
19744 173
19744 227
19744 228
19744 236
19744 30
19744 36
19744 40
19744 69
19744 112
19744 130
19744 131
19744 162
19744 252
19744 88
19744 100
19744 198
19744 206
19744 221
19744 261
19744 288
19744 292
19744 12
19744 53
19744 83
19744 89
19744 115
19744 122
19744 134
19744 189
19744 217
19744 20
19744 50
19744 128
19744 169
19744 176
19744 277
19744 279
19744 291
19744 294
19744 19
19744 25
19744 29
19744 66
19744 87
19744 90
19744 235
19744 247
19744 286
19744 0
19744 16
19744 70
19744 74
19744 140
19744 164
19744 191
19744 199
19744 204
19744 232
19744 2
19744 62
19744 71
19744 72
19744 132
19744 143
19744 211
19744 224
19744 21
19744 43
19744 63
19744 126
19744 144
19744 160
19744 172
19744 203
19744 215
19744 251
19687 17
19687 54
19687 56
19687 74
19687 6
19687 10
19687 18
19687 38
19687 45
19687 50
19687 64
19687 0
19687 8
19687 24
19687 43
19687 47
19687 51
19687 67
19687 69
19687 70
19687 4
19687 31
19687 32
19687 44
19687 48
19687 49
19687 60
19687 80
19687 7
19687 12
19687 15
19687 23
19687 33
19687 40
19687 42
19687 75
19687 79
19687 3
19687 19
19687 27
19687 55
19687 57
19687 58
19687 76
19687 5
19687 16
19687 28
19687 30
19687 52
19687 53
19687 59
19687 77
19687 2
19687 9
19687 14
19687 29
19687 37
19687 46
19687 71
19687 72
19687 11
19687 26
19687 35
19687 61
19687 63
19687 65
19687 78
19712 24
19712 127
19712 140
19712 157
19712 179
19712 212
19712 262
19712 312
19712 384
19712 417
19682 11
19682 67
19682 90
19682 102
19682 103
19682 121
19682 149
19682 208
19682 238
19682 249
19682 0
19682 22
19682 27
19682 161
19682 168
19682 177
19682 209
19682 211
19682 228
19682 261
19682 28
19682 40
19682 71
19682 73
19682 85
19682 91
19682 122
19682 189
19682 227
19682 247
19682 16
19682 19
19682 37
19682 62
19682 83
19682 129
19682 194
19682 250
19682 260
19682 262
19682 4
19682 26
19682 72
19682 147
19682 191
19682 197
19682 230
19682 252
19682 255
19682 256
19682 9
19682 104
19682 107
19682 114
19682 115
19682 120
19682 210
19682 243
19682 257
19682 24
19682 39
19682 93
19682 94
19682 101
19682 126
19682 138
19682 142
19682 183
19682 220
19682 10
19682 32
19682 41
19682 118
19682 156
19682 162
19682 170
19682 214
19682 251
19682 96
19682 112
19682 117
19682 131
19682 174
19682 175
19682 192
19682 205
19682 212
19682 218
19682 2
19682 13
19682 172
19682 198
19682 229
19682 245
19682 258
19682 259
19682 264
19682 31
19682 111
19682 140
19682 143
19682 171
19682 200
19682 221
19682 231
19682 6
19682 15
19682 36
19682 60
19682 65
19682 105
19682 176
19682 178
19682 216
19682 236
19682 25
19682 29
19682 50
19682 57
19682 77
19682 153
19682 165
19682 213
19682 219
19682 241
19682 17
19682 43
19682 48
19682 84
19682 113
19682 146
19682 204
19682 222
19682 226
19682 240
19682 34
19682 35
19682 45
19682 64
19682 80
19682 132
19682 164
19682 187
19682 199
19682 58
19682 75
19682 144
19682 181
19682 182
19682 186
19682 239
19682 242
19682 244
19682 18
19682 44
19682 81
19682 137
19682 152
19682 157
19682 160
19682 225
19682 233
19682 1
19682 47
19682 74
19682 82
19682 92
19682 145
19682 184
19682 206
19682 232
19682 21
19682 30
19682 119
19682 123
19682 125
19682 134
19682 148
19682 155
19682 190
19682 76
19682 116
19682 124
19682 154
19682 158
19682 159
19682 193
19682 196
19682 203
19682 68
19682 70
19682 127
19682 151
19682 173
19682 235
19682 237
19682 246
19682 253
19682 254
19682 23
19682 55
19682 169
19682 224
19682 263
19682 265
19682 8
19682 14
19682 38
19682 56
19682 63
19682 86
19682 108
19682 130
19682 136
19682 167
19682 33
19682 42
19682 51
19682 66
19682 98
19682 133
19682 166
19682 188
19682 207
19682 248
19682 49
19682 52
19682 79
19682 88
19682 100
19682 110
19682 179
19682 195
19682 201
19682 223
19682 7
19682 54
19682 89
19682 97
19682 106
19682 139
19682 150
19682 163
19682 180
19682 202
19682 5
19682 59
19682 61
19682 69
19682 95
19682 128
19682 141
19682 215
19682 217
19682 234
19664 79
19664 82
19664 132
19664 143
19664 151
19664 162
19713 130
19713 156
19713 194
19713 226
19713 245
19713 273
19713 300
19713 320
19713 340
19713 414
19713 9
19713 15
19713 23
19713 25
19713 34
19713 60
19713 98
19713 102
19713 119
19713 120
19713 153
19713 208
19713 238
19713 279
19713 289
19713 364
19713 376
19713 379
19713 396
19713 434
19713 169
19713 188
19713 258
19713 281
19713 286
19713 328
19713 388
19713 392
19713 408
19713 425
19713 135
19713 178
19713 196
19713 205
19713 290
19713 327
19713 345
19713 428
19713 435
19713 10
19713 22
19713 24
19713 47
19713 59
19713 68
19713 77
19713 80
19713 88
19713 124
19713 133
19713 161
19713 198
19713 269
19713 318
19713 375
19713 385
19713 399
19713 7
19713 31
19713 38
19713 56
19713 57
19713 66
19713 69
19713 70
19713 78
19713 97
19713 202
19713 210
19713 233
19713 249
19713 312
19713 322
19713 349
19713 354
19713 413
19713 27
19713 40
19713 53
19713 55
19713 72
19713 85
19713 86
19713 87
19713 91
19713 92
19713 3
19713 11
19713 12
19713 14
19713 30
19713 32
19713 33
19713 36
19713 101
19713 113
19713 176
19713 190
19713 240
19713 248
19713 253
19713 264
19713 282
19713 330
19713 419
19713 132
19713 197
19713 325
19713 332
19713 346
19713 363
19713 382
19713 417
19713 151
19713 173
19713 175
19713 203
19713 244
19713 291
19713 304
19713 418
19713 424
19713 170
19713 211
19713 259
19713 321
19713 333
19713 373
19713 386
19713 389
19713 394
19713 415
19713 131
19713 149
19713 181
19713 189
19713 218
19713 246
19713 266
19713 267
19713 278
19713 398
19713 187
19713 261
19713 283
19713 287
19713 407
19713 420
19713 442
19713 443
19713 446
19713 168
19713 224
19713 243
19713 250
19713 271
19713 284
19713 302
19713 350
19713 401
19713 409
19713 128
19713 140
19713 184
19713 222
19713 305
19713 323
19713 387
19713 390
19713 416
19713 216
19713 262
19713 272
19713 276
19713 311
19713 335
19713 337
19713 361
19713 395
19713 439
19713 134
19713 192
19713 193
19713 212
19713 214
19713 292
19713 366
19713 378
19713 405
19713 422
19713 142
19713 145
19713 148
19713 183
19713 256
19713 299
19713 336
19713 344
19713 369
19713 16
19713 26
19713 39
19713 46
19713 48
19713 49
19713 61
19713 73
19713 96
19713 111
19713 129
19713 139
19713 150
19713 217
19713 247
19713 294
19713 309
19713 351
19713 381
19713 384
19713 5
19713 8
19713 13
19713 42
19713 43
19713 52
19713 84
19713 94
19713 105
19713 117
19713 4
19713 37
19713 64
19713 75
19713 81
19713 99
19713 100
19713 123
19713 126
19713 147
19713 158
19713 162
19713 232
19713 265
19713 317
19713 334
19713 341
19713 353
19713 374
19713 167
19713 171
19713 185
19713 200
19713 209
19713 228
19713 285
19713 306
19713 329
19713 347
19713 146
19713 166
19713 227
19713 234
19713 242
19713 310
19713 316
19713 406
19713 430
19713 207
19713 219
19713 237
19713 268
19713 277
19713 372
19713 383
19713 397
19713 403
19713 136
19713 164
19713 174
19713 204
19713 293
19713 423
19713 436
19713 440
19713 444
19713 445
19713 137
19713 141
19713 160
19713 165
19713 223
19713 225
19713 275
19713 357
19713 365
19713 368
19713 229
19713 239
19713 280
19713 297
19713 326
19713 356
19713 391
19713 400
19713 402
19713 404
19713 172
19713 186
19713 195
19713 215
19713 235
19713 298
19713 307
19713 308
19713 324
19713 429
19713 0
19713 1
19713 6
19713 17
19713 20
19713 50
19713 58
19713 103
19713 108
19713 116
19713 144
19713 230
19713 236
19713 257
19713 339
19713 352
19713 371
19713 411
19713 421
19713 21
19713 28
19713 63
19713 82
19713 95
19713 106
19713 107
19713 114
19713 118
19713 18
19713 19
19713 41
19713 44
19713 62
19713 74
19713 76
19713 93
19713 110
19713 115
19713 157
19713 182
19713 263
19713 274
19713 295
19713 296
19713 319
19713 348
19713 370
19713 437
19713 138
19713 154
19713 155
19713 180
19713 199
19713 314
19713 331
19713 393
19713 410
19713 431
19713 29
19713 45
19713 51
19713 65
19713 79
19713 90
19713 104
19713 109
19713 122
19713 127
19713 201
19713 213
19713 220
19713 241
19713 255
19713 260
19713 338
19713 412
19713 438
19713 143
19713 152
19713 159
19713 163
19713 179
19713 191
19713 270
19713 303
19713 380
19713 2
19713 35
19713 54
19713 67
19713 71
19713 83
19713 89
19713 112
19713 125
19716 86
19716 91
19716 145
19716 181
19716 189
19716 191
19716 278
19716 398
19716 414
19716 558
19716 133
19716 158
19716 163
19716 205
19716 220
19716 237
19716 264
19716 340
19716 417
19716 442
19716 70
19716 175
19716 177
19716 211
19716 228
19716 307
19716 344
19716 362
19716 486
19716 58
19716 147
19716 167
19716 179
19716 226
19716 243
19716 277
19716 311
19716 354
19716 537
19716 2
19716 6
19716 22
19716 23
19716 29
19716 31
19716 36
19716 39
19716 46
19716 52
19716 69
19716 113
19716 195
19716 230
19716 269
19716 293
19716 309
19716 335
19716 410
19716 434
19716 169
19716 201
19716 213
19716 302
19716 342
19716 367
19716 444
19716 472
19716 524
19716 538
19716 96
19716 116
19716 132
19716 135
19716 212
19716 397
19716 413
19716 473
19716 516
19716 84
19716 106
19716 184
19716 196
19716 272
19716 308
19716 329
19716 502
19716 514
19716 515
19716 82
19716 85
19716 93
19716 112
19716 176
19716 229
19716 384
19716 409
19716 438
19716 478
19716 105
19716 187
19716 206
19716 286
19716 294
19716 314
19716 400
19716 439
19716 457
19716 508
19716 63
19716 108
19716 136
19716 165
19716 168
19716 223
19716 319
19716 416
19716 488
19716 490
19716 64
19716 154
19716 235
19716 347
19716 380
19716 381
19716 392
19716 475
19716 494
19716 539
19716 97
19716 124
19716 296
19716 361
19716 460
19716 485
19716 492
19716 546
19716 547
19716 202
19716 225
19716 234
19716 238
19716 391
19716 499
19716 543
19716 560
19716 563
19716 73
19716 279
19716 323
19716 429
19716 435
19716 523
19716 526
19716 564
19716 568
19716 572
19716 75
19716 188
19716 261
19716 295
19716 303
19716 320
19716 351
19716 406
19716 421
19716 511
19716 76
19716 218
19716 236
19716 326
19716 350
19716 376
19716 393
19716 430
19716 571
19716 3
19716 4
19716 8
19716 14
19716 15
19716 18
19716 24
19716 28
19716 42
19716 49
19716 120
19716 148
19716 222
19716 317
19716 353
19716 448
19716 452
19716 455
19716 551
19716 556
19716 128
19716 164
19716 173
19716 210
19716 244
19716 246
19716 379
19716 432
19716 467
19716 477
19716 62
19716 138
19716 265
19716 270
19716 288
19716 357
19716 394
19716 471
19716 487
19716 498
19716 126
19716 268
19716 281
19716 396
19716 423
19716 480
19716 489
19716 500
19716 559
19716 61
19716 130
19716 166
19716 232
19716 256
19716 316
19716 336
19716 358
19716 462
19716 483
19716 66
19716 89
19716 100
19716 157
19716 192
19716 249
19716 346
19716 395
19716 407
19716 451
19716 59
19716 150
19716 254
19716 328
19716 338
19716 368
19716 405
19716 422
19716 425
19716 534
19716 88
19716 156
19716 216
19716 283
19716 403
19716 404
19716 458
19716 469
19716 495
19716 92
19716 101
19716 109
19716 152
19716 160
19716 172
19716 207
19716 378
19716 412
19716 529
19716 104
19716 114
19716 369
19716 374
19716 465
19716 470
19716 505
19716 552
19716 557
19716 566
19716 123
19716 146
19716 171
19716 178
19716 183
19716 287
19716 318
19716 441
19716 476
19716 118
19716 137
19716 144
19716 170
19716 208
19716 331
19716 355
19716 420
19716 453
19716 517
19716 182
19716 224
19716 251
19716 255
19716 263
19716 343
19716 428
19716 450
19716 482
19716 506
19716 71
19716 95
19716 140
19716 245
19716 247
19716 325
19716 427
19716 433
19716 468
19716 117
19716 159
19716 186
19716 217
19716 219
19716 280
19716 387
19716 519
19716 533
19716 540
19716 193
19716 290
19716 313
19716 445
19716 454
19716 527
19716 555
19716 562
19716 0
19716 17
19716 25
19716 26
19716 35
19716 40
19716 51
19716 56
19716 83
19716 111
19716 134
19716 149
19716 267
19716 274
19716 284
19716 521
19716 545
19716 570
19716 231
19716 289
19716 330
19716 372
19716 424
19716 446
19716 464
19716 466
19716 518
19716 9
19716 10
19716 16
19716 21
19716 32
19716 38
19716 45
19716 48
19716 53
19716 54
19716 1
19716 5
19716 7
19716 11
19716 27
19716 33
19716 37
19716 44
19716 50
19716 57
19716 90
19716 103
19716 121
19716 215
19716 266
19716 339
19716 341
19716 375
19716 481
19716 549
19716 68
19716 139
19716 174
19716 198
19716 209
19716 239
19716 312
19716 322
19716 399
19716 504
19716 143
19716 203
19716 204
19716 248
19716 298
19716 363
19716 415
19716 463
19716 491
19716 507
19716 98
19716 115
19716 200
19716 227
19716 273
19716 276
19716 401
19716 426
19716 479
19716 503
19716 129
19716 253
19716 275
19716 306
19716 315
19716 402
19716 459
19716 484
19716 496
19716 512
19716 180
19716 300
19716 333
19716 359
19716 390
19716 447
19716 493
19716 513
19716 528
19716 541
19716 141
19716 262
19716 345
19716 386
19716 565
19716 567
19716 569
19716 65
19716 119
19716 190
19716 299
19716 310
19716 365
19716 382
19716 548
19716 550
19716 197
19716 214
19716 260
19716 285
19716 297
19716 337
19716 348
19716 352
19716 364
19716 449
19716 142
19716 259
19716 334
19716 383
19716 388
19716 418
19716 461
19716 530
19716 531
19716 532
19716 78
19716 79
19716 110
19716 162
19716 304
19716 370
19716 408
19716 497
19716 525
19716 12
19716 13
19716 19
19716 20
19716 34
19716 41
19716 43
19716 47
19716 55
19716 74
19716 87
19716 161
19716 240
19716 324
19716 436
19716 443
19716 474
19716 501
19716 509
19716 81
19716 94
19716 99
19716 153
19716 241
19716 301
19716 321
19716 431
19716 437
19716 520
19716 107
19716 252
19716 305
19716 356
19716 366
19716 419
19716 510
19716 544
19716 554
19716 561
19716 60
19716 125
19716 151
19716 155
19716 194
19716 242
19716 258
19716 271
19716 373
19716 411
19716 80
19716 199
19716 291
19716 327
19716 385
19716 389
19716 440
19716 522
19716 535
19750 7
19750 31
19750 33
19750 34
19750 40
19750 43
19750 53
19750 75
19750 84
19750 93
19750 3
19750 9
19750 12
19750 38
19750 47
19750 52
19750 67
19750 105
19750 111
19750 4
19750 5
19750 14
19750 46
19750 76
19750 77
19750 83
19750 104
19750 115
19750 21
19750 24
19750 27
19750 35
19750 39
19750 45
19750 61
19750 68
19750 106
19750 113
19750 15
19750 20
19750 25
19750 57
19750 60
19750 62
19750 78
19750 79
19750 103
19750 117
19750 6
19750 23
19750 30
19750 71
19750 74
19750 96
19750 120
19750 2
19750 59
19750 64
19750 85
19750 94
19750 101
19750 0
19750 13
19750 26
19750 50
19750 66
19750 73
19750 92
19750 102
19750 114
19750 116
19750 1
19750 8
19750 54
19750 86
19750 89
19750 90
19750 99
19750 109
19750 41
19750 44
19750 48
19750 58
19750 82
19750 88
19750 97
19750 98
19750 112
19750 119
19750 10
19750 16
19750 17
19750 19
19750 22
19750 56
19750 70
19750 81
19750 100
19750 108
19750 18
19750 29
19750 32
19750 36
19750 49
19750 51
19750 63
19750 80
19750 91
19750 11
19750 28
19750 37
19750 42
19750 55
19750 69
19750 72
19750 107
19750 110
19750 118
19664 78
19664 84
19664 89
19664 164
19664 171
19664 148
19664 170
19664 172
19664 173
19664 183
19664 185
19664 85
19664 93
19664 96
19664 99
19664 121
19664 145
19664 150
19664 169
19664 73
19664 81
19664 88
19664 101
19664 160
19664 66
19664 70
19664 74
19664 139
19664 153
19664 159
19664 72
19664 108
19664 122
19664 140
19664 166
19664 168
19664 178
19664 68
19664 131
19664 142
19664 167
19664 76
19664 98
19664 103
19664 129
19664 138
19664 61
19664 90
19664 137
19664 141
19664 179
19664 182
19664 77
19664 87
19664 118
19664 155
19664 176
19664 69
19664 80
19664 94
19664 113
19664 128
19664 134
19664 158
19664 104
19664 112
19664 124
19664 156
19664 161
19664 163
19664 59
19664 75
19664 105
19664 106
19664 111
19664 123
19664 126
19664 157
19664 91
19664 100
19664 110
19664 115
19664 119
19664 125
19664 149
19664 154
19664 177
19664 64
19664 107
19664 116
19664 117
19664 120
19664 147
19664 152
19664 175
19664 67
19664 130
19664 165
19664 174
19664 180
19664 181
19664 65
19664 71
19664 86
19664 92
19664 102
19664 109
19664 133
19664 63
19664 95
19664 114
19664 127
19664 135
19664 136
19664 144
19664 146
19748 22
19748 25
19748 35
19748 46
19748 54
19748 66
19748 94
19748 112
19748 164
19748 199
19668 61
19668 62
19668 63
19668 70
19668 86
19668 88
19668 116
19668 117
19668 119
19668 141
19668 184
19668 210
19668 250
19668 262
19668 304
19668 315
19668 320
19668 365
19668 371
19668 4
19668 12
19668 68
19668 72
19668 83
19668 89
19668 96
19668 120
19668 123
19668 162
19668 163
19668 173
19668 181
19668 191
19668 247
19668 284
19668 293
19668 330
19668 346
19668 280
19668 291
19668 296
19668 311
19668 324
19668 332
19668 349
19668 363
19668 366
19668 372
19668 30
19668 31
19668 47
19668 106
19668 115
19668 138
19668 151
19668 157
19668 3
19668 24
19668 65
19668 79
19668 81
19668 82
19668 103
19668 139
19668 159
19668 10
19668 14
19668 21
19668 49
19668 56
19668 78
19668 132
19668 133
19668 152
19668 153
19668 7
19668 17
19668 18
19668 25
19668 28
19668 34
19668 50
19668 75
19668 104
19668 155
19668 48
19668 57
19668 74
19668 125
19668 137
19668 146
19668 148
19668 167
19668 179
19668 208
19668 221
19668 229
19668 254
19668 258
19668 260
19668 300
19668 333
19668 211
19668 212
19668 220
19668 222
19668 277
19668 282
19668 343
19668 369
19668 376
19668 383
19668 249
19668 257
19668 178
19668 187
19668 205
19668 225
19668 241
19668 312
19668 323
19668 334
19668 351
19668 362
19668 239
19668 290
19668 350
19668 368
19668 387
19668 388
19668 389
19668 390
19668 392
19668 1
19668 23
19668 54
19668 94
19668 110
19668 124
19668 128
19668 130
19668 150
19668 185
19668 196
19668 198
19668 209
19668 227
19668 233
19668 234
19668 336
19668 337
19668 353
19668 169
19668 177
19668 182
19668 195
19668 217
19668 240
19668 243
19668 276
19668 322
19668 348
19668 0
19668 6
19668 22
19668 33
19668 87
19668 111
19668 113
19668 118
19668 142
19668 9
19668 13
19668 51
19668 55
19668 73
19668 85
19668 105
19668 121
19668 129
19668 170
19668 223
19668 256
19668 265
19668 273
19668 281
19668 292
19668 301
19668 317
19668 321
19668 164
19668 180
19668 203
19668 244
19668 283
19668 286
19668 287
19668 328
19668 352
19668 374
19668 236
19668 272
19668 298
19668 303
19668 310
19668 325
19668 341
19668 356
19668 385
19668 391
19668 216
19668 266
19668 297
19668 305
19668 307
19668 329
19668 342
19668 380
19668 381
19668 384
19668 192
19668 251
19668 261
19668 279
19668 285
19668 314
19668 340
19668 364
19668 379
19668 386
19668 45
19668 59
19668 66
19668 114
19668 131
19668 134
19668 144
19668 149
19668 27
19668 92
19668 93
19668 99
19668 100
19668 102
19668 109
19668 112
19668 127
19668 147
19668 224
19668 232
19668 235
19668 238
19668 299
19668 309
19668 316
19668 326
19668 344
19668 165
19668 171
19668 176
19668 199
19668 204
19668 226
19668 237
19668 308
19668 335
19668 361
19668 168
19668 200
19668 294
19668 318
19668 327
19668 360
19668 367
19668 375
19668 174
19668 175
19668 202
19668 252
19668 253
19668 288
19668 338
19668 345
19668 359
19668 373
19668 20
19668 36
19668 38
19668 58
19668 84
19668 95
19668 97
19668 140
19668 156
19668 160
19668 189
19668 201
19668 230
19668 246
19668 268
19668 313
19668 339
19668 377
19668 382
19668 2
19668 15
19668 52
19668 60
19668 69
19668 90
19668 107
19668 135
19668 158
19668 161
19668 183
19668 193
19668 194
19668 207
19668 213
19668 231
19668 245
19668 259
19668 264
19668 357
19668 5
19668 19
19668 26
19668 32
19668 40
19668 42
19668 71
19668 77
19668 143
19668 11
19668 16
19668 29
19668 37
19668 44
19668 67
19668 80
19668 91
19668 98
19668 136
19668 188
19668 219
19668 263
19668 269
19668 271
19668 274
19668 306
19668 347
19668 355
19668 358
19668 41
19668 53
19668 64
19668 101
19668 122
19668 145
19668 154
19668 172
19668 186
19668 248
19668 255
19668 270
19668 275
19668 289
19668 319
19668 331
19668 354
19668 166
19668 190
19668 197
19668 206
19668 214
19668 218
19668 228
19668 267
19668 295
19668 370
19692 18
19692 193
19692 224
19692 279
19692 311
19692 327
19692 523
19692 0
19692 171
19692 228
19692 247
19692 300
19692 473
19692 14
19692 154
19692 186
19692 278
19692 337
19692 362
19692 415
19692 453
19692 493
19692 177
19692 234
19692 280
19692 451
19692 463
19692 468
19692 542
19692 32
19692 157
19692 179
19692 218
19692 350
19692 396
19692 417
19692 30
19692 187
19692 217
19692 257
19692 260
19692 291
19692 426
19692 486
19692 499
19692 508
19692 164
19692 189
19692 281
19692 293
19692 296
19692 328
19692 342
19692 483
19692 203
19692 204
19692 285
19692 290
19692 391
19692 456
19692 519
19692 175
19692 270
19692 286
19692 345
19692 358
19692 385
19692 429
19692 431
19692 8
19692 251
19692 268
19692 308
19692 479
19692 487
19692 491
19692 522
19692 532
19692 29
19692 222
19692 233
19692 273
19692 331
19692 409
19692 419
19692 521
19692 530
19692 149
19692 178
19692 199
19692 265
19692 322
19692 326
19692 413
19692 469
19692 484
19692 504
19692 155
19692 184
19692 185
19692 198
19692 294
19692 332
19692 347
19692 390
19692 407
19692 28
19692 162
19692 182
19692 245
19692 298
19692 363
19692 376
19692 384
19692 387
19692 422
19692 165
19692 207
19692 242
19692 313
19692 320
19692 353
19692 372
19692 462
19692 465
19692 495
19692 23
19692 168
19692 195
19692 263
19692 330
19692 334
19692 370
19692 2
19692 254
19692 343
19692 360
19692 436
19692 472
19692 503
19692 33
19692 213
19692 230
19692 236
19692 238
19692 252
19692 421
19692 528
19692 535
19692 158
19692 272
19692 314
19692 339
19692 364
19692 380
19692 490
19692 518
19692 191
19692 223
19692 226
19692 352
19692 361
19692 477
19692 506
19692 539
19692 1
19692 10
19692 253
19692 284
19692 315
19692 346
19692 359
19692 392
19692 432
19692 9
19692 20
19692 274
19692 336
19692 351
19692 373
19692 386
19692 424
19692 494
19692 36
19692 221
19692 275
19692 310
19692 355
19692 381
19692 514
19692 147
19692 156
19692 375
19692 410
19692 435
19692 464
19692 475
19692 19
19692 174
19692 176
19692 348
19692 430
19692 533
19692 543
19692 225
19692 256
19692 258
19692 411
19692 418
19692 450
19692 480
19692 35
19692 277
19692 319
19692 467
19692 488
19692 501
19692 537
19692 541
19692 17
19692 214
19692 244
19692 276
19692 335
19692 366
19692 471
19692 31
19692 259
19692 365
19692 383
19692 460
19692 12
19692 27
19692 237
19692 255
19692 338
19692 369
19692 399
19692 448
19692 34
19692 153
19692 163
19692 190
19692 220
19692 306
19692 6
19692 246
19692 356
19692 394
19692 416
19692 510
19692 536
19692 161
19692 201
19692 243
19692 377
19692 414
19692 423
19692 509
19692 170
19692 229
19692 249
19692 398
19692 406
19692 428
19692 452
19692 534
19692 544
19692 197
19692 262
19692 389
19692 449
19692 196
19692 231
19692 299
19692 312
19692 344
19692 367
19692 371
19692 434
19692 200
19692 209
19692 248
19692 316
19692 397
19692 402
19692 531
19692 22
19692 307
19692 395
19692 497
19692 152
19692 167
19692 180
19692 215
19692 219
19692 292
19692 323
19692 502
19692 11
19692 15
19692 250
19692 324
19692 340
19692 498
19692 505
19692 148
19692 172
19692 433
19692 437
19692 447
19692 457
19692 481
19692 288
19692 454
19692 485
19692 513
19692 515
19692 524
19692 525
19692 349
19692 517
19692 526
19692 529
19692 538
19692 545
19692 192
19692 205
19692 235
19692 264
19692 341
19692 382
19692 166
19692 183
19692 188
19692 240
19692 267
19692 461
19692 476
19692 492
19692 26
19692 210
19692 302
19692 304
19692 318
19692 333
19692 470
19692 474
19692 24
19692 169
19692 206
19692 208
19692 239
19692 309
19692 405
19692 507
19692 194
19692 301
19692 404
19692 412
19692 466
19692 482
19692 511
19692 527
19692 317
19692 388
19692 420
19692 427
19692 478
19692 516
19692 520
19692 202
19692 212
19692 283
19692 289
19692 325
19692 368
19692 408
19692 13
19692 37
19692 297
19692 496
19692 211
19692 216
19692 303
19692 425
19692 540
19692 546
19692 232
19692 271
19692 357
19692 173
19692 261
19692 305
19692 378
19692 455
19669 110
19669 133
19669 134
19669 137
19669 156
19669 198
19669 206
19669 209
19669 255
19669 259
19669 95
19669 99
19669 104
19669 158
19669 159
19669 196
19669 205
19669 228
19669 230
19669 265
19669 2
19669 3
19669 12
19669 23
19669 37
19669 38
19669 46
19669 47
19669 48
19669 67
19669 101
19669 103
19669 105
19669 109
19669 138
19669 139
19669 163
19669 179
19669 200
19669 225
19669 93
19669 121
19669 130
19669 173
19669 188
19669 189
19669 210
19669 260
19669 270
19669 271
19669 107
19669 172
19669 192
19669 221
19669 227
19669 247
19669 268
19669 277
19669 290
19669 293
19669 112
19669 129
19669 141
19669 190
19669 249
19669 272
19669 128
19669 177
19669 185
19669 186
19669 191
19669 197
19669 218
19669 223
19669 289
19669 292
19669 90
19669 146
19669 171
19669 176
19669 234
19669 274
19669 281
19669 287
19669 91
19669 98
19669 120
19669 123
19669 174
19669 187
19669 214
19669 229
19669 246
19669 263
19669 87
19669 106
19669 115
19669 143
19669 161
19669 162
19669 167
19669 211
19669 217
19669 232
19669 0
19669 7
19669 13
19669 14
19669 16
19669 26
19669 36
19669 64
19669 70
19669 82
19669 117
19669 126
19669 135
19669 148
19669 151
19669 170
19669 183
19669 204
19669 226
19669 237
19669 100
19669 132
19669 164
19669 168
19669 182
19669 184
19669 212
19669 222
19669 224
19669 242
19669 118
19669 119
19669 125
19669 201
19669 213
19669 241
19669 248
19669 254
19669 273
19669 276
19669 89
19669 92
19669 154
19669 208
19669 238
19669 239
19669 275
19669 279
19669 286
19669 96
19669 97
19669 131
19669 160
19669 178
19669 216
19669 220
19669 252
19669 282
19669 285
19669 4
19669 18
19669 19
19669 54
19669 61
19669 71
19669 77
19669 78
19669 1
19669 10
19669 21
19669 32
19669 43
19669 45
19669 53
19669 56
19669 63
19669 68
19669 11
19669 24
19669 25
19669 40
19669 44
19669 51
19669 52
19669 58
19669 73
19669 86
19669 102
19669 194
19669 202
19669 266
19669 267
19669 278
19669 283
19669 8
19669 17
19669 22
19669 34
19669 41
19669 42
19669 50
19669 69
19669 84
19669 144
19669 149
19669 157
19669 165
19669 166
19669 175
19669 199
19669 203
19669 245
19669 258
19669 111
19669 114
19669 124
19669 150
19669 152
19669 219
19669 251
19669 288
19669 295
19669 108
19669 113
19669 116
19669 122
19669 136
19669 140
19669 142
19669 147
19669 153
19669 207
19669 88
19669 155
19669 181
19669 193
19669 243
19669 244
19669 256
19669 284
19669 291
19669 28
19669 35
19669 57
19669 62
19669 66
19669 75
19669 83
19669 169
19669 231
19669 235
19669 236
19669 240
19669 250
19669 253
19669 261
19669 280
19669 9
19669 15
19669 27
19669 31
19669 33
19669 59
19669 65
19669 74
19669 81
19669 85
19669 94
19669 127
19669 180
19669 195
19669 215
19669 233
19669 257
19669 262
19669 294
19669 296
19724 10
19724 24
19724 48
19724 90
19724 98
19724 225
19724 227
19724 238
19724 327
19724 399
19751 34
19751 102
19751 165
19751 181
19751 235
19751 241
19751 264
19751 292
19751 414
19751 27
19751 28
19751 86
19751 158
19751 171
19751 202
19751 244
19751 288
19751 379
19751 385
19751 92
19751 109
19751 124
19751 147
19751 155
19751 213
19751 252
19751 335
19751 420
19751 36
19751 148
19751 167
19751 172
19751 180
19751 228
19751 253
19751 279
19751 341
19751 394
19751 33
19751 73
19751 127
19751 233
19751 281
19751 310
19751 357
19751 410
19751 433
19751 24
19751 125
19751 194
19751 251
19751 296
19751 337
19751 340
19751 343
19751 403
19751 423
19751 72
19751 88
19751 93
19751 203
19751 247
19751 273
19751 297
19751 307
19751 321
19751 328
19751 13
19751 39
19751 120
19751 131
19751 185
19751 187
19751 299
19751 397
19751 407
19751 5
19751 16
19751 30
19751 31
19751 83
19751 152
19751 186
19751 266
19751 347
19751 377
19751 8
19751 46
19751 77
19751 81
19751 96
19751 98
19751 190
19751 322
19751 391
19751 417
19751 6
19751 144
19751 179
19751 189
19751 196
19751 214
19751 238
19751 254
19751 330
19751 386
19751 193
19751 198
19751 267
19751 305
19751 306
19751 325
19751 373
19751 400
19751 424
19751 439
19751 4
19751 26
19751 43
19751 108
19751 122
19751 145
19751 170
19751 217
19751 309
19751 401
19751 0
19751 87
19751 90
19751 302
19751 355
19751 378
19751 411
19751 431
19751 11
19751 52
19751 65
19751 75
19751 85
19751 220
19751 290
19751 316
19751 324
19751 360
19751 32
19751 55
19751 62
19751 97
19751 116
19751 129
19751 153
19751 169
19751 255
19751 399
19751 37
19751 47
19751 48
19751 78
19751 107
19751 142
19751 282
19751 398
19751 421
19751 432
19751 14
19751 25
19751 38
19751 66
19751 166
19751 183
19751 218
19751 240
19751 243
19751 300
19751 136
19751 151
19751 178
19751 199
19751 246
19751 271
19751 291
19751 332
19751 384
19751 392
19751 54
19751 56
19751 115
19751 287
19751 294
19751 303
19751 329
19751 353
19751 418
19751 438
19751 58
19751 138
19751 157
19751 230
19751 265
19751 319
19751 351
19751 371
19751 389
19751 396
19751 1
19751 21
19751 67
19751 80
19751 105
19751 275
19751 314
19751 318
19751 349
19751 359
19751 3
19751 7
19751 110
19751 234
19751 239
19751 272
19751 280
19751 346
19751 361
19751 368
19751 99
19751 100
19751 112
19751 149
19751 212
19751 308
19751 366
19751 372
19751 406
19751 435
19751 41
19751 57
19751 71
19751 76
19751 132
19751 137
19751 139
19751 315
19751 412
19751 434
19751 44
19751 61
19751 164
19751 197
19751 209
19751 248
19751 261
19751 278
19751 395
19751 427
19751 9
19751 63
19751 74
19751 82
19751 89
19751 94
19751 270
19751 376
19751 20
19751 59
19751 135
19751 249
19751 276
19751 289
19751 301
19751 338
19751 354
19751 10
19751 45
19751 119
19751 182
19751 210
19751 277
19751 409
19751 443
19751 42
19751 146
19751 188
19751 207
19751 227
19751 268
19751 323
19751 381
19751 402
19751 413
19751 35
19751 68
19751 70
19751 84
19751 114
19751 128
19751 200
19751 206
19751 215
19751 245
19751 64
19751 103
19751 134
19751 161
19751 236
19751 284
19751 286
19751 345
19751 362
19751 370
19751 168
19751 192
19751 208
19751 232
19751 263
19751 339
19751 365
19751 422
19751 430
19751 441
19751 123
19751 363
19751 383
19751 390
19751 405
19751 416
19751 429
19751 437
19751 18
19751 40
19751 106
19751 163
19751 242
19751 260
19751 313
19751 333
19751 367
19751 118
19751 141
19751 154
19751 224
19751 274
19751 312
19751 327
19751 375
19751 419
19751 425
19751 2
19751 53
19751 95
19751 126
19751 175
19751 231
19751 334
19751 336
19751 342
19751 426
19751 15
19751 22
19751 29
19751 156
19751 173
19751 201
19751 350
19751 356
19751 393
19751 408
19751 12
19751 51
19751 130
19751 150
19751 191
19751 195
19751 221
19751 262
19751 352
19751 404
19751 17
19751 49
19751 160
19751 162
19751 205
19751 229
19751 257
19751 295
19751 380
19751 387
19751 60
19751 69
19751 117
19751 121
19751 259
19751 269
19751 298
19751 320
19751 358
19751 382
19751 19
19751 104
19751 204
19751 211
19751 256
19751 258
19751 283
19751 369
19751 415
19751 444
19751 113
19751 140
19751 304
19751 311
19751 317
19751 348
19751 388
19751 428
19751 440
19751 442
19731 13
19731 16
19731 38
19731 45
19731 48
19731 76
19731 81
19731 97
19731 104
19731 288
19731 7
19731 12
19731 34
19731 63
19731 64
19731 86
19731 157
19731 457
19731 545
19731 95
19731 152
19731 161
19731 165
19731 185
19731 306
19731 335
19731 337
19731 533
19731 543
19731 14
19731 148
19731 195
19731 200
19731 202
19731 247
19731 281
19731 290
19731 374
19731 484
19731 96
19731 127
19731 189
19731 243
19731 339
19731 389
19731 490
19731 529
19731 558
19731 92
19731 122
19731 177
19731 213
19731 320
19731 402
19731 498
19731 502
19731 527
19731 535
19731 112
19731 174
19731 342
19731 421
19731 509
19731 523
19731 153
19731 183
19731 206
19731 334
19731 361
19731 393
19731 407
19731 473
19731 494
19731 513
19731 6
19731 26
19731 28
19731 43
19731 69
19731 94
19731 105
19731 295
19731 536
19731 32
19731 147
19731 280
19731 299
19731 308
19731 323
19731 353
19731 401
19731 446
19731 532
19731 55
19731 210
19731 231
19731 314
19731 349
19731 394
19731 399
19731 453
19731 530
19731 555
19731 1
19731 15
19731 20
19731 31
19731 46
19731 56
19731 62
19731 78
19731 101
19731 118
19731 79
19731 89
19731 98
19731 172
19731 215
19731 313
19731 316
19731 375
19731 460
19731 465
19731 204
19731 212
19731 238
19731 345
19731 396
19731 423
19731 469
19731 556
19731 9
19731 22
19731 139
19731 168
19731 196
19731 237
19731 368
19731 386
19731 450
19731 506
19731 135
19731 158
19731 203
19731 222
19731 390
19731 472
19731 500
19731 554
19731 173
19731 193
19731 234
19731 244
19731 261
19731 305
19731 317
19731 459
19731 537
19731 541
19731 30
19731 155
19731 162
19731 178
19731 209
19731 356
19731 499
19731 514
19731 547
19731 205
19731 248
19731 256
19731 310
19731 347
19731 408
19731 428
19731 462
19731 496
19731 501
19731 180
19731 251
19731 269
19731 315
19731 377
19731 391
19731 429
19731 517
19731 551
19731 25
19731 88
19731 179
19731 273
19731 274
19731 406
19731 438
19731 468
19731 487
19731 507
19731 108
19731 120
19731 230
19731 239
19731 282
19731 286
19731 322
19731 332
19731 340
19731 372
19731 80
19731 82
19731 93
19731 219
19731 292
19731 302
19731 324
19731 369
19731 405
19731 503
19731 132
19731 216
19731 228
19731 252
19731 266
19731 363
19731 380
19731 430
19731 471
19731 483
19731 24
19731 54
19731 129
19731 131
19731 146
19731 336
19731 355
19731 452
19731 458
19731 0
19731 10
19731 21
19731 23
19731 47
19731 49
19731 107
19731 115
19731 116
19731 242
19731 121
19731 271
19731 304
19731 364
19731 378
19731 387
19731 404
19731 542
19731 557
19731 42
19731 126
19731 141
19731 145
19731 225
19731 283
19731 409
19731 442
19731 447
19731 240
19731 255
19731 267
19731 270
19731 343
19731 366
19731 420
19731 444
19731 467
19731 505
19731 83
19731 190
19731 233
19731 291
19731 357
19731 456
19731 488
19731 504
19731 522
19731 550
19731 65
19731 136
19731 169
19731 182
19731 226
19731 250
19731 265
19731 351
19731 373
19731 440
19731 18
19731 33
19731 41
19731 57
19731 70
19731 77
19731 260
19731 297
19731 329
19731 481
19731 160
19731 275
19731 279
19731 298
19731 359
19731 384
19731 424
19731 464
19731 525
19731 546
19731 124
19731 167
19731 170
19731 330
19731 333
19731 379
19731 470
19731 497
19731 515
19731 53
19731 90
19731 91
19731 259
19731 309
19731 338
19731 486
19731 493
19731 526
19731 27
19731 58
19731 85
19731 102
19731 103
19731 111
19731 285
19731 431
19731 133
19731 154
19731 166
19731 253
19731 258
19731 284
19731 358
19731 360
19731 463
19731 3
19731 163
19731 164
19731 227
19731 254
19731 278
19731 346
19731 382
19731 400
19731 539
19731 106
19731 125
19731 214
19731 381
19731 385
19731 491
19731 534
19731 552
19731 2
19731 29
19731 50
19731 72
19731 73
19731 74
19731 75
19731 84
19731 113
19731 114
19731 19
19731 134
19731 149
19731 150
19731 187
19731 301
19731 331
19731 383
19731 455
19731 512
19731 5
19731 59
19731 123
19731 264
19731 277
19731 392
19731 441
19731 445
19731 510
19731 528
19731 198
19731 199
19731 325
19731 370
19731 427
19731 449
19731 489
19731 518
19731 520
19731 67
19731 218
19731 318
19731 327
19731 328
19731 371
19731 422
19731 461
19731 482
19731 524
19731 8
19731 35
19731 37
19731 39
19731 40
19731 60
19731 66
19731 71
19731 100
19731 201
19731 99
19731 142
19731 176
19731 186
19731 188
19731 192
19731 276
19731 376
19731 531
19731 544
19731 143
19731 224
19731 272
19731 321
19731 352
19731 367
19731 448
19731 485
19731 548
19731 11
19731 44
19731 175
19731 207
19731 303
19731 348
19731 511
19731 540
19731 549
19731 52
19731 119
19731 128
19731 208
19731 223
19731 262
19731 312
19731 398
19731 403
19731 454
19731 151
19731 220
19731 246
19731 289
19731 341
19731 362
19731 419
19731 439
19731 480
19731 553
19731 61
19731 68
19731 221
19731 229
19731 263
19731 354
19731 388
19731 443
19731 51
19731 138
19731 181
19731 184
19731 211
19731 232
19731 294
19731 426
19731 508
19731 516
19731 110
19731 137
19731 140
19731 144
19731 296
19731 319
19731 395
19731 466
19731 538
19731 171
19731 241
19731 245
19731 257
19731 287
19731 293
19731 300
19731 326
19731 365
19731 519
19731 4
19731 117
19731 130
19731 159
19731 197
19731 249
19731 311
19731 350
19731 425
19731 495
19731 36
19731 109
19731 194
19731 235
19731 307
19731 397
19731 492
19731 521
19706 90
19706 127
19706 220
19706 77
19706 122
19706 132
19706 174
19706 227
19706 70
19706 118
19706 133
19706 156
19706 168
19706 179
19706 203
19706 230
19706 53
19706 76
19706 101
19706 103
19706 115
19706 145
19706 193
19706 55
19706 96
19706 107
19706 131
19706 148
19706 152
19706 229
19706 64
19706 66
19706 79
19706 85
19706 95
19706 167
19706 170
19706 208
19706 56
19706 82
19706 123
19706 124
19706 139
19706 160
19706 198
19706 120
19706 175
19706 183
19706 189
19706 192
19706 197
19706 75
19706 113
19706 125
19706 126
19706 142
19706 144
19706 149
19706 155
19706 98
19706 151
19706 162
19706 199
19706 201
19706 223
19706 51
19706 60
19706 86
19706 94
19706 97
19706 108
19706 180
19706 207
19706 91
19706 102
19706 141
19706 219
19706 222
19706 224
19706 58
19706 62
19706 69
19706 111
19706 112
19706 130
19706 154
19706 158
19706 71
19706 104
19706 161
19706 176
19706 65
19706 80
19706 84
19706 114
19706 171
19706 187
19706 52
19706 78
19706 106
19706 129
19706 136
19706 153
19706 157
19706 172
19706 173
19706 83
19706 87
19706 93
19706 134
19706 164
19706 178
19706 202
19706 73
19706 81
19706 89
19706 177
19706 182
19706 54
19706 68
19706 128
19706 146
19706 185
19706 225
19706 88
19706 100
19706 143
19706 159
19706 169
19706 200
19706 206
19706 226
19706 63
19706 72
19706 99
19706 117
19706 137
19706 138
19706 140
19706 190
19706 204
19706 50
19706 116
19706 119
19706 147
19706 150
19706 163
19706 166
19706 184
19706 194
19706 49
19706 57
19706 61
19706 74
19706 110
19706 181
19706 196
19706 221
19706 228
19706 67
19706 105
19706 135
19706 165
19706 195
19724 55
19724 92
19724 143
19724 159
19724 160
19724 226
19724 251
19724 304
19724 373
19721 9
19721 57
19721 65
19721 68
19721 76
19721 87
19721 134
19721 135
19721 149
19721 211
19721 23
19721 60
19721 81
19721 97
19721 113
19721 117
19721 131
19721 157
19721 212
19721 237
19721 5
19721 71
19721 80
19721 94
19721 95
19721 132
19721 168
19721 174
19721 216
19721 224
19721 42
19721 50
19721 54
19721 104
19721 118
19721 153
19721 163
19721 228
19721 232
19721 7
19721 10
19721 58
19721 61
19721 100
19721 130
19721 146
19721 155
19721 175
19721 180
19721 12
19721 35
19721 41
19721 82
19721 151
19721 156
19721 192
19721 213
19721 236
19721 240
19721 22
19721 55
19721 123
19721 125
19721 136
19721 182
19721 203
19721 222
19721 36
19721 56
19721 69
19721 91
19721 120
19721 145
19721 206
19721 230
19721 235
19721 31
19721 33
19721 75
19721 110
19721 133
19721 154
19721 171
19721 179
19721 181
19721 210
19721 29
19721 86
19721 89
19721 99
19721 101
19721 169
19721 173
19721 187
19721 242
19721 243
19721 24
19721 40
19721 73
19721 106
19721 137
19721 142
19721 143
19721 191
19721 199
19721 207
19721 16
19721 32
19721 64
19721 66
19721 84
19721 103
19721 152
19721 172
19721 208
19721 215
19721 0
19721 6
19721 18
19721 27
19721 45
19721 46
19721 72
19721 150
19721 188
19721 201
19721 39
19721 44
19721 52
19721 70
19721 85
19721 105
19721 107
19721 111
19721 165
19721 220
19721 28
19721 108
19721 109
19721 119
19721 122
19721 141
19721 147
19721 241
19721 244
19721 247
19721 78
19721 121
19721 129
19721 139
19721 158
19721 189
19721 217
19721 226
19721 231
19721 239
19721 34
19721 77
19721 79
19721 102
19721 115
19721 209
19721 245
19721 246
19721 248
19721 1
19721 3
19721 26
19721 38
19721 53
19721 62
19721 184
19721 218
19721 225
19721 8
19721 112
19721 127
19721 138
19721 159
19721 170
19721 186
19721 194
19721 219
19721 223
19721 4
19721 15
19721 43
19721 93
19721 162
19721 177
19721 193
19721 198
19721 202
19721 227
19721 13
19721 30
19721 48
19721 63
19721 88
19721 144
19721 148
19721 166
19721 178
19721 183
19721 47
19721 67
19721 92
19721 96
19721 140
19721 160
19721 161
19721 190
19721 196
19721 14
19721 20
19721 25
19721 49
19721 59
19721 124
19721 200
19721 229
19721 233
19721 2
19721 11
19721 19
19721 37
19721 128
19721 164
19721 234
19721 21
19721 74
19721 90
19721 114
19721 116
19721 126
19721 176
19721 185
19721 195
19721 205
19709 11
19709 22
19709 25
19709 38
19709 44
19709 54
19709 67
19709 71
19709 73
19709 4
19709 6
19709 9
19709 16
19709 23
19709 30
19709 48
19709 56
19709 63
19709 65
19709 12
19709 29
19709 39
19709 41
19709 49
19709 51
19709 52
19709 57
19709 70
19709 3
19709 7
19709 18
19709 19
19709 24
19709 45
19709 60
19709 62
19709 68
19709 69
19709 8
19709 17
19709 27
19709 32
19709 47
19709 50
19709 64
19709 1
19709 5
19709 10
19709 15
19709 31
19709 36
19709 40
19709 46
19709 55
19709 58
19709 0
19709 13
19709 14
19709 21
19709 26
19709 33
19709 37
19709 43
19709 53
19709 72
19709 2
19709 20
19709 28
19709 34
19709 35
19709 42
19709 59
19709 61
19709 66
19708 14
19708 40
19708 56
19708 100
19708 123
19708 135
19708 174
19708 232
19708 263
19708 53
19708 63
19708 96
19708 158
19708 159
19708 207
19708 264
19708 279
19708 280
19708 309
19708 33
19708 101
19708 120
19708 184
19708 210
19708 286
19708 315
19708 332
19708 58
19708 62
19708 79
19708 84
19708 138
19708 141
19708 161
19708 173
19708 234
19708 21
19708 47
19708 57
19708 165
19708 167
19708 178
19708 233
19708 275
19708 298
19708 304
19708 6
19708 10
19708 86
19708 124
19708 145
19708 182
19708 211
19708 269
19708 318
19708 15
19708 18
19708 24
19708 51
19708 92
19708 107
19708 221
19708 281
19708 296
19708 313
19708 9
19708 22
19708 45
19708 91
19708 106
19708 197
19708 218
19708 222
19708 231
19708 258
19708 49
19708 61
19708 68
19708 83
19708 110
19708 139
19708 169
19708 216
19708 284
19708 310
19708 23
19708 87
19708 109
19708 132
19708 191
19708 239
19708 242
19708 247
19708 292
19708 29
19708 31
19708 44
19708 85
19708 136
19708 153
19708 172
19708 183
19708 195
19708 202
19708 2
19708 35
19708 50
19708 111
19708 150
19708 219
19708 245
19708 295
19708 299
19708 11
19708 75
19708 115
19708 143
19708 189
19708 223
19708 236
19708 287
19708 312
19708 320
19708 1
19708 12
19708 37
19708 78
19708 95
19708 177
19708 188
19708 224
19708 226
19708 228
19708 80
19708 129
19708 144
19708 179
19708 244
19708 253
19708 291
19708 319
19708 335
19708 17
19708 36
19708 69
19708 154
19708 155
19708 187
19708 246
19708 265
19708 285
19708 127
19708 163
19708 166
19708 243
19708 260
19708 290
19708 294
19708 302
19708 20
19708 41
19708 90
19708 93
19708 164
19708 175
19708 206
19708 277
19708 325
19708 333
19708 13
19708 30
19708 81
19708 89
19708 108
19708 149
19708 203
19708 212
19708 261
19708 278
19708 38
19708 42
19708 55
19708 230
19708 250
19708 293
19708 329
19708 338
19708 5
19708 19
19708 39
19708 67
19708 128
19708 209
19708 256
19708 297
19708 303
19708 308
19708 26
19708 76
19708 82
19708 99
19708 133
19708 192
19708 254
19708 306
19708 321
19708 7
19708 25
19708 43
19708 72
19708 118
19708 130
19708 148
19708 180
19708 208
19708 267
19708 32
19708 46
19708 98
19708 119
19708 137
19708 200
19708 241
19708 314
19708 324
19708 326
19708 8
19708 70
19708 102
19708 125
19708 162
19708 196
19708 235
19708 238
19708 240
19708 268
19708 16
19708 65
19708 117
19708 156
19708 190
19708 194
19708 237
19708 259
19708 316
19708 337
19708 28
19708 103
19708 121
19708 199
19708 217
19708 220
19708 248
19708 271
19708 273
19708 4
19708 52
19708 66
19708 77
19708 105
19708 168
19708 185
19708 193
19708 214
19708 249
19708 48
19708 152
19708 198
19708 205
19708 229
19708 283
19708 311
19708 323
19708 328
19708 340
19708 59
19708 74
19708 104
19708 113
19708 126
19708 252
19708 257
19708 262
19708 272
19708 289
19708 0
19708 3
19708 131
19708 147
19708 160
19708 170
19708 225
19708 270
19708 276
19708 282
19708 60
19708 97
19708 122
19708 186
19708 288
19708 336
19708 339
19708 341
19708 71
19708 88
19708 146
19708 176
19708 201
19708 204
19708 213
19708 215
19708 301
19708 327
19708 73
19708 114
19708 116
19708 151
19708 181
19708 251
19708 266
19708 322
19708 331
19718 71
19718 170
19718 175
19718 186
19718 293
19718 316
19718 444
19718 453
19718 462
19718 562
19718 22
19718 37
19718 183
19718 194
19718 258
19718 267
19718 280
19718 350
19718 546
19718 566
19718 25
19718 30
19718 43
19718 47
19718 195
19718 247
19718 418
19718 420
19718 520
19718 533
19718 27
19718 63
19718 110
19718 140
19718 226
19718 368
19718 463
19718 519
19718 530
19718 547
19718 159
19718 163
19718 225
19718 240
19718 338
19718 421
19718 476
19718 539
19718 10
19718 34
19718 55
19718 291
19718 298
19718 318
19718 372
19718 445
19718 495
19718 511
19718 40
19718 52
19718 56
19718 188
19718 210
19718 229
19718 287
19718 394
19718 487
19718 6
19718 32
19718 171
19718 275
19718 314
19718 362
19718 392
19718 443
19718 506
19718 509
19718 7
19718 12
19718 57
19718 223
19718 332
19718 365
19718 395
19718 465
19718 143
19718 204
19718 255
19718 270
19718 429
19718 436
19718 452
19718 1
19718 137
19718 228
19718 250
19718 278
19718 379
19718 402
19718 446
19718 553
19718 36
19718 53
19718 134
19718 205
19718 356
19718 425
19718 480
19718 497
19718 535
19718 18
19718 35
19718 68
19718 131
19718 150
19718 155
19718 174
19718 198
19718 404
19718 409
19718 50
19718 178
19718 234
19718 288
19718 295
19718 306
19718 473
19718 490
19718 510
19718 526
19718 173
19718 322
19718 357
19718 371
19718 387
19718 498
19718 513
19718 172
19718 235
19718 260
19718 321
19718 370
19718 449
19718 472
19718 525
19718 532
19718 548
19718 62
19718 118
19718 142
19718 273
19718 303
19718 327
19718 331
19718 380
19718 516
19718 14
19718 119
19718 123
19718 167
19718 232
19718 263
19718 319
19718 355
19718 408
19718 438
19718 9
19718 111
19718 300
19718 320
19718 346
19718 466
19718 471
19718 500
19718 514
19718 180
19718 182
19718 243
19718 264
19718 334
19718 340
19718 345
19718 397
19718 474
19718 61
19718 383
19718 563
19718 568
19718 3
19718 39
19718 46
19718 54
19718 162
19718 189
19718 248
19718 256
19718 272
19718 343
19718 120
19718 141
19718 161
19718 164
19718 324
19718 388
19718 396
19718 540
19718 565
19718 51
19718 70
19718 154
19718 169
19718 239
19718 259
19718 360
19718 361
19718 427
19718 482
19718 60
19718 206
19718 400
19718 416
19718 431
19718 503
19718 529
19718 549
19718 579
19718 136
19718 144
19718 257
19718 366
19718 413
19718 437
19718 440
19718 461
19718 23
19718 38
19718 191
19718 214
19718 292
19718 310
19718 315
19718 364
19718 456
19718 460
19718 4
19718 64
19718 128
19718 166
19718 276
19718 290
19718 417
19718 422
19718 455
19718 483
19718 8
19718 24
19718 42
19718 113
19718 237
19718 279
19718 297
19718 352
19718 363
19718 0
19718 145
19718 160
19718 181
19718 184
19718 281
19718 393
19718 486
19718 15
19718 31
19718 66
19718 67
19718 69
19718 339
19718 358
19718 451
19718 494
19718 124
19718 200
19718 305
19718 325
19718 411
19718 439
19718 554
19718 564
19718 572
19718 578
19718 2
19718 19
19718 21
19718 108
19718 207
19718 252
19718 286
19718 523
19718 551
19718 216
19718 282
19718 309
19718 377
19718 398
19718 399
19718 401
19718 428
19718 499
19718 29
19718 201
19718 220
19718 285
19718 347
19718 384
19718 385
19718 504
19718 517
19718 17
19718 20
19718 109
19718 127
19718 274
19718 277
19718 389
19718 419
19718 468
19718 561
19718 130
19718 133
19718 227
19718 333
19718 450
19718 488
19718 521
19718 528
19718 538
19718 116
19718 203
19718 238
19718 249
19718 391
19718 433
19718 469
19718 470
19718 541
19718 574
19718 192
19718 359
19718 502
19718 555
19718 557
19718 559
19718 560
19718 573
19718 582
19718 16
19718 49
19718 117
19718 149
19718 211
19718 261
19718 424
19718 432
19718 492
19718 493
19718 26
19718 190
19718 197
19718 269
19718 348
19718 423
19718 426
19718 522
19718 531
19718 65
19718 135
19718 177
19718 262
19718 312
19718 323
19718 351
19718 447
19718 505
19718 11
19718 158
19718 196
19718 208
19718 349
19718 467
19718 524
19718 527
19718 147
19718 148
19718 230
19718 414
19718 441
19718 501
19718 570
19718 575
19718 577
19718 583
19718 41
19718 176
19718 245
19718 294
19718 328
19718 475
19718 484
19718 508
19718 545
19718 550
19718 157
19718 187
19718 221
19718 244
19718 403
19718 406
19718 534
19718 543
19718 115
19718 153
19718 236
19718 241
19718 354
19718 485
19718 512
19718 537
19718 558
19718 139
19718 152
19718 231
19718 266
19718 271
19718 304
19718 341
19718 412
19718 434
19718 112
19718 168
19718 218
19718 246
19718 284
19718 311
19718 329
19718 336
19718 5
19718 58
19718 73
19718 121
19718 126
19718 165
19718 217
19718 373
19718 448
19718 457
19718 28
19718 138
19718 209
19718 299
19718 337
19718 390
19718 405
19718 407
19718 489
19718 122
19718 129
19718 193
19718 233
19718 317
19718 415
19718 435
19718 477
19718 13
19718 33
19718 45
19718 215
19718 242
19718 301
19718 308
19718 382
19718 125
19718 219
19718 330
19718 369
19718 381
19718 410
19718 458
19718 478
19718 479
19718 515
19718 48
19718 202
19718 307
19718 378
19718 430
19718 454
19718 491
19718 44
19718 185
19718 199
19718 213
19718 536
19718 544
19718 556
19718 567
19718 72
19718 132
19718 222
19718 251
19718 265
19718 296
19718 302
19718 442
19718 481
19718 576
19730 4
19730 8
19730 13
19730 14
19730 35
19730 36
19730 52
19730 61
19730 64
19730 0
19730 7
19730 9
19730 11
19730 12
19730 40
19730 49
19730 50
19730 60
19730 66
19730 1
19730 17
19730 26
19730 27
19730 29
19730 30
19730 33
19730 44
19730 45
19730 48
19730 5
19730 20
19730 43
19730 46
19730 59
19730 62
19730 63
19730 67
19730 10
19730 15
19730 18
19730 19
19730 24
19730 31
19730 42
19730 55
19730 58
19730 65
19730 6
19730 16
19730 21
19730 23
19730 28
19730 32
19730 37
19730 38
19730 53
19730 54
19730 2
19730 3
19730 22
19730 25
19730 34
19730 39
19730 41
19730 47
19730 51
19730 57
19708 34
19708 54
19708 64
19708 112
19708 140
19708 142
19708 274
19708 300
19708 317
19708 334
19674 15
19674 40
19674 50
19674 60
19674 71
19674 87
19674 94
19674 96
19703 14
19703 0
19703 12
19703 23
19703 24
19703 7
19703 27
19703 3
19703 25
19703 9
19703 4
19703 8
19703 22
19703 19
19703 1
19703 16
19703 5
19703 17
19703 6
19703 11
19703 20
19703 2
19703 18
19703 21
19703 10
19703 13
19703 15
19703 26
19685 19
19685 20
19685 26
19685 32
19685 41
19685 65
19685 73
19685 92
19685 94
19685 99
19672 5
19672 9
19672 11
19672 13
19672 16
19672 18
19672 22
19672 23
19672 1
19672 4
19672 6
19672 7
19672 10
19672 17
19672 19
19672 20
19672 24
19672 0
19672 2
19672 3
19672 8
19672 12
19672 14
19672 15
19672 21
19725 322
19725 323
19725 325
19725 330
19725 332
19725 336
19725 341
19725 349
19725 352
19725 353
19725 28
19725 33
19725 70
19725 121
19725 172
19725 208
19725 223
19725 240
19725 252
19725 254
19725 0
19725 39
19725 87
19725 106
19725 150
19725 152
19725 154
19725 192
19725 256
19725 282
19725 7
19725 47
19725 109
19725 155
19725 181
19725 184
19725 205
19725 246
19725 247
19725 263
19725 24
19725 31
19725 46
19725 49
19725 63
19725 88
19725 119
19725 200
19725 230
19725 25
19725 32
19725 40
19725 58
19725 79
19725 82
19725 94
19725 196
19725 253
19725 278
19725 36
19725 97
19725 99
19725 164
19725 301
19725 304
19725 309
19725 312
19725 317
19725 11
19725 27
19725 65
19725 100
19725 117
19725 165
19725 214
19725 234
19725 281
19725 4
19725 22
19725 50
19725 67
19725 80
19725 105
19725 125
19725 156
19725 222
19725 270
19725 34
19725 85
19725 118
19725 169
19725 174
19725 178
19725 217
19725 268
19725 290
19725 303
19725 52
19725 96
19725 203
19725 221
19725 249
19725 300
19725 306
19725 315
19725 53
19725 90
19725 102
19725 110
19725 122
19725 127
19725 213
19725 219
19725 227
19725 276
19725 12
19725 21
19725 78
19725 103
19725 115
19725 144
19725 241
19725 257
19725 273
19725 30
19725 111
19725 136
19725 145
19725 146
19725 158
19725 179
19725 191
19725 261
19725 57
19725 75
19725 113
19725 188
19725 189
19725 195
19725 210
19725 238
19725 286
19725 42
19725 43
19725 84
19725 132
19725 190
19725 202
19725 251
19725 262
19725 284
19725 299
19725 69
19725 93
19725 104
19725 114
19725 123
19725 162
19725 250
19725 269
19725 285
19725 314
19725 54
19725 183
19725 185
19725 212
19725 232
19725 236
19725 264
19725 291
19725 318
19725 320
19725 327
19725 328
19725 345
19725 351
19725 319
19725 324
19725 331
19725 333
19725 334
19725 335
19725 337
19725 339
19725 346
19725 350
19725 10
19725 14
19725 95
19725 147
19725 199
19725 206
19725 226
19725 265
19725 297
19725 316
19725 26
19725 126
19725 140
19725 160
19725 167
19725 186
19725 231
19725 237
19725 275
19725 298
19725 16
19725 17
19725 18
19725 37
19725 41
19725 92
19725 107
19725 168
19725 218
19725 235
19725 321
19725 326
19725 329
19725 338
19725 340
19725 342
19725 343
19725 344
19725 347
19725 348
19725 44
19725 124
19725 133
19725 137
19725 197
19725 220
19725 277
19725 283
19725 294
19725 302
19725 77
19725 149
19725 177
19725 182
19725 229
19725 255
19725 271
19725 272
19725 287
19725 288
19725 3
19725 48
19725 51
19725 73
19725 138
19725 170
19725 176
19725 187
19725 245
19725 289
19725 6
19725 60
19725 68
19725 81
19725 98
19725 143
19725 171
19725 215
19725 243
19725 258
19725 13
19725 15
19725 55
19725 59
19725 66
19725 83
19725 157
19725 194
19725 292
19725 310
19725 8
19725 56
19725 76
19725 101
19725 139
19725 142
19725 198
19725 242
19725 248
19725 313
19725 2
19725 35
19725 61
19725 71
19725 91
19725 129
19725 260
19725 296
19725 307
19725 308
19725 9
19725 128
19725 134
19725 153
19725 163
19725 166
19725 225
19725 239
19725 293
19725 311
19725 5
19725 20
19725 38
19725 72
19725 89
19725 112
19725 148
19725 161
19725 228
19725 266
19725 45
19725 86
19725 120
19725 130
19725 131
19725 135
19725 175
19725 204
19725 209
19725 259
19725 19
19725 29
19725 64
19725 74
19725 159
19725 201
19725 211
19725 233
19725 267
19725 305
19673 28
19673 44
19673 46
19673 52
19673 73
19673 88
19673 101
19673 103
19673 104
19673 146
19673 34
19673 75
19673 82
19673 89
19673 109
19673 118
19673 131
19673 140
19673 145
19673 39
19673 54
19673 61
19673 84
19673 114
19673 117
19673 121
19673 132
19673 30
19673 35
19673 38
19673 48
19673 81
19673 86
19673 125
19673 23
19673 41
19673 76
19673 85
19673 98
19673 123
19673 142
19673 0
19673 19
19673 24
19673 31
19673 57
19673 63
19673 79
19673 113
19673 143
19673 20
19673 53
19673 59
19673 74
19673 80
19673 105
19673 112
19673 119
19673 21
19673 55
19673 92
19673 93
19673 94
19673 95
19673 126
19673 138
19673 141
19673 22
19673 65
19673 77
19673 96
19673 99
19673 106
19673 136
19673 139
19673 25
19673 37
19673 40
19673 47
19673 60
19673 62
19673 72
19673 111
19673 133
19673 26
19673 33
19673 56
19673 67
19673 69
19673 78
19673 83
19673 120
19673 135
19673 43
19673 51
19673 66
19673 70
19673 116
19673 137
19673 144
19673 147
19673 45
19673 87
19673 108
19673 124
19673 128
19673 129
19673 130
19673 134
19673 27
19673 36
19673 58
19673 68
19673 90
19673 91
19673 102
19673 110
19673 115
19673 127
19666 28
19666 56
19666 123
19666 189
19666 201
19666 2
19666 5
19666 21
19666 24
19666 49
19666 71
19666 117
19666 157
19666 27
19666 48
19666 105
19666 122
19666 152
19666 173
19666 187
19666 192
19666 1
19666 12
19666 18
19666 37
19666 61
19666 118
19666 141
19666 159
19666 11
19666 14
19666 72
19666 137
19666 181
19666 188
19666 193
19666 7
19666 32
19666 52
19666 115
19666 133
19666 154
19666 166
19666 194
19666 15
19666 39
19666 59
19666 131
19666 156
19666 170
19666 200
19666 10
19666 40
19666 68
19666 140
19666 167
19666 177
19666 184
19666 195
19666 197
19666 4
19666 22
19666 30
19666 44
19666 130
19666 175
19666 31
19666 63
19666 125
19666 132
19666 134
19666 135
19666 165
19666 171
19666 19
19666 47
19666 57
19666 120
19666 128
19666 139
19666 161
19666 162
19666 169
19666 9
19666 29
19666 33
19666 51
19666 64
19666 73
19666 75
19666 127
19666 142
19666 0
19666 25
19666 62
19666 70
19666 153
19666 182
19666 185
19666 186
19666 6
19666 13
19666 66
19666 129
19666 144
19666 151
19666 160
19666 172
19666 183
19666 35
19666 46
19666 58
19666 116
19666 121
19666 126
19666 191
19666 17
19666 55
19666 69
19666 74
19666 119
19666 124
19666 178
19666 43
19666 50
19666 76
19666 136
19666 138
19666 158
19666 176
19666 36
19666 42
19666 54
19666 106
19666 145
19666 190
19666 196
19666 23
19666 41
19666 60
19666 198
19666 199
19666 16
19666 26
19666 34
19666 53
19666 107
19666 163
19666 164
19691 74
19691 75
19691 189
19691 238
19691 241
19691 251
19691 281
19691 32
19691 42
19691 68
19691 80
19691 118
19691 195
19691 233
19691 237
19691 17
19691 78
19691 221
19691 231
19691 279
19691 23
19691 91
19691 94
19691 218
19691 222
19691 224
19691 19
19691 48
19691 51
19691 59
19691 73
19691 228
19691 252
19691 21
19691 106
19691 191
19691 223
19691 261
19691 16
19691 25
19691 55
19691 71
19691 105
19691 117
19691 215
19691 232
19691 253
19691 63
19691 187
19691 209
19691 24
19691 99
19691 113
19691 202
19691 220
19691 242
19691 250
19691 60
19691 89
19691 203
19691 18
19691 39
19691 82
19691 104
19691 259
19691 41
19691 115
19691 193
19691 198
19691 201
19691 249
19691 268
19691 277
19691 14
19691 26
19691 43
19691 62
19691 108
19691 214
19691 90
19691 103
19691 196
19691 258
19691 280
19691 282
19691 283
19691 284
19691 61
19691 66
19691 107
19691 110
19691 123
19691 225
19691 266
19691 275
19691 46
19691 121
19691 210
19691 244
19691 271
19691 276
19691 278
19691 29
19691 57
19691 95
19691 109
19691 234
19691 243
19691 269
19691 64
19691 207
19691 226
19691 235
19691 273
19691 286
19691 28
19691 30
19691 50
19691 65
19691 190
19691 248
19691 188
19691 204
19691 213
19691 219
19691 247
19691 256
19691 267
19691 33
19691 44
19691 85
19691 93
19691 120
19691 192
19691 227
19691 70
19691 112
19691 239
19691 240
19691 27
19691 40
19691 83
19691 96
19691 194
19691 211
19691 31
19691 58
19691 116
19691 186
19691 254
19691 260
19691 272
19691 274
19691 47
19691 84
19691 102
19691 111
19691 208
19691 100
19691 255
19691 20
19691 38
19691 49
19691 53
19691 200
19691 212
19691 76
19691 114
19691 246
19691 262
19691 263
19691 265
19691 288
19691 86
19691 122
19691 124
19691 285
19691 289
19728 29
19728 81
19728 91
19728 115
19728 175
19728 176
19728 178
19728 209
19728 211
19728 220
19728 25
19728 45
19728 47
19728 109
19728 114
19728 143
19728 184
19728 195
19728 212
19728 216
19728 1
19728 17
19728 19
19728 27
19728 28
19728 41
19728 55
19728 56
19728 84
19728 162
19728 34
19728 36
19728 59
19728 89
19728 116
19728 148
19728 185
19728 224
19728 231
19728 237
19728 67
19728 72
19728 129
19728 151
19728 168
19728 204
19728 207
19728 214
19728 235
19728 239
19728 44
19728 53
19728 65
19728 130
19728 160
19728 173
19728 243
19728 244
19728 245
19728 250
19728 42
19728 80
19728 110
19728 140
19728 145
19728 251
19728 11
19728 30
19728 64
19728 92
19728 113
19728 174
19728 208
19728 230
19728 241
19728 246
19728 24
19728 74
19728 87
19728 96
19728 97
19728 100
19728 134
19728 183
19728 200
19728 219
19728 16
19728 33
19728 46
19728 125
19728 147
19728 165
19728 182
19728 191
19728 203
19728 233
19728 35
19728 43
19728 57
19728 70
19728 79
19728 123
19728 128
19728 156
19728 181
19728 199
19728 73
19728 107
19728 225
19728 247
19728 252
19728 13
19728 69
19728 93
19728 103
19728 124
19728 127
19728 170
19728 187
19728 215
19728 226
19728 31
19728 51
19728 77
19728 86
19728 88
19728 149
19728 189
19728 227
19728 240
19728 60
19728 104
19728 105
19728 111
19728 126
19728 132
19728 137
19728 161
19728 172
19728 177
19728 40
19728 54
19728 98
19728 99
19728 102
19728 122
19728 138
19728 163
19728 164
19728 197
19728 9
19728 48
19728 50
19728 90
19728 141
19728 179
19728 186
19728 193
19728 202
19728 4
19728 10
19728 23
19728 78
19728 82
19728 121
19728 159
19728 201
19728 222
19728 238
19728 0
19728 32
19728 39
19728 52
19728 62
19728 75
19728 112
19728 135
19728 153
19728 210
19728 22
19728 26
19728 37
19728 66
19728 94
19728 131
19728 144
19728 188
19728 196
19728 217
19728 7
19728 15
19728 21
19728 38
19728 58
19728 61
19728 150
19728 152
19728 194
19728 234
19728 20
19728 68
19728 95
19728 139
19728 158
19728 167
19728 171
19728 192
19728 198
19728 221
19728 5
19728 18
19728 49
19728 108
19728 119
19728 166
19728 180
19728 206
19728 249
19728 2
19728 71
19728 85
19728 120
19728 142
19728 154
19728 190
19728 205
19728 213
19728 3
19728 8
19728 12
19728 76
19728 106
19728 117
19728 136
19728 157
19728 236
19728 248
19728 6
19728 14
19728 63
19728 83
19728 101
19728 169
19728 223
19728 228
19728 229
19728 232
19680 8
19680 79
19680 191
19680 274
19680 293
19680 59
19680 63
19680 103
19680 121
19680 323
19680 379
19680 450
19680 467
19680 502
19680 512
19680 117
19680 229
19680 326
19680 374
19680 387
19680 463
19680 464
19680 480
19680 530
19680 563
19680 9
19680 29
19680 86
19680 238
19680 244
19680 393
19680 442
19680 466
19680 479
19680 488
19680 24
19680 60
19680 120
19680 190
19680 485
19680 537
19680 5
19680 132
19680 220
19680 276
19680 291
19680 315
19680 316
19680 351
19680 370
19680 452
19680 71
19680 84
19680 105
19680 245
19680 249
19680 255
19680 256
19680 372
19680 505
19680 55
19680 112
19680 130
19680 243
19680 469
19680 487
19680 489
19680 560
19680 15
19680 21
19680 181
19680 215
19680 222
19680 304
19680 320
19680 331
19680 510
19680 531
19680 94
19680 119
19680 122
19680 218
19680 263
19680 319
19680 336
19680 342
19680 426
19680 446
19680 66
19680 97
19680 205
19680 282
19680 365
19680 408
19680 470
19680 492
19680 529
19680 43
19680 45
19680 64
19680 129
19680 211
19680 270
19680 296
19680 324
19680 415
19680 48
19680 56
19680 260
19680 283
19680 366
19680 388
19680 396
19680 455
19680 46
19680 76
19680 196
19680 295
19680 338
19680 350
19680 430
19680 508
19680 552
19680 32
19680 40
19680 166
19680 266
19680 312
19680 406
19680 465
19680 503
19680 528
19680 142
19680 162
19680 197
19680 429
19680 461
19680 507
19680 520
19680 536
19680 549
19680 4
19680 16
19680 144
19680 217
19680 228
19680 240
19680 360
19680 392
19680 407
19680 423
19680 92
19680 248
19680 251
19680 354
19680 357
19680 401
19680 453
19680 525
19680 562
19680 1
19680 13
19680 54
19680 90
19680 93
19680 150
19680 168
19680 200
19680 300
19680 327
19680 34
19680 113
19680 128
19680 269
19680 305
19680 345
19680 403
19680 482
19680 493
19680 7
19680 11
19680 201
19680 272
19680 273
19680 277
19680 337
19680 553
19680 223
19680 236
19680 398
19680 422
19680 435
19680 448
19680 473
19680 491
19680 534
19680 96
19680 133
19680 232
19680 286
19680 321
19680 362
19680 382
19680 400
19680 14
19680 17
19680 28
19680 145
19680 185
19680 189
19680 206
19680 212
19680 288
19680 359
19680 137
19680 138
19680 235
19680 254
19680 347
19680 445
19680 509
19680 545
19680 558
19680 184
19680 202
19680 213
19680 302
19680 325
19680 333
19680 419
19680 471
19680 519
19680 523
19680 80
19680 169
19680 194
19680 225
19680 287
19680 373
19680 438
19680 495
19680 517
19680 23
19680 73
19680 155
19680 177
19680 195
19680 221
19680 262
19680 301
19680 417
19680 441
19680 50
19680 174
19680 234
19680 278
19680 334
19680 405
19680 462
19680 538
19680 539
19680 12
19680 118
19680 171
19680 172
19680 233
19680 265
19680 490
19680 527
19680 101
19680 135
19680 193
19680 349
19680 375
19680 432
19680 515
19680 564
19680 566
19680 99
19680 141
19680 421
19680 540
19680 546
19680 554
19680 77
19680 151
19680 364
19680 424
19680 476
19680 44
19680 49
19680 61
19680 111
19680 239
19680 261
19680 309
19680 344
19680 355
19680 410
19680 87
19680 186
19680 241
19680 380
19680 456
19680 500
19680 556
19680 557
19680 565
19680 165
19680 188
19680 207
19680 246
19680 250
19680 299
19680 472
19680 522
19680 41
19680 52
19680 62
19680 68
19680 146
19680 204
19680 303
19680 451
19680 532
19680 541
19680 10
19680 37
19680 78
19680 102
19680 109
19680 134
19680 203
19680 353
19680 440
19680 81
19680 83
19680 230
19680 292
19680 318
19680 322
19680 425
19680 431
19680 460
19680 542
19680 0
19680 25
19680 65
19680 116
19680 131
19680 140
19680 163
19680 290
19680 449
19680 33
19680 51
19680 159
19680 179
19680 182
19680 252
19680 253
19680 279
19680 3
19680 42
19680 136
19680 170
19680 310
19680 330
19680 356
19680 358
19680 447
19680 104
19680 107
19680 259
19680 275
19680 281
19680 361
19680 404
19680 459
19680 75
19680 160
19680 167
19680 198
19680 208
19680 219
19680 224
19680 307
19680 412
19680 6
19680 85
19680 154
19680 161
19680 237
19680 314
19680 381
19680 394
19680 511
19680 544
19680 22
19680 72
19680 88
19680 149
19680 183
19680 187
19680 332
19680 341
19680 414
19680 139
19680 157
19680 173
19680 264
19680 481
19680 499
19680 501
19680 526
19680 547
19680 31
19680 70
19680 152
19680 158
19680 313
19680 346
19680 368
19680 371
19680 474
19680 477
19680 36
19680 47
19680 108
19680 114
19680 216
19680 308
19680 367
19680 385
19680 395
19680 436
19680 39
19680 280
19680 297
19680 335
19680 363
19680 434
19680 18
19680 26
19680 35
19680 82
19680 164
19680 226
19680 386
19680 409
19680 418
19680 106
19680 110
19680 115
19680 227
19680 267
19680 317
19680 329
19680 339
19680 390
19680 468
19680 67
19680 180
19680 199
19680 209
19680 257
19680 284
19680 376
19680 483
19680 548
19680 555
19680 19
19680 69
19680 242
19680 328
19680 348
19680 475
19680 504
19680 559
19680 561
19680 2
19680 91
19680 147
19680 214
19680 258
19680 340
19680 343
19680 377
19680 454
19680 506
19680 20
19680 30
19680 74
19680 231
19680 247
19680 294
19680 311
19680 352
19680 416
19680 27
19680 98
19680 153
19680 271
19680 285
19680 289
19680 298
19680 383
19680 427
19680 497
19681 3
19681 48
19681 50
19681 52
19681 53
19681 80
19681 93
19681 104
19681 6
19681 8
19681 12
19681 13
19681 19
19681 39
19681 77
19681 91
19681 97
19681 4
19681 22
19681 49
19681 58
19681 59
19681 64
19681 71
19681 81
19681 86
19681 96
19681 16
19681 45
19681 67
19681 0
19681 38
19681 43
19681 56
19681 63
19681 70
19681 78
19681 79
19681 9
19681 24
19681 46
19681 51
19681 60
19681 66
19681 88
19681 99
19681 102
19681 17
19681 42
19681 55
19681 69
19681 89
19681 94
19681 101
19681 40
19681 54
19681 68
19681 72
19681 83
19681 85
19681 95
19681 98
19681 1
19681 2
19681 5
19681 7
19681 14
19681 20
19681 21
19681 41
19681 61
19681 73
19681 11
19681 15
19681 18
19681 44
19681 65
19681 74
19681 75
19681 90
19681 100
19681 10
19681 47
19681 76
19681 82
19681 87
19681 92
19696 0
19696 17
19696 24
19696 81
19696 86
19696 136
19696 145
19696 176
19696 182
19696 185
19743 74
19743 80
19743 81
19743 72
19743 71
19743 79
19743 83
19743 73
19743 82
19743 76
19743 69
19743 70
19743 78
19743 75
19717 15
19717 32
19717 100
19717 101
19717 177
19717 198
19717 477
19717 483
19717 514
19717 568
19717 50
19717 80
19717 192
19717 224
19717 225
19717 260
19717 421
19717 457
19717 476
19717 7
19717 11
19717 20
19717 66
19717 133
19717 243
19717 393
19717 438
19717 445
19717 507
19717 35
19717 58
19717 107
19717 187
19717 286
19717 361
19717 411
19717 462
19717 504
19717 3
19717 24
19717 155
19717 176
19717 262
19717 296
19717 313
19717 386
19717 423
19717 463
19717 71
19717 91
19717 195
19717 398
19717 432
19717 441
19717 447
19717 464
19717 479
19717 531
19717 68
19717 151
19717 265
19717 332
19717 349
19717 392
19717 434
19717 466
19717 536
19717 550
19717 47
19717 110
19717 181
19717 279
19717 347
19717 396
19717 442
19717 495
19717 511
19717 525
19717 34
19717 143
19717 164
19717 252
19717 287
19717 488
19717 516
19717 521
19717 545
19717 36
19717 114
19717 269
19717 345
19717 353
19717 472
19717 474
19717 549
19717 552
19717 13
19717 240
19717 249
19717 327
19717 431
19717 440
19717 449
19717 455
19717 546
19717 19
19717 78
19717 90
19717 95
19717 119
19717 284
19717 414
19717 454
19717 498
19717 532
19717 4
19717 8
19717 124
19717 223
19717 363
19717 486
19717 501
19717 512
19717 539
19717 556
19717 150
19717 196
19717 246
19717 288
19717 291
19717 341
19717 395
19717 467
19717 533
19717 42
19717 204
19717 214
19717 231
19717 301
19717 307
19717 358
19717 506
19717 523
19717 529
19717 18
19717 103
19717 137
19717 158
19717 194
19717 277
19717 357
19717 548
19717 555
19717 561
19717 37
19717 69
19717 108
19717 135
19717 162
19717 170
19717 172
19717 302
19717 312
19717 320
19717 49
19717 174
19717 186
19717 316
19717 360
19717 362
19717 375
19717 408
19717 490
19717 503
19717 54
19717 160
19717 173
19717 185
19717 234
19717 251
19717 254
19717 305
19717 418
19717 433
19717 45
19717 99
19717 128
19717 175
19717 199
19717 222
19717 264
19717 450
19717 487
19717 120
19717 123
19717 156
19717 193
19717 267
19717 334
19717 356
19717 400
19717 402
19717 31
19717 127
19717 140
19717 273
19717 283
19717 314
19717 343
19717 373
19717 397
19717 406
19717 112
19717 126
19717 142
19717 331
19717 355
19717 410
19717 439
19717 478
19717 482
19717 23
19717 129
19717 146
19717 163
19717 178
19717 211
19717 221
19717 239
19717 263
19717 310
19717 41
19717 205
19717 282
19717 405
19717 524
19717 528
19717 558
19717 563
19717 569
19717 578
19717 51
19717 56
19717 159
19717 188
19717 216
19717 242
19717 379
19717 407
19717 480
19717 499
19717 29
19717 77
19717 230
19717 257
19717 292
19717 319
19717 371
19717 417
19717 435
19717 497
19717 93
19717 115
19717 117
19717 167
19717 207
19717 213
19717 247
19717 258
19717 412
19717 451
19717 104
19717 166
19717 237
19717 248
19717 289
19717 403
19717 470
19717 534
19717 544
19717 565
19717 28
19717 82
19717 148
19717 171
19717 324
19717 389
19717 401
19717 419
19717 513
19717 520
19717 236
19717 275
19717 306
19717 328
19717 338
19717 430
19717 510
19717 574
19717 576
19717 579
19717 122
19717 141
19717 144
19717 154
19717 161
19717 210
19717 218
19717 244
19717 368
19717 443
19717 26
19717 139
19717 189
19717 197
19717 200
19717 241
19717 250
19717 293
19717 308
19717 74
19717 94
19717 180
19717 183
19717 245
19717 381
19717 426
19717 530
19717 535
19717 543
19717 2
19717 40
19717 84
19717 190
19717 330
19717 336
19717 369
19717 422
19717 446
19717 475
19717 21
19717 22
19717 38
19717 72
19717 350
19717 370
19717 448
19717 469
19717 518
19717 562
19717 48
19717 75
19717 121
19717 157
19717 309
19717 413
19717 494
19717 502
19717 540
19717 547
19717 149
19717 228
19717 232
19717 294
19717 299
19717 311
19717 554
19717 559
19717 567
19717 571
19717 1
19717 86
19717 233
19717 383
19717 493
19717 541
19717 564
19717 570
19717 575
19717 16
19717 55
19717 96
19717 102
19717 255
19717 270
19717 359
19717 415
19717 429
19717 496
19717 33
19717 43
19717 97
19717 168
19717 209
19717 354
19717 385
19717 404
19717 425
19717 460
19717 57
19717 59
19717 76
19717 89
19717 130
19717 184
19717 256
19717 526
19717 577
19717 0
19717 5
19717 73
19717 152
19717 295
19717 351
19717 468
19717 509
19717 517
19717 519
19717 65
19717 113
19717 217
19717 315
19717 317
19717 366
19717 384
19717 388
19717 9
19717 39
19717 81
19717 235
19717 300
19717 321
19717 376
19717 453
19717 508
19717 542
19717 10
19717 87
19717 88
19717 132
19717 169
19717 203
19717 238
19717 259
19717 266
19717 339
19717 14
19717 17
19717 105
19717 111
19717 285
19717 290
19717 342
19717 346
19717 372
19717 492
19717 12
19717 116
19717 145
19717 191
19717 322
19717 333
19717 491
19717 515
19717 573
19717 30
19717 70
19717 134
19717 179
19717 202
19717 281
19717 297
19717 335
19717 473
19717 481
19717 67
19717 201
19717 253
19717 280
19717 344
19717 382
19717 420
19717 424
19717 436
19717 456
19717 52
19717 64
19717 92
19717 182
19717 219
19717 377
19717 399
19717 458
19717 500
19717 44
19717 147
19717 303
19717 318
19717 323
19717 391
19717 437
19717 461
19717 465
19717 560
19717 53
19717 106
19717 153
19717 212
19717 227
19717 271
19717 272
19717 276
19717 380
19717 484
19717 27
19717 60
19717 85
19717 136
19717 220
19717 229
19717 261
19717 304
19717 348
19717 471
19717 138
19717 165
19717 278
19717 352
19717 485
19717 527
19717 537
19717 538
19717 557
19717 6
19717 118
19717 215
19717 226
19717 274
19717 298
19717 337
19717 387
19717 390
19717 409
19713 231
19713 254
19713 288
19713 301
19713 313
19713 315
19713 343
19713 355
19713 362
19713 441
19724 7
19724 49
19724 87
19724 102
19724 257
19724 305
19724 381
19724 415
19724 418
19724 21
19724 39
19724 100
19724 254
19724 318
19724 319
19724 322
19724 336
19724 362
19724 1
19724 13
19724 63
19724 145
19724 151
19724 187
19724 196
19724 230
19724 346
19724 380
19724 29
19724 30
19724 60
19724 75
19724 121
19724 221
19724 247
19724 317
19724 353
19724 367
19724 4
19724 117
19724 201
19724 229
19724 245
19724 249
19724 297
19724 341
19724 343
19724 0
19724 2
19724 34
19724 119
19724 130
19724 144
19724 248
19724 296
19724 330
19724 358
19724 18
19724 165
19724 180
19724 244
19724 278
19724 279
19724 306
19724 389
19724 401
19724 402
19724 14
19724 43
19724 167
19724 212
19724 224
19724 301
19724 323
19724 355
19724 11
19724 104
19724 127
19724 141
19724 177
19724 276
19724 310
19724 313
19724 321
19724 395
19724 56
19724 57
19724 112
19724 128
19724 146
19724 252
19724 256
19724 260
19724 285
19724 340
19724 73
19724 85
19724 126
19724 134
19724 186
19724 189
19724 215
19724 312
19724 366
19724 383
19724 25
19724 93
19724 107
19724 206
19724 208
19724 265
19724 364
19724 382
19724 384
19724 421
19724 23
19724 58
19724 66
19724 79
19724 108
19724 164
19724 169
19724 193
19724 300
19724 378
19724 50
19724 84
19724 191
19724 234
19724 240
19724 242
19724 270
19724 316
19724 409
19724 35
19724 36
19724 53
19724 195
19724 259
19724 284
19724 328
19724 329
19724 400
19724 411
19724 44
19724 114
19724 139
19724 162
19724 163
19724 199
19724 220
19724 255
19724 337
19724 368
19724 72
19724 118
19724 120
19724 140
19724 147
19724 161
19724 170
19724 268
19724 273
19724 371
19724 8
19724 95
19724 157
19724 188
19724 243
19724 246
19724 274
19724 360
19724 374
19724 387
19724 82
19724 83
19724 101
19724 263
19724 267
19724 315
19724 333
19724 339
19724 344
19724 420
19724 9
19724 20
19724 54
19724 115
19724 142
19724 222
19724 282
19724 286
19724 291
19724 396
19724 17
19724 133
19724 137
19724 150
19724 154
19724 192
19724 205
19724 231
19724 250
19724 393
19724 62
19724 65
19724 111
19724 219
19724 241
19724 253
19724 277
19724 280
19724 283
19724 388
19724 3
19724 31
19724 81
19724 113
19724 213
19724 295
19724 302
19724 331
19724 351
19724 363
19724 27
19724 59
19724 103
19724 129
19724 172
19724 179
19724 211
19724 294
19724 309
19724 348
19724 12
19724 105
19724 166
19724 185
19724 311
19724 326
19724 332
19724 379
19724 405
19724 410
19724 41
19724 61
19724 76
19724 122
19724 138
19724 217
19724 236
19724 334
19724 335
19724 357
19724 19
19724 88
19724 91
19724 171
19724 190
19724 203
19724 292
19724 320
19724 372
19724 22
19724 28
19724 67
19724 94
19724 197
19724 239
19724 398
19724 404
19724 413
19724 419
19724 38
19724 46
19724 135
19724 235
19724 266
19724 287
19724 293
19724 352
19724 354
19724 385
19724 423
19724 424
19724 425
19724 426
19724 427
19724 428
19724 429
19724 430
19724 431
19724 432
19724 69
19724 99
19724 116
19724 176
19724 181
19724 223
19724 261
19724 314
19724 350
19724 369
19724 45
19724 136
19724 158
19724 228
19724 289
19724 356
19724 391
19724 392
19724 394
19724 408
19724 264
19724 288
19724 349
19724 359
19724 376
19724 406
19724 414
19724 5
19724 74
19724 168
19724 204
19724 290
19724 299
19724 377
19724 422
19724 26
19724 70
19724 71
19724 78
19724 202
19724 307
19724 338
19724 342
19724 37
19724 86
19724 109
19724 153
19724 156
19724 175
19724 298
19724 347
19724 390
19724 42
19724 51
19724 77
19724 89
19724 97
19724 106
19724 124
19724 132
19724 182
19724 275
19724 15
19724 194
19724 198
19724 216
19724 361
19724 370
19724 386
19724 397
19724 403
19724 412
19724 32
19724 96
19724 110
19724 125
19724 183
19724 209
19724 210
19724 233
19724 237
19724 324
19724 33
19724 152
19724 155
19724 174
19724 200
19724 271
19724 303
19724 325
19724 375
19724 417
19724 47
19724 123
19724 207
19724 214
19724 272
19724 345
19724 407
19724 416
19724 16
19724 52
19724 131
19724 178
19724 218
19724 232
19724 258
19724 262
19724 269
19724 365
19729 1
19729 8
19729 14
19729 21
19729 25
19729 33
19729 48
19729 51
19729 66
19729 0
19729 2
19729 7
19729 20
19729 22
19729 41
19729 49
19729 50
19729 58
19729 17
19729 31
19729 36
19729 37
19729 44
19729 60
19729 63
19729 64
19729 65
19729 9
19729 13
19729 34
19729 38
19729 47
19729 56
19729 59
19729 61
19729 4
19729 5
19729 11
19729 12
19729 18
19729 23
19729 28
19729 35
19729 43
19729 57
19729 3
19729 6
19729 19
19729 24
19729 32
19729 39
19729 45
19729 46
19729 52
19729 55
19729 10
19729 15
19729 16
19729 26
19729 27
19729 40
19729 42
19729 53
19729 54
19729 62
19660 89
19660 82
19660 84
19660 86
19660 87
19660 19
19660 28
19660 40
19660 44
19660 49
19660 59
19660 76
19660 78
19660 2
19660 8
19660 11
19660 15
19660 20
19660 23
19660 34
19660 38
19660 57
19660 10
19660 12
19660 13
19660 16
19660 18
19660 27
19660 43
19660 48
19660 52
19660 54
19660 9
19660 17
19660 32
19660 45
19660 60
19660 63
19660 70
19660 73
19660 77
19660 88
19660 6
19660 24
19660 29
19660 47
19660 55
19660 66
19660 71
19660 75
19660 21
19660 25
19660 31
19660 35
19660 37
19660 53
19660 56
19660 58
19660 61
19660 68
19660 83
19660 80
19660 4
19660 7
19660 33
19660 36
19660 39
19660 46
19660 51
19660 62
19660 64
19660 65
19660 81
19660 3
19660 22
19660 26
19660 30
19660 42
19660 67
19660 69
19660 72
19660 74
19660 79
19660 85
19711 73
19711 75
19711 76
19711 86
19711 91
19711 92
19711 101
19711 106
19711 63
19711 66
19711 69
19711 74
19711 88
19711 118
19711 120
19711 55
19711 60
19711 61
19711 65
19711 71
19711 72
19711 84
19711 90
19711 93
19711 105
19711 58
19711 59
19711 67
19711 70
19711 77
19711 82
19711 96
19711 99
19711 107
19711 119
19711 1
19711 4
19711 5
19711 30
19711 38
19711 46
19711 47
19711 48
19711 51
19711 57
19711 64
19711 85
19711 87
19711 89
19711 95
19711 108
19711 7
19711 9
19711 11
19711 15
19711 31
19711 36
19711 45
19711 49
19711 6
19711 10
19711 13
19711 14
19711 21
19711 24
19711 32
19711 41
19711 44
19711 0
19711 18
19711 19
19711 27
19711 29
19711 34
19711 35
19711 39
19711 53
19711 54
19711 62
19711 78
19711 79
19711 80
19711 83
19711 97
19711 104
19711 56
19711 81
19711 94
19711 98
19711 100
19711 102
19711 103
19711 109
19711 12
19711 17
19711 23
19711 37
19711 52
19673 29
19673 32
19673 42
19673 49
19673 50
19673 64
19673 71
19752 6
19752 17
19752 26
19752 123
19752 165
19752 180
19722 163
19722 258
19722 272
19722 290
19722 392
19722 393
19722 397
19722 431
19722 466
19722 5
19722 51
19722 79
19722 150
19722 188
19722 201
19722 220
19722 270
19722 395
19722 524
19722 3
19722 100
19722 136
19722 206
19722 275
19722 325
19722 488
19722 547
19722 560
19722 564
19722 63
19722 122
19722 142
19722 144
19722 200
19722 246
19722 277
19722 281
19722 288
19722 430
19722 17
19722 37
19722 92
19722 194
19722 279
19722 312
19722 362
19722 402
19722 479
19722 502
19722 24
19722 88
19722 172
19722 254
19722 268
19722 311
19722 366
19722 371
19722 433
19722 449
19722 15
19722 143
19722 145
19722 342
19722 364
19722 400
19722 411
19722 441
19722 453
19722 1
19722 35
19722 72
19722 118
19722 192
19722 259
19722 262
19722 280
19722 419
19722 462
19722 356
19722 387
19722 491
19722 511
19722 563
19722 568
19722 573
19722 576
19722 578
19722 579
19722 71
19722 113
19722 152
19722 183
19722 209
19722 255
19722 303
19722 391
19722 539
19722 26
19722 244
19722 269
19722 274
19722 352
19722 460
19722 556
19722 569
19722 570
19722 571
19722 19
19722 25
19722 39
19722 56
19722 162
19722 267
19722 278
19722 409
19722 517
19722 542
19722 34
19722 50
19722 69
19722 93
19722 384
19722 388
19722 470
19722 478
19722 486
19722 41
19722 124
19722 128
19722 224
19722 225
19722 239
19722 295
19722 398
19722 414
19722 525
19722 36
19722 208
19722 243
19722 334
19722 360
19722 472
19722 509
19722 514
19722 543
19722 549
19722 29
19722 46
19722 53
19722 91
19722 185
19722 216
19722 309
19722 380
19722 446
19722 545
19722 130
19722 166
19722 217
19722 282
19722 304
19722 452
19722 494
19722 534
19722 552
19722 567
19722 0
19722 193
19722 229
19722 367
19722 369
19722 373
19722 435
19722 474
19722 555
19722 565
19722 21
19722 30
19722 68
19722 70
19722 117
19722 292
19722 300
19722 340
19722 386
19722 459
19722 64
19722 103
19722 104
19722 207
19722 235
19722 297
19722 317
19722 404
19722 526
19722 561
19722 16
19722 98
19722 156
19722 203
19722 230
19722 346
19722 394
19722 454
19722 541
19722 22
19722 38
19722 121
19722 189
19722 218
19722 284
19722 294
19722 399
19722 437
19722 33
19722 116
19722 154
19722 198
19722 308
19722 327
19722 331
19722 349
19722 422
19722 489
19722 9
19722 90
19722 96
19722 245
19722 261
19722 323
19722 390
19722 413
19722 480
19722 506
19722 42
19722 101
19722 119
19722 310
19722 347
19722 358
19722 457
19722 463
19722 160
19722 174
19722 302
19722 318
19722 321
19722 343
19722 363
19722 456
19722 497
19722 528
19722 78
19722 175
19722 326
19722 424
19722 448
19722 513
19722 546
19722 558
19722 572
19722 574
19722 105
19722 179
19722 190
19722 204
19722 223
19722 237
19722 337
19722 354
19722 499
19722 522
19722 10
19722 102
19722 182
19722 233
19722 313
19722 320
19722 336
19722 368
19722 553
19722 40
19722 165
19722 167
19722 168
19722 186
19722 260
19722 298
19722 455
19722 498
19722 512
19722 44
19722 214
19722 241
19722 242
19722 324
19722 335
19722 381
19722 465
19722 481
19722 504
19722 45
19722 151
19722 219
19722 226
19722 228
19722 357
19722 396
19722 475
19722 521
19722 7
19722 54
19722 83
19722 94
19722 134
19722 177
19722 236
19722 248
19722 378
19722 510
19722 2
19722 112
19722 296
19722 305
19722 307
19722 370
19722 376
19722 434
19722 485
19722 496
19722 32
19722 164
19722 199
19722 418
19722 461
19722 482
19722 508
19722 519
19722 527
19722 18
19722 89
19722 139
19722 372
19722 401
19722 426
19722 436
19722 447
19722 487
19722 523
19722 95
19722 97
19722 133
19722 173
19722 251
19722 263
19722 330
19722 468
19722 490
19722 535
19722 8
19722 110
19722 157
19722 169
19722 361
19722 423
19722 467
19722 532
19722 540
19722 544
19722 47
19722 62
19722 147
19722 159
19722 227
19722 271
19722 451
19722 469
19722 518
19722 548
19722 58
19722 73
19722 187
19722 197
19722 215
19722 287
19722 293
19722 428
19722 477
19722 515
19722 123
19722 171
19722 211
19722 232
19722 283
19722 315
19722 389
19722 432
19722 484
19722 529
19722 60
19722 76
19722 129
19722 213
19722 252
19722 265
19722 350
19722 355
19722 416
19722 507
19722 6
19722 59
19722 114
19722 273
19722 332
19722 351
19722 473
19722 559
19722 566
19722 577
19722 87
19722 109
19722 127
19722 253
19722 264
19722 322
19722 551
19722 557
19722 562
19722 575
19722 57
19722 138
19722 141
19722 146
19722 195
19722 285
19722 289
19722 341
19722 348
19722 536
19722 13
19722 148
19722 149
19722 202
19722 276
19722 286
19722 365
19722 405
19722 425
19722 476
19722 52
19722 61
19722 80
19722 85
19722 131
19722 266
19722 385
19722 407
19722 442
19722 492
19722 4
19722 126
19722 137
19722 161
19722 196
19722 205
19722 374
19722 375
19722 415
19722 531
19722 108
19722 135
19722 191
19722 212
19722 344
19722 438
19722 464
19722 471
19722 503
19722 538
19722 181
19722 221
19722 234
19722 345
19722 359
19722 379
19722 403
19722 417
19722 443
19722 516
19722 14
19722 31
19722 65
19722 120
19722 178
19722 406
19722 427
19722 439
19722 501
19722 530
19722 11
19722 27
19722 43
19722 81
19722 155
19722 240
19722 316
19722 329
19722 421
19722 450
19722 49
19722 77
19722 222
19722 231
19722 328
19722 408
19722 420
19722 429
19722 440
19722 458
19722 55
19722 84
19722 115
19722 180
19722 184
19722 249
19722 339
19722 353
19722 410
19722 537
19722 28
19722 99
19722 111
19722 125
19722 256
19722 291
19722 301
19722 314
19722 333
19722 338
19722 20
19722 86
19722 210
19722 247
19722 250
19722 257
19722 377
19722 412
19722 483
19674 28
19674 35
19674 47
19674 57
19674 91
19674 20
19674 29
19674 36
19674 38
19674 39
19674 56
19674 79
19674 81
19674 17
19674 22
19674 26
19674 41
19674 51
19674 54
19674 65
19674 67
19674 76
19674 90
19674 10
19674 18
19674 43
19674 48
19674 61
19674 85
19674 86
19674 89
19674 93
19674 98
19674 9
19674 24
19674 33
19674 52
19674 53
19674 73
19674 74
19674 77
19674 83
19674 25
19674 37
19674 55
19674 72
19674 78
19674 80
19674 84
19674 92
19674 27
19674 30
19674 34
19674 42
19674 46
19674 64
19674 68
19674 82
19674 14
19674 21
19674 31
19674 44
19674 69
19674 70
19674 88
19674 97
19674 95
19674 12
19674 13
19674 16
19674 19
19674 32
19674 45
19674 49
19674 59
19674 66
19666 3
19666 8
19666 20
19666 45
19666 65
19666 67
19666 143
19666 168
19666 174
19666 179
19717 61
19717 125
19717 206
19717 268
19717 325
19717 329
19717 452
19717 459
19717 489
19717 505
19747 11
19747 15
19747 23
19747 25
19747 27
19747 41
19747 42
19747 50
19747 62
19747 6
19747 16
19747 18
19747 28
19747 52
19747 58
19747 60
19747 69
19747 73
19747 79
19747 0
19747 3
19747 5
19747 13
19747 29
19747 37
19747 40
19747 53
19747 77
19747 80
19747 1
19747 4
19747 20
19747 24
19747 49
19747 66
19747 67
19747 78
19747 81
19747 2
19747 14
19747 30
19747 36
19747 38
19747 44
19747 47
19747 55
19747 59
19747 65
19747 7
19747 8
19747 32
19747 51
19747 56
19747 57
19747 63
19747 75
19747 83
19747 10
19747 17
19747 33
19747 43
19747 64
19747 71
19747 9
19747 19
19747 31
19747 34
19747 45
19747 46
19747 54
19747 70
19747 72
19747 74
19747 12
19747 22
19747 26
19747 35
19747 39
19747 48
19747 61
19747 68
19747 76
19747 82
19670 125
19670 146
19670 173
19670 178
19670 191
19670 198
19670 204
19670 205
19670 225
19698 2
19698 4
19698 7
19698 8
19698 9
19698 11
19698 13
19698 15
19698 0
19698 1
19698 3
19698 5
19698 6
19698 10
19698 12
19698 14
19669 5
19669 6
19669 20
19669 30
19669 49
19669 55
19669 60
19669 76
19669 79
19712 12
19712 84
19712 144
19712 178
19712 305
19712 363
19712 375
19712 385
19712 414
19712 427
19712 21
19712 43
19712 99
19712 101
19712 142
19712 170
19712 213
19712 265
19712 267
19712 330
19712 78
19712 112
19712 128
19712 146
19712 173
19712 183
19712 248
19712 286
19712 346
19712 30
19712 37
19712 94
19712 135
19712 195
19712 204
19712 210
19712 238
19712 269
19712 8
19712 71
19712 87
19712 110
19712 121
19712 130
19712 260
19712 263
19712 291
19712 329
19712 1
19712 34
19712 59
19712 95
19712 139
19712 176
19712 197
19712 230
19712 244
19712 281
19712 6
19712 45
19712 50
19712 90
19712 175
19712 199
19712 313
19712 333
19712 349
19712 416
19712 14
19712 67
19712 86
19712 89
19712 114
19712 126
19712 148
19712 278
19712 321
19712 51
19712 125
19712 141
19712 145
19712 190
19712 219
19712 292
19712 332
19712 343
19712 13
19712 63
19712 186
19712 229
19712 239
19712 256
19712 264
19712 358
19712 387
19712 391
19712 117
19712 182
19712 191
19712 258
19712 294
19712 303
19712 345
19712 368
19712 419
19712 426
19712 73
19712 109
19712 158
19712 188
19712 298
19712 323
19712 327
19712 392
19712 409
19712 26
19712 162
19712 235
19712 266
19712 270
19712 293
19712 342
19712 347
19712 350
19712 357
19712 40
19712 103
19712 105
19712 160
19712 187
19712 252
19712 254
19712 255
19712 367
19712 378
19712 15
19712 41
19712 60
19712 76
19712 169
19712 194
19712 245
19712 285
19712 315
19712 334
19712 3
19712 70
19712 93
19712 106
19712 138
19712 207
19712 216
19712 220
19712 237
19712 274
19712 27
19712 189
19712 196
19712 304
19712 317
19712 335
19712 353
19712 393
19712 406
19712 20
19712 72
19712 108
19712 214
19712 422
19712 433
19712 19
19712 83
19712 222
19712 243
19712 259
19712 328
19712 361
19712 365
19712 376
19712 407
19712 10
19712 47
19712 77
19712 296
19712 311
19712 360
19712 362
19712 390
19712 403
19712 97
19712 107
19712 159
19712 257
19712 295
19712 297
19712 401
19712 429
19712 434
19712 17
19712 49
19712 75
19712 206
19712 241
19712 250
19712 302
19712 431
19712 11
19712 92
19712 96
19712 268
19712 289
19712 290
19712 377
19712 404
19712 405
19712 408
19712 28
19712 111
19712 122
19712 180
19712 198
19712 300
19712 320
19712 352
19712 394
19712 398
19712 5
19712 38
19712 52
19712 57
19712 123
19712 166
19712 193
19712 225
19712 276
19712 359
19712 46
19712 91
19712 102
19712 134
19712 208
19712 218
19712 227
19712 306
19712 326
19712 383
19712 35
19712 69
19712 156
19712 200
19712 272
19712 275
19712 279
19712 283
19712 318
19712 415
19712 33
19712 56
19712 82
19712 131
19712 171
19712 231
19712 240
19712 314
19712 382
19712 420
19712 36
19712 74
19712 150
19712 155
19712 163
19712 164
19712 366
19712 372
19712 379
19712 16
19712 32
19712 42
19712 81
19712 232
19712 246
19712 249
19712 324
19712 354
19712 369
19712 22
19712 53
19712 54
19712 88
19712 98
19712 149
19712 205
19712 277
19712 280
19712 299
19712 65
19712 66
19712 209
19712 282
19712 287
19712 337
19712 341
19712 402
19712 29
19712 39
19712 58
19712 119
19712 147
19712 236
19712 310
19712 316
19712 388
19712 397
19712 44
19712 62
19712 64
19712 113
19712 234
19712 308
19712 325
19712 418
19712 428
19712 432
19712 9
19712 31
19712 118
19712 181
19712 223
19712 251
19712 309
19712 339
19712 371
19712 374
19712 48
19712 143
19712 152
19712 167
19712 228
19712 273
19712 340
19712 364
19712 389
19712 411
19712 7
19712 23
19712 68
19712 174
19712 226
19712 233
19712 242
19712 373
19712 400
19712 132
19712 151
19712 153
19712 161
19712 211
19712 284
19712 301
19712 322
19712 348
19712 370
19712 0
19712 25
19712 79
19712 100
19712 115
19712 124
19712 133
19712 202
19712 307
19712 356
19712 120
19712 154
19712 217
19712 221
19712 338
19712 351
19712 355
19712 386
19712 410
19712 421
19712 61
19712 129
19712 168
19712 184
19712 192
19712 288
19712 424
19712 425
19712 436
19712 2
19712 4
19712 80
19712 85
19712 104
19712 116
19712 165
19712 215
19712 261
19712 423
19712 172
19712 177
19712 224
19712 247
19712 319
19712 336
19712 380
19712 413
19712 430
19712 435
19718 59
19718 179
19718 212
19718 254
19718 268
19718 283
19718 326
19718 342
19718 344
19718 376
19718 114
19718 156
19718 253
19718 313
19718 496
19718 569
19718 571
19718 580
19718 581
19749 11
19749 28
19749 32
19749 38
19749 69
19749 83
19749 96
19749 99
19749 109
19696 1
19696 19
19696 25
19696 45
19696 103
19696 129
19696 131
19696 134
19696 139
19696 147
19696 18
19696 26
19696 39
19696 48
19696 90
19696 121
19696 122
19696 137
19696 158
19696 32
19696 42
19696 57
19696 78
19696 82
19696 100
19696 160
19696 184
19696 191
19696 192
19696 6
19696 44
19696 87
19696 101
19696 114
19696 118
19696 142
19696 175
19696 193
19696 194
19696 14
19696 28
19696 53
19696 110
19696 141
19696 178
19696 179
19696 188
19696 190
19696 20
19696 33
19696 67
19696 76
19696 89
19696 91
19696 111
19696 119
19696 132
19696 16
19696 40
19696 50
19696 56
19696 59
19696 95
19696 120
19696 143
19696 144
19696 168
19696 47
19696 58
19696 80
19696 112
19696 124
19696 126
19696 153
19696 173
19696 177
19696 38
19696 49
19696 54
19696 68
19696 83
19696 140
19696 149
19696 157
19696 187
19696 4
19696 37
19696 60
19696 74
19696 84
19696 96
19696 115
19696 116
19696 146
19696 169
19696 12
19696 30
19696 65
19696 88
19696 94
19696 104
19696 183
19696 186
19696 189
19696 2
19696 73
19696 98
19696 99
19696 113
19696 128
19696 130
19696 151
19696 161
19696 171
19696 10
19696 13
19696 21
19696 55
19696 61
19696 62
19696 64
19696 97
19696 109
19696 174
19696 9
19696 15
19696 23
19696 29
19696 36
19696 93
19696 106
19696 127
19696 148
19696 163
19696 8
19696 11
19696 35
19696 41
19696 69
19696 75
19696 77
19696 107
19696 138
19696 164
19696 51
19696 66
19696 85
19696 108
19696 117
19696 135
19696 152
19696 165
19696 172
19696 5
19696 22
19696 43
19696 71
19696 72
19696 102
19696 123
19696 166
19696 170
19696 181
19696 7
19696 46
19696 70
19696 105
19696 125
19696 133
19696 154
19696 162
19696 167
19696 180
19696 3
19696 27
19696 34
19696 63
19696 92
19696 150
19696 155
19749 17
19749 25
19749 30
19749 50
19749 57
19749 58
19749 70
19749 73
19749 82
19749 84
19749 4
19749 13
19749 15
19749 55
19749 66
19749 85
19749 89
19749 106
19749 111
19749 9
19749 24
19749 27
19749 41
19749 43
19749 53
19749 56
19749 60
19749 67
19749 78
19749 8
19749 20
19749 26
19749 34
19749 37
19749 39
19749 49
19749 104
19749 105
19749 110
19749 1
19749 18
19749 22
19749 23
19749 36
19749 64
19749 68
19749 86
19749 88
19749 102
19749 3
19749 14
19749 45
19749 48
19749 61
19749 71
19749 75
19749 76
19749 94
19749 113
19749 2
19749 62
19749 77
19749 90
19749 91
19749 112
19749 7
19749 29
19749 31
19749 44
19749 59
19749 74
19749 79
19749 80
19749 92
19749 93
19749 0
19749 5
19749 12
19749 40
19749 42
19749 54
19749 72
19749 101
19749 114
19749 19
19749 21
19749 33
19749 46
19749 63
19749 81
19749 87
19749 98
19749 100
19749 6
19749 16
19749 51
19749 52
19749 65
19749 95
19749 97
19749 103
19749 107
19749 108
19683 107
19683 144
19683 174
19683 181
19683 198
19683 209
19683 220
19683 241
19683 271
19715 308
19715 312
19715 322
19715 325
19715 352
19715 363
19715 369
19715 318
19715 358
19715 414
19715 330
19715 357
19715 565
19715 566
19715 324
19715 397
19715 86
19715 134
19715 169
19715 226
19715 337
19715 339
19715 340
19715 389
19715 392
19715 409
19715 137
19715 306
19715 307
19715 370
19715 380
19715 395
19715 61
19715 75
19715 156
19715 166
19715 177
19715 267
19715 282
19715 335
19715 371
19715 402
19715 405
19715 332
19715 348
19715 328
19715 349
19715 367
19715 381
19715 384
19715 2
19715 64
19715 83
19715 146
19715 248
19715 288
19715 92
19715 118
19715 133
19715 199
19715 205
19715 278
19715 284
19715 300
19715 73
19715 80
19715 99
19715 179
19715 193
19715 279
19715 132
19715 153
19715 185
19715 236
19715 262
19715 273
19715 275
19715 311
19715 320
19715 391
19715 407
19715 79
19715 89
19715 161
19715 176
19715 203
19715 238
19715 246
19715 253
19715 280
19715 8
19715 51
19715 96
19715 120
19715 194
19715 263
19715 1
19715 4
19715 138
19715 139
19715 141
19715 144
19715 151
19715 183
19715 245
19715 346
19715 364
19715 382
19715 385
19715 388
19715 398
19715 401
19715 66
19715 76
19715 90
19715 100
19715 154
19715 170
19715 207
19715 291
19715 94
19715 107
19715 143
19715 181
19715 213
19715 260
19715 286
19715 289
19715 303
19715 56
19715 98
19715 110
19715 152
19715 232
19715 261
19715 270
19715 290
19715 296
19715 55
19715 87
19715 88
19715 164
19715 195
19715 209
19715 212
19715 240
19715 338
19715 362
19715 375
19715 387
19715 390
19715 412
19715 564
19715 327
19715 342
19715 359
19715 404
19715 372
19715 377
19715 408
19715 562
19715 67
19715 69
19715 126
19715 127
19715 165
19715 197
19715 201
19715 250
19715 271
19715 272
19715 309
19715 317
19715 557
19715 558
19715 560
19715 563
19715 65
19715 109
19715 131
19715 135
19715 162
19715 234
19715 276
19715 293
19715 319
19715 344
19715 353
19715 368
19715 5
19715 60
19715 117
19715 148
19715 167
19715 189
19715 230
19715 292
19715 316
19715 351
19715 411
19715 62
19715 71
19715 106
19715 113
19715 119
19715 130
19715 171
19715 256
19715 265
19715 97
19715 114
19715 140
19715 187
19715 211
19715 255
19715 294
19715 70
19715 102
19715 105
19715 159
19715 160
19715 202
19715 210
19715 231
19715 257
19715 58
19715 108
19715 111
19715 142
19715 155
19715 208
19715 237
19715 254
19715 266
19715 6
19715 68
19715 91
19715 104
19715 178
19715 184
19715 188
19715 192
19715 204
19715 235
19715 0
19715 52
19715 54
19715 72
19715 82
19715 95
19715 129
19715 175
19715 233
19715 3
19715 7
19715 128
19715 136
19715 227
19715 287
19715 297
19715 49
19715 157
19715 182
19715 206
19715 214
19715 264
19715 277
19715 285
19715 301
19715 310
19715 331
19715 400
19715 559
19715 561
19715 323
19715 333
19715 354
19715 376
19715 313
19715 314
19715 326
19715 355
19715 360
19715 365
19715 396
19715 315
19715 321
19715 329
19715 345
19715 356
19715 403
19715 74
19715 78
19715 85
19715 115
19715 168
19715 174
19715 186
19715 198
19715 258
19715 383
19715 386
19715 410
19715 103
19715 112
19715 149
19715 163
19715 269
19715 295
19715 299
19715 334
19715 341
19715 347
19715 361
19715 393
19715 283
19715 379
19715 366
19715 374
19715 378
19715 336
19715 350
19715 394
19715 399
19715 413
19715 57
19715 77
19715 239
19715 251
19715 252
19715 274
19715 305
19715 59
19715 101
19715 116
19715 145
19715 147
19715 173
19715 241
19715 243
19715 50
19715 63
19715 81
19715 196
19715 200
19715 228
19715 242
19715 259
19715 84
19748 4
19748 20
19748 76
19748 89
19748 157
19748 166
19748 183
19748 222
19748 10
19748 36
19748 109
19748 144
19748 162
19748 173
19748 209
19748 220
19748 28
19748 31
19748 47
19748 48
19748 81
19748 121
19748 181
19748 205
19748 224
19748 15
19748 23
19748 42
19748 44
19748 99
19748 161
19748 180
19748 184
19748 190
19748 203
19748 29
19748 62
19748 92
19748 132
19748 133
19748 135
19748 155
19748 223
19748 6
19748 60
19748 103
19748 152
19748 163
19748 167
19748 169
19748 182
19748 211
19748 0
19748 91
19748 101
19748 126
19748 131
19748 158
19748 176
19748 178
19748 189
19748 208
19748 12
19748 39
19748 68
19748 124
19748 137
19748 142
19748 160
19748 188
19748 195
19748 219
19748 2
19748 26
19748 27
19748 37
19748 58
19748 77
19748 106
19748 147
19748 192
19748 9
19748 74
19748 108
19748 128
19748 134
19748 154
19748 187
19748 198
19748 200
19748 216
19748 21
19748 53
19748 70
19748 78
19748 87
19748 95
19748 139
19748 143
19748 201
19748 221
19748 13
19748 52
19748 57
19748 64
19748 75
19748 100
19748 177
19748 193
19748 218
19748 19
19748 24
19748 84
19748 104
19748 114
19748 119
19748 145
19748 151
19748 170
19748 196
19748 45
19748 51
19748 71
19748 72
19748 93
19748 110
19748 111
19748 168
19748 7
19748 41
19748 63
19748 90
19748 98
19748 127
19748 138
19748 146
19748 156
19748 212
19748 17
19748 49
19748 56
19748 80
19748 120
19748 171
19748 172
19748 185
19748 217
19748 14
19748 18
19748 40
19748 43
19748 73
19748 79
19748 83
19748 165
19748 191
19748 214
19748 11
19748 85
19748 113
19748 115
19748 116
19748 148
19748 179
19748 215
19748 1
19748 8
19748 65
19748 118
19748 130
19748 136
19748 197
19748 204
19748 206
19748 207
19748 3
19748 32
19748 55
19748 86
19748 107
19748 122
19748 140
19748 213
19748 16
19748 33
19748 59
19748 67
19748 96
19748 97
19748 117
19748 129
19748 159
19748 34
19748 69
19748 88
19748 125
19748 141
19748 149
19748 150
19748 153
19748 186
19748 210
19680 38
19680 57
19680 89
19680 100
19680 268
19680 378
19680 411
19680 443
19680 496
