19582 155
19582 217
19582 218
19582 239
19582 288
19582 321
19582 139
19582 185
19582 280
19582 334
19582 341
19582 372
19582 376
19582 378
19582 384
19582 397
19582 382
19582 409
19582 424
19582 443
19582 445
19582 468
19582 74
19582 97
19582 164
19582 241
19582 290
19651 29
19651 35
18968 5
18968 7
18968 14
18968 18
18968 0
18968 4
18968 9
18968 13
18968 16
18968 6
18968 8
18968 10
18968 12
18968 15
18968 17
19432 16
19432 56
19432 102
19432 5
19432 15
19432 22
19432 40
19432 60
19432 91
19432 96
19432 112
19432 28
19432 43
19432 45
19432 66
19432 82
19432 85
19432 119
19432 11
19432 18
19432 21
19432 71
19432 90
19432 94
19432 95
19432 97
19432 126
19432 3
19432 27
19432 51
19432 65
19432 70
19432 84
19432 99
19432 105
19432 117
19432 129
19432 4
19432 31
19432 35
19432 58
19432 113
19432 124
19432 138
19432 26
19432 134
19432 47
19432 74
19432 12
19432 23
19432 33
19432 38
19432 61
19432 76
19432 81
19432 122
19432 128
19432 127
19432 17
19432 25
19432 41
19432 79
19432 104
19432 114
19432 120
19432 6
19432 8
19432 13
19432 80
19432 101
19432 109
19668 39
19668 45
19668 59
19668 66
19668 76
19668 114
19668 131
18972 34
18972 99
18972 119
18972 348
18972 376
18972 36
18972 51
18972 136
18972 336
18972 375
18972 44
18972 166
18972 192
18972 289
18972 421
18972 64
18972 263
18972 308
18972 463
18972 438
18972 59
18972 242
18972 258
18972 381
18972 455
19618 1
19618 19
19618 27
19618 73
19618 14
19618 30
19618 74
19618 127
19606 0
19606 2
19606 6
19606 8
19580 44
19580 90
19580 100
19580 137
19580 157
19580 104
19580 117
19580 142
19580 156
19580 10
19580 34
19580 80
19580 119
19580 124
19580 43
19580 55
19580 66
19580 77
19580 105
19580 164
19580 166
19580 169
19580 173
19580 175
19580 18
19580 39
19580 64
19580 74
19580 78
19580 113
19580 63
19580 71
19580 89
19580 155
19580 158
19580 35
19580 97
19580 134
19580 141
19580 42
19580 54
19580 65
19580 110
19580 127
19580 46
19580 75
19580 83
19580 136
19580 17
19580 81
19580 91
19580 131
19580 11
19580 28
19580 36
19580 49
19580 51
19580 26
19580 96
19580 152
19580 167
19580 3
19580 94
19580 95
19580 115
19580 143
19580 6
19580 24
19580 32
19580 106
19580 109
19671 6
19671 36
19671 55
19671 83
19671 136
19671 142
19671 20
19671 53
19671 103
19671 108
19671 122
19671 148
19671 176
19671 1
19671 84
19671 167
19671 199
19671 200
19671 205
19728 12
19728 174
19728 225
19728 230
19728 0
19728 32
19728 39
19728 75
19728 112
19728 135
19728 25
19728 45
19728 47
19728 109
19728 114
19728 195
19728 22
19728 26
19728 37
19728 66
19728 94
19728 34
19728 148
19728 224
19728 231
19728 54
19728 99
19728 102
19728 138
19728 2
19728 71
19728 85
19728 120
19728 154
19728 190
19728 205
19728 31
19728 51
19728 86
19728 118
19728 149
19728 189
19728 240
19728 29
19728 81
19728 91
19728 115
19728 175
19728 176
19728 178
19728 209
19728 220
19728 131
19728 144
19728 188
19728 196
19728 217
19728 20
19728 95
19728 198
19728 221
19728 142
19728 146
19728 213
19728 17
19728 19
19728 27
19728 41
19728 56
19728 84
19728 15
19728 58
19728 61
19728 234
19728 247
19728 211
19728 104
19728 105
19728 126
19728 137
19728 177
19728 24
19728 87
19728 96
19728 97
19728 100
19728 134
19728 52
19728 62
19728 153
19728 210
19480 21
19480 65
19480 81
19480 113
19480 119
19480 146
19480 153
19480 173
19480 12
19480 57
19480 130
19480 131
19480 144
19480 156
19480 167
19480 195
19480 36
19480 85
19480 89
19480 92
19480 101
19480 170
19480 187
19480 193
19480 69
19480 114
19480 107
19480 192
19061 20
19061 28
19061 42
19061 64
19061 79
19061 27
19061 31
19061 101
19061 151
19061 65
19061 67
19061 74
19061 98
19061 129
19082 10
19082 12
19082 30
19082 40
19664 45
19664 112
19664 156
19664 161
19664 3
19664 55
19664 69
19664 158
19664 52
19664 66
19664 70
19664 74
19664 139
19664 153
19051 9
19051 56
19051 164
19051 388
19051 391
19051 68
19051 177
19051 276
19051 299
19051 16
19051 139
19051 181
19051 296
19051 307
19051 45
19051 80
19051 85
19051 162
19051 334
19051 156
19051 158
19051 174
19051 219
19051 223
19051 279
18984 121
18984 37
18984 63
18984 66
18984 124
18984 45
18984 54
18984 58
18984 96
18984 100
18984 53
18984 119
18984 120
18984 132
18984 60
18984 80
18984 83
18984 88
18984 108
18984 35
18984 117
18984 0
18984 3
18984 4
18984 8
18984 11
18984 52
18984 55
18984 64
18984 73
18984 94
18984 107
18984 113
18984 116
18984 118
18984 129
18984 109
18984 50
18984 65
18984 89
18984 110
18984 16
18984 19
18984 23
18984 29
18984 56
18984 70
18984 76
18984 93
18984 32
18984 69
18984 78
18984 95
18984 133
18984 2
18984 13
18984 22
18984 5
18984 7
18984 9
18984 12
18984 17
18984 27
18984 72
18984 82
18984 126
19529 26
19529 59
19529 83
19529 146
19630 24
19630 31
19630 74
19630 98
19630 116
19630 150
19630 1
19630 76
19630 81
19630 140
19630 218
19630 250
19630 46
19630 163
19630 165
19630 308
19630 26
19630 32
19630 130
19630 139
19630 173
19504 15
19504 23
19504 32
19504 46
19504 75
19504 82
19504 116
19504 146
19504 34
19504 86
19504 101
19504 103
19504 117
19504 134
19504 151
19504 159
19504 166
19504 194
19504 198
19504 203
19504 204
19504 209
19504 211
19504 215
19504 229
19504 25
19504 29
19504 61
19504 126
19504 140
19504 163
19504 178
19504 179
19504 35
19504 91
19504 160
19504 4
19504 22
19504 95
19504 98
19504 118
19504 154
19504 26
19504 47
19504 106
19504 145
19504 205
19504 208
19504 212
19504 222
19504 224
19504 225
19504 1
19504 33
19504 38
19504 44
19504 49
19504 56
19504 79
19504 96
19504 168
19504 183
19504 191
19504 201
19504 210
19504 214
19504 218
19504 226
19504 228
19504 221
19504 232
19504 43
19504 53
19504 65
19504 73
19504 92
19504 119
19504 155
19504 176
19504 0
19504 21
19504 27
19504 41
19504 74
19504 87
19504 89
19504 120
19504 172
19504 181
19504 2
19504 50
19504 70
19504 142
19504 144
19504 170
19504 173
19504 174
19629 26
19629 102
19629 108
19629 7
19629 21
19629 23
19629 45
19629 72
19629 78
19629 0
19629 27
19629 47
19629 89
19629 90
19629 1
19629 2
19629 15
19629 22
19629 33
19629 73
19629 79
19629 16
19629 50
19629 81
19629 88
19629 20
19629 39
19629 57
19629 92
19629 12
19629 38
19629 49
19629 62
19629 76
19629 77
19629 8
19629 13
19629 44
19629 51
19629 61
19629 98
19629 36
19629 69
19629 84
19629 101
19629 107
19430 404
19430 409
19430 443
19742 0
19742 9
19742 17
19742 20
19742 37
19619 24
19619 34
19619 36
19619 60
19619 63
19619 64
19619 72
19619 0
19619 27
19619 56
19619 71
19619 2
19619 3
19619 16
19619 18
19619 49
19619 26
19619 30
19619 35
19619 61
19619 66
19619 10
19619 57
19619 5
19619 17
19619 25
19619 41
19619 43
19619 39
19619 52
19619 59
19619 62
19619 68
19619 42
19619 55
19619 67
19619 69
19619 70
19652 22
19652 69
19652 191
19652 198
19652 201
19652 17
19652 155
19652 173
19652 32
19652 190
19652 194
19652 197
19652 18
19652 20
19652 35
19652 113
19652 177
19652 25
19652 36
19652 85
19652 98
19652 196
19652 45
19652 80
19652 99
19652 132
19652 77
19652 91
19652 101
19652 130
19652 134
19652 140
19652 93
19652 109
19652 137
19652 192
19652 6
19652 50
19652 60
19652 94
19652 146
19652 158
19652 168
19652 205
19652 206
19652 3
19652 83
19652 110
19652 129
19652 199
19652 41
19652 55
19652 166
19652 188
19652 204
19652 75
19652 107
19652 141
19652 143
19652 174
19652 76
19652 124
19652 179
19652 181
19652 195
19652 0
19652 57
19652 119
19652 133
19652 147
19652 162
19652 21
19652 30
19652 59
19652 66
19652 82
19652 19
19652 34
19652 40
19652 122
19652 142
19652 5
19652 10
19652 68
19652 121
19652 23
19652 111
19652 175
19652 178
19652 187
19652 29
19652 65
19652 74
19652 105
19652 114
19652 148
19652 26
19652 28
19652 160
19652 180
19652 185
19649 30
19649 38
19649 60
19649 396
19649 417
19649 434
19600 12
19600 13
19600 14
19600 15
19600 23
19600 32
19600 2
19600 6
19600 8
19600 9
19600 4
19600 17
19600 18
19600 20
19600 21
19600 28
19600 34
19600 36
19600 26
19725 4
19725 22
19725 50
19725 105
19725 125
19725 156
19725 270
19559 2
19559 9
19559 36
19559 37
19559 125
19559 315
19559 361
19559 391
19559 401
19498 0
19498 2
19498 5
19498 12
19498 19
19498 21
19498 24
19498 27
19498 35
19498 15
19498 25
19498 33
19498 1
19498 36
19498 6
19498 7
19498 8
19498 16
19498 18
19498 32
19498 34
19447 7
19447 14
19447 31
19447 33
19447 58
19447 61
19447 65
19496 306
19496 346
19496 364
19496 393
19496 394
19496 396
19496 420
19496 426
19496 10
19496 54
19496 202
19496 255
19496 93
19496 127
19496 162
19496 167
19496 192
19496 206
19496 228
19496 262
19496 408
19496 422
19496 451
19496 307
19496 319
19496 355
19496 365
19496 388
19496 406
19496 429
19496 441
19496 461
19496 23
19496 53
19496 117
19496 186
19496 216
19496 222
19496 249
19496 297
19680 22
19680 149
19680 332
19680 414
19680 533
19680 556
19680 557
19680 565
19680 92
19680 248
19680 251
19680 354
19680 357
19680 401
19680 453
19680 525
19680 470
19680 492
19680 529
19680 39
19680 363
19680 397
19680 402
19680 51
19680 159
19680 182
19680 253
19680 279
19680 72
19680 88
19680 148
19680 183
19680 187
19680 341
19680 136
19680 170
19680 356
19680 358
19680 413
19680 447
19680 266
19680 312
19680 503
19680 528
19680 89
19680 378
19680 496
19680 521
19680 44
19680 61
19680 111
19680 239
19680 261
19680 410
19680 461
19680 520
19680 536
19680 549
19680 12
19680 118
19680 171
19680 233
19680 265
19680 458
19680 43
19680 45
19680 64
19680 296
19680 369
19680 38
19680 57
19680 100
19680 268
19680 411
19680 443
19680 29
19680 86
19680 466
19680 488
19680 174
19680 234
19680 462
19680 538
19680 539
19680 74
19680 231
19680 294
19680 311
19680 352
19680 416
19680 478
19680 178
19680 564
19680 566
19680 177
19680 221
19680 262
19680 441
19680 76
19680 196
19680 338
19680 508
19680 552
19680 53
19680 157
19680 173
19680 481
19680 499
19680 154
19680 237
19680 314
19680 544
19680 236
19680 398
19680 422
19680 435
19680 448
19680 491
19680 513
19680 98
19680 153
19680 271
19680 285
19680 298
19680 80
19680 225
19680 287
19680 373
19680 438
19680 229
19680 326
19680 374
19680 387
19680 463
19680 464
19680 480
19680 13
19680 54
19680 90
19680 93
19680 150
19680 168
19680 300
19680 7
19680 11
19680 272
19680 273
19680 439
19680 2
19680 91
19680 147
19680 340
19680 343
19680 454
19680 112
19680 130
19680 489
19680 550
19680 560
19680 24
19680 95
19680 156
19680 190
19680 485
19680 202
19680 213
19680 302
19680 333
19680 419
19680 471
19680 16
19680 392
19680 423
19680 82
19680 164
19680 418
19680 428
19680 67
19680 180
19680 209
19680 284
19680 483
19680 94
19680 119
19680 122
19680 218
19680 336
19680 342
19680 99
19680 151
19680 476
19680 540
19680 23
19680 73
19680 155
19680 195
19680 301
19680 417
19680 37
19680 102
19680 203
19680 440
19680 223
19680 473
19680 534
19680 21
19680 181
19680 331
19680 510
19680 531
19680 6
19680 85
19680 161
19680 381
19680 394
19680 511
19680 36
19680 47
19680 308
19680 395
19680 436
19680 14
19680 206
19680 34
19680 482
19680 493
19680 494
19680 52
19680 68
19680 146
19680 204
19680 451
19680 107
19680 259
19680 404
19680 514
19680 25
19680 449
19680 457
19680 9
19680 238
19680 244
19680 393
19680 442
19680 479
19680 263
19680 319
19680 426
19680 446
19680 169
19680 194
19680 495
19680 517
19680 543
19680 220
19680 276
19680 351
19680 201
19680 277
19680 337
19680 553
19680 210
19680 246
19680 1
19680 200
19680 327
19669 1
19669 10
19669 32
19669 63
19669 269
19669 274
19669 281
19669 287
19669 140
19669 142
19669 284
19669 107
19669 172
19669 192
19669 221
19669 227
19669 247
19669 268
19669 277
19669 5
19669 60
19669 76
19669 79
19669 80
19669 8
19669 22
19669 41
19669 42
19669 72
19669 0
19669 7
19669 14
19669 16
19669 36
19669 64
19669 113
19669 116
19669 136
19669 147
19669 153
19669 205
19669 148
19669 151
19669 170
19669 226
19669 237
19669 236
19669 261
19669 280
19669 266
19669 283
19669 17
19669 34
19669 50
19669 69
19669 84
19669 83
19669 104
19669 108
19669 230
19669 243
19669 244
19669 98
19669 123
19669 246
19669 87
19669 106
19669 143
19669 161
19669 162
19669 217
19669 232
19669 90
19669 145
19669 146
19669 171
19669 176
19669 234
19669 111
19669 114
19669 124
19669 150
19669 152
19669 219
19669 251
19669 144
19669 149
19669 157
19669 165
19669 199
19669 203
19669 117
19669 126
19669 135
19669 183
19669 204
19669 37
19669 46
19669 67
19669 112
19669 129
19669 141
19669 190
19669 249
19669 272
19669 101
19669 103
19669 138
19669 139
19669 163
19669 200
19669 225
19669 100
19669 182
19669 222
19669 115
19669 167
19669 211
19669 11
19669 24
19669 25
19669 51
19669 52
19669 58
19556 30
19556 75
19556 84
19556 93
19556 6
19556 15
19556 37
19556 58
19556 74
19556 88
19556 11
19556 16
19556 20
19556 32
19556 39
19556 40
19556 53
19556 80
19556 57
19556 62
19556 92
19556 101
19556 24
19556 42
19556 87
19556 91
19556 7
19556 13
19556 29
19556 59
19556 73
19556 2
19556 46
19556 69
19556 98
19556 102
19556 35
19556 109
19556 9
19556 19
19556 36
19556 61
19556 71
19556 106
19556 64
19556 77
19556 111
19556 113
19556 28
19556 51
19556 55
19556 56
19556 68
19556 85
19556 14
19556 21
19556 41
19556 43
19556 50
19556 66
19694 36
19694 193
19694 197
19694 225
19694 88
19694 93
19694 262
19694 284
19648 2
19648 14
19648 17
19648 27
19648 40
19648 74
19648 94
19648 137
19678 15
19678 27
19678 38
19678 67
19678 88
19678 90
19678 101
19552 10
19552 21
19552 26
19552 42
19552 50
19552 117
19552 120
19552 161
19552 167
19552 218
19552 426
19552 5
19552 6
19552 14
19552 20
19552 31
19552 41
19552 95
19552 240
19552 251
19552 450
19552 454
19552 112
19552 335
19552 429
19552 523
19027 53
19027 63
19027 73
19027 81
19027 84
19027 97
19027 52
19027 85
19027 92
19027 112
19027 55
19027 66
19027 69
19027 95
19027 99
19027 59
19027 87
19027 102
19027 108
19027 0
19027 8
19027 10
19027 28
19027 45
19027 50
19027 65
19027 91
19027 104
19027 74
19027 77
19027 78
19027 82
19027 88
19027 96
19027 3
19027 5
19027 25
19027 35
19027 107
19027 110
19027 11
19027 36
19027 38
19027 48
19027 49
19027 54
19027 86
19027 90
19027 100
19027 105
19027 111
19027 56
19027 57
19027 60
19027 67
19027 6
19027 12
19027 39
19027 42
19027 44
19027 2
19027 4
19027 20
19027 30
19027 32
19027 40
19027 16
19027 18
19027 23
19027 27
19027 33
19027 37
19027 7
19027 14
19027 19
19027 21
19027 24
19027 29
19027 62
19027 70
19027 72
19027 79
19027 83
19027 93
19027 15
19027 41
19027 43
19027 47
19459 206
19459 207
19459 230
19459 272
19459 317
19459 341
19459 421
19459 422
19459 440
19459 39
19459 59
19459 74
19459 85
19459 96
19459 105
19459 126
19459 136
19459 12
19459 28
19459 38
19459 95
19459 127
19459 164
19459 175
19459 191
19459 227
19459 249
19459 295
19459 296
19459 329
19459 360
19459 414
19459 228
19459 335
19459 365
19459 405
19459 417
19459 420
19459 439
19459 466
19459 210
19459 458
19459 470
19459 266
19459 274
19459 354
19459 380
19459 393
19459 404
19459 430
19459 2
19459 19
19459 26
19459 80
19459 147
19459 148
19459 154
19459 44
19459 67
19459 73
19459 86
19459 112
19459 121
19459 130
19459 150
19459 229
19459 275
19459 279
19459 298
19459 301
19459 334
19459 406
19459 196
19459 273
19459 314
19459 318
19459 336
19459 377
19459 382
19459 391
19459 438
19473 9
19473 36
19473 72
19473 90
19473 141
19473 146
19473 176
19473 184
19473 196
19473 27
19473 47
19473 56
19473 59
19473 106
19473 122
19473 140
19473 145
19473 29
19473 69
19473 87
19473 93
19473 129
19473 136
19473 155
19473 182
19473 48
19473 6
19473 35
19473 53
19473 95
19473 97
19473 98
19473 100
19473 114
19473 148
19473 0
19473 2
19473 49
19473 50
19473 66
19473 110
19473 115
19473 135
19473 163
19473 164
19473 19
19473 22
19473 62
19473 65
19473 99
19473 116
19473 123
19473 131
19473 17
19473 79
19473 85
19473 167
19473 195
19473 143
19473 186
19473 197
19473 16
19473 33
19473 88
19473 104
19473 120
19473 172
19473 175
19473 63
19473 94
19473 3
19473 11
19473 45
19473 58
19473 68
19473 134
19473 149
19473 159
19473 169
19716 2
19716 6
19716 22
19716 23
19716 29
19716 36
19716 39
19716 94
19716 301
19716 431
19716 520
19716 75
19716 295
19716 320
19716 351
19716 406
19716 421
19716 511
19716 104
19716 114
19716 369
19716 374
19716 465
19716 470
19716 83
19716 134
19716 149
19716 267
19716 274
19716 284
19716 139
19716 174
19716 198
19716 239
19716 312
19716 322
19716 399
19716 140
19716 325
19716 427
19716 85
19716 93
19716 176
19716 384
19610 188
19610 196
19610 242
19610 249
19610 349
19610 151
19610 200
19610 245
19610 287
19610 345
19610 108
19610 118
19610 123
19610 130
19610 153
19610 215
19610 250
19610 373
19610 398
19610 399
19610 7
19610 43
19610 51
19610 58
19610 69
19610 73
19610 216
19610 222
19610 374
19610 396
19610 164
19610 168
19610 291
19610 315
19610 333
19610 344
19610 359
19610 282
19610 308
19610 317
19610 383
19610 2
19610 5
19610 16
19610 47
19610 55
19610 66
19610 178
19610 194
19610 229
19610 233
19610 307
19610 322
19610 408
19610 423
19610 428
19610 154
19610 212
19610 241
19610 395
19610 167
19610 279
19610 314
19610 338
19610 193
19610 204
19610 230
19610 235
19610 261
19610 292
19610 370
19610 260
19610 394
19610 403
19610 407
19610 416
19610 140
19610 146
19610 217
19610 255
19610 269
19610 330
19610 137
19610 221
19610 234
19610 251
19610 278
19610 362
19610 20
19610 57
19610 61
19610 64
19610 98
19610 119
19610 25
19610 41
19610 81
19610 97
19610 116
19610 117
19610 136
19610 159
19610 207
19610 246
19610 304
19610 367
19610 171
19610 225
19610 240
19610 274
19610 366
19610 161
19610 175
19610 232
19610 302
19610 340
19610 26
19610 40
19610 50
19610 80
19610 94
19610 160
19610 185
19610 199
19610 226
19610 339
19610 372
19610 3
19610 24
19610 54
19610 59
19610 65
19610 83
19610 13
19610 27
19610 48
19610 67
19610 114
19610 162
19610 243
19610 268
19610 311
19610 324
19610 352
19610 176
19610 248
19610 252
19610 257
19610 290
19610 296
19610 327
19610 158
19610 210
19610 211
19610 299
19610 364
19610 219
19610 254
19610 413
19610 414
19610 421
19610 143
19610 156
19610 247
19610 377
19610 391
19610 397
19610 150
19610 192
19610 228
19610 259
19610 271
19610 358
19610 35
19610 46
19610 78
19610 79
19610 82
19610 101
19610 149
19610 180
19610 277
19610 321
19610 334
19610 378
19446 55
19446 74
19446 94
19446 294
19446 336
19446 433
19446 26
19446 60
19446 118
19446 296
19446 419
19023 45
19023 84
19023 122
19023 189
19023 192
19023 3
19023 124
19023 132
19023 234
19023 235
19023 24
19023 32
19023 36
19023 54
19023 75
19023 161
19023 110
19023 112
19023 113
19023 130
19023 144
19023 167
19023 38
19023 125
19023 126
19023 219
19023 226
19023 17
19023 223
19023 224
19023 178
19023 179
19023 209
19023 216
19023 10
19023 16
19023 29
19023 105
19023 148
19023 175
19023 26
19023 186
19023 187
19023 190
19023 221
19023 35
19023 44
19023 138
19023 203
19023 41
19023 88
19023 158
19023 160
19023 168
19023 182
19023 206
19023 7
19023 34
19023 185
19023 220
19023 6
19023 61
19023 68
19023 99
19023 171
19023 176
19023 55
19023 109
19023 121
19023 183
19023 48
19023 57
19023 202
19023 210
19023 67
19023 118
19023 157
19023 180
19023 9
19023 21
19023 27
19023 208
19023 46
19023 56
19023 140
19023 156
19023 170
19023 194
19023 106
19023 222
19023 230
19023 74
19023 80
19023 97
19023 107
19023 193
19023 94
19023 117
19023 200
19023 207
19023 23
19023 78
19023 123
19023 198
19023 217
19023 2
19023 52
19023 86
19023 166
19023 181
19660 89
19660 98
19660 108
19660 156
19660 3
19660 22
19660 26
19660 30
19660 42
19660 67
19660 72
19660 96
19660 101
19660 129
19660 148
19660 153
19660 165
19660 33
19660 51
19660 62
19660 64
19660 88
19660 122
19660 127
19660 130
19660 140
19660 60
19660 70
19660 73
19660 5
19660 19
19660 28
19660 40
19660 41
19660 49
19660 1
19660 9
19660 17
19660 32
19660 45
19660 63
19660 77
19660 91
19660 92
19660 93
19660 105
19660 123
19660 126
19660 113
19660 125
19660 136
19660 154
19660 0
19660 2
19660 8
19660 11
19660 15
19660 20
19660 34
19628 5
19628 253
19628 287
19628 401
19628 478
19628 13
19628 99
19628 104
19628 118
19628 412
19628 452
19628 172
19628 228
19628 325
19628 431
19628 459
19070 54
19070 55
19070 199
19070 206
19070 267
19434 165
19434 200
19434 216
19434 330
19434 469
19434 495
19434 503
19434 530
19434 145
19434 189
19434 336
19434 337
19434 340
19434 353
19434 420
19434 428
19434 193
19434 195
19434 424
19434 474
19434 202
19434 209
19434 247
19434 361
19434 374
19434 388
19434 425
19434 245
19434 463
19434 150
19434 536
19434 222
19434 259
19434 295
19434 313
19434 358
19434 385
19434 404
19434 407
19434 168
19434 321
19434 54
19434 131
19434 246
19434 262
19434 6
19434 19
19434 22
19434 46
19434 48
19434 52
19434 67
19434 122
19434 161
19434 175
19434 397
19434 408
19434 465
19434 488
19434 505
19434 516
19434 242
19434 311
19434 449
19434 183
19434 224
19434 400
19434 197
19434 257
19434 320
19434 393
19434 451
19434 484
19434 490
19434 492
19434 24
19434 121
19434 97
19434 169
19434 176
19434 210
19434 335
19434 370
19434 525
19434 533
19434 215
19434 275
19434 319
19434 402
19434 450
19434 464
19434 467
19434 406
19434 531
19434 147
19434 172
19434 186
19434 231
19434 265
19434 354
19434 368
19434 410
19434 461
19434 519
19434 23
19434 33
19434 39
19434 41
19434 47
19434 50
19434 84
19434 116
19434 198
19434 274
19434 294
19434 331
19434 510
19434 153
19434 158
19434 239
19434 355
19434 508
19434 513
19434 537
19434 539
19434 16
19434 27
19434 31
19434 32
19434 51
19434 68
19434 110
19434 111
19434 527
19434 529
19434 159
19434 174
19434 237
19434 45
19434 63
19434 82
19434 93
19434 113
19434 115
19434 135
19434 185
19434 327
19434 535
19434 155
19434 255
19434 298
19434 347
19434 382
19434 432
19434 479
19434 518
19434 170
19434 194
19434 196
19434 283
19434 462
19434 472
19434 154
19434 162
19434 192
19434 240
19434 258
19434 308
19434 458
19434 218
19434 227
19434 250
19434 271
19434 284
19434 291
19434 328
19434 444
19434 118
19434 128
19434 244
19434 471
19434 496
19434 515
19434 506
19434 523
19434 164
19434 173
19434 177
19434 213
19434 252
19434 286
19434 325
19434 399
19434 344
19434 446
19434 133
19616 3
19616 5
19616 14
19616 30
19616 85
19490 50
19490 60
19490 106
19490 107
19490 145
19490 147
19490 169
19490 172
19490 177
19675 4
19675 9
19675 10
19675 15
19675 16
19675 1
19675 2
19675 5
19675 7
19675 8
19675 11
19721 63
19721 88
19721 148
19721 178
19721 51
19721 55
19721 136
19721 203
19721 97
19721 113
19721 117
19721 157
19721 212
19721 104
19721 163
19721 167
19721 228
19721 232
19721 47
19721 96
19721 140
19721 161
19721 196
19721 221
19721 67
19721 92
19721 160
19721 190
19721 36
19721 56
19721 83
19721 145
19721 230
19721 235
19721 21
19721 116
19721 176
19721 185
19721 195
19721 23
19721 60
19721 81
19721 131
19721 237
19721 122
19721 141
19721 244
19721 247
19721 71
19721 80
19721 132
19721 168
19721 216
19721 224
19721 10
19721 58
19721 100
19721 130
19721 146
19721 175
19721 180
19721 74
19721 90
19721 114
19721 126
19721 205
19721 33
19721 133
19721 154
19721 171
19721 86
19721 89
19721 101
19721 173
19721 242
19721 151
19721 156
19721 34
19721 79
19721 102
19721 115
19721 209
19721 245
19721 248
19721 25
19721 124
19721 197
19721 200
19721 40
19721 143
19721 199
19721 207
19721 69
19721 91
19721 120
19721 206
19721 29
19721 99
19721 169
19721 187
19721 243
19721 22
19721 98
19721 123
19721 125
19721 182
19721 222
19721 16
19721 64
19721 84
19721 4
19721 15
19721 193
19721 227
19721 5
19721 94
19721 95
19721 174
19721 0
19721 18
19721 46
19721 72
19721 150
19721 188
19721 1
19721 26
19721 38
19721 62
19721 184
19721 11
19721 37
19721 128
19721 164
19721 204
19721 214
19721 234
19721 6
19721 27
19721 45
19721 201
19721 2
19721 19
19721 238
19721 9
19721 65
19721 87
19721 134
19721 135
19721 149
19721 31
19721 75
19721 110
19721 179
19721 181
19721 210
19721 7
19721 61
19721 155
19721 42
19721 50
19721 54
19721 118
19721 153
19721 78
19721 121
19721 129
19721 139
19721 158
19721 226
19721 28
19721 108
19721 109
19721 119
19721 147
19721 241
19721 39
19721 220
19721 77
19721 246
19721 43
19721 93
19721 162
19721 177
19721 198
19721 202
19721 44
19721 52
19721 70
19721 85
19721 105
19721 107
19721 111
19721 165
19721 13
19721 30
19721 48
19721 144
19721 166
19721 183
19721 189
19721 217
19721 231
19721 239
19721 8
19721 112
19721 127
19721 219
19721 138
19721 159
19721 170
19721 186
19721 194
19721 223
19721 12
19721 35
19721 41
19721 82
19721 192
19721 213
19721 236
19721 240
19721 3
19721 17
19721 53
19721 218
19721 225
19721 24
19721 73
19721 106
19721 137
19721 142
19721 191
19721 57
19721 68
19721 76
19721 211
19564 65
19564 5
19564 8
19564 9
19564 23
19564 52
19564 53
19564 55
19564 1
19564 22
19564 49
19564 56
19564 57
19564 33
19564 45
19564 48
19564 73
19564 19
19564 47
19564 58
19564 11
19564 14
19564 32
19564 38
19564 41
19564 66
19564 4
19564 34
19564 35
19564 59
19564 60
19564 2
19564 6
19564 13
19564 18
19564 29
19564 30
19624 46
19624 87
19624 131
19624 247
19624 40
19624 86
19624 107
19624 209
19624 115
19624 128
19624 160
19624 169
19624 199
19624 47
19624 64
19624 123
19624 174
19624 251
19624 32
19624 83
19624 88
19624 167
19624 205
19624 214
19624 27
19624 124
19624 149
19624 178
19624 189
19624 0
19624 1
19624 4
19624 5
19624 6
19624 7
19624 11
19624 68
19624 84
19624 241
19624 22
19624 171
19624 186
19624 212
19624 48
19624 60
19624 176
19624 226
19624 25
19624 138
19624 250
19624 256
19624 258
19624 44
19624 70
19624 77
19624 125
19624 163
19624 172
19624 12
19624 101
19624 132
19624 158
19624 177
19624 206
19624 54
19624 58
19624 168
19624 210
19624 218
19624 78
19624 112
19624 114
19624 164
19624 183
19624 231
19624 239
19624 254
19624 267
19624 71
19624 72
19624 170
19624 208
19624 221
19624 15
19624 45
19624 156
19624 202
19624 245
19624 65
19624 92
19624 126
19624 185
19624 191
19624 10
19624 21
19624 74
19624 102
19624 193
19624 213
19624 130
19624 235
19624 236
19624 264
19624 79
19624 89
19624 99
19624 140
19624 197
19624 198
19624 9
19624 33
19624 246
19624 253
19624 43
19624 119
19624 188
19624 260
19624 116
19624 147
19624 155
19624 200
19624 2
19624 3
19624 37
19624 38
19624 59
19624 98
19624 173
19624 216
19624 23
19624 35
19624 196
19624 207
19624 29
19624 82
19624 118
19624 153
19624 17
19624 20
19624 41
19624 96
19624 117
19624 217
19624 52
19624 55
19624 80
19624 192
19624 201
19624 237
19624 28
19624 103
19624 105
19624 113
19624 195
19624 252
18988 125
18988 296
18988 2
18988 141
18988 156
18988 190
18988 241
18988 320
18988 367
18988 61
18988 98
18988 133
18988 159
18988 3
18988 102
18988 128
18988 139
18988 213
18988 304
18988 318
18988 351
18988 402
18988 409
18988 129
18988 123
18988 148
18988 187
18988 232
18988 49
18988 114
18988 132
18988 184
18988 43
18988 100
18988 181
18988 286
18988 42
18988 157
18988 185
18988 191
18988 253
18988 118
18988 280
18988 294
18988 322
18988 330
18988 344
18988 383
18988 54
18988 203
18988 229
18988 277
18988 216
18988 315
18988 374
18988 380
18988 401
18988 138
18988 6
18988 29
18988 64
18988 69
18988 250
18988 9
18988 65
18988 80
18988 164
18988 88
18988 99
18988 195
18988 219
18988 251
18988 305
18988 395
18988 396
18988 418
18988 94
18988 170
18988 199
18988 225
18988 262
18988 1
18988 31
18988 131
18988 175
18988 342
18988 343
18988 345
18988 366
18988 411
18988 27
18988 147
18988 201
18988 244
18988 10
18988 21
18988 41
18988 72
18988 107
18988 34
18988 36
18988 45
18988 189
18988 279
18988 24
18988 91
18988 227
18988 255
18988 273
18988 15
18988 26
18988 124
18988 177
18988 236
18988 303
18988 160
18988 180
18988 194
18988 217
18988 48
18988 134
18988 261
18988 263
18988 283
18988 435
18988 289
18988 282
18988 44
18988 73
18988 144
18988 168
18988 7
18988 11
18988 74
18988 173
18988 174
18988 8
18988 110
18988 226
18988 245
18988 101
18988 103
18988 211
18988 228
18988 249
18988 106
18988 247
18988 259
18988 260
18988 63
18988 112
18988 238
18988 265
18988 165
18988 186
18988 276
18988 293
18988 381
18988 404
18988 414
18988 424
18988 321
18988 357
18988 377
18988 427
18988 86
18988 137
18988 155
18988 270
18988 288
18988 327
18988 332
18988 333
18988 403
18988 127
18988 208
18988 256
18988 264
18988 324
18988 364
18988 372
18988 406
18988 433
19480 20
19480 82
19480 99
19480 152
19480 154
19480 155
19480 189
19480 34
19480 75
19480 115
19480 127
19480 128
19480 139
19480 143
19480 161
19480 188
19480 203
19480 26
19480 35
19480 76
19480 100
19480 105
19480 124
19480 134
19480 150
19480 200
19480 9
19480 22
19480 38
19480 52
19480 74
19480 87
19480 122
19480 137
19480 33
19480 72
19480 110
19480 129
19480 132
19480 133
19480 142
19480 166
19480 176
19480 44
19480 95
19480 98
19480 103
19480 121
19480 135
19480 168
19480 186
19480 70
19480 149
19480 177
19480 181
19480 199
19480 217
19480 220
19480 45
19480 46
19480 54
19480 63
19480 78
19480 109
19480 136
19480 174
19480 2
19480 28
19480 41
19480 55
19480 77
19480 84
19480 102
19480 10
19480 30
19480 37
19480 43
19480 53
19480 80
19480 91
19480 111
19480 165
19480 90
19480 125
19480 138
19480 190
19480 201
19480 202
19080 289
19080 290
19080 308
19080 323
19080 397
19080 406
19080 33
19080 53
19080 91
19080 141
19080 177
19080 206
19080 297
19080 298
19080 321
19080 462
19080 527
19080 530
19080 1
19080 8
19080 44
19080 79
19080 163
19080 179
19080 331
19080 358
19080 461
19080 475
19080 516
19080 103
19080 136
19080 175
19080 188
19080 195
19080 26
19080 114
19080 137
19080 171
19080 181
19080 218
19080 249
19080 293
19080 368
19080 421
19080 469
19080 496
19080 524
19080 258
19080 344
19080 355
19080 457
19080 540
19080 554
19421 19
19421 49
19421 56
19421 64
19421 71
19421 86
19421 109
19421 126
19421 130
19058 205
19058 233
19058 353
19058 359
19058 360
19058 83
19058 85
19058 202
19058 290
19058 330
18997 4
18997 76
18997 145
18997 168
18997 246
19653 6
19653 58
19653 30
19653 32
19653 34
19653 49
19653 57
19653 7
19653 31
19653 43
19653 48
19653 51
19653 0
19653 3
19653 13
19653 17
19653 28
19653 60
19653 8
19653 50
19653 2
19653 12
19653 15
19653 23
19653 45
19653 47
19653 29
19653 33
19653 40
19653 55
19653 4
19653 19
19653 44
19653 61
19653 5
19653 9
19653 24
19653 26
19653 35
19653 59
19653 62
19653 10
19653 11
19653 16
19653 37
19653 54
19653 14
19653 20
19653 25
19653 36
19653 38
19653 39
19615 22
19615 25
19615 30
19615 32
19615 38
19615 41
19615 3
19615 10
19615 17
19615 36
19615 37
19615 46
19615 49
19615 28
19615 29
19615 34
19615 47
19015 86
19015 419
19015 455
19015 569
19015 210
19015 264
19015 306
19015 384
19015 232
19015 289
19015 350
19015 358
19015 519
19015 23
19015 402
19015 407
19015 567
19015 31
19015 351
19015 380
19015 460
19432 49
19432 125
19432 132
19432 30
19432 55
19432 59
19432 98
19432 100
19432 115
19432 121
19432 131
19432 135
19432 14
19432 24
19432 46
19432 53
19432 54
19432 67
19432 73
19432 78
19432 92
19432 133
19432 10
19432 42
19432 44
19432 83
19432 108
19432 0
19432 19
19432 34
19432 48
19432 68
19432 88
19432 106
19432 118
19432 130
19432 32
19432 36
19432 57
19432 63
19432 72
19432 86
19432 89
19432 107
19432 142
19734 22
19734 34
19734 71
19734 100
19734 18
19734 32
19734 52
19734 78
19734 83
19734 13
19734 33
19734 51
19734 60
19734 63
19734 84
19734 45
19734 69
19734 86
19734 88
19734 96
19734 17
19734 27
19734 31
19734 56
19734 72
19734 1
19734 10
19734 25
19734 58
19671 16
19671 41
19671 88
19671 132
19671 182
19671 189
19671 195
19018 140
19018 333
19018 350
19018 379
19018 440
19018 10
19018 97
19018 113
19018 167
19018 289
19018 403
19018 461
19018 515
19018 87
19018 190
19018 194
19018 208
19018 219
19018 254
19018 285
19018 383
19018 407
19018 428
19018 526
19018 529
19018 20
19018 57
19018 104
19018 112
19018 144
19018 318
19018 321
19018 528
19018 566
19018 579
19018 38
19018 60
19018 152
19018 187
19018 198
19018 18
19018 22
19018 84
19018 101
19018 139
19661 15
19661 16
19661 40
19661 77
19661 105
19661 155
19661 79
19661 82
19661 168
19661 175
19661 14
19661 28
19661 48
19661 94
19661 144
19661 184
19661 43
19661 95
19661 101
19661 176
19661 178
19661 4
19661 196
19661 211
19661 85
19661 91
19661 194
19661 206
19661 80
19661 163
19661 195
19661 24
19661 47
19661 52
19661 59
19661 111
19661 188
19661 61
19661 126
19661 204
19661 210
19661 65
19661 78
19661 89
19661 100
19661 125
19661 173
19661 192
19661 27
19661 171
19661 197
19661 20
19661 32
19661 66
19661 108
19661 120
19661 150
19661 63
19661 112
19661 140
19661 174
19661 118
19661 139
19661 143
19661 172
19661 179
19661 12
19661 36
19661 154
19661 203
19661 21
19661 45
19661 62
19661 92
19661 148
19661 181
19661 60
19661 151
19661 169
19661 200
19661 56
19661 190
19661 205
19661 212
19661 6
19661 67
19661 72
19661 88
19661 110
19661 149
19661 166
19661 18
19661 102
19661 116
19661 161
19661 177
19661 187
19661 0
19661 34
19661 44
19661 83
19661 98
19661 130
19661 185
19661 30
19661 42
19661 69
19661 106
19661 117
19661 162
19552 181
19552 256
19552 257
19552 408
19552 447
19552 477
19552 296
19552 382
19552 430
19552 474
19552 200
19552 311
19552 436
19552 468
19552 526
19552 128
19552 299
19552 366
19552 536
19552 30
19552 34
19552 36
19552 38
19552 44
19552 99
19552 119
19552 139
19552 164
19552 300
19552 398
19552 404
19552 148
19552 206
19552 224
19552 406
19552 456
19552 485
19552 61
19552 138
19552 186
19552 250
19552 284
19552 337
19552 403
19552 368
19552 131
19552 177
19552 197
19552 211
19552 263
19552 175
19552 213
19552 410
19552 510
19552 96
19552 268
19552 501
19552 515
19552 76
19552 155
19552 260
19552 265
19552 280
19552 124
19552 217
19552 506
19552 509
19552 272
19552 276
19552 443
19552 481
19552 82
19552 298
19552 478
19552 173
19552 267
19552 361
19552 500
19552 524
19552 191
19552 348
19552 359
19552 376
19552 431
19552 295
19552 302
19552 306
19552 317
19552 72
19552 93
19552 151
19552 377
19552 473
19552 58
19552 178
19552 223
19552 363
19552 411
19552 85
19552 125
19552 253
19552 315
19552 378
19552 390
19552 205
19552 281
19552 520
19552 19
19552 25
19552 28
19552 37
19552 55
19552 60
19552 168
19552 225
19552 227
19552 360
19552 389
19552 446
19552 207
19552 270
19552 322
19552 469
19552 221
19552 313
19552 374
19552 435
19552 445
19552 459
19552 165
19552 318
19552 372
19552 455
19552 193
19552 194
19552 199
19552 279
19552 309
19552 379
19552 169
19552 172
19552 174
19552 195
19552 196
19552 246
19552 66
19552 189
19552 290
19552 180
19552 220
19552 336
19552 341
19552 451
19552 493
19552 75
19552 88
19552 98
19552 141
19552 293
19552 467
19552 498
19552 514
19552 57
19552 65
19552 179
19552 230
19552 241
19552 294
19552 166
19552 266
19552 278
19552 324
19552 331
19552 308
19552 329
19552 401
19552 407
19552 428
19552 1
19552 32
19552 40
19552 45
19552 49
19552 497
19552 505
19552 530
19552 352
19552 518
19552 535
19552 228
19552 289
19552 312
19552 463
19552 465
19552 87
19552 159
19552 185
19552 264
19552 397
19552 462
19552 258
19552 475
19552 489
19552 511
19552 521
19552 104
19552 247
19552 325
19552 327
19552 433
19552 480
19552 182
19552 222
19552 231
19552 365
19552 486
19552 137
19552 158
19552 369
19552 416
19552 458
19552 81
19552 198
19552 282
19552 409
19552 7
19552 16
19552 17
19552 29
19552 46
19552 109
19552 323
19552 373
19552 453
19552 495
19552 512
19552 84
19552 156
19552 238
19552 349
19552 525
19552 102
19552 126
19552 150
19552 171
19552 262
19552 97
19552 216
19552 343
19552 358
19552 371
19552 59
19552 121
19552 305
19552 355
19594 16
19594 26
19594 28
19594 35
19594 13
19594 34
19594 38
19594 43
19594 46
19408 509
19408 577
19408 585
19064 150
19064 163
19064 230
19064 414
19064 30
19064 31
19064 68
19064 91
19064 144
19064 218
19064 257
19064 330
19064 372
19064 388
19064 282
19064 288
19064 343
19064 345
19064 366
19064 8
19064 132
19064 137
19064 143
19064 193
19064 223
19064 322
19064 401
19064 428
19064 300
19064 420
19064 427
19064 5
19064 39
19064 83
19064 85
19064 126
19064 168
19064 183
19064 219
19064 228
19064 274
19064 293
19064 197
19064 261
19064 271
19064 302
19064 360
19064 155
19064 217
19064 353
19064 371
19064 381
19064 0
19064 34
19064 42
19064 47
19064 94
19064 105
19064 124
19064 9
19064 16
19064 41
19064 81
19064 96
19064 106
19064 167
19064 213
19064 225
19064 247
19064 412
19064 277
19064 331
19064 400
19064 411
19064 413
19064 4
19064 36
19064 40
19064 64
19064 76
19064 86
19064 1
19064 44
19064 45
19064 127
19064 22
19064 32
19064 75
19064 79
19064 101
19064 103
19064 392
19064 417
19064 418
19064 424
19064 294
19064 312
19064 334
19064 377
19064 390
19064 169
19064 195
19064 354
19064 410
19064 160
19064 263
19064 351
19064 362
19064 394
19064 407
19064 419
19064 244
19064 284
19064 290
19064 357
19064 384
19064 25
19064 69
19064 92
19064 95
19064 114
19064 200
19064 203
19064 272
19064 359
19064 421
19064 236
19064 246
19064 280
19064 348
19064 378
19064 387
19064 38
19064 51
19064 52
19064 71
19064 93
19064 3
19064 89
19064 102
19064 131
19064 140
19064 188
19064 289
19064 327
19064 347
19064 367
19064 382
19064 187
19064 287
19064 292
19064 296
19064 326
19064 156
19064 262
19064 355
19064 356
19064 368
19064 151
19064 170
19064 184
19064 186
19064 235
19064 375
19064 422
19064 28
19064 73
19064 77
19064 78
19064 118
19725 1
19725 27
19725 117
19725 214
19725 281
19725 24
19725 31
19725 46
19725 49
19725 63
19725 119
19725 200
19725 230
19725 77
19725 149
19725 177
19725 182
19725 255
19725 271
19725 272
19725 69
19725 93
19725 104
19725 114
19725 162
19725 250
19725 11
19725 65
19725 100
19725 165
19725 234
19725 349
19725 352
19725 353
19725 331
19725 335
19725 346
19725 350
19725 140
19725 275
19725 298
19725 321
19725 342
19725 344
19725 347
19725 296
19725 307
19725 308
19725 135
19725 175
19725 204
19725 259
19725 62
19725 141
19725 151
19725 207
19725 216
19725 224
19725 244
19725 53
19725 90
19725 102
19725 122
19725 127
19725 213
19725 26
19725 126
19725 160
19725 167
19725 186
19725 231
19725 237
19725 52
19725 96
19725 203
19725 221
19725 249
19725 295
19725 300
19725 326
19725 329
19725 338
19725 340
19725 343
19725 348
19725 10
19725 14
19725 95
19725 147
19725 199
19725 226
19725 265
19725 2
19725 35
19725 61
19725 71
19725 91
19725 129
19725 260
19725 109
19725 155
19725 181
19725 205
19725 247
19725 88
19725 116
19725 28
19725 33
19725 70
19725 208
19725 223
19725 254
19725 3
19725 48
19725 73
19725 138
19725 170
19725 176
19725 187
19725 25
19725 32
19725 79
19725 278
19725 173
19725 183
19725 185
19725 212
19725 232
19725 264
19725 274
19725 43
19725 262
19725 284
19725 299
19725 36
19725 97
19725 99
19725 164
19725 301
19725 304
19725 40
19725 58
19725 82
19725 94
19725 196
19725 253
19725 0
19725 39
19725 150
19725 152
19725 154
19725 192
19684 6
19684 11
19684 15
19684 21
19684 25
19684 33
19684 32
19684 41
19684 3
19684 4
19684 20
19684 26
19684 36
19684 39
19684 42
19684 5
19684 7
19684 10
19684 16
19684 30
19425 191
19425 294
19425 358
19425 364
19645 6
19645 15
19645 26
19645 38
19645 44
19493 14
19493 24
19493 152
19493 95
19493 174
19493 161
19493 164
19493 40
19493 54
19493 70
19493 72
19493 75
19493 91
19493 92
19493 128
19493 139
19493 4
19493 12
19493 32
19493 59
19493 82
19493 87
19493 116
19493 123
19493 137
19493 47
19493 165
19493 180
19493 176
19493 186
19493 9
19493 61
19493 66
19493 86
19493 98
19493 104
19493 130
19493 140
19493 26
19493 35
19493 41
19493 121
19493 126
19493 154
19493 157
19493 166
19493 181
19493 57
19493 7
19493 31
19493 69
19493 85
19493 90
19493 105
19493 112
19493 117
19493 162
19493 168
19493 10
19493 45
19493 52
19493 60
19493 73
19493 77
19493 93
19493 179
18976 164
18976 185
18976 301
18976 311
18976 9
18976 63
18976 70
18976 110
18976 162
18976 26
18976 149
18976 248
18976 280
18976 282
18976 296
18976 28
18976 39
18976 175
18976 186
18976 7
18976 152
18976 270
18976 286
18976 74
18976 184
18976 218
18976 264
18976 25
18976 67
18976 69
18976 265
18976 275
18976 97
18976 271
18976 33
18976 35
18976 48
18976 203
18976 83
18976 306
18976 308
18976 61
18976 192
18976 219
18976 241
18976 273
18976 75
18976 213
18976 242
18976 267
18976 281
18976 17
18976 176
18976 194
18976 217
18976 258
18976 80
18976 88
18976 117
18976 170
18976 143
18976 191
18976 216
18976 238
18976 276
18976 72
18976 259
18976 298
18976 310
18976 325
18976 18
18976 98
18976 127
18976 136
18976 288
18976 52
18976 101
18976 126
18976 199
18976 300
18976 287
18976 314
18976 38
18976 320
18976 160
18976 221
18976 235
18976 261
18976 285
18976 145
18976 12
18976 231
18976 277
18976 293
18976 304
18976 30
18976 137
18976 179
18976 228
18976 44
18976 135
18976 188
18976 244
18976 249
18976 50
18976 115
18976 201
18976 205
18976 240
18976 302
18976 47
18976 64
18976 142
18976 307
18976 309
18976 22
18976 42
18976 153
18976 157
18976 227
19526 103
19526 144
19526 25
19526 35
19526 83
19526 120
19526 136
19526 31
19526 149
19526 154
19526 147
19526 148
19526 21
19526 23
19526 70
19526 73
19526 81
19526 51
19526 69
19526 77
19526 98
19526 118
19526 44
19526 86
19526 104
19526 105
19526 15
19526 106
19526 112
19526 133
19526 16
19526 43
19526 82
19526 96
19526 12
19526 30
19526 66
19526 84
19526 91
19526 8
19526 74
19526 113
19526 117
19526 143
19526 52
19526 55
19526 64
19526 80
19526 11
19526 41
19526 48
19526 130
19526 131
19526 63
19526 68
19526 76
19526 109
19526 40
19526 45
19526 100
19526 124
19526 123
19526 134
19526 142
19526 151
19526 39
19526 56
19526 59
19526 61
19526 3
19526 5
19526 53
19526 67
19526 88
19694 338
19694 87
19694 173
19694 230
19694 242
19694 292
19694 346
19694 355
19694 290
19694 326
19694 360
19694 55
19694 123
19694 254
19694 337
19694 92
19694 113
19694 176
19694 304
19694 316
19694 45
19694 52
19694 74
19694 108
19694 39
19694 332
19694 180
19694 196
19694 280
19694 285
19694 312
19694 10
19694 0
19694 3
19694 59
19694 125
19694 153
19694 35
19694 57
19694 144
19694 261
19694 265
19694 321
19694 86
19694 299
19694 353
19694 361
19694 163
19694 199
19694 260
19694 264
19694 303
19694 22
19694 56
19694 60
19694 308
19694 340
19694 363
19694 84
19694 151
19694 208
19694 229
19694 16
19694 307
19694 11
19694 99
19694 143
19694 158
19694 1
19694 91
19694 94
19694 287
19694 128
19694 142
19694 245
19694 246
19694 154
19694 112
19694 145
19694 319
19694 343
19694 350
19694 46
19694 119
19694 250
19694 263
19694 341
19694 121
19694 162
19694 166
19694 232
19694 21
19694 62
19694 228
19694 273
19694 8
19694 38
19694 49
19694 105
19694 148
19694 5
19694 206
19694 215
19694 233
19694 269
19694 40
19694 63
19694 138
19694 211
19694 291
19694 201
19694 247
19694 339
19694 131
19694 251
19694 314
19694 323
19694 6
19694 9
19694 72
19694 283
19694 82
19694 117
19694 160
19694 223
19694 34
19694 136
19694 248
19694 278
19694 349
19694 68
19694 126
19694 310
19694 325
19694 12
19694 97
19694 190
19694 295
19694 327
19694 189
19694 200
19694 318
19694 335
19694 348
19694 7
19694 58
19694 311
19694 315
19694 41
19694 89
19694 109
19694 182
19694 101
19694 103
19694 147
19694 202
19694 95
19694 150
19694 297
19694 306
19694 129
19694 185
19694 195
19694 212
19694 328
19694 359
19694 98
19694 134
19694 186
19694 204
19694 102
19694 133
19694 165
19694 169
19694 209
19553 146
19553 157
19553 177
19553 211
19553 226
19553 248
19553 261
19553 254
19553 262
19553 123
19553 25
19553 53
19553 89
19553 101
19553 105
19463 26
19463 27
19463 70
19463 79
19463 81
19463 204
19463 222
19463 228
19012 0
19012 15
19012 25
19012 50
19012 59
19012 74
19012 79
19012 80
19012 89
18966 193
18966 205
18966 220
18966 119
18966 132
18966 174
18966 181
18966 198
18966 199
18966 218
18966 223
18966 225
18966 232
18966 238
18966 261
18966 39
18966 60
18966 77
18966 136
18966 156
18966 175
18966 4
18966 14
18966 21
18966 84
18966 113
18966 19
18966 67
18966 73
18966 137
18966 142
18966 201
18966 222
18966 236
18966 241
18966 259
18966 263
18966 17
18966 117
18966 177
18966 191
18966 206
18966 210
18966 240
18966 246
18966 252
18966 258
18966 221
18966 224
18966 228
18966 235
18966 247
18966 257
18966 216
18966 267
18966 268
18966 270
18966 280
18966 55
18966 66
18966 122
18966 172
18966 182
18966 197
18966 250
18966 271
18966 168
18966 184
18966 186
18966 116
18966 188
18966 189
18966 23
18966 29
18966 36
18966 56
18966 79
18966 140
18966 26
18966 85
18966 87
18966 129
18966 146
18966 204
18966 214
18966 226
18966 253
18966 255
18966 8
18966 51
18966 89
18966 180
18966 196
18966 212
18966 254
18966 276
18966 22
18966 25
18966 115
18966 147
18966 170
18966 15
18966 31
18966 104
18966 173
18966 6
18966 13
18966 16
18966 130
18966 161
18966 207
18966 227
18966 262
18966 273
18966 275
18966 203
18966 208
18966 234
18966 237
18966 249
18966 251
18966 95
18966 99
18966 109
18966 134
18966 148
18966 209
18966 219
18966 233
18966 242
18966 243
18966 202
18966 269
18966 272
18966 277
18966 279
18966 12
18966 43
18966 81
18966 88
18966 107
18966 120
18966 200
18966 211
18966 239
18966 248
18966 266
19618 0
19618 67
19618 71
19618 81
19618 86
18972 227
18972 320
18972 345
18972 418
18972 423
18972 4
18972 130
18972 304
18972 327
18972 353
18972 397
18972 151
18972 450
18972 464
18972 66
18972 73
18972 163
18972 267
18972 294
18972 358
18972 427
18972 94
18972 254
18972 277
18972 414
18972 230
18972 268
18972 341
18972 380
18972 428
18972 13
18972 15
18972 110
18972 240
18972 284
18972 459
18972 177
18972 298
18972 371
18972 398
18972 78
18972 86
18972 127
18972 269
18972 322
18972 413
18972 43
18972 67
18972 97
18972 105
18972 329
18972 169
18972 179
18972 228
18972 253
18972 292
18972 405
18972 0
18972 40
18972 158
18972 330
18972 352
18972 476
18972 477
18972 170
18972 199
18972 287
18972 325
18972 379
18972 407
18972 201
18972 232
18972 270
18972 332
18972 389
18972 35
18972 212
18972 424
18972 435
18972 69
18972 204
18972 274
18972 314
18972 451
18972 8
18972 48
18972 55
18972 195
18972 318
18972 19
18972 91
18972 138
18972 149
18972 244
18972 291
18972 439
18972 392
18972 401
18972 453
18972 458
18972 475
18972 17
18972 217
18972 377
18972 393
18972 162
18972 208
18972 213
18972 316
18972 333
18972 367
18972 32
18972 33
18972 122
18972 141
18972 160
18972 182
18972 38
18972 234
18972 331
18972 334
18972 391
18972 206
18972 226
18972 257
18972 346
18972 408
18972 45
18972 68
18972 88
18972 191
18972 390
18972 410
18972 187
18972 340
18972 471
18972 473
18972 478
18972 53
18972 76
18972 190
18972 328
18972 349
18972 461
18972 465
18972 467
18972 470
18972 479
18972 23
18972 98
18972 180
18972 211
18972 229
18972 128
18972 416
18972 436
18972 437
18972 107
18972 145
18972 159
18972 265
18972 469
18972 2
18972 85
18972 205
18972 276
18972 396
18972 39
18972 100
18972 161
18972 454
19658 12
19658 32
19658 103
19658 116
19658 132
19658 156
19658 20
19658 91
19658 94
19658 99
19658 110
19658 150
19658 151
19658 18
19658 56
19658 72
19658 87
19658 112
19658 123
19658 100
19658 142
19658 180
19658 23
19658 60
19658 95
19658 113
19658 175
19658 19
19658 119
19658 3
19658 7
19658 17
19658 33
19658 61
19658 64
19658 147
19658 164
19658 27
19658 90
19658 124
19658 149
19658 6
19658 39
19658 81
19658 86
19658 117
19658 126
19658 141
19658 178
19658 179
19658 36
19658 51
19658 88
19658 163
19658 0
19658 46
19658 50
19658 75
19658 148
19658 159
19658 52
19658 98
19658 130
19658 153
19658 168
19658 43
19658 53
19658 114
19658 30
19658 47
19658 70
19658 122
19658 125
19658 169
19413 18
19413 35
19413 36
19413 56
19413 71
19413 87
19033 110
19033 318
19033 320
19033 145
19033 269
19033 298
19033 302
19033 66
19033 290
19033 295
19033 319
19033 26
19033 65
19033 121
19033 236
19033 250
19033 45
19033 139
19033 271
19033 274
19033 301
19033 241
19033 59
19033 76
19033 101
19033 186
19033 16
19033 43
19033 50
19033 138
19033 95
19033 128
19033 165
19033 187
19033 49
19033 109
19033 164
19033 216
19033 297
19033 75
19033 104
19033 144
19033 181
19033 244
19033 117
19033 305
19033 323
19033 330
19033 17
19033 159
19033 199
19033 253
19033 53
19033 195
19033 200
19033 224
19033 246
19033 322
19033 135
19033 167
19033 259
19033 264
19033 240
19033 19
19033 40
19033 47
19033 180
19033 245
19033 116
19033 174
19033 299
19033 306
19033 105
19033 260
19033 300
19033 311
19033 326
19033 20
19033 70
19033 118
19033 201
19033 210
19033 5
19033 63
19033 179
19033 206
19033 280
19033 4
19033 96
19033 143
19033 191
19033 231
19033 80
19033 188
19033 288
19033 314
19033 67
19033 69
19033 99
19033 125
19033 83
19033 112
19033 194
19033 242
19033 72
19033 163
19033 252
19033 277
19033 296
19033 2
19033 178
19033 209
19033 233
19033 6
19033 37
19033 12
19033 113
19033 142
19033 154
19033 77
19033 162
19033 176
19033 232
19033 90
19033 122
19033 152
19033 273
19033 31
19033 88
19033 108
19033 228
19033 257
19033 23
19033 42
19033 289
19033 34
19033 262
19033 13
19033 24
19033 119
19033 149
19033 29
19033 132
19033 146
19033 147
19033 324
19033 127
19033 281
19033 126
19033 325
19033 54
19033 230
19033 282
19033 287
19033 21
19420 10
19420 100
19420 144
19420 171
19420 172
19420 82
19420 153
19420 203
19420 2
19420 52
19420 71
19420 83
19420 130
19420 134
19420 137
19420 158
19625 3
19625 18
19625 26
19625 33
19625 41
19625 42
19625 45
19625 10
19625 14
19625 57
19625 63
19625 9
19625 31
19625 39
19625 46
19625 47
19625 48
19625 50
19625 0
19625 16
19625 27
19625 52
19625 58
19625 2
19625 4
19625 5
19625 12
19625 13
19625 23
19625 51
19625 54
19625 55
19420 21
19420 45
19420 67
19420 74
19420 92
19420 146
19420 163
19648 54
19648 83
19648 127
19648 139
19648 145
19648 151
19648 116
19648 121
19648 122
19648 144
19648 29
19648 57
19648 61
19648 141
19648 8
19648 18
19648 59
19648 91
19648 114
19648 147
19648 21
19648 22
19648 60
19648 68
19648 92
19648 48
19648 62
19648 71
19648 88
19648 103
19648 120
19648 12
19648 32
19648 39
19648 42
19648 111
19648 125
19648 13
19648 35
19648 36
19648 51
19648 96
19648 107
19648 5
19648 67
19648 75
19648 84
19648 104
19648 10
19648 89
19648 132
19648 4
19648 24
19648 55
19648 66
19648 73
19648 110
19648 46
19648 77
19648 108
19648 129
19648 142
19648 6
19648 9
19648 28
19648 93
19648 95
19648 19
19648 31
19648 43
19648 97
19648 134
19648 1
19648 7
19648 26
19648 53
19648 81
19648 58
19648 80
19648 90
19539 139
19539 8
19539 22
19539 91
19539 98
19539 111
19539 118
19539 129
19539 6
19539 93
19539 128
19539 149
19465 111
19465 142
19465 237
19465 88
19465 156
19465 163
19465 67
19465 103
19465 128
19465 162
19465 169
19465 204
19465 73
19465 99
19465 123
19465 129
19465 160
19465 178
19465 213
19465 235
19465 244
19465 214
19465 240
19465 113
19465 247
19465 54
19465 58
19465 95
19465 114
19465 125
19465 149
19465 159
19465 210
19465 38
19465 55
19465 117
19465 119
19465 145
19465 154
19465 183
19465 202
19465 203
19465 224
19465 243
19465 221
19465 228
19465 158
19465 230
19465 242
19465 110
19465 241
19465 49
19465 75
19465 115
19465 118
19465 137
19465 143
19465 168
19465 170
19465 173
19465 3
19465 10
19465 15
19465 22
19465 27
19465 29
19465 30
19465 63
19465 100
19465 120
19465 121
19465 126
19465 172
19465 175
19465 196
19465 218
19707 12
19707 20
19707 22
19707 35
19707 40
19707 48
19707 3
19707 55
19707 63
19707 21
19707 29
19707 33
19707 37
19707 42
19707 43
19629 10
19629 17
19629 18
19629 59
19629 66
19629 80
19629 9
19629 19
19629 42
19629 54
19078 10
19078 19
19078 71
19078 100
19078 148
19078 158
19078 5
19078 35
19078 92
19078 146
19078 176
19078 184
19078 144
19078 150
19078 180
19078 183
19078 29
19078 33
19078 96
19078 114
19078 155
19078 20
19078 21
19078 41
19078 75
19078 131
19078 163
19749 1
19749 18
19749 22
19749 36
19749 68
19749 86
19749 102
19749 9
19749 24
19749 41
19749 60
19749 67
19749 78
19749 6
19749 51
19749 52
19749 65
19749 107
19749 5
19749 10
19749 12
19749 40
19749 42
19749 54
19749 72
19749 25
19749 30
19749 58
19749 84
19749 32
19749 99
19749 109
19749 17
19749 50
19749 57
19749 70
19749 73
19749 82
19749 21
19749 33
19749 87
19749 98
19749 7
19749 31
19749 59
19749 74
19749 79
19749 80
19749 8
19749 20
19749 26
19749 34
19749 37
19749 39
19749 49
19749 11
19749 28
19749 38
19749 69
19749 83
19749 96
19749 4
19749 13
19749 15
19749 55
19749 66
19749 89
19749 16
19749 95
19749 97
19749 103
19749 108
19749 85
19749 106
19749 111
19598 143
19598 170
19598 171
19598 253
19598 271
19685 14
19685 22
19685 50
19685 62
19685 91
18965 77
18965 110
18965 122
18965 69
18965 83
18965 105
18965 109
18965 18
18965 51
18965 67
18965 70
18965 103
18965 0
18965 1
18965 75
18965 96
18965 20
18965 30
18965 79
18965 108
18965 23
18965 95
18965 106
18965 10
18965 22
18965 24
18965 58
18965 80
18965 93
18965 99
18965 123
18965 12
18965 17
18965 25
18965 41
18965 42
18965 47
18965 86
18965 43
18965 45
18965 49
18965 54
18965 87
18965 101
19687 20
19687 28
19687 59
19687 66
19687 64
19687 3
19687 25
19687 39
19687 55
19687 57
19067 151
19067 196
19067 224
19067 256
19067 281
19067 366
19067 23
19067 27
19067 40
19067 41
19067 52
19067 57
19067 132
19067 229
19067 233
19067 252
19067 208
19067 230
19067 350
19067 383
19067 261
19067 369
19067 385
19067 9
19067 31
19067 63
19067 67
19067 68
19067 87
19067 20
19067 34
19067 38
19067 46
19067 65
19067 88
19538 3
19538 23
19538 78
19538 90
19538 131
19538 133
19538 215
19652 27
19652 39
19652 63
19652 78
19652 151
19652 170
19652 202
19749 29
19749 44
19749 92
19749 93
19749 23
19749 64
19749 88
19749 104
19749 105
19749 110
19749 14
19749 75
19749 76
19749 113
19749 27
19749 43
19749 53
19749 56
19749 3
19749 45
19749 48
19749 61
19749 71
19749 94
19749 19
19749 35
19749 46
19749 63
19749 81
19749 100
19749 112
19718 116
19718 470
19718 541
19718 128
19718 166
19718 276
19718 290
19718 417
19718 422
19718 455
19718 483
19718 7
19718 103
19718 223
19718 365
19718 42
19718 104
19718 113
19718 279
19718 187
19718 406
19718 534
19718 543
19718 26
19718 197
19718 348
19718 522
19718 531
19718 112
19718 168
19718 218
19718 311
19718 336
19718 81
19718 94
19718 157
19718 221
19718 244
19718 403
19718 251
19718 296
19718 576
19718 88
19718 322
19718 498
19718 98
19718 192
19718 359
19718 502
19718 555
19718 573
19718 53
19718 134
19718 205
19718 356
19718 425
19718 480
19718 32
19718 392
19718 5
19718 73
19718 121
19718 126
19718 448
19718 457
19718 119
19718 123
19718 167
19718 355
19718 408
19718 438
19718 9
19718 111
19718 300
19718 320
19718 466
19718 471
19718 500
19718 514
19718 16
19718 49
19718 149
19718 424
19718 432
19718 492
19718 41
19718 176
19718 545
19718 550
19718 101
19718 346
19718 326
19718 344
19718 79
19718 173
19718 353
19718 357
19718 371
19718 387
19718 513
19718 39
19718 46
19718 54
19718 343
19718 1
19718 228
19718 278
19718 402
19718 446
19718 44
19718 107
19718 185
19718 199
19718 536
19718 544
19718 78
19718 102
19718 158
19718 196
19718 208
19718 349
19718 11
19718 467
19718 524
19718 527
19718 288
19718 306
19718 490
19718 510
19718 526
19718 129
19718 193
19718 233
19718 317
19718 415
19718 435
19718 477
19718 14
19718 232
19718 263
19718 319
19718 3
19718 162
19718 189
19718 248
19718 256
19718 272
19718 56
19718 188
19718 210
19718 375
19718 18
19718 198
19718 409
19718 0
19718 77
19718 91
19718 281
19718 118
19718 142
19718 273
19718 303
19718 327
19718 380
19718 219
19718 330
19718 369
19718 381
19718 458
19718 479
19718 72
19718 132
19718 222
19718 265
19718 302
19718 442
19718 481
19718 258
19718 267
19718 546
19718 566
19718 12
19718 57
19718 85
19718 332
19718 395
19718 465
19718 190
19718 224
19718 269
19718 423
19718 426
19718 28
19718 105
19718 390
19718 151
19718 521
19718 528
19718 538
19718 114
19718 156
19718 253
19718 313
19718 496
19718 552
19658 8
19658 38
19658 109
19658 146
19658 154
19658 157
19658 73
19658 155
19658 171
19658 173
19658 21
19658 35
19658 176
19658 183
19529 129
19529 185
19529 187
19529 222
19529 94
19529 100
19529 104
19529 168
19529 57
19529 95
19529 110
19529 134
19529 334
19529 355
19529 359
19529 361
19529 64
19529 80
19529 86
19529 119
19529 70
19529 172
19529 8
19529 72
19529 99
19529 189
19529 258
19529 266
19529 14
19529 46
19529 58
19529 65
19529 173
19529 320
19529 323
19529 381
19529 289
19529 376
19529 377
19529 378
19529 4
19529 116
19529 128
19529 188
19529 211
19529 256
19529 7
19529 35
19529 55
19529 66
19529 133
19529 34
19529 141
19529 177
19529 184
19529 190
19529 79
19529 156
19529 215
19529 240
19529 98
19529 145
19529 163
19529 207
19529 239
19529 76
19529 250
19529 357
19529 383
19529 249
19529 68
19529 140
19529 160
19529 194
19529 17
19529 52
19529 136
19529 169
19529 252
19529 33
19529 150
19529 209
19529 237
19529 120
19529 122
19529 132
19529 135
19529 197
19529 255
19529 270
19529 294
19529 303
19529 304
19529 354
19529 262
19529 82
19529 221
19529 49
19529 61
19529 78
19529 121
19529 56
19529 63
19529 88
19529 212
19529 138
19529 144
19529 201
19529 254
19529 261
19529 30
19529 158
19529 166
19529 199
19529 267
19529 268
19529 283
19529 284
19529 295
19529 309
19529 312
19529 6
19529 200
19529 205
19529 208
19529 223
19015 22
19015 146
19015 274
19015 326
19015 124
19015 308
19015 374
19015 393
19651 43
19651 44
19651 73
19651 76
19651 89
19651 32
19651 53
19651 96
19651 112
19651 56
19651 88
19651 94
19651 100
19651 102
19001 22
19001 23
19001 30
19001 88
19482 26
19482 46
19482 53
19482 67
19482 72
19482 83
19482 139
19482 187
19482 16
19482 62
19482 216
19482 4
19482 22
19482 40
19482 73
19482 144
19482 225
19482 236
19501 23
19501 32
19501 128
19501 9
19501 27
19501 2
19501 10
19501 20
19501 22
19501 70
19501 74
19501 31
19501 40
19501 43
19501 62
19501 67
19501 91
19501 94
19501 137
19501 162
19425 9
19425 84
19425 142
19425 167
19425 218
19425 478
19425 484
19425 15
19425 163
19425 323
19425 346
19425 349
19425 404
19425 532
19425 551
19425 560
19425 12
19425 95
19425 266
19425 270
19425 282
19425 325
19425 366
19425 511
19425 535
19425 443
19425 588
19425 483
19425 7
19425 81
19425 96
19425 217
19425 226
19425 328
19425 480
19425 574
19686 38
19686 76
19686 94
19686 110
19686 172
19686 233
19686 0
19686 62
19686 84
19686 89
19686 131
19686 138
19686 173
19686 211
19686 238
19686 242
19021 67
19021 96
19021 112
19021 119
19021 268
19021 314
19021 70
19021 75
19021 91
19021 101
19021 348
19021 443
19021 447
19021 525
19021 562
19021 28
19021 221
19021 225
19021 282
19021 285
19021 63
19021 165
19021 191
19021 227
19021 13
19021 71
19021 100
19021 107
19021 292
19706 53
19706 101
19706 145
19706 193
19728 3
19728 8
19728 76
19728 106
19728 136
19728 157
19728 11
19728 64
19728 73
19728 107
19728 113
19728 236
19728 248
19728 36
19728 59
19728 89
19728 116
19728 185
19728 237
19678 2
19678 9
19678 92
19678 110
19678 85
19678 93
19678 113
19678 114
19678 0
19678 6
19678 20
19678 30
19678 46
19678 95
19678 7
19678 19
19678 26
19678 44
19678 52
19678 5
19678 31
19678 33
19678 79
19678 81
19678 106
19678 86
19678 87
19678 99
19678 105
19678 14
19678 71
19678 102
19678 35
19678 51
19678 53
19678 54
19678 73
19678 84
19678 28
19678 60
19678 65
19678 69
19678 111
19678 11
19678 70
19678 91
19678 103
19712 26
19712 162
19712 266
19712 270
19712 293
19712 342
19712 350
19712 357
19712 2
19712 104
19712 116
19712 165
19712 215
19712 261
19712 35
19712 69
19712 156
19712 200
19712 272
19712 279
19712 318
19712 51
19712 125
19712 190
19712 219
19712 292
19712 343
19712 28
19712 111
19712 394
19712 398
19712 1
19712 59
19712 281
19712 16
19712 42
19712 81
19712 232
19712 324
19712 354
19540 25
19540 116
19540 151
19540 267
19540 270
19540 379
19540 421
19660 6
19660 24
19660 47
19660 50
19660 55
19628 83
19628 254
19628 262
19628 299
19628 371
19628 391
19628 129
19628 157
19628 243
19628 355
19628 402
19628 446
19628 487
19628 346
19628 384
19628 386
19628 479
19628 494
19628 501
19628 502
19628 521
19628 8
19628 199
19628 260
19628 341
19628 345
19628 472
19628 482
19628 14
19628 20
19628 94
19628 230
19628 271
19628 276
19628 382
19628 73
19628 247
19628 251
19628 421
19628 435
19628 504
19628 126
19628 331
19628 357
19628 407
19628 265
19628 273
19628 406
19628 465
19628 53
19628 64
19628 197
19628 239
19628 328
19628 113
19628 149
19628 309
19628 330
19628 350
19628 376
19628 25
19628 132
19628 137
19628 184
19628 218
19628 234
19628 6
19628 27
19628 133
19628 354
19628 469
19628 3
19628 9
19628 226
19628 423
19628 441
19628 471
19628 16
19628 35
19628 507
19628 519
19628 171
19628 511
19628 524
19628 530
19628 531
19628 33
19628 37
19628 307
19628 432
19628 80
19628 165
19628 290
19628 323
19628 343
19628 166
19628 332
19628 334
19628 426
19628 65
19628 120
19628 463
19628 48
19628 190
19628 356
19628 433
19628 121
19628 122
19628 240
19628 245
19628 270
19628 485
19628 52
19628 337
19628 383
19628 152
19628 232
19628 311
19628 416
19628 448
19628 380
19628 390
19628 408
19628 488
19628 92
19628 188
19628 477
19628 534
19628 24
19628 32
19628 57
19628 183
19628 193
19628 215
19628 156
19628 348
19628 467
19628 491
19628 17
19628 41
19628 202
19628 269
19628 361
19628 420
19628 22
19628 90
19628 96
19628 142
19628 231
19628 289
19628 10
19628 19
19628 293
19628 379
19628 392
19628 135
19628 170
19628 201
19628 327
19628 410
19628 437
19628 169
19628 237
19628 238
19628 301
19628 439
19628 150
19628 268
19628 326
19628 367
19628 368
19628 428
19628 377
19628 509
19628 528
19628 529
19628 95
19628 207
19628 399
19628 475
19628 69
19628 86
19628 124
19628 154
19628 219
19628 222
19628 72
19628 249
19628 274
19628 349
19628 473
19628 493
19473 4
19473 12
19473 42
19473 44
19473 67
19473 74
19473 109
19473 147
19054 24
19054 43
19054 54
19054 98
19054 136
19054 18
19054 20
19054 68
19054 114
19054 99
19054 124
19708 0
19708 3
19708 147
19708 160
19708 225
19708 282
19708 44
19708 85
19708 183
19708 202
19708 25
19708 43
19708 180
19708 208
19708 117
19708 237
19708 316
19708 337
19708 8
19708 70
19708 125
19708 162
19708 235
19708 238
19708 240
19708 268
19655 6
19655 76
19655 86
19655 145
19655 151
18991 28
18988 386
18988 437
18988 28
18988 193
18988 198
18988 242
18988 20
18988 30
18988 79
18988 136
18988 215
18988 309
18988 349
18988 412
18988 422
18988 83
18988 121
18988 183
18988 268
18988 317
18988 371
18988 384
18988 391
18988 434
18988 271
18988 428
18988 18
18988 55
18988 78
18988 90
18988 152
18988 60
18988 66
18988 239
18988 252
18988 363
18988 416
18988 46
18988 70
18988 89
18988 93
18988 246
18988 204
18988 37
18988 75
18988 77
18988 96
18988 111
18988 306
18988 314
18988 323
18988 340
18988 379
18988 0
18988 135
18988 206
18988 214
18988 248
18988 32
18988 57
18988 161
18988 176
18988 179
18988 35
18988 52
18988 169
18988 295
18988 39
18988 71
18988 130
18988 145
18988 209
18988 56
18988 95
18988 143
18988 212
18988 310
18988 353
18988 359
18988 368
18988 420
18988 51
18988 105
18988 171
18988 192
18988 47
18988 257
18988 85
18988 87
18988 149
18988 162
18988 358
18988 328
18988 346
18988 375
18988 426
18988 431
18988 22
18988 38
18988 82
18988 205
18988 292
18988 298
18988 146
18988 188
18988 197
18988 200
18988 167
18988 221
18988 233
18988 243
18988 13
18988 158
18988 308
18988 311
18988 398
18988 400
18988 336
18988 356
18988 369
18988 393
18988 302
18988 316
18988 319
18988 352
18988 425
18988 14
18988 68
18988 113
18988 126
18988 163
18988 196
18988 334
18988 361
18988 387
18988 405
18988 408
18988 325
18988 382
18988 413
18988 432
18988 440
18988 285
18988 104
18988 153
18988 210
18988 269
18988 23
18988 40
18988 58
18988 119
18988 166
18988 150
18988 272
18988 307
18988 329
18988 335
18988 417
18988 423
18988 436
18988 266
18988 50
18988 220
18988 274
18988 81
18988 109
18988 142
18988 172
18988 108
18988 120
18988 234
18988 240
18988 19
18988 117
18988 207
18988 281
18988 290
18988 17
18988 53
18988 218
18988 223
18988 231
18988 284
18988 299
18988 430
18988 438
18988 312
18988 354
18988 365
18988 389
18988 326
18988 360
18988 376
18988 399
18988 429
18988 67
18988 97
18988 235
18988 237
18988 258
18988 338
18988 394
18988 410
18988 421
19001 71
19001 89
19001 94
19001 151
19001 65
19001 118
19001 138
19001 187
19001 202
19001 5
19001 134
19001 161
19001 185
19001 57
19001 135
19001 144
19001 145
19697 34
19697 104
19697 136
19697 142
19427 223
19427 230
19427 236
19427 241
19427 248
19427 263
19427 287
19427 301
19427 304
19427 15
19427 46
19427 76
19427 85
19427 89
19427 104
19427 110
19427 148
19717 165
19717 537
19717 538
19717 557
19717 104
19717 166
19717 237
19717 248
19717 403
19717 534
19717 544
19717 68
19717 151
19717 265
19717 332
19717 392
19717 434
19717 466
19717 349
19717 536
19717 550
19717 15
19717 32
19717 101
19717 177
19717 198
19717 477
19717 1
19717 86
19717 383
19717 493
19717 564
19717 570
19717 572
19717 14
19717 342
19717 372
19717 4
19717 8
19717 124
19717 223
19717 501
19717 319
19717 371
19717 417
19717 227
19717 271
19717 276
19717 150
19717 196
19717 246
19717 288
19717 341
19717 467
19717 120
19717 123
19717 156
19717 267
19717 334
19717 356
19717 364
19717 44
19717 147
19717 323
19717 391
19717 461
19717 465
19717 43
19717 97
19717 209
19717 354
19717 385
19717 404
19717 460
19717 61
19717 125
19717 206
19717 489
19717 25
19717 427
19717 551
19717 566
19717 100
19717 483
19717 514
19717 568
19717 67
19717 253
19717 280
19717 344
19717 382
19717 420
19717 424
19717 65
19717 315
19717 384
19717 444
19717 554
19717 567
19717 571
19717 41
19717 205
19717 282
19717 405
19717 524
19717 558
19717 7
19717 20
19717 66
19717 133
19717 243
19717 393
19717 507
19717 268
19717 325
19717 329
19717 452
19717 459
19717 505
19717 194
19717 277
19717 555
19717 561
19717 92
19717 182
19717 399
19717 500
19717 46
19717 79
19717 109
19717 365
19717 416
19717 522
19717 126
19717 355
19717 394
19717 410
19717 482
19717 18
19717 103
19717 137
19717 158
19717 357
19717 548
19717 193
19717 400
19717 402
19717 71
19717 398
19717 464
19717 531
19717 49
19717 375
19717 503
19717 528
19717 563
19717 569
19717 578
19717 174
19717 186
19717 316
19717 360
19717 362
19717 408
19717 490
19717 116
19717 191
19717 515
19717 573
19717 5
19717 517
19717 519
19717 236
19717 275
19717 306
19717 328
19717 430
19717 510
19717 574
19717 70
19717 179
19717 202
19717 281
19717 297
19717 473
19717 481
19717 82
19717 148
19717 389
19717 401
19717 419
19717 513
19717 138
19717 208
19717 278
19717 352
19717 485
19717 527
19717 149
19717 228
19717 232
19717 294
19717 299
19717 311
19717 559
19717 229
19717 261
19717 242
19717 480
19717 183
19717 245
19717 381
19717 535
19717 543
19717 9
19717 300
19717 376
19717 542
19717 135
19717 170
19717 302
19717 320
19717 31
19717 127
19717 283
19717 314
19717 132
19717 169
19717 203
19717 266
19018 53
19018 54
19018 79
19018 115
19018 200
19018 32
19018 36
19018 51
19018 103
19018 175
19018 173
19018 25
19018 29
19018 94
19018 184
19018 347
19018 354
19018 384
19018 460
19018 525
19018 46
19018 247
19018 295
19018 334
19018 430
19018 548
19018 273
19018 291
19018 327
19018 393
19018 438
19018 355
19018 433
19018 584
19018 592
19018 310
19018 315
19018 417
19018 422
19018 464
19018 302
19018 336
19018 349
19018 452
19018 501
19018 257
19018 308
19018 564
19018 578
19018 588
19018 506
19018 15
19018 66
19018 67
19018 73
19018 110
19018 335
19018 411
19018 413
19018 480
19018 498
19018 309
19018 320
19018 406
19018 5
19018 114
19018 148
19018 231
19018 239
19018 277
19018 282
19018 366
19018 251
19018 339
19018 352
19018 437
19018 479
19018 16
19018 233
19018 324
19018 554
19018 595
19018 601
19018 603
19018 605
19018 607
19018 614
19018 7
19018 120
19018 160
19018 165
19018 215
19018 33
19018 129
19018 136
19018 214
19018 6
19018 35
19018 49
19018 108
19018 212
19018 313
19018 376
19018 442
19018 444
19018 458
19018 58
19018 70
19018 81
19018 133
19018 260
19018 268
19018 374
19018 414
19018 472
19018 550
19018 296
19018 364
19018 467
19018 481
19018 497
19018 561
19018 252
19018 281
19018 299
19018 348
19018 448
19018 593
19018 617
19018 68
19018 154
19018 183
19018 206
19018 213
19018 228
19018 106
19018 9
19018 26
19018 50
19018 71
19018 99
19018 11
19018 42
19018 147
19018 157
19018 180
19018 4
19018 102
19018 179
19018 237
19018 424
19018 263
19018 270
19018 378
19018 394
19018 494
19018 565
19018 329
19018 344
19018 466
19018 475
19018 516
19018 331
19018 552
19018 589
19018 590
19018 241
19018 292
19018 325
19018 389
19018 505
19018 41
19018 225
19018 229
19018 236
19018 443
19018 492
19018 558
19018 571
19018 574
19018 203
19018 572
19018 581
19018 591
19018 596
19018 613
19018 618
19018 312
19018 330
19018 343
19018 372
19018 463
19018 119
19018 209
19018 361
19018 390
19018 399
19018 454
19018 533
19018 337
19018 415
19018 450
19018 471
19018 560
19018 45
19018 125
19018 137
19018 162
19018 178
19018 37
19018 177
19018 210
19018 216
19018 224
19018 227
19018 31
19018 61
19018 89
19018 98
19018 117
19018 226
19018 483
19018 28
19018 55
19018 75
19018 168
19018 323
19018 362
19018 365
19018 470
19018 524
19018 279
19018 509
19018 527
19018 562
19018 570
19018 261
19018 266
19018 523
19018 12
19018 91
19018 96
19018 138
19018 211
19018 547
19018 563
19018 568
19018 573
19018 300
19018 377
19018 421
19018 495
19018 586
19018 385
19018 275
19018 427
19018 435
19018 456
19018 274
19018 286
19018 307
19018 405
18963 59
19489 6
19489 23
19489 63
19489 92
19489 104
19489 112
19489 123
19489 136
19489 137
19471 23
19471 243
19471 268
19471 330
19471 199
19471 206
19471 217
19471 244
19471 250
19471 287
19471 329
19471 337
19471 344
19471 52
19471 89
19471 108
19471 115
19471 125
19471 148
19471 151
19471 152
19471 97
19471 137
19471 171
19471 180
19471 232
19471 260
19471 328
19471 356
19471 127
19471 172
19471 184
19471 5
19471 106
19471 120
19471 197
19471 225
19471 229
19471 258
19471 295
19471 296
19471 306
19471 316
19471 347
19471 363
19471 254
19471 321
19471 189
19471 350
19471 374
19471 6
19471 38
19471 58
19471 77
19471 91
19471 122
19471 154
19471 167
19471 178
19471 114
19471 175
19471 234
19471 240
19471 256
19471 270
19471 297
19471 320
19471 338
19471 339
19471 181
19471 183
19471 359
19471 8
19471 28
19471 48
19471 49
19471 90
19471 95
19471 109
19471 147
19471 170
19471 182
19471 269
19471 365
19471 7
19471 82
19471 111
19471 150
19471 155
19471 157
19471 165
19471 2
19471 43
19471 44
19471 53
19471 69
19471 86
19471 103
19471 145
19471 158
19471 376
19471 186
19471 203
19471 228
19471 252
19471 302
19471 311
19471 364
19471 42
19471 73
19471 76
19471 80
19471 132
19471 153
19471 160
19471 166
19471 168
19471 176
19471 81
19471 118
19504 16
19504 30
19504 100
19504 148
19561 99
19561 103
19561 117
19561 118
19561 134
19561 40
19561 97
19561 98
19561 146
19561 150
19561 161
19561 162
19561 165
19561 84
19561 96
19561 106
19561 135
19561 31
19561 100
19561 104
19561 110
19561 122
19561 107
19561 164
19561 167
19561 37
19561 171
19561 5
19561 7
19561 21
19561 26
19561 47
19561 81
19561 88
19561 123
19561 46
19561 57
19561 127
19561 132
19561 144
19561 45
19561 49
19561 59
19561 76
19561 108
19561 120
19509 219
19509 223
19509 265
19509 286
19509 330
19509 340
19509 371
19509 372
19509 549
19509 551
19509 556
19509 561
19509 585
19509 595
18974 65
18974 116
18974 127
18974 149
18974 169
18974 186
18974 10
18974 16
18974 33
18974 114
18974 170
18974 4
18974 78
18974 143
18974 200
18974 231
18974 21
18974 29
18974 109
18974 227
18974 228
18974 133
18974 141
18974 197
18974 201
18974 209
18974 8
18974 48
18974 66
18974 190
18974 203
18974 7
18974 11
18974 40
18974 72
18974 152
18974 18
18974 53
18974 59
18974 118
18974 28
18974 74
18974 147
18974 181
18974 224
18974 216
18974 44
18974 83
18974 92
18974 125
18974 164
18974 51
18974 96
18974 162
18974 199
18974 218
18974 2
18974 75
18974 112
18974 124
18974 138
18974 52
18974 89
18974 91
18974 156
18974 163
18974 5
18974 42
18974 86
18974 88
18974 226
18974 188
18974 207
18974 30
18974 84
18974 100
18974 154
18974 223
18974 20
18974 32
18974 95
18974 151
18974 166
18974 233
18974 130
18974 172
18974 176
18974 213
18974 49
19606 12
19606 16
19606 17
19606 20
19606 23
18961 146
18961 301
18961 347
18961 441
18961 186
18961 235
18961 316
18961 179
18961 234
18961 314
18961 500
18961 557
18961 251
18961 307
18961 430
18961 536
18961 569
18961 197
18961 271
18961 329
18961 353
18961 429
19548 215
19548 237
19548 287
19548 296
19548 344
19697 49
19697 85
19697 138
19697 150
19697 59
19697 107
19697 156
19697 7
19697 41
19697 51
19697 56
19697 64
19697 91
19697 115
19697 133
19697 134
19697 135
19697 6
19697 10
19697 33
19697 45
19697 67
19697 69
19697 148
19697 8
19697 12
19697 77
19697 120
19697 126
19697 20
19697 23
19697 27
19697 44
19697 71
19697 93
19697 116
19697 128
19697 140
19697 16
19697 73
19697 76
19697 80
19697 90
19697 92
19697 24
19697 28
19697 42
19697 46
19697 95
19697 98
19697 53
19697 118
19697 132
19697 147
19697 15
19697 48
19697 70
19697 84
19697 88
19697 89
19697 119
19697 141
19697 144
19697 155
19697 11
19697 21
19697 40
19697 79
19697 82
19697 111
19697 154
19697 127
19697 151
19697 158
19738 211
19738 238
19738 313
19738 344
19738 394
19738 181
19738 183
19738 273
19738 281
19738 325
19738 481
19738 3
19738 134
19738 168
19738 487
19738 31
19738 178
19738 213
19738 433
19738 475
19738 18
19738 22
19738 84
19738 286
19738 314
19738 401
19738 12
19738 420
19738 506
19738 515
19738 147
19738 165
19738 220
19738 268
19738 466
19738 37
19738 98
19738 426
19738 482
19738 480
19738 502
19738 514
19738 518
19738 110
19738 112
19738 291
19738 368
19738 465
19738 126
19738 153
19738 259
19738 306
19738 256
19738 277
19738 409
19738 453
19738 470
19738 36
19738 50
19738 176
19738 427
19738 201
19738 410
19738 476
19738 82
19738 96
19738 135
19738 355
19738 393
19738 240
19738 432
19738 495
19738 504
19738 20
19738 197
19738 207
19738 316
19738 361
19738 440
19738 59
19738 234
19738 319
19738 330
19738 33
19738 163
19738 182
19738 266
19738 304
19738 392
19738 35
19738 155
19738 175
19738 179
19738 288
19738 434
19738 485
19738 511
19738 29
19738 124
19738 191
19738 365
19738 441
19738 455
19738 88
19738 99
19738 202
19738 497
19738 21
19738 231
19738 242
19738 302
19738 429
19738 449
19738 63
19738 206
19738 287
19738 305
19738 358
19738 437
19738 19
19738 309
19738 311
19738 326
19738 428
19738 92
19738 257
19738 310
19738 320
19738 408
19738 1
19738 129
19738 137
19738 263
19738 67
19738 90
19738 301
19738 363
19738 70
19738 113
19738 333
19738 415
19738 9
19738 41
19738 158
19738 208
19738 245
19738 424
19738 25
19738 45
19738 169
19738 369
19738 376
19738 148
19738 221
19738 348
19738 509
19738 53
19738 54
19738 209
19738 282
19738 289
19738 357
19738 15
19738 177
19738 196
19738 236
19738 367
19738 377
19738 74
19738 405
19738 459
19738 468
19738 51
19738 57
19738 334
19738 483
19738 47
19738 72
19738 130
19738 212
19738 228
19738 293
19738 27
19738 81
19738 123
19738 132
19738 382
19738 422
19738 61
19738 188
19738 343
19738 378
19738 402
19738 39
19738 128
19738 186
19738 195
19738 198
19738 255
19738 71
19738 131
19738 225
19738 246
19738 360
19738 372
19540 17
19540 104
19540 122
19540 162
19540 298
19540 359
19540 395
19540 402
19540 49
19540 144
19540 161
19540 14
19540 70
19540 266
19540 407
19540 95
19540 445
19540 460
18961 21
18961 42
18961 43
18961 52
18961 56
18961 88
18961 152
18961 419
18961 452
18961 549
18961 159
18961 177
18961 438
18961 471
18961 206
18961 216
18961 481
18961 489
18961 566
18961 615
18961 467
18961 143
18961 227
18961 253
18961 424
18961 455
18961 273
18961 334
18961 415
18961 426
18961 450
18961 203
18961 321
18961 398
18961 560
18961 602
19548 234
19548 319
19548 322
19548 362
19548 364
19548 372
19548 242
19548 246
19548 337
19548 349
19548 358
19548 241
19548 292
19548 309
19548 321
19548 325
19548 13
19548 56
19548 138
19548 147
19548 197
19548 65
19548 203
19548 209
19548 23
19548 61
19548 111
19548 136
19548 137
19548 25
19548 46
19548 184
19548 36
19548 39
19548 69
19548 75
19548 106
19548 114
19548 219
19548 238
19548 282
19548 312
19548 338
19548 289
19548 290
19548 329
19548 360
19548 28
19548 52
19548 63
19548 115
19548 135
19548 150
19548 16
19548 47
19548 73
19548 155
19548 180
19548 15
19548 64
19548 68
19548 110
19548 143
19548 145
19548 168
19548 218
19548 281
19548 291
19548 330
19548 342
19548 365
19548 2
19548 21
19548 81
19548 153
19548 166
19548 190
19548 12
19548 49
19548 66
19548 74
19548 79
19548 96
19548 202
19548 213
19548 214
19548 216
19548 243
19548 278
19548 301
19548 331
19548 336
19548 32
19548 55
19548 89
19548 195
19548 250
19548 288
19548 333
19548 348
19548 357
19548 239
19548 274
19548 315
19548 351
19548 283
19548 366
19548 369
19548 26
19548 127
19548 167
19548 169
19548 178
19548 6
19548 9
19548 31
19548 142
19548 159
19548 54
19548 70
19548 163
19548 175
19548 316
19548 323
19548 332
19548 347
19548 356
19548 253
19548 260
19548 263
19548 328
19548 354
19548 37
19548 87
19548 118
19548 141
19548 191
19548 53
19548 196
19548 210
19548 212
19548 231
19548 267
19548 276
19548 306
19548 343
19548 128
19548 140
19548 201
19548 205
19548 223
19548 230
19548 244
19548 261
19548 262
19548 279
19548 248
19548 285
19548 300
19548 303
19548 345
19548 346
19548 353
19548 1
19548 77
19548 100
19548 116
19548 199
19548 10
19548 34
19548 45
19548 90
19548 126
19548 245
19548 254
19548 266
19548 271
19548 275
19548 361
19548 220
19548 232
19548 258
19548 302
19548 352
19421 3
19421 28
19421 44
19421 46
19421 47
19421 83
19421 108
19421 115
19421 5
19421 25
19421 43
19421 58
19421 99
19421 103
19421 114
19421 150
19421 141
19421 18
19421 63
19421 148
19421 85
19421 111
19421 149
19421 151
19421 144
19421 152
19421 32
19421 40
19421 53
19421 74
19421 88
19421 94
19421 121
19421 127
19421 137
19071 64
19071 99
19071 104
19071 173
19071 6
19071 27
19071 34
19071 43
19071 68
19071 140
19071 9
19071 20
19071 25
19071 170
19071 172
19538 34
19538 241
19538 27
19538 129
19538 176
19538 177
19538 197
19538 213
19538 269
19538 273
19684 29
19684 38
19684 22
19684 31
19684 40
19684 8
19684 27
19684 34
19684 23
19684 35
19684 0
19684 1
19684 9
19684 12
19684 24
19684 28
19684 37
19684 2
19684 13
19684 14
19684 17
19684 18
19684 19
19046 1
19046 15
19046 23
19046 28
19046 7
19046 14
19046 24
19046 26
19046 37
19046 4
19046 18
19046 21
19046 25
19046 32
19046 38
19046 41
19046 3
19046 9
19046 22
19046 27
19046 30
19046 31
19046 8
19046 11
19046 19
19046 36
19046 39
19046 0
19046 2
19046 6
19046 10
19046 16
19471 101
19471 139
19471 67
19471 75
19471 83
19471 99
19471 100
19471 104
19471 141
19471 164
19471 246
19471 340
19471 360
19471 60
19471 61
19471 66
19471 88
19471 92
19471 116
19471 144
19471 188
19471 230
19471 235
19471 308
19471 313
19471 331
19471 345
19471 174
19750 68
19750 106
19750 113
19750 7
19750 31
19750 33
19750 40
19750 43
19750 53
19750 84
19610 205
19610 270
19610 320
19610 343
19610 353
19610 376
19610 138
19610 244
19610 289
19610 312
19610 379
19002 116
19002 122
19002 129
19002 137
19002 35
19002 68
19500 114
19500 125
19500 128
19500 159
19500 206
19500 216
19500 271
19500 299
19500 8
19500 13
19500 18
19500 22
19500 49
19500 51
19500 65
19500 84
19568 2
19568 35
19568 47
19568 52
19568 98
19568 16
19568 70
19568 71
19568 73
19568 104
19568 3
19568 11
19568 14
19568 50
19568 59
19568 80
19568 111
19568 115
19568 117
19568 184
19568 185
19568 194
19568 196
19568 234
19568 245
19568 131
19568 164
19568 165
19568 239
19568 158
19568 160
19568 255
19568 4
19568 6
19568 18
19568 33
19568 64
19568 65
19568 1
19568 5
19568 9
19568 41
19568 51
19568 102
19568 137
19568 152
19568 163
19568 168
19568 214
19568 224
19568 0
19568 29
19568 75
19568 93
19568 169
19568 173
19568 187
19568 188
19568 210
19568 233
19568 118
19568 130
19568 179
19568 226
19568 232
19568 127
19568 135
19568 149
19568 174
19568 227
19568 151
19568 176
19568 178
19568 186
19568 248
19568 22
19568 28
19568 40
19568 45
19568 78
19568 88
19568 24
19568 37
19568 49
19568 62
19568 7
19568 48
19568 56
19568 57
19568 79
19568 123
19568 124
19568 141
19568 216
19568 231
19568 31
19568 61
19568 74
19568 95
19568 99
19568 138
19568 180
19568 206
19568 212
19568 218
19568 225
19568 241
19416 4
19416 5
19416 11
19416 26
19416 84
19416 106
19416 149
19425 123
19425 213
19425 259
19425 486
19425 537
19425 589
19425 6
19425 23
19425 50
19425 69
19425 87
19425 176
19425 239
19425 360
19425 74
19425 85
19425 186
19425 253
19425 330
19425 390
19425 501
19425 419
19425 449
19425 585
19425 40
19425 114
19425 183
19425 228
19425 252
19425 341
19425 385
19425 584
19425 64
19425 411
19425 62
19425 344
19425 88
19425 241
19425 291
19425 45
19425 51
19425 143
19425 165
19425 168
19425 227
19425 354
19425 524
19425 30
19425 86
19425 164
19425 258
19425 306
19425 356
19425 391
19425 444
19425 558
19425 68
19425 117
19425 119
19425 172
19425 204
19425 268
19425 337
19425 452
19425 543
19425 36
19425 129
19425 377
19425 398
19425 407
19425 493
19425 107
19425 154
19425 3
19425 13
19425 235
19425 409
19425 502
19425 528
19425 72
19425 202
19425 206
19425 263
19425 279
19425 415
19425 473
19425 475
19425 530
19425 0
19425 286
19425 1
19425 26
19425 76
19425 92
19425 101
19425 174
19425 418
19425 509
19425 203
19425 593
19425 104
19425 105
19425 111
19425 238
19425 335
19425 373
19425 386
19425 500
19425 93
19425 112
19425 169
19425 229
19425 425
19425 464
19425 540
19425 573
19425 38
19425 48
19425 122
19425 145
19425 195
19425 257
19425 406
19425 2
19425 389
19425 450
19425 534
19425 536
19425 544
19425 548
19425 139
19425 177
19425 284
19425 412
19425 428
19425 513
19425 556
19425 563
19425 572
19425 134
19425 196
19425 272
19425 392
19425 516
19425 571
19425 575
19425 580
19425 595
19425 115
19425 246
19425 271
19425 324
19425 420
19425 470
19425 514
19425 519
19425 578
19425 83
19425 586
19425 55
19425 90
19425 153
19425 267
19425 304
19425 405
19425 424
19425 448
19425 454
19425 147
19425 261
19425 340
19425 396
19425 477
19425 505
19425 507
19425 552
19425 339
19425 462
19425 342
19425 422
19425 77
19425 160
19425 210
19425 269
19425 329
19425 427
19425 446
19425 515
19425 136
19425 569
19425 198
19425 347
19425 21
19425 144
19425 216
19425 292
19425 378
19425 401
19425 441
19425 496
19425 43
19425 541
19425 33
19425 125
19574 186
19574 203
19574 229
19574 237
19574 84
19574 146
19574 156
19574 188
19574 25
19574 34
19574 41
19574 73
19574 180
19574 210
19574 31
19574 79
19574 99
19574 125
19574 217
19574 58
19574 65
19574 108
19574 132
19574 161
19574 14
19574 68
19574 82
19574 83
19574 122
19574 172
19574 18
19574 23
19574 45
19574 67
19574 102
19574 164
19574 187
19574 277
19574 293
19574 303
19574 305
19574 10
19574 100
19574 115
19574 131
19574 177
19574 64
19574 87
19574 136
19574 165
19574 222
19574 240
19574 21
19574 55
19574 81
19574 107
19574 121
19574 20
19574 30
19574 140
19574 185
19574 190
19574 197
19574 13
19574 40
19574 42
19574 273
19574 1
19574 69
19574 90
19574 92
19574 120
19574 126
19574 160
19574 8
19574 15
19574 201
19574 215
19574 56
19574 78
19574 112
19574 173
19574 191
19574 252
19574 300
19574 312
19574 24
19574 32
19574 175
19574 209
19574 274
19574 36
19574 59
19574 111
19574 265
19574 270
19574 279
19574 7
19574 85
19574 149
19574 154
19574 3
19574 94
19574 158
19574 169
19574 202
19574 242
19574 254
19574 109
19574 129
19574 258
19574 269
19574 280
19574 72
19574 116
19574 176
19574 216
19574 247
19574 106
19574 137
19574 243
19574 281
19574 299
19574 313
19574 46
19574 74
19574 168
19574 241
19574 257
19574 264
19574 117
19574 128
19574 133
19574 181
19574 224
19574 253
19574 263
19574 9
19574 208
19574 227
19574 16
19574 51
19574 143
19574 170
19574 207
19574 226
19574 152
19574 238
19574 287
19574 2
19574 12
19574 48
19574 155
19574 231
19574 27
19574 162
19574 282
19574 286
19574 306
19574 47
19574 60
19574 93
19574 220
19574 232
19490 20
19490 22
19490 58
19490 86
19490 87
19490 138
19490 141
19490 188
19490 212
19490 213
19550 0
19550 6
19550 15
19550 21
19550 34
19550 1
19550 4
19550 14
19550 23
19550 33
19550 39
19550 9
19550 16
19550 22
19550 38
19550 8
19550 17
19550 19
19550 26
19550 28
19550 29
19733 0
19733 5
19733 22
19733 29
19733 52
19733 10
19733 11
19733 15
19733 28
19733 50
19434 299
19434 511
19705 19
19705 91
19705 96
19705 123
19705 124
19705 128
19705 5
19705 27
19705 48
19705 71
19705 86
19705 87
19705 20
19705 144
19705 148
19705 29
19705 34
19705 54
19705 81
19705 85
19705 52
19705 95
19705 135
19705 141
19705 37
19705 75
19705 137
19705 147
19705 8
19705 46
19705 126
19705 138
19705 16
19705 28
19705 31
19705 57
19705 68
19705 80
19705 145
19705 17
19705 50
19705 97
19705 112
19705 12
19705 14
19705 33
19705 69
19705 113
19705 119
19705 23
19705 32
19705 39
19705 56
19705 98
19705 117
19705 76
19705 100
19705 133
19705 149
19705 0
19705 1
19705 24
19705 47
19705 122
19705 150
19705 25
19705 78
19705 89
19705 121
19705 55
19705 63
19705 102
19705 107
19705 109
19705 38
19705 42
19705 67
19705 118
19705 134
19705 3
19705 11
19705 64
19705 72
19705 88
19705 116
19705 49
19705 53
19705 59
19705 61
19705 74
19705 30
19705 43
19705 62
19705 73
19705 104
19705 36
19705 106
19705 125
19705 132
19705 143
19515 19
19515 21
19515 52
19515 75
19515 76
19515 93
19515 145
19515 67
19515 169
19515 3
19515 14
19515 23
19515 45
19515 84
19515 155
19515 157
19515 163
19515 4
19515 32
19515 51
19515 80
19515 82
19515 111
19515 129
19515 175
19515 170
19515 33
19515 64
19515 77
19515 89
19515 107
19515 125
19515 138
19515 140
19515 6
19515 7
19515 29
19515 101
19515 104
19515 110
19515 142
19515 147
19515 172
19515 24
19515 43
19515 72
19515 83
19515 87
19515 131
19515 151
19515 152
19515 171
19515 53
19515 95
19515 98
19515 132
19515 143
19515 154
19515 164
19515 168
19515 177
19515 161
19515 113
19515 159
19515 176
19515 153
19515 162
19515 178
19515 34
19515 47
19515 65
19515 70
19515 79
19515 85
19515 122
19515 27
19515 55
19515 56
19515 74
19515 130
19515 136
19515 26
19515 31
19515 60
19515 78
19515 81
19515 96
19515 115
19515 119
19515 22
19515 36
19515 42
19515 69
19515 94
19515 117
19515 146
19515 11
19515 16
19515 28
19515 90
19515 92
19515 116
19515 141
19515 149
19515 0
19515 5
19515 17
19515 35
19515 59
19515 63
19515 66
19515 68
19515 73
19515 179
18997 57
18997 139
18997 175
18997 191
18997 95
18997 155
18997 158
18997 234
18997 32
18997 118
18997 142
18997 210
18997 72
18997 116
18997 184
18997 195
18997 36
18997 134
18997 151
18997 188
18970 46
18970 63
18970 77
18970 81
18970 82
18970 7
18970 9
18970 31
18970 34
18970 38
18970 64
18970 83
18970 98
18970 103
18970 50
18970 86
18970 104
18970 109
18970 12
18970 16
18970 24
18970 32
18970 4
18970 13
18970 21
18970 25
18970 26
18970 29
18970 41
18970 57
18970 65
18970 68
18970 100
18970 3
18970 10
18970 14
18970 27
18970 30
18970 35
18970 73
18970 90
18970 93
18970 94
18970 97
18970 42
18970 49
18970 84
18970 85
18970 88
18970 39
18970 89
18970 96
18970 106
18970 110
18970 52
18970 87
18970 91
18970 92
18970 54
18970 67
18970 70
18970 71
18970 95
19027 1
19027 13
19027 17
19027 46
19681 32
19681 40
19681 68
19681 72
19681 83
19681 85
19681 25
19681 27
19681 56
19681 70
19681 17
19681 29
19681 30
19681 55
19681 69
19681 94
19681 87
19681 92
19681 105
19681 18
19681 37
19681 75
19681 100
19681 5
19681 7
19681 20
19681 21
19681 41
19681 73
19681 11
19681 15
19681 44
19681 65
19681 74
19681 90
19681 24
19681 28
19681 46
19681 51
19681 66
19467 79
19467 144
19467 177
19467 300
19467 184
19467 257
19467 284
19467 447
19467 474
19467 515
19467 524
19467 540
19467 260
19467 281
19467 312
19467 350
19467 370
19467 466
19467 476
19467 530
19467 207
19467 263
19467 279
19467 299
19467 345
19467 352
19467 405
19467 428
19467 519
19467 214
19467 270
19467 328
19467 424
19467 450
19467 460
19467 482
19467 507
19467 252
19467 254
19467 269
19467 282
19467 314
19467 383
19467 387
19467 408
19467 498
19467 497
19467 501
19467 381
19467 571
19467 538
19467 567
19054 16
19054 28
19054 84
19054 100
19054 27
19054 44
19054 83
19054 142
19054 80
19054 82
19054 94
19054 122
19054 131
19054 64
19054 144
19054 11
19054 60
19054 109
19054 123
19054 40
19054 42
19054 89
19054 141
19054 41
19054 90
19054 106
19054 113
19054 143
19054 3
19054 139
19054 9
19054 140
19054 58
19054 97
19054 101
19054 118
19054 132
19054 4
19054 33
19054 45
19054 48
19054 17
19054 73
19054 105
19054 129
19054 37
19054 39
19054 53
19054 108
19054 13
19054 137
19054 8
19054 57
19054 76
19054 93
19054 120
19631 6
19631 14
19631 12
19631 1
19631 5
19631 9
19631 10
19631 11
19631 13
19631 15
19004 4
19004 5
19004 18
19004 23
19004 20
19004 27
19004 33
19004 45
19004 2
19004 28
19004 30
19004 37
19004 3
19004 15
19004 26
19004 32
19004 34
19004 44
18966 33
18966 121
18966 124
18966 125
18966 128
18966 194
18966 229
18966 231
18966 245
18966 265
18966 213
18966 230
18966 244
18966 274
18966 71
18966 74
18966 97
18966 179
18966 24
18966 44
18966 57
18966 78
18966 34
18966 86
18966 157
18966 164
18966 48
18966 102
18966 126
18966 159
18966 163
18966 3
18966 32
18966 70
18966 110
18966 139
18966 18
18966 20
18966 47
18966 65
18966 76
18966 105
18966 7
18966 35
18966 101
18966 144
18966 151
18966 1
18966 80
18966 96
18966 112
18966 123
18966 30
18966 37
18966 40
18966 45
18966 52
18966 108
18966 9
18966 92
18966 154
18966 166
18966 171
18966 28
18966 68
18966 145
18966 158
18966 162
18966 2
18966 42
18966 58
18966 61
18966 69
18966 83
18966 50
18966 53
18966 100
18966 103
18966 141
18966 150
18966 59
18966 90
18966 94
18966 98
18966 118
18966 64
18966 176
18966 190
18966 192
18966 178
18966 185
19503 493
19503 544
19503 30
19503 77
19503 83
19503 97
19503 132
19503 154
19503 201
19503 203
19503 300
19503 6
19503 78
19503 84
19503 142
19503 222
19503 254
19503 281
19503 529
19503 596
19503 597
19503 366
19503 380
19503 456
19503 488
19503 587
19503 34
19503 63
19503 93
19503 206
19503 209
19503 294
19503 305
19503 318
19503 337
19503 397
19503 421
19503 453
19503 476
19503 481
19503 498
19503 504
19503 579
19503 426
19503 612
19503 2
19503 65
19503 109
19503 145
19503 153
19503 259
19503 282
19503 313
19503 387
19503 177
19503 269
19503 393
19503 506
19503 0
19503 49
19503 103
19503 111
19503 129
19503 216
19503 236
19503 308
19503 19
19503 35
19503 71
19503 149
19503 158
19503 260
19503 284
19503 316
19503 437
19503 451
19503 460
19503 528
19503 542
19503 569
19503 591
19503 599
19503 368
19503 1
19503 91
19503 110
19503 212
19503 251
19503 298
19503 301
19503 340
19503 367
19503 370
19503 385
19503 79
19503 168
19503 230
19503 248
19503 267
19503 283
19503 302
19503 372
19503 26
19503 86
19503 115
19503 121
19503 170
19503 233
19503 240
19503 406
19503 429
19503 436
19503 471
19503 524
19503 595
19503 601
19503 603
19503 12
19503 266
19503 500
19503 517
19503 521
19503 523
19503 534
19503 571
19503 588
19503 609
19503 627
19503 25
19503 89
19503 94
19503 123
19503 194
19503 250
19503 258
19503 335
19503 391
19503 457
19503 458
19503 461
19503 489
19503 510
19503 515
19503 527
19503 577
19503 27
19503 36
19503 85
19503 108
19503 137
19503 141
19503 286
19503 618
19503 629
19503 9
19503 15
19503 29
19503 80
19503 146
19503 182
19503 235
19503 358
19503 585
19503 610
19503 624
19503 360
19503 375
19503 61
19503 271
19503 359
19503 379
19503 501
19503 507
19503 526
19503 537
19503 546
19503 551
19503 580
19503 594
19503 479
19503 602
19503 16
19503 98
19503 112
19503 139
19503 164
19503 218
19503 276
19503 303
19503 315
19503 345
19503 351
19503 392
19503 410
19503 417
19503 439
19503 487
19503 520
19503 533
19503 586
19503 617
19503 265
19503 356
19503 104
19503 336
19503 101
19503 338
19503 344
19503 241
19503 246
19503 311
19503 514
19503 622
19503 420
19503 442
19503 492
19503 499
19503 519
19503 525
19503 568
19503 81
19503 102
19503 353
19503 99
19503 157
19503 180
19503 237
19503 249
19503 257
19503 312
19503 321
19503 56
19503 117
19503 400
19503 401
19503 412
19503 483
19503 545
19503 550
19503 573
19503 415
19503 423
19503 491
19503 530
19503 556
19503 584
19503 606
19503 621
19503 405
19503 428
19503 430
19503 482
19503 494
19503 495
19503 536
19503 540
19503 555
19503 100
19503 364
19503 388
19503 396
19503 431
19503 443
19503 477
19503 490
19503 505
19503 531
19503 538
19503 362
19503 382
19503 41
19503 297
19503 45
19503 70
19503 343
19503 424
19503 322
19503 330
19750 41
19750 44
19750 48
19750 58
19750 82
19750 88
19750 97
19750 98
19750 32
19750 51
19750 80
19750 86
19750 109
19750 121
19750 28
19750 37
19750 107
19750 118
19750 66
19750 114
19750 116
19750 34
19750 75
19750 93
19750 1
19750 8
19750 54
19750 89
19750 90
19750 99
19750 112
19750 119
19750 15
19750 62
19750 103
19750 117
19750 10
19750 16
19750 17
19750 56
19750 70
19462 32
19462 38
19462 49
19462 60
19462 91
19462 94
19462 95
19462 97
19462 7
19462 13
19462 36
19462 53
19462 54
19462 56
19462 67
19462 93
19462 4
19462 5
19462 26
19462 33
19462 42
19462 78
19462 83
19462 85
19462 87
19462 90
19462 1
19462 14
19462 17
19462 21
19462 25
19462 45
19462 66
19462 84
19462 31
19462 73
19462 96
19462 15
19462 16
19462 22
19462 23
19462 30
19462 39
19462 46
19462 59
19462 11
19462 92
19462 74
19462 82
19672 4
19672 6
19672 7
19672 10
19672 17
19672 19
19672 20
19672 18
19592 41
19592 55
19592 64
19592 118
19592 137
19592 144
19592 34
19592 88
19592 114
19592 226
19592 268
19592 46
19592 95
19592 174
19592 184
19592 196
19592 49
19592 56
19592 75
19592 96
19592 108
19592 117
19592 228
19592 4
19592 91
19592 206
19592 295
19592 1
19592 33
19592 50
19592 86
19592 132
19592 235
19592 44
19592 59
19592 175
19592 178
19592 31
19592 40
19592 129
19592 205
19592 293
19592 30
19592 282
19592 299
19592 90
19592 142
19592 199
19592 208
19592 247
19592 260
19592 267
19592 274
19592 15
19592 17
19592 42
19592 131
19592 221
19592 22
19592 78
19592 84
19592 135
19592 141
19592 182
19592 239
19592 3
19592 11
19592 127
19592 130
19592 210
19592 216
19592 6
19592 125
19592 128
19592 150
19592 156
19592 197
19592 237
19592 261
19592 28
19592 104
19592 154
19592 172
19592 202
19592 246
19592 52
19592 87
19592 120
19592 193
19592 207
19592 14
19592 21
19592 215
19592 217
19592 285
19592 13
19592 112
19592 138
19592 186
19592 189
19592 89
19592 148
19592 283
19592 53
19592 139
19592 160
19592 165
19592 168
19592 229
19592 253
19592 0
19592 58
19592 60
19592 177
19592 195
19592 234
19592 149
19592 230
19592 255
19592 287
19592 302
19592 37
19592 185
19592 269
19592 74
19592 98
19592 297
19592 273
19592 277
19592 304
19592 5
19592 47
19592 105
19592 188
19592 83
19592 264
19683 15
19683 33
19683 44
19683 70
19683 78
19683 124
19070 32
19070 63
19070 142
19070 205
19070 207
19070 45
19070 53
19070 144
19070 247
19070 261
19070 126
19070 291
19070 306
19070 73
19070 155
19070 235
19070 242
19070 262
19070 274
19070 193
19070 254
19070 257
19070 280
19070 286
19070 5
19070 13
19070 30
19070 137
19070 192
19070 246
19070 20
19070 44
19070 88
19070 115
19070 138
19070 4
19070 35
19070 149
19070 282
19070 33
19070 71
19070 90
19070 128
19070 290
19070 36
19070 89
19070 156
19070 183
19070 255
19070 41
19070 61
19070 67
19070 92
19070 202
19070 119
19070 120
19070 152
19070 182
19070 213
19070 14
19070 28
19070 59
19070 130
19070 186
19070 197
19070 107
19070 272
19070 300
19070 50
19070 113
19070 293
19070 303
19070 74
19070 84
19070 184
19070 241
19070 243
19070 57
19070 98
19070 140
19070 154
19070 169
19070 200
19070 51
19070 110
19070 136
19070 139
19070 238
19070 76
19070 105
19070 127
19070 163
19070 294
19070 62
19070 82
19070 134
19070 185
19070 190
19070 239
19070 258
19070 279
19070 292
19070 313
19070 25
19070 49
19070 283
19070 308
19070 307
19070 2
19070 3
19070 34
19070 174
19070 196
19070 217
19070 80
19070 85
19070 159
19070 162
19070 295
19725 76
19725 139
19725 198
19725 242
19086 33
19086 43
19086 47
18966 0
18966 62
18966 63
18966 114
18966 133
18966 152
19717 117
19717 207
19717 213
19717 412
19717 45
19717 98
19717 99
19717 128
19717 175
19717 222
19717 264
19717 10
19717 87
19717 88
19717 238
19717 259
19717 339
19717 289
19717 470
19717 565
19717 50
19717 192
19717 224
19717 260
19717 38
19717 350
19717 370
19717 448
19717 469
19717 518
19717 562
19717 338
19717 576
19717 579
19717 274
19717 337
19717 387
19717 409
19717 11
19717 438
19717 445
19717 121
19717 502
19717 540
19717 547
19717 0
19717 73
19717 152
19717 295
19717 351
19717 468
19717 509
19717 13
19717 240
19717 249
19717 327
19717 431
19717 449
19717 546
19717 201
19717 436
19717 456
19717 80
19717 225
19717 326
19717 421
19717 457
19717 476
19717 143
19717 516
19717 545
19717 553
19717 129
19717 178
19717 221
19717 239
19717 263
19717 48
19717 75
19717 157
19717 309
19717 413
19717 494
19717 54
19717 185
19717 254
19717 305
19717 418
19717 291
19717 374
19717 395
19717 533
19717 35
19717 58
19717 107
19717 187
19717 361
19717 462
19717 122
19717 144
19717 154
19717 210
19717 218
19717 244
19717 26
19717 83
19717 189
19717 200
19717 241
19717 308
19717 29
19717 77
19717 230
19717 257
19717 292
19717 435
19717 497
19717 30
19717 134
19717 335
19717 16
19717 96
19717 255
19717 270
19717 496
19717 40
19717 422
19717 446
19717 42
19717 204
19717 214
19717 307
19717 506
19717 523
19717 529
19717 233
19717 541
19717 575
19717 12
19717 145
19717 322
19717 333
19717 428
19717 491
19717 19
19717 78
19717 90
19717 119
19717 414
19717 454
19717 498
19717 139
19717 197
19717 250
19717 293
19717 113
19717 131
19717 217
19717 317
19717 366
19717 388
19717 363
19717 486
19717 512
19717 539
19717 556
19717 47
19717 181
19717 279
19717 396
19717 442
19717 495
19717 160
19717 173
19717 234
19717 251
19717 433
19717 37
19717 69
19717 108
19717 162
19717 172
19717 312
19717 62
19717 130
19717 184
19717 526
19717 6
19717 118
19717 215
19717 226
19717 298
19717 390
19717 33
19717 168
19717 425
19717 176
19717 423
19717 463
19717 55
19717 102
19717 359
19717 415
19717 429
19717 199
19717 450
19717 487
19717 112
19717 142
19717 331
19717 439
19717 478
19717 93
19717 115
19717 167
19717 247
19717 258
19717 451
19717 39
19717 81
19717 235
19717 321
19717 453
19717 508
19717 51
19717 56
19717 159
19717 188
19717 216
19717 379
19717 407
19717 499
19717 63
19717 286
19717 411
19717 504
19717 378
19717 440
19717 455
19717 95
19717 284
19717 532
19717 114
19717 269
19717 340
19717 345
19717 353
19717 472
19717 474
19717 141
19717 161
19717 368
19717 443
19717 28
19717 171
19717 324
19717 520
19717 21
19717 22
19717 72
19717 52
19717 64
19717 219
19717 367
19717 377
19717 458
19717 53
19717 106
19717 153
19717 212
19717 272
19717 380
19717 484
19717 74
19717 94
19717 180
19717 426
19717 530
19593 3
19593 9
19593 16
19593 19
19593 58
19593 108
19593 109
19593 111
19593 113
19593 117
19601 193
19601 196
19601 221
19601 230
19601 244
19601 248
19601 294
19601 99
19601 122
19601 154
19601 254
19601 282
19582 386
19582 389
19582 392
19582 401
19582 413
19582 425
19582 95
19582 198
19582 220
19582 276
19582 299
19582 306
19582 3
19582 8
19582 11
19582 26
19582 45
19582 46
19582 83
19582 130
19582 168
19582 279
19582 337
19582 381
19582 433
19582 436
19582 440
19582 457
19582 23
19582 27
19582 47
19582 55
19582 115
19582 281
19582 295
19582 302
19582 21
19582 56
19582 98
19582 177
19582 275
19582 342
19582 429
19582 471
19582 483
19582 506
19582 17
19582 31
19582 41
19582 42
19582 6
19582 25
19582 36
19582 43
19582 44
19582 127
19582 223
19582 240
19582 251
19582 285
19582 147
19582 171
19582 184
19582 224
19582 158
19582 178
19582 230
19582 231
19582 291
19582 314
19582 160
19582 176
19582 187
19582 204
19582 308
19582 20
19582 58
19582 80
19582 225
19582 227
19582 310
19582 82
19582 90
19582 199
19582 202
19582 259
19582 124
19582 137
19582 169
19582 253
19582 7
19582 59
19582 60
19582 18
19582 28
19582 34
19582 37
19582 51
19582 52
19582 117
19582 121
19582 128
19582 175
19582 336
19582 354
19582 357
19582 363
19582 143
19582 196
19582 278
19582 312
19582 172
19582 188
19582 203
19582 214
19582 311
19582 67
19582 132
19582 200
19582 246
19582 96
19582 108
19582 219
19582 237
19582 243
19582 305
19582 179
19582 180
19582 316
19582 335
19582 356
19582 92
19582 157
19582 221
19582 234
19582 250
19582 260
19582 104
19582 111
19582 208
19582 300
19582 318
19582 338
19582 387
19582 417
19582 437
19582 441
19582 477
19582 133
19582 257
19582 296
19582 309
19582 320
19582 331
19582 62
19582 344
19582 361
19582 114
19582 194
19582 261
19582 348
19582 355
19582 86
19582 94
19582 144
19582 233
19582 315
19582 70
19582 99
19582 192
19582 215
19582 284
19582 303
19582 102
19582 141
19582 262
19582 329
19582 1
19582 12
19582 24
19582 32
19582 40
19582 48
19582 66
19582 146
19582 190
19582 213
19582 256
19582 343
19582 68
19582 228
19582 236
19582 293
19582 298
19582 444
19582 455
19582 458
19582 462
19582 374
19582 400
19582 421
19582 451
19582 459
19582 465
19582 371
19582 414
19582 434
19582 460
19582 461
19582 469
19582 369
19582 398
19582 439
19582 504
19582 116
19582 167
19582 183
19582 212
19582 242
19582 368
19582 399
19582 431
19582 493
19582 496
19582 65
19582 120
19582 162
19582 166
19582 206
19582 154
19582 182
19582 269
19582 307
19582 322
19582 85
19582 109
19582 210
19582 359
19582 365
19582 113
19582 148
19582 149
19582 197
19582 264
19582 328
19582 61
19582 73
19582 142
19582 273
19582 366
19582 394
19582 442
19582 470
19582 484
19582 486
19582 201
19582 351
19582 360
19582 364
19582 325
19582 330
19582 333
19582 340
19582 78
19582 101
19582 131
19582 209
19582 232
19582 254
19582 84
19582 136
19582 263
19582 266
19582 323
19582 326
19671 211
19671 73
19671 159
19671 161
19671 28
19671 79
19671 91
19671 113
19671 175
19671 197
19671 80
19671 140
19671 185
19671 15
19671 19
19671 21
19671 152
19671 154
19671 22
19671 62
19671 87
19671 188
19671 196
19671 43
19671 60
19671 65
19671 70
19671 104
19671 107
19671 116
19671 11
19671 58
19671 74
19671 90
19671 143
19671 209
19671 12
19671 51
19671 67
19671 134
19671 153
19671 170
19671 10
19671 31
19671 77
19671 102
19671 158
19671 25
19671 46
19671 69
19671 92
19671 173
19671 27
19671 66
19671 149
19671 47
19671 119
19671 168
19671 174
19671 186
19671 29
19671 131
19671 210
19671 68
19671 98
19671 126
19671 130
19671 165
19671 38
19671 71
19671 135
19671 171
19671 160
19671 208
19018 255
19018 429
19018 436
19018 496
19018 532
19018 3
19018 78
19018 126
19018 134
19018 156
19018 242
19018 298
19018 477
19018 487
19018 518
19018 531
19018 278
19018 375
19018 395
19018 418
19018 507
19018 478
19018 540
19018 246
19018 287
19018 391
19018 400
19018 284
19018 419
19018 441
19018 569
19018 189
19018 199
19018 204
19018 207
19018 220
19018 109
19018 164
19018 170
19018 171
19018 40
19018 151
19018 153
19018 182
19018 195
19018 259
19018 294
19018 369
19018 380
19018 420
19018 513
19018 240
19018 311
19018 409
19018 425
19018 445
19018 24
19018 77
19018 80
19018 92
19018 123
19018 176
19018 181
19018 191
19018 202
19018 301
19018 504
19018 510
19018 517
19018 534
19018 549
19018 258
19018 303
19018 382
19018 449
19018 297
19018 416
19018 426
19018 512
19018 559
19018 43
19018 90
19018 105
19018 111
19018 169
19018 243
19018 253
19018 340
19018 500
19018 121
19018 264
19018 304
19018 476
19018 490
19018 542
19018 367
19018 381
19018 410
19018 539
19018 545
19018 27
19018 34
19018 158
19018 185
19018 192
19018 1
19018 155
19018 172
19018 201
19018 205
19018 244
19018 272
19018 357
19018 398
19018 473
19018 65
19018 76
19018 118
19018 127
19018 193
19018 196
19018 2
19018 52
19018 142
19018 174
19018 290
19018 293
19018 537
19018 567
19018 269
19018 345
19018 346
19018 368
19018 386
19018 455
19018 486
19018 491
19018 519
19018 530
19018 30
19018 63
19018 69
19018 130
19018 159
19018 39
19018 124
19018 141
19018 197
19018 217
19018 13
19018 14
19018 23
19018 74
19018 88
19018 100
19018 238
19018 342
19018 396
19018 489
19018 363
19018 459
19018 482
19018 503
19018 541
19018 322
19018 371
19018 402
19018 431
19018 502
19018 234
19018 44
19018 149
19018 218
19018 223
19018 230
19018 0
19018 116
19018 122
19018 161
19018 188
19018 446
19018 453
19018 465
19018 577
19018 587
19018 83
19018 85
19018 93
19018 107
19018 131
19018 256
19018 305
19018 351
19018 360
19018 499
19018 582
19018 359
19018 401
19018 432
19018 536
19018 575
19018 580
19018 583
19018 585
19018 56
19018 62
19018 72
19018 163
19018 132
19018 135
19018 143
19018 145
19018 250
19018 392
19018 439
19018 508
19018 538
19018 423
19018 606
19018 608
19018 611
19018 615
19018 616
19018 276
19018 319
19018 341
19018 520
19018 556
19018 248
19018 283
19018 328
19018 338
19018 457
19018 48
19018 86
19018 221
19018 222
19018 232
19018 235
19552 134
19552 215
19552 236
19552 385
19552 422
19552 334
19552 528
19552 534
19552 67
19552 86
19552 201
19552 338
19552 388
19552 491
19552 64
19552 232
19552 248
19552 492
19552 91
19552 108
19552 395
19552 432
19552 449
19552 457
19552 83
19552 237
19552 242
19552 326
19552 381
19552 92
19552 110
19552 140
19552 466
19552 101
19552 442
19552 516
19552 154
19552 269
19552 439
19552 471
19552 479
19552 69
19552 77
19552 275
19552 285
19552 297
19552 441
19552 79
19552 437
19552 444
19552 448
19552 488
19552 2
19552 4
19552 47
19552 51
19552 116
19552 146
19552 188
19552 249
19552 414
19552 415
19552 483
19552 62
19552 122
19552 239
19552 271
19552 333
19552 136
19552 160
19552 226
19552 261
19552 393
19552 129
19552 204
19552 219
19552 330
19552 464
19552 504
19552 74
19552 113
19552 115
19552 405
19552 418
19552 487
19552 73
19552 107
19552 233
19552 438
19552 460
19552 63
19552 80
19552 301
19552 503
19552 339
19552 344
19552 346
19552 392
19552 502
19552 273
19552 304
19552 354
19552 384
19552 482
19552 0
19552 15
19552 22
19552 27
19552 35
19552 78
19552 192
19552 321
19552 342
19552 425
19552 421
19552 490
19552 494
19552 496
19552 135
19552 244
19552 259
19552 283
19552 288
19552 413
19552 184
19552 229
19552 345
19552 484
19552 89
19552 100
19552 105
19552 287
19552 314
19552 417
19552 18
19552 48
19552 53
19552 56
19552 243
19552 517
19552 532
19552 8
19552 23
19552 24
19552 33
19552 52
19552 118
19552 142
19552 163
19552 420
19552 440
19552 130
19552 187
19552 286
19552 400
19552 427
19552 123
19552 133
19552 144
19552 208
19552 212
19552 94
19552 203
19552 292
19552 356
19552 357
19552 394
19552 412
19552 71
19552 145
19552 319
19552 399
19552 202
19552 362
19552 472
19552 513
19552 529
19552 68
19552 149
19552 152
19552 254
19552 310
19552 340
19552 522
19552 531
19680 32
19680 40
19680 166
19680 306
19680 406
19680 465
19680 139
19680 264
19680 501
19680 526
19680 547
19411 9
19411 34
19411 100
19411 170
19411 299
19411 451
19411 512
19411 543
19071 26
19071 51
19071 88
19071 146
19071 190
19071 39
19071 71
19071 108
19071 163
19071 37
19071 91
19071 161
19071 80
19071 85
19071 86
19071 126
19071 191
19071 52
19071 101
19071 183
19071 33
19071 81
19071 178
19071 185
19071 7
19071 15
19071 61
19071 75
19071 82
19071 127
19071 79
19071 100
19071 158
19071 166
19071 16
19071 30
19071 84
19071 109
19071 141
19071 193
19071 196
19071 98
19071 124
19071 135
19071 179
19071 28
19071 42
19071 147
19071 165
19071 184
19071 63
19071 78
19071 106
19071 148
19071 175
19071 95
19071 96
19071 103
19071 118
19071 143
19071 145
19071 47
19071 115
19071 123
19071 177
19071 186
19071 5
19071 57
19071 58
19071 74
19071 131
19071 157
19071 160
19071 1
19071 12
19071 14
19071 56
19071 105
19071 149
19071 0
19071 50
19071 54
19071 72
19071 130
19071 4
19071 45
19071 76
19071 87
19071 90
19071 138
19071 150
19071 2
19071 24
19071 29
19071 114
19071 120
19071 169
19071 59
19071 70
19071 121
19071 133
19071 168
19703 37
19703 53
19703 58
19703 79
19703 154
19703 43
19703 51
19703 76
19703 95
19703 125
19703 127
19703 5
19703 29
19703 45
19703 150
19703 152
19703 174
19703 93
19703 107
19703 157
19703 179
19703 55
19703 59
19703 87
19703 111
19703 165
19703 23
19703 24
19703 40
19703 77
19703 131
19703 142
19703 38
19703 101
19703 151
19703 158
19703 176
19703 185
19703 14
19703 36
19703 47
19703 84
19703 102
19703 155
19703 78
19703 141
19703 173
19703 180
19703 186
19703 57
19703 70
19703 143
19703 35
19703 97
19703 108
19703 170
19703 190
19703 192
19703 19
19703 32
19703 75
19703 121
19703 136
19703 139
19703 18
19703 21
19703 105
19703 148
19703 167
19703 17
19703 64
19703 169
19703 187
19703 0
19703 46
19703 69
19703 92
18999 29
18999 32
18999 44
18999 45
18999 2
18999 6
18999 18
18999 23
18999 0
18999 8
18999 11
18999 24
18999 22
18999 26
18999 28
18999 30
18999 34
18979 135
18979 25
18979 106
18979 115
18979 122
18979 12
18979 127
18979 41
18979 99
18979 104
18979 113
18979 23
18979 48
18979 76
18979 93
18979 52
18979 88
18979 105
18979 9
18979 65
18979 114
18979 31
18979 37
18979 61
18979 73
18979 5
18979 46
18979 55
18979 98
18979 103
18979 63
18979 35
18979 24
18979 29
18979 100
18979 116
18979 18
18979 74
18979 85
18979 126
18979 32
18979 43
18979 57
18979 91
18979 119
18979 19
18979 38
18979 39
18979 53
18979 107
18979 27
18979 144
18976 54
18976 109
18976 229
18976 239
18976 274
19751 27
19751 202
19751 244
19751 150
19751 69
19751 117
19751 358
19751 382
19751 252
19751 420
19751 38
19751 166
19751 218
19751 300
19751 151
19751 199
19751 246
19751 271
19751 393
19751 408
19751 200
19504 193
19504 196
19504 202
19504 219
19504 220
19504 223
19504 234
19504 76
19504 164
19504 31
19504 42
19504 51
19504 59
19504 81
19504 113
19504 122
19504 39
19504 54
19504 60
19504 69
19504 77
19504 158
19504 165
19504 167
19504 175
19504 6
19504 72
19504 83
19504 93
19504 112
19504 123
19504 136
19504 139
19504 184
19504 213
19504 156
19504 71
19504 121
19504 169
19504 14
19504 28
19504 52
19504 99
19504 110
19504 111
19504 147
19504 7
19504 48
19504 78
19504 88
19504 114
19504 132
19504 135
19504 8
19504 11
19504 63
19504 66
19504 128
19504 131
19504 150
19504 153
19504 177
19504 231
19504 235
19504 12
19504 18
19504 58
19504 68
19504 85
19504 157
19504 3
19504 107
19504 9
19504 36
19504 37
19504 97
19504 129
19504 138
19504 152
19504 171
19504 80
19504 90
19504 94
19504 115
19504 133
19504 143
19504 149
19504 5
19504 13
19504 19
19504 20
19504 45
19504 55
19504 62
19504 125
19504 108
19504 127
19504 186
19504 188
19504 195
19504 199
19504 200
19504 206
19504 227
19504 233
19504 185
19504 187
19504 189
19504 190
19504 207
19504 216
19504 217
19504 192
19504 197
19504 230
19504 17
19504 24
19504 64
19504 67
19504 84
19504 105
19504 137
19504 161
19504 40
19504 141
19504 102
19504 124
19504 130
19504 162
19504 109
19504 180
19504 182
18972 60
18972 80
18972 84
18972 114
18972 297
18972 303
18972 79
18972 239
18972 243
18972 432
18972 457
18972 93
18972 101
18972 148
18972 178
18972 419
18972 41
18972 194
18972 238
18972 301
18972 412
18972 429
18972 16
18972 37
18972 288
18972 295
18972 354
18972 61
18972 139
18972 143
18972 150
18972 186
18972 311
18972 5
18972 50
18972 202
18972 241
18972 281
18972 11
18972 224
18972 251
18972 350
18972 370
19075 40
19075 46
19075 55
19075 58
19075 61
19075 42
19075 45
19075 49
19075 56
19075 64
19075 14
19075 32
19075 37
19075 38
19075 0
19075 6
19075 33
19075 36
19075 41
19075 48
19075 51
19075 52
19075 54
19075 16
19075 18
19075 20
19075 28
19075 31
19075 34
19075 47
19075 53
19075 62
19075 65
19075 57
19075 63
19075 66
19075 67
19075 43
19075 44
19075 50
19075 59
19075 60
19075 68
18987 4
18987 80
18987 105
18987 114
18987 124
19703 2
19703 66
19703 73
19703 129
19703 149
19703 7
19703 27
19703 48
19703 60
19703 81
19703 91
19703 126
19703 8
19703 22
19703 71
19703 100
19703 130
19703 140
19703 172
18976 14
18976 46
18976 125
18976 204
18976 208
18976 118
18976 159
18976 206
18976 245
18976 51
18976 146
18976 212
18976 312
18976 319
18976 96
18976 144
18976 180
18976 246
18969 68
18969 120
18969 156
18969 165
18969 166
18969 17
18969 32
18969 79
18969 105
18969 115
18969 18
18969 45
18969 83
18969 87
18969 149
18969 51
18969 92
18969 101
18969 126
18969 130
18969 131
18969 16
18969 59
18969 64
18969 78
18969 116
18969 119
18969 41
18969 136
18969 137
18969 138
18969 2
18969 20
18969 38
18969 58
18969 70
18969 35
18969 65
18969 86
18969 94
18969 111
18969 125
18969 49
18969 102
18969 139
18969 147
18969 151
18969 8
18969 85
18969 88
18969 96
18969 107
18969 36
18969 43
18969 55
18969 75
18969 93
18969 98
18969 21
18969 25
18969 29
18969 37
18969 99
18969 100
18969 1
18969 3
18969 40
18969 56
18969 113
18969 114
18969 127
18969 134
18969 140
18969 157
18969 162
18969 22
18969 48
18969 77
18969 150
18969 5
18969 84
18969 129
18969 135
18969 9
18969 10
18969 13
18969 47
18969 63
18969 104
18969 26
18969 54
18969 82
18969 163
18969 19
18969 42
18969 73
18969 103
18969 133
18969 161
18986 116
18986 160
18986 29
18986 64
18986 131
18986 143
18986 54
18986 53
18986 56
18986 74
18986 76
18986 8
18986 26
18986 30
18986 144
18986 22
18986 33
18986 112
18986 141
18986 31
18986 43
18986 96
18986 159
18986 37
18986 71
18986 83
18986 124
18986 138
18986 105
18986 121
18986 125
18986 176
18986 183
18986 86
18986 90
18986 13
18986 35
18986 154
18986 155
18986 181
18986 34
18986 72
18986 108
18986 111
18986 157
18986 49
18986 161
18986 14
18986 81
18986 97
18986 132
18986 65
18986 85
18986 134
18986 153
18986 28
18986 46
18986 140
18986 177
18986 3
18986 24
18986 110
18986 123
18986 145
18986 18
18986 41
18986 78
18986 103
18986 113
18986 66
18986 168
18986 7
18986 178
18986 184
18986 61
19467 225
19467 226
19467 339
19467 349
19467 355
19467 412
19467 440
19467 463
19467 566
19467 569
19467 239
19467 275
19467 346
19467 392
19467 478
19467 495
19467 518
19467 523
19467 577
19467 243
19467 301
19467 321
19467 343
19467 505
19467 570
19467 572
19467 576
19467 578
19467 278
19467 290
19467 306
19467 374
19467 442
19467 541
19467 551
19467 556
19467 7
19467 33
19467 76
19467 99
19467 119
19467 127
19467 142
19467 155
19467 160
19467 174
19467 234
19467 295
19467 303
19467 330
19467 457
19467 494
19467 516
19467 547
19467 191
19467 223
19467 247
19467 271
19467 283
19467 319
19467 354
19467 533
19467 3
19467 5
19467 12
19467 27
19467 85
19467 150
19467 170
19467 109
19467 219
19467 250
19467 261
19467 298
19467 334
19467 398
19467 486
19467 4
19467 26
19467 40
19467 44
19467 63
19467 89
19467 95
19467 116
19467 141
19467 168
19467 172
19467 192
19467 208
19467 323
19467 336
19467 358
19467 434
19467 435
19467 528
19467 197
19467 204
19467 465
19467 326
19467 555
19467 173
19467 175
19467 178
19467 272
19467 492
19467 329
19467 468
19467 557
19467 402
19467 472
19467 480
19467 490
19467 251
19467 320
19467 394
19467 395
19467 430
19467 431
19467 503
19467 539
19467 31
19467 41
19467 49
19467 68
19467 100
19467 101
19467 110
19467 147
19467 164
19467 193
19467 310
19467 362
19467 396
19467 449
19467 477
19467 489
19467 510
19467 529
19467 224
19467 245
19467 262
19467 371
19467 384
19467 445
19467 481
19467 502
19467 565
19467 215
19467 560
19467 562
19467 236
19467 308
19467 356
19467 364
19467 404
19467 416
19467 552
19467 573
19467 35
19467 36
19467 37
19467 73
19467 118
19467 137
19467 143
19467 152
19467 159
19467 231
19467 285
19467 333
19467 422
19467 433
19467 470
19467 453
19467 561
19467 365
19467 544
19467 169
19467 389
19467 525
19467 536
19467 307
19467 436
19467 550
19467 188
19467 253
19467 324
19467 367
19467 462
19467 488
19467 517
19467 198
19467 209
19467 212
19467 296
19467 315
19467 455
19467 479
19467 496
19467 500
19467 48
19467 51
19467 62
19467 88
19467 90
19467 102
19467 122
19467 123
19467 124
19467 153
19467 230
19467 289
19467 348
19467 421
19467 427
19467 444
19467 511
19423 422
19423 11
19423 19
19423 42
19423 53
19423 107
19423 111
19423 113
19423 133
19423 137
19423 469
19423 156
19423 523
19423 144
19423 147
19423 149
19423 204
19423 208
19423 216
19423 268
19423 320
19423 138
19423 3
19423 6
19423 14
19423 20
19423 40
19423 86
19423 109
19423 120
19423 2
19423 33
19423 35
19423 55
19423 58
19423 65
19423 84
19423 102
19423 486
19423 496
19423 501
19423 194
19423 229
19423 354
19423 375
19423 444
19423 471
19423 529
19423 177
19423 483
19423 197
19423 214
19423 243
19423 251
19423 282
19423 322
19423 325
19423 366
19423 406
19423 212
19423 307
19423 460
19423 142
19423 228
19423 254
19423 315
19423 327
19423 378
19423 419
19423 507
19423 155
19423 215
19423 352
19423 399
19423 401
19423 481
19423 492
19423 512
19423 140
19423 291
19423 402
19423 403
19423 445
19423 448
19423 497
19423 504
19423 7
19423 132
19423 165
19423 221
19423 242
19423 329
19423 392
19423 427
19423 487
19423 118
19423 128
19423 129
19423 187
19423 266
19423 272
19423 326
19423 340
19423 428
19423 436
19423 455
19423 521
19423 183
19423 226
19423 253
19423 273
19423 316
19423 324
19423 367
19423 420
19423 425
19423 5
19423 16
19423 45
19423 69
19423 79
19423 97
19423 130
19423 363
19423 495
19423 184
19423 198
19423 417
19423 477
19423 485
19423 510
19423 298
19423 334
19423 437
19423 333
19423 517
19423 484
19423 499
19423 505
19423 9
19423 114
19423 511
19423 530
19423 223
19423 443
19423 365
19423 209
19423 224
19423 373
19423 398
19423 452
19423 458
19423 478
19423 498
19423 524
19423 526
19423 17
19423 90
19423 186
19423 210
19423 217
19423 248
19423 281
19423 292
19423 302
19423 323
19423 12
19423 127
19423 167
19423 174
19423 260
19423 330
19423 359
19423 374
19423 379
19423 418
19423 244
19423 270
19423 290
19423 308
19423 350
19423 385
19423 391
19423 451
19423 148
19423 168
19423 218
19423 264
19423 285
19423 288
19423 450
19423 479
19423 514
19423 24
19423 106
19423 500
19423 515
19423 158
19423 175
19423 265
19423 269
19423 293
19423 332
19423 358
19423 395
19423 408
19423 80
19423 88
19423 115
19423 10
19423 43
19423 121
19423 508
19423 525
19423 153
19423 234
19423 262
19423 275
19423 287
19423 295
19423 301
19423 462
19423 300
19423 369
19423 205
19423 227
19423 238
19423 267
19423 339
19423 364
19423 405
19423 440
19423 463
19423 502
19423 25
19423 27
19423 61
19423 64
19423 66
19423 78
19423 94
19423 157
19423 222
19423 240
19423 271
19423 318
19423 345
19423 441
19423 468
19423 37
19423 38
19423 44
19423 49
19423 52
19423 67
19423 73
19423 87
19423 110
19423 26
19423 123
19423 21
19423 34
19423 39
19423 51
19423 85
19423 89
19423 100
19423 108
19423 46
19423 68
19423 70
19423 75
19423 77
19423 98
19423 103
19615 0
19615 14
19615 21
19615 45
19408 219
19408 334
19408 367
19408 401
19408 419
19408 475
19408 477
19408 514
19408 545
19408 590
19408 329
19408 349
19408 382
19408 397
19408 398
19408 432
19408 582
19408 48
19408 50
19408 57
19408 65
19408 74
19408 83
19408 126
19408 141
19408 153
19408 204
19408 500
19408 225
19408 260
19408 286
19408 439
19408 462
19408 464
19408 538
19408 593
19408 0
19408 38
19408 70
19408 73
19408 116
19408 139
19408 150
19408 173
19408 9
19408 12
19408 40
19408 95
19408 114
19408 177
19408 182
19408 320
19408 408
19408 423
19408 524
19408 87
19408 147
19408 13
19408 19
19408 21
19408 22
19408 37
19408 55
19408 77
19408 79
19408 164
19408 231
19408 338
19408 416
19408 435
19408 463
19408 483
19408 589
19408 252
19408 268
19408 282
19408 288
19408 332
19408 411
19408 446
19408 537
19408 31
19408 86
19408 113
19408 151
19408 218
19408 556
19408 236
19408 256
19408 285
19408 304
19408 365
19408 494
19408 555
19408 201
19408 212
19408 215
19408 248
19408 313
19408 315
19408 429
19408 501
19408 5
19408 130
19408 3
19408 25
19408 71
19408 93
19408 108
19408 143
19408 144
19408 180
19408 61
19408 174
19408 472
19408 525
19408 210
19408 216
19408 226
19408 340
19408 355
19408 386
19408 437
19408 474
19408 534
19408 197
19408 217
19408 233
19408 339
19408 351
19408 352
19408 380
19408 428
19408 543
19408 39
19408 59
19408 185
19408 553
19408 594
19408 191
19408 348
19408 376
19408 436
19408 452
19408 515
19408 517
19408 532
19408 160
19408 110
19408 158
19408 275
19408 277
19408 361
19408 498
19408 510
19408 531
19408 548
19408 242
19408 254
19408 566
19408 187
19408 390
19408 399
19408 460
19408 502
19408 539
19408 560
19408 562
19408 207
19408 249
19408 250
19408 346
19408 404
19408 422
19408 444
19408 536
19408 384
19408 272
19408 466
19408 595
19408 499
19408 519
19408 243
19408 317
19408 344
19408 389
19408 406
19408 445
19408 461
19408 513
19408 564
19408 579
19408 291
19408 362
19408 407
19408 426
19408 438
19408 471
19408 495
19408 546
19408 170
19408 64
19408 115
19408 167
19408 56
19408 82
19408 92
19408 96
19408 111
19408 165
19408 181
19408 550
19408 591
19408 598
19408 257
19408 258
19408 15
19408 46
19408 81
19408 128
19408 131
19408 136
19408 175
19408 183
19408 7
19408 32
19408 44
19408 60
19408 68
19408 69
19408 80
19408 162
19408 171
19408 563
19408 2
19408 11
19408 14
19408 75
19408 85
19408 105
19408 124
19408 135
19408 149
19408 405
19408 516
19408 558
19408 58
19408 169
19408 178
19408 8
19408 51
19408 76
19408 89
19408 103
19408 112
19408 155
19408 283
19408 292
19408 310
19408 333
19408 372
19408 381
19408 440
19408 518
19408 587
19408 266
19408 341
19630 253
19630 268
19630 280
19630 306
19686 2
19686 17
19686 29
19686 35
19686 82
19686 202
19594 40
19594 41
19594 7
19594 10
19594 19
19594 29
19594 31
19594 33
19594 0
19594 4
19594 12
19594 22
19594 24
19594 27
19594 3
19594 37
19594 39
19594 42
19594 11
19594 25
19594 36
19594 45
19594 1
19594 5
19594 17
19594 32
19594 44
19594 6
19594 14
19594 15
19594 18
19594 30
19594 2
19594 8
19594 9
19594 20
19594 21
19594 23
19585 10
19585 14
19585 20
19585 48
19585 50
19585 67
19585 101
19080 276
19080 283
19080 342
19080 361
19080 504
19080 390
19080 502
19080 533
19080 542
19080 255
19080 384
19080 416
19080 522
19080 553
19080 60
19080 133
19080 155
19080 207
19080 248
19080 142
19080 237
19080 245
19080 35
19080 116
19080 225
19080 250
19080 392
19080 430
19080 463
19080 534
19080 256
19080 267
19080 568
19080 570
19080 49
19080 63
19080 71
19080 108
19080 247
19080 284
19080 365
19080 458
19080 482
19080 513
19080 346
19080 559
19080 561
19080 571
19080 292
19080 303
19080 319
19080 382
19080 483
19080 280
19080 302
19080 349
19080 364
19080 377
19080 460
19080 23
19080 50
19080 75
19080 82
19080 99
19080 230
19080 254
19080 325
19080 327
19080 449
19080 474
19080 499
19080 233
19080 243
19080 296
19080 305
19080 362
19080 437
19080 505
19080 72
19080 172
19080 190
19080 194
19080 204
19080 220
19080 51
19080 95
19080 197
19080 228
19080 20
19080 57
19080 64
19080 89
19080 119
19080 127
19080 394
19080 468
19080 521
19080 264
19080 371
19080 381
19080 455
19080 497
19080 509
19080 299
19080 380
19080 418
19080 447
19080 268
19080 363
19080 441
19080 454
19080 503
19080 269
19080 310
19080 312
19080 399
19080 405
19080 435
19080 488
19080 324
19080 356
19080 407
19080 506
19080 544
19080 272
19080 286
19080 311
19080 555
19080 118
19080 138
19080 157
19080 178
19080 202
19080 205
19080 304
19080 340
19080 388
19080 420
19080 427
19080 492
19080 39
19080 48
19080 98
19080 170
19080 208
19080 222
19080 285
19080 334
19080 353
19080 367
19080 410
19080 448
19080 265
19080 295
19080 322
19080 391
19080 451
19080 480
19080 30
19080 36
19080 122
19080 147
19080 152
19080 196
19080 14
19080 52
19080 92
19080 165
19080 184
19080 359
19080 404
19080 442
19080 537
19080 360
19080 419
19080 426
19080 508
19080 532
19080 320
19080 413
19080 436
19080 438
19080 479
19080 490
19080 55
19080 73
19080 115
19080 161
19080 5
19080 45
19080 80
19080 227
19080 17
19080 56
19080 117
19080 124
19080 180
19080 287
19080 563
19080 567
19080 574
19080 13
19080 123
19080 162
19080 182
19080 217
19408 211
19408 363
19408 451
19408 129
19408 157
19408 163
19408 245
19408 271
19408 281
19408 322
19408 385
19408 392
19408 488
19408 529
19408 176
19408 192
19408 305
19408 337
19408 345
19408 447
19408 449
19408 505
19408 16
19408 26
19408 54
19408 84
19408 91
19408 100
19408 119
19408 132
19408 146
19408 23
19408 27
19408 43
19408 53
19408 67
19408 106
19408 166
19408 4
19408 28
19408 41
19408 47
19408 63
19408 125
19543 148
19543 176
19543 213
19543 214
19543 338
19543 379
19543 9
19543 55
19543 75
19543 106
19543 24
19543 34
19543 64
19543 65
19543 77
19543 87
19543 18
19543 88
19543 105
19543 112
19079 23
19079 48
19079 69
19079 73
19079 84
19079 7
19079 51
19079 68
19079 80
19079 97
19079 76
19079 8
19079 17
19079 25
19079 46
19079 58
19079 79
19079 19
19079 36
19079 55
19079 78
19079 93
19079 6
19079 18
19079 101
19079 102
19079 103
19079 21
19079 24
19079 29
19079 59
19079 90
19079 11
19079 43
19079 64
19079 65
19079 81
19079 0
19079 14
19079 15
19079 22
19079 67
19079 72
19079 96
19079 3
19079 31
19079 40
19079 45
19079 91
19079 52
19079 53
19079 92
19079 104
19048 29
19048 63
19048 177
19048 221
19048 17
19048 82
19048 107
19048 37
19048 104
19048 171
19048 186
19048 51
19048 54
19048 90
19048 201
19067 156
19067 189
19067 272
19067 273
19067 296
19067 333
19499 68
19499 79
19499 2
19499 7
19499 20
19499 22
19499 32
19499 42
19499 62
19499 70
19499 77
19499 29
19499 64
19499 1
19499 8
19499 23
19499 28
19499 39
19499 41
19499 44
19499 47
19499 52
19499 56
19499 57
19499 0
19499 15
19499 45
19499 46
19499 63
19499 65
19499 66
19499 69
19499 78
19499 5
19499 17
19499 19
19499 33
19499 40
19499 73
19499 75
19085 33
19085 71
19085 108
19085 128
19085 50
19085 267
19085 275
19085 278
19058 15
19058 16
19058 30
19058 31
19058 38
19649 99
19649 271
19649 327
19649 382
19649 274
19649 370
19649 384
19649 386
19649 1
19649 39
19649 63
19649 445
19649 123
19649 219
19649 260
19649 294
19649 341
19649 348
19649 113
19649 236
19649 332
19649 356
19649 366
19649 167
19649 197
19649 364
19649 378
19649 71
19649 73
19649 134
19649 161
19649 173
19649 273
19649 206
19649 264
19649 373
19649 379
19649 140
19649 166
19649 205
19649 235
19649 246
19649 286
19649 70
19649 119
19649 137
19649 213
19649 244
19649 269
19649 144
19649 207
19649 223
19649 232
19649 305
19649 330
19649 33
19649 43
19649 387
19649 388
19649 398
19649 393
19649 406
19649 418
19649 439
19649 456
19649 133
19649 253
19649 339
19649 367
19649 92
19649 110
19649 132
19649 169
19649 7
19649 10
19649 48
19649 421
19649 428
19649 11
19649 408
19649 435
19649 441
19649 104
19649 201
19649 335
19649 89
19649 100
19649 228
19649 275
19649 288
19649 325
19649 400
19649 407
19649 438
19649 447
19649 460
19649 84
19649 116
19649 168
19649 176
19649 218
19649 351
19649 114
19649 127
19649 135
19649 195
19649 262
19649 310
19649 29
19649 404
19649 405
19649 444
19649 78
19649 81
19649 102
19649 200
19649 211
19649 249
19649 291
19649 8
19649 20
19649 25
19649 389
19649 432
19649 13
19649 41
19649 45
19649 454
19649 75
19649 103
19649 124
19649 129
19649 215
19649 279
19649 315
19649 69
19649 80
19649 98
19649 267
19649 293
19649 308
19649 16
19649 19
19649 21
19649 54
19649 62
19649 392
19649 82
19649 136
19649 175
19649 214
19649 230
19649 285
19649 162
19649 251
19649 255
19649 283
19649 307
19649 311
19649 312
19649 156
19649 184
19649 257
19649 272
19649 192
19649 210
19649 266
19649 277
19649 323
19649 95
19649 128
19649 191
19649 270
19649 320
19649 345
19649 101
19649 105
19649 139
19649 190
19649 199
19649 212
19649 150
19649 202
19649 349
19649 352
19649 74
19649 83
19649 179
19649 301
19649 321
19649 322
19649 15
19649 23
19649 395
19649 410
19649 426
19649 436
19649 234
19649 237
19649 259
19649 319
19649 106
19649 160
19649 309
19649 329
19649 193
19649 292
19649 359
19649 372
19649 115
19649 181
19649 216
19649 245
19649 390
19649 397
19649 415
19649 443
19649 452
19649 108
19649 158
19649 263
19649 316
19649 64
19649 66
19649 68
19649 402
19649 427
19067 257
19067 342
19067 351
19067 361
19067 217
19067 245
19067 382
19067 139
19067 180
19067 203
19067 248
19067 289
19067 355
19067 5
19067 45
19067 54
19067 79
19067 92
19067 95
19067 106
19067 127
19067 212
19067 236
19067 260
19067 325
19067 182
19067 274
19067 352
19067 372
19488 13
19488 46
19488 54
19488 108
19488 136
19488 182
19488 186
19423 199
19423 207
19423 211
19423 250
19423 252
19423 280
19423 312
19423 393
19423 412
19423 432
19696 1
19696 19
19696 25
19696 45
19696 103
19696 129
19696 64
19696 174
19696 9
19696 15
19696 23
19696 93
19696 106
19696 127
19696 148
19696 163
19696 51
19696 52
19696 66
19696 85
19696 117
19696 135
19696 5
19696 22
19696 43
19696 71
19696 72
19696 102
19696 166
19696 170
19696 14
19696 28
19696 53
19696 110
19696 141
19696 178
19696 179
19696 0
19696 17
19696 24
19696 81
19696 86
19696 145
19696 183
19696 186
19696 136
19696 176
19696 182
19696 185
19696 40
19696 50
19696 59
19696 95
19696 143
19696 144
19696 73
19696 99
19696 113
19696 128
19696 130
19696 151
19696 11
19696 35
19696 41
19696 138
19696 2
19696 98
19696 161
19696 171
19696 47
19696 80
19696 173
19696 177
19729 6
19729 24
19729 32
19729 39
19729 55
19639 193
19639 197
19639 230
19639 294
19639 299
19639 172
19639 186
19639 209
19639 244
19639 246
19639 12
19639 292
19639 295
19639 305
19639 61
19639 88
19639 173
19639 187
19639 220
19639 6
19639 106
19639 120
19639 221
19639 243
19639 259
19639 261
19639 263
19639 286
19639 300
19639 10
19639 21
19639 129
19639 175
19639 264
19639 281
19639 11
19639 96
19639 132
19639 167
19639 218
19639 25
19639 118
19639 142
19639 169
19639 210
19639 59
19639 79
19639 81
19639 102
19639 151
19639 19
19639 22
19639 23
19639 56
19639 78
19639 238
19639 302
19639 3
19639 93
19639 112
19639 159
19639 162
19639 183
19639 165
19639 245
19639 267
19639 50
19639 150
19639 178
19639 196
19639 276
19639 37
19639 115
19639 293
19639 66
19639 68
19639 123
19639 211
19639 219
19639 223
19639 99
19639 166
19639 174
19639 215
19639 222
19639 57
19639 77
19639 136
19639 152
19639 181
19639 87
19639 229
19639 290
19639 306
19639 307
19639 48
19639 117
19639 258
19639 283
19639 82
19639 114
19639 143
19639 153
19639 191
19639 55
19639 72
19639 225
19639 239
19639 253
19639 47
19639 58
19639 133
19639 184
19639 228
19639 45
19639 62
19639 105
19639 188
19639 233
19639 247
19639 254
19639 144
19639 161
19639 256
19639 271
19639 0
19639 4
19639 202
19639 277
19639 287
19639 43
19639 146
19639 177
19639 252
19639 282
19639 42
19639 67
19639 100
19639 155
19639 216
19639 15
19639 49
19639 60
19639 71
19639 122
19639 224
19639 74
19639 109
19639 121
19639 149
19639 240
19639 34
19639 111
19639 255
19639 296
19639 176
19639 273
19639 288
19639 301
19639 1
19639 113
19639 168
19639 250
19639 297
19639 52
19639 89
19639 163
19639 192
19639 298
19639 44
19639 94
19639 116
19639 130
19639 145
19598 149
19598 152
19598 192
19598 200
19598 240
19598 309
19598 6
19598 28
19598 41
19598 80
19598 81
19598 125
19598 176
19598 244
19598 252
19598 263
19598 126
19598 167
19598 196
19598 277
19598 288
19598 303
19598 306
19598 307
19598 16
19598 42
19598 75
19598 77
19598 87
19598 124
19598 140
19598 174
19598 184
19598 247
19598 258
19598 31
19598 34
19598 72
19598 93
19598 119
19598 133
19598 135
19598 182
19598 232
19598 286
19598 20
19598 46
19598 66
19598 68
19598 82
19598 104
19598 114
19598 13
19598 33
19598 35
19598 58
19598 64
19598 88
19598 106
19598 308
19598 310
19598 311
19598 131
19598 202
19598 203
19598 257
19598 269
19598 139
19598 155
19598 250
19598 294
19598 165
19598 290
19598 299
19598 302
19598 304
19598 102
19598 113
19598 14
19598 78
19598 96
19598 27
19598 32
19598 55
19598 60
19598 100
19598 179
19598 205
19598 266
19598 272
19598 281
19598 17
19598 48
19598 50
19598 90
19598 92
19598 57
19598 105
19598 107
19598 108
19598 136
19598 142
19598 159
19598 206
19598 218
19598 259
19598 191
19598 195
19598 199
19598 228
19598 275
19598 123
19598 210
19598 234
19598 270
19598 298
19598 36
19598 109
19598 112
19598 172
19598 175
19598 183
19598 188
19598 293
19598 222
19598 254
19598 283
19598 289
19708 2
19708 35
19708 50
19708 94
19708 219
19708 299
19708 178
19708 233
19708 304
19708 15
19708 18
19708 24
19708 51
19708 221
19708 281
19708 296
19708 23
19708 87
19708 109
19708 132
19708 191
19708 247
19708 292
19708 28
19708 103
19708 157
19708 217
19708 220
19708 248
19708 16
19708 65
19708 156
19708 190
19708 194
19708 259
19708 62
19708 141
19708 161
19708 227
19708 27
19708 133
19708 306
19708 321
19708 80
19708 129
19708 255
19708 319
19708 335
19708 41
19708 93
19708 164
19708 325
19708 333
19708 53
19708 158
19708 159
19708 207
19708 264
19708 60
19708 97
19708 122
19708 186
19708 288
19708 339
19708 29
19708 31
19708 136
19708 153
19708 172
19708 195
19708 63
19708 96
19708 279
19708 280
19708 309
19708 13
19708 30
19708 81
19708 89
19708 108
19708 203
19708 302
19708 144
19708 179
19708 244
19708 253
19708 291
19708 110
19708 169
19708 310
19708 4
19708 77
19708 105
19708 168
19708 185
19708 193
19708 249
19708 20
19708 90
19708 175
19708 206
19708 277
19708 74
19708 126
19708 257
19708 262
19708 289
19708 1
19708 12
19708 37
19708 78
19708 224
19708 131
19708 170
19708 270
19708 276
19470 5
19470 6
19470 15
19470 56
19470 67
19470 76
19470 145
19470 46
19470 92
19470 101
19470 132
19470 157
19470 158
19470 169
19470 91
19470 162
19470 191
19470 9
19470 47
19470 75
19470 106
19470 113
19470 122
19470 126
19470 134
19470 84
19470 99
19470 130
19470 141
19470 154
19470 167
19470 170
19470 8
19470 13
19470 24
19470 29
19470 138
19470 139
19470 143
19470 173
19470 193
19470 61
19470 23
19470 65
19470 69
19470 78
19470 85
19470 124
19470 176
19470 190
19470 36
19470 48
19470 72
19470 74
19470 87
19470 105
19470 117
19470 11
19470 30
19470 179
19470 196
19470 82
19470 86
19470 90
19470 119
19470 120
19470 127
19470 149
19470 183
19470 0
19470 4
19470 21
19470 70
19470 71
19470 144
19470 168
19470 2
19470 35
19470 41
19470 45
19470 62
19470 88
19470 146
19470 165
19470 160
19470 192
19470 203
19470 3
19470 51
19470 53
19470 73
19470 89
19470 116
19470 150
19470 44
19470 83
19470 153
19696 29
19696 36
19696 10
19696 13
19696 21
19696 55
19696 61
19696 62
19696 97
19696 109
19696 123
19696 181
19696 7
19696 46
19696 105
19696 125
19696 133
19696 154
19696 180
19696 42
19696 184
19696 191
19696 192
19696 108
19696 152
19696 165
19696 172
19696 33
19696 76
19696 89
19696 111
19696 132
19696 37
19696 60
19696 74
19696 84
19696 115
19696 116
19696 175
19696 193
19696 194
19696 8
19696 69
19696 75
19696 77
19696 107
19696 164
19696 68
19696 83
19696 140
19696 157
19696 187
19696 12
19696 30
19696 65
19696 88
19696 94
19696 104
19696 189
19696 16
19696 56
19696 120
19696 168
19696 188
19696 190
19696 131
19696 134
19696 139
19696 147
19696 4
19696 96
19696 146
19696 169
19536 11
19536 25
19536 52
19536 65
19536 70
19536 73
19536 12
19536 24
19536 53
19536 66
19536 76
19536 22
19536 31
19536 36
19536 78
19536 13
19536 39
19536 40
19536 41
19536 42
19536 86
19536 0
19536 2
19536 5
19536 7
19536 8
19536 48
19536 60
19536 81
19536 21
19536 23
19536 44
19536 47
19536 62
19536 67
19536 56
19536 69
19536 84
19536 85
19536 87
19536 17
19536 28
19536 30
19536 63
19536 15
19536 19
19536 72
19536 1
19536 3
19536 4
19536 6
19536 9
19536 10
19432 50
19432 123
19692 140
19692 351
19692 365
19692 373
19692 380
19692 500
19692 120
19692 148
19692 172
19692 433
19692 437
19692 447
19692 225
19692 256
19692 258
19692 450
19692 459
19692 480
19692 149
19692 199
19692 322
19692 326
19692 413
19692 484
19692 79
19692 237
19692 255
19692 338
19692 369
19692 399
19692 448
19510 63
19510 74
19510 76
19510 106
19510 115
19510 138
19510 158
19510 161
19691 50
19691 179
19691 190
19691 248
19691 29
19691 234
19691 243
19691 269
19691 246
19691 263
19691 265
19691 288
19691 4
19691 165
19691 209
19691 9
19691 33
19691 44
19691 85
19691 93
19691 181
19691 27
19691 96
19691 141
19691 194
19691 205
19691 211
19721 32
19721 66
19721 103
19721 152
19721 172
19721 208
19721 215
19730 2
19730 3
19730 22
19730 39
19730 41
19730 47
19730 57
19539 13
19539 16
19539 27
19539 52
19539 77
19539 97
19539 99
19539 113
19539 30
19539 46
19539 48
19539 70
19539 76
19539 86
19539 145
19539 26
19539 33
19539 43
19539 60
19539 68
19539 101
19539 122
19539 147
19539 39
19539 40
19539 42
19539 66
19539 75
19539 78
19539 88
19539 100
19539 53
19539 152
19539 10
19539 18
19539 32
19539 67
19539 80
19539 92
19539 105
19539 124
19539 148
19539 5
19539 7
19539 11
19539 115
19539 126
19539 136
19539 138
19539 72
19539 102
19539 146
19539 4
19539 9
19539 15
19539 28
19539 69
19539 117
19539 144
19539 20
19539 130
19539 44
19539 112
19539 154
19650 1
19650 18
19650 61
19650 96
19650 23
19650 68
19650 82
19650 91
19650 103
19650 125
19752 25
19752 72
19752 111
19752 175
19752 183
19752 201
19752 32
19752 242
19752 277
19752 132
19752 156
19752 234
19752 9
19752 28
19752 149
19752 154
19752 230
19752 59
19752 104
19752 146
19752 200
19752 211
19752 95
19752 129
19752 143
19752 150
19752 194
19752 207
19752 52
19752 161
19752 260
19752 285
19752 76
19752 257
19752 292
19752 82
19752 97
19752 117
19752 163
19752 169
19752 218
19752 84
19752 202
19752 213
19752 253
19752 91
19752 171
19752 281
19752 65
19752 68
19752 102
19752 145
19752 198
19752 203
19752 11
19752 73
19752 148
19752 166
19752 217
19752 251
19752 273
19752 46
19752 205
19752 255
19752 289
19752 226
19752 204
19752 246
19752 250
19752 2
19752 39
19752 49
19752 138
19752 155
19752 178
19752 69
19752 271
19752 64
19752 272
19752 29
19752 274
19752 283
19752 14
19752 40
19752 100
19752 153
19752 181
19752 221
19752 20
19752 269
19752 157
19752 191
19752 258
19752 263
19752 38
19752 232
19752 27
19752 62
19752 74
19752 108
19752 121
19752 130
19752 229
19752 31
19752 240
19752 51
19752 120
19752 53
19752 243
19006 13
19006 17
19006 22
19006 5
19006 8
19006 20
19543 186
19543 274
19543 376
19543 414
19543 39
19543 49
19543 81
19543 100
19543 10
19543 22
19543 61
19543 103
19543 104
19543 538
19543 516
19543 536
19543 539
19543 2
19543 17
19543 57
19543 66
19543 68
19543 7
19543 31
19543 43
19543 47
19543 147
19543 195
19543 377
19543 422
19543 151
19543 188
19543 332
19543 340
19543 401
19543 450
19543 5
19543 8
19543 23
19543 25
19543 84
19543 85
19543 369
19543 454
19543 480
19543 533
19543 164
19543 257
19543 277
19543 398
19543 405
19543 137
19543 183
19543 333
19543 411
19543 436
19543 481
19543 510
19543 290
19543 351
19543 451
19543 506
19543 181
19543 251
19543 317
19543 349
19543 358
19543 427
19543 142
19543 266
19543 380
19543 389
19543 470
19543 471
19543 185
19543 264
19543 360
19543 368
19543 394
19543 439
19543 140
19543 225
19543 272
19543 314
19543 15
19543 83
19543 93
19543 108
19543 163
19543 324
19543 494
19543 508
19543 517
19543 184
19543 226
19543 356
19543 370
19543 421
19543 209
19543 244
19543 310
19543 336
19543 475
19543 167
19543 283
19543 285
19543 482
19543 119
19543 125
19543 256
19543 315
19543 458
19543 469
19543 165
19543 252
19543 291
19543 452
19543 241
19543 335
19543 440
19543 485
19543 146
19543 390
19543 492
19543 503
19543 136
19543 144
19543 159
19543 177
19543 282
19543 296
19543 208
19543 343
19543 355
19543 364
19543 433
19543 26
19543 52
19543 56
19543 91
19543 92
19543 97
19543 152
19543 246
19543 275
19543 339
19543 348
19543 461
19543 259
19543 301
19543 466
19543 477
19543 504
19543 196
19543 307
19543 446
19543 473
19543 0
19543 6
19543 20
19543 32
19543 50
19543 79
19543 27
19543 54
19543 60
19543 219
19543 300
19543 330
19543 399
19543 447
19543 292
19543 374
19543 519
19543 525
19543 12
19543 16
19543 37
19543 59
19543 67
19543 96
19543 99
19543 131
19543 168
19543 229
19543 407
19543 44
19543 46
19543 72
19543 98
19543 11
19543 28
19543 70
19543 78
19543 80
19543 170
19543 234
19543 269
19543 341
19543 344
19543 354
19543 3
19543 107
19543 115
19543 116
19543 118
19543 143
19543 293
19543 303
19543 352
19543 418
19543 449
19543 145
19543 150
19543 205
19543 267
19543 431
19543 153
19543 359
19543 487
19543 505
19543 528
19543 123
19543 203
19543 305
19543 337
19543 403
19543 441
19543 245
19543 437
19543 444
19543 459
19543 483
19543 155
19543 223
19543 230
19543 366
19543 438
19543 4
19543 42
19543 45
19543 48
19543 58
19543 94
19543 402
19543 486
19543 498
19543 531
19543 270
19543 281
19543 476
19543 478
19543 250
19543 493
19543 514
19543 521
19543 154
19543 331
19543 365
19543 415
19543 448
19543 318
19543 383
19543 472
19543 442
19543 490
19543 502
19543 509
19543 523
19657 32
19657 55
19657 205
19657 209
19657 7
19657 20
19657 154
19657 162
19657 1
19657 56
19657 116
19657 142
19657 6
19657 54
19657 79
19657 94
19657 95
19657 175
19657 68
19657 144
19657 189
19657 198
19657 202
19657 14
19657 21
19657 26
19657 43
19657 134
19657 2
19657 53
19657 126
19657 131
19657 135
19657 73
19657 184
19657 191
19657 203
19657 195
19657 196
19657 9
19657 117
19657 125
19657 173
19657 185
19657 4
19657 28
19657 85
19657 90
19657 105
19657 17
19657 37
19657 38
19657 40
19657 124
19657 30
19657 153
19657 168
19657 194
19657 206
19657 208
19657 8
19657 86
19657 93
19657 140
19657 148
19657 156
19596 11
19596 47
19596 50
19596 30
19596 32
19596 81
19596 88
19596 29
19596 41
19596 49
19596 75
19596 78
19596 57
19596 59
19596 61
19596 64
19596 84
19596 92
19596 9
19596 17
19596 35
19596 54
19596 80
19596 95
19596 7
19596 13
19596 19
19596 34
19596 43
19596 48
19596 26
19596 51
19596 58
19596 62
19596 65
19596 100
19596 101
19596 12
19596 23
19596 24
19596 39
19596 69
19596 70
19596 74
19596 76
19596 99
19718 152
19718 231
19718 271
19718 341
19718 412
19718 434
19718 569
19718 571
19718 580
19718 581
19718 354
19718 485
19718 537
19718 558
19671 63
19671 82
19671 109
19671 111
19671 138
19671 164
19671 180
19747 71
19747 44
19747 55
19747 59
19747 65
19747 63
19747 75
19747 83
19747 6
19747 18
19747 28
19747 52
19747 58
19747 60
19747 69
19697 13
19697 50
19697 52
19697 60
19697 86
19697 96
19697 17
19697 47
19697 102
19697 106
19697 123
19697 130
19697 131
19023 92
19023 96
19023 128
19023 133
19023 134
19023 19
19023 37
19023 70
19023 90
19023 165
19680 77
19680 364
19680 546
19680 554
19680 19
19680 69
19680 242
19680 328
19680 384
19680 475
19680 214
19680 258
19680 377
19680 506
19680 141
19680 421
19680 424
19680 20
19680 30
19680 247
19680 129
19680 211
19680 270
19680 324
19680 415
19680 87
19680 186
19680 241
19680 380
19680 456
19680 500
19680 110
19680 115
19680 227
19680 267
19680 317
19680 329
19680 83
19680 230
19680 318
19680 322
19680 425
19680 431
19680 460
19680 27
19680 289
19680 383
19680 427
19680 497
19680 3
19680 42
19680 310
19680 330
19680 199
19680 257
19680 376
19680 548
19680 555
19680 59
19680 63
19680 103
19680 121
19680 323
19680 379
19680 143
19680 165
19680 188
19680 207
19680 250
19680 299
19680 472
19680 522
19680 184
19680 325
19680 519
19680 523
19680 108
19680 114
19680 216
19680 367
19680 385
19680 142
19680 162
19680 197
19680 389
19680 429
19680 507
19680 31
19680 70
19680 152
19680 158
19680 346
19680 368
19680 117
19680 530
19680 563
19680 4
19680 144
19680 217
19680 228
19680 240
19680 360
19680 407
19680 75
19680 167
19680 208
19680 307
19680 412
19680 8
19680 79
19680 274
19680 293
19680 433
19680 486
19680 498
19680 562
19680 5
19680 132
19680 291
19680 315
19680 316
19680 370
19680 452
19680 15
19680 215
19680 222
19680 304
19680 320
19680 33
19680 125
19680 179
19680 252
19680 391
19680 348
19680 504
19680 559
19680 561
19680 106
19680 339
19680 390
19680 468
19680 137
19680 138
19680 235
19680 254
19680 347
19680 445
19680 509
19680 104
19680 124
19680 275
19680 281
19680 361
19680 459
19680 81
19680 292
19680 542
19680 55
19680 58
19680 243
19680 469
19680 487
19680 50
19680 278
19680 334
19680 405
19680 444
19680 191
19680 518
19680 551
19680 0
19680 65
19680 116
19680 131
19680 140
19680 163
19680 290
19680 313
19680 371
19680 474
19680 477
19680 17
19680 28
19680 145
19680 185
19680 189
19680 212
19680 288
19680 359
19680 113
19680 128
19680 269
19680 305
19680 345
19680 403
19648 23
19648 25
19648 37
19648 45
19648 56
19648 65
19648 69
19648 87
19648 115
19648 126
19648 128
19648 148
19648 34
19648 49
19648 50
19648 63
19648 86
19648 119
19648 33
19648 47
19648 123
19648 133
19648 64
19648 72
19648 78
19648 102
19648 11
19648 52
19648 79
19648 82
19648 98
19648 113
19648 138
19648 3
19648 38
19648 44
19648 146
19648 118
19648 131
19648 135
19648 143
19648 149
19648 124
19648 140
19648 150
19648 0
19648 70
19648 99
19648 136
19648 30
19648 85
19648 105
19648 130
19648 16
19648 20
19648 76
19648 100
19648 109
19648 112
19521 10
19521 143
19521 253
19521 266
19521 283
19521 380
19521 31
19521 111
19521 121
19521 259
19521 335
19521 3
19521 8
19521 38
19521 58
19521 278
19521 118
19521 148
19521 275
19521 307
19521 351
19521 479
19521 570
19521 686
19521 712
19521 721
19521 741
19521 88
19521 91
19521 186
19521 273
19521 299
19521 497
19521 587
19521 604
19521 621
19521 628
19521 680
19521 598
19521 799
19521 810
19521 816
19521 651
19521 706
19521 729
19521 735
19521 796
19521 108
19521 172
19521 322
19521 326
19521 788
19521 502
19521 504
19521 549
19521 596
19521 768
19515 62
19515 112
19515 127
19515 1
19515 40
19515 46
19515 86
19515 106
19515 118
19515 160
19515 173
19515 25
19515 49
19515 58
19515 128
19515 133
19515 137
19515 150
19515 156
19515 158
19515 10
19515 41
19515 50
19515 114
19515 126
19515 135
19515 139
19515 18
19515 103
19515 44
19515 61
19515 123
19515 148
19515 8
19515 13
19515 180
19515 2
19515 15
19515 48
19515 88
19515 105
19515 108
19515 120
19515 121
19515 30
19515 174
19715 38
19715 302
19715 306
19715 307
19715 370
19715 395
19715 434
19715 486
19715 537
19715 66
19715 90
19715 121
19715 207
19715 0
19715 175
19715 222
19715 101
19715 147
19715 243
19715 246
19715 253
19715 280
19715 366
19715 378
19715 450
19715 521
19715 316
19715 351
19715 536
19715 11
19715 248
19715 249
19715 53
19715 216
19715 247
19715 281
19715 523
19715 534
19715 562
19715 2
19715 23
19715 40
19715 64
19715 83
19715 146
19715 224
19715 347
19715 361
19715 393
19715 447
19715 479
19715 480
19715 380
19715 512
19715 529
19715 156
19715 177
19715 267
19715 379
19715 426
19715 548
19715 555
19715 308
19715 352
19715 363
19715 429
19715 515
19715 232
19715 270
19715 290
19715 47
19715 328
19715 367
19715 384
19715 510
19715 556
19715 3
19715 7
19715 28
19715 128
19715 136
19715 227
19715 287
19715 297
19715 327
19715 499
19715 547
19715 17
19715 123
19715 132
19715 229
19715 236
19715 275
19715 391
19715 551
19715 374
19715 422
19715 456
19715 459
19715 496
19715 525
19715 311
19715 362
19715 387
19715 407
19715 437
19715 461
19715 463
19715 92
19715 199
19715 278
19715 300
19715 37
19715 208
19715 237
19715 254
19715 266
19715 137
19715 50
19715 124
19715 150
19715 196
19715 200
19715 242
19715 442
19715 491
19715 495
19715 550
19715 399
19715 416
19715 443
19715 522
19715 383
19715 487
19715 542
19715 355
19715 493
19715 503
19715 541
19715 29
19715 103
19715 149
19715 163
19715 269
19715 295
19715 310
19715 331
19715 400
19715 418
19715 526
19715 532
19715 335
19715 371
19715 402
19715 405
19715 425
19715 445
19715 318
19715 358
19715 414
19715 440
19715 446
19715 475
19715 517
19715 63
19715 81
19715 228
19715 259
19715 27
19715 39
19715 87
19715 164
19715 209
19715 240
19715 8
19715 9
19715 43
19715 51
19715 120
19715 206
19715 264
19715 277
19715 298
19715 343
19715 382
19715 385
19715 398
19715 535
19715 320
19715 375
19715 412
19715 454
19715 472
19715 500
19715 513
19715 349
19715 381
19715 421
19715 482
19715 528
19715 338
19715 390
19715 478
19715 564
19715 22
19715 65
19715 153
19715 185
19715 262
19715 273
19715 1
19715 138
19715 139
19715 141
19715 151
19715 191
19715 315
19715 321
19715 345
19715 356
19715 424
19715 490
19715 373
19715 409
19715 433
19715 16
19715 258
19547 50
19547 244
19547 253
19547 257
19547 392
19547 393
19547 417
19547 433
19547 450
19547 89
19547 119
19547 131
19547 228
19547 233
19547 277
19547 307
19547 15
19547 109
19547 166
19547 306
19547 310
19547 395
19547 470
19547 472
19547 201
19547 225
19547 348
19547 369
19547 275
19547 279
19547 366
19547 386
19547 388
19547 181
19547 407
19547 408
19547 414
19547 426
19547 455
19547 415
19547 425
19547 438
19547 439
19547 442
19547 474
19547 397
19547 399
19547 411
19547 423
19547 445
19547 5
19547 112
19547 154
19547 236
19547 373
19547 382
19547 125
19547 128
19547 217
19547 245
19547 250
19547 358
19547 33
19547 39
19547 259
19547 273
19547 323
19547 180
19547 374
19547 390
19547 9
19547 22
19547 27
19547 43
19547 95
19547 34
19547 99
19547 107
19547 205
19547 241
19547 255
19547 367
19547 379
19547 383
19547 19
19547 65
19547 160
19547 203
19547 231
19547 435
19547 440
19547 465
19547 469
19547 398
19547 402
19547 424
19547 427
19547 432
19547 443
19547 29
19547 169
19547 199
19547 239
19547 248
19547 304
19547 400
19547 420
19547 431
19547 447
19547 457
19547 21
19547 61
19547 221
19547 295
19547 322
19547 282
19547 370
19547 372
19547 375
19547 53
19547 54
19547 216
19547 272
19547 441
19547 473
19547 155
19547 193
19547 296
19547 325
19547 17
19547 90
19547 102
19547 124
19547 145
19547 243
19547 57
19547 104
19547 123
19547 148
19547 214
19547 283
19547 434
19547 453
19547 468
19547 16
19547 49
19547 103
19547 105
19547 139
19547 218
19547 333
19086 5
19086 18
19086 20
19086 23
19086 44
19086 10
19086 32
19673 1
19673 54
19673 61
19673 84
19673 97
19673 114
19673 117
19673 2
19673 16
19673 22
19673 77
19673 96
19673 99
19673 106
19673 3
19673 29
19673 32
19673 49
19673 50
19673 71
19673 107
19673 6
19673 8
19673 59
19673 74
19673 80
19673 119
19673 12
19673 40
19673 62
19673 72
19673 133
19673 58
19673 102
19673 115
19673 127
19673 137
19673 144
19673 147
19673 14
19673 21
19673 55
19673 93
19673 94
19673 4
19673 128
19673 130
19673 43
19673 51
19673 66
19673 70
19673 116
19673 42
19673 64
19673 100
19673 33
19673 56
19673 67
19673 69
19673 78
19673 83
19673 10
19673 18
19673 23
19673 41
19673 76
19673 98
19581 6
19581 47
19581 54
19581 114
19581 122
19581 2
19581 34
19581 59
19581 70
19581 88
19581 11
19581 33
19581 48
19581 58
19581 97
19581 123
19581 22
19581 74
19581 110
19581 129
19581 24
19581 51
19581 61
19581 68
19581 99
19581 131
19581 64
19581 77
19581 92
19581 107
19581 0
19581 10
19581 62
19581 102
19581 126
19660 23
19660 38
19660 57
19660 84
19660 86
19660 94
19660 133
19660 135
19660 152
19660 90
19660 99
19660 132
19660 146
19660 25
19660 31
19660 53
19660 56
19660 61
19660 14
19660 29
19660 66
19660 71
19660 75
19660 82
19660 106
19660 139
19660 145
19660 12
19660 13
19660 16
19660 52
19660 111
19660 121
19660 142
19660 155
19660 85
19660 97
19660 102
19660 117
19660 119
19660 124
19660 137
19660 149
19660 162
19660 80
19660 100
19660 120
19660 134
19660 160
19660 87
19660 159
19660 161
19660 164
19660 103
19660 107
19660 114
19660 116
19660 144
19660 157
19660 4
19660 7
19660 36
19660 39
19660 46
19660 65
19660 81
19660 104
19660 109
19660 112
19660 138
19660 141
19660 151
19660 163
19660 166
19660 83
19660 115
19660 118
19660 131
19660 143
19660 147
19694 347
19694 362
19694 15
19694 66
19694 73
19694 219
19694 272
19694 48
19694 157
19694 187
19694 191
19694 282
19694 65
19694 149
19694 152
19694 252
19694 300
19694 28
19694 71
19694 127
19694 172
19694 237
19694 47
19694 221
19694 244
19694 276
19694 120
19694 137
19694 179
19694 235
19694 271
19694 53
19694 188
19694 205
19694 239
19694 253
19620 40
19620 46
19620 105
19620 108
19711 33
19711 43
19711 50
19711 58
19711 59
19711 119
19711 53
19711 54
19711 62
19711 79
19711 97
19711 104
19711 0
19711 18
19711 19
19711 27
19711 29
19711 34
19711 81
19711 102
19711 103
19711 109
19711 73
19711 75
19711 76
19711 86
19711 91
19711 38
19711 51
19711 14
19711 21
19711 41
19711 57
19711 64
19711 85
19711 87
19711 95
19711 108
19711 114
19711 63
19711 66
19711 69
19711 74
19711 88
19711 113
19711 120
19711 61
19711 72
19711 84
19711 90
19711 93
19711 105
19711 12
19711 17
19711 23
19711 37
19711 52
19711 2
19711 35
19711 39
19711 40
18969 34
18969 53
18969 57
18969 91
18969 118
18969 148
18969 4
18969 12
18969 28
18969 72
18969 97
18969 154
18969 6
18969 27
18969 44
18969 153
18969 160
18969 24
18969 81
18969 90
18969 123
18969 132
18969 60
18969 74
18969 76
18969 141
18969 46
18969 67
18969 69
18969 71
18969 146
18969 39
18969 66
18969 145
18969 142
18969 143
18969 159
18969 164
18969 14
18969 23
18969 30
18969 95
18969 144
18969 31
18969 89
18969 128
18969 158
18969 52
18969 106
18969 109
18969 124
18969 152
18969 0
18969 62
18969 112
18969 117
18969 121
18969 7
18969 11
18969 33
18969 50
18969 61
18969 110
18969 15
18969 80
18969 108
18969 122
18969 155
19070 11
19070 39
19070 40
19070 99
19070 129
19070 187
19070 216
19070 315
19070 318
19070 325
19070 327
19070 328
19070 330
19070 160
19070 195
19070 204
19070 237
19070 29
19070 79
19070 87
19070 178
19070 231
19070 43
19070 121
19070 157
19070 164
19070 179
19070 221
19070 86
19070 91
19070 102
19070 147
19070 256
19070 60
19070 191
19070 245
19070 253
19070 47
19070 104
19070 145
19070 215
19070 249
19070 7
19070 124
19070 166
19070 209
19070 299
19070 122
19070 268
19070 16
19070 64
19070 112
19070 135
19070 143
19070 229
19070 233
19070 248
19070 10
19070 78
19070 94
19070 95
19070 114
19070 218
19070 9
19070 48
19070 68
19070 148
19070 222
19070 38
19070 101
19070 167
19070 266
19070 316
19070 326
19070 331
19070 333
19070 0
19070 70
19070 141
19070 146
19070 251
19070 1
19070 17
19070 108
19070 305
19070 319
19070 322
19070 329
19070 332
19070 75
19070 97
19070 123
19070 225
19070 298
19070 22
19070 171
19070 277
19070 287
19070 310
19070 15
19070 24
19070 131
19070 188
19070 189
19070 259
19070 37
19070 52
19070 125
19070 133
19070 153
19070 201
19070 117
19070 161
19070 224
19070 226
19070 271
19070 23
19070 170
19070 181
19070 250
19070 281
19070 65
19070 96
19070 100
19070 211
19070 273
19070 176
19070 220
19070 252
19070 260
19070 265
19070 56
19070 116
19070 270
19070 289
19070 31
19070 118
19070 158
19070 203
19070 219
19070 232
19070 240
19070 27
19070 93
19070 150
19070 297
19070 312
19070 12
19070 42
19070 151
19070 173
19070 227
19070 236
19070 103
19070 106
19070 109
19070 223
19070 8
19070 288
19070 296
19070 311
19070 6
19070 212
19070 263
19070 18
19070 72
19070 81
19070 198
19070 208
19070 234
18997 43
18997 135
18997 190
18997 197
18997 242
18997 106
18997 224
18997 41
18997 68
18997 173
18997 183
18997 199
18997 38
18997 69
18997 166
18997 172
18997 108
18997 147
18997 159
18997 174
18997 181
18997 207
18997 13
18997 120
18997 251
18997 259
18997 260
18997 9
18997 48
18997 123
18997 125
18997 215
18997 6
18997 33
18997 107
18997 137
18997 258
18997 129
18997 24
18997 53
18997 104
18997 180
18997 202
18997 23
18997 63
18997 87
18997 143
18997 214
18997 177
18997 182
18997 235
18997 250
18997 26
18997 39
18997 99
18997 128
18997 62
18997 247
18997 248
18997 257
18997 1
18997 19
18997 59
18997 67
18997 222
18997 230
18997 30
18997 77
18997 138
18997 144
18997 208
18997 34
18997 171
18997 204
18997 206
18997 228
18997 81
18997 105
18997 110
18997 200
18997 253
18997 35
18997 45
18997 55
18997 220
18997 229
18997 11
18997 28
18997 66
18997 211
18997 29
18997 46
18997 93
18997 213
18997 238
18997 5
18997 148
18997 163
18997 165
18997 52
18997 84
18997 109
18997 162
18997 178
18997 167
18997 231
18997 37
18997 127
18997 136
18997 187
18997 189
18997 10
18997 161
18997 70
18997 80
18997 102
18997 146
18997 205
18997 2
18997 160
18997 198
18997 237
18997 42
18997 89
18997 192
18997 216
18997 14
18997 15
18997 75
18997 94
18997 85
18997 88
18997 152
18997 169
18997 193
18997 27
18997 92
18997 122
18997 124
18997 157
19051 271
19051 306
19051 332
19051 376
19051 392
19051 91
19051 191
19051 248
19051 249
19051 295
19051 337
19051 146
19051 148
19051 152
19051 187
19051 236
19051 44
19051 87
19051 151
19051 212
19051 237
19051 341
19051 94
19051 165
19051 173
19051 189
19051 329
19051 245
19051 315
19051 357
19051 366
19051 3
19051 137
19051 330
19051 355
19051 13
19051 30
19051 53
19051 58
19051 364
19051 2
19051 242
19051 267
19051 32
19051 99
19051 129
19051 221
19051 36
19051 153
19051 188
19051 227
19051 260
19051 338
19051 0
19051 43
19051 48
19051 93
19051 100
19051 284
19051 71
19051 115
19051 226
19051 347
19051 369
19051 14
19051 33
19051 285
19051 308
19051 363
19051 12
19051 106
19051 208
19051 346
19051 57
19051 140
19051 168
19051 255
19051 371
19051 59
19051 75
19051 272
19051 336
19051 373
19051 380
19051 383
19051 22
19051 52
19051 90
19051 211
19051 258
19051 49
19051 110
19051 270
19051 311
19051 28
19051 185
19051 251
19051 277
19051 387
19051 69
19051 101
19051 134
19051 286
19051 29
19051 76
19051 108
19051 154
19051 179
19051 192
19051 282
19051 293
19051 18
19051 250
19051 269
19051 298
19051 67
19051 143
19051 216
19051 244
19051 320
19051 344
19051 135
19051 319
19051 367
19051 389
19051 27
19051 103
19051 122
19051 183
19051 243
19051 323
19051 166
19051 261
19051 262
19051 324
19051 342
19051 8
19051 15
19051 309
19051 385
19051 394
19051 40
19051 97
19051 184
19051 220
19051 326
19051 38
19051 79
19051 131
19051 206
19051 224
19051 88
19051 142
19051 167
19051 259
19051 274
19051 239
19051 340
19051 349
19051 365
19051 24
19051 109
19051 132
19051 155
19051 203
19051 214
19051 378
19051 7
19051 119
19051 145
19051 169
19051 345
19051 117
19051 133
19051 171
19051 199
19051 318
19051 196
19051 234
19051 327
19051 351
19051 360
19051 54
19051 121
19051 160
19051 253
19051 254
19051 25
19051 31
19051 60
19051 215
19051 232
19051 240
19051 305
19061 13
19061 66
19061 103
19061 106
19061 37
19061 43
19061 49
19061 75
19061 91
19061 130
19061 132
19061 149
19420 3
19420 12
19420 32
19420 65
19420 77
19420 127
19420 160
19420 166
19420 204
19420 11
19420 20
19420 25
19420 36
19420 75
19420 104
19420 125
19420 195
19420 4
19420 43
19661 186
19661 199
19661 209
19070 230
19070 275
19070 276
19070 285
19070 302
19070 26
19070 77
19070 111
19070 228
19423 173
19423 179
19423 200
19423 296
19423 309
19423 337
19423 453
19423 456
19423 491
19498 3
19498 11
19498 13
19498 14
19498 22
19498 26
19498 28
19498 37
19588 38
19588 47
19588 68
19588 73
19588 103
19588 7
19588 8
19588 14
19588 44
19588 55
19588 56
19588 66
19056 2
19056 8
19056 42
19056 100
19056 102
19056 4
19056 18
19056 33
19056 55
19056 83
19056 15
19056 21
19056 74
19056 87
19056 91
19056 54
19056 65
19056 68
19056 81
19056 108
19056 5
19056 9
19056 13
19056 40
19056 59
19056 71
19056 85
19056 31
19056 44
19056 101
19056 114
19056 126
19056 19
19056 24
19056 25
19056 29
19056 67
19056 106
19056 1
19056 39
19056 45
19056 50
19056 107
19056 124
19056 27
19056 41
19056 88
19056 90
19056 16
19056 34
19056 35
19056 49
19056 78
19056 92
19056 104
19056 22
19056 52
19056 62
19056 63
19056 99
19056 51
19056 64
19056 73
19056 105
19056 116
19056 0
19056 11
19056 112
19056 120
19056 127
19056 46
19056 47
19056 60
19056 93
19056 110
19639 70
19639 80
19639 97
19639 101
19639 135
19639 86
19639 107
19639 134
19639 179
19639 204
19419 75
19419 88
19419 119
19419 104
19419 35
19419 44
19419 60
19419 69
19419 82
19419 89
19419 111
19419 113
19419 126
19419 5
19419 21
19419 27
19419 43
19419 67
19419 99
19419 108
19419 128
19419 13
19419 30
19419 33
19419 37
19419 47
19419 52
19419 66
19419 73
19419 122
19419 23
19419 25
19419 39
19419 53
19419 59
19419 63
19419 71
19419 92
19419 98
19419 109
19419 7
19419 48
19419 91
19419 102
19659 122
19659 132
19659 140
19659 152
19659 165
19659 204
19659 341
19659 348
19659 380
19659 542
19659 434
19659 541
19659 33
19659 107
19659 185
19659 202
19659 245
19659 281
19659 284
19659 50
19659 51
19659 60
19659 297
19659 300
19659 339
19659 429
19659 556
19659 557
19659 328
19659 349
19659 359
19659 453
19659 463
19659 361
19659 464
19659 554
19659 414
19659 419
19659 442
19659 528
19659 546
19659 193
19659 309
19659 313
19659 330
19659 337
19659 372
19659 401
19659 461
19659 501
19659 63
19659 115
19659 266
19659 365
19659 479
19659 488
19659 494
19659 511
19659 517
19659 535
19659 357
19659 379
19659 422
19659 427
19659 468
19659 551
19659 552
19659 8
19659 71
19659 84
19659 148
19659 207
19659 252
19659 356
19659 367
19659 430
19659 538
19659 0
19659 99
19659 100
19659 105
19659 114
19659 164
19659 209
19659 35
19659 96
19659 173
19659 184
19659 200
19659 203
19659 293
19659 97
19659 137
19659 206
19659 262
19659 363
19659 399
19659 402
19659 441
19659 466
19659 484
19659 495
19659 62
19659 146
19659 177
19659 182
19659 275
19659 292
19659 279
19659 322
19659 413
19659 418
19659 491
19659 503
19659 523
19659 525
19659 543
19659 458
19659 555
19659 41
19659 43
19659 82
19659 157
19659 232
19659 286
19659 352
19659 383
19659 394
19659 452
19659 524
19659 67
19659 94
19659 119
19659 305
19659 310
19659 323
19659 299
19659 311
19659 316
19659 362
19659 389
19659 400
19659 416
19659 436
19659 457
19659 527
19659 544
19659 549
19659 126
19659 228
19659 324
19659 325
19659 4
19659 39
19659 47
19659 49
19659 76
19659 129
19659 240
19659 398
19659 446
19659 474
19659 521
19659 536
19659 539
19659 553
19659 18
19659 23
19659 53
19659 65
19659 170
19659 250
19659 353
19659 364
19659 387
19659 411
19659 472
19659 486
19659 385
19659 448
19659 540
19659 10
19659 69
19659 183
19659 238
19659 332
19659 435
19659 465
19659 415
19659 426
19659 500
19659 522
19659 138
19659 143
19659 70
19659 85
19659 95
19659 118
19659 187
19659 222
19659 2
19659 27
19659 90
19659 151
19659 189
19659 191
19659 256
19659 32
19659 104
19659 272
19659 294
19659 80
19659 133
19659 172
19659 174
19659 208
19659 280
19659 290
19659 327
19659 371
19659 406
19659 454
19659 506
19659 513
19659 530
19659 358
19659 370
19659 392
19659 428
19659 480
19659 498
19659 512
19659 12
19659 57
19659 123
19659 230
19659 258
19659 264
19659 273
19659 45
19659 86
19659 87
19659 120
19659 147
19659 197
19659 243
19659 331
19659 374
19659 423
19659 456
19659 470
19659 515
19659 3
19659 22
19659 158
19659 239
19659 242
19659 276
19659 25
19659 26
19659 92
19659 156
19659 160
19659 166
19659 198
19683 18
19683 68
19683 72
19683 84
19683 16
19683 17
19683 32
19683 46
19683 50
19683 98
19683 140
19683 127
19683 132
19683 137
19683 283
19683 287
19683 28
19683 36
19683 54
19683 55
19683 59
19683 111
19683 113
19683 205
19683 272
19683 276
19683 279
19683 141
19683 167
19683 208
19683 212
19683 226
19683 274
19683 161
19683 234
19683 237
19683 273
19683 3
19683 14
19683 43
19683 61
19683 77
19683 81
19683 83
19683 39
19683 89
19683 92
19683 163
19683 192
19683 204
19683 5
19683 26
19683 37
19683 90
19683 91
19683 95
19683 99
19683 20
19683 23
19683 45
19683 65
19683 71
19683 157
19683 159
19683 173
19683 210
19683 227
19683 249
19683 195
19683 230
19683 244
19683 265
19683 118
19683 171
19683 199
19683 201
19683 247
19683 285
19683 25
19683 62
19683 64
19683 67
19683 103
19683 110
19683 123
19683 27
19683 93
19683 102
19683 107
19683 144
19683 174
19683 198
19683 220
19683 241
19683 4
19683 60
19683 106
19683 97
19683 101
19683 104
19683 138
19683 1
19683 9
19683 66
19683 74
19683 119
19683 126
19683 229
19683 250
19683 269
19683 270
19683 262
19683 277
19683 282
19683 286
19728 10
19728 23
19728 82
19728 121
19728 201
19728 77
19728 88
19728 227
19728 48
19728 90
19728 141
19728 186
19728 218
19728 9
19728 50
19728 179
19728 193
19728 202
19728 40
19728 98
19728 122
19728 163
19728 164
19728 197
19728 63
19728 223
19728 228
19728 229
19728 7
19728 21
19728 38
19728 150
19728 152
19728 194
19728 33
19728 46
19728 147
19728 165
19728 182
19728 233
19728 5
19728 18
19728 49
19728 108
19728 119
19728 180
19728 206
19728 30
19728 92
19728 117
19728 133
19728 208
19728 252
19728 35
19728 57
19728 79
19728 123
19728 128
19728 181
19728 199
19728 53
19728 243
19728 244
19728 250
19728 155
19728 241
19728 246
19728 1
19728 28
19728 55
19728 162
19728 60
19728 111
19728 132
19728 161
19728 172
19728 43
19728 70
19728 156
19728 166
19728 242
19728 249
19728 72
19728 214
19728 235
19728 239
19728 42
19728 80
19728 110
19728 140
19728 145
19728 251
19728 13
19728 93
19728 103
19728 124
19728 127
19728 187
19728 4
19728 78
19728 159
19728 222
19728 238
19728 143
19728 184
19728 212
19728 216
19728 69
19728 170
19728 215
19728 226
19728 16
19728 125
19728 191
19728 203
19728 67
19728 129
19728 151
19728 168
19728 204
19728 207
19728 6
19728 14
19728 83
19728 101
19728 169
19728 232
19646 3
19646 5
19646 8
19646 13
19646 14
19646 19
19646 30
19646 0
19646 2
19646 4
19646 12
19646 22
19646 23
19646 27
19646 25
19646 10
19646 16
19646 17
19646 18
19646 21
19646 26
19646 29
19646 1
19646 6
19646 7
19646 9
19646 11
19646 15
19646 20
19018 249
19018 265
19018 469
19018 488
19018 594
19018 599
19018 600
19018 604
19018 612
19018 267
19018 317
19018 353
19018 535
19018 544
19018 288
19018 314
19018 397
19018 408
19018 493
19018 245
19018 271
19018 447
19018 484
19018 522
19510 25
19510 91
19510 92
19510 101
19510 210
19510 211
19467 28
19467 70
19467 80
19467 87
19467 113
19467 131
19467 133
19467 161
19467 227
19467 238
19467 287
19467 313
19467 347
19467 471
19467 504
19467 23
19467 156
19467 221
19467 376
19467 382
19467 393
19467 406
19467 441
19467 509
19467 506
19467 532
19467 185
19467 286
19467 341
19467 351
19467 357
19467 378
19467 379
19467 388
19467 458
19705 9
19705 13
19705 58
19705 82
19705 115
19705 131
19705 18
19705 26
19705 41
19705 70
19705 90
19705 93
19705 110
19705 111
19705 130
19705 21
19705 44
19705 45
19705 66
19705 99
19705 83
19705 105
19705 140
19705 146
19705 60
19705 129
19705 136
19705 139
19705 142
19705 2
19705 35
19705 92
19705 101
19705 103
19705 120
19705 4
19705 10
19705 15
19705 77
19705 94
19705 114
19513 165
19513 452
19513 64
19513 88
19513 128
19513 129
19513 137
19513 218
19513 323
19513 67
19513 191
19513 216
19513 240
19513 284
19513 314
19513 440
19513 466
19513 83
19513 185
19513 411
19513 441
19513 459
19513 474
19513 13
19513 28
19513 31
19513 38
19513 39
19513 45
19513 86
19513 99
19513 176
19513 246
19513 292
19513 344
19513 383
19513 4
19513 5
19513 10
19513 17
19513 20
19513 21
19513 23
19513 189
19513 465
19513 65
19513 69
19513 113
19513 145
19513 355
19513 378
19513 379
19513 401
19513 138
19513 267
19513 277
19513 329
19513 14
19513 30
19513 48
19513 51
19513 61
19513 71
19513 95
19513 126
19513 270
19513 311
19513 423
19513 98
19513 221
19513 234
19513 74
19513 136
19513 155
19513 206
19513 304
19513 324
19513 356
19513 364
19513 72
19513 78
19513 117
19513 175
19513 223
19513 274
19513 332
19513 352
19513 239
19513 444
19513 68
19513 122
19513 159
19513 210
19513 217
19513 219
19513 402
19513 148
19513 196
19513 266
19513 399
19513 412
19513 49
19513 52
19513 202
19513 135
19513 160
19513 164
19513 280
19513 299
19513 389
19513 414
19513 447
19513 110
19513 256
19513 396
19513 56
19513 105
19513 268
19513 334
19513 382
19513 386
19513 439
19513 77
19513 92
19513 144
19513 81
19513 114
19513 369
19513 390
19513 464
19513 103
19513 104
19513 115
19513 161
19513 212
19513 347
19513 360
19513 421
19513 75
19513 446
19513 55
19513 90
19513 147
19513 214
19513 255
19513 358
19513 374
19513 393
19513 469
19513 308
19513 415
19513 300
19513 180
19513 305
19513 321
19513 461
19513 278
19513 367
19513 434
19513 130
19513 199
19513 209
19513 279
19513 325
19513 328
19513 342
19513 359
19513 419
19513 153
19513 173
19513 309
19513 335
19513 375
19513 392
19513 425
19513 453
19507 2
19507 35
19507 150
19507 18
19507 38
19507 50
19507 155
19507 178
19507 201
19507 226
19507 229
19507 232
19507 6
19507 9
19507 19
19507 101
19651 101
19651 113
19651 115
19651 129
19651 130
19651 146
19651 152
19651 121
19651 137
19651 148
19651 150
19651 125
19651 127
19651 128
19651 138
19651 153
19651 3
19651 20
19651 60
19651 107
19651 74
19651 79
19651 111
19651 10
19651 30
19651 1
19651 46
19651 50
19651 72
19651 114
19651 19
19651 31
19651 64
19651 82
19651 67
19651 81
19651 104
19651 119
19651 57
19651 65
19651 93
19651 106
19651 25
19651 33
19651 39
19651 83
19651 49
19651 84
19651 97
19651 110
19651 24
19651 52
19651 86
19651 103
19651 108
19651 117
19651 2
19651 21
19651 23
19651 63
19651 90
19651 133
19651 135
19651 139
19651 144
19651 5
19651 6
19651 17
19651 41
19651 18
19651 95
19651 11
19651 13
19651 16
19651 42
19651 59
19651 70
19651 77
19651 87
19629 32
19629 34
19629 37
19629 74
19455 14
19455 351
19455 12
19455 86
19455 149
19455 172
19455 178
19455 180
19455 204
19455 292
19455 76
19455 83
19455 103
19455 320
19455 233
19455 321
19455 162
19455 205
19455 206
19455 209
19455 342
19455 362
19656 166
19656 204
19656 276
19656 291
19656 22
19656 35
19656 269
19656 300
19656 322
19656 1
19656 15
19656 86
19656 121
19656 229
19656 262
19656 69
19656 79
19656 115
19656 124
19656 181
19656 221
19683 148
19683 149
19683 150
19683 217
19683 223
19683 261
19683 155
19683 166
19683 193
19683 236
19683 259
19432 136
19432 139
19432 2
19432 7
19432 20
19432 37
19432 62
19432 64
19432 93
19432 111
19432 116
19432 1
19432 9
19432 69
19432 137
19432 140
19432 141
19738 85
19738 100
19738 490
19738 519
19738 10
19738 49
19738 55
19738 298
19738 454
19447 13
19447 19
19447 25
19447 26
19447 43
19447 45
19447 53
19447 57
19447 66
19447 3
19447 2
19447 9
19447 23
19447 35
19447 42
19447 56
19447 63
19447 70
19447 5
19447 51
19447 16
19447 28
19447 30
19447 32
19447 39
19447 48
19447 62
19447 64
19447 69
19447 0
19447 10
19447 20
19447 34
19447 37
19447 47
19447 52
19447 60
19447 1
19447 4
19447 6
19447 11
19447 17
19447 22
19447 36
19447 38
19447 59
19447 68
19038 446
19038 448
19038 453
19038 515
19038 528
19038 535
19038 142
19038 200
19038 256
19038 366
19038 390
19752 3
19752 34
19752 43
19752 89
19752 105
19752 112
19009 11
19009 38
19009 47
19009 49
19009 33
19009 37
19009 65
19009 71
19540 62
19540 252
19540 325
19540 59
19540 84
19540 100
19540 185
19540 195
19540 200
19540 274
19540 353
19540 370
19540 453
19540 455
19540 64
19540 80
19540 179
19540 281
19540 332
19540 337
19540 349
19540 401
19540 20
19540 21
19540 396
19540 135
19540 175
19540 196
19540 218
19540 326
19540 415
19540 423
19540 459
19540 85
19540 220
19540 397
19540 447
19540 16
19540 18
19540 60
19540 193
19540 197
19540 248
19540 256
19540 320
19540 430
19547 114
19547 132
19547 149
19547 170
19547 222
19547 2
19547 59
19547 165
19547 198
19547 292
19547 362
19547 113
19547 159
19547 177
19547 363
19547 80
19547 206
19547 266
19547 337
19656 90
19656 177
19656 216
19656 245
19656 318
19656 13
19656 96
19656 183
19656 194
19656 226
19656 241
19656 34
19656 61
19656 120
19656 190
19656 234
19656 272
19656 87
19656 99
19656 171
19656 176
19544 4
19544 16
19544 54
19544 59
19544 84
19544 120
19544 139
19601 65
19601 80
19601 175
19601 231
19601 308
19601 104
19601 200
19601 314
19601 328
19601 353
19601 1
19601 8
19601 28
19601 36
19601 48
19601 103
19601 227
19601 238
19601 293
19601 298
19601 309
19601 140
19601 223
19601 276
19601 296
19601 320
19601 5
19601 19
19601 27
19601 30
19601 41
19443 11
19443 14
19443 26
19443 45
19443 91
19443 126
19443 138
19443 152
19443 160
19443 166
19698 15
19086 9
19086 21
19086 22
19086 27
19086 35
19086 2
19086 3
19086 13
19086 28
19086 0
19086 7
19086 14
19086 45
19086 36
19086 12
19086 26
19086 34
19086 37
19086 8
19086 24
19086 31
19086 42
19086 11
19086 19
19086 25
19086 6
19086 38
19086 39
19086 40
19086 46
19086 15
19086 16
19086 30
19086 41
19086 1
19086 4
19086 17
19086 29
19525 13
19525 36
19525 63
19525 64
19525 87
19525 117
19525 152
19525 253
19525 301
19525 136
19525 195
19525 19
19525 47
19525 58
19525 128
19525 210
19525 230
19525 232
19525 289
19525 51
19525 67
19525 82
19525 95
19525 115
19525 116
19525 172
19525 201
19525 2
19525 22
19525 88
19525 130
19525 207
19525 236
19525 251
19525 262
19525 333
19525 98
19525 100
19525 106
19525 212
19525 213
19525 214
19525 239
19525 266
19525 11
19525 14
19525 200
19525 243
19525 375
19525 70
19525 113
19525 126
19525 244
19525 292
19525 295
19525 330
19525 25
19525 37
19525 350
19525 356
19525 338
19525 395
19525 396
19525 313
19525 349
19525 215
19525 343
19525 105
19525 135
19525 258
19525 32
19525 54
19525 72
19525 83
19525 138
19525 151
19525 175
19525 180
19525 185
19525 260
19525 78
19525 84
19525 133
19525 148
19525 221
19525 265
19525 303
19525 355
19525 377
19525 364
19525 393
19525 391
19525 74
19525 190
19525 346
19525 41
19525 85
19525 203
19525 277
19525 339
19525 374
19525 29
19525 159
19525 174
19525 211
19525 293
19525 315
19525 345
19525 40
19525 122
19525 202
19525 222
19525 290
19525 322
19525 334
19525 365
19525 26
19525 109
19525 169
19525 284
19525 331
19525 360
19525 77
19525 86
19525 89
19525 97
19525 110
19525 182
19525 240
19525 245
19525 276
19525 329
19525 8
19525 80
19525 155
19525 178
19525 196
19525 242
19525 247
19525 69
19525 96
19525 129
19525 146
19525 173
19525 252
19525 256
19525 300
19525 318
19525 1
19525 21
19525 65
19525 179
19525 268
19525 269
19525 299
19525 320
19525 124
19525 326
19525 380
19525 382
19518 32
19518 41
19518 59
19518 105
19518 115
19518 116
19518 140
18965 4
18965 74
18965 81
18965 102
18965 118
19510 10
19510 70
19510 78
19510 105
19510 122
19510 151
19510 154
19510 176
19510 196
19510 179
19510 28
19510 57
19510 84
19510 118
19510 147
19510 157
19510 202
19510 204
19510 43
19510 190
19510 199
19510 203
19510 29
19510 35
19510 153
19510 11
19510 207
19510 15
19510 21
19510 1
19510 48
19510 86
19510 156
19510 171
19510 185
19510 187
19510 7
19510 22
19510 26
19510 51
19510 61
19510 99
19510 113
19510 146
19510 95
19510 96
19510 30
19510 54
19510 71
19510 73
19510 108
19510 148
19510 150
19510 50
19510 82
19510 133
19510 162
19510 165
19510 172
19510 189
19510 191
19510 213
19510 177
19510 0
19510 23
19510 38
19510 87
19510 88
19510 100
19510 117
19510 137
19510 168
19510 36
19510 64
19510 155
19510 19
19510 40
19510 59
19510 181
19510 200
19510 201
19510 206
19510 212
19510 214
19510 27
19510 31
19510 53
19510 69
19510 72
19510 90
19510 110
19510 112
19510 136
19510 178
19510 193
19510 197
19510 66
19510 80
19510 166
19510 183
19510 195
19510 205
19510 209
19659 55
19659 91
19659 111
19659 117
19659 121
19659 181
19659 382
19659 391
19659 449
19659 481
19659 507
19659 14
19659 223
19659 229
19659 288
19620 38
19620 48
19620 50
19620 118
19620 4
19620 111
19620 131
19620 193
19620 211
19620 14
19620 24
19620 112
19620 168
19620 182
19620 221
19620 2
19620 5
19620 97
19620 102
19620 162
19620 207
19620 7
19620 28
19620 41
19620 85
19620 175
19018 373
19018 468
19018 546
19018 553
19018 576
19018 8
19018 19
19018 47
19018 82
19018 146
19018 326
19018 356
19018 462
19018 521
19018 557
19018 316
19018 370
19018 485
19018 555
19018 21
19018 150
19018 166
19018 186
19018 332
19018 358
19018 412
19018 474
19018 551
19018 597
19018 598
19018 602
19018 609
19018 610
19018 262
19018 387
19018 388
19018 434
19018 280
19018 306
19018 404
19018 451
19018 511
19018 514
19018 543
19018 17
19018 59
19018 64
19018 95
19018 128
18965 3
18965 33
18965 61
18965 82
18965 88
18965 89
18965 104
18965 116
18965 120
18965 9
18965 13
18965 39
18965 62
18965 98
18965 5
18965 8
18965 15
18965 63
18965 72
18965 100
18965 111
18965 112
18965 117
18965 19
18965 56
18965 107
18965 115
18965 32
18965 38
18965 57
18965 73
18965 119
18965 6
18965 44
18965 55
18965 92
18965 94
18965 97
18965 40
18965 52
18965 84
18965 91
18965 31
18965 35
18965 60
18965 78
18965 85
18965 14
18965 21
18965 37
18965 48
18965 65
18965 76
18965 7
18965 28
18965 36
18965 46
18965 71
19591 8
19591 10
19591 32
19591 0
19591 1
19591 13
19591 16
19591 20
19591 22
19591 5
19591 9
19591 26
19591 27
19591 30
19598 4
19598 29
19598 63
19598 71
19598 76
19598 84
19598 95
19717 91
19717 195
19717 432
19717 441
19717 447
19717 479
19717 140
19717 273
19717 343
19717 373
19717 397
19717 406
19683 35
19683 57
19683 122
19683 168
19683 172
19683 184
19683 206
19683 239
19683 147
19683 176
19683 185
19683 191
19683 251
19683 253
19683 153
19683 222
19683 233
19683 235
19683 252
19683 263
19683 154
19683 156
19683 175
19683 180
19683 188
19683 214
18972 183
18972 189
18972 256
18972 264
18972 384
19064 178
19064 248
19064 250
19064 259
19064 316
19064 318
19064 383
19455 307
19455 310
19455 2
19455 6
19455 78
19455 79
19455 176
19455 226
19455 254
19455 286
19455 179
19455 5
19455 303
19455 54
19455 60
19455 91
19455 97
19455 139
19455 144
19455 152
19455 157
19455 278
19455 235
19455 11
19455 47
19455 61
19455 67
19455 143
19455 229
19455 244
19455 347
19455 18
19455 92
19455 158
19455 160
19455 217
19455 222
19455 276
19455 284
19455 304
19455 309
19455 13
19455 16
19455 46
19455 53
19455 68
19455 94
19455 117
19455 120
19455 257
19455 266
19455 28
19455 48
19455 56
19455 123
19455 127
19455 150
19455 301
19455 305
19455 327
19455 341
19455 353
19455 360
19455 23
19455 71
19455 116
19455 130
19455 161
19455 265
19455 299
19455 7
19455 40
19455 43
19455 114
19455 119
19455 141
19455 208
19455 236
19455 26
19455 306
19455 346
19455 29
19455 36
19455 133
19455 155
19455 164
19455 169
19455 218
19455 337
19455 350
19455 168
19455 33
19455 349
19455 358
19455 27
19455 35
19455 59
19455 84
19455 156
19455 250
19455 270
19455 315
19455 58
19455 110
19455 136
19455 211
19455 220
19455 246
19455 267
19455 290
19455 331
19455 50
19455 98
19455 129
19455 148
19455 170
19455 187
19455 198
19455 275
19455 285
19455 0
19455 105
19455 125
19455 137
19455 183
19455 193
19455 282
19455 308
19455 24
19455 82
19455 90
19455 138
19455 197
19455 203
19455 212
19455 311
19455 319
19455 39
19455 72
19455 77
19455 151
19455 174
19455 192
19455 15
19455 52
19455 177
19455 201
19455 207
19455 247
19455 325
19455 57
19455 294
19455 196
19455 314
19455 359
19416 8
19416 32
19416 83
19416 101
19416 121
19416 122
19416 140
19416 96
19416 162
19416 172
19416 165
19416 2
19416 46
19416 49
19416 71
19416 80
19416 135
19416 58
19416 147
19416 170
19416 18
19416 65
19416 91
19416 99
19416 127
19416 163
19416 10
19416 33
19416 34
19416 37
19416 42
19416 98
19416 129
19416 130
19416 175
19416 16
19416 64
19416 76
19416 77
19416 117
19416 169
19416 19
19416 29
19416 67
19416 81
19416 115
19416 120
19416 148
19416 153
19416 73
19416 108
19416 126
19416 157
19416 171
19416 22
19416 55
19416 13
19416 20
19416 43
19416 70
19416 103
19416 125
19416 151
19416 168
19416 97
19416 176
19416 3
19416 12
19416 21
19416 39
19416 60
19416 86
19416 119
19416 167
19503 407
19503 409
19503 445
19503 448
19503 466
19503 472
19503 508
19503 574
19503 598
18966 10
18966 11
18966 41
18966 46
18966 49
18966 127
18966 256
18966 278
18966 75
18966 183
18966 187
18966 38
18966 72
18966 160
18966 167
18966 169
18966 5
18966 91
18966 106
18966 111
18966 135
18966 143
18966 149
19692 60
19692 103
19692 145
19692 173
19692 261
19692 378
19692 19
19692 61
19692 113
19692 176
19692 348
19692 430
19692 43
19692 90
19692 138
19692 177
19692 234
19692 451
19692 375
19692 464
19692 475
19692 75
19692 99
19692 196
19692 231
19692 344
19692 367
19692 434
19692 193
19692 523
19692 233
19692 521
19692 530
19692 32
19692 132
19692 142
19692 157
19692 179
19692 218
19692 350
19692 3
19692 516
19692 520
19692 85
19692 244
19692 335
19692 440
19692 471
19692 12
19692 27
19692 80
19692 355
19692 393
19692 445
19692 511
19692 95
19692 227
19692 457
19692 481
19692 170
19692 229
19692 249
19692 398
19692 406
19692 452
19692 33
19692 213
19692 230
19692 238
19692 252
19692 421
19692 303
19692 540
19692 546
19692 467
19692 537
19692 541
19692 272
19692 525
19692 529
19692 16
19692 58
19692 295
19692 400
19692 489
19692 81
19692 141
19692 194
19692 339
19692 381
19692 441
19692 65
19692 129
19692 171
19692 247
19692 300
19692 28
19692 376
19692 384
19692 387
19692 119
19692 158
19692 314
19692 364
19692 485
19692 2
19692 73
19692 76
19692 112
19692 343
19692 472
19692 178
19692 265
19692 469
19692 504
19692 169
19692 206
19692 208
19692 309
19692 405
19692 31
19692 109
19692 127
19692 301
19692 482
19692 512
19692 0
19692 82
19692 94
19692 228
19692 473
19692 251
19692 479
19692 522
19692 532
19692 25
19692 125
19692 259
19692 288
19692 460
19692 466
19692 494
19692 49
19692 69
19692 411
19692 418
19692 34
19692 55
19692 74
19692 190
19692 220
19692 306
19692 5
19692 7
19692 36
19692 221
19692 269
19692 454
19692 353
19692 372
19692 462
19692 495
19692 121
19692 174
19692 533
19692 543
19692 185
19692 198
19692 294
19692 347
19692 390
19692 105
19692 317
19692 388
19692 420
19692 427
19692 443
19692 478
19692 45
19692 202
19692 368
19692 53
19692 118
19692 123
19692 349
19692 517
19692 545
19692 117
19692 137
19692 232
19692 271
19692 357
19692 204
19692 391
19692 519
19692 38
19692 108
19692 130
19692 197
19692 262
19692 282
19692 389
19692 175
19692 270
19692 345
19692 358
19692 429
19692 431
19692 68
19692 107
19692 449
19692 29
19692 222
19692 273
19692 331
19692 409
19692 419
19692 88
19692 307
19692 379
19692 497
19692 21
19692 329
19692 403
19692 404
19692 412
19692 515
19692 17
19692 91
19692 214
19692 276
19692 366
19692 122
19692 226
19692 352
19692 539
19692 266
19692 275
19692 321
19692 490
19692 8
19692 44
19692 268
19692 308
19692 487
19692 491
18980 39
18980 165
18980 195
18980 217
18980 271
19001 166
19001 211
19001 224
19001 226
19001 75
19001 212
19001 240
19001 251
19001 109
19001 215
19683 146
19683 207
19683 225
19683 190
19683 197
19683 278
19683 164
19683 221
19683 258
19683 267
19683 151
19683 216
19683 219
19683 255
19683 275
19683 281
19683 288
19683 152
19683 248
19683 260
19683 284
19683 142
19683 12
19683 69
19683 114
19683 116
19683 120
19683 8
19683 19
19683 38
19683 42
19683 87
19683 100
19683 53
19683 242
19683 245
19683 256
19683 0
19683 63
19683 117
19683 11
19683 96
19683 128
19683 129
19683 131
19683 22
19683 165
19683 179
19683 183
19683 202
19683 224
19683 264
19683 2
19683 31
19683 40
19683 29
19683 58
19683 79
19683 160
19683 177
19683 238
19683 268
19683 24
19683 34
19683 86
19683 125
19683 130
19683 7
19683 41
19683 48
19683 49
19683 51
19683 82
19683 85
19683 21
19683 30
19683 56
19683 73
19683 108
19683 112
19683 115
19683 133
19683 134
19683 143
19683 145
19683 178
19683 182
19683 211
19683 215
19683 232
19683 240
19683 254
19683 169
19683 200
19683 213
19683 228
19683 231
19683 280
19628 30
19628 108
19628 110
19628 174
19628 342
19628 450
19628 4
19628 160
19628 255
19628 492
19628 258
19628 322
19628 508
19628 513
19632 9
19632 16
19632 21
19632 23
19632 27
19632 31
19632 22
19632 38
19632 43
19632 45
19632 12
19632 17
19632 29
19632 32
19632 42
19632 13
19632 14
19632 19
19632 36
19632 41
19632 8
19632 20
19632 51
19632 55
19632 3
19632 7
19632 26
19632 53
19632 37
19632 40
19632 50
18999 37
18999 43
18999 1
18999 5
18999 9
18999 14
18999 48
18999 31
18999 35
18999 36
18999 39
18999 50
18999 15
18999 21
18999 25
19640 4
19640 6
19640 8
19640 9
19640 14
19640 3
19640 15
19640 16
19640 19
19640 7
19640 18
19640 0
19640 2
19640 10
19640 13
19640 17
19540 44
19540 170
19540 214
19540 229
19540 264
19540 292
19540 420
19540 42
19540 52
19540 356
19540 92
19540 153
19540 174
19540 312
19540 127
19540 156
19540 383
19540 58
19540 88
19540 189
19540 192
19540 209
19540 224
19540 257
19540 372
19540 235
19540 273
19540 429
19540 38
19540 73
19540 158
19540 203
19540 211
19540 234
19540 254
19540 357
19540 297
19540 308
19540 461
19540 15
19540 55
19540 81
19540 138
19540 150
19540 188
19540 289
19540 418
19540 35
19540 262
19540 0
19540 97
19540 113
19540 129
19540 163
19540 173
19540 240
19540 246
19540 311
19540 251
19540 409
19540 309
19540 405
19540 159
19540 167
19540 199
19540 296
19540 315
19540 316
19540 341
19540 362
19540 3
19540 134
19540 439
19540 457
19540 63
19540 75
19540 87
19540 123
19540 282
19540 301
19540 350
19540 33
19540 124
19540 186
19540 187
19540 198
19540 250
19540 322
19540 210
19540 53
19540 67
19540 160
19540 191
19540 347
19540 378
19540 416
19540 32
19540 57
19540 71
19540 145
19540 411
19540 412
19540 448
19540 168
19540 398
19540 422
19540 12
19540 83
19540 109
19540 221
19540 288
19540 344
19540 355
19540 23
19540 34
19540 77
19540 105
19540 230
19540 244
19540 258
19540 330
19540 169
19540 171
19540 243
19540 269
19540 304
19540 333
19540 346
19540 363
19540 392
19540 446
19540 28
19540 29
19540 78
19540 119
19540 132
19540 276
19540 303
19540 318
19540 437
19540 37
19540 93
19540 136
19540 205
19540 271
19540 371
19540 22
19540 369
19540 51
19540 61
19540 111
19540 216
19540 247
19540 310
19540 324
19540 367
19540 212
19540 106
19540 131
19540 146
19540 284
19540 340
19540 365
19540 433
19540 436
19540 2
19540 91
19540 118
19540 176
19540 180
19540 219
19540 291
19540 329
19540 102
19540 130
19540 223
19540 245
19540 287
19540 336
19540 414
19540 10
19540 417
19540 46
19540 143
19540 231
19540 283
19540 313
19540 388
19540 390
19540 225
19419 28
19419 38
19419 123
19419 14
19419 49
19419 74
19419 77
19419 86
19419 103
19419 118
19419 107
19419 1
19419 26
19419 45
19419 51
19419 61
19419 62
19419 64
19419 97
19419 115
19419 120
19419 101
19419 105
19419 2
19419 10
19419 18
19419 87
19419 90
19419 96
19419 112
19419 114
19419 116
19419 3
19419 16
19419 19
19419 31
19419 65
19419 68
19419 78
19419 6
19419 36
19419 42
19419 76
19419 79
19419 100
19419 17
19419 11
19419 46
19419 50
19419 54
19419 81
19419 83
19419 85
19419 121
19419 40
19419 70
19419 8
19419 58
19002 16
19002 69
19002 72
19002 79
19064 191
19064 233
19064 273
19064 301
19064 352
19064 386
19064 153
19064 165
19064 210
19064 234
19064 307
19064 212
19064 298
19064 323
19064 365
19064 416
19064 229
19064 252
19064 299
19064 425
19586 242
19586 244
19586 252
19586 266
19586 283
19586 22
19586 37
19586 53
19586 176
19586 60
19586 66
19586 83
19586 122
19586 175
19586 213
19586 260
19586 275
19586 290
19586 301
19586 250
19586 264
19586 271
19586 280
19586 288
19586 50
19586 51
19586 59
19586 80
19586 109
19586 161
19586 188
19586 24
19586 76
19586 81
19586 137
19586 149
19586 151
19586 180
19586 7
19586 38
19586 54
19586 95
19586 198
19586 144
19586 217
19586 234
19586 235
19586 10
19586 69
19586 75
19586 201
19586 216
19586 253
19586 279
19586 285
19586 296
19586 0
19586 11
19586 36
19586 102
19586 191
19586 221
19586 224
19586 43
19586 115
19586 163
19586 263
19586 282
19586 295
19586 297
19586 89
19586 184
19586 232
19586 67
19586 97
19586 103
19586 174
19586 120
19586 148
19586 196
19586 121
19586 239
19586 71
19586 94
19586 143
19586 195
19586 55
19586 56
19586 58
19586 160
19586 178
19586 254
19586 257
19586 292
19586 9
19586 12
19586 33
19586 133
19586 141
19586 181
19586 34
19586 100
19586 173
19586 189
19586 192
19586 208
19586 18
19586 21
19586 61
19586 87
19586 91
19586 187
19586 26
19586 57
19586 62
19586 77
19586 171
19586 16
19586 52
19586 63
19586 98
19586 186
19586 152
19586 164
19586 212
19586 228
19586 231
19586 25
19586 41
19586 45
19586 48
19586 168
19015 641
19015 654
19015 133
19015 217
19015 364
19015 387
19015 538
19015 481
19015 647
19015 658
19015 1
19015 33
19015 247
19015 334
19015 485
19015 13
19015 259
19015 608
19015 105
19015 212
19015 360
19015 378
19015 491
19015 29
19015 611
19015 612
19015 640
19015 15
19015 81
19015 285
19015 484
19015 493
19015 139
19015 132
19015 165
19015 375
19015 434
19015 480
19015 609
19015 0
19015 238
19015 323
19015 330
19015 75
19015 273
19015 290
19015 524
19015 74
19015 134
19015 137
19015 227
19015 340
19015 93
19015 267
19015 649
19015 76
19015 112
19015 190
19015 299
19015 568
19015 284
19015 292
19015 466
19015 586
19015 587
19015 616
19015 4
19015 48
19015 51
19015 346
19015 9
19015 67
19015 291
19015 345
19015 119
19015 142
19015 188
19015 219
19015 549
19015 154
19015 277
19015 464
19015 498
19015 96
19015 260
19015 354
19015 483
19015 522
19015 2
19015 389
19015 436
19015 478
19015 191
19015 249
19015 367
19015 504
19015 160
19015 492
19015 416
19015 441
19015 517
19015 520
19015 58
19015 113
19015 332
19015 409
19015 501
19015 525
19015 117
19015 286
19015 400
19015 563
19015 185
19015 300
19015 521
19015 541
19015 572
19015 56
19015 166
19015 221
19015 322
19015 147
19015 439
19015 475
19015 613
19015 6
19015 99
19015 254
19015 413
19015 545
19015 47
19015 50
19015 78
19015 167
19015 555
19015 24
19015 49
19015 231
19015 488
19015 100
19015 108
19015 178
19015 237
19015 381
19015 35
19015 39
19015 174
19015 471
19015 20
19015 54
19015 558
19015 581
19015 319
19015 338
19015 356
19015 459
19015 551
19015 63
19015 315
19015 430
19015 508
19015 621
19015 36
19015 95
19015 270
19015 362
19015 64
19015 66
19015 181
19015 184
19015 376
19015 118
19015 288
19015 391
19015 595
19015 646
19015 94
19015 633
19015 103
19015 128
19015 261
19015 342
19015 635
19015 592
19015 607
19015 626
19015 638
19015 660
19015 45
19015 155
19015 429
19015 560
19015 614
19015 65
19015 251
19015 276
19015 535
19015 101
19015 245
19015 432
19015 570
19015 34
19015 207
19015 252
19015 496
19015 109
19015 172
19015 331
19015 590
19015 159
19015 205
19015 534
19015 542
19015 57
19015 59
19015 168
19015 193
19015 202
19015 296
19015 390
19015 443
19015 149
19015 556
19015 601
19015 617
19015 68
19015 246
19015 304
19015 606
19015 318
19015 444
19015 584
19015 7
19015 183
19015 506
19015 620
19015 60
19015 610
19015 10
19015 216
19015 239
19015 324
19015 619
19015 19
19015 297
19015 448
19015 523
19015 575
19015 211
19015 328
19015 447
19015 543
19588 25
19588 60
19588 83
19588 86
19588 98
19588 108
19588 109
19588 111
19588 112
19588 113
19588 0
19588 87
19588 101
19428 16
19428 39
19428 46
19428 76
19428 99
19428 197
19428 219
19428 252
19428 1
19428 44
19428 174
19734 23
19734 46
19734 47
19734 49
19734 65
19734 66
19734 2
19734 3
19734 28
19734 37
19734 41
19734 79
19734 36
19734 42
19734 87
19734 89
19734 57
19734 61
19734 77
19734 95
19734 50
19734 67
19734 75
19734 98
19734 12
19734 62
19734 64
19734 103
19734 99
19734 7
19734 11
19734 19
19734 74
19734 76
19734 9
19734 48
19734 53
19734 81
19734 92
19734 70
19734 90
19734 94
19734 101
19734 5
19734 15
19734 54
19734 91
19734 97
19734 39
19734 59
19734 80
19734 93
19629 30
19629 109
19629 110
19629 29
19629 83
19629 96
19629 99
19629 14
19629 41
19629 43
19629 53
19629 75
19629 86
19629 4
19629 35
19629 55
19629 58
19629 95
19629 28
19629 63
19629 71
19629 91
19629 40
19629 67
19629 93
19629 5
19629 31
19629 46
19629 106
19629 111
19629 6
19629 11
19629 24
19629 60
19629 103
19629 112
19629 25
19629 100
19629 104
19629 105
19629 64
19629 82
19724 58
19724 66
19724 79
19724 169
19724 51
19724 77
19724 89
19724 97
19724 106
19724 124
19724 29
19724 60
19724 247
19724 367
19724 45
19724 136
19724 158
19724 289
19724 356
19724 391
19724 394
19724 278
19724 279
19724 389
19724 402
19724 21
19724 39
19724 100
19724 254
19724 318
19724 319
19724 336
19724 15
19724 46
19724 264
19724 361
19724 385
19724 386
19724 406
19724 33
19724 155
19724 200
19724 303
19724 417
19724 56
19724 128
19724 146
19724 252
19724 256
19724 285
19724 340
19724 104
19724 127
19724 276
19724 313
19724 321
19724 73
19724 215
19724 312
19724 366
19724 383
19724 7
19724 49
19724 102
19724 257
19724 13
19724 63
19724 187
19724 230
19724 346
19724 380
19724 423
19724 425
19724 426
19724 429
19724 430
19724 431
19724 27
19724 179
19724 211
19724 348
19724 20
19724 115
19724 222
19724 396
19724 12
19724 105
19724 166
19724 332
19724 152
19724 174
19724 271
19724 325
19724 375
19724 4
19724 40
19724 117
19724 201
19724 249
19724 297
19724 341
19724 86
19724 109
19724 149
19724 153
19724 175
19724 298
19724 347
19724 390
19724 6
19724 88
19724 91
19724 171
19724 190
19724 203
19724 320
19724 372
19724 72
19724 118
19724 140
19724 161
19724 170
19724 268
19724 11
19724 141
19724 177
19724 310
19724 395
19724 18
19724 165
19724 180
19724 244
19724 306
19724 401
19724 3
19724 81
19724 113
19724 302
19724 331
19724 351
19724 68
19724 322
19724 362
19724 50
19724 84
19724 240
19724 281
19724 316
19724 409
19724 16
19724 52
19724 131
19724 178
19724 218
19724 258
19724 365
19724 9
19724 54
19724 142
19724 282
19724 286
19724 291
19724 62
19724 219
19724 253
19724 280
19724 283
19724 388
19724 55
19724 92
19724 148
19724 160
19724 226
19724 251
19724 373
19724 64
19724 70
19724 71
19724 202
19724 307
19724 338
19724 342
19724 59
19724 103
19724 129
19724 172
19724 294
19724 309
19724 10
19724 24
19724 48
19724 225
19724 227
19724 327
19545 17
19545 24
19545 91
19545 92
19545 106
19545 115
19545 27
19545 59
19545 98
19545 103
19545 177
19545 53
19545 58
19545 78
19545 109
19545 131
19545 160
19545 6
19545 10
19545 13
19545 23
19545 148
19545 159
19545 30
19545 39
19545 151
19545 193
19559 256
19559 273
19559 275
19559 297
19559 330
19559 348
19559 79
19559 83
19559 130
19559 184
19559 194
19559 281
19559 335
19559 351
19559 389
19559 408
19559 47
19559 91
19559 94
19559 101
19559 143
19559 119
19559 225
19559 235
19559 240
19559 272
19559 364
19559 400
19559 415
19559 23
19559 48
19559 58
19559 146
19559 189
19559 81
19559 97
19559 100
19559 177
19559 178
19559 204
19559 271
19559 373
19559 403
19559 405
19559 329
19559 340
19559 350
19559 359
19559 385
19559 396
19559 260
19559 266
19559 277
19559 301
19559 355
19559 216
19559 231
19559 232
19559 234
19559 34
19559 60
19559 105
19559 133
19559 210
19559 87
19559 145
19559 169
19559 233
19559 7
19559 30
19559 114
19559 176
19559 270
19559 346
19559 410
19559 420
19559 248
19559 280
19559 306
19559 310
19559 370
19559 384
19559 40
19559 63
19559 110
19559 121
19559 180
19559 51
19559 160
19559 220
19559 222
19559 31
19559 57
19559 61
19559 164
19559 183
19559 190
19559 265
19559 312
19559 334
19559 344
19559 376
19559 409
19559 20
19559 26
19559 33
19559 46
19559 182
19559 89
19559 107
19559 127
19559 152
19559 155
19559 82
19559 85
19559 115
19559 208
19559 11
19559 29
19559 69
19559 92
19559 129
19559 258
19559 283
19559 314
19559 324
19559 377
19559 379
19559 268
19559 294
19559 298
19559 299
19559 358
19559 380
19559 25
19559 88
19559 139
19559 173
19559 196
19559 375
19559 394
19559 417
19559 419
19559 14
19559 44
19559 242
19559 285
19559 327
19559 357
19559 412
19559 39
19559 49
19559 66
19559 96
19559 218
19559 223
19559 12
19559 122
19559 150
19559 159
19559 171
19559 205
19559 8
19559 80
19559 123
19559 151
19559 165
19559 201
19559 404
19559 413
19559 421
19527 1
19527 23
19527 51
19527 96
19527 100
19527 21
19527 43
19527 91
19527 98
19527 146
19527 189
19527 195
19527 210
19527 214
19527 219
19527 25
19527 169
19527 3
19527 24
19527 82
19527 92
19527 120
19527 36
19527 5
19527 14
19527 53
19527 141
19527 161
19527 34
19527 49
19527 70
19527 72
19527 158
19527 63
19527 69
19527 75
19527 121
19527 127
19527 174
19527 227
19527 228
19527 44
19527 57
19527 64
19527 95
19527 47
19527 66
19527 106
19527 131
19527 147
19527 188
19527 202
19527 203
19527 204
19527 10
19527 65
19527 83
19527 122
19527 13
19527 50
19527 125
19527 171
19527 179
19527 15
19527 124
19527 148
19527 155
19527 166
19527 207
19527 208
19527 216
19527 222
19527 31
19527 33
19527 45
19527 85
19527 6
19527 22
19527 144
19527 145
19527 185
19527 186
19527 191
19527 209
19527 212
19527 26
19527 62
19527 103
19527 115
19527 133
19527 35
19527 114
19527 135
19527 151
19527 162
19527 167
19527 178
19527 150
19527 180
19527 27
19527 80
19527 136
19527 140
19527 168
19527 190
19527 194
19527 205
19527 211
19527 28
19527 29
19527 78
19527 163
19527 20
19527 32
19527 68
19527 138
19652 96
19652 125
19652 154
19652 184
19652 9
19652 16
19652 144
19652 156
19652 159
19652 12
19652 38
19652 120
19652 136
19652 157
19652 165
19652 42
19652 58
19652 84
19652 97
19652 135
19652 51
19652 67
19652 183
19652 203
19652 2
19652 11
19652 86
19652 118
19652 182
19652 14
19652 186
19652 200
19652 7
19652 56
19652 90
19652 123
19652 8
19652 53
19652 62
19652 92
19652 115
19652 24
19652 54
19652 81
19652 127
19652 145
19652 1
19652 79
19652 104
19652 139
19652 152
19652 193
19652 33
19652 43
19652 61
19652 52
19652 88
19652 89
19652 100
19652 108
19652 172
19652 176
19652 37
19652 47
19652 49
19652 126
19652 149
19652 161
19652 4
19652 102
19652 112
19652 117
19652 163
19652 164
19652 153
19652 169
19652 171
19652 189
19652 48
19652 73
19652 131
19652 150
19652 15
19652 44
19652 46
19652 95
19652 106
19652 128
19652 167
19652 70
19652 72
19652 87
19652 103
19652 138
19552 132
19552 307
19552 353
19552 499
19552 507
19734 4
19734 6
19734 26
19734 30
19734 40
19734 44
19532 36
19532 58
19532 81
19532 107
19532 146
19532 68
19532 124
19532 131
19532 144
19532 178
19532 47
19532 171
19532 175
19532 187
19532 45
19532 115
19532 122
19532 150
19532 161
19532 165
19532 3
19532 71
19532 97
19532 180
19532 204
19532 220
19532 125
19532 140
19532 173
19532 209
19532 17
19532 94
19532 121
19532 128
19532 153
19532 174
19532 139
19532 215
19532 9
19532 16
19532 137
19532 181
19532 2
19532 18
19532 99
19532 151
19532 4
19532 87
19532 138
19532 156
19532 198
19532 12
19532 86
19532 196
19532 216
19532 14
19532 24
19532 80
19532 84
19532 89
19532 176
19532 43
19532 55
19532 92
19532 155
19532 218
19532 15
19532 21
19532 31
19532 95
19532 193
19532 46
19532 50
19532 63
19532 91
19532 123
19532 157
19532 170
19532 42
19532 179
19532 212
19532 32
19532 44
19532 62
19532 96
19532 194
19532 197
19694 83
19694 111
19694 181
19694 240
19565 17
19565 29
19565 60
19565 171
19565 185
19565 208
19565 312
19565 78
19565 152
19565 263
19565 273
19565 277
19565 125
19565 190
19565 220
19565 259
19565 80
19565 177
19565 194
19565 320
19565 359
19565 135
19565 355
19565 362
19565 363
19565 367
19565 5
19565 21
19565 55
19565 150
19565 310
19565 14
19565 86
19565 109
19565 142
19565 166
19565 25
19565 251
19565 343
19565 77
19565 84
19565 99
19565 257
19565 309
19565 105
19565 121
19565 210
19565 295
19565 119
19565 187
19565 219
19565 328
19565 350
19565 85
19565 89
19565 347
19565 357
19565 18
19565 107
19565 143
19565 159
19565 253
19565 82
19565 113
19565 326
19565 337
19565 0
19565 122
19565 214
19565 217
19565 218
19565 44
19565 157
19565 184
19565 225
19565 288
19565 293
19565 1
19565 53
19565 247
19565 252
19565 327
19565 47
19565 50
19565 102
19565 224
19565 41
19565 92
19565 155
19565 233
19565 264
19565 26
19565 136
19565 149
19565 201
19565 283
19565 323
19565 52
19565 90
19565 131
19565 160
19565 227
19565 241
19565 27
19565 42
19565 148
19565 183
19565 197
19565 302
19565 348
19565 358
19565 365
19565 59
19565 204
19565 266
19565 324
19565 342
19565 20
19565 46
19565 101
19565 103
19565 118
19565 33
19565 117
19565 123
19565 205
19565 235
19532 73
19532 83
19532 103
19532 189
19532 53
19532 142
19532 152
19532 177
19532 190
19532 201
19532 67
19532 105
19532 116
19532 158
19532 159
19532 166
19610 157
19610 293
19610 371
19610 389
19610 163
19610 239
19610 263
19610 273
19610 328
19610 354
19610 147
19610 189
19610 195
19610 281
19610 386
19610 401
19610 12
19610 70
19610 76
19610 91
19610 99
19610 145
19610 187
19610 284
19610 285
19610 336
19610 350
19610 17
19610 23
19610 28
19610 56
19610 63
19610 71
19610 10
19610 18
19610 22
19610 72
19610 90
19610 93
19610 165
19610 174
19610 238
19610 325
19610 412
19610 426
19610 152
19610 306
19610 393
19610 400
19610 33
19610 109
19610 126
19610 172
19610 181
19610 184
19610 1
19610 38
19610 74
19610 102
19610 128
19610 131
19610 134
19610 323
19610 365
19610 382
19610 121
19610 127
19610 135
19610 218
19610 427
19610 110
19610 111
19610 113
19610 132
19610 21
19610 77
19610 107
19610 124
19610 197
19610 267
19610 318
19610 392
19610 190
19610 209
19610 329
19610 341
19610 347
19610 36
19610 37
19610 42
19610 45
19610 206
19610 275
19610 360
19610 369
19610 384
19610 52
19610 60
19610 68
19610 103
19610 112
19610 256
19610 310
19610 319
19610 368
19610 387
19610 0
19610 86
19610 95
19610 115
19610 262
19610 303
19610 309
19610 313
19610 337
19610 381
19610 148
19610 155
19610 179
19610 203
19610 280
19610 305
19610 201
19610 231
19610 357
19610 420
19610 120
19610 129
19610 133
19610 139
19610 409
19610 415
19610 425
19610 202
19610 264
19610 283
19610 390
19610 265
19610 326
19610 335
19610 356
19610 388
19610 220
19610 227
19610 266
19610 272
19610 417
19610 9
19610 30
19610 85
19610 89
19610 92
19610 104
19610 183
19610 286
19610 348
19610 351
19610 15
19610 39
19610 88
19610 106
19610 213
19610 253
19610 295
19610 297
19610 331
19610 380
19610 6
19610 19
19610 31
19610 34
19610 53
19610 62
19610 177
19610 214
19610 294
19610 301
19610 332
19610 342
19413 78
19413 43
19413 72
19413 13
19413 25
19503 167
19503 169
19503 171
19503 191
19503 226
19503 290
19503 314
19503 413
19503 438
19503 446
19503 485
19503 511
19503 543
19503 566
19503 578
19503 615
19503 4
19503 7
19503 73
19503 88
19503 127
19503 134
19503 140
19503 163
19503 339
19503 42
19503 47
19503 152
19503 188
19503 204
19503 227
19503 264
19503 326
19503 348
19503 395
19503 32
19503 64
19503 96
19503 105
19503 125
19503 200
19503 268
19503 278
19503 342
19503 455
19503 432
19503 473
19503 478
19503 497
19503 512
19503 513
19503 516
19503 559
19503 616
19503 626
19503 11
19503 51
19503 130
19503 135
19503 138
19503 239
19503 253
19503 319
19503 299
19503 234
19503 46
19503 72
19503 90
19503 323
19503 333
19503 341
19503 383
19503 357
19503 361
19503 365
19503 450
19503 605
19503 33
19503 50
19503 75
19503 186
19503 198
19503 219
19503 296
19503 307
19503 324
19503 332
19503 390
19503 402
19503 418
19503 422
19503 509
19503 552
19503 562
19503 582
19503 633
19503 462
19503 371
19503 374
19503 386
19503 389
19503 434
19503 464
19503 496
19503 541
19503 548
19503 567
19503 581
19503 23
19503 76
19503 124
19503 159
19503 192
19503 245
19503 280
19503 287
19503 363
19503 14
19503 37
19503 39
19503 107
19503 185
19503 199
19503 228
19503 309
19503 329
19503 614
19503 632
19503 414
19503 416
19503 435
19503 454
19503 563
19503 570
19503 572
19503 600
19503 373
19503 384
19503 444
19503 547
19503 590
19503 611
19503 378
19503 419
19503 447
19503 522
19503 535
19503 565
19503 620
19503 628
19503 411
19503 532
19503 350
19503 376
19503 377
19503 381
19503 48
19503 210
19503 433
19503 441
19503 469
19503 480
19503 557
19503 589
19503 604
19503 608
19503 20
19503 92
19503 114
19503 126
19503 221
19503 229
19503 242
19503 252
19503 261
19503 289
19503 122
19503 263
19503 403
19503 8
19503 58
19503 162
19503 224
19503 306
19503 327
19503 331
19503 352
19503 355
19503 5
19503 43
19503 54
19503 119
19503 181
19503 247
19503 256
19503 274
19503 304
19503 369
19503 44
19503 69
19503 74
19503 133
19503 144
19503 150
19503 161
19503 320
19503 57
19503 166
19503 173
19503 174
19503 176
19503 187
19503 215
19503 295
19503 625
19503 631
19503 28
19503 95
19503 128
19503 155
19503 189
19503 202
19503 211
19503 255
19503 17
19503 60
19503 68
19503 205
19503 220
19503 272
19503 346
19503 354
19503 623
19503 634
19503 503
19503 593
19503 55
19503 156
19503 347
19503 40
19503 62
19503 82
19503 195
19503 243
19503 262
19503 285
19503 310
19503 172
19503 179
19503 190
19503 196
19503 232
19503 238
19503 291
19503 317
19503 31
19503 175
19503 197
19503 207
19503 208
19503 213
19503 244
19523 1
19523 9
19523 13
19523 21
19523 27
19523 45
19523 57
19523 79
19523 84
19523 67
19523 77
19523 73
19523 78
19523 82
19523 0
19523 17
19523 20
19523 43
19523 59
19523 65
19523 68
19547 56
19547 251
19547 270
19547 297
19547 345
19547 213
19547 226
19547 377
19547 384
19547 385
19547 12
19547 92
19547 130
19547 156
19547 211
19547 116
19547 207
19547 300
19547 349
19547 24
19547 115
19547 173
19547 264
19547 290
19547 26
19547 36
19547 55
19547 142
19547 202
19547 285
19547 328
19547 23
19547 68
19547 98
19547 101
19547 246
19547 332
19547 6
19547 141
19547 286
19547 357
19547 51
19547 150
19547 209
19547 235
19547 312
19547 324
19547 67
19547 137
19547 172
19547 394
19547 428
19547 444
19547 451
19547 467
19547 162
19547 178
19547 195
19547 350
19547 365
19547 18
19547 58
19547 242
19547 263
19547 268
19547 301
19547 1
19547 63
19547 189
19547 220
19547 234
19547 405
19547 419
19547 421
19547 452
19547 460
19547 28
19547 37
19547 42
19547 44
19547 191
19547 314
19547 344
19547 76
19547 108
19547 126
19547 164
19547 185
19547 303
19547 35
19547 100
19547 227
19547 267
19547 327
19547 336
19547 69
19547 144
19547 215
19547 289
19547 313
19547 25
19547 38
19547 66
19547 86
19547 158
19547 240
19547 47
19547 79
19547 85
19547 87
19547 147
19547 133
19547 161
19547 212
19547 40
19547 151
19547 261
19547 318
19547 404
19547 410
19547 413
19547 416
19547 422
19547 446
19547 461
19547 187
19547 343
19547 347
19547 355
19547 94
19547 146
19547 229
19547 256
19547 298
19547 360
19547 378
19547 381
19547 387
19547 32
19547 134
19547 140
19547 305
19547 403
19547 409
19547 456
19547 463
19547 475
19547 391
19547 436
19547 449
19547 459
19547 466
19547 48
19547 52
19547 186
19547 208
19547 280
19547 308
19547 157
19547 196
19547 302
19547 340
19547 352
19547 182
19547 210
19547 335
19547 339
19547 83
19547 135
19547 179
19547 219
19547 260
19547 265
19547 401
19547 406
19547 412
19547 429
19547 418
19547 430
19547 448
19547 454
19547 458
19547 462
19547 14
19547 70
19547 136
19547 152
19547 232
19547 317
19547 30
19547 190
19547 204
19547 320
19547 359
19547 371
19547 380
19547 389
19547 78
19547 91
19547 122
19547 127
19547 238
19547 331
19547 111
19547 138
19547 143
19547 200
19547 341
19547 97
19547 224
19547 276
19547 330
19547 0
19547 82
19547 192
19547 223
19547 326
19547 64
19547 271
19547 293
19547 3
19547 153
19547 175
19547 288
19547 342
19547 353
19547 356
19547 368
19547 376
19547 96
19547 167
19547 237
19547 258
19547 281
19547 10
19547 31
19547 247
19547 254
19547 311
19547 41
19547 88
19547 110
19547 118
19547 309
19547 354
19547 262
19547 274
19547 284
19547 319
19547 329
19547 334
19547 45
19547 71
19547 84
19547 249
19547 287
19743 13
19743 16
19743 54
19743 57
19743 72
19743 30
19743 40
19743 50
19743 56
19743 61
19743 81
19743 10
19743 22
19743 24
19743 76
19743 2
19743 6
19743 29
19743 43
19743 78
19743 9
19743 44
19743 69
19743 70
19743 1
19743 5
19743 28
19743 32
19743 42
19743 45
19743 14
19743 21
19743 39
19743 51
19743 73
19743 82
19744 79
19744 80
19744 86
19744 166
19744 202
19744 214
19744 206
19744 288
19744 292
19744 12
19744 32
19744 89
19744 115
19744 122
19744 134
19443 1
19443 29
19443 54
19443 60
19443 62
19443 65
19443 92
19443 100
19443 123
19443 23
19443 34
19443 50
19443 64
19443 68
19443 79
19443 83
19443 106
19443 42
19443 52
19443 116
19443 122
19443 128
19443 154
19443 155
19443 157
19443 4
19443 21
19443 30
19443 32
19443 40
19443 98
19443 134
19443 15
19443 16
19443 66
19443 80
19443 85
19443 104
19443 143
19443 159
19443 5
19443 53
19443 56
19443 57
19443 77
19443 111
19443 121
19443 140
19443 146
19443 163
19443 109
19443 17
19443 76
19443 118
19443 125
19443 127
19443 0
19443 7
19443 27
19443 38
19443 55
19443 63
19443 71
19443 93
19443 149
19443 165
19443 47
19443 119
19443 8
19443 70
19443 120
19443 133
19650 83
19650 95
19650 97
19666 7
19666 32
19666 52
19666 95
19666 102
19666 133
19666 154
19733 6
19733 7
19733 23
19733 32
19733 33
19733 39
19733 13
19733 38
19733 34
19733 40
19733 49
19733 53
19733 14
19733 16
19733 36
19733 41
19733 45
19733 54
19733 2
19733 26
19733 48
19733 3
19733 4
19733 24
19733 25
19733 30
19733 31
19733 18
19733 47
19733 51
19733 1
19733 9
19733 12
19733 17
19733 37
19733 44
19733 27
19733 43
19733 46
19068 2
19068 33
19068 37
19068 48
19068 6
19068 31
19068 40
19068 45
19068 8
19068 9
19068 18
19068 19
19068 27
19068 29
19068 16
19068 20
19068 28
19068 39
19068 42
19068 49
19068 50
19068 51
19068 52
19068 53
19068 4
19068 15
19068 24
19068 35
19048 14
19048 22
19048 49
19048 206
19658 44
19658 63
19658 74
19658 76
19658 105
19658 121
19658 24
19658 29
19658 31
19658 62
19658 107
19658 145
19658 104
19658 170
19658 182
19658 13
19658 57
19658 137
19658 181
19658 2
19658 4
19658 25
19658 45
19658 55
19658 115
19658 11
19658 42
19658 162
19658 165
19658 40
19658 80
19658 93
19658 135
19658 140
19658 161
19658 167
19658 5
19658 22
19658 152
19658 158
19658 177
19658 34
19658 49
19658 58
19658 134
19658 15
19658 16
19658 66
19658 106
19658 71
19658 83
19658 138
19658 160
19658 14
19658 65
19658 78
19658 97
19658 108
19658 136
19658 139
19658 1
19658 48
19658 79
19658 101
19658 133
19658 144
19658 9
19658 37
19658 77
19658 92
19658 118
19658 120
19658 59
19658 131
19658 172
19658 41
19658 69
19658 89
19658 102
19463 5
19463 33
19463 154
19463 18
19463 28
19463 53
19463 64
19463 108
19463 110
19463 120
19463 132
19463 137
19463 187
19463 6
19463 215
19463 21
19463 109
19463 135
19613 13
19613 20
19613 35
19613 39
19613 2
19613 4
19613 6
19613 10
19613 11
19613 26
19613 42
19613 38
19613 5
19613 7
19613 16
19613 17
19613 23
19613 3
19613 8
19613 18
19613 21
19613 31
19613 32
19613 40
19613 22
19613 41
18986 67
18986 91
18986 158
18986 173
18986 89
18986 170
18986 77
18986 84
18986 130
18986 180
18986 182
18986 48
18986 73
18986 80
18986 93
18986 5
18986 6
18986 60
18986 150
18986 104
18986 109
18986 139
18986 147
18986 19
18986 47
18986 50
18986 114
18986 120
18986 16
18986 40
18986 44
18986 95
18986 10
18986 25
18986 136
18986 146
18986 162
18986 165
18986 151
18986 167
18986 2
18986 172
18986 174
18986 175
18986 32
18986 82
18986 88
18986 106
18986 169
18986 1
18986 12
18986 99
18986 115
18986 156
18986 58
18986 68
18986 92
18986 102
18986 11
18986 23
18986 45
18986 137
18986 4
18986 17
18986 27
18986 171
18986 166
18986 179
18986 0
18986 59
18986 62
18986 117
18986 128
19056 3
19056 10
19056 23
19056 75
19056 118
19637 23
19637 36
19637 48
19637 62
19637 70
19637 93
19637 31
19637 41
19637 69
19637 102
19637 110
19706 51
19706 60
19706 94
19706 97
19706 207
19706 137
19706 190
19706 204
19706 4
19706 62
19706 112
19706 21
19706 25
19706 67
19706 135
19706 191
19706 195
19706 44
19706 63
19706 72
19706 99
19706 117
19706 138
19706 140
19706 30
19706 71
19706 104
19706 161
19706 220
19706 22
19706 198
19706 209
19706 2
19706 92
19706 175
19706 183
19706 189
19706 192
19706 88
19706 169
19706 226
19706 45
19706 54
19706 59
19706 128
19706 146
19706 185
19706 113
19706 125
19706 142
19706 149
19706 155
19706 13
19706 16
19706 87
19706 93
19706 164
19706 178
19706 202
19706 12
19706 18
19706 20
19706 89
19706 212
19706 3
19706 33
19706 100
19706 143
19706 159
19706 200
19706 206
19706 36
19706 39
19706 208
19706 6
19706 27
19706 46
19706 65
19706 80
19706 171
19706 219
19706 222
19706 224
19706 50
19706 116
19706 119
19706 150
19706 163
19706 194
19706 19
19706 29
19706 75
19706 126
19706 144
19706 41
19706 83
19706 134
19706 218
19706 221
19706 228
19706 52
19706 157
19706 23
19706 24
19706 48
19706 90
19706 127
19706 214
19706 216
19706 223
18987 113
18987 126
18987 59
18987 111
18987 112
18987 117
18987 8
18987 47
18987 52
18987 60
18987 101
18987 26
18987 93
18987 125
18987 129
18987 61
18987 17
18987 67
18987 94
18987 122
18987 131
18987 40
18987 41
18987 46
18987 79
18987 118
18987 35
18987 43
18987 86
18987 119
18987 121
18987 1
18987 5
18987 28
18987 31
18987 37
18987 36
18987 68
18987 71
18987 74
18987 104
18987 18
18987 48
18987 62
18987 89
18987 91
18999 7
18999 12
18999 13
18999 19
18999 20
19658 28
19658 82
19658 84
19658 96
19658 127
19658 129
19658 143
19716 5
19716 7
19716 27
19716 50
19716 57
19716 120
19716 222
19716 317
19716 353
19716 452
19716 455
19716 300
19716 513
19716 528
19716 541
19716 350
19716 553
19716 571
19716 90
19716 103
19716 341
19716 375
19716 549
19716 123
19716 287
19716 318
19716 542
19716 143
19716 298
19716 415
19716 507
19716 145
19716 278
19716 558
19716 3
19716 4
19716 8
19716 14
19716 15
19716 18
19716 28
19716 49
19716 197
19716 214
19716 260
19716 285
19716 297
19716 337
19716 352
19716 505
19716 552
19716 557
19716 566
19716 128
19716 164
19716 173
19716 379
19716 432
19716 348
19716 364
19716 449
19716 72
19716 122
19716 131
19716 185
19716 282
19716 349
19716 84
19716 106
19716 184
19716 196
19716 272
19716 329
19716 502
19716 71
19716 95
19716 245
19716 247
19716 257
19716 433
19716 468
19716 133
19716 158
19716 264
19716 61
19716 166
19716 483
19716 200
19716 227
19716 273
19716 276
19716 401
19716 419
19716 544
19716 554
19716 561
19716 188
19716 261
19716 303
19716 231
19716 289
19716 330
19716 372
19716 464
19716 466
19716 98
19716 115
19716 426
19716 479
19716 503
19716 78
19716 162
19716 525
19716 127
19716 424
19716 446
19716 518
19716 332
19716 389
19716 522
19716 535
19716 193
19716 290
19716 445
19716 454
19716 527
19716 562
19716 63
19716 165
19716 168
19716 490
19716 250
19716 360
19716 371
19716 536
19716 24
19716 42
19716 102
19716 177
19716 228
19716 307
19716 486
19716 64
19716 154
19716 235
19716 347
19716 380
19716 381
19716 392
19716 475
19716 187
19716 206
19716 286
19716 400
19716 439
19716 457
19716 186
19716 219
19716 533
19716 540
19716 108
19716 136
19716 223
19716 319
19716 416
19716 488
19716 125
19716 194
19716 271
19716 373
19716 9
19716 10
19716 16
19716 21
19716 32
19716 38
19716 126
19716 268
19716 281
19716 396
19716 423
19716 480
19716 500
19716 65
19716 548
19716 550
19716 35
19716 56
19716 313
19716 555
19716 66
19716 100
19716 192
19716 346
19716 395
19716 407
19716 451
19716 0
19716 17
19716 25
19716 26
19716 40
19716 51
19716 59
19716 150
19716 254
19716 328
19716 338
19716 368
19716 422
19570 113
19570 124
19570 7
19570 8
19570 11
19570 19
19009 14
19009 17
19009 25
19009 59
19009 89
19009 95
19009 13
19009 15
19009 32
19009 42
19009 73
19009 82
19009 29
19009 35
19009 44
19009 50
19009 55
19009 87
19009 10
19009 21
19009 24
19009 45
19009 68
19009 75
19009 8
19009 26
19009 67
19009 78
19009 77
19680 18
19680 26
19680 35
19680 226
19680 386
19680 409
19680 66
19680 97
19680 205
19680 282
19680 365
19680 399
19680 408
19680 49
19680 309
19680 344
19680 355
19680 450
19680 467
19680 502
19680 512
19680 286
19680 321
19680 362
19680 382
19680 400
19680 484
19680 56
19680 127
19680 176
19680 260
19680 366
19680 388
19680 101
19680 135
19680 193
19680 349
19680 375
19680 432
19680 515
19680 84
19680 105
19680 245
19680 249
19680 255
19680 372
19680 48
19680 283
19680 396
19680 455
19680 41
19680 62
19680 303
19680 532
19680 541
19680 545
19680 558
19680 126
19680 280
19680 297
19680 335
19680 434
19751 45
19751 119
19751 182
19751 210
19751 277
19751 183
19751 103
19751 345
19751 362
19751 5
19751 30
19751 83
19751 266
19751 347
19751 92
19751 147
19751 177
19751 335
19751 0
19751 143
19751 250
19751 355
19751 419
19751 425
19751 111
19751 226
19751 237
19751 331
19751 184
19751 364
19751 442
19751 24
19751 125
19751 194
19751 251
19751 337
19751 8
19751 46
19751 77
19751 96
19751 322
19751 44
19751 61
19751 164
19751 197
19751 47
19751 398
19751 242
19751 260
19751 333
19751 367
19751 414
19751 376
19751 436
19751 41
19751 57
19751 315
19751 412
19751 434
19751 78
19751 142
19751 421
19751 432
19751 28
19751 385
19751 296
19751 340
19751 343
19751 403
19751 423
19751 33
19751 127
19751 233
19751 281
19751 310
19751 129
19751 399
19751 178
19751 42
19751 188
19751 207
19751 268
19751 323
19751 441
19751 71
19751 76
19751 132
19751 137
19751 139
19751 51
19751 130
19751 191
19751 221
19751 6
19751 144
19751 179
19751 189
19751 386
19751 275
19751 359
19751 148
19751 172
19751 253
19751 279
19751 394
19751 145
19751 67
19751 80
19751 314
19751 318
19751 2
19751 53
19751 95
19751 336
19751 342
19751 444
19751 59
19751 135
19751 249
19751 338
19751 36
19751 167
19751 180
19751 228
19751 341
19751 3
19751 346
19751 9
19751 89
19751 94
19751 222
19751 81
19751 98
19751 190
19751 391
19751 417
19751 60
19751 269
19751 298
19751 320
19751 34
19751 102
19751 225
19751 241
19751 292
19751 136
19751 291
19751 332
19751 384
19751 392
19751 196
19751 214
19751 238
19751 254
19751 330
19751 49
19751 205
19751 257
19751 380
19751 387
19751 1
19751 21
19751 105
19751 349
19751 64
19751 134
19751 161
19751 236
19751 286
19751 192
19751 232
19751 422
19751 430
19751 248
19751 261
19751 413
19751 17
19751 160
19751 162
19751 229
19751 295
19751 141
19751 154
19751 274
19751 327
19751 10
19751 409
19751 443
19751 176
19751 193
19751 373
19751 400
19751 424
19751 159
19751 219
19751 223
19751 326
19751 204
19751 211
19751 256
19751 283
19751 7
19751 239
19751 272
19751 361
19751 374
19751 113
19751 140
19751 317
19751 348
19751 18
19751 40
19751 106
19751 133
19003 21
19003 60
19003 103
19003 133
19003 15
19003 26
19003 91
19003 95
19003 17
19003 67
19003 113
19003 121
19003 123
19003 20
19003 27
19003 63
19003 71
19003 94
19003 11
19003 33
19003 34
19003 52
19003 101
19003 10
19003 40
19003 75
19003 109
19003 158
19003 146
19003 131
19003 65
19003 87
19003 90
19003 117
19003 126
19003 6
19003 8
19003 38
19003 44
19003 72
19003 78
19003 84
19003 96
19003 107
19003 50
19003 54
19003 76
19003 99
19003 120
19003 28
19003 122
19003 128
19003 136
19003 143
19003 46
19003 55
19003 56
19003 70
19003 73
19003 2
19003 1
19003 138
19003 150
19003 155
19003 156
19531 52
19531 58
19531 61
19531 2
19531 3
19531 26
19531 38
19531 43
19531 5
19531 12
19531 28
19531 49
19531 37
19531 39
19531 57
19531 62
19531 63
19531 64
19531 65
19531 0
19531 14
19531 21
19531 35
19531 4
19531 23
19531 29
19531 48
19531 51
19531 53
19575 274
19575 282
19575 160
19575 177
19575 186
19575 224
19575 230
19575 241
19575 13
19575 75
19575 123
19575 49
19575 107
19575 135
19575 140
19575 267
19575 275
19575 277
19575 284
19575 287
19575 146
19575 183
19575 190
19575 237
19575 250
19575 0
19575 8
19575 71
19575 101
19575 136
19575 21
19575 47
19575 60
19575 83
19575 87
19575 169
19575 175
19575 199
19575 208
19575 226
19575 181
19575 185
19575 202
19575 247
19575 162
19575 220
19575 222
19575 265
19575 272
19575 9
19575 22
19575 43
19575 68
19575 86
19575 163
19575 171
19575 240
19575 266
19575 269
19575 152
19575 164
19575 238
19575 249
19575 251
19575 256
19575 173
19575 189
19575 211
19575 216
19575 242
19575 179
19575 200
19575 213
19575 246
19575 260
19575 288
19575 19
19575 28
19575 44
19575 109
19575 129
19575 203
19575 215
19575 248
19575 31
19575 56
19575 66
19575 67
19575 78
19575 126
19575 5
19575 18
19575 29
19575 77
19575 84
19575 125
19575 139
19575 174
19575 262
19575 278
19575 279
19575 142
19575 158
19575 212
19575 264
19575 283
19578 2
19578 8
19578 11
19578 12
19578 21
19578 33
19456 73
19456 91
19456 103
19456 33
19456 41
19456 47
19456 56
19456 72
19456 84
19456 95
19456 101
19456 99
19456 13
19456 16
19456 29
19456 35
19456 42
19456 57
19456 64
19456 76
19456 80
19456 10
19456 14
19456 15
19456 61
19456 77
19456 81
19456 86
19456 96
19456 22
19456 23
19456 28
19456 37
19456 54
19456 69
19456 71
19560 4
19560 12
19560 16
19560 24
19560 58
19560 59
19560 10
19560 71
19560 77
19560 89
19560 2
19560 20
19560 35
19560 37
19560 47
19560 51
19560 21
19560 44
19560 45
19560 48
19560 49
19560 57
19678 16
19678 17
19678 75
19678 80
19678 115
19678 12
19678 21
19678 29
19678 49
19678 68
19678 98
19425 118
19425 568
19425 113
19425 156
19425 178
19425 184
19425 223
19425 237
19425 296
19425 326
19425 137
19425 273
19425 363
19425 434
19425 463
19425 504
19425 525
19425 546
19425 91
19425 133
19425 233
19425 240
19425 264
19425 383
19425 421
19425 472
19425 562
19425 29
19425 41
19425 150
19425 161
19425 179
19425 197
19425 214
19425 309
19425 334
19425 518
19425 457
19425 355
19425 417
19425 451
19425 60
19425 222
19425 265
19425 345
19425 359
19425 432
19425 435
19425 439
19425 553
19425 53
19425 98
19425 152
19425 230
19425 308
19425 410
19425 453
19425 456
19425 512
19425 559
19425 89
19425 319
19425 331
19425 374
19425 399
19425 400
19425 549
19425 550
19425 58
19425 201
19425 219
19425 220
19425 262
19425 288
19425 395
19425 539
19425 594
19425 14
19425 61
19425 66
19425 148
19425 157
19425 199
19425 333
19425 413
19425 436
19425 19
19425 35
19425 494
19425 56
19425 181
19425 200
19425 207
19425 357
19425 442
19425 522
19425 10
19425 46
19425 190
19425 379
19425 430
19425 497
19425 538
19425 109
19425 533
19425 124
19425 193
19425 211
19425 362
19425 380
19425 440
19425 506
19425 583
19425 365
19425 393
19425 254
19425 67
19425 582
19425 315
19425 75
19425 138
19425 188
19425 215
19425 251
19425 343
19425 384
19425 445
19425 564
19425 27
19425 37
19425 102
19425 231
19425 312
19425 370
19425 474
19425 520
19425 20
19425 182
19425 232
19425 361
19425 388
19425 402
19425 447
19425 299
19425 397
19425 455
19425 256
19425 567
19425 570
19425 47
19425 375
19425 31
19425 57
19425 54
19425 70
19425 80
19425 557
19425 290
19425 52
19425 78
19425 243
19425 276
19425 490
19425 503
19425 542
19425 554
19425 576
19425 587
19425 289
19425 22
19425 71
19425 149
19425 180
19425 248
19425 295
19425 300
19425 350
19425 32
19425 97
19425 116
19425 307
19425 320
19425 332
19425 352
19425 372
19425 209
19425 485
19425 577
19425 592
19425 303
19425 437
19425 34
19425 317
19425 59
19425 327
19425 348
19425 489
19425 18
19425 82
19425 431
19425 492
19425 28
19425 187
19425 205
19425 247
19425 274
19425 387
19425 438
19425 476
19425 170
19425 224
19425 280
19425 302
19425 381
19425 382
19425 479
19425 79
19425 590
19425 171
19425 423
19425 162
19425 488
19425 461
19425 24
19425 131
19425 275
19425 322
19425 338
19425 465
19425 487
19425 565
19425 545
19425 44
19425 221
19425 277
19425 301
19425 371
19425 376
19425 429
19425 526
19425 547
19425 17
19425 99
19425 100
19425 155
19425 194
19425 283
19425 297
19425 351
19425 353
19425 416
19425 146
19425 250
19610 141
19610 169
19610 298
19610 142
19610 173
19610 258
19610 385
19610 405
19610 208
19610 223
19610 316
19610 346
19610 404
19444 59
19444 136
19444 163
19444 172
19444 220
19444 241
19444 297
19444 327
19444 399
19444 162
19444 350
19082 18
19082 26
19082 34
19082 46
19082 52
19082 8
19082 23
19082 28
19082 32
19082 6
19082 24
19082 33
19082 49
19082 0
19082 20
19082 29
19082 47
19082 11
19082 17
19082 42
19082 44
19082 48
19082 5
19082 13
19082 16
19082 31
19082 36
19547 46
19547 77
19547 121
19547 176
19547 230
19547 294
19547 4
19547 129
19547 184
19547 346
19547 361
19547 396
19547 437
19547 464
19547 471
19547 11
19547 13
19547 74
19547 106
19547 171
19547 183
19547 72
19547 75
19547 197
19547 351
19547 364
19547 73
19547 81
19547 93
19547 194
19547 321
19547 117
19547 168
19547 278
19547 291
19547 316
19547 20
19547 60
19547 174
19547 252
19547 315
19500 145
19500 162
19500 266
19500 294
19500 340
19500 343
19500 119
19500 320
19500 138
19500 223
19500 228
19500 66
19500 102
19500 106
19500 165
19500 187
19500 249
19500 250
19500 274
19500 292
19500 189
19500 256
19500 346
19500 108
19500 142
19500 153
19500 215
19500 243
19500 244
19500 267
19500 307
19500 324
19500 124
19500 201
19500 208
19500 252
19500 255
19500 296
19500 333
19500 355
19500 123
19500 129
19500 141
19500 240
19500 241
19500 273
19500 295
19500 315
19500 331
19500 100
19500 342
19500 155
19500 2
19500 6
19500 11
19500 16
19500 52
19500 67
19500 69
19500 26
19500 80
19500 98
19500 202
19500 214
19500 229
19500 279
19500 283
19500 149
19500 193
19500 308
19500 357
19500 150
19500 166
19500 190
19500 226
19500 237
19500 272
19500 284
19500 46
19500 59
19500 36
19500 55
19500 60
19500 75
19500 77
19500 82
19500 86
19500 90
19500 133
19500 328
19500 336
19500 112
19500 186
19500 318
19500 326
19500 351
19500 353
19500 323
19500 211
19500 213
19500 196
19500 200
19500 171
19500 204
19500 207
19500 232
19500 233
19500 264
19500 317
19500 103
19500 110
19500 147
19500 151
19500 238
19500 246
19500 258
19500 278
19500 350
19500 132
19500 210
19500 242
19500 270
19500 282
19500 297
19500 303
19518 7
19518 85
19518 106
19518 109
19518 185
19518 186
19518 200
19518 218
19518 240
19518 244
19518 2
19518 20
19518 25
19518 81
19518 138
19518 153
19518 221
19518 242
19518 92
19518 119
19518 137
19518 189
19518 196
19518 234
19518 0
19518 11
19518 64
19518 66
19518 70
19518 84
19518 125
19518 179
19518 249
19518 30
19518 78
19518 168
19518 171
19518 174
19518 178
19518 210
19518 56
19518 86
19518 245
19518 24
19518 93
19518 127
19518 152
19518 156
19518 160
19518 161
19518 165
19518 194
19518 18
19518 23
19518 33
19518 54
19518 76
19518 132
19518 177
19518 190
19518 5
19518 28
19518 69
19518 82
19518 184
19518 191
19518 223
19518 232
19518 44
19518 47
19518 50
19518 67
19518 87
19518 94
19518 118
19518 141
19518 6
19518 34
19518 91
19518 98
19518 112
19518 136
19518 144
19518 150
19518 155
19518 22
19518 53
19518 80
19518 146
19518 164
19518 230
19518 243
19518 257
19518 260
19518 26
19518 73
19518 83
19518 3
19518 15
19518 21
19518 72
19518 131
19518 180
19518 204
19518 211
19691 2
19691 12
19691 45
19691 78
19691 197
19691 231
19691 14
19691 43
19691 62
19691 138
19691 172
19691 90
19691 103
19691 168
19691 173
19691 196
19691 258
19691 280
19691 101
19691 207
19691 226
19691 235
19691 163
19691 186
19691 272
19691 274
19691 22
19691 28
19691 30
19691 65
19691 129
19691 149
19691 57
19691 95
19691 109
19691 158
19691 162
19691 170
19691 52
19691 54
19691 115
19691 193
19691 201
19691 249
19691 268
19691 156
19691 177
19691 15
19691 91
19691 145
19691 157
19691 182
19691 47
19691 84
19691 102
19691 164
19691 208
19691 6
19691 112
19691 135
19691 171
19691 199
19691 239
19691 240
19691 61
19691 107
19691 266
19691 275
19691 3
19691 46
19691 121
19691 180
19691 185
19691 271
19691 100
19691 128
19691 245
19691 255
19691 286
19691 287
19691 189
19691 241
19691 270
19691 281
19691 19
19691 73
19691 139
19691 228
19691 230
19691 252
19691 86
19691 122
19691 124
19691 148
19691 159
19691 282
19691 283
19691 284
19691 20
19691 38
19691 132
19691 212
19691 5
19691 60
19691 89
19691 155
19691 174
19691 203
19691 206
19691 11
19691 92
19691 150
19691 261
19691 98
19691 113
19691 140
19691 202
19691 26
19691 87
19691 108
19691 160
19691 214
19691 23
19691 94
19691 218
19691 222
19691 224
19691 0
19691 8
19691 76
19691 81
19691 114
19691 262
19691 16
19691 55
19691 71
19691 232
19691 253
19462 20
19462 35
19462 37
19462 57
19462 58
19462 63
19462 75
19477 32
19477 152
19477 4
19477 38
19477 65
19477 206
19477 243
19477 307
19477 320
19477 324
19477 2
19477 63
19477 76
19477 106
19477 116
19477 301
19477 374
19477 80
19477 151
19477 214
19477 401
19477 456
19477 483
19477 493
19477 526
19477 536
19477 547
19477 560
19477 565
19477 419
19477 6
19477 107
19477 425
19477 429
19477 23
19477 99
19477 128
19477 194
19477 284
19477 306
19477 406
19477 10
19477 155
19477 233
19477 281
19477 287
19477 342
19477 389
19477 409
19477 449
19477 495
19477 577
19477 397
19477 402
19477 46
19477 50
19477 121
19477 173
19477 318
19477 348
19477 349
19477 92
19477 133
19477 136
19477 148
19477 165
19477 168
19477 590
19477 81
19477 230
19477 330
19477 336
19477 369
19477 27
19477 66
19477 75
19477 97
19477 109
19477 196
19477 351
19477 70
19477 160
19477 185
19477 250
19477 258
19477 316
19477 319
19477 441
19477 463
19477 497
19477 517
19477 524
19477 527
19477 552
19477 564
19477 420
19477 433
19477 471
19477 504
19477 511
19477 556
19477 572
19477 71
19477 122
19477 150
19477 171
19477 198
19477 400
19477 491
19477 594
19477 9
19477 144
19477 225
19477 264
19477 266
19477 267
19477 371
19477 388
19477 404
19477 520
19477 432
19477 434
19477 451
19477 478
19477 515
19477 533
19477 143
19477 182
19477 140
19477 218
19477 256
19477 372
19477 40
19477 93
19477 119
19477 190
19477 242
19477 249
19477 293
19477 311
19477 111
19477 191
19477 239
19477 286
19477 446
19477 461
19477 470
19477 475
19477 479
19477 510
19477 534
19477 561
19477 58
19477 112
19477 118
19477 126
19477 257
19477 285
19477 356
19477 364
19477 368
19477 376
19477 16
19477 115
19477 412
19477 421
19477 424
19477 428
19477 455
19477 457
19477 490
19477 537
19477 19
19477 47
19477 77
19477 127
19477 156
19477 238
19477 244
19477 339
19477 363
19477 439
19477 466
19477 468
19477 484
19477 492
19477 542
19477 567
19477 595
19477 7
19477 18
19477 157
19477 170
19477 228
19477 241
19477 377
19477 88
19477 245
19477 251
19477 480
19477 516
19477 562
19477 1
19477 39
19477 72
19477 84
19477 158
19477 261
19477 329
19477 501
19477 541
19477 557
19477 20
19477 291
19477 332
19477 340
19477 361
19477 378
19477 396
19477 403
19477 436
19477 458
19477 473
19477 482
19477 528
19477 540
19477 549
19477 575
19477 86
19477 89
19477 113
19477 169
19477 208
19477 379
19477 399
19477 410
19477 28
19477 101
19477 333
19477 585
19477 592
19465 5
19465 7
19465 17
19465 23
19465 32
19465 34
19465 36
19465 53
19465 70
19465 107
19465 109
19465 124
19465 174
19465 222
19465 231
19465 245
19465 48
19465 116
19465 140
19465 157
19465 188
19465 189
19465 69
19465 83
19465 87
19465 144
19465 150
19465 166
19465 184
19465 209
19465 72
19465 81
19465 104
19465 167
19465 192
19465 201
19465 206
19465 227
19465 4
19465 6
19465 9
19465 16
19465 18
19465 19
19465 24
19465 35
19465 45
19465 60
19465 134
19465 152
19465 195
19465 200
19465 208
19465 77
19465 80
19465 106
19465 151
19465 164
19465 171
19465 179
19465 185
19465 57
19465 85
19465 132
19465 155
19465 177
19465 182
19465 194
19465 199
19465 40
19465 44
19465 74
19465 84
19465 89
19465 91
19465 130
19465 186
19465 193
19465 223
19465 226
19465 233
19465 8
19465 43
19465 46
19465 62
19465 66
19465 93
19465 94
19465 98
19465 153
19465 239
19465 64
19465 76
19465 146
19465 161
19465 176
19465 198
19465 219
19465 68
19465 79
19465 82
19465 127
19465 148
19465 165
19465 180
19465 216
19465 220
19465 229
19465 61
19465 138
19465 215
19465 56
19465 90
19465 108
19465 131
19465 141
19465 207
19465 225
19465 234
19465 71
19465 135
19465 136
19465 147
19465 246
19465 50
19465 236
19465 101
19465 105
19465 122
19465 139
19465 187
19465 197
19465 211
19465 212
19465 78
19465 86
19465 92
19465 96
19465 112
19465 191
19465 217
19465 232
19465 133
19465 205
19465 97
19465 1
19465 11
19465 13
19465 25
19465 31
19465 37
19465 42
19465 238
19465 47
19465 51
19465 52
19465 59
19465 65
19465 102
19465 181
19465 190
19465 0
19465 20
19465 39
19012 76
19012 91
19012 96
19012 107
19012 108
19012 93
19012 111
19012 70
19012 5
19012 14
19012 36
19012 47
19012 60
19012 64
19012 84
19012 86
19012 94
19012 106
19012 16
19012 19
19012 35
19012 43
19012 49
19012 29
19012 51
19012 65
19012 66
19012 4
19012 8
19012 24
19012 34
19012 44
19012 102
19012 103
19012 104
19012 105
19012 109
19012 6
19012 27
19012 32
19012 45
19012 53
19012 92
19012 100
19012 101
19012 110
19012 7
19012 39
19012 67
19012 1
19012 28
19012 37
19012 42
19012 57
19012 21
19012 30
19012 38
19012 52
19012 73
19685 26
19685 65
19685 73
19685 92
18979 3
18979 56
18979 64
18979 95
18979 34
18979 36
18979 94
18979 139
18979 42
18979 78
18979 86
18979 90
18979 45
18979 50
18979 70
18979 79
18979 2
18979 7
18979 60
18979 112
18979 129
18979 0
18979 28
18979 77
18979 96
18979 6
18979 30
18979 58
18979 67
18979 133
18979 8
18979 72
18979 128
18979 136
18979 145
18979 80
18979 10
18979 68
18979 87
18979 123
18979 132
18979 97
18979 118
18979 124
18979 138
18979 33
18979 51
18979 84
18979 92
18979 125
18979 1
18979 14
18979 81
18979 101
18979 17
18979 44
18979 59
18979 69
18979 110
18979 13
18979 40
18979 66
18979 89
18979 108
18979 120
18979 102
18979 130
18979 143
18979 146
18979 147
18979 148
18979 21
18979 49
18979 121
18979 137
18979 11
18979 141
18979 22
18979 62
18979 111
18979 117
19012 78
19012 81
19012 85
19012 90
19012 99
19530 17
19530 34
19530 81
19530 99
19530 31
19530 41
19530 56
19530 106
19530 2
19530 40
19530 50
19530 69
19530 91
19530 3
19530 11
19530 71
19530 97
19530 96
19530 103
19530 114
19530 8
19530 12
19530 14
19530 42
19530 54
19530 78
19530 36
19530 45
19530 63
19530 64
19530 73
19530 90
19530 16
19530 26
19530 27
19530 32
19530 60
19530 66
19530 93
19530 43
19530 55
19530 68
19530 70
19530 75
19530 79
19530 5
19530 80
19530 105
19530 113
19530 115
19530 15
19530 21
19530 22
19530 49
19530 110
19530 1
19530 39
19530 46
19530 74
19530 85
19530 0
19530 67
19530 95
19530 102
19530 112
19530 116
19530 4
19530 37
19530 52
19530 61
19530 62
19530 82
19530 6
19530 28
19530 30
19530 48
19530 59
19530 72
19513 84
19513 118
19513 119
19513 208
19513 244
19513 273
19513 286
19513 192
19513 194
19513 207
19513 260
19513 275
19513 296
19513 312
19513 327
19513 76
19513 116
19513 141
19513 168
19513 177
19513 183
19513 264
19513 315
19513 316
19513 404
19471 4
19471 56
19471 57
19471 79
19471 93
19471 98
19471 117
19471 121
19471 124
19471 204
19471 247
19471 262
19471 292
19471 303
19471 304
19471 332
19471 346
19471 366
19471 3
19471 20
19471 22
19471 32
19471 47
19471 50
19471 63
19471 112
19471 233
19471 245
19471 261
19471 271
19471 276
19471 300
19471 353
19471 193
19471 196
19471 280
19471 281
19471 283
19471 286
19471 325
19471 335
19471 367
19471 25
19471 27
19471 70
19471 113
19471 136
19471 146
19471 156
19471 162
19471 192
19471 207
19471 259
19471 290
19471 348
19471 351
19471 214
19471 227
19471 237
19471 293
19471 294
19471 324
19471 354
19471 375
19471 195
19471 202
19471 334
19471 355
19471 119
19471 173
19471 185
19471 358
19471 194
19471 221
19471 257
19471 267
19471 275
19471 277
19471 357
19471 211
19471 236
19471 251
19471 289
19471 298
19471 326
19471 333
19471 342
19471 177
19471 179
19471 187
19471 213
19471 219
19471 226
19471 274
19471 301
19471 317
19471 318
19471 323
19471 370
19471 190
19471 210
19471 239
19471 253
19471 272
19471 310
19471 336
19471 372
19471 288
19471 373
19471 45
19471 84
19471 198
19471 212
19471 218
19471 220
19471 266
19471 299
19471 352
19471 369
19471 11
19471 15
19471 17
19471 21
19471 29
19471 87
19471 107
19471 130
19471 201
19471 209
19471 216
19471 231
19471 255
19471 273
19471 284
19471 362
19471 9
19471 16
19471 35
19471 37
19471 40
19471 68
19471 159
19471 169
19471 191
19471 223
19471 224
19471 249
19471 278
19471 291
19471 307
19471 315
19471 371
19471 14
19471 30
19471 41
19471 72
19471 105
19471 128
19471 133
19471 138
19471 368
19471 12
19471 36
19471 34
19471 54
19471 62
19471 64
19471 74
19471 102
19471 110
19471 161
19619 7
19619 9
19619 13
19619 31
19619 51
19619 54
19619 29
19619 40
19619 65
19619 6
19619 14
19619 15
19619 47
19619 58
19619 1
19619 8
19619 11
19619 12
19619 33
19619 37
19619 38
19619 46
19619 48
19619 50
19619 73
19585 163
19585 178
19585 183
19585 184
19585 187
19585 7
19585 9
19585 36
19585 90
19585 127
19585 128
19585 137
19585 149
19585 150
19585 160
19585 173
19585 140
19585 142
19585 161
19585 162
19585 177
19585 181
19585 38
19585 40
19585 61
19585 75
19585 76
19585 85
19585 138
19585 139
19585 147
19585 153
19585 164
19585 182
19585 141
19585 144
19585 145
19585 154
19585 186
19585 185
19585 152
19585 166
19585 192
19585 73
19585 122
19585 123
19585 4
19585 47
19585 49
19585 129
19585 29
19585 63
19585 64
19585 97
19585 109
19585 190
19585 11
19585 18
19585 19
19585 32
19585 44
19585 117
19585 121
19585 131
19585 2
19585 60
19585 103
19585 115
19585 17
19585 43
19585 45
19585 87
19585 88
19585 95
19718 177
19718 262
19718 312
19718 323
19718 351
19718 459
19718 23
19718 38
19718 214
19718 310
19718 315
19718 62
19718 89
19718 331
19718 516
19718 70
19718 169
19718 239
19718 259
19718 360
19718 361
19718 427
19718 318
19718 372
19718 495
19718 511
19718 374
19718 452
19718 542
19718 76
19718 246
19718 284
19718 329
19718 518
19718 164
19718 396
19718 540
19718 565
19718 22
19718 37
19718 183
19718 194
19718 280
19718 350
19718 35
19718 68
19718 131
19718 150
19718 155
19718 174
19718 404
19718 130
19718 133
19718 227
19718 333
19718 450
19718 488
19718 93
19718 137
19718 250
19718 379
19718 553
19548 7
19548 44
19548 113
19548 224
19548 233
19548 251
19548 293
19548 299
19548 311
19548 334
19548 42
19548 108
19548 149
19548 182
19548 206
19548 3
19548 27
19548 43
19548 76
19548 158
19548 170
19548 84
19548 99
19548 109
19548 148
19548 156
19548 174
19548 204
19548 211
19548 35
19548 51
19548 83
19548 123
19548 124
19548 164
19548 0
19548 18
19548 102
19548 112
19548 139
19548 363
19548 368
19548 57
19548 86
19548 95
19548 129
19548 152
19548 165
19548 252
19548 255
19548 273
19548 286
19548 310
19548 17
19548 67
19548 80
19548 94
19548 119
19548 294
19548 367
19548 370
19548 221
19548 280
19548 304
19548 313
19548 317
19548 359
19548 24
19548 88
19548 125
19548 134
19548 157
19548 162
19548 173
19548 14
19548 71
19548 117
19548 132
19548 240
19548 297
19548 350
19548 371
19548 29
19548 48
19548 60
19548 62
19548 82
19548 93
19548 130
19548 259
19548 269
19548 327
19548 341
19548 355
19548 4
19548 58
19548 91
19548 92
19548 277
19548 298
19548 307
19548 314
19548 324
19548 272
19548 284
19548 335
19548 339
19548 19
19548 193
19548 207
19548 208
19548 30
19548 59
19548 105
19548 122
19548 146
19548 103
19548 120
19548 186
19548 200
19548 11
19548 50
19548 131
19548 176
19548 185
19548 20
19548 85
19548 98
19548 107
19548 161
19548 181
19548 101
19548 183
19548 187
19548 188
19548 5
19548 22
19548 144
19548 154
19548 179
19570 13
19570 20
19570 34
19570 71
19570 108
19570 68
19570 72
19570 75
19570 78
19570 97
19570 15
19570 18
19570 98
19570 27
19570 61
19570 115
19570 0
19570 25
19570 64
19570 66
19570 87
19570 33
19570 69
19570 120
19570 125
19570 119
19570 126
19570 6
19570 16
19570 49
19570 60
19570 73
19570 21
19570 48
19570 84
19570 112
19570 1
19570 22
19570 51
19570 56
19570 107
19570 24
19570 31
19570 47
19570 88
19570 10
19570 53
19570 57
19570 102
19570 121
19570 23
19570 29
19570 50
19570 58
19570 14
19570 70
19570 74
19570 77
19570 100
19570 3
19570 38
19570 111
19570 129
19570 116
19570 128
19570 30
19570 44
19570 106
19570 12
19570 55
19570 101
19570 110
19570 52
19570 62
19570 85
19570 46
19570 80
19570 86
19570 92
19570 117
19570 130
19570 26
19570 36
19570 65
19570 94
19570 2
19570 28
19570 32
19570 37
19570 96
19570 5
19570 35
19570 59
19570 9
19570 17
19570 41
19570 42
19570 40
19570 67
19570 89
19570 104
19570 39
19570 54
19570 127
19570 90
19570 103
19570 105
19570 4
19570 43
19570 81
19570 93
19570 63
19570 76
19570 79
19570 83
19570 95
19570 45
19570 109
19570 118
19570 123
19503 468
19503 475
19503 502
19503 518
19503 564
19503 575
19503 592
19503 619
19503 38
19503 52
19503 53
19503 148
19503 217
19503 275
19503 334
19503 404
19503 452
19503 539
19503 553
19503 576
19503 583
19503 613
19503 87
19503 118
19503 120
19503 225
19503 270
19503 273
19503 293
19503 328
19503 349
18965 2
18965 16
18965 27
18965 34
18965 68
18965 121
19681 3
19681 33
19681 50
19681 52
19681 93
19681 104
19681 31
19681 48
19681 53
19681 80
19681 10
19681 35
19681 36
19681 47
19681 76
19681 82
19681 12
19681 39
19681 91
19681 84
19681 103
19681 106
19681 0
19681 38
19681 43
19681 63
19681 78
19681 79
19681 4
19681 49
19681 58
19681 96
19681 34
19681 54
19681 95
19681 98
19681 42
19681 89
19681 101
19681 22
19681 59
19681 64
19681 71
19681 81
19681 86
19681 9
19681 60
19681 88
19681 99
19681 102
19681 1
19681 2
19681 14
19681 61
19681 6
19681 8
19681 13
19681 19
19681 57
19681 77
19681 97
19713 176
19713 240
19713 248
19713 253
19713 264
19713 330
19713 21
19713 28
19713 82
19713 95
19713 107
19713 130
19713 194
19713 245
19713 320
19713 340
19428 38
19428 86
19428 151
19428 168
19428 180
19428 222
19603 40
19603 51
19603 68
19603 109
19603 147
19603 44
19603 108
19603 139
19603 169
19603 41
19603 46
19603 90
19603 219
19603 53
19603 196
19603 204
19603 6
19603 18
19603 26
19603 117
19603 130
19603 158
19603 31
19603 39
19603 48
19603 92
19603 129
19603 162
19603 4
19603 99
19603 103
19603 110
19603 185
19603 32
19603 52
19603 76
19603 83
19603 93
19603 153
19603 8
19603 98
19603 186
19603 194
19603 124
19603 150
19603 178
19603 201
19603 126
19603 190
19603 193
19603 206
19603 27
19603 67
19603 180
19603 188
19603 213
19603 15
19603 20
19603 104
19603 111
19603 133
19603 207
19603 72
19603 89
19603 106
19603 131
19603 138
19603 156
19603 2
19603 12
19603 25
19603 86
19603 168
19603 197
19603 30
19603 50
19603 87
19603 96
19603 119
19603 16
19603 28
19603 35
19603 107
19603 114
19603 56
19603 181
19603 208
19603 216
19603 69
19603 71
19603 141
19603 212
19603 218
19603 80
19603 175
19603 176
19603 211
19603 65
19603 88
19603 127
19603 157
19603 179
19603 37
19603 84
19603 100
19603 137
19603 0
19603 73
19603 82
19603 165
19603 189
19603 3
19603 5
19603 122
19603 123
19603 23
19603 58
19603 198
19603 214
19603 13
19603 66
19603 121
19603 128
19603 136
19603 160
19603 200
19603 19
19603 47
19603 91
19603 149
19603 171
19603 174
19603 24
19603 29
19603 33
19603 79
19603 95
19603 142
19482 80
19482 108
19696 3
19696 27
19696 34
19696 63
19696 92
19696 150
19696 155
19696 18
19696 31
19696 39
19696 48
19696 121
19696 137
19696 38
19696 49
19696 54
19696 79
19696 149
19434 13
19434 30
19434 44
19434 81
19434 98
19434 101
19434 114
19434 134
19434 137
19434 292
19434 500
19434 178
19434 180
19434 157
19434 282
19434 297
19434 305
19434 376
19434 380
19434 457
19434 497
19434 526
19434 167
19434 188
19434 211
19434 270
19434 293
19434 302
19434 310
19434 332
19434 423
19434 78
19434 85
19434 103
19434 316
19434 204
19434 217
19434 229
19434 236
19434 276
19434 351
19434 362
19434 379
19434 280
19434 329
19587 39
19587 90
19587 93
19587 117
19587 32
19587 76
19587 118
19587 123
19587 0
19587 17
19587 27
19587 55
19587 62
19587 88
19587 34
19587 52
19587 110
19587 112
19587 37
19587 42
19587 46
19587 56
19587 85
19587 89
19587 11
19587 33
19587 54
19587 94
19587 101
19587 2
19587 30
19587 115
19587 9
19587 41
19587 53
19587 75
19587 106
19587 21
19587 63
19587 109
19587 122
19587 1
19587 58
19587 107
19587 119
19587 4
19587 5
19587 43
19587 65
19587 66
19587 80
19587 22
19587 24
19587 50
19587 67
19587 97
19587 71
19587 72
19587 74
19587 77
19587 96
19587 104
19587 19
19587 111
19587 116
19587 14
19587 16
19587 61
19587 82
19587 84
19587 6
19587 12
19587 25
19587 26
19587 98
19587 105
19587 35
19587 64
19587 79
19587 86
19587 59
19587 114
19587 124
19587 18
19587 20
19587 31
19587 47
19587 69
19587 91
19587 10
19587 92
19587 108
19587 113
19587 121
19587 3
19587 8
19587 45
19587 51
19587 87
19587 102
19587 7
19587 44
19587 48
19587 68
19587 100
19489 116
19489 125
19489 135
19612 11
19612 13
19612 17
19612 26
19612 34
19612 54
19612 53
19612 72
19612 81
19612 83
19612 0
19612 18
19612 19
19612 42
19612 46
19612 86
19612 12
19612 59
19612 64
19612 69
19612 27
19612 29
19612 57
19612 79
19612 40
19612 45
19612 76
19612 84
19612 85
19612 1
19612 4
19612 20
19612 30
19612 36
19612 37
19612 2
19612 6
19612 21
19612 24
19612 41
19612 62
19612 22
19612 23
19612 55
19612 60
19612 63
19612 68
19612 3
19612 14
19612 43
19612 15
19612 16
19612 71
19612 75
19509 124
19509 134
19509 172
19589 11
19589 18
19589 33
19589 48
19589 67
19589 68
19589 7
19589 57
19589 71
19589 77
19589 3
19589 23
19589 41
19589 58
19589 66
19589 10
19589 22
19589 34
19589 45
19589 75
19589 49
19589 120
19589 127
19589 61
19589 113
19589 119
19589 123
19589 132
19589 21
19589 30
19589 32
19589 36
19589 64
19589 74
19589 2
19589 17
19589 20
19589 39
19589 108
19589 109
19589 47
19589 53
19589 59
19589 84
19589 99
19589 115
19589 116
19589 6
19589 9
19589 42
19589 44
19589 72
19589 85
19589 43
19589 52
19589 55
19589 73
19589 95
19589 60
19589 114
19589 121
19589 125
19589 126
19589 133
18991 27
18991 30
18991 26
18991 2
18991 15
18991 16
18991 19
18991 20
18991 29
18991 3
18991 7
18991 8
18991 23
18991 1
18991 5
18991 17
18991 21
18991 22
18991 6
18991 10
18991 11
18991 13
19725 178
19725 290
19725 303
19725 67
19725 80
19725 222
19725 5
19725 38
19725 72
19725 89
19725 112
19725 148
19725 229
19725 287
19725 288
19725 21
19725 78
19725 103
19725 115
19725 180
19725 241
19725 257
19725 23
19725 279
19725 280
19725 309
19725 312
19725 317
19725 12
19725 144
19725 273
19725 17
19725 92
19725 168
19725 13
19725 15
19725 55
19725 59
19725 157
19725 194
19725 113
19725 188
19725 195
19725 87
19725 106
19725 256
19725 282
19725 6
19725 68
19725 81
19725 98
19725 215
19725 44
19725 124
19725 133
19725 137
19725 197
19725 220
19725 123
19725 269
19725 285
19725 314
19725 51
19725 245
19725 289
19725 30
19725 145
19725 146
19725 193
19725 19
19725 29
19725 64
19725 74
19725 159
19725 201
19725 211
19725 121
19725 172
19725 240
19725 252
19725 20
19725 161
19725 228
19725 266
19725 233
19725 267
19725 305
19725 128
19725 134
19725 153
19725 163
19725 166
19725 239
19725 8
19725 56
19725 101
19725 142
19725 248
19725 313
19725 306
19725 315
19725 9
19725 225
19725 293
19725 311
19725 322
19725 323
19725 325
19725 330
19725 332
19725 336
19725 341
19725 66
19725 83
19725 292
19725 310
19725 277
19725 283
19725 294
19725 302
19725 7
19725 47
19725 184
19725 246
19725 263
19725 206
19725 297
19725 316
19725 111
19725 136
19725 158
19725 179
19725 191
19725 261
19725 319
19725 324
19725 333
19725 334
19725 337
19725 339
19725 318
19725 320
19725 327
19725 328
19725 345
19725 351
19725 42
19725 84
19725 132
19725 190
19725 202
19725 251
19725 45
19725 86
19725 120
19725 130
19725 131
19725 209
19725 57
19725 75
19725 108
19725 189
19725 210
19725 238
19725 286
19725 54
19725 236
19725 291
19725 34
19725 85
19725 118
19725 169
19725 174
19725 217
19725 268
19725 60
19725 143
19725 171
19725 243
19725 258
19725 16
19725 18
19725 37
19725 41
19725 107
19725 218
19725 235
19751 16
19751 31
19751 186
19751 377
19751 12
19751 195
19751 262
19751 352
19751 404
19751 152
19751 114
19751 128
19751 206
19751 245
19751 304
19751 311
19751 388
19751 428
19751 440
19751 39
19751 79
19751 120
19751 131
19751 185
19751 118
19751 224
19751 312
19751 375
19751 88
19751 93
19751 203
19751 273
19751 307
19751 112
19751 149
19751 366
19751 406
19751 435
19751 396
19751 86
19751 158
19751 171
19751 288
19751 379
19751 99
19751 100
19751 212
19751 308
19751 372
19751 32
19751 62
19751 153
19751 255
19751 63
19751 74
19751 82
19751 270
19751 54
19751 115
19751 303
19751 329
19751 353
19751 284
19751 370
19751 121
19751 259
19751 165
19751 181
19751 235
19751 264
19751 50
19751 101
19751 174
19751 344
19751 13
19751 187
19751 299
19751 397
19751 110
19751 234
19751 280
19751 368
19751 126
19751 175
19751 231
19751 334
19751 426
19751 55
19751 97
19751 116
19751 169
19751 65
19751 75
19751 85
19751 220
19751 324
19751 15
19751 156
19751 201
19751 350
19751 23
19751 91
19751 216
19751 285
19751 293
19751 157
19751 319
19751 371
19751 389
19751 11
19751 52
19751 290
19751 316
19751 360
19751 37
19751 48
19751 107
19751 282
19751 109
19751 124
19751 155
19751 213
19751 22
19751 29
19751 173
19751 356
19751 19
19751 104
19751 258
19751 369
19751 415
19751 72
19751 247
19751 297
19751 321
19751 328
19751 198
19751 267
19751 305
19751 306
19751 325
19751 123
19751 363
19751 383
19751 390
19751 405
19751 56
19751 287
19751 294
19751 418
19751 407
19751 87
19751 90
19751 302
19751 378
19751 411
19751 431
19751 168
19751 208
19751 263
19751 339
19751 365
19751 146
19751 227
19751 381
19751 402
19751 163
19751 313
19751 43
19751 122
19751 170
19751 217
19751 309
19751 438
19751 20
19751 276
19751 289
19751 301
19751 354
19731 32
19731 147
19731 280
19731 299
19731 308
19731 323
19731 401
19731 153
19731 183
19731 494
19731 306
19731 335
19731 533
19731 543
19731 173
19731 234
19731 244
19731 305
19731 317
19731 459
19731 4
19731 159
19731 350
19731 495
19483 12
19483 23
19483 38
19483 3
19483 6
19483 7
19483 8
19483 25
19483 39
19483 0
19483 9
19483 14
19483 21
19483 31
19483 40
19483 41
19483 48
19483 52
19489 4
19489 16
19489 24
19489 35
19489 36
19489 55
19489 73
19489 83
19021 57
19021 163
19021 186
19021 189
19021 202
19021 350
19021 431
19021 537
19021 554
19021 561
19021 400
19021 449
19021 471
19021 478
19021 519
19021 534
19021 406
19021 412
19021 462
19021 494
19021 78
19021 82
19021 84
19021 262
19021 333
19021 413
19021 491
19021 577
19021 581
19021 352
19021 463
19021 481
19021 497
19021 587
19021 390
19021 429
19021 445
19021 542
19021 337
19021 480
19021 603
19021 374
19021 401
19021 409
19021 428
19021 456
19021 580
19021 343
19021 367
19021 526
19021 529
19021 558
19021 316
19021 47
19021 54
19021 194
19021 207
19021 294
19021 161
19021 283
19021 312
19021 10
19021 18
19021 60
19021 239
19021 266
19021 329
19021 382
19021 492
19021 495
19021 539
19021 7
19021 62
19021 99
19021 125
19021 171
19021 245
19021 605
19021 606
19021 301
19021 317
19021 111
19021 213
19021 258
19021 277
19021 359
19021 377
19021 424
19021 436
19021 470
19021 564
19021 469
19021 486
19021 514
19021 533
19021 162
19021 201
19021 242
19021 307
19021 379
19021 384
19021 507
19021 516
19021 574
19021 579
19021 586
19021 8
19021 46
19021 86
19021 130
19021 167
19021 297
19021 40
19021 331
19021 356
19021 363
19021 450
19021 515
19021 421
19021 422
19021 511
19021 573
19021 432
19021 472
19021 536
19021 552
19021 557
19021 150
19021 174
19021 190
19021 198
19021 208
19021 92
19021 104
19021 211
19021 224
19021 302
19021 43
19021 154
19021 192
19021 264
19021 287
19021 322
19021 341
19021 604
19021 24
19021 33
19021 185
19021 205
19021 0
19021 4
19021 69
19021 143
19021 259
19021 276
19021 32
19021 176
19021 178
19021 197
19021 199
19021 336
19021 388
19021 392
19021 451
19021 457
19021 575
19021 35
19021 120
19021 131
19021 175
19021 250
19021 5
19021 37
19021 105
19021 156
19021 235
19021 357
19021 378
19021 386
19021 464
19021 466
19021 53
19021 55
19021 113
19021 160
19021 279
19021 41
19021 127
19021 140
19021 155
19021 260
19495 0
19495 16
19495 41
19495 67
19495 68
19495 69
19495 131
19495 191
19722 272
19722 290
19722 393
19722 431
19722 466
19722 40
19722 165
19722 167
19722 260
19722 298
19722 498
19722 25
19722 39
19722 56
19722 267
19722 278
19722 42
19722 101
19722 119
19722 140
19722 347
19722 457
19722 152
19722 158
19722 255
19722 303
19722 391
19536 20
19536 34
19536 37
19536 54
19536 71
19536 80
19536 18
19536 29
19536 49
19536 51
19536 55
19536 61
19536 33
19536 35
19536 43
19536 88
19536 32
19536 46
19536 75
19536 77
19536 79
19536 14
19536 16
19536 57
19536 64
19536 68
19536 59
19536 74
19536 82
19536 83
19536 26
19536 27
19536 38
19536 45
19536 50
19536 58
19667 37
19667 39
19667 41
19667 0
19667 8
19667 11
19667 24
19667 43
19667 42
19667 45
19667 1
19667 3
19667 20
19667 22
19667 27
19667 40
19592 106
19592 183
19592 223
19592 251
19592 39
19592 62
19592 145
19592 209
19592 232
19490 120
19490 204
19490 1
19490 8
19490 35
19490 42
19490 91
19490 104
19490 161
19490 18
19490 23
19490 54
19490 69
19490 72
19490 135
19490 175
19490 159
19490 189
19490 207
19490 26
19490 55
19490 71
19490 79
19490 98
19490 149
19490 150
19490 193
19490 205
19490 49
19490 59
19490 65
19490 76
19490 100
19490 167
19490 183
19490 190
19490 6
19490 45
19490 53
19490 64
19490 101
19490 111
19490 113
19490 146
19490 123
19490 0
19490 13
19490 40
19490 3
19490 157
19490 182
19490 214
19490 221
19490 5
19490 70
19490 81
19490 94
19490 97
19490 131
19490 137
19490 165
19490 156
19490 203
19490 30
19490 210
19490 211
19490 7
19490 34
19490 57
19490 67
19490 68
19490 82
19490 102
19490 134
19490 178
19490 29
19490 114
19490 127
19490 158
19490 163
19490 170
19490 174
19490 192
19490 12
19490 19
19490 51
19490 84
19490 93
19490 132
19490 142
19490 151
19490 4
19490 46
19490 75
19490 108
19490 126
19490 140
19490 164
19490 173
19623 99
19623 106
19623 116
19623 126
19623 4
19623 89
19623 44
19623 64
19623 98
19623 118
19623 3
19623 61
19623 101
19623 104
19623 6
19623 7
19623 47
19623 49
19623 107
19623 112
19623 12
19623 66
19623 87
19623 91
19623 93
19623 19
19623 96
19623 111
19623 121
19623 1
19623 46
19623 48
19623 72
19623 86
19623 114
19623 26
19623 41
19623 57
19623 60
19623 92
19623 9
19623 52
19623 70
19623 74
19623 90
19623 14
19623 33
19623 67
19623 88
19623 95
19623 10
19623 38
19623 43
19623 56
19623 68
19623 8
19623 21
19623 54
19623 110
19623 123
19526 139
19526 0
19526 7
19526 92
19526 116
19526 122
19526 101
19526 1
19526 4
19526 125
19526 150
19526 153
19526 28
19526 36
19526 58
19526 114
19434 251
19434 339
19434 345
19434 377
19434 396
19434 422
19434 477
19434 20
19434 43
19434 55
19434 65
19434 90
19434 94
19434 108
19434 124
19434 522
19434 160
19434 166
19434 249
19434 269
19434 390
19434 453
19434 480
19434 502
19434 504
19434 235
19434 260
19434 338
19434 349
19434 481
19434 489
19434 498
19434 208
19434 226
19434 266
19434 360
19434 418
19434 435
19434 447
19434 470
19434 521
19434 528
19434 532
19434 53
19434 109
19434 123
19434 73
19434 91
19434 100
19434 119
19434 17
19434 29
19434 36
19434 61
19434 66
19434 105
19434 112
19434 117
19434 1
19434 12
19434 14
19434 26
19434 35
19434 40
19434 75
19434 139
19434 144
19434 206
19434 273
19434 132
19434 149
19434 207
19434 301
19434 326
19434 341
19434 369
19434 427
19434 507
19434 151
19434 243
19434 300
19434 324
19434 381
19434 415
19434 456
19434 476
19434 499
19434 514
19434 199
19434 225
19434 228
19434 268
19434 278
19434 433
19434 468
19434 483
19434 146
19434 277
19434 314
19434 322
19434 348
19434 412
19434 430
19434 441
19434 485
19434 486
19434 182
19434 191
19434 267
19434 290
19434 359
19434 375
19434 384
19434 466
19434 517
19434 538
19434 156
19434 230
19434 334
19434 391
19434 454
19434 127
19434 140
19434 184
19434 264
19434 303
19434 343
19434 350
19434 394
19434 417
19434 438
19434 442
19434 5
19434 10
19434 38
19434 60
19434 74
19434 88
19434 102
19434 106
19434 238
19434 49
19434 56
19434 58
19434 79
19434 80
19434 83
19434 136
19434 364
19434 366
19434 491
19434 220
19434 253
19434 281
19434 309
19434 356
19434 372
19434 387
19434 71
19434 129
19434 304
19434 357
19434 389
19434 392
19434 439
19434 440
19434 443
19434 248
19434 287
19434 342
19434 171
19434 190
19434 223
19434 254
19434 279
19434 378
19434 401
19434 524
19434 8
19434 34
19434 57
19434 62
19434 86
19434 87
19434 89
19434 104
19434 130
19434 201
19434 272
19434 306
19434 363
19434 493
19434 509
19434 512
19434 263
19434 203
19434 413
19434 143
19434 163
19434 241
19434 256
19434 367
19434 398
19434 431
19434 460
19434 179
19434 205
19434 212
19434 312
19434 383
19434 437
19434 482
19434 18
19434 59
19434 69
19434 70
19434 77
19434 95
19434 96
19434 288
19434 475
19434 0
19434 2
19434 4
19434 21
19434 28
19434 42
19434 72
19434 76
19434 125
19434 148
19434 181
19434 233
19434 333
19434 373
19434 426
19434 9
19434 11
19434 92
19434 107
19434 120
19434 138
19434 141
19434 142
19521 546
19521 647
19521 752
19521 755
19521 638
19521 643
19521 687
19521 710
19521 763
19521 492
19521 571
19521 627
19521 634
19521 734
19521 68
19521 73
19521 126
19521 177
19521 241
19521 343
19521 359
19521 20
19521 75
19521 109
19521 125
19521 147
19521 494
19521 513
19521 567
19521 615
19521 650
19521 610
19521 677
19521 727
19521 802
19521 806
19521 61
19521 151
19521 182
19521 203
19521 230
19521 496
19521 520
19521 616
19521 653
19521 669
19521 24
19521 298
19521 360
19521 391
19521 410
19521 208
19521 340
19521 401
19521 436
19521 517
19521 555
19521 620
19521 661
19521 717
19521 104
19521 194
19521 232
19521 255
19521 280
19521 337
19554 0
19554 1
19554 3
19554 5
19554 6
19554 9
19554 14
19705 6
19705 7
19705 51
19705 65
19705 79
19705 84
19661 129
19661 156
19661 201
19661 19
19661 37
19661 103
19661 137
19661 138
19661 170
19661 191
19531 20
19531 24
19531 36
19531 41
19531 55
19531 15
19531 16
19531 27
19531 44
19531 46
19531 9
19531 10
19531 11
19531 18
19531 42
19531 47
19531 13
19531 17
19531 19
19531 31
19531 34
19531 45
19531 22
19531 40
19531 54
19531 56
19531 59
19552 127
19552 245
19552 347
19552 461
19552 527
19552 111
19552 252
19552 291
19552 303
19552 396
19552 157
19552 162
19552 190
19552 210
19552 351
19552 375
19552 3
19552 9
19552 11
19552 39
19552 43
19552 12
19552 13
19552 54
19601 95
19601 111
19601 186
19601 228
19601 268
19601 78
19601 253
19601 291
19601 319
19601 334
19601 169
19601 211
19601 280
19601 352
19601 356
19601 88
19601 96
19601 144
19601 170
19601 229
19601 322
19601 14
19601 45
19601 54
19601 59
19601 98
19601 105
19601 124
19601 127
19601 63
19601 116
19601 358
19601 297
19601 343
19601 359
19601 367
19601 185
19601 324
19601 337
19601 349
19601 12
19601 31
19601 33
19601 55
19601 57
19601 70
19601 75
19601 148
19601 162
19601 181
19601 187
19601 68
19601 93
19601 256
19601 327
19601 129
19601 190
19601 252
19601 357
19601 4
19601 11
19601 16
19601 20
19601 22
19601 25
19601 176
19601 202
19601 259
19601 281
19601 313
19601 9
19601 13
19601 17
19601 37
19601 39
19601 40
19601 83
19601 86
19601 136
19601 189
19601 216
19601 225
19601 295
19601 101
19601 109
19601 147
19601 166
19601 178
19601 135
19601 206
19601 246
19601 247
19601 350
19601 194
19601 195
19601 224
19601 245
19601 306
19601 310
19601 180
19601 362
19601 366
19601 64
19601 120
19601 123
19601 130
19601 210
19601 277
19601 301
19601 84
19601 90
19601 173
19601 311
19601 335
19601 347
19601 363
19601 368
19601 371
19601 138
19601 153
19601 215
19601 226
19601 236
19601 272
19601 74
19601 92
19601 110
19601 312
19601 330
19601 339
19601 50
19601 52
19601 53
19601 56
19601 60
19601 76
19601 133
19601 273
19601 292
19601 351
19601 361
19601 89
19601 177
19601 251
19601 284
19601 321
19601 100
19601 145
19601 191
19601 241
19601 242
19601 289
19601 374
19601 375
19601 380
19601 382
19601 113
19601 219
19601 261
19601 264
19601 302
19601 323
19601 383
19601 67
19601 73
19601 112
19601 156
19601 258
19601 168
19601 179
19601 212
19601 329
19601 114
19601 117
19601 214
19601 267
19601 318
19500 291
19500 39
19500 53
19500 83
19482 105
19482 179
19482 239
19482 256
19482 261
19482 10
19482 25
19482 35
19482 61
19482 133
19482 190
19482 203
19482 31
19482 215
19482 242
19482 6
19482 15
19482 84
19482 85
19482 123
19482 127
19482 153
19482 162
19482 219
19482 19
19482 96
19482 167
19482 186
19482 188
19482 248
19482 27
19482 70
19482 138
19482 174
19482 180
19482 211
19482 235
19482 249
19482 33
19482 104
19482 227
19482 23
19482 41
19482 42
19482 49
19482 87
19482 119
19482 129
19482 152
19482 14
19482 169
19482 198
19482 223
19482 34
19482 246
19482 30
19482 65
19482 125
19482 117
19482 121
19482 154
19482 60
19482 63
19482 100
19482 118
19482 149
19482 175
19482 218
19482 253
19482 24
19482 0
19482 102
19482 132
19482 151
19482 161
19482 165
19482 166
19482 255
19482 13
19482 20
19482 69
19482 93
19482 142
19482 147
19482 200
19482 128
19482 131
19482 143
19482 168
19482 195
19482 197
19482 204
19482 163
19482 189
19482 232
19482 164
19482 245
19482 12
19482 54
19482 221
19482 18
19482 43
19482 50
19482 141
19058 61
19058 113
19058 134
19058 247
19058 265
19058 86
19058 191
19058 285
19058 320
19058 352
19058 2
19058 19
19058 26
19058 29
19058 32
19058 6
19058 10
19058 22
19058 25
19058 28
19058 124
19058 212
19058 230
19058 349
19058 80
19058 97
19058 128
19058 147
19058 153
19058 317
19058 76
19058 92
19058 181
19058 253
19058 273
19058 298
19058 90
19058 127
19058 193
19058 284
19058 292
19058 43
19058 70
19058 137
19058 139
19058 232
19058 251
19058 316
19058 93
19058 131
19058 249
19058 289
19058 307
19058 313
19058 87
19058 107
19058 115
19058 243
19058 304
19058 53
19058 166
19058 197
19058 200
19058 234
19058 281
19058 126
19058 164
19058 342
19058 347
19058 5
19058 14
19058 20
19058 35
19058 41
19058 148
19058 192
19058 223
19058 238
19058 296
19058 109
19058 170
19058 295
19058 356
19058 94
19058 274
19058 344
19058 346
19058 357
19058 51
19058 110
19058 175
19058 256
19058 293
19058 72
19058 135
19058 217
19058 237
19058 315
19058 46
19058 152
19058 173
19058 235
19058 267
19058 323
19058 11
19058 33
19058 34
19058 44
19058 125
19058 144
19058 178
19058 261
19058 299
19058 106
19058 206
19058 245
19058 257
19058 258
19058 312
19058 50
19058 95
19058 334
19058 343
19058 4
19058 40
19058 42
19058 117
19058 140
19058 160
19058 161
19058 291
19058 301
19058 132
19058 138
19058 236
19058 276
19058 282
19058 101
19058 305
19058 319
19058 362
19058 105
19058 114
19058 133
19058 246
19058 311
19058 108
19058 275
19058 326
19058 327
19519 188
19519 32
19519 82
19519 100
19519 116
19519 134
19519 179
19519 186
19519 177
19519 200
19519 1
19519 12
19519 48
19519 49
19519 75
19519 115
19519 166
19519 191
19519 196
19519 21
19519 37
19519 71
19519 78
19519 119
19519 125
19519 146
19519 161
19519 35
19519 44
19519 60
19519 63
19519 77
19519 79
19519 108
19519 149
19519 94
19519 95
19519 22
19519 47
19519 74
19519 97
19519 102
19519 132
19519 141
19519 174
19519 183
19519 62
19519 69
19519 106
19519 110
19519 143
19519 150
19519 158
19519 6
19519 14
19519 52
19519 57
19519 68
19519 103
19519 113
19519 151
19519 180
19519 114
19519 160
19519 27
19519 33
19519 34
19519 70
19519 124
19519 126
19519 139
19519 157
19519 59
19519 181
19722 426
19722 447
19722 523
19722 370
19722 434
19722 496
19722 221
19722 345
19722 356
19722 379
19722 403
19722 163
19722 258
19722 392
19722 397
19722 533
19722 181
19722 359
19722 443
19722 491
19722 511
19722 14
19722 31
19722 65
19722 178
19722 427
19722 501
19722 115
19722 180
19722 353
19722 537
19722 17
19722 279
19722 312
19722 402
19722 377
19722 412
19722 483
19722 493
19722 53
19722 185
19722 216
19722 309
19722 380
19722 446
19722 58
19722 197
19722 215
19722 477
19722 515
19722 514
19722 543
19722 549
19722 71
19722 113
19722 183
19722 209
19722 539
19722 64
19722 103
19722 104
19722 207
19722 317
19722 404
19722 55
19722 84
19722 184
19722 249
19722 339
19722 410
19722 214
19722 241
19722 324
19722 335
19722 381
19722 18
19722 89
19722 139
19722 372
19722 401
19722 436
19722 487
19722 26
19722 556
19722 569
19722 570
19722 35
19722 72
19722 118
19722 259
19722 280
19722 231
19722 429
19722 108
19722 135
19722 471
19722 538
19722 75
19722 219
19722 228
19722 396
19722 475
19722 521
19722 15
19722 145
19722 400
19722 10
19722 102
19722 106
19722 233
19722 320
19722 336
19722 368
19722 44
19722 242
19722 465
19722 481
19722 504
19722 138
19722 141
19722 289
19722 536
19722 282
19722 494
19722 534
19722 552
19722 567
19722 213
19722 355
19722 416
19722 507
19722 111
19722 125
19722 333
19722 235
19722 297
19722 526
19722 561
19722 120
19722 406
19722 439
19722 530
19722 29
19722 46
19722 91
19722 545
19722 73
19722 187
19722 287
19722 293
19722 428
19722 546
19722 558
19722 572
19722 574
19722 88
19722 172
19722 311
19722 371
19722 433
19722 54
19722 83
19722 94
19722 134
19722 236
19722 248
19722 378
19722 57
19722 146
19722 195
19722 285
19722 341
19722 348
19722 36
19722 208
19722 243
19722 334
19722 360
19722 472
19722 509
19722 19
19722 162
19722 409
19722 517
19722 542
19722 105
19722 190
19722 204
19722 223
19722 237
19722 337
19722 354
19722 5
19722 79
19722 150
19722 188
19722 201
19722 270
19722 196
19722 205
19722 374
19722 375
19722 531
19722 74
19722 132
19722 176
19722 445
19722 500
19722 245
19722 323
19722 390
19722 506
19722 4
19722 126
19722 137
19722 161
19722 415
19722 100
19722 560
19722 564
19722 21
19722 30
19722 68
19722 117
19722 300
19722 340
19722 386
19722 22
19722 121
19722 189
19722 294
19722 399
19722 437
19722 107
19722 550
19722 554
19722 13
19722 148
19722 149
19722 286
19722 365
19722 476
19722 6
19722 59
19722 273
19722 332
19722 351
19722 473
19722 32
19722 418
19722 461
19722 482
19722 508
19722 229
19722 367
19722 369
19722 373
19722 435
19722 474
19722 12
19722 48
19722 170
19722 299
19722 306
19722 444
19722 505
19722 122
19722 144
19722 200
19722 246
19722 277
19722 281
19722 8
19722 157
19722 532
19722 540
19722 544
19722 33
19722 154
19722 308
19722 327
19722 331
19722 422
18982 4
18982 50
18982 54
18982 63
18982 6
18982 12
18982 23
18982 27
18982 40
18982 14
18982 15
18982 37
18982 52
18982 10
18982 25
18982 32
18982 61
18982 13
18982 21
18982 41
18982 60
18982 33
18982 34
18982 47
18982 69
18982 74
18982 0
18982 18
18982 22
18982 49
18982 2
18982 3
18982 7
18982 45
19624 85
19624 95
19624 120
19624 151
19624 179
18986 75
18986 79
18986 87
18986 98
19623 17
19623 23
19623 75
19623 94
19623 122
19521 528
19521 554
19521 600
19521 648
19521 705
19521 714
19521 481
19521 563
19521 632
19521 646
19521 676
19521 22
19521 62
19521 122
19521 176
19521 323
19521 386
19521 404
19521 459
19521 2
19521 30
19521 252
19521 312
19521 334
19521 377
19521 415
19521 590
19521 612
19521 681
19521 691
19521 730
19521 64
19521 81
19521 204
19521 238
19521 308
19521 317
19521 69
19521 200
19521 272
19521 319
19521 354
19521 385
19521 535
19521 539
19521 624
19521 640
19521 660
19521 795
19521 800
19521 809
19521 817
19521 13
19521 89
19521 171
19521 250
19521 574
19521 771
19521 779
19521 790
19521 803
19521 512
19521 522
19521 631
19521 684
19521 698
19521 67
19521 173
19521 184
19521 318
19521 488
19521 495
19521 515
19521 564
19521 663
19521 636
19521 690
19521 693
19521 707
19521 737
19521 7
19521 63
19521 310
19521 333
19521 346
19521 478
19521 514
19521 533
19521 736
19521 518
19521 656
19521 715
19521 719
19521 754
19521 11
19521 32
19521 76
19521 86
19521 304
19521 100
19521 210
19521 213
19521 228
19521 285
19521 606
19521 626
19521 791
19521 797
19521 345
19521 448
19521 452
19521 463
19521 314
19521 431
19521 458
19521 462
19521 474
19521 498
19521 543
19521 569
19521 745
19521 764
19521 6
19521 164
19521 221
19521 420
19521 534
19521 562
19521 637
19521 716
19521 733
19521 588
19521 593
19521 601
19521 607
19521 668
19521 552
19521 657
19521 674
19521 703
19521 793
19521 231
19521 244
19521 364
19521 427
19521 482
19521 685
19521 709
19521 782
19521 786
19521 79
19521 101
19521 217
19521 306
19521 315
19521 159
19521 274
19521 357
19521 33
19521 94
19521 115
19521 119
19521 284
19521 466
19521 486
19521 500
19521 582
19521 678
19521 1
19521 103
19521 117
19521 237
19521 269
19521 379
19521 49
19521 187
19521 287
19521 290
19521 370
19521 393
19521 219
19521 277
19521 282
19521 348
19521 440
19521 21
19521 57
19521 235
19521 281
19521 349
19521 468
19521 511
19521 635
19521 679
19521 742
19521 178
19521 181
19521 342
19521 416
19521 450
19521 579
19521 630
19521 673
19521 781
19521 536
19521 575
19521 618
19521 654
19521 751
19521 493
19521 544
19521 625
19521 642
19521 722
19521 811
19521 814
19521 35
19521 40
19521 325
19521 432
19521 509
19521 523
19521 557
19521 726
19521 740
19521 658
19521 702
19521 775
19521 784
19521 804
19521 507
19521 532
19521 572
19521 623
19521 633
19521 777
19521 480
19521 576
19521 577
19521 605
19521 614
19521 744
19521 435
19521 443
19521 465
19521 55
19521 170
19521 198
19521 224
19521 225
19521 324
19521 130
19521 256
19521 279
19521 372
19521 395
19521 713
19521 770
19521 780
19521 792
19021 44
19021 52
19021 61
19021 114
19021 244
19021 79
19021 195
19021 246
19021 281
19021 311
19021 418
19021 338
19021 403
19021 455
19021 559
19021 584
19021 85
19021 137
19021 146
19021 278
19021 48
19021 149
19021 170
19021 183
19021 223
19021 387
19021 509
19021 541
19021 543
19021 563
19021 568
19709 12
19709 29
19709 39
19709 41
19709 51
19709 57
19709 8
19709 17
19709 27
19709 32
19709 47
19709 50
19709 33
19709 53
19709 72
19709 22
19709 25
19709 38
19709 44
19709 54
19709 67
19709 2
19709 20
19709 34
19709 35
19709 42
19709 61
19709 66
19709 11
19709 71
19709 73
19709 28
19709 59
19709 7
19709 18
19709 19
19709 45
19709 62
19709 68
19709 64
19721 14
19721 20
19721 49
19721 59
19721 229
19721 233
19717 17
19717 105
19717 111
19717 285
19717 290
19717 346
19717 492
19717 110
19717 347
19717 511
19717 525
19717 36
19717 549
19717 552
19717 57
19717 59
19717 76
19717 89
19717 256
19717 577
19717 231
19717 301
19717 358
19717 34
19717 164
19717 252
19717 287
19717 488
19717 521
19717 303
19717 318
19717 437
19717 560
19717 23
19717 146
19717 163
19717 211
19717 310
19444 143
19444 154
19444 330
19444 62
19444 97
19444 203
19444 215
19444 236
19444 246
19444 365
19444 403
19444 98
19444 130
19444 201
19444 70
19444 121
19444 354
19444 11
19444 67
19444 109
19444 128
19444 317
19444 326
19444 353
19444 235
19444 321
19444 34
19444 77
19444 152
19444 259
19444 334
19444 340
19444 346
19444 392
19444 8
19444 56
19444 89
19444 111
19444 209
19444 249
19444 382
19531 6
19531 7
19531 25
19531 30
19531 50
19531 60
19531 1
19531 8
19531 32
19531 33
19074 0
19074 21
19074 33
19074 39
19074 42
19588 2
19588 42
19588 95
19588 102
19588 64
19588 97
19588 10
19588 21
19588 23
19588 39
19588 79
19588 43
19588 81
19588 91
19588 15
19588 24
19588 53
19588 93
19588 96
19588 12
19588 18
19588 30
19588 33
19588 52
19588 80
19588 6
19588 16
19588 50
19588 77
19588 78
19588 3
19588 4
19588 27
19588 58
19588 59
19588 70
19588 5
19588 11
19588 13
19588 32
19588 37
19588 54
19588 65
19588 28
19588 48
19588 74
19588 84
19588 94
19588 22
19588 31
19588 89
19588 99
19588 115
19588 118
19588 119
19707 60
19707 7
19707 58
19707 64
19707 25
19707 38
19707 44
19707 59
19707 50
19707 54
19707 56
19707 61
19707 11
19707 13
19707 19
19707 31
19707 34
19707 47
19707 49
19707 2
19707 18
19707 36
19707 62
19707 0
19707 8
19707 14
19707 23
19707 39
19707 41
19707 27
19707 28
19707 57
19707 1
19707 6
19707 10
19707 24
19707 30
19707 32
19707 4
19707 5
19707 9
19707 46
19707 51
19446 46
19446 84
19446 134
19446 164
19446 353
19446 0
19446 17
19446 25
19446 32
19446 9
19446 47
19446 146
19446 255
19446 275
19446 439
19446 229
19446 272
19446 293
19446 331
19446 436
19446 45
19446 50
19446 135
19446 330
19477 98
19477 161
19477 79
19477 96
19477 102
19477 131
19477 163
19477 221
19477 280
19477 367
19477 3
19477 146
19477 183
19477 193
19477 204
19477 234
19477 255
19477 321
19477 337
19645 31
19645 36
19645 37
19645 45
19645 3
19645 25
19645 50
19645 58
19645 77
19645 11
19645 16
19645 33
19645 59
19645 60
19645 14
19645 21
19645 28
19645 39
19645 42
19645 54
19645 0
19645 22
19645 43
19645 71
19645 72
19645 76
19645 2
19645 40
19645 52
19645 69
19645 35
19645 49
19645 61
19645 67
19645 68
19645 4
19645 9
19645 29
19645 65
19645 66
19645 70
19645 19
19645 30
19645 57
19645 63
19645 74
19477 431
19477 464
19477 476
19477 539
19477 553
19477 555
19477 566
19477 573
19477 584
19477 85
19477 175
19477 212
19477 292
19477 326
19477 331
19477 398
19477 187
19477 205
19477 259
19477 270
19477 288
19477 312
19477 335
19477 346
19568 122
19568 133
19568 150
19568 203
19568 237
19568 244
19544 23
19544 45
19544 50
19544 81
19544 91
19544 109
19544 58
19544 63
19544 72
19544 116
19544 137
19544 7
19544 34
19544 66
19544 93
19544 161
19544 175
19544 18
19544 37
19544 78
19544 111
19544 130
19544 145
19544 15
19544 62
19544 90
19544 138
19544 148
19544 73
19544 102
19544 121
19544 55
19544 136
19544 173
19544 184
19544 176
19544 178
19544 183
19544 2
19544 28
19544 74
19544 101
19544 1
19544 21
19544 26
19544 77
19544 92
19544 128
19544 9
19544 10
19544 126
19544 129
19544 134
19544 135
19544 0
19544 57
19544 69
19544 71
19544 117
19544 122
19544 131
19544 132
19544 162
19544 177
19544 99
19544 149
19544 171
19544 6
19544 22
19544 33
19544 76
19544 96
19544 115
19544 123
19544 32
19544 49
19544 158
19544 166
19070 168
19070 244
19070 278
19070 309
19070 314
19070 317
19070 320
19070 321
19070 323
19070 324
19070 69
19070 132
19070 165
19070 172
19070 269
19070 46
19070 66
19070 180
19070 210
19070 214
19070 264
19744 84
19744 92
19744 142
19744 157
19744 223
19744 246
19744 8
19744 145
19744 153
19744 266
19744 154
19744 220
19744 262
19744 275
19744 285
19744 27
19744 47
19744 114
19744 155
19744 201
19744 230
19593 33
19593 72
19593 97
19593 100
19593 89
19593 93
19593 94
19593 23
19593 37
19593 42
19593 52
19593 90
19593 54
19593 76
19593 101
19593 17
19593 47
19593 83
19593 86
19593 95
19593 32
19593 39
19593 81
19593 85
19593 87
19593 5
19593 29
19593 78
19593 88
19593 1
19593 25
19593 28
19593 50
19593 57
19593 84
19077 0
19077 7
19077 14
19077 28
19077 30
19077 41
19077 6
19077 12
19077 15
19077 16
19077 18
19077 39
19077 2
19077 8
19077 17
19077 27
19077 34
19077 5
19077 10
19077 23
19077 24
19077 26
19077 21
19077 1
19077 3
19077 22
19077 25
19077 35
19077 31
19077 37
19538 45
19538 57
19538 65
19538 103
19538 105
19538 106
19538 227
19538 256
19538 6
19538 86
19538 122
19538 123
19538 173
19538 194
19538 212
19538 28
19538 52
19538 67
19538 71
19538 112
19538 119
19538 192
19538 74
19538 117
19538 125
19538 128
19538 223
19538 226
19538 244
19538 248
19538 265
19538 80
19538 263
19538 0
19538 26
19538 44
19538 59
19538 108
19538 144
19538 188
19538 220
19538 1
19538 7
19538 82
19538 88
19538 166
19538 199
19538 206
19538 209
19538 221
19538 278
19538 174
19538 183
19538 260
19538 292
19538 287
19538 290
19538 18
19538 77
19538 118
19538 120
19538 153
19538 185
19538 189
19538 30
19538 50
19538 94
19538 101
19538 130
19538 171
19538 186
19538 207
19538 295
19538 35
19538 38
19538 43
19538 95
19538 98
19538 152
19538 237
19538 40
19538 49
19538 58
19538 29
19538 246
19538 32
19538 41
19538 53
19538 158
19538 159
19538 169
19538 219
19538 214
19538 270
19538 282
19538 4
19538 19
19538 115
19538 157
19538 180
19538 196
19538 250
19538 257
19538 274
19538 224
19538 236
19538 114
19538 141
19538 204
19538 110
19538 240
19538 249
18970 37
18970 44
18970 45
18970 69
18970 107
19556 4
19556 33
19556 63
19556 67
19556 79
19556 12
19556 22
19556 25
19556 47
19556 48
19420 229
19420 230
19420 231
19420 245
19420 249
19420 250
19420 254
19420 264
19420 269
19420 281
19420 44
19420 108
19420 1
19420 9
19420 53
19420 72
19420 111
19420 155
19420 176
19420 185
19420 198
19420 156
19420 175
19420 117
19420 148
19420 197
19420 184
19420 191
19420 18
19420 76
19420 116
19420 131
19420 132
19420 200
19420 207
19420 215
19420 235
19420 241
19420 147
19420 262
19420 271
19420 40
19420 170
19420 181
19420 109
19420 188
19420 189
19420 7
19420 13
19420 15
19420 23
19420 26
19420 33
19420 129
19420 180
19420 205
19420 206
19420 282
19420 232
19420 242
19420 90
19420 150
19420 221
19420 226
19420 238
19420 246
19420 277
19420 280
19420 17
19420 31
19420 69
19420 88
19420 97
19420 105
19420 164
19420 169
19420 60
19420 64
19420 70
19420 78
19420 110
19420 115
19420 138
19420 143
19420 152
19420 209
19420 210
19420 219
19420 228
19420 234
19420 240
19420 257
19420 216
19420 217
19420 224
19420 239
19420 243
19420 244
19420 252
19420 261
19420 283
19687 11
19687 61
19687 63
19687 65
19687 68
19687 13
19687 17
19687 74
19687 2
19687 14
19687 29
19687 46
19687 72
19687 0
19687 24
19687 43
19687 51
19687 6
19687 18
19687 50
19687 62
19687 5
19687 16
19687 30
19687 52
19687 70
19687 1
19687 21
19687 32
19687 49
19687 60
19687 7
19687 15
19687 40
19687 79
19419 12
19419 24
19419 4
19419 22
19419 32
19419 56
19419 80
19419 95
19419 106
19419 125
19565 3
19565 4
19565 195
19565 248
19565 301
19565 24
19565 193
19565 196
19565 206
19565 260
19565 279
19565 93
19565 141
19565 346
19565 354
19565 83
19565 169
19565 192
19565 199
19565 230
19565 292
19565 313
19080 271
19080 288
19080 294
19080 374
19080 471
19080 491
19080 307
19080 337
19080 345
19080 366
19080 375
19080 434
19080 466
19080 0
19080 6
19080 18
19080 112
19080 134
19080 261
19080 277
19080 343
19080 373
19080 386
19713 137
19713 141
19713 165
19713 223
19713 275
19713 357
19713 365
19713 368
19718 96
19718 100
19718 202
19718 307
19718 430
19718 454
19718 491
19718 519
19718 530
19718 547
19697 25
19697 36
19697 61
19697 63
19697 65
19697 109
19752 115
19752 287
19752 36
19752 167
19752 265
19752 50
19752 259
19752 18
19752 113
19752 128
19752 137
19752 190
19752 225
19752 99
19752 81
19752 109
19752 188
19752 192
19752 280
19752 47
19752 93
19752 94
19752 152
19752 164
19752 210
19752 71
19752 101
19752 116
19752 127
19752 189
19752 197
19752 37
19752 170
19752 224
19752 245
19752 270
19752 41
19752 239
19752 254
19752 267
19752 57
19752 249
19752 266
19752 172
19752 186
19752 256
19752 276
19752 227
19752 30
19752 214
19752 241
19752 279
19752 70
19752 238
19752 290
19752 78
19752 286
19752 7
19752 60
19752 142
19752 162
19752 228
19752 268
19752 33
19752 75
19752 160
19752 196
19752 222
19752 5
19752 13
19752 98
19752 103
19752 237
19752 264
19752 63
19752 231
19752 294
19752 8
19752 42
19752 83
19752 86
19752 135
19752 144
19752 244
19752 54
19752 141
19752 235
19752 106
19752 284
19752 77
19752 275
19752 293
19752 67
19752 125
19752 158
19752 159
19752 168
19752 187
19752 22
19752 96
19752 139
19752 177
19752 195
19752 206
19752 61
19752 66
19752 80
19752 118
19752 185
19752 220
19752 4
19752 6
19752 180
19752 288
19752 114
19752 212
19752 236
19752 247
19752 0
19752 10
19752 19
19752 126
19752 216
19752 219
19752 15
19752 56
19752 131
19752 133
19752 134
19752 173
19752 208
19752 1
19752 23
19752 110
19752 119
19752 124
19752 136
19752 107
19752 174
19752 193
19752 199
19752 252
19752 12
19752 17
19752 26
19752 92
19752 123
19752 165
19752 48
19752 79
19752 87
19752 184
19752 215
19752 55
19752 140
19752 147
19752 209
19752 223
19752 262
19752 16
19752 21
19752 58
19752 88
19752 248
19441 29
19441 46
19441 4
19441 33
19441 35
19441 42
19441 51
19441 63
19441 79
19441 103
19441 57
19441 20
19441 27
19441 37
19441 44
19441 61
19441 65
19441 72
19441 100
19441 7
19441 18
19441 32
19441 62
19441 73
19441 80
19441 97
19441 12
19441 16
19441 17
19441 30
19441 36
19441 92
19441 94
19441 101
19441 93
19441 96
19441 2
19441 6
19441 24
19441 43
19441 45
19441 98
19441 102
19441 50
19441 54
19441 104
19441 64
19441 84
19441 86
19441 56
19441 60
19460 11
19460 16
19460 28
19460 70
19460 72
19460 84
19460 93
19074 10
19074 12
19074 20
19074 26
19074 32
19074 38
19074 4
19074 11
19074 24
19074 29
19074 30
19074 15
19074 31
19074 34
19074 37
19074 2
19074 6
19074 9
19074 17
19074 27
19648 15
19648 41
19648 101
19648 106
19648 117
19526 47
19526 65
19526 72
19526 95
19655 25
19655 62
19655 99
19655 126
19655 142
19489 20
19489 134
19489 5
19489 34
19489 77
19489 89
19489 93
19489 95
19489 110
19489 120
19489 1
19489 17
19489 32
19489 39
19489 44
19489 60
19489 98
19489 43
19489 94
19489 107
19489 149
19489 151
19489 157
19489 160
19489 162
19489 176
19489 177
19489 185
19489 154
19489 180
19489 181
19489 41
19489 100
19489 118
19489 140
19489 147
19489 153
19489 163
19489 166
19489 183
19489 186
19489 187
19489 148
19489 191
19489 0
19489 68
19489 179
19489 184
19613 0
19613 12
19613 24
19613 25
19613 29
19613 34
19708 26
19708 76
19708 82
19708 99
19708 192
19708 254
19708 7
19708 72
19708 118
19708 130
19708 148
19708 267
19708 48
19708 198
19708 328
19708 340
19708 102
19708 196
19708 123
19708 135
19708 174
19708 305
19708 17
19708 36
19708 171
19708 285
19708 239
19708 242
19708 330
19708 59
19708 104
19708 113
19708 252
19708 272
19708 49
19708 61
19708 68
19708 83
19708 139
19708 216
19708 284
19708 111
19708 150
19708 245
19708 295
19708 101
19708 120
19708 184
19708 210
19708 286
19708 315
19708 336
19708 341
19708 32
19708 46
19708 98
19708 119
19708 137
19708 200
19708 241
19708 314
19708 38
19708 55
19708 230
19708 250
19708 293
19708 92
19708 107
19708 313
19708 324
19708 326
19708 52
19708 66
19708 214
19708 73
19708 114
19708 116
19708 151
19708 181
19708 251
19708 266
19708 69
19708 154
19708 155
19708 187
19708 246
19708 265
19708 152
19708 205
19708 229
19708 283
19708 311
19708 323
19708 11
19708 143
19708 189
19708 223
19708 236
19708 312
19708 54
19708 64
19708 112
19708 140
19708 300
19708 9
19708 45
19708 91
19708 106
19708 222
19708 127
19708 163
19708 166
19708 243
19708 260
19708 290
19708 294
19708 75
19708 115
19708 287
19708 320
19708 34
19708 142
19708 274
19708 317
19708 334
19708 322
19708 331
19708 149
19708 212
19708 261
19708 278
19708 58
19708 79
19708 84
19708 138
19708 173
19708 234
19708 95
19708 177
19708 188
19708 226
19708 228
19708 22
19708 197
19708 218
19708 231
19708 258
19708 215
19708 301
19708 327
19708 209
19708 297
19708 303
19708 308
19708 121
19708 199
19708 271
19708 273
19708 33
19708 332
19708 42
19708 307
19708 329
19708 338
19708 21
19708 47
19708 57
19708 165
19708 167
19708 275
19708 298
19708 14
19708 40
19708 56
19708 100
19708 232
19708 263
19708 10
19708 124
19708 134
19708 211
19708 318
19708 5
19708 19
19708 39
19708 67
19708 128
19708 256
19620 45
19620 139
19620 190
19620 227
19620 83
19620 98
19620 114
19620 146
19620 186
19620 206
19620 68
19620 179
19620 215
19620 35
19620 37
19620 135
19620 174
19620 201
19620 210
19620 0
19620 60
19620 100
19620 164
19620 197
19620 15
19620 109
19620 117
19620 125
19620 165
19620 204
19620 34
19620 80
19620 86
19620 95
19620 155
19620 43
19620 58
19620 59
19620 70
19620 67
19620 91
19620 123
19620 159
19620 53
19620 226
19620 11
19620 19
19620 77
19620 115
19620 153
19620 163
19620 47
19620 72
19620 93
19620 158
19620 160
19620 32
19620 92
19620 99
19620 132
19620 185
19620 189
19620 13
19620 79
19620 122
19620 177
19620 199
19620 36
19620 74
19620 127
19620 148
19620 173
19620 202
19620 209
19606 1
19606 3
19606 4
19606 5
19606 7
19606 9
19606 11
19606 25
19606 27
19606 10
19606 22
19606 24
19606 26
19606 13
19606 14
19606 15
19606 18
19606 19
19606 21
19697 9
19697 18
19697 29
19697 32
19697 54
19697 103
19697 110
19621 30
19621 107
19621 127
19621 186
19621 190
19621 217
19621 40
19621 157
19621 162
19621 181
19621 216
19455 9
19455 124
19455 126
19455 145
19455 146
19455 166
19455 334
19455 339
19455 73
19455 100
19455 175
19455 190
19455 221
19455 269
19455 281
19455 283
19455 326
19455 184
19455 340
19455 344
19455 354
19455 17
19455 20
19455 64
19455 66
19455 181
19455 313
19455 317
19455 324
19455 328
19455 42
19455 107
19455 199
19455 224
19455 260
19455 348
19455 249
19455 273
19455 112
19455 234
19455 237
19455 288
19455 291
19455 302
19455 312
19455 4
19455 10
19455 44
19455 80
19455 104
19455 231
19455 253
19455 296
19455 99
19455 122
19455 154
19455 163
19455 210
19455 259
19455 287
19455 316
19455 165
19455 318
19455 188
19455 357
19455 19
19455 115
19455 142
19455 189
19455 228
19455 241
19455 279
19455 333
19455 93
19455 37
19455 274
19455 51
19455 88
19455 355
19455 356
19455 65
19455 106
19455 109
19455 121
19455 202
19455 223
19455 271
19455 295
19455 297
19455 329
19455 81
19455 87
19455 108
19455 214
19455 219
19455 238
19455 256
19455 118
19455 45
19455 191
19455 298
19455 1
19455 8
19455 70
19455 113
19455 132
19455 185
19455 215
19455 245
19455 263
19455 280
19455 32
19455 96
19455 173
19455 186
19455 232
19455 255
19455 293
19455 343
19455 21
19455 55
19455 85
19455 95
19455 200
19455 240
19455 330
19455 361
19455 182
19455 89
19455 135
19455 227
19455 277
19455 243
19455 248
19455 345
19455 49
19455 338
19455 30
19455 34
19455 69
19455 140
19455 167
19455 252
19455 258
19455 264
19455 153
19706 0
19706 5
19706 9
19706 17
19706 42
19706 176
19430 283
19430 364
19430 83
19430 168
19430 5
19430 11
19430 38
19430 86
19430 170
19430 266
19430 282
19430 49
19430 81
19430 172
19430 185
19430 274
19430 321
19430 322
19430 61
19430 302
19430 346
19430 377
19430 344
19430 10
19430 75
19430 110
19430 113
19430 159
19430 164
19430 165
19430 187
19430 114
19430 341
19430 17
19430 303
19430 436
19430 350
19430 80
19430 337
19430 88
19430 333
19430 361
19430 383
19430 386
19430 389
19430 402
19430 408
19430 425
19430 427
19430 435
19430 332
19430 338
19430 345
19430 56
19430 107
19430 162
19430 173
19430 207
19430 237
19430 268
19430 317
19430 121
19430 193
19430 257
19430 18
19430 45
19430 90
19430 211
19430 222
19430 295
19430 315
19430 13
19430 31
19430 34
19430 41
19430 50
19430 76
19430 176
19430 307
19430 312
19430 96
19430 233
19430 351
19430 98
19430 112
19430 117
19430 143
19430 163
19430 190
19430 206
19430 223
19430 256
19430 399
19430 414
19430 417
19430 420
19430 431
19430 446
19430 452
19430 79
19430 115
19430 125
19430 227
19430 313
19430 318
19430 352
19430 379
19430 0
19430 108
19430 161
19430 183
19430 372
19430 373
19430 380
19430 429
19430 455
19430 40
19430 87
19430 140
19430 166
19430 232
19430 236
19430 376
19430 19
19430 167
19430 239
19430 251
19430 281
19430 287
19430 360
19430 378
19430 381
19430 390
19430 392
19430 396
19430 418
19430 419
19430 422
19430 428
19430 78
19430 103
19430 123
19430 154
19430 156
19430 231
19430 255
19430 298
19430 91
19430 129
19430 145
19430 148
19430 194
19430 267
19430 272
19430 296
19430 100
19430 388
19430 391
19430 400
19430 407
19430 410
19430 434
19430 451
19430 362
19080 70
19080 96
19080 132
19080 151
19080 186
19080 339
19080 354
19080 453
19080 515
19080 525
19080 93
19080 102
19080 240
19080 246
19080 266
19080 291
19080 332
19080 432
19080 439
19080 470
19080 495
19080 541
19080 558
19080 569
19080 577
19080 32
19080 38
19080 68
19080 200
19080 275
19080 313
19080 400
19080 423
19080 433
19080 450
19080 37
19080 104
19080 106
19080 168
19080 173
19080 176
19080 15
19080 87
19080 193
19080 235
19080 29
19080 65
19080 143
19080 149
19080 328
19080 372
19080 385
19080 395
19080 444
19080 489
19080 445
19080 476
19080 481
19080 314
19080 417
19080 520
19080 539
19080 27
19080 100
19080 231
19080 239
19080 262
19080 270
19080 411
19080 429
19080 477
19080 486
19080 467
19080 500
19080 575
19080 259
19080 370
19080 376
19080 415
19080 464
19080 54
19080 76
19080 101
19080 189
19080 211
19080 252
19080 424
19080 428
19080 494
19080 547
19080 548
19080 557
19080 560
19080 565
19080 274
19080 329
19080 347
19080 378
19080 414
19080 47
19080 78
19080 212
19080 238
19080 300
19080 317
19080 383
19080 398
19080 487
19080 511
19080 81
19080 86
19080 198
19080 223
19080 12
19080 22
19080 67
19080 121
19080 146
19080 21
19080 42
19080 111
19080 120
19080 185
19080 59
19080 74
19080 109
19080 150
19080 174
19080 203
19080 357
19080 465
19080 498
19080 535
19080 514
19080 523
19080 528
19080 549
19080 253
19080 281
19080 473
19080 552
19080 251
19080 257
19080 282
19080 318
19080 443
19080 31
19080 34
19080 128
19080 140
19080 159
19080 201
19080 16
19080 40
19080 88
19080 226
19080 335
19080 543
19080 556
19080 562
19080 408
19080 431
19080 510
19080 529
19080 3
19080 43
19080 46
19080 105
19080 148
19080 183
19080 7
19080 164
19080 234
19080 242
19080 352
19080 551
19080 566
19080 573
19080 83
19080 192
19080 210
19080 213
19080 41
19080 58
19080 110
19080 160
19080 187
19080 214
19080 215
19080 273
19080 301
19080 348
19080 379
19080 401
19080 440
19080 456
19080 326
19080 478
19080 512
19080 531
19080 538
19080 28
19080 154
19080 224
19080 236
19080 244
19080 350
19080 369
19080 446
19080 485
19080 501
19080 62
19080 77
19080 107
19080 145
19080 232
19080 278
19080 309
19080 315
19080 330
19080 396
19080 409
19080 2
19080 84
19080 90
19080 139
19080 221
19080 263
19080 279
19080 333
19080 351
19080 412
19080 484
19080 260
19080 425
19080 507
19080 550
19080 25
19080 97
19080 131
19080 199
19080 209
19080 341
19080 403
19080 519
19080 546
19080 576
19080 389
19080 518
19080 526
19080 545
19618 248
19618 337
19618 348
19027 51
19027 61
19027 68
19027 71
19027 94
19027 109
19027 75
19027 98
19027 103
19027 106
19027 58
19027 64
19027 76
19027 80
19027 89
19027 101
19027 9
19027 22
19027 26
19027 31
19027 34
19649 79
19649 146
19649 178
19649 186
19649 250
19649 86
19649 112
19649 365
19649 383
19560 41
19560 60
19560 79
19560 90
19563 84
19563 87
19563 35
19563 60
19563 62
19563 68
19563 19
19563 23
19563 36
19563 50
19563 59
19563 3
19563 24
19563 32
19563 33
19563 57
19563 85
19563 86
19581 4
19581 78
19581 79
19581 80
19581 93
19581 116
19581 37
19581 39
19581 46
19581 52
19581 125
19581 60
19581 89
19581 105
19581 109
19581 43
19581 67
19581 95
19581 96
19581 101
19581 32
19581 35
19581 49
19581 73
19581 7
19581 28
19581 55
19581 69
19581 3
19581 86
19581 130
19581 83
19581 90
19581 119
19581 14
19581 21
19581 36
19581 76
19581 100
19581 124
19581 9
19581 38
19581 56
19581 91
19581 17
19581 20
19581 30
19581 53
19581 117
19581 42
19581 111
19581 63
19581 82
19581 94
19581 104
19581 18
19581 23
19581 44
19581 121
19581 29
19581 106
19581 127
19581 27
19581 87
19581 118
19581 1
19581 13
19581 81
19581 98
19581 112
19581 115
19578 1
19578 7
19578 19
19578 25
19578 26
19578 17
19578 24
19578 36
19578 38
19578 41
19578 44
19578 9
19578 40
19578 46
19578 28
19578 37
19578 45
19550 25
19550 31
19550 41
19550 5
19550 7
19550 10
19550 24
19550 30
19550 37
19550 2
19550 3
19550 35
19550 36
19550 42
19550 11
19550 12
19550 13
19550 40
18980 207
18980 270
18980 128
18980 129
18980 211
18980 221
18980 244
18980 38
18980 40
18980 177
18980 185
18980 196
18980 4
18980 51
18980 95
18980 164
18980 180
18980 17
18980 93
18980 292
18980 309
18980 310
18980 52
18980 64
18980 198
18980 200
18980 214
18980 50
18980 84
18980 291
18980 316
18980 19
18980 186
18980 189
18980 190
18980 34
18980 181
18980 246
18980 247
18980 287
18980 33
18980 56
18980 74
18980 175
18980 308
18980 58
18980 62
18980 235
18980 255
18980 154
18980 296
18980 318
18980 321
18980 68
18980 275
18980 280
18980 288
18980 23
18980 35
18980 78
18980 116
18980 276
18980 53
18980 106
18980 15
18980 97
18980 166
18980 259
18980 281
18980 266
18980 3
18980 28
18980 216
18980 261
18980 167
18980 315
18980 79
18980 206
18980 265
18980 282
18980 133
18980 134
18980 146
18980 208
18980 210
18980 1
18980 76
18980 114
18980 158
18980 209
18980 30
18980 295
18980 12
18980 176
18980 191
18980 262
18980 274
18980 54
18980 142
18980 192
18980 268
18980 301
18980 20
18980 27
18980 48
18980 212
18980 257
18980 31
18980 36
18980 43
18980 107
18980 119
18980 144
18980 5
18980 96
18980 103
18980 224
18980 272
18980 127
18980 150
18980 289
18980 307
18980 29
18980 86
18980 159
18980 184
18980 99
18980 126
18980 286
18980 299
18980 319
18980 151
18980 156
18980 226
18980 273
18980 47
18980 81
18980 202
18980 219
18980 2
18980 140
18980 249
18980 279
18980 137
18980 229
18980 245
18980 306
18980 0
18980 89
18980 188
18980 236
18980 213
19525 15
19525 34
19525 53
19525 120
19525 278
19525 304
19525 319
19545 25
19545 65
19545 104
19545 120
19545 139
19545 173
19545 63
19545 68
19545 143
19545 176
19545 202
19545 34
19545 77
19545 79
19545 161
19545 8
19545 69
19545 135
19545 189
19545 60
19545 74
19545 146
19545 168
19545 208
19545 66
19545 97
19545 102
19545 128
19545 140
19545 9
19545 50
19545 94
19545 125
19545 163
19545 88
19545 107
19545 113
19545 16
19545 29
19545 57
19545 84
19545 119
19545 127
19545 40
19545 71
19545 73
19545 108
19545 145
19545 21
19545 33
19545 87
19545 100
19545 157
19545 174
19545 83
19545 99
19545 136
19545 197
19545 22
19545 38
19545 85
19545 153
19545 201
19545 89
19545 95
19545 181
19545 184
19545 0
19545 1
19545 2
19545 3
19545 18
19545 35
19545 37
19545 82
19545 117
19545 155
19545 171
19545 45
19545 56
19545 81
19545 105
19545 133
19545 187
19545 188
19545 203
19545 204
19545 205
19545 4
19545 72
19545 129
19545 142
19545 152
19545 32
19545 198
19545 210
19545 212
19545 14
19545 15
19545 44
19545 116
19545 167
19545 175
19657 13
19657 34
19657 60
19657 120
19657 146
19657 5
19657 69
19657 160
19657 177
19657 188
19657 98
19657 110
19657 64
19657 65
19657 72
19657 133
19657 138
19657 178
19657 201
19657 47
19657 81
19657 109
19657 155
19657 193
19657 67
19657 186
19657 200
19657 204
19657 11
19657 46
19657 84
19657 129
19657 145
19657 187
19657 51
19657 71
19657 102
19657 137
19657 3
19657 57
19657 82
19657 92
19657 106
19657 121
19657 18
19657 61
19657 89
19657 130
19657 25
19657 113
19657 132
19657 165
19657 190
19657 39
19657 104
19657 108
19657 127
19657 149
19657 151
19657 167
19657 170
19657 49
19657 66
19657 83
19657 115
19657 159
19657 163
19657 48
19657 119
19657 166
19657 192
19657 197
19657 52
19657 74
19657 172
19657 23
19657 45
19657 76
19657 101
19657 107
19657 112
19657 80
19657 122
19657 136
19657 171
19657 180
19657 24
19657 27
19657 36
19657 50
19657 174
19657 29
19657 139
19657 169
19657 181
19657 10
19657 15
19657 35
19657 63
19657 87
19657 128
19657 78
19657 97
19657 164
19657 199
19657 16
19657 62
19657 100
19657 103
19657 111
19657 143
19657 12
19657 91
19657 123
19657 147
19657 183
19657 31
19657 99
19657 179
19683 6
19683 47
19683 52
19683 75
19683 80
19683 158
19683 181
19683 209
19683 271
19683 10
19683 76
19683 88
19683 94
19683 109
19683 121
19683 136
19683 13
19683 105
19683 135
19683 139
19568 121
19568 145
19568 162
19568 167
19568 242
19503 18
19503 24
19503 67
19503 113
19503 165
19503 183
19503 184
19503 288
19503 325
19503 399
19503 408
19503 440
19503 474
19503 486
19503 549
19503 558
19503 10
19503 13
19503 21
19503 22
19503 136
19503 143
19503 292
19503 394
19503 398
19503 425
19503 449
19503 463
19503 470
19503 554
19503 560
19669 213
19669 241
19669 248
19669 254
19669 276
19669 9
19669 15
19669 31
19669 59
19669 65
19669 85
19669 110
19669 137
19669 198
19669 206
19669 209
19669 255
19607 80
19607 88
19607 93
19607 121
19607 6
19607 24
19607 118
19607 122
19607 12
19607 34
19607 39
19607 73
19607 77
19607 26
19607 67
19607 74
19607 76
19607 90
19607 72
19607 92
19607 110
19607 113
19607 47
19607 48
19607 85
19607 106
19607 9
19607 43
19607 50
19607 54
19607 55
19607 112
19607 17
19607 31
19607 32
19607 56
19607 94
19607 98
19607 108
19607 116
19607 5
19607 29
19607 37
19607 70
19607 91
19607 27
19607 51
19607 52
19607 60
19607 75
19607 109
19462 19
19462 72
19462 79
19462 40
19462 86
19462 8
19462 18
19462 28
19462 50
19462 51
19462 52
19462 64
19462 69
19462 2
19462 10
19462 12
19462 48
19462 62
18974 13
18974 35
18974 69
18974 132
18974 97
18974 126
18974 158
18974 161
19003 51
19003 81
19003 105
19003 119
19003 144
19003 25
19003 35
19003 37
19003 66
19003 88
19003 124
19003 22
19003 130
19003 149
19003 153
19003 152
19003 12
19003 42
19003 89
19003 106
19003 3
19003 43
19003 62
19003 93
19003 100
19003 5
19003 7
19003 24
19003 45
19003 127
19003 23
19003 83
19003 115
19003 125
19003 129
19003 111
19003 112
19003 135
19003 140
19003 9
19003 110
19003 114
19003 151
19003 30
19003 58
19003 77
19003 116
19003 148
19003 31
19003 59
19003 142
19003 147
19003 154
19003 74
19003 132
19003 137
19003 139
19003 39
19003 41
19003 53
19003 86
19003 18
19003 36
19003 57
19003 157
19003 48
19003 80
19003 82
19003 92
19003 141
19003 14
19003 61
19003 102
19003 108
19003 98
19003 29
19003 145
19003 79
19003 97
19003 118
19559 303
19559 320
19559 383
19559 399
19559 300
19559 307
19559 372
19559 397
19559 73
19559 104
19559 117
19559 124
19559 195
19559 202
19592 26
19592 68
19592 159
19592 262
19592 278
19752 45
19752 151
19752 182
19752 24
19752 291
19752 35
19752 282
19752 261
19752 278
19581 19
19581 31
19581 66
19581 84
19581 120
19666 47
19666 128
19666 162
19666 169
19666 20
19666 168
19666 174
19666 179
19666 27
19666 187
19666 192
19666 31
19666 63
19666 101
19666 103
19666 132
19666 134
19666 165
19666 111
19666 136
19666 150
19666 158
19666 123
19666 189
19666 201
19666 14
19666 72
19666 87
19666 98
19666 137
19666 193
19666 3
19666 8
19666 45
19666 65
19666 67
19666 143
19666 24
19666 49
19666 93
19666 16
19666 163
19666 164
19666 115
19666 166
19666 194
19666 41
19666 60
19666 89
19666 92
19666 96
19666 99
19666 10
19666 40
19666 68
19666 110
19666 140
19666 167
19666 19
19666 57
19666 84
19666 120
19666 139
19666 161
19666 17
19666 55
19666 90
19666 124
19666 2
19666 5
19666 21
19666 71
19666 117
19666 148
19666 157
19666 29
19666 64
19666 73
19666 75
19666 127
19666 142
19666 177
19666 184
19666 195
19666 197
19666 69
19666 74
19666 83
19666 114
19666 119
19666 178
19666 36
19666 54
19666 80
19666 81
19666 106
19666 190
19666 39
19666 59
19666 100
19666 131
19666 149
19666 1
19666 12
19666 18
19666 37
19666 88
19666 159
19666 61
19666 82
19666 118
19666 141
19666 6
19666 66
19666 112
19666 129
19666 144
19666 151
19666 160
19666 13
19666 172
19666 183
19666 42
19666 145
19666 180
19666 196
19731 36
19731 109
19731 194
19731 235
19731 307
19731 397
19731 492
19731 216
19731 266
19731 380
18988 348
18988 62
18988 84
18988 151
18988 254
18988 297
18988 92
18988 154
18988 224
18988 275
18988 291
18988 300
18988 339
18988 362
18988 388
18988 392
18988 12
18988 16
18988 140
18988 267
19427 259
19427 278
19427 0
19427 3
19427 8
19427 98
19427 111
19427 128
19427 155
19427 249
19427 246
19427 281
19427 168
19427 70
19427 181
19427 201
19427 237
19427 265
19427 273
19427 285
19427 299
19427 312
19427 314
19427 1
19427 7
19427 21
19427 24
19427 36
19427 79
19427 80
19427 137
19427 2
19427 4
19427 14
19427 40
19427 42
19427 81
19427 142
19427 171
19427 172
19427 67
19427 169
19427 52
19427 71
19427 112
19427 132
19427 133
19427 145
19427 156
19427 173
19427 189
19427 205
19427 212
19427 217
19427 253
19427 283
19427 27
19427 37
19427 63
19427 96
19427 103
19427 113
19427 141
19427 182
19427 295
19427 309
19427 195
19427 196
19427 213
19427 224
19427 228
19427 269
19427 279
19427 288
19427 28
19427 64
19427 66
19427 68
19427 69
19427 105
19427 107
19427 120
19427 162
19427 186
19427 192
19427 206
19427 220
19427 225
19427 244
19427 247
19427 305
19427 130
19427 166
19427 167
19427 33
19427 83
19427 123
19427 164
19427 165
19427 175
19427 313
19427 315
19427 199
19427 239
19427 198
19427 204
19427 216
19427 226
19427 240
19427 242
19427 254
19427 298
19427 9
19427 31
19427 35
19427 43
19427 45
19427 60
19427 65
19427 22
19427 29
19427 32
19427 97
19427 108
19427 109
19427 121
19427 154
19427 222
19427 286
19427 194
19427 207
19427 208
19427 218
19427 245
19427 251
19427 274
19427 275
19743 11
19743 20
19743 36
19743 41
19743 52
19743 55
19743 46
19743 49
19743 63
19743 77
19743 84
19743 27
19743 35
19743 74
19743 80
19743 3
19743 8
19743 12
19743 33
19743 38
19743 60
19743 4
19743 18
19743 19
19743 26
19743 31
19743 53
19743 15
19743 66
19743 68
19743 71
19743 17
19743 34
19743 67
19743 75
19743 7
19743 23
19743 58
19743 59
19743 0
19743 37
19743 47
19743 62
19743 64
19743 65
19532 40
19532 82
19532 85
19532 135
19532 160
19532 172
19744 37
19744 68
19744 120
19744 171
19744 177
19744 259
19744 22
19744 195
19744 213
19744 17
19744 51
19744 106
19744 225
19744 226
19744 238
19744 268
19744 269
19744 278
19744 293
19744 67
19744 143
19744 211
19744 224
19744 3
19744 9
19744 18
19744 23
19744 77
19744 101
19744 38
19744 58
19744 82
19744 116
19744 185
19744 52
19744 81
19744 216
19744 271
19744 281
19744 146
19744 234
19744 273
19744 282
19744 277
19744 279
19744 291
19744 2
19744 62
19744 71
19744 72
19744 132
19744 135
19744 0
19744 16
19744 70
19744 164
19744 199
19744 232
19744 20
19744 50
19744 128
19744 169
19744 176
19744 290
19744 294
19744 7
19744 91
19744 180
19744 188
19744 247
19744 263
19744 286
19744 88
19744 100
19744 198
19744 207
19744 221
19744 261
19744 45
19744 168
19744 212
19744 231
19446 37
19446 189
19446 190
19446 263
19446 354
19446 369
19446 130
19446 235
19446 238
19446 306
19446 328
19446 355
19446 450
19446 454
19446 458
19446 459
19477 12
19477 13
19477 55
19477 61
19477 64
19477 135
19477 164
19477 313
19477 358
19655 1
19655 21
19655 42
19655 96
19655 132
19655 135
19655 56
19655 104
19655 109
19655 115
19655 137
19655 3
19655 156
19655 160
19655 161
19655 30
19655 46
19655 138
19655 152
19655 13
19655 38
19655 95
19655 149
19655 103
19655 157
19655 163
19655 166
19655 167
19655 4
19655 10
19655 35
19655 64
19655 78
19655 92
19655 49
19655 75
19655 82
19655 85
19655 140
19655 48
19655 57
19655 90
19655 106
19655 134
19655 14
19655 17
19655 80
19655 87
19655 91
19655 154
19655 2
19655 24
19655 108
19655 123
19655 129
19655 28
19655 69
19655 113
19655 124
19655 153
19655 159
19065 5
19065 38
19065 133
19065 170
19065 236
19065 244
19065 245
19065 58
19065 65
19065 90
19065 132
19065 147
19065 187
19065 50
19065 222
19065 238
19065 241
19065 77
19065 125
19065 194
19065 205
19065 224
19065 235
19065 56
19065 82
19065 137
19065 217
19065 221
19065 42
19065 48
19065 79
19065 85
19065 141
19065 195
19065 74
19065 83
19065 120
19065 144
19065 166
19065 172
19065 51
19065 86
19065 211
19065 225
19065 234
19065 164
19065 229
19065 233
19065 237
19065 60
19065 69
19065 87
19065 113
19065 136
19065 139
19065 193
19065 91
19065 134
19065 140
19065 146
19065 163
19065 204
19065 47
19065 160
19065 184
19065 209
19065 215
19065 43
19065 61
19065 71
19065 111
19065 151
19065 159
19065 1
19065 12
19065 15
19065 18
19065 22
19065 27
19065 4
19065 10
19065 13
19065 29
19065 32
19065 63
19065 124
19065 168
19065 182
19065 188
19065 232
19065 240
19065 243
19065 49
19065 131
19065 161
19065 175
19065 197
19065 228
19065 213
19065 239
19065 246
19065 78
19065 162
19065 214
19065 220
19065 167
19065 54
19065 75
19065 95
19065 176
19065 189
19065 7
19065 30
19065 68
19065 104
19065 114
19065 192
19065 62
19065 72
19065 107
19065 122
19065 138
19065 59
19065 110
19065 200
19065 6
19065 16
19065 17
19065 23
19065 24
19065 26
19065 89
19065 92
19065 106
19065 154
19065 169
19065 88
19065 105
19065 198
19065 70
19065 130
19065 152
19065 223
19065 8
19065 28
19065 36
19618 236
19618 247
19618 257
19618 259
19618 316
19618 16
19618 56
19618 115
19618 121
19618 123
19618 35
19618 41
19618 50
19618 98
19618 113
19618 128
19618 149
19618 217
19618 224
19618 234
19618 238
19618 240
19618 291
19618 6
19618 49
19618 55
19618 89
19618 94
19618 105
19618 10
19618 45
19618 58
19618 82
19618 100
19618 116
19618 145
19618 222
19618 253
19618 264
19618 285
19618 322
19618 40
19618 44
19618 46
19618 53
19618 62
19618 232
19618 237
19618 239
19618 266
19618 288
19618 309
19618 146
19618 172
19618 175
19618 289
19618 343
19618 205
19618 228
19618 230
19618 344
19618 345
19618 43
19618 134
19618 186
19618 196
19618 199
19618 201
19618 208
19618 296
19618 325
19618 245
19618 256
19618 281
19618 326
19618 144
19618 167
19618 210
19618 226
19618 319
19618 334
19618 85
19618 126
19618 136
19618 141
19618 194
19618 215
19618 270
19618 330
19618 158
19618 202
19618 250
19618 283
19618 203
19618 275
19618 295
19618 314
19618 342
19618 177
19618 213
19618 254
19618 260
19618 292
19618 301
19618 151
19618 155
19618 219
19618 220
19618 223
19618 165
19618 191
19618 312
19618 157
19618 195
19618 207
19618 310
19618 83
19618 92
19618 102
19618 131
19618 139
19618 150
19618 171
19618 181
19618 204
19618 218
19618 303
19618 156
19618 161
19618 209
19618 212
19618 261
19618 297
19618 143
19618 174
19618 246
19618 298
19618 331
19618 335
19618 148
19618 183
19618 198
19618 273
19618 317
19618 233
19618 160
19618 168
19618 173
19618 216
19618 267
19618 293
19618 318
19618 7
19618 23
19618 47
19618 51
19618 65
19618 69
19054 32
19054 85
19054 102
19054 110
19054 115
19054 7
19054 22
19054 31
19054 125
19054 15
19054 70
19054 71
19054 104
19054 121
19054 19
19054 65
19054 77
19054 119
19054 127
19054 36
19054 49
19054 69
19054 92
19054 0
19054 63
19054 128
19054 133
19054 1
19054 5
19054 6
19054 62
19054 130
19054 23
19054 26
19054 35
19054 38
19054 56
19054 79
19054 2
19054 59
19054 61
19054 88
19054 96
19054 67
19054 72
19054 74
19054 103
19054 21
19054 30
19054 78
19054 87
19054 107
19054 10
19054 47
19054 55
19054 112
19054 46
19054 51
19054 91
19054 117
19054 126
19054 25
19054 29
19054 116
19054 14
19054 81
19054 34
19054 50
19054 66
19054 75
19054 95
19054 145
19054 12
19054 134
19054 135
19054 138
19054 146
19054 52
19054 86
19054 111
18964 3
18964 6
18964 15
18964 27
18964 40
18964 0
18964 14
18964 16
18964 20
18964 24
18964 48
18964 2
18964 4
18964 17
18964 39
18964 41
18964 46
18964 59
18964 8
18964 55
18964 53
18964 13
18964 23
18964 28
18964 30
18964 45
18964 25
18964 26
18964 36
18964 52
18964 7
18964 44
18964 50
18964 51
18964 57
18964 11
18964 31
18964 32
18964 58
18964 63
18964 64
18964 65
18964 66
18964 67
18964 68
18964 34
18964 35
18964 37
18964 42
18964 43
18964 54
19493 74
19493 110
19493 173
19493 53
19493 153
19493 156
19656 317
19656 336
19656 339
19656 114
19656 123
19656 224
19656 277
19656 324
19656 65
19656 108
19656 139
19656 180
19656 27
19656 135
19656 148
19656 157
19656 258
19656 268
19656 293
19656 2
19656 97
19656 101
19656 153
19656 174
19656 193
19656 344
19656 21
19656 33
19656 250
19656 273
19656 286
19656 36
19656 128
19656 316
19656 330
19656 307
19656 323
19656 332
19656 343
19656 52
19656 112
19656 170
19656 302
19656 309
19656 113
19656 173
19656 185
19656 320
19656 278
19656 321
19656 333
19656 334
19656 75
19656 163
19656 199
19656 222
19656 255
19656 265
19656 5
19656 63
19656 82
19656 133
19656 164
19656 231
19656 304
19656 313
19656 315
19656 340
19656 117
19656 119
19656 198
19656 210
19656 256
19656 78
19656 85
19656 104
19656 11
19656 118
19656 141
19656 282
19656 288
19656 298
19656 31
19656 140
19656 310
19656 327
19656 331
19656 16
19656 95
19656 107
19656 137
19656 213
19656 218
19656 275
19656 45
19656 305
19656 306
19656 328
19656 239
19656 246
19656 312
19656 325
19656 23
19656 71
19656 130
19656 319
19656 56
19656 100
19656 142
19656 189
19656 294
19656 156
19656 160
19656 172
19656 207
19656 238
19656 242
19656 6
19656 57
19656 147
19656 196
19656 236
19656 10
19656 42
19656 43
19656 169
19656 184
19656 94
19656 195
19656 214
19656 301
19656 38
19656 179
19656 284
19656 303
19593 0
19593 45
19593 56
19593 63
19593 70
19593 110
19593 115
19079 27
19079 74
19079 89
19079 99
19079 100
19079 41
19079 57
19079 88
19553 139
19553 145
19553 176
19553 201
19553 227
19553 213
19553 220
19553 251
19553 258
19553 154
19553 155
19553 186
19553 195
19553 215
19553 231
19553 233
19553 150
19553 162
19553 178
19553 182
19553 228
19553 244
19553 16
19553 18
19553 33
19553 110
19553 115
19553 187
19553 247
19553 255
19553 264
19553 12
19553 38
19553 39
19553 61
19553 62
19553 74
19553 158
19553 183
19553 260
19553 2
19553 10
19553 37
19553 69
19553 71
19553 73
19553 134
19553 135
19553 170
19553 172
19553 206
19553 180
19553 202
19553 212
19553 232
19553 234
19553 54
19553 82
19553 88
19553 100
19553 114
19553 26
19553 78
19553 91
19553 130
19553 9
19553 22
19553 28
19553 56
19553 67
19553 143
19553 169
19553 175
19553 190
19553 192
19553 0
19553 6
19553 11
19553 24
19553 43
19553 72
19553 140
19553 141
19553 184
19553 219
19553 230
19553 133
19553 167
19553 181
19553 193
19553 194
19553 210
19607 46
19607 102
19607 107
19607 117
19607 4
19607 42
19607 59
19607 62
19607 63
19607 83
19607 7
19607 44
19607 82
19607 87
19607 89
19607 99
19074 25
19074 35
19074 36
19074 40
19074 3
19074 18
19074 22
19074 41
19074 1
19074 8
19074 13
19074 14
19074 23
19475 13
19475 129
19475 194
19475 244
19475 260
19475 285
19475 326
19618 170
19618 187
19618 241
19618 242
19618 286
19618 304
19618 159
19618 185
19618 227
19618 308
19618 313
19618 302
19618 340
19618 178
19618 193
19618 229
19618 280
19618 154
19618 182
19618 188
19618 189
19618 333
19618 37
19618 39
19618 97
19618 99
19618 122
19618 190
19618 278
19618 299
19618 305
19618 347
19715 5
19715 34
19715 60
19715 167
19715 189
19715 230
19715 26
19715 57
19715 251
19715 252
19715 274
19715 304
19715 329
19715 403
19715 462
19715 539
19715 15
19715 33
19715 42
19715 134
19715 169
19715 435
19715 441
19715 464
19715 473
19715 476
19715 41
19715 44
19715 61
19715 75
19715 166
19715 221
19715 282
19715 58
19715 108
19715 111
19715 142
19715 155
19685 1
19685 2
19685 42
19685 106
19685 3
19685 27
19685 107
19685 109
19685 115
19685 18
19685 61
19685 69
19685 71
19685 89
19685 90
19685 0
19685 54
19685 63
19685 105
19685 9
19685 38
19685 46
19685 68
19685 76
19685 80
19685 58
19685 75
19685 100
19685 111
19685 7
19685 77
19685 78
19685 83
19685 86
19685 101
19685 28
19685 33
19685 40
19685 96
19685 4
19685 13
19685 47
19685 56
19685 60
19685 66
19685 6
19685 34
19685 35
19685 108
19685 15
19685 24
19685 85
19685 103
19685 114
19685 116
19685 25
19685 39
19685 98
19685 104
19685 110
19685 94
19685 12
19685 37
19685 59
19685 82
19685 19
19685 20
19685 32
19685 41
19685 99
19685 5
19685 11
19685 23
19685 29
19685 64
19685 87
19685 88
19656 18
19656 54
19656 68
19656 155
19656 249
19656 289
19423 172
19423 274
19423 0
19423 143
19423 151
19423 347
19423 371
19423 381
19423 415
19423 439
19670 111
19670 121
19670 132
19670 140
19670 151
19670 214
19670 248
19670 125
19670 139
19670 146
19670 173
19670 178
19670 205
19751 416
19751 429
19751 437
19751 4
19751 26
19751 108
19751 401
19751 209
19751 278
19751 395
19751 427
19751 73
19751 357
19751 410
19751 433
19751 439
19751 58
19751 138
19751 230
19751 265
19751 351
19751 35
19751 68
19751 70
19751 84
19751 215
19571 110
19571 130
19571 139
19571 144
19571 10
19571 58
19571 60
19571 61
19571 119
19571 0
19571 18
19571 23
19571 77
19571 97
19571 6
19571 13
19571 26
19571 27
19571 53
19571 63
19571 82
19571 84
19571 108
19571 113
19571 62
19571 135
19571 137
19571 141
19571 7
19571 34
19571 38
19571 99
19571 112
19571 122
19571 42
19571 47
19571 78
19571 80
19571 106
19571 54
19571 55
19571 115
19571 125
19571 140
19571 48
19571 76
19571 117
19571 127
19571 138
19571 73
19571 103
19571 131
19571 11
19571 59
19571 65
19571 70
19571 94
19571 120
19509 415
19509 473
19509 115
19509 141
19509 249
19509 310
19509 335
19509 433
19509 459
19509 207
19509 476
19509 492
19509 538
19509 548
19509 566
19509 570
19509 601
19509 611
19509 616
19509 617
19509 519
19509 532
19509 534
19509 575
19509 587
19509 588
19509 598
19509 612
19509 526
19509 629
19509 523
19509 562
19509 581
19509 627
19509 94
19509 126
19509 164
19509 252
19509 297
19509 303
19509 366
19509 148
19509 221
19509 97
19509 215
19509 321
19509 322
19509 417
19509 458
19509 474
19509 486
19509 82
19509 129
19509 195
19509 220
19509 267
19509 282
19509 290
19509 301
19509 353
19509 376
19509 467
19509 520
19509 521
19509 525
19509 541
19509 546
19509 563
19509 567
19509 615
19509 626
19509 175
19509 197
19509 208
19509 258
19509 295
19509 409
19509 449
19509 0
19509 18
19509 62
19509 65
19509 81
19509 504
19509 125
19509 210
19509 242
19509 300
19509 325
19509 414
19509 438
19509 460
19509 528
19509 545
19509 550
19509 554
19509 582
19509 589
19509 591
19509 604
19509 402
19509 503
19509 508
19509 162
19509 176
19509 180
19509 206
19509 238
19509 264
19509 281
19509 313
19509 314
19509 178
19509 196
19509 216
19509 293
19509 299
19509 324
19509 328
19509 377
19509 513
19509 518
19509 522
19509 524
19509 553
19509 558
19509 597
19509 609
19509 269
19509 461
19509 171
19509 191
19509 224
19509 228
19509 268
19509 312
19509 351
19509 487
19509 489
19509 245
19509 276
19509 478
19509 8
19509 9
19509 24
19509 31
19509 32
19509 47
19509 52
19509 57
19509 516
19509 531
19509 564
19509 569
19509 578
19509 593
19509 596
19509 211
19509 240
19509 288
19509 117
19509 144
19509 203
19509 285
19509 305
19509 347
19509 361
19509 384
19509 30
19509 71
19509 111
19509 170
19509 188
19509 259
19509 284
19509 374
19509 382
19509 413
19509 4
19509 12
19509 34
19509 39
19509 42
19509 51
19509 59
19509 70
19509 78
19509 118
19509 257
19509 453
19509 136
19509 166
19509 517
19509 547
19509 568
19509 571
19509 594
19509 600
19509 98
19509 153
19509 158
19509 199
19509 209
19509 404
19509 410
19509 439
19509 427
19509 101
19509 418
19509 61
19509 67
19509 79
19509 14
19509 74
19509 76
19509 93
19509 143
19509 186
19509 344
19509 435
19509 451
19509 469
19509 482
19509 447
19509 514
19509 530
19509 542
19509 544
19509 572
19509 613
19509 614
19509 218
19509 248
19509 279
19509 365
19509 375
19509 483
19509 510
19509 512
19509 579
19509 599
19509 630
19509 88
19509 392
19509 2
19509 6
19509 11
19509 26
19509 46
19509 48
19509 64
19509 72
19509 131
19509 502
19509 10
19509 21
19509 25
19509 27
19509 45
19509 56
19509 60
19509 75
19509 490
19509 147
19509 184
19509 232
19509 256
19509 363
19509 411
19509 446
19509 480
19509 152
19509 491
19509 95
19509 163
19509 146
19509 154
19509 498
19509 183
19509 194
19509 213
19509 227
19509 266
19509 308
19509 423
19509 86
19509 116
19509 127
19509 185
19509 214
19509 275
19509 296
19509 398
19509 405
18980 14
18980 59
18980 111
18980 225
18980 8
18980 37
18980 147
18980 240
18980 42
18980 101
18980 141
18980 161
18980 182
18980 77
18980 82
18980 85
18980 120
18980 242
19456 3
19456 100
19456 6
19456 30
19456 2
19456 36
19456 49
19456 58
19456 63
19456 74
19456 75
19456 82
19456 87
19456 92
19456 4
19456 51
19456 53
19456 62
19456 66
19456 67
19456 78
19456 85
19456 102
19456 68
19456 7
19456 17
19456 18
19456 19
19456 21
19456 31
19456 48
19456 50
19456 90
19456 8
19456 104
19456 1
19456 20
19456 38
19456 39
19456 59
19456 60
19456 89
19456 98
19456 12
19456 32
19456 34
19456 40
19456 52
19456 55
19456 94
19456 97
19456 0
19456 5
19456 9
19456 25
19456 26
19456 43
19456 45
19456 70
19456 88
19456 93
19717 27
19717 60
19717 85
19717 136
19717 220
19717 304
19717 348
19717 471
19717 3
19717 24
19717 155
19717 262
19717 296
19717 313
19717 386
19717 2
19717 84
19717 190
19717 330
19717 336
19717 369
19717 475
19672 5
19672 9
19672 11
19672 13
19672 16
19672 22
19672 23
19672 1
19672 24
19672 25
19672 8
19672 21
19748 180
19748 184
19748 203
19748 81
19748 181
19748 205
19748 224
19523 83
19523 86
19529 282
19529 292
19529 308
19529 319
19529 337
19529 375
19529 18
19529 107
19529 114
19529 179
19529 159
19529 247
19529 15
19529 22
19529 53
19529 73
19529 139
19529 281
19529 285
19529 287
19529 291
19529 335
19529 336
19529 21
19529 37
19529 45
19529 162
19051 26
19051 195
19051 204
19051 225
19051 252
19021 327
19021 330
19021 435
19021 522
19021 524
19021 29
19021 274
19021 289
19021 290
19021 17
19021 88
19021 157
19021 233
19021 252
19021 265
19021 3
19021 6
19021 23
19021 77
19021 177
19021 271
19021 325
19021 397
19021 441
19021 595
19616 69
19616 72
19616 98
19616 102
19616 149
19616 92
19616 157
19616 162
19616 170
19616 171
19616 10
19616 41
19616 66
19616 84
19616 124
19616 25
19616 46
19616 78
19616 105
19616 109
19616 129
19616 65
19616 75
19616 88
19616 89
19616 161
19616 24
19616 54
19616 131
19616 160
19616 63
19616 100
19616 122
19616 136
19616 156
19616 13
19616 21
19616 123
19616 141
19616 147
19616 155
19616 48
19616 118
19616 134
19616 146
19616 164
19616 9
19616 29
19616 37
19616 59
19616 80
19616 107
19616 53
19616 67
19616 70
19616 168
19616 36
19616 167
19616 174
19616 62
19616 104
19616 108
19616 135
19616 144
19616 28
19616 56
19616 58
19616 139
19616 151
19616 15
19616 44
19616 57
19616 101
19616 133
19616 17
19616 23
19616 32
19616 40
19616 47
19616 73
19616 121
19616 16
19616 76
19616 90
19616 114
19616 137
19616 148
19616 60
19616 71
19616 81
19616 130
19496 245
19496 289
19519 168
19519 195
19519 198
19727 32
19727 53
19727 72
19727 140
19727 269
19727 309
19727 61
19727 108
19727 197
19727 202
19727 306
19727 308
19727 18
19727 87
19727 349
19727 354
19727 98
19727 123
19727 131
19727 198
19727 230
19727 313
19727 47
19727 362
19727 365
19727 370
19596 0
19596 8
19596 16
19596 22
19596 38
19596 71
19596 83
19596 33
19596 40
19596 46
19596 56
19596 72
19596 73
19596 89
19724 83
19724 101
19724 263
19724 315
19724 22
19724 28
19724 67
19724 197
19724 239
19724 398
19724 404
19724 8
19724 157
19724 246
19724 274
19724 387
19493 43
19493 65
19493 102
19493 108
19493 115
19493 133
19493 138
19493 144
19493 145
19085 79
19085 145
19085 189
19085 229
19085 19
19085 40
19085 59
19085 195
19085 258
19085 265
19085 277
19085 311
19085 306
19085 315
19085 26
19085 100
19085 210
19085 308
19085 39
19085 67
19085 84
19085 242
19085 276
19085 234
19085 220
19085 96
19085 136
19085 141
19085 165
19085 299
19085 17
19085 18
19085 169
19085 302
19085 158
19085 49
19085 126
19085 144
19085 164
19085 233
19085 51
19085 78
19085 192
19085 309
19085 272
19085 303
19085 99
19085 132
19085 142
19085 219
19085 247
19085 0
19085 9
19085 76
19085 197
19085 3
19085 88
19085 159
19085 225
19085 238
19085 274
19085 8
19085 47
19085 185
19085 254
19085 130
19085 177
19085 264
19085 312
19085 29
19085 30
19085 107
19085 279
19085 52
19085 129
19085 137
19085 183
19085 184
19085 188
19085 163
19085 173
19085 211
19085 218
19085 146
19085 269
19085 288
19085 290
19085 293
19085 22
19085 72
19085 87
19085 97
19085 259
19085 1
19085 60
19085 92
19085 174
19085 216
19085 77
19085 260
19085 300
19085 41
19085 89
19085 170
19085 179
19085 241
19085 43
19085 58
19085 116
19085 120
19085 151
19085 213
19085 37
19085 63
19085 101
19085 202
19085 36
19085 93
19085 138
19085 230
19085 283
19085 14
19085 46
19085 70
19085 80
19085 134
19085 11
19085 74
19085 175
19085 281
19085 24
19085 111
19085 171
19085 212
19085 6
19085 91
19085 182
19085 232
19085 23
19085 69
19085 113
19085 251
19085 44
19085 104
19085 110
19085 133
19085 198
19085 90
19085 102
19085 125
19085 227
19085 5
19085 62
19085 176
19085 285
19085 27
19085 106
19085 178
19085 297
19085 12
19085 38
19085 180
19085 196
19085 48
19085 117
19085 231
19085 294
19085 35
19085 204
19085 255
19085 268
19085 289
19565 8
19565 30
19565 167
19565 179
19565 222
19565 270
19661 198
19661 1
19661 3
19661 46
19661 104
19661 142
19661 146
19661 75
19661 115
19661 208
19661 213
19661 123
19661 207
19661 5
19661 11
19661 26
19661 50
19661 55
19661 74
19661 133
19661 189
19661 121
19661 157
19661 167
19661 202
19661 7
19661 51
19661 81
19661 87
19661 119
19661 164
19661 8
19661 31
19661 97
19661 136
19661 147
19661 9
19661 25
19661 33
19661 38
19661 68
19661 135
19661 182
19661 41
19661 58
19661 70
19661 96
19661 99
19661 160
19661 10
19661 73
19661 131
19661 153
19661 13
19661 17
19661 90
19661 122
19661 134
19661 165
19661 132
19661 141
19661 180
19661 193
19661 2
19661 39
19661 49
19661 107
19661 127
19661 145
19661 158
19661 54
19661 109
19661 53
19661 57
19661 71
19661 113
19661 152
19661 183
19661 23
19661 29
19661 76
19661 124
19661 22
19661 84
19661 86
19661 114
19661 128
19661 159
19661 35
19661 64
19661 93
19568 20
19568 58
19568 67
19568 91
19568 136
19568 140
19568 154
19568 155
19568 209
19568 156
19568 157
19568 195
19568 198
19568 134
19568 171
19568 246
19568 253
19568 109
19568 113
19568 114
19568 143
19568 153
19568 159
19568 249
19568 252
19568 8
19568 34
19568 69
19568 77
19568 94
19568 25
19568 42
19568 54
19568 90
19568 97
19568 103
19568 21
19568 27
19568 92
19568 107
19568 119
19568 183
19568 189
19568 202
19568 235
19568 30
19568 38
19568 81
19568 105
19568 110
19568 132
19568 166
19568 207
19568 222
19568 230
19568 142
19568 144
19568 148
19568 177
19568 215
19568 175
19568 182
19568 192
19568 213
19568 220
19568 228
19568 15
19568 17
19568 36
19568 46
19568 82
19568 96
19568 19
19568 39
19568 44
19568 60
19568 83
19568 116
19568 12
19568 55
19568 68
19568 86
19568 26
19568 100
19568 108
19568 112
19568 172
19568 250
19568 251
19568 254
19568 120
19568 190
19568 193
19568 204
19568 221
19568 236
19568 32
19568 43
19568 63
19568 72
19568 87
19568 126
19568 161
19568 247
19568 181
19568 208
19568 229
19568 240
19568 10
19568 13
19568 66
19568 85
19568 89
19556 72
19556 90
19556 97
19556 110
19556 117
19077 9
19077 19
19077 33
19077 40
19441 8
19441 13
19441 40
19441 47
19441 49
19441 74
19441 81
19580 20
19580 23
19580 40
19580 84
19580 160
19470 204
19470 111
19470 197
19470 39
19470 102
19655 20
19655 36
19655 51
19655 118
19655 139
19655 146
19673 20
19673 53
19673 105
19673 112
18974 235
18974 15
18974 87
18974 120
18974 150
18974 202
18974 3
18974 105
18974 106
18974 214
18974 22
18974 24
18974 50
18974 54
18974 174
18974 177
18974 136
18974 208
18974 210
18974 215
18974 220
18974 45
18974 9
18974 31
18974 41
18974 180
18974 229
18974 38
18974 145
18974 165
18974 217
18974 221
18974 67
18974 76
18974 94
18974 175
18974 204
18974 1
18974 58
18974 110
18974 155
18974 159
18974 192
18974 43
18974 90
18974 171
18974 173
18974 195
18974 108
18974 37
18974 79
18974 129
18974 131
18974 179
18974 98
18974 148
18974 230
18974 236
18974 237
18974 55
18974 68
18974 153
18974 183
18974 23
18974 27
18974 34
18974 102
18974 144
18974 57
18974 80
18974 140
18974 196
18974 232
18974 0
18974 60
18974 81
18974 82
18974 146
18974 63
18974 85
18974 113
18974 206
18974 211
18974 111
18974 117
18974 119
18974 187
18974 198
18974 222
18974 12
18974 36
18974 39
18974 115
18974 167
18974 56
18974 62
18974 70
18974 184
18974 191
19065 98
19065 99
19065 103
19065 155
19065 180
19065 112
19065 165
19065 201
19065 227
19065 52
19065 116
19065 129
19065 143
19065 150
19065 208
19065 210
19065 81
19065 126
19065 158
19065 199
19065 226
19065 121
19065 173
19065 203
19065 216
19065 55
19065 178
19065 181
19065 196
19065 101
19065 156
19065 207
19065 219
19065 231
19065 93
19065 142
19065 212
19065 218
19065 45
19065 66
19065 80
19065 97
19065 108
19065 0
19065 31
19065 9
19065 11
19065 19
19065 20
19065 37
19065 46
19065 53
19065 84
19065 145
19065 190
19065 202
19065 64
19065 117
19065 148
19065 149
19065 177
19065 206
19023 231
19023 233
19023 237
19023 238
19575 144
19575 154
19575 197
19575 204
19575 229
19575 280
19630 219
19630 299
19630 305
19674 12
19674 13
19674 16
19674 32
19674 45
19674 58
19674 66
19674 98
19674 95
19674 17
19674 41
19674 51
19674 54
19674 65
19674 67
19674 76
19674 6
19674 14
19674 21
19674 44
19674 69
19674 70
19674 97
19674 36
19674 38
19674 81
19674 9
19674 33
19674 83
19543 457
19543 515
19543 535
19543 540
19543 162
19543 201
19543 204
19543 276
19543 345
19529 155
19529 165
19529 202
19529 219
19529 225
19529 40
19529 41
19529 50
19529 105
19529 195
19529 5
19529 20
19529 28
19529 213
19529 234
19529 2
19529 153
19529 204
19529 210
19529 232
19529 42
19529 241
19529 260
19529 264
19529 39
19529 67
19529 137
19529 175
19529 217
19529 91
19529 118
19529 192
19529 218
19501 0
19501 7
19501 52
19501 71
19501 102
19501 116
19501 120
19501 136
19501 147
19501 53
19501 58
19501 14
19501 25
19501 33
19501 47
19501 64
19501 65
19501 142
19501 163
19501 5
19501 12
19501 59
19501 63
19501 86
19501 119
19501 131
19501 135
19501 29
19501 49
19501 83
19501 95
19501 100
19501 115
19501 118
19501 166
19501 45
19501 92
19501 130
19501 42
19501 51
19501 72
19501 98
19501 101
19501 108
19501 167
19501 6
19501 30
19501 35
19501 105
19501 114
19501 127
19501 140
19501 107
19501 155
19501 160
19501 4
19501 56
19501 57
19501 61
19501 77
19501 104
19501 122
19501 148
19501 18
19501 21
19501 37
19501 44
19501 79
19501 96
19501 141
19501 145
19501 1
19501 34
19501 90
19501 93
19501 103
19501 109
19501 146
19501 16
19501 17
19501 26
19501 46
19501 48
19501 111
19501 126
19501 132
19501 168
19501 87
19613 36
19613 15
19613 28
19613 30
19613 33
19613 1
19613 9
19613 14
19613 19
19613 27
19613 37
19416 23
19416 24
19416 40
19416 44
19416 53
19416 57
19416 66
19416 72
19416 87
19416 0
19416 51
19416 174
19416 28
19416 35
19416 38
19416 59
19416 95
19416 100
19416 107
19416 139
19416 1
19416 15
19416 31
19416 131
19416 132
19416 133
19416 137
19416 173
19416 17
19416 75
19416 78
19416 138
19416 141
19416 142
19416 150
19416 161
19416 155
19416 50
19416 111
19416 90
19416 109
19416 144
19416 156
19416 145
19416 47
19416 74
19416 102
19416 110
19416 152
19416 154
19416 159
19416 160
19416 7
19416 54
19416 88
19416 92
19416 93
19416 94
19416 123
19416 134
19548 225
19548 227
19548 256
19548 257
19548 268
19548 320
19635 1
19635 2
19635 4
19635 6
19635 7
19635 12
19635 11
19722 49
19722 77
19722 222
19722 328
19722 408
19722 420
19722 440
19722 458
19722 1
19722 192
19722 262
19722 419
19722 462
19722 302
19722 318
19722 363
19722 497
19722 528
19722 16
19722 203
19722 394
19722 541
19722 155
19722 316
19722 143
19722 342
19722 364
19722 383
19722 411
19722 441
19722 453
19722 95
19722 133
19722 173
19722 468
19722 490
19722 24
19722 254
19722 268
19722 366
19722 449
19636 6
19636 12
19636 13
19636 15
19636 21
19636 25
19636 30
19538 17
19538 100
19538 121
19538 228
19538 264
19538 268
19538 293
19538 296
19538 13
19538 193
19538 2
19538 55
19538 85
19538 116
19538 145
19538 160
19538 201
19538 210
19538 142
19538 143
19538 168
19538 211
19538 234
19538 235
19538 289
19538 291
19538 8
19538 54
19538 62
19538 164
19538 187
19538 202
19538 233
19538 297
19538 298
19538 299
19538 300
19538 15
19538 22
19538 33
19538 37
19538 69
19538 97
19538 138
19538 150
19538 11
19538 56
19538 84
19538 172
19538 182
19538 191
19538 222
19538 271
19538 281
19538 36
19538 136
19538 286
19538 277
19538 46
19538 135
19538 170
19538 205
19538 232
19538 247
19538 272
19538 5
19538 20
19538 68
19538 73
19538 113
19538 156
19538 178
19538 251
19538 255
19538 63
19538 161
19538 175
19538 9
19538 24
19538 61
19538 132
19538 218
19538 225
19538 262
19538 280
19538 102
19538 134
19538 266
19538 47
19538 238
19538 39
19538 72
19538 104
19538 137
19538 184
19538 190
19538 198
19538 243
19538 21
19538 12
19538 16
19538 31
19538 79
19538 81
19538 87
19538 124
19538 195
19538 216
19538 66
19538 217
19538 51
19538 126
19538 149
19538 155
19538 162
19538 181
19538 230
19538 252
19538 10
19538 99
19538 107
19538 127
19538 146
19538 147
19538 167
19538 231
19538 239
19538 254
19538 163
19538 279
19538 285
19538 276
19538 283
19538 294
19538 60
19538 76
19538 96
19538 154
19538 179
19538 203
19538 208
19538 245
19538 42
19538 48
19538 148
19538 200
19538 253
19538 259
19538 284
19538 64
19538 89
19538 91
19538 109
19538 165
19538 229
19538 261
19538 267
19538 151
19538 275
19538 288
19538 14
19538 25
19538 70
19538 83
19538 92
19538 93
19538 111
19538 139
19538 140
19538 242
19636 14
19636 31
19451 7
19451 11
19451 42
19451 52
19451 59
19451 68
19451 116
19451 119
19451 127
19451 176
19451 256
19451 265
19451 323
19451 407
19451 408
19451 417
19451 520
19674 7
19674 11
19674 37
19674 55
19674 72
19674 80
19674 5
19674 28
19674 35
19674 47
19674 57
19674 1
19674 43
19674 48
19674 61
19674 85
19674 93
19477 43
19477 268
19477 338
19477 11
19477 67
19477 176
19477 262
19477 345
19477 386
19477 393
19477 31
19477 407
19477 8
19477 199
19477 438
19477 444
19477 486
19477 507
19477 522
19477 548
19477 554
19477 571
19477 508
19477 588
19477 593
19477 26
19477 52
19477 54
19477 78
19477 114
19477 129
19477 272
19446 184
19446 223
19446 233
19446 253
19446 357
19446 88
19446 171
19446 249
19446 279
19446 289
19519 0
19519 10
19519 20
19519 36
19519 38
19519 66
19519 76
19519 85
19519 64
19519 88
19519 101
19519 104
19519 117
19519 140
19519 152
19519 169
19519 192
19519 15
19519 26
19519 29
19519 51
19519 98
19519 127
19519 145
19519 148
19519 178
19519 2
19519 185
19519 31
19519 42
19519 61
19519 91
19519 107
19519 164
19519 167
19519 194
19519 16
19519 90
19519 93
19519 129
19519 130
19519 159
19519 173
19519 176
19519 170
19519 9
19519 30
19519 58
19519 73
19519 83
19519 105
19519 162
19519 41
19519 184
19519 19
19519 23
19519 56
19519 72
19519 89
19519 137
19519 147
19519 156
19519 172
19519 4
19519 8
19519 24
19519 43
19519 80
19519 92
19519 111
19519 121
19519 99
19519 199
19519 202
19519 187
19519 118
19519 133
19519 165
19519 122
19519 190
19519 7
19519 153
19519 11
19519 40
19519 53
19519 55
19519 109
19519 120
19519 123
19519 182
19519 193
19645 1
19645 8
19645 10
19645 32
19645 34
19645 7
19645 17
19645 47
19645 53
19645 5
19645 20
19645 24
19645 41
19645 55
19645 64
19645 23
19645 75
19645 46
19645 48
19645 51
19645 56
19645 12
19645 13
19645 18
19645 27
19645 62
19645 73
19553 142
19553 246
19553 253
19553 4
19553 30
19553 48
19553 57
19553 116
19553 153
19553 191
19553 197
19553 203
19553 239
19553 240
19553 252
19553 70
19553 127
19553 129
19553 199
19553 204
19553 257
19553 263
19553 27
19553 35
19553 44
19553 95
19553 98
19553 14
19553 21
19553 66
19553 104
19553 106
19553 107
19553 109
19553 36
19553 40
19553 46
19553 68
19553 80
19553 83
19553 144
19553 152
19553 164
19553 205
19553 243
19553 20
19553 23
19553 42
19553 45
19553 99
19553 119
19553 1
19553 31
19553 49
19553 96
19553 102
19553 41
19553 93
19553 126
19553 5
19553 17
19553 111
19553 121
19553 159
19553 166
19553 189
19553 200
19553 207
19553 236
19553 55
19553 59
19553 65
19553 79
19553 113
19553 122
19553 136
19553 160
19553 171
19553 214
19553 242
19553 132
19553 168
19553 216
19553 222
19553 241
19553 147
19553 165
19553 198
19553 218
19553 225
19553 237
19553 58
19553 76
19553 84
19553 86
19553 90
19553 3
19553 81
19553 128
19553 149
19553 151
19553 161
19553 208
19553 229
19553 13
19553 19
19553 60
19553 77
19553 85
19553 108
19553 196
19553 245
19553 249
19553 7
19553 15
19553 34
19553 51
19553 64
19553 156
19553 173
19553 174
19553 238
19553 250
19553 8
19553 29
19553 63
19553 97
19553 125
19553 217
19553 235
19553 259
19553 148
19553 163
19553 209
19553 221
19553 256
19553 32
19553 47
19553 94
19553 120
19553 124
19553 137
19553 138
19553 179
19553 185
19553 188
19553 223
19553 224
19553 75
19553 103
19553 112
19553 118
19553 50
19553 52
19553 87
19553 92
19716 130
19716 232
19716 256
19716 316
19716 336
19716 358
19716 462
19716 259
19716 530
19716 531
19716 532
19716 405
19716 425
19716 534
19716 76
19716 218
19716 236
19716 326
19716 376
19716 393
19716 430
19586 8
19586 17
19586 117
19586 150
19586 170
19586 199
19586 211
19598 3
19598 15
19598 19
19598 37
19598 86
19585 25
19585 46
19585 107
19585 112
19585 55
19585 57
19585 58
19585 89
19585 105
19585 119
19585 33
19585 52
19585 77
19585 102
19585 104
19585 66
19585 82
19585 94
19585 125
19585 148
19585 168
19585 175
19585 180
19585 118
19585 130
19585 156
19585 158
19585 169
19585 176
19585 189
19585 34
19585 68
19585 72
19585 92
19585 93
19585 111
19585 0
19585 24
19585 54
19585 56
19585 91
19585 116
19585 136
19585 143
19585 146
19585 165
19585 170
19585 188
19585 191
19585 16
19585 42
19585 53
19585 79
19585 108
19585 8
19585 23
19585 51
19585 65
19585 81
19585 100
19585 1
19585 6
19585 31
19585 41
19585 86
19585 106
19585 134
19585 135
19585 155
19585 157
19585 159
19585 174
19585 179
19585 37
19585 69
19585 74
19585 96
19585 99
19585 5
19585 13
19585 15
19585 21
19585 78
19585 80
19585 12
19585 26
19585 62
19585 83
19503 59
19503 66
19503 131
19503 214
19503 231
19503 279
18980 18
18980 201
18980 283
18980 285
18980 16
18980 108
18980 149
18980 238
18980 252
18980 57
18980 94
18980 113
18980 162
18980 250
18980 44
18980 88
18980 199
18980 205
18980 254
18980 49
18980 122
18980 152
18980 228
18980 26
18980 102
18980 130
18980 171
18980 251
19574 214
19574 230
19574 297
19574 310
19064 158
19064 161
19064 177
19064 215
19064 265
19064 152
19064 182
19064 268
19064 350
19064 408
19064 202
19064 398
19064 21
19064 48
19064 54
19064 58
19064 98
19064 119
19064 11
19064 72
19064 87
19064 97
19064 112
19064 174
19064 231
19064 275
19064 276
19064 342
19064 358
19064 171
19064 205
19064 216
19064 304
19064 333
19064 341
19064 253
19064 314
19064 361
19064 393
19465 2
19465 12
19465 14
19465 21
19465 26
19465 28
19465 33
19465 41
19624 104
19624 129
19624 134
19624 146
19624 181
19624 13
19624 30
19624 69
19624 110
19624 135
19624 161
19079 9
19079 35
19079 63
19079 71
19079 98
19079 10
19079 13
19079 20
19079 38
19079 42
19079 86
19079 28
19079 39
19079 49
19079 54
19079 2
19079 83
19079 95
19079 1
19079 5
19079 32
19079 87
19079 37
19079 44
19079 47
19079 62
19079 82
19079 26
19079 56
19079 61
19079 70
19079 77
19079 16
19079 34
19079 50
19079 66
19079 75
19079 85
19079 94
19515 20
19515 166
19460 4
19460 6
19460 108
19460 80
19460 107
19460 2
19460 29
19460 55
19460 63
19460 87
19460 88
19460 89
19460 20
19460 32
19460 43
19460 58
19460 75
19460 85
19460 98
19460 19
19460 44
19460 47
19460 53
19460 57
19460 61
19460 92
19460 97
19460 3
19460 21
19460 23
19460 39
19460 64
19460 78
19460 81
19460 94
19460 101
19460 15
19460 103
19460 27
19460 52
19460 82
19460 83
19460 90
19460 99
19460 109
19460 1
19460 100
19460 24
19460 25
19460 26
19460 37
19460 45
19460 49
19460 77
19460 79
19460 86
19460 104
19554 2
19554 4
19554 7
19554 8
19554 10
19554 12
19554 11
19554 13
19554 15
19471 205
19471 215
19471 222
19471 238
19471 241
19471 242
19471 263
19471 341
19471 349
19471 248
19471 279
19471 282
19471 285
19471 309
19471 314
19471 319
19444 91
19444 328
19639 24
19639 32
19639 73
19639 232
19639 248
19639 75
19639 199
19639 237
19639 95
19639 138
19639 231
19639 268
19639 14
19639 39
19639 141
19639 198
19639 7
19639 54
19639 128
19639 154
19639 182
19639 214
19639 18
19639 27
19639 217
19639 260
19639 266
19639 16
19639 20
19639 26
19639 53
19639 195
19639 227
19639 185
19639 17
19639 28
19639 140
19639 157
19639 170
19639 84
19639 189
19639 207
19639 262
19639 279
19639 127
19639 156
19639 160
19639 171
19639 257
19639 30
19639 36
19639 265
19639 285
19639 304
19639 35
19639 41
19639 235
19639 9
19639 284
19639 289
19639 291
19639 38
19639 65
19639 85
19639 124
19639 131
19639 137
19639 269
19639 5
19639 46
19639 64
19639 125
19639 180
19639 212
19639 242
19639 126
19639 236
19639 280
19639 103
19639 104
19639 110
19639 148
19639 203
19639 249
19639 278
19639 29
19639 201
19639 205
19639 251
19639 274
19639 8
19639 13
19639 40
19639 90
19639 206
19639 108
19639 158
19639 200
19639 241
19639 275
19639 2
19639 63
19639 147
19639 208
19639 226
19639 234
19488 181
19488 81
19488 175
19488 39
19488 64
19488 72
19488 92
19488 107
19488 116
19488 162
19488 170
19488 24
19488 27
19488 31
19488 60
19488 91
19488 103
19488 122
19488 180
19488 189
19488 83
19488 179
19488 90
19488 140
19488 169
19488 18
19488 21
19488 37
19488 45
19488 88
19488 97
19488 111
19488 158
19488 1
19488 26
19488 33
19488 114
19488 139
19488 143
19488 146
19488 174
19488 166
19488 172
19488 6
19488 42
19488 50
19488 69
19488 74
19488 118
19488 133
19488 145
19488 4
19488 29
19488 30
19488 49
19488 86
19488 99
19488 148
19488 178
19488 23
19488 19
19488 3
19488 68
19488 76
19488 113
19488 135
19488 138
19488 147
19488 7
19488 56
19488 79
19488 93
19488 100
19488 106
19488 141
19488 142
19488 151
19488 196
19006 1
19006 2
19006 7
19006 11
19006 16
19006 3
19006 6
19006 9
19006 10
19006 15
19006 18
19006 21
19006 0
19006 4
19006 12
19006 14
19006 19
18976 27
18976 91
18976 3
18976 10
18976 84
18976 243
18976 299
18976 31
18976 32
18976 147
18976 171
18976 187
18976 71
18976 120
18976 154
18976 269
18976 272
18976 59
18976 130
18976 198
18976 210
18976 23
18976 53
18976 77
18976 163
18976 303
18976 1
18976 21
18976 254
18976 313
18976 65
18976 82
18976 103
18976 123
18976 49
18976 122
18976 132
18976 155
18976 247
19692 527
19692 189
19692 281
19692 328
19692 483
19692 30
19692 187
19692 217
19692 260
19692 291
19692 486
19692 513
19692 538
19692 4
19692 236
19692 528
19692 535
19692 54
19692 396
19692 417
19692 47
19692 51
19692 124
19692 192
19692 235
19692 382
19692 26
19692 128
19692 159
19692 210
19692 302
19692 333
19692 162
19692 182
19692 245
19692 298
19692 363
19692 422
19692 40
19692 161
19692 243
19692 377
19692 414
19692 423
19692 77
19692 102
19692 209
19692 248
19692 397
19692 402
19692 442
19692 531
19692 6
19692 131
19692 394
19692 536
19692 257
19692 426
19692 499
19692 508
19692 24
19692 89
19692 239
19692 354
19692 507
19692 200
19692 316
19692 50
19692 100
19692 498
19692 505
19692 42
19692 63
19692 212
19692 283
19692 289
19692 325
19692 408
19692 496
19692 87
19692 152
19692 180
19692 215
19692 219
19692 292
19692 323
19692 116
19692 133
19692 146
19692 147
19692 156
19692 410
19692 435
19692 13
19692 37
19692 96
19692 181
19692 297
19692 1
19692 253
19692 284
19692 315
19692 346
19692 392
19692 93
19692 104
19692 166
19692 183
19692 188
19692 240
19692 461
19692 492
19692 205
19692 264
19692 341
19692 439
19692 154
19692 186
19692 337
19692 453
19692 83
19692 201
19692 458
19692 509
19692 9
19692 20
19692 126
19692 274
19692 336
19692 386
19692 424
19692 165
19692 207
19692 242
19692 313
19692 320
19692 465
19692 280
19692 463
19692 468
19692 542
19692 254
19692 360
19692 436
19692 503
19692 267
19692 476
19692 84
19692 98
19692 305
19692 455
19692 23
19692 78
19692 115
19692 168
19692 330
19692 370
19692 67
19692 143
19692 286
19692 385
19692 304
19692 318
19692 470
19692 474
19692 59
19692 92
19692 153
19692 163
18987 3
18987 10
18987 15
18987 23
18987 44
18987 7
18987 55
18987 98
18987 107
18987 9
18987 12
18987 22
18987 96
18987 102
18987 106
18987 33
18987 115
18987 123
18987 132
18987 120
18987 88
18987 16
18987 38
18987 53
18987 85
18987 64
18987 116
18987 0
18987 75
18987 82
18987 100
18987 63
18987 66
18987 70
18987 127
18987 21
18987 32
18987 69
18987 109
18987 11
18987 19
18987 39
18987 84
18987 95
18987 13
18987 27
18987 42
18987 54
18987 83
18987 20
18987 45
18987 73
18987 81
18987 87
18987 14
18987 25
18987 50
18987 128
18987 30
18987 57
18987 76
18987 103
18987 56
18987 130
18987 6
18987 29
18987 90
18987 108
18987 34
18987 51
18987 72
18987 92
18987 97
18987 2
18987 65
18987 77
18987 110
19521 470
19521 529
19521 613
19521 753
19521 772
19521 72
19521 267
19521 350
19521 365
19750 21
19750 24
19750 27
19750 35
19750 39
19750 45
19750 61
19750 4
19750 5
19750 14
19750 76
19750 77
19750 104
19750 18
19750 29
19750 36
19750 49
19750 63
19750 65
19750 91
19750 46
19750 83
19750 115
19750 0
19750 13
19750 26
19750 50
19750 73
19750 92
19750 102
19750 9
19750 12
19750 38
19750 47
19750 52
19750 87
19750 105
19750 6
19750 30
19750 71
19750 74
19750 95
19750 3
19750 67
19750 111
19750 19
19750 22
19750 81
19750 100
19750 108
19750 23
19750 96
19750 120
19750 11
19750 42
19750 55
19750 69
19750 72
19750 110
19750 2
19750 59
19750 64
19750 85
19750 94
19750 101
19750 20
19750 25
19750 57
19750 60
19750 78
19750 79
19451 289
19451 218
19451 263
19451 321
19451 354
19451 378
19451 419
19451 432
19451 469
19451 343
19451 344
19451 514
19451 66
19451 97
19529 277
19529 290
19529 301
19529 338
19529 344
19529 362
19529 366
19529 85
19529 182
19529 193
19529 214
19529 228
19529 23
19529 44
19529 106
19545 5
19545 76
19545 110
19545 172
19545 209
19545 52
19545 132
19545 206
19545 207
19545 42
19545 51
19545 114
19545 156
19545 165
19545 183
19545 48
19545 186
19545 190
19545 199
19545 90
19545 93
19545 111
19545 123
19545 178
19545 12
19545 67
19545 134
19545 154
19545 166
19545 36
19545 70
19545 164
19545 169
19545 179
19545 20
19545 31
19545 46
19545 126
19545 149
19545 7
19545 54
19545 55
19545 130
19545 162
19545 180
19545 137
19545 185
19545 191
19545 192
19545 200
19545 19
19545 147
19545 195
19545 211
19545 62
19545 80
19545 144
19545 150
19545 158
19545 26
19545 41
19545 64
19545 112
19545 118
19545 141
19545 49
19545 75
19545 96
19545 101
19545 122
19545 138
19545 170
19545 182
19545 196
19545 43
19545 47
19545 121
19545 124
19545 11
19545 28
19545 61
19545 86
19545 194
18964 62
18964 1
18964 47
18964 56
18964 10
18964 18
18964 21
18964 49
18964 61
18964 9
18964 12
18964 19
18964 33
18964 38
18964 5
18964 22
18964 29
18964 60
18972 123
18972 273
18972 422
18972 29
18972 115
18972 259
18972 355
18972 71
18972 147
18972 168
18972 245
18972 18
18972 26
18972 27
18972 56
18972 286
18972 369
18972 21
18972 42
18972 279
18972 339
18972 399
18972 165
18972 249
18972 362
18972 385
18972 426
18972 24
18972 137
18972 174
18972 184
18972 310
18972 365
18972 14
18972 103
18972 106
18972 172
18972 216
18972 307
18972 92
18972 433
18972 441
18972 446
18972 25
18972 70
18972 248
18972 272
18972 364
18972 400
18972 156
18972 247
18972 480
18972 20
18972 155
18972 171
18972 219
18972 296
18972 28
18972 198
18972 233
18972 337
18972 344
18972 176
18972 197
18972 434
18972 448
18972 118
18972 246
18972 356
18972 442
18972 449
18972 95
18972 75
18972 81
18972 121
18972 152
18972 188
18972 62
18972 102
18972 466
18972 468
18972 57
18972 175
18972 309
18972 335
18972 360
18972 108
18972 117
18972 271
18972 293
18972 313
18972 323
18972 347
18972 47
18972 215
18972 302
18972 420
18972 278
18972 324
18972 417
18972 443
18972 54
18972 154
18972 252
18972 261
18972 65
18972 96
18972 382
18972 452
18972 63
18972 146
18972 220
18972 221
18972 285
18972 305
18972 109
18972 260
18972 409
18972 411
18972 82
18972 90
18972 200
18972 210
18972 222
18972 460
18972 30
18972 135
18972 299
18972 306
18972 326
18972 72
18972 173
18972 214
18972 338
18972 359
18972 113
18972 275
18972 462
18972 472
18972 474
18972 134
18972 144
18972 317
18972 415
18972 58
18972 250
18972 282
18972 357
18972 3
18972 153
18972 218
18972 373
18972 402
18972 83
18972 104
18972 124
18972 132
18972 262
18972 342
18972 7
18972 125
18972 193
18972 312
18972 366
18972 6
18972 89
18972 181
18972 280
18972 319
18972 131
18972 185
18972 231
18972 290
18972 431
18972 87
18972 126
18972 196
18972 223
18972 321
18972 403
18972 209
18972 315
18972 378
18972 386
18972 387
18972 142
18972 207
18972 236
18972 388
18972 425
18972 77
18972 140
18972 157
18972 167
18972 300
18972 363
18972 46
18972 52
18972 383
18972 445
18972 456
18972 31
18972 129
18972 133
18972 225
18972 395
18972 430
18972 447
18972 9
18972 12
18972 22
18972 237
18972 74
18972 266
18972 283
18972 351
18972 361
18972 203
18972 235
18972 394
18972 404
18972 406
19564 24
19564 26
19564 44
19564 67
19564 0
19564 3
19564 27
19564 39
19564 72
19564 12
19564 25
19564 28
19564 42
19564 61
19564 7
19564 15
19564 21
19564 37
19564 62
19564 16
19564 20
19564 36
19564 40
19564 43
19564 54
19564 64
19564 68
19564 17
19564 31
19564 46
19564 50
19564 51
19564 71
19564 10
19564 63
19564 70
19637 24
19637 28
19637 33
19637 68
19637 88
19637 90
19637 17
19637 38
19637 73
19637 75
19637 58
19637 60
19637 79
19637 109
19637 0
19637 7
19637 26
19637 57
19637 82
19637 20
19637 52
19637 117
19637 81
19637 108
19637 4
19637 15
19637 39
19637 45
19637 80
19637 105
19637 19
19637 50
19637 54
19637 87
19637 91
19637 98
19495 18
19495 30
19495 62
19495 65
19495 81
19495 93
19495 119
19495 141
19495 176
19495 105
19495 128
19495 180
19495 5
19495 39
19495 97
19495 114
19495 125
19495 154
19495 175
19495 188
19495 35
19495 149
19495 184
19495 64
19495 143
19495 214
19495 230
19495 237
19495 247
19495 278
19495 288
19495 303
19495 305
19495 307
19495 185
19495 1
19495 225
19495 228
19495 285
19495 317
19495 325
19495 327
19495 28
19495 75
19495 88
19495 99
19495 110
19495 159
19495 164
19495 32
19495 40
19495 76
19495 85
19495 91
19495 130
19495 139
19495 157
19495 208
19495 15
19495 17
19495 19
19495 43
19495 70
19495 146
19495 9
19495 58
19495 61
19495 63
19495 78
19495 84
19495 102
19495 116
19495 118
19495 267
19495 286
19495 38
19495 57
19495 115
19495 126
19495 138
19495 169
19495 182
19495 193
19495 194
19495 137
19495 209
19495 213
19495 309
19495 312
19495 14
19495 44
19495 47
19495 90
19495 103
19495 122
19495 165
19495 167
19495 202
19495 253
19495 268
19495 275
19495 289
19495 293
19495 314
19495 323
19495 326
19495 33
19495 42
19495 71
19495 112
19495 144
19495 152
19495 201
19495 254
19495 310
19495 200
19495 205
19715 518
19715 520
19715 524
19715 531
19008 30
19008 33
19008 48
19008 62
19008 22
19008 41
19008 47
19008 50
19008 56
19008 10
19008 17
19008 29
19008 71
19008 13
19008 60
19008 83
19008 107
19008 19
19008 25
19008 32
19008 91
19008 31
19008 64
19008 76
19008 92
19008 68
19008 2
19008 44
19008 11
19008 15
19008 42
19008 84
19008 86
19008 21
19008 57
19008 61
19008 75
19008 99
19008 24
19008 37
19008 93
19008 109
19008 110
19008 90
19008 4
19008 43
19008 87
19008 88
19008 94
19552 147
19552 183
19552 328
19552 419
19552 434
19552 452
19552 235
19552 277
19552 320
19552 386
19552 402
19507 137
19507 40
19507 92
19507 139
19507 166
19507 53
19507 199
19507 224
19507 32
19507 46
19507 65
19507 100
19507 157
19507 173
19507 41
19507 66
19507 114
19507 131
19507 190
19507 209
19507 5
19507 8
19507 30
19507 64
19507 73
19507 108
19507 167
19507 195
19507 212
19507 113
19507 122
19507 112
19507 21
19507 48
19507 116
19507 130
19507 147
19507 159
19507 176
19507 219
19507 7
19507 20
19507 96
19507 142
19507 145
19507 146
19507 160
19507 198
19507 227
19507 49
19507 54
19507 148
19507 156
19507 205
19507 211
19507 218
19507 238
19507 144
19507 223
19507 87
19507 135
19507 162
19507 99
19507 15
19507 61
19507 71
19507 106
19507 158
19507 168
19507 185
19507 192
19507 202
19507 215
19507 13
19507 56
19507 62
19507 104
19507 183
19507 203
19507 208
19507 216
19507 217
19507 79
19507 97
19507 177
19507 47
19507 51
19507 68
19507 74
19507 78
19507 85
19507 91
19507 117
19507 134
19507 34
19507 103
19507 127
19507 152
19507 171
19507 207
19507 221
19507 228
19507 230
19507 234
19507 235
19507 4
19507 31
19507 43
19507 57
19507 129
19507 143
19507 181
19507 184
19507 231
19507 70
19507 120
19507 126
19507 187
19507 25
19507 28
19507 39
19507 58
19507 60
19507 88
19507 93
19507 170
19507 36
19507 59
19507 63
19507 121
19507 133
19507 149
19507 154
19507 206
19507 233
19507 17
19507 52
19507 89
19507 136
19507 138
19507 164
19507 172
19507 3
19507 27
19507 44
19507 67
19507 82
19507 118
19507 119
19507 213
19507 22
19507 45
19507 76
19507 125
19507 140
19507 179
19507 188
19616 1
19616 86
19616 106
19616 138
19616 143
19078 63
19078 117
19078 147
19078 165
19078 31
19078 53
19078 60
19078 159
19078 2
19078 40
19078 84
19078 90
19078 168
19078 17
19078 73
19078 76
19078 98
19078 108
19078 138
19078 56
19078 65
19078 99
19078 132
19078 174
19078 55
19078 89
19078 104
19078 107
19078 151
19078 170
19078 50
19078 64
19078 130
19078 139
19078 169
19078 44
19078 102
19078 143
19078 166
19078 6
19078 7
19078 16
19078 27
19078 67
19078 116
19078 61
19078 72
19078 74
19078 78
19078 97
19078 3
19078 11
19078 26
19078 28
19078 69
19078 34
19078 87
19078 171
19078 179
19078 9
19078 122
19078 167
19078 178
19078 172
19078 175
19078 182
19078 185
19078 22
19078 77
19078 81
19078 129
19078 145
19078 39
19078 62
19078 88
19078 112
19078 115
19078 48
19078 49
19078 51
19078 109
19078 160
19078 173
19078 14
19078 18
19078 80
19078 134
19078 142
19640 1
19640 5
19640 11
19640 12
19640 20
19488 0
19488 5
19488 32
19488 38
19488 40
19488 75
19488 154
19488 156
19488 10
19488 15
19488 20
19488 53
19488 61
19488 62
19488 126
19488 101
19488 132
19488 36
19488 51
19488 58
19488 84
19488 124
19488 137
19488 152
19488 164
19734 14
19734 20
19734 29
19734 35
19734 82
19734 102
19589 5
19589 35
19589 81
19589 98
19589 102
19748 9
19748 74
19748 108
19748 128
19748 134
19748 154
19748 28
19748 31
19748 47
19748 48
19748 121
19748 12
19748 39
19748 68
19748 124
19748 137
19748 142
19748 160
19748 19
19748 24
19748 104
19748 114
19748 151
19748 170
19748 11
19748 30
19748 85
19748 116
19748 148
19748 179
19748 157
19748 222
19748 55
19748 107
19748 140
19748 213
19748 54
19748 66
19748 112
19748 164
19748 199
19748 14
19748 18
19748 73
19748 79
19748 83
19748 165
19748 71
19748 82
19748 93
19748 3
19748 32
19748 50
19748 86
19748 122
19748 174
19748 29
19748 62
19748 92
19748 132
19748 133
19748 135
19748 155
19748 77
19748 106
19748 192
19748 70
19748 87
19748 221
19748 6
19748 103
19748 105
19748 152
19748 163
19748 169
19748 84
19748 119
19748 145
19748 196
19748 33
19748 59
19748 175
19748 91
19748 131
19748 178
19748 208
19420 27
19420 34
19420 51
19420 62
19420 86
19420 106
19420 113
19420 123
19420 91
19420 128
19501 13
19501 55
19501 60
19501 68
19501 110
19501 112
19501 149
19501 156
19501 11
19501 24
19501 39
19501 76
19501 123
19501 124
19501 161
19501 171
19501 78
19501 153
19501 97
19501 133
19501 19
19501 85
19501 164
19501 28
19501 36
19501 50
19501 66
19501 73
19501 75
19501 138
19501 143
19501 150
19501 154
19501 159
19501 151
19501 170
19501 80
19501 152
19501 41
19501 69
19501 81
19501 89
19501 106
19501 125
19501 144
19501 158
19501 3
19501 8
19501 38
19501 54
19501 82
19501 84
19501 88
19501 113
19727 15
19727 73
19727 89
19727 166
19727 215
19079 4
19079 12
19079 30
19079 33
19079 60
19589 0
19589 29
19589 37
19589 40
19589 65
19589 94
19589 12
19589 56
19589 69
19589 104
19589 4
19589 15
19589 88
19589 93
19589 14
19589 25
19589 96
19589 97
19589 50
19589 63
19589 89
19589 91
19589 124
19589 27
19589 28
19589 38
19589 87
19589 101
19589 13
19589 16
19589 26
19589 62
19589 76
19589 80
19589 1
19589 54
19589 70
19589 83
19589 105
19589 112
19589 8
19589 19
19589 117
19589 118
19589 128
19589 130
19589 129
19589 131
19589 86
19589 92
19589 111
19589 122
19463 127
19463 213
19463 43
19463 72
19463 84
19463 99
19463 142
19463 162
19463 169
19463 175
19463 10
19463 85
19463 86
19463 116
19463 171
19463 201
19463 220
19463 225
19463 227
19463 95
19463 134
19463 16
19463 38
19463 39
19463 49
19463 51
19463 55
19463 123
19463 160
19463 193
19463 11
19463 42
19463 102
19463 117
19463 128
19463 136
19463 145
19463 163
19463 22
19463 31
19463 32
19463 41
19463 47
19463 87
19463 91
19463 96
19463 119
19463 161
19463 229
19463 20
19463 37
19463 40
19463 71
19463 90
19463 112
19463 177
19463 190
19463 48
19463 106
19463 131
19463 139
19463 180
19463 181
19463 194
19463 197
19463 44
19463 52
19463 54
19463 92
19463 104
19463 133
19463 140
19463 168
19463 188
19463 7
19463 13
19463 30
19463 107
19463 113
19463 144
19463 149
19463 200
19463 2
19463 50
19463 94
19463 115
19463 143
19463 170
19463 176
19463 8
19463 12
19463 24
19463 105
19463 138
19463 173
19463 178
19463 185
19463 202
19496 29
19496 43
19496 61
19496 119
19496 243
19496 246
19496 264
19496 277
19496 311
19496 314
19496 316
19496 329
19496 356
19496 371
19496 377
19496 440
19496 338
19496 368
19496 369
19496 395
19496 403
19496 452
19496 453
19496 3
19496 24
19496 147
19496 159
19496 197
19496 242
19496 293
19496 300
19496 51
19496 291
19496 15
19496 35
19496 81
19496 91
19496 130
19496 140
19496 227
19496 269
19496 294
19496 1
19496 25
19496 55
19496 75
19496 133
19496 152
19496 252
19496 110
19496 285
19496 454
19496 468
19496 299
19496 308
19496 370
19496 373
19496 383
19496 437
19496 439
19496 442
19496 448
19496 253
19496 30
19496 47
19496 70
19496 154
19496 157
19496 209
19496 231
19496 240
19496 436
19496 465
19496 36
19496 76
19496 87
19496 126
19496 179
19496 185
19496 187
19496 198
19496 433
19496 466
19496 469
19496 286
19496 295
19496 28
19496 288
19496 121
19496 58
19496 66
19496 67
19496 69
19496 104
19496 132
19496 149
19496 165
19496 212
19496 331
19496 340
19496 357
19496 358
19496 405
19496 407
19496 415
19496 421
19496 434
19496 464
19496 472
19496 280
19496 283
19496 305
19496 309
19496 354
19496 401
19496 402
19496 447
19496 449
19496 478
19496 359
19496 458
19496 0
19496 12
19496 17
19496 65
19496 90
19496 116
19496 141
19496 247
19496 259
19496 303
19496 315
19496 342
19496 343
19496 372
19496 409
19496 411
19496 418
19496 427
19496 438
19496 301
19496 337
19496 344
19496 363
19496 384
19496 400
19496 435
19496 470
19496 304
19496 336
19496 347
19496 353
19496 382
19496 410
19496 413
19496 96
19496 134
19496 432
19496 475
19496 59
19496 89
19496 106
19496 109
19496 151
19496 158
19496 234
19496 375
19496 414
19496 450
19496 9
19496 99
19496 174
19496 296
19496 182
19496 281
19496 322
19496 332
19496 339
19496 351
19496 374
19496 387
19496 392
19496 424
19496 323
19496 349
19496 379
19496 391
19496 397
19496 423
19496 444
19496 26
19496 32
19496 113
19496 148
19496 172
19496 221
19496 244
19496 251
19496 258
19496 270
19496 6
19496 77
19496 86
19496 124
19496 128
19496 135
19496 168
19496 188
19496 5
19496 18
19496 105
19496 146
19496 237
19496 239
19496 261
19496 265
19496 16
19496 34
19496 50
19496 62
19496 177
19496 190
19496 194
19496 214
19496 226
19496 471
19496 474
19496 48
19496 103
19496 136
19496 164
19496 166
19496 189
19496 191
19496 229
19496 38
19496 88
19496 122
19496 195
19496 199
19496 241
19496 267
19496 275
19670 152
19670 156
19670 175
19670 224
19670 0
19670 17
19670 26
19670 36
19670 38
19670 50
19670 88
19670 119
19670 134
19670 160
19670 200
19670 218
19670 231
19670 153
19670 187
19670 239
19670 252
19670 138
19670 150
19670 179
19670 202
19670 234
19670 12
19670 69
19670 78
19670 100
19670 133
19670 135
19670 166
19670 184
19670 203
19670 209
19670 30
19670 33
19670 34
19670 39
19670 44
19670 47
19670 98
19670 45
19670 64
19670 80
19670 91
19670 92
19670 172
19670 130
19670 176
19670 194
19670 221
19670 222
19670 238
19670 32
19670 95
19670 109
19670 118
19670 199
19670 215
19670 10
19670 51
19670 76
19670 77
19670 101
19670 144
19670 154
19670 235
19670 244
19670 249
19670 4
19670 11
19670 41
19670 55
19670 56
19670 107
19670 120
19670 147
19670 196
19670 217
19670 241
19670 116
19670 129
19670 155
19670 165
19670 182
19670 220
19670 127
19670 206
19670 226
19670 242
19670 60
19670 61
19670 79
19670 90
19670 243
19670 246
19670 254
19670 208
19670 251
19670 115
19670 117
19670 183
19670 201
19670 5
19670 13
19670 15
19670 24
19670 25
19670 31
19670 46
19670 74
19670 122
19670 171
19670 247
19670 253
19670 96
19670 99
19670 106
19670 112
19670 157
19670 233
19670 237
19670 245
19670 110
19670 124
19670 159
19670 189
19670 216
19670 136
19670 212
19670 255
19670 8
19670 104
19670 105
19670 65
19670 93
19670 137
19670 161
19670 164
19670 169
19670 232
19670 250
19670 170
19670 177
19670 228
19670 240
19670 2
19670 19
19670 54
19670 82
19670 97
19670 20
19670 22
19670 23
19670 35
19670 48
19670 59
19670 113
19670 126
19670 186
19670 192
19670 3
19670 6
19670 49
19670 67
19670 75
19670 89
19670 37
19670 43
19670 73
19670 81
19670 94
19670 42
19670 68
19670 72
19670 143
19670 223
19670 236
19670 1
19670 9
19670 57
19670 63
19670 70
19670 86
19670 123
19670 148
19670 188
19670 190
19670 211
19670 229
19670 128
19670 131
19670 167
19670 168
19670 181
19670 230
19670 7
19670 14
19670 18
19670 28
19670 66
19670 84
19670 162
19670 174
19670 195
19670 207
19670 213
19670 219
19670 227
19078 0
19078 105
19078 161
19078 164
19078 13
19078 15
19078 47
19078 79
19078 43
19078 120
19078 123
19078 124
19078 135
19078 157
19078 4
19078 45
19078 59
19078 93
19078 113
19078 8
19078 12
19078 58
19078 118
19078 125
19078 152
19078 94
19078 95
19078 111
19078 128
19078 154
19078 42
19078 68
19078 83
19078 156
19078 54
19078 57
19078 70
19078 106
19078 110
19078 127
19078 1
19078 38
19078 52
19078 66
19078 103
19078 121
19078 24
19078 85
19078 86
19078 133
19078 141
19078 32
19078 37
19078 101
19078 153
19078 162
19078 25
19078 30
19078 46
19078 91
19078 137
19078 23
19078 36
19078 82
19078 126
19078 140
19507 11
19507 14
19507 37
19507 80
19507 83
19507 98
19507 163
19507 182
19507 186
19507 26
19507 84
19507 124
19507 169
19507 180
19507 200
19507 220
19507 236
19507 16
19507 222
19507 42
19507 72
19507 90
19507 94
19507 109
19507 110
19507 204
19507 23
19507 33
19507 81
19507 102
19507 115
19507 128
19507 151
19507 174
19507 197
19507 10
19507 55
19507 237
19507 107
19507 132
19507 153
19507 189
19507 191
19507 194
19507 0
19507 1
19507 24
19507 95
19507 161
19507 175
19507 210
19507 225
19507 12
19507 29
19507 86
19507 123
19507 141
19507 165
19507 193
19507 214
19507 69
19507 105
19507 75
19507 111
19496 41
19496 64
19496 102
19496 173
19496 181
19496 203
19496 213
19496 460
19496 137
19496 271
19496 284
19496 156
19496 201
19496 257
19496 260
19747 11
19747 15
19747 23
19747 25
19747 41
19747 42
19038 456
19038 472
19038 487
19038 533
19038 569
19038 433
19038 441
19038 482
19038 486
19038 513
19038 182
19038 199
19038 242
19038 271
19038 343
19038 192
19038 206
19038 226
19038 308
19038 313
19038 318
19038 228
19038 281
19038 291
19038 298
19038 306
19038 357
19038 371
19038 385
19038 389
19038 19
19038 27
19038 55
19038 91
19038 100
19038 46
19038 80
19038 86
19038 105
19038 132
19038 164
19038 188
19038 439
19038 471
19038 489
19038 516
19038 527
19038 537
19038 544
19038 452
19038 465
19038 539
19038 548
19038 551
19038 137
19038 276
19038 319
19038 406
19038 421
19038 445
19038 457
19038 557
19038 165
19038 178
19038 202
19038 282
19038 323
19038 334
19038 336
19038 124
19038 187
19038 264
19038 395
19038 464
19038 468
19038 519
19038 549
19038 562
19038 0
19038 15
19038 21
19038 56
19038 63
19038 171
19038 176
19038 268
19038 314
19038 347
19038 356
19038 244
19038 267
19038 299
19038 317
19038 352
19038 355
19038 5
19038 37
19038 48
19038 65
19038 76
19038 10
19038 20
19038 24
19038 43
19038 62
19038 84
19038 3
19038 16
19038 57
19038 85
19038 101
19038 6
19038 28
19038 34
19038 44
19038 52
19038 478
19038 509
19038 524
19038 558
19038 235
19038 250
19038 301
19038 367
19038 375
19038 379
19038 106
19038 145
19038 251
19038 335
19038 362
19038 388
19038 1
19038 7
19038 14
19038 25
19038 38
19038 477
19038 484
19038 554
19038 556
19038 560
19038 108
19038 119
19038 372
19038 419
19038 120
19038 136
19038 195
19038 304
19038 397
19038 469
19038 470
19038 476
19038 494
19038 552
19038 143
19038 161
19038 208
19038 252
19038 110
19038 150
19038 211
19038 266
19038 274
19038 353
19038 373
19038 149
19038 159
19038 234
19038 444
19038 458
19038 526
19038 2
19038 22
19038 31
19038 39
19038 72
19038 183
19038 337
19038 380
19038 404
19038 113
19038 223
19038 257
19038 265
19038 321
19038 190
19038 258
19038 312
19038 316
19038 322
19038 147
19038 238
19038 295
19038 309
19038 420
19038 414
19038 429
19038 431
19038 432
19038 219
19038 354
19038 411
19038 427
19038 29
19038 33
19038 36
19038 66
19038 69
19038 81
19038 447
19038 502
19038 508
19038 546
19038 437
19038 438
19038 481
19038 506
19038 543
19038 550
19038 473
19038 492
19038 501
19038 545
19038 248
19038 409
19038 413
19038 416
19038 133
19038 201
19038 204
19038 232
19038 339
19038 400
19038 158
19038 203
19038 253
19038 328
19038 345
19038 359
19038 114
19038 177
19038 262
19038 293
19038 296
19038 331
19038 160
19038 162
19038 198
19038 338
19038 422
19038 491
19038 500
19038 547
19709 6
19709 16
19709 30
19709 65
19709 5
19709 31
19709 36
19709 40
19709 46
19709 58
19709 0
19709 13
19709 14
19709 21
19709 26
19709 37
19709 43
19709 3
19709 24
19709 60
19709 69
19709 1
19709 10
19709 15
19709 55
19709 49
19709 52
19709 70
19709 4
19709 9
19709 23
19709 48
19709 56
19709 63
19682 182
19682 239
19682 242
19682 244
19682 43
19682 48
19682 222
19682 96
19682 112
19682 131
19682 175
19682 192
19682 205
19682 212
19682 5
19682 128
19682 215
19682 217
19682 234
19682 33
19682 42
19682 51
19682 98
19682 188
19682 207
19682 7
19682 89
19682 139
19682 180
19682 10
19682 32
19682 41
19682 118
19682 156
19682 170
19451 22
19451 28
19451 29
19451 38
19451 77
19451 100
19451 109
19451 125
19658 26
19658 54
19658 68
19658 85
19658 111
19658 128
19682 237
19682 246
19682 253
19682 254
19682 67
19682 90
19682 102
19682 121
19682 149
19682 208
19682 17
19682 84
19682 113
19682 146
19682 204
19682 226
19682 240
19682 56
19682 63
19682 86
19682 130
19682 0
19682 22
19682 27
19682 161
19682 209
19682 211
19682 24
19682 94
19682 101
19682 126
19682 220
19682 54
19682 97
19682 106
19682 150
19682 163
19682 202
19682 34
19682 45
19682 164
19682 187
19682 18
19682 44
19682 78
19682 137
19682 152
19682 157
19682 1
19682 47
19682 82
19682 92
19682 206
19682 232
19682 9
19682 120
19682 135
19682 243
19682 257
19682 265
19682 74
19682 87
19682 145
19682 184
19682 109
19682 119
19682 123
19682 134
19682 148
19682 190
19682 19
19682 129
19682 250
19682 260
19682 262
19682 8
19682 14
19682 38
19682 108
19682 136
19682 167
19682 6
19682 15
19682 60
19682 176
19682 178
19682 216
19682 12
19682 162
19682 214
19682 251
19682 16
19682 37
19682 62
19682 83
19682 194
19682 40
19682 73
19682 227
19682 247
19682 81
19682 160
19682 225
19682 233
19682 52
19682 79
19682 88
19682 110
19682 179
19682 201
19682 223
19495 8
19495 60
19495 66
19495 98
19495 158
19495 170
19495 186
19495 189
19495 212
19495 256
19495 258
19495 308
19495 320
19495 321
19495 333
19495 192
19495 210
19495 20
19495 29
19495 86
19495 87
19495 120
19495 123
19495 133
19495 162
19495 223
19495 224
19495 229
19495 239
19495 261
19495 295
19495 306
19495 318
19495 11
19495 34
19495 37
19495 52
19495 54
19495 72
19495 95
19495 329
19495 55
19495 109
19495 129
19495 148
19495 151
19495 163
19495 173
19495 178
19495 217
19495 238
19495 251
19495 266
19495 283
19495 287
19495 315
19495 242
19495 277
19495 322
19495 332
19495 24
19495 92
19495 101
19495 132
19495 134
19495 136
19495 172
19495 304
19495 10
19495 207
19495 6
19495 12
19495 94
19495 104
19495 117
19495 195
19495 196
19495 206
19495 142
19495 161
19495 190
19495 46
19495 50
19495 168
19495 220
19495 241
19495 274
19495 276
19495 284
19495 302
19495 27
19495 83
19495 121
19495 124
19495 135
19495 140
19495 177
19495 215
19495 221
19495 233
19495 249
19495 280
19495 297
19495 300
19495 301
19495 311
19495 222
19495 231
19495 235
19495 236
19495 257
19495 294
19495 299
19495 13
19495 48
19495 59
19495 74
19495 111
19495 127
19495 145
19495 183
19495 232
19495 259
19495 324
19495 2
19495 22
19495 96
19495 166
19495 171
19495 263
19495 330
19495 218
19495 262
19482 209
19482 237
19482 243
19649 9
19649 12
19649 18
19649 50
19649 409
19649 420
19649 17
19649 47
19649 411
19649 423
19649 433
19649 448
19649 2
19649 6
19649 24
19649 40
19649 412
19649 430
19649 107
19649 153
19649 155
19649 198
19649 287
19649 342
19649 22
19649 32
19649 391
19649 419
19649 424
19649 425
19649 51
19649 449
19649 453
19649 458
19649 177
19649 261
19649 338
19649 340
19649 346
19649 313
19649 317
19649 333
19649 355
19649 87
19649 125
19649 131
19649 252
19649 265
19649 72
19649 85
19649 172
19649 240
19649 243
19649 247
19649 126
19649 276
19649 343
19649 363
19649 36
19649 46
19649 57
19649 437
19649 34
19649 59
19649 67
19649 399
19649 413
19649 109
19649 143
19649 221
19649 242
19649 318
19649 171
19649 229
19649 306
19649 331
19649 350
19649 369
19649 375
19649 377
19649 381
19649 459
19649 42
19649 44
19649 49
19649 58
19649 414
19649 4
19649 5
19649 26
19649 37
19649 52
19649 65
19649 403
19649 189
19649 220
19649 336
19649 354
19649 154
19649 159
19649 360
19649 14
19649 394
19649 422
19649 149
19649 185
19649 188
19649 222
19649 281
19649 290
19649 151
19649 164
19649 183
19649 344
19649 457
19649 111
19649 174
19649 248
19649 268
19649 303
19649 337
19649 122
19649 180
19649 298
19649 353
19649 0
19649 28
19649 35
19649 53
19649 56
19649 61
19649 416
19649 451
19649 93
19649 96
19649 117
19649 296
19649 328
19649 76
19649 121
19649 225
19649 258
19649 300
19649 326
19649 120
19649 138
19649 165
19649 187
19649 208
19649 217
19649 91
19649 97
19649 141
19649 145
19649 157
19649 334
19649 170
19649 209
19649 231
19649 368
19649 88
19649 203
19649 254
19649 358
19656 338
19656 154
19656 232
19656 314
19656 50
19656 98
19656 122
19656 161
19656 212
19656 217
19656 125
19656 191
19656 274
19656 326
19656 17
19656 49
19656 116
19656 240
19656 12
19656 64
19656 89
19656 283
19656 40
19656 80
19656 83
19656 136
19656 252
19656 20
19656 109
19656 138
19656 165
19656 175
19656 46
19656 48
19656 60
19656 73
19656 102
19656 267
19656 55
19656 106
19656 131
19656 150
19656 201
19656 337
19656 341
19656 9
19656 14
19656 223
19656 253
19656 259
19656 299
19656 25
19656 92
19656 93
19656 158
19656 209
19656 215
19656 37
19656 51
19656 59
19656 84
19656 168
19656 228
19656 152
19656 200
19656 206
19656 281
19656 297
19656 67
19656 132
19656 208
19656 261
19656 266
19656 103
19656 167
19656 233
19656 235
19656 251
19656 295
19656 29
19656 62
19656 129
19656 143
19656 144
19656 263
19656 30
19656 66
19656 74
19656 329
19656 72
19656 111
19656 151
19656 227
19656 237
19656 247
19656 271
19656 3
19656 110
19656 127
19656 145
19656 178
19656 26
19656 91
19656 134
19656 192
19656 205
19656 257
19656 335
19656 342
19656 345
19656 0
19656 19
19656 76
19656 126
19656 186
19656 187
19656 202
19656 7
19656 44
19656 220
19656 225
19656 279
19656 290
19656 77
19656 182
19656 203
19656 308
19656 4
19656 24
19656 159
19656 260
19656 280
19656 287
19656 32
19656 81
19656 248
19656 264
19656 285
19656 39
19656 149
19656 292
19656 311
19656 8
19656 28
19656 70
19656 211
19656 230
19656 254
19656 47
19656 162
19656 244
19656 270
19656 41
19656 88
19656 105
19656 188
19656 197
19620 17
19620 22
19620 63
19620 89
19620 106
19620 142
19620 138
19620 141
19620 157
19620 166
19620 6
19620 10
19620 23
19620 81
19620 101
19620 137
19620 154
19620 42
19620 62
19620 136
19620 140
19620 73
19620 76
19620 84
19620 147
19620 156
19620 26
19620 31
19620 69
19620 119
19620 151
19620 52
19620 75
19620 94
19620 126
19620 134
19620 192
19620 195
19620 8
19620 64
19620 208
19620 219
19620 225
19620 1
19620 61
19620 149
19620 176
19620 216
19620 9
19620 29
19620 51
19620 113
19620 169
19620 191
19620 121
19620 128
19620 129
19620 152
19620 30
19620 65
19620 71
19620 170
19620 212
19620 104
19620 167
19620 196
19620 25
19620 171
19620 178
19620 180
19620 184
19620 223
19620 3
19620 18
19620 33
19620 49
19620 217
19620 116
19620 133
19620 172
19620 194
19620 54
19620 56
19620 110
19620 187
19620 188
19620 21
19620 44
19620 181
19620 183
19620 222
19620 198
19620 12
19620 57
19620 161
19620 218
19620 87
19620 90
19620 120
19620 124
19620 145
19620 200
19620 205
19620 150
19620 214
19620 220
19620 224
19620 20
19620 27
19620 66
19620 82
19620 203
19620 213
19620 55
19620 78
19620 88
19620 130
19620 144
19666 15
19666 156
19666 170
19666 200
19666 202
19473 193
19473 15
19473 21
19473 24
19473 71
19473 112
19473 128
19473 171
19473 180
19473 189
19473 1
19473 18
19473 57
19473 76
19473 91
19473 125
19473 132
19473 142
19473 151
19473 38
19473 43
19473 78
19473 83
19473 130
19473 177
19473 187
19473 199
19473 5
19473 23
19473 26
19473 89
19473 107
19473 138
19473 144
19473 20
19473 101
19473 121
19473 34
19473 55
19473 73
19473 102
19473 139
19473 179
19473 194
19473 7
19473 37
19473 61
19473 84
19473 119
19473 178
19473 185
19473 198
19473 14
19473 32
19473 46
19473 60
19473 64
19473 113
19473 160
19473 181
19473 54
19473 103
19473 13
19473 25
19473 30
19473 70
19473 80
19473 133
19473 157
19473 162
19473 81
19473 190
19473 192
19473 124
19473 52
19473 75
19473 92
19473 96
19473 126
19473 165
19473 170
19473 8
19473 28
19473 40
19473 41
19473 86
19473 105
19473 108
19473 152
19473 173
19473 200
19473 201
19473 161
19473 188
19473 77
19473 31
19473 51
19473 111
19473 127
19473 150
19473 154
19473 166
19473 183
19473 118
19473 191
19687 12
19687 23
19687 33
19687 42
19727 68
19727 358
19727 382
19727 186
19727 325
19727 332
19727 339
19727 342
19451 161
19451 174
19451 241
19451 258
19451 296
19451 402
19451 418
19451 428
19451 196
19451 202
19451 217
19451 223
19451 286
19451 305
19451 346
19451 445
19451 465
19451 474
19451 203
19451 279
19451 355
19451 389
19451 390
19451 413
19451 452
19451 18
19451 0
19451 13
19451 169
19451 207
19451 211
19451 266
19451 291
19451 297
19451 411
19451 154
19451 316
19451 327
19451 375
19451 396
19451 433
19451 458
19451 481
19451 494
19451 177
19451 421
19451 46
19451 61
19451 90
19451 93
19451 95
19451 101
19451 104
19451 105
19451 114
19451 126
19451 184
19451 193
19451 210
19451 238
19451 404
19451 409
19451 462
19451 164
19451 173
19451 199
19451 225
19451 273
19451 358
19451 370
19451 435
19451 450
19451 5
19451 6
19451 14
19451 15
19451 32
19451 51
19451 69
19451 112
19451 118
19451 473
19451 492
19451 36
19451 53
19451 58
19451 71
19451 76
19451 79
19451 99
19451 134
19451 175
19451 259
19451 268
19451 271
19451 300
19451 339
19451 353
19451 434
19451 468
19451 485
19451 470
19451 162
19451 501
19451 140
19451 182
19451 239
19451 244
19451 257
19451 335
19451 372
19451 438
19451 447
19451 147
19451 190
19451 224
19451 250
19451 269
19451 338
19451 362
19451 398
19451 443
19451 163
19451 227
19451 232
19451 255
19451 280
19451 366
19451 376
19451 486
19451 141
19451 165
19451 380
19451 399
19451 415
19451 442
19451 455
19451 233
19451 248
19451 270
19451 516
19451 446
19451 502
19451 506
19451 220
19451 451
19451 498
19451 234
19451 517
19451 155
19451 181
19451 216
19451 231
19451 287
19451 304
19451 349
19451 367
19451 414
19451 495
19451 4
19451 8
19451 37
19451 75
19451 78
19451 80
19451 215
19451 242
19451 299
19451 314
19451 340
19451 357
19451 365
19451 371
19451 194
19451 512
19451 519
19451 527
19451 47
19451 62
19451 102
19451 113
19451 120
19451 123
19451 124
19451 130
19451 136
19451 74
19451 132
19451 9
19451 82
19451 96
19451 67
19451 88
19451 106
19451 107
19451 159
19451 221
19451 480
19451 283
19451 510
19451 336
19451 348
19451 236
19451 240
19451 282
19451 350
19451 351
19451 420
19451 426
19451 478
19451 195
19451 237
19451 281
19451 295
19451 329
19451 374
19451 395
19451 507
19451 157
19451 197
19451 302
19451 324
19451 359
19451 385
19451 406
19451 148
19451 264
19451 278
19451 294
19451 315
19451 325
19451 439
19451 440
19451 171
19451 243
19451 379
19451 429
19451 149
19451 183
19451 252
19451 277
19451 342
19451 422
19451 499
19451 515
19451 363
19451 525
19451 526
19751 14
19751 25
19751 66
19751 240
19751 243
19067 120
19067 149
19067 200
19067 302
19067 343
19067 353
19067 163
19067 195
19067 341
19067 364
19067 384
19630 91
19630 242
19630 276
19630 279
19630 48
19630 50
19630 267
19630 288
19630 16
19630 51
19630 95
19630 115
19630 145
19630 176
19630 83
19630 113
19630 117
19630 202
19630 205
19630 90
19630 121
19630 144
19630 155
19630 160
19630 178
19630 22
19630 120
19630 133
19630 152
19630 179
19630 227
19630 62
19630 203
19630 226
19630 265
19630 281
19630 14
19630 39
19630 69
19630 97
19630 28
19630 53
19630 93
19630 224
19630 231
19630 208
19630 239
19630 241
19630 266
19630 291
19630 44
19630 56
19630 109
19630 136
19630 246
19630 290
19630 27
19630 273
19630 300
19630 168
19630 269
19630 286
19630 96
19630 126
19630 170
19630 189
19630 213
19630 285
19630 29
19630 35
19630 88
19630 142
19630 169
19630 36
19630 124
19630 141
19630 158
19630 159
19630 220
19630 221
19630 262
19630 274
19630 301
19630 79
19630 149
19630 156
19630 194
19630 0
19630 82
19630 103
19630 287
19630 293
19630 9
19630 134
19630 211
19630 228
19630 240
19630 67
19630 137
19630 294
19630 303
19630 309
19630 4
19630 6
19630 68
19630 251
19630 254
19630 47
19630 80
19630 122
19630 125
19630 191
19630 235
19630 40
19630 275
19630 289
19742 5
19742 16
19742 33
19742 39
19742 59
19742 6
19742 14
19742 34
19742 38
19742 43
19742 51
19742 53
19742 56
19742 58
19742 21
19742 24
19742 41
19742 46
19742 61
19742 4
19742 55
19742 57
19742 62
19742 13
19742 45
19742 54
19742 60
19742 2
19742 15
19742 44
19742 48
19742 50
19742 11
19742 18
19742 22
19742 26
19742 31
19742 32
19742 23
19742 29
19742 40
19742 52
19742 63
19425 8
19425 106
19425 120
19425 130
19425 175
19425 311
19425 523
19425 529
19425 94
19425 110
19425 128
19425 189
19425 244
19425 287
19425 314
19425 408
19425 16
19425 25
19425 39
19425 234
19425 260
19425 305
19425 367
19425 433
19425 482
19051 20
19051 89
19051 92
19051 229
19051 290
19051 321
19051 41
19051 83
19051 112
19051 310
19051 359
19051 264
19051 283
19051 382
19051 384
19051 70
19051 96
19051 120
19051 149
19051 193
19051 230
19051 312
19552 106
19552 153
19552 350
19552 423
19552 424
19552 176
19552 234
19552 316
19552 332
19552 364
19552 380
19473 39
19473 82
19473 117
19473 137
19473 153
19473 156
19473 158
19473 174
19036 16
19036 15
19036 20
19036 25
19036 31
19036 5
19036 19
19036 21
19036 27
19036 33
19036 1
19036 2
19036 6
19036 26
19036 8
19036 13
19036 14
19036 29
19036 30
19036 3
19036 9
19036 10
19036 11
19036 24
19420 16
19420 30
19420 49
19420 89
19420 98
19420 118
19420 141
19420 179
19420 19
19420 59
19420 63
19420 114
19420 119
19420 139
19420 186
19420 94
19420 161
19420 38
19420 57
19420 68
19420 81
19420 95
19420 99
19420 101
19420 183
19420 55
19420 61
19420 140
19420 142
19420 162
19420 165
19420 193
19420 201
19420 227
19420 248
19420 251
19420 263
19420 270
19420 274
19420 276
19420 279
19420 278
19420 212
19420 220
19420 225
19420 233
19420 255
19420 265
19420 266
19420 273
19420 112
19420 258
19420 272
19420 29
19420 73
19420 84
19420 107
19420 120
19420 136
19420 151
19420 159
19420 167
19420 202
19420 102
19420 8
19420 182
19420 22
19420 35
19420 80
19420 122
19420 133
19420 157
19420 168
19420 192
19420 39
19420 121
19420 126
19420 149
19420 187
19420 199
19420 41
19420 47
19420 48
19420 58
19420 103
19420 124
19420 190
19420 173
19420 194
19420 208
19420 211
19420 214
19420 236
19420 237
19420 247
19420 260
19420 268
19420 275
19420 42
19420 66
19420 79
19420 93
19420 135
19420 145
19420 154
19420 196
19631 0
19631 2
19631 3
19631 4
19631 7
19631 8
19649 148
19649 226
19649 297
19649 314
19649 374
19649 94
19649 142
19649 227
19649 295
19649 302
19649 446
19649 450
19046 47
19046 49
19046 53
19046 57
19046 58
19046 5
19046 34
19046 40
19046 54
19046 59
19046 61
19046 63
19046 42
19046 45
19046 48
19046 50
19046 55
19046 56
19430 1
19430 3
19430 25
19430 47
19430 119
19430 132
19430 191
19430 328
19430 330
19430 151
19430 334
19430 358
19430 42
19430 106
19430 130
19430 135
19430 177
19430 197
19430 210
19430 244
19430 60
19430 141
19430 4
19430 278
19430 367
19430 384
19430 405
19430 412
19430 421
19430 424
19430 433
19430 437
19430 439
19430 441
19430 44
19430 63
19430 93
19430 150
19430 160
19430 174
19430 335
19430 339
19430 370
19430 39
19430 74
19430 82
19430 95
19430 147
19430 175
19430 203
19430 238
19430 253
19430 6
19430 53
19430 59
19430 137
19430 153
19430 225
19430 228
19430 276
19430 285
19061 111
19061 139
19061 140
19061 6
19061 44
19061 82
19061 97
19061 136
19061 57
19061 60
19061 62
19061 96
19061 107
19061 115
19061 34
19061 56
19061 70
19061 100
19061 122
19061 41
19061 51
19061 92
19061 109
19061 22
19061 48
19061 53
19061 105
19061 126
19061 145
19061 7
19061 59
19061 69
19061 81
19061 90
19061 93
19061 71
19061 88
19061 141
19061 36
19061 38
19061 61
19061 63
19061 77
19061 102
19061 120
19061 15
19061 35
19061 40
19061 72
19061 125
19061 45
19061 68
19061 73
19061 112
19061 133
19061 142
19061 33
19061 99
19061 150
19061 12
19061 29
19061 55
19061 110
19061 119
19061 124
19061 4
19061 14
19061 17
19061 18
19061 52
19061 108
19061 3
19061 5
19061 21
19061 46
19061 78
19061 95
19061 24
19061 104
19061 114
19061 144
19061 147
19061 135
19061 148
19061 152
19561 79
19561 91
19561 114
19561 116
19561 124
19561 145
19561 30
19561 58
19561 155
19561 168
19561 169
19561 73
19561 75
19561 115
19561 139
19561 147
19561 156
19561 89
19561 126
19561 148
19561 160
19561 163
19561 39
19561 87
19561 140
19561 152
19561 51
19561 64
19561 65
19561 85
19561 113
19561 131
19561 143
19561 36
19561 52
19561 70
19561 83
19561 138
19561 153
19561 50
19561 72
19561 92
19561 129
19561 142
19561 4
19561 8
19561 16
19561 24
19561 27
19561 61
19561 68
19561 69
19561 101
19561 111
19561 170
19561 32
19561 53
19561 154
19561 158
19561 11
19561 13
19561 15
19561 20
19561 22
19561 60
19561 74
19561 82
19561 159
19561 166
19561 78
19561 86
19561 141
19561 151
19561 157
19561 41
19561 42
19561 66
19561 71
19561 136
19561 1
19561 10
19561 25
19561 28
19561 29
19561 54
19561 56
19561 77
19561 90
19561 112
19561 119
19561 62
19561 93
19561 94
19561 95
19561 137
19587 57
19587 81
19587 95
19587 99
19587 103
19587 13
19587 23
19587 73
19587 120
19587 15
19587 49
19587 60
19587 78
19587 83
19587 28
19587 29
19587 36
19587 38
19587 40
19587 70
19067 6
19067 61
19067 110
19067 14
19067 19
19067 21
19067 26
19067 47
19067 81
19067 11
19067 37
19067 82
19067 94
19067 98
19067 100
19067 119
19067 152
19067 174
19067 239
19067 299
19067 179
19067 211
19067 286
19067 290
19067 359
19067 218
19067 265
19067 376
19067 381
19067 0
19067 22
19067 30
19067 48
19067 66
19067 89
19067 140
19067 199
19067 249
19067 349
19067 178
19067 235
19067 250
19067 266
19067 313
19067 321
19067 130
19067 268
19067 282
19067 319
19067 324
19067 157
19067 158
19067 166
19067 202
19067 222
19067 308
19067 172
19067 362
19067 374
19067 386
19067 1
19067 32
19067 36
19067 70
19067 76
19067 2
19067 8
19067 13
19067 15
19067 53
19067 72
19067 85
19067 122
19067 238
19067 348
19067 368
19067 177
19067 303
19067 358
19067 363
19067 181
19067 271
19067 329
19067 345
19067 367
19067 123
19067 124
19067 223
19067 269
19067 126
19067 128
19067 207
19067 279
19067 315
19067 332
19067 91
19067 99
19067 103
19067 107
19067 33
19067 60
19067 62
19067 74
19067 141
19067 165
19067 215
19067 258
19067 306
19067 25
19067 44
19067 58
19067 86
19067 101
19067 176
19067 205
19067 210
19067 300
19067 307
19067 357
19067 43
19067 104
19067 12
19067 105
19067 111
19067 3
19067 16
19067 35
19067 42
19067 77
19067 129
19067 154
19067 190
19067 241
19067 251
19067 312
19067 175
19067 209
19067 227
19067 285
19067 331
19067 49
19067 51
19067 55
19067 71
19067 83
19067 39
19067 50
19067 75
19067 109
19067 201
19067 247
19067 305
19067 334
19067 135
19067 192
19067 344
19067 356
19067 112
19067 197
19067 231
19525 250
19525 263
19525 44
19525 143
19525 369
19525 119
19525 6
19525 24
19525 49
19525 131
19525 157
19525 231
19525 254
19525 279
19525 309
19525 372
19525 125
19525 367
19525 381
19525 75
19525 92
19525 101
19525 161
19525 233
19525 261
19525 337
19525 358
19525 311
19525 386
19525 31
19525 390
19525 392
19525 153
19525 166
19525 288
19525 324
19525 347
19525 376
19525 118
19525 183
19525 305
19525 28
19525 60
19525 73
19525 177
19525 235
19525 296
19525 328
19525 351
19525 373
19525 107
19525 188
19525 59
19525 99
19525 140
19525 218
19525 249
19525 270
19525 297
19525 4
19525 229
19525 357
19525 363
19525 325
19525 332
19525 342
19525 383
19525 387
19525 385
19525 197
19525 237
19525 48
19525 79
19525 112
19525 154
19525 165
19525 198
19525 259
19525 30
19525 220
19525 275
19525 216
19525 354
19525 33
19525 50
19525 71
19525 76
19525 123
19525 139
19525 191
19525 274
19525 18
19525 144
19525 145
19525 217
19525 238
19525 248
19525 267
19525 280
19525 336
19525 12
19525 164
19525 294
19525 371
19525 378
19525 94
19525 286
19525 234
19525 353
19525 379
19525 5
19525 45
19525 114
19525 181
19525 285
19525 291
19525 366
19525 10
19525 23
19525 55
19525 93
19525 108
19525 192
19525 209
19525 228
19525 7
19525 352
19525 17
19525 46
19525 66
19525 132
19525 160
19525 226
19525 257
19525 314
19525 327
19525 176
19525 264
19525 298
19525 302
19525 323
19525 340
19525 388
19525 81
19525 91
19525 308
19525 20
19525 103
19525 111
19525 127
19525 171
19525 246
19525 271
19525 307
19525 0
19525 61
19525 90
19525 150
19525 163
19525 199
19525 312
19509 336
19509 407
19509 529
19509 540
19509 576
19509 583
19509 602
19509 607
19509 488
19509 511
19509 387
19509 394
19509 533
19509 555
19509 559
19509 560
19509 565
19509 592
19509 618
19509 96
19509 99
19509 192
19509 287
19509 352
19509 354
19509 436
19509 442
19509 190
19509 485
19509 233
19509 302
19509 358
19509 370
19509 399
19509 406
19509 443
19509 452
19509 497
19509 506
19509 91
19509 362
19509 369
19509 391
19509 441
19509 454
19509 496
19509 584
19509 603
19509 204
19509 270
19509 317
19509 320
19509 338
19509 349
19509 357
19509 368
19509 440
19509 250
19509 464
19509 527
19509 580
19509 619
19509 537
19509 573
19509 577
19509 590
19509 515
19509 535
19509 536
19509 539
19509 543
19509 574
19509 586
19509 605
19509 142
19509 239
19509 251
19509 341
19509 355
19509 373
19509 419
19509 426
19509 500
19509 1
19509 5
19509 20
19509 41
19509 58
19509 66
19509 73
19509 120
19509 140
19509 193
19509 307
19509 327
19509 383
19509 400
19509 416
19509 243
19509 456
19509 501
19509 212
19509 364
19509 104
19509 107
19509 222
19509 241
19509 291
19509 323
19509 333
19509 380
19509 149
19509 468
19509 105
19509 625
19509 628
19509 159
19509 201
19509 202
19509 230
19509 234
19509 342
19509 470
19509 505
19509 110
19509 271
19509 69
19509 83
19509 316
19509 432
19509 466
19509 167
19509 457
19509 133
19509 13
19509 16
19509 22
19509 29
19509 36
19509 38
19509 80
19509 608
19509 623
19509 481
19509 472
19509 348
19509 450
19509 552
19509 610
19509 620
19509 90
19509 173
19509 189
19509 235
19509 262
19509 326
19509 359
19509 430
19509 477
19509 150
19509 155
19509 179
19509 401
19509 462
19509 494
19509 507
19509 509
19509 103
19509 479
19509 621
19509 622
19509 624
19509 137
19509 390
19509 128
19509 174
19509 337
19509 367
19509 386
19509 412
19509 434
19509 132
19509 205
19509 277
19509 278
19509 280
19509 408
19509 448
19509 475
19509 139
19509 187
19509 217
19509 260
19509 263
19509 292
19509 329
19509 87
19509 200
19509 229
19509 236
19509 289
19509 318
19509 388
19509 420
19509 437
19509 123
19509 130
19509 273
19509 315
19509 389
19509 396
19509 422
19509 429
19509 557
19509 606
19509 7
19509 40
19509 484
19509 493
19509 495
19509 122
19509 156
19509 177
19509 181
19509 261
19509 331
19509 360
19509 455
19509 114
19509 151
19509 160
19509 225
19509 309
19509 319
19509 393
19509 445
19509 3
19509 15
19509 23
19509 28
19509 33
19509 35
19509 37
19509 43
19509 44
19509 63
19538 75
19538 258
19065 100
19065 109
19065 153
19065 191
19694 333
19694 81
19694 184
19694 222
19694 256
19694 42
19694 258
19694 274
19694 324
19694 50
19694 77
19694 124
19694 183
19694 85
19694 141
19694 175
19694 322
19694 194
19694 236
19694 351
19694 357
19694 79
19694 135
19694 174
19694 243
19694 268
19694 301
19694 364
19694 110
19694 159
19694 164
19694 178
19694 226
19694 37
19694 78
19694 90
19694 122
19694 354
19694 358
19694 115
19694 161
19694 267
19694 281
19694 30
19694 177
19694 305
19694 320
19694 330
19694 218
19694 336
19694 25
19694 344
19694 17
19694 146
19694 216
19694 293
19694 106
19694 171
19694 255
19694 266
19694 13
19694 31
19694 44
19694 156
19694 213
19694 2
19694 61
19694 70
19694 116
19694 155
19694 100
19694 139
19694 167
19694 214
19694 302
19694 23
19694 114
19694 279
19694 296
19694 26
19694 32
19694 54
19694 288
19694 345
19694 33
19694 168
19694 192
19694 210
19694 277
19694 342
19694 234
19694 132
19694 231
19694 257
19694 309
19694 313
19694 19
19694 96
19694 130
19694 289
19694 29
19694 104
19694 107
19694 275
19694 27
19694 69
19694 203
19694 249
19694 298
19694 329
19694 356
19694 51
19694 75
19694 241
19694 286
19058 141
19058 146
19058 158
19058 254
19058 280
19058 335
19058 112
19058 198
19058 208
19058 240
19058 294
19058 318
19058 321
19058 84
19058 130
19058 209
19058 220
19058 309
19058 54
19058 171
19058 248
19058 260
19058 82
19058 136
19058 184
19058 204
19058 264
19058 59
19058 123
19058 162
19058 207
19058 226
19058 99
19058 129
19058 259
19058 262
19058 266
19058 288
19411 8
19411 33
19411 68
19411 123
19411 160
19411 255
19411 288
19411 419
19001 4
19001 106
19001 143
19001 172
19001 184
19001 15
19001 39
19001 40
19001 104
19001 63
19001 181
19001 203
19001 246
19001 13
19001 26
19001 72
19001 139
19001 17
19001 24
19001 191
19001 209
19001 223
19001 231
19001 237
19001 67
19001 126
19001 128
19001 182
19001 52
19001 177
19001 193
19001 198
19001 206
19001 178
19001 190
19001 60
19001 197
19001 217
19001 230
19001 241
19001 46
19001 62
19001 90
19001 123
19001 159
19001 9
19001 61
19001 96
19001 113
19001 6
19001 83
19001 86
19001 208
19001 77
19001 91
19001 115
19001 121
19001 141
19001 14
19001 101
19001 114
19001 122
19001 58
19001 112
19001 150
19001 196
19001 245
19001 41
19001 47
19001 82
19001 204
19001 81
19001 133
19001 157
19001 173
19001 120
19001 216
19001 238
19001 254
19001 2
19001 51
19001 59
19001 158
19475 368
19475 371
19475 124
19475 362
19475 352
19475 364
19475 380
19475 23
19475 24
19475 207
19475 258
19475 261
19475 277
19475 312
19475 63
19475 376
19475 379
19475 4
19475 65
19475 165
19475 237
19475 247
19475 293
19475 304
19475 201
19475 318
19475 62
19475 86
19475 93
19475 97
19475 137
19475 141
19475 178
19475 198
19475 269
19475 163
19475 256
19475 283
19475 305
19475 323
19475 346
19475 370
19475 373
19475 374
19475 48
19475 219
19475 239
19475 19
19475 361
19475 8
19475 333
19475 347
19475 47
19475 99
19475 150
19475 169
19475 220
19475 257
19475 328
19475 123
19475 153
19475 186
19475 205
19475 225
19475 235
19475 291
19475 330
19475 9
19475 75
19475 103
19475 117
19475 140
19475 185
19475 188
19475 216
19475 248
19475 356
19475 372
19475 142
19475 384
19475 85
19475 343
19475 6
19475 68
19475 76
19475 193
19475 218
19475 355
19475 369
19475 119
19475 29
19475 54
19475 70
19475 88
19475 132
19475 227
19475 375
19475 325
19475 342
19475 11
19475 69
19475 100
19475 125
19475 126
19475 187
19475 221
19475 255
19475 306
19475 1
19475 25
19475 101
19475 148
19475 231
19475 232
19475 270
19475 298
19475 329
19475 149
19475 358
19526 9
19526 14
19526 46
19526 97
19526 49
19526 79
19526 94
19526 108
19526 42
19526 71
19526 85
19526 90
19526 2
19526 27
19526 119
19526 126
19526 22
19526 32
19526 78
19526 93
19526 99
19526 26
19526 34
19526 57
19526 75
19526 115
19526 60
19526 89
19526 145
19526 6
19526 13
19526 50
19526 102
19526 135
19526 37
19526 38
19526 54
19526 87
19526 10
19526 19
19526 24
19526 132
19526 140
19526 29
19526 111
19526 128
19526 129
19526 33
19526 137
19526 121
19526 146
19526 152
19012 2
19012 12
19012 17
19012 55
19012 58
19012 9
19012 41
19012 61
19012 69
19012 82
19012 83
19012 88
19012 98
19012 10
19012 23
19012 54
19012 33
19012 3
19012 11
19012 22
19012 31
19012 72
19012 62
19012 71
19012 75
19012 77
19012 87
19012 95
19012 97
19012 13
19012 20
19012 48
19012 56
19012 18
19012 26
19012 40
19012 68
19012 46
19012 63
19738 283
19738 338
19738 471
19738 503
19738 89
19738 120
19738 133
19738 146
19738 8
19738 78
19738 347
19738 388
19738 473
19738 200
19738 267
19738 295
19738 341
19738 351
19738 472
19738 478
19738 496
19738 520
19038 450
19038 475
19038 517
19038 523
19038 553
19038 9
19038 12
19038 60
19038 68
19038 70
19038 82
19038 146
19038 163
19038 241
19038 255
19038 300
19038 340
19038 193
19038 246
19038 294
19038 344
19038 358
19038 363
19038 107
19038 196
19038 212
19038 269
19038 287
19038 327
19038 462
19038 488
19038 525
19038 529
19038 531
19038 220
19038 224
19038 285
19038 325
19038 341
19038 396
19038 141
19038 184
19038 249
19038 261
19038 290
19038 324
19038 463
19038 510
19038 522
19038 536
19038 563
19038 115
19038 151
19038 292
19038 303
19038 376
19038 410
19038 451
19038 495
19038 512
19038 565
19038 567
19038 112
19038 194
19038 247
19038 286
19038 333
19038 365
19038 435
19038 443
19038 461
19038 497
19038 507
19038 520
19038 538
19038 32
19038 41
19038 50
19038 71
19038 78
19038 83
19038 103
19038 152
19038 155
19038 170
19038 221
19038 233
19038 332
19038 17
19038 30
19038 45
19038 53
19038 58
19038 128
19038 240
19038 278
19038 326
19038 129
19038 138
19038 214
19038 288
19038 381
19038 412
19038 156
19038 205
19038 218
19038 237
19038 351
19038 417
19038 239
19038 310
19038 370
19038 377
19038 123
19038 216
19038 289
19038 297
19038 315
19038 320
19038 126
19038 167
19038 364
19038 408
19038 185
19038 231
19038 243
19038 260
19038 284
19038 302
19038 127
19038 398
19038 405
19038 348
19038 401
19038 407
19038 415
19038 157
19038 245
19038 374
19038 426
19038 148
19038 225
19038 391
19038 402
19038 166
19038 179
19038 189
19038 386
19038 436
19038 474
19038 483
19038 505
19038 541
19038 77
19038 95
19038 98
19038 4
19038 35
19038 49
19038 73
19038 79
19038 442
19038 493
19038 514
19038 530
19038 540
19038 61
19038 97
19038 116
19038 307
19038 378
19038 393
19038 449
19038 454
19038 455
19038 459
19038 479
19038 496
19038 561
19038 111
19038 135
19038 213
19038 392
19038 117
19038 121
19038 125
19038 263
19038 277
19038 279
19038 368
19038 209
19038 272
19038 329
19038 360
19038 369
19038 434
19038 467
19038 511
19038 542
19038 566
19038 131
19038 191
19038 230
19038 305
19038 349
19038 382
19038 399
19038 13
19038 18
19038 23
19038 96
19038 104
19038 11
19038 74
19038 87
19038 102
19038 173
19038 215
19038 259
19038 283
19038 330
19038 350
19038 40
19038 88
19038 90
19038 99
19038 485
19038 504
19038 518
19038 521
19038 532
19038 174
19038 207
19038 236
19038 403
19742 12
19742 19
19742 35
19742 47
19742 49
19742 1
19742 3
19742 7
19742 27
19742 28
19742 42
19742 8
19742 10
19742 25
19742 30
19742 36
19722 20
19722 86
19722 210
19722 247
19722 250
19722 257
18979 71
18979 75
18979 131
18979 140
18979 134
18979 142
18961 154
18961 212
18961 225
18961 258
18961 423
19428 278
19428 279
19428 280
19428 29
19428 125
19428 67
19428 115
19428 4
19428 6
19428 246
19428 269
19428 276
19003 19
19003 32
19003 47
19003 69
19003 104
19003 0
19003 13
19003 16
19003 49
18988 33
18988 115
18988 230
18988 25
18988 59
18988 76
18988 122
18988 202
18988 4
18988 5
18988 178
18988 182
18988 313
18988 331
18988 341
18988 373
18988 390
18988 116
18988 222
18988 278
18988 287
18988 301
19624 18
19624 26
19624 143
19624 154
19624 162
19624 182
19600 5
19600 11
19600 16
19600 30
19731 204
19731 212
19731 238
19731 345
19731 423
19731 469
19731 344
19731 517
19731 551
19731 128
19731 223
19731 312
19731 398
19731 521
19731 61
19731 68
19731 229
19731 263
19731 354
19692 46
19692 97
19692 150
19692 151
19692 374
19692 11
19692 15
19692 144
19692 250
19692 324
19692 340
19692 35
19692 71
19692 110
19692 277
19692 319
19692 488
19692 501
19692 22
19692 41
19692 56
19692 111
19692 395
19692 444
19692 66
19692 86
19692 203
19692 285
19692 290
19692 446
19692 456
19692 134
19692 167
19692 502
19692 39
19692 383
19692 514
19692 524
19692 10
19692 72
19692 359
19692 432
19692 139
19692 195
19692 263
19692 334
19692 52
19692 70
19692 310
19692 518
19692 526
19692 62
19692 155
19692 184
19692 332
19692 407
19692 48
19692 160
19692 164
19692 293
19692 296
19692 342
19482 124
19482 150
19482 92
19482 97
19482 140
19482 155
19482 212
19482 217
19482 252
19482 259
19482 267
19482 36
19482 90
19482 122
19482 173
19482 177
19482 183
19482 199
19482 220
19482 224
19482 262
19482 5
19482 21
19482 52
19482 94
19482 99
19482 115
19482 159
19482 193
19482 37
19482 47
19482 59
19482 107
19482 112
19482 137
19482 202
19482 222
19482 7
19482 51
19482 74
19482 75
19482 156
19482 172
19482 176
19482 185
19482 196
19482 64
19482 106
19482 111
19482 206
19482 208
19482 228
19482 229
19482 9
19482 38
19482 77
19482 89
19482 145
19482 160
19482 184
19482 66
19482 86
19482 110
19482 134
19482 182
19482 201
19482 213
19482 254
19482 109
19482 120
19482 126
19482 135
19482 136
19482 178
19482 230
19482 95
19482 247
19482 1
19482 8
19482 45
19482 71
19482 79
19482 157
19482 191
19482 207
19482 251
19482 264
19482 265
19482 269
19482 28
19482 81
19482 17
19482 48
19482 82
19482 114
19482 116
19482 170
19482 210
19482 244
19482 2
19482 98
19482 113
19482 130
19482 194
19482 205
19482 268
19482 260
19482 266
19482 56
19482 57
19482 58
19482 101
19482 103
19482 181
19482 231
19482 238
19482 241
19581 41
19581 50
19581 65
19581 103
19529 293
19529 330
19529 331
19529 343
19529 347
19529 176
19529 235
19529 81
19529 101
19529 191
19529 245
19529 265
19529 127
19529 130
19529 167
19529 181
19529 273
19529 297
19529 310
19529 329
19529 340
19529 288
19529 317
19529 350
19529 384
19529 276
19529 279
19529 307
19529 316
19529 339
19529 360
19529 248
19529 253
19529 272
19529 275
19529 349
19529 356
19529 11
19529 115
19529 224
19529 242
19529 243
19529 298
19529 306
19529 332
19529 333
19529 380
19529 12
19529 51
19529 112
19529 286
19529 313
19529 321
19529 325
19529 346
19529 348
19529 43
19529 186
19529 203
19529 259
19529 263
19529 0
19529 364
19529 368
19529 371
19529 373
19529 32
19529 54
19529 60
19529 183
19529 220
19529 271
19529 278
19529 302
19529 305
19529 327
19529 13
19529 38
19529 77
19529 157
19529 92
19529 96
19529 174
19529 206
19529 75
19529 123
19529 124
19529 154
19529 164
19529 296
19529 318
19529 352
19529 353
19529 370
19529 25
19529 103
19529 108
19529 126
19529 29
19529 48
19529 97
19529 151
19529 87
19529 90
19529 216
19529 227
19529 1
19529 47
19529 84
19529 109
19529 246
19529 31
19529 102
19529 117
19529 131
19529 180
19529 196
19529 233
19529 257
19529 62
19529 69
19529 113
19529 142
19529 148
19529 178
19529 71
19529 226
19529 238
19529 244
19529 269
19529 299
19529 315
19529 372
19529 385
19529 3
19529 93
19529 147
19529 230
19529 236
19529 280
19529 314
19529 326
19529 328
19529 345
19529 9
19529 36
19529 125
19529 152
19529 198
19529 10
19529 89
19529 143
19529 171
19529 274
19529 322
19529 341
19529 363
19529 365
19529 367
19529 311
19529 324
19529 342
19529 351
19529 358
19529 369
19529 300
19529 374
19529 379
19529 382
19529 231
19529 74
19529 251
19529 19
19529 27
19529 111
19529 149
19463 3
19463 60
19463 118
19463 151
19463 174
19463 179
19463 186
19463 9
19463 75
19463 103
19463 124
19463 146
19463 166
19463 184
19463 192
19463 4
19463 46
19463 57
19463 58
19463 76
19463 80
19463 121
19463 152
19463 164
19463 126
19463 82
19463 148
19463 219
19463 25
19463 66
19463 83
19463 98
19463 150
19463 172
19463 208
19463 156
19463 210
19463 221
19463 114
19463 206
19463 209
19463 56
19463 62
19463 63
19463 67
19463 68
19463 74
19463 77
19463 89
19463 125
19463 218
19463 36
19463 159
19463 212
19463 224
19463 226
19463 0
19463 35
19463 73
19463 130
19463 182
19463 195
19463 203
19463 23
19463 165
19463 217
19463 141
19463 157
19463 216
19463 69
19463 199
19463 1
19463 15
19463 29
19463 59
19463 61
19463 88
19463 111
19463 211
19463 97
19463 147
19463 155
19463 158
19463 183
19463 189
19463 196
19463 207
19463 19
19463 101
19463 45
19463 65
19463 78
19463 93
19463 129
19463 153
19463 198
19463 223
19463 34
19463 214
19580 29
19580 93
19580 123
19580 149
19580 162
19580 168
19580 170
19580 52
19580 62
19580 73
19580 108
19580 133
19580 120
19580 4
19580 9
19580 38
19580 85
19580 116
19580 138
19580 13
19580 14
19580 30
19580 56
19580 99
19580 21
19580 48
19580 67
19580 87
19580 129
19580 59
19580 114
19580 118
19580 130
19580 144
19580 145
19580 15
19580 31
19580 60
19580 88
19580 98
19580 135
19580 25
19580 47
19580 57
19580 107
19580 121
19580 153
19580 7
19580 132
19580 161
19580 171
19580 176
19580 8
19580 70
19580 139
19580 148
19580 178
19580 154
19580 163
19580 172
19580 177
19580 37
19580 53
19580 58
19580 69
19580 151
19580 16
19580 41
19580 50
19580 61
19580 92
19580 2
19580 19
19580 33
19580 72
19580 101
19580 102
19580 22
19580 68
19580 140
19580 159
19580 12
19580 45
19580 76
19580 79
19580 112
19580 126
19580 82
19580 174
19580 0
19580 5
19580 111
19580 128
19580 146
19580 1
19580 27
19580 103
19580 165
18961 91
18961 222
18961 262
18961 405
18961 485
18961 167
18961 246
18961 394
18961 412
18961 128
18961 252
18961 281
18961 290
18961 309
18961 112
18961 147
18961 171
18961 393
18961 185
18961 205
18961 292
18961 460
18961 86
18961 224
18961 264
18961 561
18961 562
18961 102
18961 153
18961 200
18961 402
18961 533
18961 74
18961 101
18961 162
18961 282
18961 310
18961 513
18961 75
18961 89
18961 265
18961 504
18961 506
18961 514
18961 542
18961 544
18961 571
18961 142
18961 158
18961 352
18961 476
18961 518
18961 93
18961 117
18961 190
18961 291
18961 348
18961 434
18961 92
18961 279
18961 286
18961 340
18961 357
18961 418
18961 217
18961 358
18961 473
18961 525
18961 568
18961 257
18961 272
18961 338
18961 547
18961 559
18961 137
18961 255
18961 389
18961 440
18961 555
18961 145
18961 243
18961 325
18961 386
18961 468
18961 76
18961 87
18961 182
18961 249
18961 470
18961 484
18961 213
18961 250
18961 446
18961 478
18961 293
18961 324
18961 342
18961 417
18961 522
18961 367
18961 396
18961 183
18961 247
18961 335
18961 397
18961 564
18961 289
18961 349
18961 553
18961 556
18961 591
18961 65
18961 70
18961 82
18961 302
18961 379
18961 105
18961 139
18961 300
18961 435
18961 80
18961 157
18961 288
18961 322
18961 543
18961 572
18961 25
18961 26
18961 45
18961 51
18961 53
18961 60
18961 156
18961 574
18961 600
18961 603
18961 66
18961 103
18961 315
18961 327
18961 512
18961 116
18961 192
18961 215
18961 295
18961 377
18961 245
18961 299
18961 368
18961 409
18961 444
18961 611
18961 2
18961 16
18961 18
18961 32
18961 48
18961 263
18961 337
18961 445
18961 502
18961 138
18961 226
18961 312
18961 511
18961 526
18961 97
18961 164
18961 359
18961 491
18961 494
18961 233
18961 360
18961 363
18961 499
18961 589
18961 267
18961 382
18961 462
18961 515
18961 119
18961 134
18961 201
18961 277
18961 311
18961 581
18961 598
18961 614
18961 624
18961 170
18961 188
18961 280
18961 390
18961 510
18961 151
18961 163
18961 189
18961 254
18961 318
18961 531
18961 580
18961 590
18961 601
18961 605
18961 370
18961 371
18961 594
18961 604
18961 618
18961 582
18961 132
18961 427
18961 496
18961 529
18961 540
18961 595
18961 0
18961 3
18961 7
18961 11
18961 15
18961 268
18961 344
18961 474
18961 523
18961 530
18961 558
18961 61
18961 115
18961 218
18961 492
18961 509
18961 108
18961 118
18961 456
18961 466
18961 127
18961 194
18961 240
18961 385
18961 548
18961 124
18961 181
18961 228
18961 341
18961 221
18961 283
18961 401
18961 449
18961 230
18961 304
18961 305
18961 372
18961 451
18961 109
18961 172
18961 364
18961 458
18961 464
18961 507
18961 4
18961 8
18961 9
18961 31
18961 46
18961 57
19023 50
19023 93
19023 139
19023 177
19023 98
19023 152
19023 225
19023 229
19023 13
19023 73
19023 103
19023 141
19023 143
19023 150
19722 60
19722 76
19722 129
19722 252
19722 265
19722 350
19623 27
19623 32
19623 53
19623 103
19623 109
19623 117
19728 74
19728 183
19728 200
19728 219
19728 68
19728 139
19728 158
19728 167
19728 171
19728 192
19651 4
19651 34
19651 66
19651 68
19651 92
19651 8
19651 47
19651 51
19651 109
19651 118
19651 55
19651 71
19651 80
19651 91
19651 38
19651 54
19651 69
19651 98
19651 120
19651 126
19651 136
19651 140
19651 149
19651 131
19651 141
19651 143
19651 48
19651 75
19651 85
19651 99
19651 123
19651 124
19651 134
19651 145
19651 0
19651 78
19651 122
19651 132
19651 142
19651 147
19651 151
19651 15
19651 26
19651 58
19651 22
19651 27
19651 61
19651 62
19651 37
19651 9
19651 14
19651 28
19651 36
19651 40
19411 21
19411 206
19411 232
19411 286
19411 308
19411 387
19411 434
19411 506
19411 351
19411 469
19411 97
19411 180
19411 202
19411 269
19411 272
19411 319
19411 324
19411 464
19411 101
19411 176
19411 235
19411 253
19411 342
19411 435
19411 444
19411 141
19411 504
19411 31
19411 94
19411 172
19411 245
19411 277
19411 303
19411 335
19411 372
19411 30
19411 130
19411 199
19411 217
19411 292
19411 412
19411 536
19002 11
19002 10
19002 19
19002 20
19002 23
19002 41
19002 44
19002 64
19002 77
19002 3
19002 22
19002 74
19002 80
19002 17
19002 25
19002 30
19002 45
19002 1
19002 12
19002 53
19002 62
19002 65
19002 38
19002 42
19002 51
19002 58
19002 21
19002 43
19002 48
19002 54
19002 63
19002 85
19002 89
19002 105
19002 110
19002 4
19002 18
19002 36
19002 40
19061 8
19061 19
19061 23
19061 26
19061 47
19061 117
19061 134
19061 2
19061 16
19061 30
19061 76
19061 84
19061 138
19061 25
19061 32
19061 58
19061 80
19061 121
19061 127
19061 89
19061 118
19061 128
19061 137
19061 153
19061 9
19061 10
19061 39
19061 113
19061 0
19061 50
19061 83
19061 143
19061 11
19061 94
19061 123
19061 131
19061 146
19061 1
19061 54
19061 85
19061 86
19061 87
19061 116
19625 19
19625 32
19625 49
19625 53
19625 61
19625 6
19625 7
19625 37
19625 40
19625 59
19625 8
19625 17
19625 20
19625 24
19625 25
19625 28
19625 43
19625 1
19625 34
19625 36
19625 56
19625 60
19625 62
19625 21
19625 44
19625 22
19581 5
19581 16
19581 45
19581 85
19581 113
19581 128
19581 15
19581 26
19581 57
19581 72
19581 75
19475 12
19475 127
19475 317
19475 18
19475 30
19475 64
19475 134
19475 138
19475 139
19475 171
19475 324
19475 43
19475 50
19475 55
19475 114
19475 122
19475 143
19475 208
19475 338
19475 52
19475 80
19475 203
19475 0
19475 26
19475 66
19475 130
19475 164
19475 214
19475 246
19475 287
19475 222
19475 10
19475 22
19475 79
19475 144
19475 160
19475 180
19475 189
19475 259
19475 288
19475 301
19475 357
19475 385
19475 72
19475 334
19475 339
19475 67
19475 111
19475 135
19475 155
19475 210
19475 229
19475 275
19475 320
19467 24
19467 66
19467 82
19467 114
19467 117
19467 126
19467 134
19467 136
19467 140
18982 26
18982 38
18982 53
18982 62
18982 66
18982 16
18982 51
18982 55
18982 56
18982 24
18982 31
18982 42
18982 57
18982 68
18982 39
18982 67
18982 70
18982 73
18982 5
18982 9
18982 17
18982 58
18982 59
18982 64
18982 1
18982 28
18982 44
18982 46
18982 11
18982 29
18982 30
18982 43
18982 20
18982 36
18982 65
18982 72
18982 71
19706 7
19706 10
19706 55
19706 107
19706 148
19706 152
19706 73
19706 81
19706 177
19706 182
19706 188
19706 64
19706 66
19706 79
19706 85
19706 95
19706 167
19706 170
19706 58
19706 69
19706 111
19706 130
19706 154
19706 158
19706 186
19706 34
19706 40
19706 91
19706 102
19706 141
19706 211
19706 31
19706 86
19706 108
19706 121
19706 180
19706 35
19706 38
19706 109
19706 122
19706 132
19706 174
19706 1
19706 78
19706 106
19706 129
19706 136
19706 153
19706 172
19706 173
19706 77
19706 217
19706 227
19706 26
19706 98
19706 151
19706 162
19706 199
19706 201
19706 96
19706 131
19706 213
19706 229
19706 68
19706 225
19706 15
19706 133
19706 168
19706 179
19706 230
19706 37
19706 43
19706 120
19706 197
19706 11
19706 147
19706 166
19706 184
19706 8
19706 105
19706 165
19706 205
19706 14
19706 28
19706 76
19706 103
19706 115
19706 210
19706 47
19706 56
19706 82
19706 123
19706 124
19706 139
19706 160
19706 32
19706 70
19706 118
19706 156
19706 203
19682 104
19682 107
19682 114
19682 115
19682 210
19682 59
19682 61
19682 69
19682 95
19682 141
19682 4
19682 26
19682 147
19682 191
19682 197
19682 252
19682 31
19682 140
19682 171
19682 185
19682 200
19682 221
19682 46
19682 58
19682 75
19682 144
19682 181
19682 186
19056 70
19056 95
19056 109
19056 36
19056 58
19056 61
19056 84
19056 115
19056 117
19056 6
19056 12
19056 30
19056 72
19056 97
19056 111
19056 28
19056 69
19056 76
19056 119
19056 17
19056 56
19056 77
19056 86
19056 37
19056 128
19056 14
19056 32
19056 38
19056 82
19056 94
19056 113
19056 48
19056 57
19056 125
19056 26
19056 96
19056 98
19056 121
19056 123
19408 232
19408 293
19408 190
19408 287
19408 366
19408 368
19408 393
19408 431
19408 572
19408 414
19408 456
19408 580
19408 234
19408 237
19408 78
19408 120
19408 159
19559 251
19559 259
19559 311
19559 313
19559 267
19559 289
19559 295
19559 336
19559 337
19559 382
19559 6
19559 38
19559 212
19559 226
19559 84
19559 221
19559 239
19559 244
19559 263
19559 353
19559 386
19559 407
19559 45
19559 109
19559 134
19559 157
19559 174
19559 19
19559 43
19559 52
19559 76
19559 118
19559 137
19559 193
19559 15
19559 64
19559 217
19559 245
19725 110
19725 219
19725 227
19725 276
19722 130
19722 166
19722 217
19722 304
19722 452
19722 9
19722 90
19722 96
19722 261
19722 413
19722 480
19722 45
19722 151
19722 226
19722 357
19722 67
19722 310
19722 358
19722 463
19722 191
19722 212
19722 344
19722 438
19722 464
19722 503
19722 110
19722 169
19722 361
19722 423
19722 467
19722 70
19722 292
19722 459
19722 168
19722 186
19722 455
19722 512
19722 116
19722 198
19722 349
19722 489
19722 114
19722 559
19722 566
19722 577
19722 7
19722 177
19722 510
19722 123
19722 211
19722 232
19722 283
19722 315
19722 389
19722 432
19722 87
19722 109
19722 253
19722 264
19722 322
19722 551
19722 234
19722 387
19722 417
19722 516
19722 568
19722 573
19722 578
19722 182
19722 313
19722 553
19722 11
19722 27
19722 43
19722 81
19722 240
19722 329
19722 421
19722 450
19722 37
19722 92
19722 194
19722 362
19722 479
19722 502
19722 52
19722 61
19722 80
19722 85
19722 131
19722 407
19722 442
19722 171
19722 484
19722 529
19722 69
19722 93
19722 384
19722 388
19722 478
19722 486
19722 51
19722 220
19722 395
19722 524
19722 98
19722 156
19722 230
19722 346
19722 382
19722 454
19722 41
19722 124
19722 128
19722 225
19722 239
19722 47
19722 62
19722 159
19722 227
19722 271
19722 451
19722 34
19722 50
19722 470
19722 520
19722 28
19722 99
19722 256
19722 291
19722 301
19722 314
19722 338
19722 38
19722 66
19722 218
19722 284
19722 244
19722 269
19722 274
19722 352
19722 460
19722 571
19722 179
19722 499
19722 522
19722 23
19722 82
19722 238
19722 319
19722 495
19722 563
19722 576
19722 579
19722 127
19722 557
19722 562
19722 575
19722 202
19722 276
19722 405
19722 425
19722 63
19722 142
19722 288
19722 430
19722 147
19722 469
19722 518
19722 548
19722 78
19722 175
19722 326
19722 424
19722 448
19722 513
19722 266
19722 385
19722 492
19722 3
19722 136
19722 206
19722 275
19722 325
19722 488
19722 547
19722 153
19722 164
19722 199
19722 519
19722 527
19722 2
19722 112
19722 296
19722 305
19722 307
19722 376
19722 485
19722 0
19722 193
19722 555
19722 565
19722 224
19722 295
19722 398
19722 414
19722 525
19722 97
19722 251
19722 263
19722 330
19722 535
19525 219
19525 272
19525 316
19525 389
19525 142
19525 156
19525 204
19525 287
19525 344
19525 359
19525 370
19525 27
19525 39
19525 282
19525 3
19525 102
19525 170
19525 186
19525 208
19525 223
19525 255
19525 335
19496 49
19496 84
19496 92
19496 145
19496 163
19496 205
19496 236
19496 274
19496 462
19496 467
19496 473
19496 44
19496 287
19496 317
19496 385
19496 412
19496 428
19496 430
19496 431
19496 455
19496 456
19496 325
19496 416
19496 459
19496 37
19496 282
19496 312
19496 327
19496 333
19496 352
19496 361
19496 398
19496 399
19496 419
19496 218
19496 290
19496 292
19496 7
19496 19
19496 27
19496 40
19496 82
19496 98
19496 114
19496 223
19496 298
19496 4
19496 13
19496 80
19496 120
19496 184
19496 238
19496 250
19496 266
19496 320
19496 328
19496 348
19496 367
19496 389
19496 404
19496 443
19496 219
19496 276
19496 386
19496 476
19496 8
19496 68
19496 71
19496 72
19496 144
19496 178
19496 193
19496 268
19496 21
19496 45
19496 108
19496 180
19496 210
19496 232
19496 263
19496 279
19496 52
19496 63
19496 83
19496 115
19496 138
19496 215
19496 256
19496 272
19496 278
19496 171
19496 321
19496 330
19496 457
19496 129
19496 131
19496 150
19496 160
19496 183
19496 208
19496 217
19496 273
19496 318
19496 334
19496 335
19496 362
19496 376
19496 380
19496 417
19496 445
19496 254
19496 46
19496 79
19496 97
19496 111
19496 118
19496 248
19496 302
19496 22
19496 39
19496 60
19496 101
19496 139
19496 155
19496 161
19496 175
19496 74
19496 153
19496 14
19496 31
19496 56
19496 57
19496 142
19496 204
19496 211
19496 85
19496 112
19496 169
19496 170
19496 196
19496 207
19496 224
19496 233
19496 326
19496 341
19496 345
19496 366
19496 381
19496 425
19496 463
19496 2
19496 33
19496 73
19496 310
19496 313
19496 324
19496 350
19496 360
19496 378
19496 446
19496 42
19496 78
19496 94
19496 95
19496 100
19496 107
19496 123
19496 176
19496 200
19496 235
19496 11
19496 20
19496 125
19496 143
19496 220
19496 225
19496 230
19540 68
19540 182
19540 226
19540 272
19540 279
19540 354
19540 376
19540 408
19495 3
19495 7
19495 49
19495 53
19495 77
19495 82
19495 108
19731 52
19731 119
19731 208
19731 262
19731 403
19731 454
19731 168
19731 196
19731 450
19731 506
19731 178
19731 514
19731 547
19731 572
19731 30
19731 155
19731 162
19731 209
19731 356
19731 499
19731 18
19731 28
19731 72
19731 97
19731 420
19731 444
19731 505
19731 34
19731 40
19731 43
19731 62
19731 76
19731 107
19731 116
19731 1
19731 20
19731 31
19731 38
19731 47
19731 73
19731 94
19731 3
19731 163
19731 164
19731 254
19731 382
19731 400
19731 309
19731 338
19731 526
19731 578
19731 5
19731 123
19731 264
19731 277
19731 392
19731 445
19731 117
19731 130
19731 197
19731 249
19731 311
19731 425
19731 95
19731 152
19731 161
19731 165
19731 185
19731 337
19731 25
19731 88
19731 274
19731 406
19731 438
19731 487
19731 507
19731 180
19731 251
19731 269
19731 315
19731 377
19731 391
19731 429
19731 11
19731 44
19731 175
19731 207
19731 303
19731 348
19731 511
19731 370
19731 489
19731 518
19731 520
19731 9
19731 22
19731 139
19731 237
19731 368
19731 386
19731 193
19731 261
19731 537
19731 541
19731 55
19731 210
19731 231
19731 349
19731 394
19731 453
19731 321
19731 448
19731 548
19731 568
19731 15
19731 103
19731 242
19731 260
19731 99
19731 186
19731 188
19731 544
19731 171
19731 241
19731 257
19731 293
19731 300
19731 326
19731 365
19731 42
19731 126
19731 141
19731 442
19731 195
19731 202
19731 247
19731 281
19731 37
19731 50
19731 70
19731 74
19731 113
19731 118
19731 158
19731 554
19731 577
19731 218
19731 318
19731 524
19731 353
19731 446
19731 532
19731 54
19731 146
19731 355
19731 452
19731 458
19731 256
19731 408
19731 428
19731 496
19731 396
19731 556
19731 569
19731 574
19731 110
19731 137
19731 140
19731 144
19731 296
19731 319
19731 538
19731 59
19731 441
19731 510
19731 528
19731 2
19731 49
19731 58
19731 84
19731 86
19731 157
19731 96
19731 127
19731 189
19731 243
19731 339
19731 389
19731 490
19731 65
19731 226
19731 250
19731 265
19731 373
19731 440
19731 112
19731 174
19731 268
19731 342
19731 523
19731 285
19731 457
19731 536
19731 565
19731 135
19731 203
19731 217
19731 222
19731 390
19731 472
19731 500
19731 160
19731 275
19731 279
19731 298
19731 424
19731 464
19731 304
19731 542
19731 557
19731 573
19731 236
19731 421
19731 451
19731 509
19731 564
19731 534
19731 552
19731 570
19731 571
19731 143
19731 224
19731 272
19731 352
19731 367
19731 485
19731 333
19731 497
19731 515
19731 567
19649 152
19649 163
19649 241
19649 278
19649 362
19649 77
19649 238
19649 282
19649 347
19649 371
19649 3
19649 27
19649 55
19649 401
19649 429
19649 431
19649 304
19649 357
19649 361
19649 376
19649 182
19649 299
19649 380
19649 385
19649 90
19649 118
19649 204
19649 284
19649 289
19510 67
19510 184
19510 5
19510 68
19510 94
19510 125
19510 134
19510 159
19510 160
19510 167
19510 127
19510 83
19510 149
19510 4
19510 9
19510 81
19510 104
19510 144
19510 175
19510 39
19510 182
19510 107
19510 119
19510 164
19510 188
19510 17
19510 34
19510 46
19510 49
19510 97
19510 130
19510 139
19510 143
19510 198
19510 32
19510 56
19510 65
19510 98
19510 129
19510 131
19510 145
19510 124
19510 142
19510 174
19510 79
19510 132
19510 14
19510 52
19510 62
19510 102
19510 109
19510 163
19510 180
19510 208
19510 3
19510 24
19510 42
19510 47
19510 111
19510 114
19510 141
19510 169
19510 41
19510 93
19510 194
19510 6
19510 12
19510 13
19510 18
19510 33
19510 77
19510 116
19510 121
19510 152
19436 3
19436 17
19436 32
19436 49
19436 55
19436 79
19436 137
19436 24
19436 50
19436 74
19436 76
19436 85
19436 98
19436 99
19436 124
19436 136
19436 5
19436 30
19436 57
19436 64
19436 68
19436 123
19436 127
19436 139
19436 149
19436 163
19436 2
19436 41
19436 53
19436 72
19436 91
19436 106
19436 110
19436 129
19436 157
19436 145
19436 42
19436 96
19436 104
19436 63
19436 36
19436 58
19436 100
19436 126
19436 144
19436 150
19436 152
19436 93
19436 166
19436 159
19436 19
19436 25
19436 39
19436 61
19436 78
19436 88
19436 131
19436 143
19436 146
19436 161
19436 167
19436 168
19436 40
19436 45
19436 47
19436 48
19436 62
19436 113
19436 132
19436 135
19436 138
19436 4
19436 10
19436 15
19436 18
19436 60
19436 86
19436 108
19436 120
19436 109
19436 1
19436 14
19436 21
19436 43
19436 81
19436 111
19436 116
19436 118
19436 134
19436 8
19436 9
19436 28
19436 33
19436 38
19436 92
19436 140
19436 141
19436 20
19436 52
19436 70
19436 77
19436 80
19436 84
19436 114
19436 115
19436 119
19436 162
19436 156
19436 16
19436 35
19436 37
19436 51
19436 54
19436 67
19436 105
19436 164
19436 165
19475 28
19475 37
19475 57
19475 92
19475 104
19475 202
19475 240
19475 340
19475 27
19475 83
19475 107
19475 108
19475 152
19475 213
19475 241
19475 289
19475 292
19475 319
19585 27
19585 39
19585 71
19585 124
19585 126
19585 30
19585 35
19585 110
19585 120
19585 3
19585 28
19585 59
19585 70
19585 98
19585 132
19585 133
19585 151
19585 167
19585 171
19585 172
19475 226
19475 243
19475 331
19475 309
19475 349
19475 2
19475 44
19475 59
19475 110
19475 172
19475 177
19475 209
19475 336
19475 337
19475 377
19475 77
19475 121
19475 159
19475 204
19475 228
19475 276
19475 316
19475 344
19475 33
19475 35
19475 89
19475 230
19475 251
19475 341
19475 366
19475 95
19475 179
19475 184
19475 192
19475 234
19475 263
19475 279
19475 300
19475 360
19475 39
19475 299
19475 133
19475 40
19475 41
19475 49
19475 61
19475 71
19475 96
19475 112
19475 162
19475 295
19475 381
19475 46
19475 60
19475 98
19475 176
19475 196
19475 206
19475 271
19475 302
19475 154
19475 281
19475 363
19475 58
19475 157
19475 168
19475 195
19475 223
19475 311
19475 314
19475 332
19475 354
19475 7
19475 20
19475 73
19475 82
19475 345
19475 367
19475 382
19475 383
19475 105
19475 158
19475 173
19475 233
19475 273
19475 284
19475 315
19475 350
19475 14
19475 51
19475 81
19475 102
19475 115
19475 161
19475 265
19475 280
19475 282
19475 348
19475 136
19475 120
19475 151
19475 351
19475 15
19475 16
19475 84
19475 90
19475 113
19475 199
19475 286
19475 303
19475 17
19475 147
19475 181
19475 217
19475 242
19475 307
19475 313
19475 42
19475 109
19475 170
19475 245
19475 267
19475 272
19475 294
19475 297
19475 290
19475 335
19475 212
19475 353
19475 249
19475 327
19475 31
19475 91
19475 131
19475 264
19475 278
19475 365
19475 378
19475 21
19475 56
19475 116
19475 118
19475 156
19475 224
19475 310
19475 145
19475 197
19475 236
19475 252
19475 266
19475 268
19475 274
19475 308
19475 5
19475 174
19475 175
19475 183
19475 200
19475 262
19475 321
19475 53
19475 87
19475 359
19475 32
19475 45
19475 128
19475 191
19475 238
19475 253
19475 254
19475 322
19475 34
19475 36
19475 74
19475 94
19475 146
19475 190
19475 211
19475 215
19738 16
19738 43
19738 144
19738 214
19738 421
19738 462
19738 6
19738 97
19738 230
19738 508
19738 23
19738 105
19738 389
19738 416
19738 443
19738 457
19738 65
19738 73
19738 122
19738 417
19738 484
19738 411
19738 40
19738 116
19738 229
19738 237
19738 399
19592 73
19592 76
19592 289
19592 81
19592 101
19592 121
19592 153
19592 157
19592 158
19592 97
19592 240
19592 276
19592 296
19592 305
19592 32
19592 143
19592 155
19592 243
19592 248
19592 38
19592 54
19592 93
19592 122
19592 179
19592 212
19592 7
19592 220
19592 280
19592 291
19592 301
19592 16
19592 24
19592 25
19592 161
19592 190
19592 242
19592 18
19592 27
19592 66
19592 225
19592 245
19592 35
19592 57
19592 100
19592 166
19592 286
19592 82
19592 124
19592 173
19592 187
19592 238
19592 48
19592 99
19592 110
19592 200
19592 203
19592 218
19592 233
19592 70
19592 92
19592 181
19592 252
19592 51
19592 61
19592 119
19592 249
19592 20
19592 36
19592 79
19592 222
19592 272
19592 275
19592 8
19592 9
19592 72
19592 85
19592 151
19592 231
19592 23
19592 80
19592 163
19592 170
19592 176
19592 214
19592 43
19592 111
19592 180
19592 191
19592 256
19592 263
19592 10
19592 67
19592 71
19592 171
19592 204
19592 213
19592 244
19592 109
19592 116
19592 236
19592 12
19592 19
19592 140
19592 164
19592 167
19592 219
19592 77
19592 146
19592 211
19592 94
19592 241
19592 250
19592 270
19592 279
19592 2
19592 107
19592 136
19592 152
19592 198
19592 29
19592 63
19592 102
19592 224
19592 288
19592 169
19592 194
19592 254
19592 257
19592 65
19592 126
19592 133
19592 134
19592 192
19592 69
19592 258
19592 265
19592 300
19592 303
19592 115
19592 227
19592 271
19592 294
19592 103
19592 123
19592 162
19592 281
19601 125
19601 283
19601 369
19601 372
19601 87
19601 97
19601 118
19601 143
19601 192
19601 235
19601 360
19601 370
19601 183
19601 331
19601 364
19601 365
19601 79
19601 157
19601 171
19601 278
19601 305
19668 178
19668 187
19668 205
19668 241
19668 323
19668 351
19621 53
19621 17
19621 78
19621 152
19621 182
19621 223
19621 225
19621 14
19621 24
19621 57
19621 203
19621 7
19621 18
19621 68
19621 96
19621 125
19621 65
19621 88
19621 111
19621 141
19621 143
19621 176
19621 35
19621 54
19621 63
19621 64
19621 153
19621 66
19621 121
19621 187
19621 219
19621 222
19621 46
19621 77
19621 118
19621 163
19621 200
19621 221
19621 26
19621 102
19621 159
19621 196
19621 211
19621 67
19621 101
19621 116
19621 122
19621 220
19621 23
19621 27
19621 29
19621 70
19621 108
19621 32
19621 112
19621 156
19621 171
19621 174
19621 227
19621 58
19621 98
19621 133
19621 206
19621 16
19621 37
19621 52
19621 89
19621 91
19621 103
19621 134
19621 0
19621 105
19621 166
19621 169
19621 179
19621 6
19621 8
19621 123
19621 194
19621 215
19621 230
19621 28
19621 39
19621 42
19621 72
19621 199
19621 1
19621 2
19621 114
19621 184
19621 193
19621 21
19621 80
19621 130
19621 150
19621 44
19621 75
19621 97
19621 145
19621 147
19621 188
19621 10
19621 110
19621 140
19621 177
19621 210
19621 49
19621 56
19621 81
19621 95
19621 160
19621 74
19621 87
19621 100
19621 132
19621 137
19621 25
19621 36
19621 76
19621 83
19621 229
19621 86
19621 154
19621 201
19621 208
19621 213
19621 13
19621 85
19621 106
19621 135
19621 191
19621 218
19621 233
19621 15
19621 92
19621 99
19621 170
19621 198
19438 24
19438 26
19438 28
19438 32
19438 73
19438 74
19438 81
19438 96
19696 58
19696 112
19696 124
19696 126
19696 153
19696 156
19696 6
19696 44
19696 87
19696 101
19696 114
19696 118
19696 142
19696 70
19696 162
19696 167
19696 32
19696 57
19696 78
19696 82
19696 100
19696 160
19696 20
19696 67
19696 91
19696 119
19696 159
19593 30
19593 43
19593 44
19593 46
19593 74
19593 91
19593 99
19593 102
19593 7
19593 13
19593 24
19593 67
19593 77
19593 118
19593 2
19593 8
19593 40
19593 48
19593 60
19593 64
19593 65
19593 10
19593 22
19593 26
19593 34
19593 69
19593 71
19593 92
19593 103
19593 104
19593 105
19593 106
19593 107
19593 112
19593 114
19593 116
19593 20
19593 38
19593 62
19593 79
19593 14
19593 51
19593 96
19593 98
19593 4
19593 6
19593 15
19593 27
19593 35
19593 59
19593 21
19593 36
19593 66
19593 68
19593 75
19593 80
19588 105
19588 106
19588 107
19588 110
19588 114
19588 116
19588 117
19588 29
19588 63
19588 100
19588 104
19588 9
19588 35
19588 40
19588 71
19588 90
19588 1
19588 45
19588 46
19588 49
19588 62
19588 92
19588 20
19588 36
19588 51
19588 61
19588 67
19588 72
19588 76
19588 17
19588 41
19588 57
19588 69
19588 75
19588 85
19588 19
19588 26
19588 34
19588 82
19588 88
18980 60
18980 117
18980 153
18980 197
18980 204
18980 46
18980 71
18980 179
18980 232
18980 263
18980 73
18980 91
18980 104
18980 294
18980 305
18980 121
18980 139
18980 178
18980 297
18980 10
18980 132
18980 7
18980 9
18980 194
18980 231
18980 61
18980 67
18980 72
18980 110
18980 317
18980 183
18980 187
18980 234
18980 312
18980 313
18980 314
18980 300
18980 55
18980 135
18980 145
18980 237
18980 6
18980 24
18980 168
18980 230
18980 253
18980 25
18980 63
18980 143
18980 163
18980 311
18980 241
18980 298
18980 304
18980 320
18980 322
18980 324
18980 13
18980 105
18980 215
18980 218
18980 303
18980 170
18980 233
18980 248
18980 258
18980 277
18980 92
18980 115
18980 157
18980 227
18980 80
18980 124
18980 290
18980 293
18980 220
18980 21
18980 45
18980 155
18980 222
18980 260
18980 75
18980 83
18980 98
18980 109
18980 203
18980 278
18980 32
18980 11
18980 87
18980 148
18980 169
18980 223
18980 112
18980 123
18980 267
18980 269
18980 284
18980 66
18980 70
18980 160
18980 173
18980 41
18980 69
18980 125
18980 131
18980 264
18980 90
18980 136
18980 65
18980 172
18980 174
18980 243
18980 256
18980 100
18980 239
18980 302
18980 22
18980 118
18980 138
18980 193
18980 323
19441 3
19441 14
19441 23
19441 34
19441 58
19441 68
19441 76
19441 77
19441 78
19441 88
19441 5
19441 9
19441 10
19441 19
19441 28
19441 38
19441 39
19441 69
19441 85
19441 90
18986 20
18986 57
18986 100
18986 127
18986 152
18986 9
18986 39
18986 42
18986 129
18986 148
19021 601
19021 602
19021 108
19021 151
19021 216
19021 226
19021 267
19021 19
19021 30
19021 90
19021 187
19021 237
19021 9
19021 20
19021 65
19021 166
19021 318
19021 334
19021 452
19021 503
19021 520
19021 81
19021 103
19021 122
19021 204
19021 256
19021 74
19021 80
19021 89
19021 135
19021 222
19021 344
19021 476
19021 482
19021 528
19021 594
19021 440
19021 473
19021 488
19021 498
19021 508
19021 597
19021 25
19021 116
19021 133
19021 136
19021 249
19021 59
19021 110
19021 203
19021 269
19021 342
19021 391
19021 398
19021 485
19021 385
19021 448
19021 518
19021 553
19021 585
19021 124
19021 153
19021 182
19021 231
19021 251
19021 305
19021 408
19021 465
19021 548
19021 571
19021 26
19021 49
19021 209
19021 272
19021 50
19021 115
19021 148
19021 247
19021 299
19021 34
19021 64
19021 68
19021 193
19021 218
19021 340
19021 474
19021 477
19021 512
19021 590
19021 22
19021 97
19021 147
19021 206
19021 241
19021 12
19021 39
19021 76
19021 232
19021 253
19021 426
19021 500
19021 502
19021 545
19021 560
19021 569
19021 328
19021 332
19021 339
19021 504
19021 551
19021 380
19021 394
19021 438
19021 460
19021 475
19021 364
19021 411
19021 467
19021 506
19021 582
19021 593
19021 600
19021 121
19021 139
19021 280
19021 303
19021 319
19021 94
19021 128
19021 159
19021 210
19021 286
19021 416
19021 499
19021 501
19021 567
19021 354
19021 389
19021 423
19021 523
19021 547
19021 326
19021 362
19021 410
19021 461
19021 483
19021 566
19021 95
19021 200
19021 291
19021 308
19021 179
19021 215
19021 238
19021 296
19021 306
19021 169
19021 321
19021 31
19021 36
19021 93
19021 118
19021 273
19021 2
19021 72
19021 129
19021 240
19021 263
19021 347
19021 381
19021 527
19021 531
19021 572
19021 1
19021 141
19021 214
19021 234
19021 236
19021 21
19021 51
19021 102
19021 145
19021 181
19021 15
19021 38
19021 106
19021 184
19021 295
19021 368
19021 396
19021 414
19021 532
19021 583
19021 369
19021 371
19021 505
19021 578
19021 592
19021 349
19021 360
19021 375
19021 393
19021 434
19021 345
19021 365
19021 439
19021 544
19021 591
19021 358
19021 372
19021 399
19021 430
19021 513
19021 565
19021 83
19021 144
19021 152
19021 173
19021 270
19021 164
19021 243
19021 248
19021 261
19021 300
19021 45
19021 228
19021 284
19021 310
19021 315
19021 126
19021 138
19021 275
19021 313
19021 335
19021 395
19021 437
19021 521
19021 11
19021 158
19021 168
19021 229
19021 298
19021 14
19021 27
19021 217
19021 219
19021 230
19021 415
19021 454
19021 459
19021 517
19021 549
19021 355
19021 373
19021 402
19021 550
19021 576
19021 346
19021 404
19021 493
19021 540
19021 546
19021 555
19021 56
19021 58
19021 180
19021 304
19021 320
19021 134
19021 366
19021 425
19021 453
19021 489
19021 596
19021 42
19021 66
19021 87
19021 98
19021 109
19021 220
19021 383
19021 442
19021 535
19021 589
19021 324
19021 417
19021 427
19021 530
19021 376
19021 407
19021 433
19021 458
19021 468
19021 487
19021 16
19021 123
19021 188
19021 293
19021 309
19021 132
19021 73
19021 117
19021 254
19021 255
19021 288
19021 361
19021 370
19021 484
19021 510
19021 599
19021 142
19021 172
19021 196
19021 212
19021 257
19021 351
19021 353
19021 405
19021 446
19021 496
19021 538
19021 419
19021 420
19021 444
19021 490
19021 588
19499 4
19499 13
19499 26
19499 34
19499 50
19499 51
19499 71
19499 72
19499 74
19499 76
19499 10
19499 14
19499 16
19499 21
19499 30
19499 35
19499 38
19499 59
19499 9
19499 12
19499 43
19499 18
19499 37
19618 153
19618 221
19618 276
19618 323
19618 164
19618 225
19618 269
19618 320
19618 324
19618 4
19618 5
19618 31
19618 59
19618 25
19618 26
19618 72
19618 118
19618 13
19618 106
19618 137
19618 140
19618 166
19618 169
19618 180
19618 258
19618 110
19618 129
19618 133
19618 32
19618 60
19618 76
19618 90
19618 91
19618 12
19618 61
19618 64
19618 79
19618 125
19618 130
19618 34
19618 38
19618 66
19618 96
19618 104
19618 15
19618 77
19618 84
19618 101
19618 109
19618 197
19618 336
19618 346
19618 192
19618 272
19618 306
19618 332
19618 3
19618 28
19618 63
19618 80
19618 111
19618 112
19618 18
19618 21
19618 70
19618 93
19618 103
19618 132
19618 211
19618 284
19618 311
19618 339
19618 36
19618 95
19618 124
19618 138
19618 255
19618 268
19618 287
19618 349
19618 147
19618 152
19618 200
19618 214
19618 271
19618 274
19618 176
19618 252
19618 262
19618 263
19618 52
19618 206
19618 300
19618 328
19618 163
19618 249
19618 279
19618 290
19618 294
19618 307
19618 162
19618 321
19618 329
19618 338
19618 341
19618 235
19618 243
19618 265
19618 277
19618 315
19618 327
19618 2
19618 48
19618 54
19618 108
19618 142
19618 57
19618 75
19618 78
19618 107
19618 114
19618 8
19618 22
19618 29
19618 33
19618 42
19618 87
19618 179
19618 184
19618 231
19618 244
19618 251
19618 282
19618 9
19618 17
19618 68
19618 88
19618 119
19618 11
19618 20
19618 24
19618 117
19618 120
19618 135
19575 178
19575 210
19575 225
19575 228
19575 252
19575 258
19074 5
19074 7
19074 16
19074 19
19074 28
19666 48
19666 97
19666 104
19666 105
19666 122
19666 152
19666 173
19666 23
19666 198
19666 199
19666 153
19666 186
19666 43
19666 50
19666 76
19666 85
19666 138
19666 176
19666 9
19666 33
19666 51
19666 113
19666 28
19666 56
19666 78
19666 108
19666 109
19666 58
19666 86
19666 91
19666 94
19666 116
19666 121
19666 35
19666 46
19666 126
19666 191
19666 26
19666 34
19666 53
19666 77
19666 107
19666 147
19666 155
19666 4
19666 22
19666 30
19666 44
19666 130
19666 175
19666 125
19666 135
19666 171
19666 11
19666 146
19666 181
19666 188
19666 0
19666 25
19666 38
19666 62
19666 70
19666 79
19666 182
19666 185
19657 44
19657 58
19657 59
19657 88
19657 118
19657 157
19657 182
19657 19
19657 70
19657 75
19657 161
19657 207
19001 18
19001 45
19001 92
19001 99
19001 167
19527 30
19527 38
19527 89
19527 132
19527 19
19527 94
19527 109
19527 152
19527 159
19593 11
19593 12
19593 31
19593 61
19593 82
19064 7
19064 18
19064 62
19064 70
19064 128
19064 181
19064 285
19064 397
19064 232
19064 256
19064 258
19064 325
19064 364
19064 370
19064 104
19064 108
19064 117
19064 134
19064 149
19064 180
19064 336
19064 403
19064 415
19064 13
19064 88
19064 125
19064 35
19064 43
19064 99
19064 116
19064 10
19064 23
19064 84
19064 113
19064 122
19064 17
19064 53
19064 57
19064 63
19064 65
19064 82
19064 264
19064 423
19064 20
19064 33
19064 37
19064 49
19064 66
19064 115
19064 196
19064 240
19064 279
19064 329
19064 409
19064 190
19064 198
19064 214
19064 328
19064 164
19064 176
19064 239
19064 406
19064 2
19064 26
19064 100
19064 129
19064 430
19064 12
19064 61
19064 74
19064 80
19064 110
19064 123
19064 226
19064 305
19064 309
19064 376
19064 379
19064 107
19064 109
19064 111
19064 130
19064 148
19064 179
19064 192
19064 242
19064 317
19064 405
19064 243
19064 251
19064 283
19064 310
19064 335
19064 395
19064 159
19064 220
19064 270
19064 306
19064 313
19064 208
19064 237
19064 286
19064 337
19064 369
19064 249
19064 297
19064 319
19064 320
19064 363
19064 175
19064 185
19064 207
19064 221
19064 266
19064 29
19064 46
19064 141
19064 147
19064 173
19064 311
19064 385
19064 402
19064 209
19064 254
19064 321
19064 396
19064 189
19064 211
19064 338
19064 373
19064 380
19064 391
19064 199
19064 241
19064 291
19064 295
19064 303
19064 346
19064 238
19064 315
19064 349
19064 374
19064 389
19064 404
19064 157
19064 206
19064 224
19064 260
19064 269
19064 14
19064 15
19064 55
19064 56
19064 59
19064 255
19064 267
19064 332
19064 340
19064 154
19064 172
19064 344
19064 426
19064 429
19064 162
19064 201
19064 245
19064 399
19064 166
19064 222
19064 281
19064 324
19064 27
19064 60
19064 67
19064 90
19064 120
19064 121
19064 50
19064 133
19064 136
19064 139
19064 6
19064 19
19064 142
19064 145
19064 194
19064 204
19064 227
19064 278
19064 308
19064 339
19672 0
19672 2
19672 3
19672 12
19672 14
19672 15
19686 12
19686 31
19686 44
19686 114
19686 152
19686 174
19686 43
19686 80
19686 91
19686 166
19686 182
19686 30
19686 59
19686 68
19686 86
19686 93
19686 189
19686 13
19686 39
19686 183
19686 200
19686 21
19686 26
19686 145
19686 147
19686 5
19686 83
19686 216
19686 217
19686 239
19686 241
19686 11
19686 15
19686 71
19686 246
19686 7
19686 25
19686 65
19686 87
19686 109
19686 129
19686 171
19686 185
19686 92
19686 123
19686 181
19686 192
19686 58
19686 63
19686 169
19686 170
19686 194
19686 210
19686 215
19686 230
19686 231
19686 243
19686 66
19686 176
19686 227
19686 236
19686 61
19686 67
19686 69
19686 127
19686 196
19686 207
19686 22
19686 50
19686 100
19686 116
19686 142
19686 154
19686 48
19686 73
19686 81
19686 225
19686 36
19686 52
19686 101
19686 143
19686 20
19686 85
19686 115
19686 140
19686 156
19686 167
19686 10
19686 34
19686 90
19686 105
19686 136
19686 180
19686 51
19686 121
19686 161
19686 208
19686 74
19686 79
19686 148
19686 197
19686 6
19686 150
19686 226
19686 234
19686 149
19686 224
19592 45
19592 113
19592 147
19592 290
19592 292
19592 201
19592 259
19592 266
19592 284
19592 298
19411 407
19411 458
19411 116
19411 118
19411 139
19411 147
19411 174
19411 189
19411 267
19411 373
19411 168
19411 453
19411 494
19411 93
19411 533
19411 542
19411 7
19411 13
19411 22
19411 250
19411 321
19411 400
19411 413
19411 492
19411 16
19411 71
19411 72
19411 169
19411 207
19411 222
19411 396
19411 466
19411 519
19411 45
19411 190
19411 191
19411 204
19411 293
19411 352
19411 420
19411 456
19411 486
19411 516
19411 46
19411 77
19411 193
19411 273
19411 281
19411 297
19411 378
19411 461
19411 51
19411 61
19411 70
19411 302
19411 313
19411 355
19411 455
19411 520
19411 129
19411 523
19411 241
19411 252
19411 36
19411 186
19411 220
19411 243
19411 318
19411 345
19411 442
19411 496
19411 178
19411 210
19411 231
19411 301
19411 307
19411 365
19411 424
19411 528
19411 159
19411 197
19411 244
19411 282
19411 312
19411 350
19411 409
19411 415
19411 480
19411 320
19411 457
19411 146
19411 408
19411 28
19411 166
19411 211
19411 226
19411 317
19411 362
19411 418
19411 156
19411 203
19411 385
19411 462
19411 65
19411 209
19411 305
19411 367
19411 370
19411 399
19411 410
19411 448
19411 498
19411 0
19411 50
19411 52
19411 76
19411 349
19411 357
19411 391
19411 402
19411 137
19411 152
19411 248
19411 275
19411 364
19411 393
19411 411
19411 48
19411 110
19411 140
19411 249
19411 260
19411 340
19411 429
19411 535
19411 205
19411 490
19411 69
19411 83
19411 114
19411 144
19411 230
19411 246
19411 309
19411 344
19411 467
19411 74
19411 125
19411 298
19411 477
19411 514
19411 540
19411 3
19411 5
19411 18
19411 49
19411 194
19411 283
19411 348
19411 421
19411 532
19411 212
19411 229
19411 323
19411 439
19411 11
19411 54
19411 138
19411 148
19411 268
19411 310
19411 336
19411 521
19411 59
19411 107
19411 236
19411 242
19411 394
19411 509
19411 511
19411 518
19411 213
19411 330
19411 56
19411 82
19411 134
19411 185
19411 325
19411 347
19411 414
19411 425
19411 32
19411 73
19411 75
19411 90
19411 238
19411 263
19411 326
19411 389
19411 128
19411 219
19411 223
19411 315
19411 360
19411 369
19411 404
19411 505
19411 270
19411 476
19411 271
19411 436
19411 20
19411 38
19411 47
19411 117
19411 119
19411 290
19411 371
19411 417
19411 390
19411 525
19411 79
19411 113
19411 162
19411 184
19411 256
19411 403
19411 405
19411 495
19411 60
19411 143
19411 155
19411 187
19411 200
19411 214
19411 234
19411 259
19411 279
19411 437
19480 8
19480 15
19480 25
19480 40
19480 49
19480 50
19480 60
19480 140
19480 19
19480 24
19480 27
19480 42
19480 51
19480 67
19480 83
19480 163
19480 71
19480 175
19480 58
19480 93
19480 96
19480 104
19480 147
19480 169
19480 185
19480 191
19480 205
19480 18
19480 48
19480 56
19480 86
19480 94
19480 117
19480 145
19480 160
19480 59
19480 197
19480 108
19480 196
19480 66
19480 151
19480 210
19480 211
19480 213
19480 214
19480 216
19480 221
19480 204
19480 198
19480 23
19480 180
19480 0
19480 7
19480 11
19480 47
19480 64
19480 88
19480 97
19480 158
19480 183
19480 207
19480 209
19480 212
19480 215
19480 218
19480 219
19480 224
19480 225
19480 16
19480 61
19480 73
19480 120
19480 157
19480 162
19480 164
19480 178
19480 182
19480 3
19480 32
19480 68
19480 79
19480 106
19480 112
19480 116
19480 206
19480 208
19480 222
19480 223
19480 4
19480 6
19480 14
19480 29
19480 118
19480 159
19480 171
19480 172
19480 148
19480 184
19495 216
19495 227
19495 260
19495 198
19495 199
19495 219
19495 226
19495 243
19495 246
19495 279
19495 291
19495 298
19495 313
19495 197
19495 203
19495 240
19495 244
19495 250
19495 255
19495 270
19495 272
19495 273
19495 51
19495 179
18968 1
18968 2
18968 3
18968 11
18968 19
19616 42
19616 43
19616 154
19616 165
19616 34
19616 51
19616 64
19616 83
19616 93
19616 18
19616 26
19616 68
19616 95
19616 117
19616 2
19616 7
19616 11
19616 112
19616 113
19616 4
19616 22
19616 38
19616 61
19616 77
19616 39
19616 45
19616 49
19616 79
19616 128
19616 152
19616 6
19616 50
19616 52
19616 87
19616 127
19616 19
19616 111
19616 116
19616 120
19616 145
19616 0
19616 8
19616 20
19616 103
19616 132
19616 110
19616 125
19616 150
19616 153
19616 172
19616 35
19616 97
19616 126
19616 142
19616 169
19616 96
19616 163
19616 166
19616 173
19616 94
19616 99
19616 115
19616 159
19616 12
19616 31
19616 33
19616 74
19616 91
19712 151
19712 153
19712 211
19712 284
19712 301
19712 322
19712 348
19712 370
19712 132
19712 161
19712 46
19712 91
19712 208
19712 227
19712 306
19712 326
19712 40
19712 103
19712 160
19712 187
19712 252
19712 254
19712 367
19712 177
19712 224
19712 247
19712 319
19712 336
19712 380
19712 413
19712 73
19712 109
19712 158
19712 188
19712 271
19712 298
19712 327
19712 5
19712 52
19712 166
19712 32
19712 246
19712 249
19712 369
19712 21
19712 101
19712 170
19712 265
19712 267
19712 112
19712 128
19712 248
19712 395
19712 13
19712 186
19712 229
19712 239
19712 256
19712 358
19712 29
19712 39
19712 58
19712 119
19712 147
19712 236
19712 310
19712 363
19712 375
19712 385
19712 414
19712 260
19712 291
19712 65
19712 66
19712 201
19712 209
19712 287
19712 337
19712 381
19712 55
19712 141
19712 145
19712 332
19712 36
19712 74
19712 150
19712 155
19712 163
19712 164
19712 366
19712 379
19712 17
19712 49
19712 75
19712 206
19712 250
19712 143
19712 152
19712 228
19712 273
19712 340
19712 364
19712 389
19712 258
19712 429
19712 434
19712 38
19712 57
19712 123
19712 193
19712 225
19712 276
19712 359
19712 41
19712 60
19712 245
19712 285
19712 135
19712 137
19712 195
19712 204
19712 210
19712 269
19712 64
19712 308
19712 418
19712 428
19712 282
19712 341
19712 402
19712 3
19712 207
19712 220
19712 274
19712 86
19712 89
19712 148
19712 278
19712 344
19712 127
19712 140
19712 179
19712 212
19712 262
19712 312
19712 33
19712 131
19712 171
19712 231
19712 314
19712 382
19712 43
19712 99
19712 142
19712 213
19712 330
19712 196
19712 304
19712 317
19712 335
19712 353
19712 275
19712 283
19712 415
19056 7
19056 53
19056 79
19056 80
19056 103
19056 129
19056 20
19056 43
19056 66
19056 89
19056 122
19033 155
19033 227
19033 313
19033 315
19033 329
19033 8
19033 35
19033 97
19033 100
19033 219
19033 258
19033 15
19033 25
19033 51
19033 61
19033 192
19033 1
19033 36
19033 169
19033 213
19033 268
19033 27
19033 196
19033 261
19033 272
19033 64
19033 184
19033 207
19033 248
19033 254
19033 33
19033 92
19033 168
19033 218
19033 239
19033 93
19033 189
19033 251
19033 275
19713 5
19713 8
19713 13
19713 42
19713 43
19713 52
19713 105
19713 186
19713 235
19713 298
19713 307
19713 324
19713 429
19713 84
19713 94
19713 117
19713 211
19713 386
19713 394
19713 415
19713 6
19713 103
19713 108
19596 14
19596 42
19596 44
19596 45
19596 52
19596 53
19596 86
19596 2
19596 4
19596 6
19596 28
19596 37
19596 68
19724 85
19724 126
19724 134
19724 186
19724 189
19724 424
19724 427
19724 428
19724 432
19460 105
19460 0
19460 30
19460 34
19460 50
19460 62
19460 65
19460 74
19460 10
19460 17
19460 69
19460 31
19460 36
19460 38
19460 42
19460 51
19460 73
19460 91
19460 106
19460 8
19460 12
19460 13
19460 22
19460 35
19460 46
19460 67
19460 76
19730 17
19730 27
19730 33
19730 45
19730 48
19730 18
19730 42
19730 58
19730 65
19730 25
19730 34
19730 51
19730 6
19730 37
19730 38
19730 53
19730 10
19730 15
19730 19
19730 24
19730 31
19730 55
19668 37
19668 67
19668 80
19668 136
19668 192
19668 251
19668 261
19668 285
19668 314
19668 340
19668 364
19668 224
19668 232
19668 235
19668 238
19668 299
19668 309
19668 0
19668 6
19668 22
19668 33
19668 87
19668 113
19668 172
19668 186
19668 248
19668 270
19668 289
19668 331
19668 250
19668 320
19668 365
19668 206
19668 218
19668 228
19668 370
19668 21
19668 49
19668 56
19668 133
19668 349
19668 363
19668 366
19668 189
19668 201
19668 230
19668 242
19668 246
19668 313
19668 266
19668 305
19668 380
19668 381
19668 384
19668 164
19668 244
19668 286
19668 352
19668 374
19668 9
19668 13
19668 51
19668 55
19668 85
19668 126
19668 129
19668 193
19668 194
19668 207
19668 213
19668 259
19668 264
19668 279
19668 379
19668 386
19668 280
19668 291
19668 296
19668 311
19668 324
19668 332
19668 372
19668 134
19668 144
19668 149
19668 5
19668 19
19668 26
19668 77
19668 108
19668 180
19668 203
19668 283
19668 287
19668 328
19668 183
19668 231
19668 245
19668 357
19668 7
19668 17
19668 18
19668 34
19668 50
19668 104
19668 11
19668 16
19668 29
19668 44
19668 91
19668 98
19668 2
19668 15
19668 60
19668 69
19668 90
19668 107
19668 135
19668 223
19668 256
19668 265
19668 317
19668 219
19668 306
19668 347
19668 355
19668 162
19668 173
19668 191
19668 284
19668 293
19668 346
19668 185
19668 196
19668 209
19668 227
19668 233
19668 234
19668 336
19668 27
19668 92
19668 93
19668 99
19668 100
19668 112
19668 127
19668 46
19668 65
19668 81
19668 84
19668 140
19668 156
19668 160
19668 41
19668 53
19668 64
19668 101
19668 122
19668 145
19668 154
19668 229
19668 254
19668 258
19080 66
19080 113
19080 216
19080 241
19080 9
19080 19
19080 24
19080 61
19080 144
19080 11
19080 153
19080 166
19080 167
19080 169
19080 4
19080 125
19080 129
19080 156
19080 219
19080 306
19080 336
19080 338
19080 459
19080 493
19080 316
19080 422
19080 452
19080 387
19080 472
19080 564
19080 572
19080 578
19738 80
19738 102
19738 307
19738 419
19738 185
19738 386
19738 423
19738 494
19738 125
19738 239
19738 251
19738 264
19738 431
19738 87
19738 171
19738 174
19738 226
19738 280
19738 101
19738 157
19738 278
19738 507
19738 513
19738 5
19738 154
19738 167
19738 192
19738 296
19738 166
19738 391
19738 477
19738 517
19738 387
19738 458
19738 491
19738 498
19738 510
19738 151
19738 172
19738 184
19738 300
19738 390
19738 103
19738 119
19738 235
19738 322
19738 379
19738 38
19738 451
19738 516
19738 521
19738 28
19738 194
19738 217
19738 412
19738 438
19738 56
19738 107
19738 269
19738 315
19738 32
19738 145
19738 160
19738 250
19738 258
19738 336
19738 4
19738 161
19738 189
19738 317
19738 407
19738 446
19738 227
19738 248
19738 318
19738 374
19738 42
19738 44
19738 150
19738 276
19738 352
19738 193
19738 203
19738 270
19738 274
19738 335
19738 48
19738 149
19738 467
19738 492
19738 232
19738 479
19738 486
19738 499
19738 17
19738 95
19738 114
19738 354
19738 447
19738 141
19738 215
19738 303
19738 464
19738 205
19738 249
19738 312
19738 327
19738 346
19738 11
19738 93
19738 109
19738 204
19738 216
19738 323
19738 108
19738 284
19738 342
19738 349
19738 364
19738 373
19738 397
19738 64
19738 118
19738 142
19738 383
19738 448
19738 104
19738 243
19738 247
19738 321
19738 350
19738 362
19738 138
19738 159
19738 345
19738 384
19738 404
19738 136
19738 164
19738 398
19738 435
19738 445
19738 79
19738 244
19738 292
19738 337
19738 414
19738 86
19738 173
19738 219
19738 224
19738 308
19738 58
19738 223
19738 474
19738 505
19738 24
19738 83
19738 111
19738 187
19738 425
19738 442
19738 450
19738 52
19738 218
19738 241
19738 381
19738 395
19738 439
19738 26
19738 62
19738 400
19738 469
19738 140
19738 290
19738 294
19738 359
19738 121
19738 324
19738 461
19738 500
19738 0
19738 66
19738 143
19738 254
19738 260
19738 370
19738 75
19738 117
19738 156
19738 199
19738 380
19738 69
19738 418
19738 460
19738 501
19738 190
19738 265
19738 340
19738 353
19738 366
19738 396
19738 77
19738 91
19738 180
19738 262
19738 489
19738 253
19738 271
19738 328
19738 371
19738 375
19738 444
19738 68
19738 275
19738 299
19738 413
19738 452
19738 94
19738 329
19738 463
19738 13
19738 34
19738 106
19738 210
19738 332
19738 152
19738 170
19738 261
19738 385
19738 430
19738 2
19738 7
19738 115
19738 162
19738 272
19738 403
19738 46
19738 76
19738 252
19738 297
19738 356
19738 60
19738 127
19738 331
19738 339
19738 406
19738 456
19738 14
19738 30
19738 222
19738 279
19738 436
19607 3
19607 19
19607 30
19607 38
19607 49
19607 95
19607 10
19607 25
19607 28
19607 65
19607 66
19607 111
19607 0
19607 1
19607 14
19607 57
19607 101
19607 15
19607 35
19607 69
19607 100
19607 18
19607 20
19607 23
19607 58
19607 81
19607 103
19607 105
19607 120
19607 11
19607 33
19607 36
19607 61
19607 68
19607 79
19607 96
19607 53
19607 64
19607 78
19607 86
19607 97
19607 16
19607 41
19607 104
19607 119
19607 13
19607 21
19607 22
19607 71
19607 115
19607 40
19607 114
19744 75
19744 96
19744 133
19744 236
19744 121
19744 258
19744 272
19744 296
19744 49
19744 174
19744 175
19744 237
19744 264
19744 30
19744 36
19744 69
19744 112
19744 130
19744 151
19744 162
19744 102
19744 123
19744 137
19744 161
19744 165
19744 197
19744 6
19744 136
19744 276
19744 287
19744 4
19744 98
19744 274
19744 295
19744 44
19744 61
19744 103
19744 200
19744 5
19744 233
19744 257
19744 28
19744 110
19744 170
19744 179
19744 260
19744 283
19744 35
19744 104
19744 139
19744 187
19744 253
19744 255
19744 41
19744 138
19744 147
19744 178
19744 192
19744 196
19744 210
19744 105
19744 109
19744 219
19744 265
19744 107
19744 194
19744 245
19744 270
19744 280
19744 11
19744 42
19744 48
19744 56
19744 182
19744 190
19744 55
19744 117
19744 118
19744 148
19744 167
19744 184
19744 222
19744 33
19744 124
19744 127
19744 149
19744 152
19744 241
19744 284
19744 289
19744 15
19744 125
19744 240
19744 267
19744 141
19744 159
19744 163
19744 173
19744 227
19744 228
19744 60
19744 95
19744 129
19744 193
19744 248
19744 254
19744 74
19744 140
19744 191
19744 204
19744 24
19744 34
19744 85
19744 150
19744 256
19744 13
19744 158
19744 181
19744 218
19744 21
19744 43
19744 126
19744 144
19744 172
19744 203
19744 40
19744 131
19744 252
19744 64
19744 97
19744 108
19744 111
19744 229
19744 53
19744 83
19744 189
19744 217
19744 65
19744 243
19744 244
19744 249
19744 19
19744 25
19744 29
19744 66
19744 87
19744 90
19744 235
19744 63
19744 160
19744 215
19744 251
19744 10
19744 39
19744 59
19744 76
19744 78
19744 113
19744 93
19744 94
19744 209
19744 242
19744 26
19744 46
19744 119
19744 156
19744 186
19744 208
19509 102
19509 145
19509 311
19509 334
19509 343
19509 395
19509 397
19509 421
19509 431
19509 168
19509 255
19509 350
19509 378
19509 381
19509 428
19509 465
19509 108
19509 157
19509 161
19509 198
19509 231
19509 237
19509 403
19509 424
19509 471
19509 109
19509 135
19509 138
19509 246
19509 254
19509 283
19509 298
19509 379
19509 84
19509 85
19509 92
19509 100
19509 346
19509 356
19509 425
19509 463
19004 0
19004 16
19004 29
19004 40
19543 33
19543 62
19543 86
19543 89
19543 156
19543 161
19543 191
19543 295
19543 334
19543 382
19543 465
19543 129
19543 189
19543 222
19543 227
19543 294
19543 400
19543 134
19543 221
19543 263
19543 496
19543 537
19543 169
19543 297
19543 309
19543 378
19543 133
19543 194
19543 311
19543 387
19543 412
19543 173
19543 220
19543 326
19543 474
19543 484
19046 60
19046 29
19046 33
19046 35
19650 29
19650 55
19650 72
19650 84
19650 93
19650 50
19650 90
19650 102
19650 109
19650 121
19650 5
19650 6
19650 21
19650 38
19650 53
19650 66
19650 88
19650 4
19650 22
19650 27
19650 42
19650 44
19650 76
19650 7
19650 70
19650 85
19650 101
19650 117
19650 13
19650 124
19650 128
19650 129
19650 0
19650 11
19650 26
19650 41
19650 104
19650 14
19650 31
19650 62
19650 94
19650 120
19650 24
19650 46
19650 56
19650 59
19058 145
19058 211
19058 303
19058 328
19058 103
19058 190
19058 348
19058 67
19058 91
19058 172
19058 324
19058 168
19058 331
19058 354
19058 367
19058 52
19058 111
19058 185
19058 332
19058 149
19058 252
19058 272
19058 329
19058 338
19058 322
19058 350
19058 363
19058 366
19058 121
19058 174
19058 183
19058 278
19058 142
19058 182
19058 188
19058 196
19058 213
19058 255
19058 88
19058 96
19058 186
19058 218
19058 271
19058 55
19058 65
19058 102
19058 214
19058 339
19058 340
19058 358
19058 365
19058 369
19058 63
19058 167
19058 177
19058 244
19058 337
19058 116
19058 216
19058 277
19058 325
19058 341
19058 58
19058 77
19058 89
19058 104
19058 143
19058 227
19058 73
19058 79
19058 119
19058 165
19058 210
19058 71
19058 189
19058 241
19058 269
19058 287
19058 151
19058 169
19058 194
19058 215
19058 283
19058 48
19058 60
19058 74
19058 118
19058 345
19058 0
19058 1
19058 18
19058 23
19058 36
19058 37
19058 57
19058 69
19058 199
19058 279
19058 297
19058 314
19058 156
19058 222
19058 228
19058 231
19058 242
19058 122
19058 203
19058 270
19058 336
19058 3
19058 9
19058 12
19058 21
19058 24
19058 39
19058 263
19058 300
19058 333
19058 351
19058 364
19058 66
19058 68
19058 187
19058 201
19058 250
19058 81
19058 98
19058 355
19058 361
19058 49
19058 219
19058 224
19058 225
19058 229
19058 310
19058 368
19058 120
19058 179
19058 221
19058 308
19058 64
19058 75
19058 154
19058 195
19058 286
19058 302
19058 56
19058 62
19058 100
19058 155
19058 159
19058 239
19519 18
19519 46
19519 67
19519 84
19519 131
19519 135
19519 175
19519 197
19519 5
19519 17
19519 28
19519 39
19519 87
19519 136
19519 142
19519 154
19519 144
19519 201
19621 38
19621 113
19621 164
19621 183
19621 209
19621 20
19621 138
19621 146
19621 228
19621 4
19621 33
19621 71
19621 128
19077 4
19077 11
19077 20
19077 32
19077 36
19077 13
19077 29
19077 38
19446 14
19446 77
19446 78
19446 109
19446 217
19446 226
19446 75
19446 79
19446 103
19446 114
19446 187
19446 389
19446 86
19446 241
19446 277
19446 291
19446 323
19446 326
19446 368
19446 403
19446 64
19446 157
19446 230
19446 406
19446 444
19446 29
19446 80
19446 92
19446 333
19446 429
19446 7
19446 31
19446 156
19446 269
19446 314
19446 339
19446 373
19446 142
19446 227
19446 343
19446 38
19446 40
19446 154
19446 177
19446 322
19446 391
19446 21
19446 58
19446 179
19446 265
19446 318
19446 128
19446 169
19446 243
19446 267
19446 362
19446 404
19446 99
19446 141
19446 163
19446 232
19446 245
19446 158
19446 185
19446 300
19446 390
19446 398
19446 426
19446 81
19446 110
19446 161
19446 212
19446 261
19446 1
19446 18
19446 34
19446 35
19446 97
19446 98
19446 149
19446 166
19446 211
19446 19
19446 57
19446 82
19446 136
19446 137
19446 175
19446 4
19446 30
19446 132
19446 220
19446 407
19446 437
19446 224
19446 332
19446 393
19446 399
19446 405
19446 124
19446 195
19446 225
19446 346
19446 401
19446 182
19446 231
19446 402
19446 423
19446 69
19446 70
19446 270
19446 375
19446 424
19446 23
19446 36
19446 186
19446 193
19446 204
19446 288
19446 101
19446 210
19446 415
19446 434
19446 5
19446 20
19446 87
19446 131
19446 168
19446 250
19446 409
19446 96
19446 264
19446 280
19446 284
19446 370
19446 386
19446 27
19446 111
19446 144
19446 329
19446 10
19446 61
19446 222
19446 262
19446 48
19446 216
19446 266
19446 292
19446 341
19446 105
19446 188
19446 254
19446 335
19446 420
19446 435
19446 446
19446 448
19446 449
19446 455
19446 461
19446 463
19446 125
19446 145
19446 276
19446 305
19446 352
19446 2
19446 68
19446 123
19446 240
19446 392
19556 10
19556 17
19556 26
19556 45
19556 60
19556 8
19556 27
19556 49
19556 52
19556 95
19556 99
19556 5
19556 23
19556 65
19556 70
19556 78
19556 116
19556 3
19556 44
19556 54
19556 76
19556 81
19556 83
19556 31
19556 86
19556 107
19556 108
19556 34
19556 38
19556 94
19556 100
19556 0
19556 18
19556 104
19556 112
19556 114
19556 115
19556 118
19556 1
19556 82
19556 89
19556 96
19556 103
19556 105
19574 71
19574 151
19574 278
19574 304
19574 307
19574 44
19574 61
19574 171
19574 228
19574 233
19574 250
19574 50
19574 52
19574 105
19574 159
19574 255
19574 267
19574 11
19574 37
19574 147
19574 198
19574 245
19574 53
19574 166
19574 178
19574 211
19574 213
19574 38
19574 113
19574 223
19574 29
19574 97
19574 114
19574 199
19574 200
19574 206
19574 163
19574 184
19574 212
19574 225
19574 284
19574 43
19574 49
19574 76
19574 244
19574 259
19574 260
19574 0
19574 26
19574 62
19574 66
19574 135
19574 145
19574 142
19574 192
19574 294
19574 296
19574 4
19574 33
19574 70
19574 123
19574 150
19574 218
19574 57
19574 141
19574 183
19574 246
19574 248
19574 5
19574 63
19574 134
19574 138
19574 292
19574 39
19574 272
19574 291
19574 301
19574 22
19574 91
19574 261
19574 275
19574 17
19574 101
19574 124
19574 179
19574 204
19574 19
19574 35
19574 302
19574 86
19574 118
19574 157
19574 189
19574 235
19574 28
19574 95
19574 96
19574 288
19574 295
19574 54
19574 80
19574 127
19574 195
19574 236
19574 77
19574 139
19574 239
19574 285
19574 309
19574 6
19574 103
19574 221
19574 251
19574 174
19574 289
19574 308
19574 311
19574 75
19574 88
19574 144
19574 194
19574 249
19574 110
19574 256
19574 271
19574 276
19574 119
19574 196
19574 205
19574 290
19574 298
19749 2
19749 47
19749 62
19749 77
19749 90
19749 91
19667 6
19667 7
19667 21
19667 30
19667 46
19667 2
19667 9
19667 15
19667 16
19667 25
19667 35
19667 10
19667 17
19667 38
19667 44
19667 4
19667 12
19667 31
19667 32
19667 33
19667 34
19667 13
19667 14
19667 19
19667 23
19667 29
19703 39
19703 44
19703 65
19703 86
19703 110
19703 114
19703 34
19703 88
19703 147
19703 166
19703 120
19703 159
19703 168
19703 175
19459 46
19459 102
19671 26
19671 179
19671 187
19671 72
19671 76
19671 146
19671 193
19671 3
19671 48
19671 50
19671 75
19671 89
19671 100
19671 106
19671 112
19671 14
19671 177
19671 44
19671 45
19671 85
19671 118
19671 133
19671 150
19671 17
19671 35
19671 37
19671 127
19671 155
19671 178
19671 184
19671 8
19671 30
19671 49
19671 81
19671 110
19671 123
19671 156
19671 61
19671 97
19671 120
19671 141
19671 206
19671 78
19671 96
19671 139
19671 147
19671 163
19671 7
19671 18
19671 52
19671 101
19671 121
19671 166
19671 33
19671 39
19671 42
19671 56
19671 125
19671 169
19671 5
19671 23
19671 99
19671 151
19671 34
19671 105
19671 129
19671 172
19671 94
19671 181
19671 198
19671 201
19671 24
19671 32
19671 124
19671 145
19671 190
19671 0
19671 2
19671 4
19671 64
19671 86
19671 191
19671 194
19671 202
19671 57
19671 95
19671 137
19671 157
19671 207
19671 9
19671 54
19671 115
19671 117
19671 162
19671 183
19671 204
19671 114
19671 128
19671 203
18979 4
18979 26
18979 47
18979 54
18979 82
18979 109
18979 15
18979 16
18979 20
18979 83
19655 9
19655 11
19655 19
19655 23
19655 59
19655 107
19655 12
19655 26
19655 101
19655 148
19655 158
19488 11
19488 82
19488 131
19488 194
19488 197
19488 198
19488 34
19488 112
19488 128
19488 59
19488 109
19488 120
19488 155
19488 159
19488 177
19488 193
19488 67
19488 70
19488 95
19488 96
19488 188
19488 52
19488 102
19488 77
19488 129
19488 187
19488 28
19488 48
19488 66
19488 87
19488 104
19488 123
19488 125
19488 195
19488 16
19488 17
19488 25
19488 43
19488 65
19488 110
19488 119
19488 157
19488 167
19488 185
19488 190
19488 35
19488 176
19462 0
19462 3
19462 47
19462 61
19462 68
19462 70
19462 88
19591 6
19591 11
19591 12
19591 15
19591 17
19591 2
19591 3
19591 7
19591 18
19591 19
19591 21
19591 24
19591 28
19591 31
19591 4
19591 14
19591 23
19591 29
19591 25
19446 15
19446 358
19446 410
19446 412
19446 172
19446 199
19446 215
19446 252
19446 356
19446 372
19446 192
19446 307
19446 325
19446 387
19446 440
19446 63
19446 174
19446 221
19446 251
19446 274
19446 411
19446 8
19446 12
19446 239
19446 248
19446 268
19446 127
19446 242
19446 430
19446 11
19446 102
19446 139
19446 207
19446 349
19446 112
19446 218
19446 271
19446 380
19446 56
19446 126
19446 147
19446 170
19446 394
19446 119
19446 214
19446 315
19446 363
19446 400
19446 95
19446 309
19446 327
19446 345
19446 367
19446 425
19446 432
19446 24
19446 72
19446 106
19446 129
19446 379
19446 143
19446 290
19446 337
19446 442
19446 133
19446 298
19446 301
19446 321
19446 28
19446 148
19446 160
19446 334
19446 347
19446 173
19446 191
19446 206
19446 246
19446 431
19446 89
19446 108
19446 165
19446 258
19446 259
19446 317
19446 382
19446 39
19446 257
19446 311
19446 316
19446 53
19446 65
19446 116
19446 348
19446 385
19446 422
19446 22
19446 51
19446 236
19446 90
19446 115
19446 286
19446 320
19446 338
19446 71
19446 73
19446 93
19446 107
19446 247
19446 202
19446 256
19446 361
19446 413
19446 418
19446 44
19446 49
19446 59
19446 283
19446 421
19446 16
19446 52
19446 205
19446 342
19446 381
19446 178
19446 287
19446 312
19446 388
19446 417
19446 120
19446 219
19446 234
19446 324
19446 122
19446 153
19446 209
19446 213
19446 340
19446 416
19446 3
19446 54
19446 360
19446 384
19446 198
19446 201
19446 302
19446 395
19446 66
19446 76
19446 285
19446 383
19446 351
19446 396
19446 42
19446 150
19446 260
19446 295
19446 414
19446 181
19446 278
19446 359
19446 366
19446 371
19446 203
19446 208
19446 303
19446 408
19446 443
19446 113
19446 151
19446 200
19446 282
19446 304
19446 344
19678 13
19678 41
19678 42
19678 50
19678 96
19678 100
19678 3
19678 22
19678 34
19678 39
19678 40
19678 55
19678 61
19678 48
19678 66
19678 78
19678 104
19678 109
19678 8
19678 43
19678 116
19678 1
19678 45
19678 56
19678 62
19678 89
19678 108
19678 112
19678 18
19678 24
19678 47
19678 74
19678 76
19678 77
19678 32
19678 57
19678 72
19678 97
19678 117
19678 23
19678 36
19678 82
19678 94
19678 4
19678 10
19678 25
19678 37
19678 58
19678 59
19678 63
19678 64
19678 83
19678 107
19601 182
19601 198
19601 243
19601 250
19601 290
19601 220
19601 285
19601 325
19601 348
19601 373
19601 376
19601 377
19601 378
19601 379
19601 381
19601 62
19601 167
19601 299
19601 326
19601 342
19601 81
19601 85
19601 106
19601 165
19601 203
19601 132
19601 151
19601 218
19601 288
19601 303
19601 0
19601 6
19601 15
19601 29
19601 32
19601 38
19601 42
19601 3
19601 49
19601 58
19601 91
19601 152
19601 354
19601 115
19601 159
19601 201
19601 233
19601 279
19601 340
19601 71
19601 126
19601 128
19601 287
19601 141
19601 213
19601 338
19601 341
19601 158
19601 204
19601 332
19601 72
19601 108
19601 316
19601 346
19601 355
19601 119
19601 131
19601 142
19601 164
19601 249
19601 262
19601 344
19601 7
19601 10
19601 23
19601 35
19601 43
19601 51
19601 69
19601 237
19601 274
19601 61
19601 150
19601 199
19601 217
19601 255
19601 263
19601 82
19601 94
19601 102
19601 260
19601 304
19601 336
19601 77
19601 161
19601 197
19601 275
19601 172
19601 188
19601 209
19601 257
19601 265
19601 315
19601 18
19601 26
19601 34
19601 44
19601 107
19601 234
19601 269
19601 300
19601 139
19601 208
19601 266
19601 333
19601 345
19601 2
19601 21
19601 24
19601 46
19601 47
19601 205
19601 222
19601 240
19601 286
19601 137
19601 160
19601 174
19601 232
19601 271
19563 17
19563 64
19563 72
19563 81
19565 112
19565 147
19565 162
19565 168
19565 254
19565 16
19565 176
19565 240
19565 255
19565 285
19565 61
19565 202
19565 242
19565 322
19565 19
19565 153
19565 170
19565 181
19565 262
19565 73
19565 144
19565 163
19565 207
19565 246
19565 305
19565 40
19565 48
19565 51
19565 67
19565 164
19565 64
19565 94
19565 106
19565 317
19565 339
19561 35
19561 43
19561 44
19561 63
19561 105
19561 109
19561 48
19561 55
19561 102
19561 121
19561 133
19561 0
19561 6
19561 12
19561 14
19561 23
19748 209
19748 220
19748 56
19748 171
19748 172
19748 217
19748 15
19748 23
19748 42
19748 44
19748 99
19748 161
19748 190
19748 2
19748 26
19748 27
19748 37
19748 58
19748 102
19748 147
19748 113
19748 115
19748 215
19748 22
19748 25
19748 35
19748 46
19748 94
19748 125
19748 210
19748 0
19748 101
19748 126
19748 158
19748 176
19748 189
19748 13
19748 38
19748 52
19748 57
19748 75
19748 100
19748 177
19748 40
19748 43
19748 191
19748 214
19748 10
19748 36
19748 109
19748 123
19748 144
19748 162
19748 173
19748 194
19748 187
19748 198
19748 200
19748 216
19748 188
19748 195
19748 219
19748 21
19748 53
19748 78
19748 95
19748 139
19748 143
19748 201
19748 7
19748 63
19748 90
19748 127
19748 138
19748 156
19748 16
19748 67
19748 96
19748 97
19748 117
19748 129
19748 159
19748 136
19748 197
19748 204
19748 206
19748 5
19748 45
19748 51
19748 72
19748 110
19748 111
19748 168
19748 1
19748 8
19748 65
19748 118
19748 130
19748 207
19748 60
19748 167
19748 182
19748 211
19748 41
19748 98
19748 146
19748 212
19444 26
19444 10
19444 40
19444 84
19444 110
19444 139
19444 279
19444 283
19444 387
19444 12
19444 78
19444 28
19444 30
19444 72
19444 102
19444 127
19444 200
19444 320
19444 336
19444 400
19444 87
19444 184
19444 255
19444 265
19444 270
19444 302
19444 373
19444 394
19444 15
19444 19
19444 33
19444 104
19444 105
19444 242
19444 376
19444 413
19444 31
19444 95
19444 148
19444 160
19444 164
19444 168
19444 284
19444 349
19444 73
19444 80
19444 101
19444 112
19444 118
19444 149
19444 208
19444 322
19444 416
19444 9
19444 46
19444 51
19444 69
19444 151
19444 240
19444 257
19444 45
19444 85
19444 117
19444 260
19444 266
19444 289
19444 366
19444 367
19444 58
19444 94
19444 167
19444 224
19444 281
19444 290
19444 291
19444 315
19444 378
19444 258
19444 66
19444 115
19444 24
19444 135
19444 99
19444 47
19444 205
19444 234
19444 268
19444 294
19444 357
19444 361
19444 379
19444 385
19444 5
19444 178
19444 303
19444 314
19444 377
19444 380
19444 412
19444 120
19444 150
19444 345
19444 6
19444 35
19444 79
19444 212
19444 214
19444 286
19444 299
19444 319
19444 351
19444 414
19444 107
19444 177
19444 389
19444 39
19444 252
19444 156
19444 216
19444 248
19444 264
19444 306
19444 316
19444 356
19444 114
19444 138
19444 146
19444 161
19444 180
19444 197
19444 261
19444 280
19444 352
19444 60
19444 81
19444 126
19444 155
19444 158
19444 296
19444 300
19444 384
19444 3
19444 57
19444 86
19444 233
19444 311
19444 323
19444 369
19444 405
19444 71
19444 75
19444 277
19444 348
19444 374
19444 391
19444 407
19444 408
19444 92
19444 93
19444 119
19444 198
19444 271
19444 274
19444 364
19444 368
19444 53
19444 129
19444 170
19444 116
19444 176
19444 137
19444 358
19444 292
19444 23
19444 123
19444 140
19444 179
19444 231
19444 278
19444 313
19444 36
19444 88
19444 186
19444 202
19444 210
19444 370
19444 372
19444 383
19444 16
19444 190
19444 221
19444 304
19444 318
19444 335
19444 360
19444 395
19444 2
19444 243
19444 305
19444 309
19444 332
19444 343
19444 347
19444 398
19444 41
19444 74
19444 153
19444 157
19444 213
19444 229
19444 269
19444 301
19444 325
19444 55
19444 174
19444 182
19444 228
19444 244
19444 342
19444 359
19444 90
19444 145
19444 166
19444 282
19444 338
19444 362
19444 363
19444 404
19444 196
19444 218
18986 133
18986 164
18986 38
18986 107
18986 118
18986 122
18986 135
18986 52
18986 70
18986 94
18986 119
18986 15
18986 55
18986 101
18986 163
18986 21
18986 36
18986 69
18986 149
19669 19
19669 77
19669 78
19669 6
19669 20
19669 30
19669 49
19669 55
19669 2
19669 3
19669 12
19669 23
19669 38
19669 47
19669 48
19669 86
19669 102
19669 194
19669 202
19669 267
19669 278
19669 173
19669 260
19669 270
19669 271
19669 21
19669 43
19669 45
19669 53
19669 56
19669 68
19669 127
19669 294
19669 296
19669 88
19669 155
19669 158
19669 181
19669 196
19669 96
19669 97
19669 131
19669 178
19669 216
19669 252
19669 166
19669 175
19669 245
19669 258
19669 91
19669 120
19669 174
19669 187
19669 214
19669 229
19669 263
19669 28
19669 35
19669 57
19669 62
19669 66
19669 75
19669 228
19669 256
19669 265
19669 291
19669 128
19669 177
19669 191
19669 197
19669 218
19669 4
19669 18
19669 39
19669 54
19669 61
19669 71
19669 94
19669 180
19669 195
19669 215
19669 233
19669 257
19669 262
19669 92
19669 279
19669 286
19669 89
19669 154
19669 208
19669 238
19669 239
19669 275
19669 185
19669 186
19669 223
19669 289
19669 292
19669 93
19669 121
19669 130
19669 188
19669 189
19669 210
19669 29
19669 40
19669 44
19669 73
19669 288
19669 295
19669 133
19669 134
19669 156
19669 259
19669 13
19669 26
19669 70
19669 82
19669 95
19669 99
19669 122
19669 159
19669 193
19669 207
19669 290
19669 293
19655 47
19655 83
19655 100
19655 110
19655 136
19655 155
19655 162
19655 165
19655 15
19655 58
19655 73
19655 117
19655 141
19655 31
19655 63
19655 94
19655 121
19655 18
19655 33
19655 37
19655 60
19655 79
19655 131
19655 5
19655 52
19655 84
19655 119
19655 125
19655 39
19655 53
19655 88
19655 89
19655 144
19655 29
19655 72
19655 81
19655 93
19655 111
19655 112
19655 7
19655 32
19655 61
19655 122
19655 0
19655 66
19655 130
19655 150
19655 164
19655 34
19655 65
19655 71
19655 74
19655 16
19655 43
19655 67
19655 127
19655 128
19655 22
19655 44
19655 70
19655 114
19655 120
19655 40
19655 45
19655 55
19655 98
19655 54
19655 97
19655 102
19655 116
19655 68
19655 105
19655 133
19655 143
19575 15
19575 30
19575 51
19575 96
19575 104
19575 155
19575 201
19575 221
19575 270
19575 12
19575 80
19575 94
19575 99
19575 113
19575 110
19575 117
19575 120
19575 134
19575 11
19575 14
19575 53
19575 62
19575 92
19575 122
19575 149
19575 176
19575 205
19575 273
19575 285
19668 174
19668 175
19668 252
19668 253
19668 288
19668 338
19668 359
19668 165
19668 176
19668 204
19668 226
19668 237
19668 308
19668 368
19668 387
19668 61
19668 63
19668 70
19668 119
19668 141
19668 163
19668 181
19668 247
19668 330
19668 277
19668 343
19668 369
19668 383
19668 182
19668 217
19668 348
19668 184
19668 210
19668 262
19668 302
19668 304
19668 315
19668 371
19668 166
19668 190
19668 197
19668 214
19668 267
19668 295
19668 169
19668 177
19668 195
19668 240
19668 243
19668 276
19668 322
19668 102
19668 109
19668 147
19668 168
19668 200
19668 294
19668 318
19668 327
19668 367
19668 236
19668 298
19668 303
19668 310
19668 341
19668 356
19668 171
19668 199
19668 335
19668 361
19668 20
19668 36
19668 38
19668 58
19668 95
19668 97
19668 35
19668 111
19668 118
19668 142
19668 52
19668 158
19668 161
19668 3
19668 24
19668 79
19668 82
19668 103
19668 139
19668 159
19668 268
19668 339
19668 377
19668 382
19668 249
19668 257
19668 30
19668 31
19668 47
19668 106
19668 115
19668 138
19668 215
19668 316
19668 326
19668 344
19668 151
19668 157
19668 255
19668 275
19668 319
19668 354
19668 148
19668 25
19668 28
19668 75
19668 155
19668 48
19668 57
19668 74
19668 125
19668 137
19668 146
19668 202
19668 345
19668 373
19668 8
19668 128
19668 4
19668 12
19668 72
19668 1
19668 23
19668 54
19668 94
19668 110
19668 124
19668 130
19668 150
19668 272
19668 325
19668 385
19668 391
19668 278
19668 360
19668 375
19668 378
19668 188
19668 263
19668 269
19668 271
19668 274
19668 358
19668 198
19668 337
19668 353
19668 225
19668 312
19668 334
19668 362
19668 73
19668 105
19668 121
19668 62
19668 86
19668 88
19668 116
19668 117
19668 43
19668 68
19668 83
19668 89
19668 96
19668 120
19668 123
19668 10
19668 14
19668 78
19668 132
19668 152
19668 153
19668 216
19668 297
19668 307
19668 329
19668 342
19564 69
19459 217
19459 236
19459 302
19459 323
19459 330
19459 386
19459 451
19656 53
19656 58
19656 146
19656 219
19656 243
19656 296
19748 64
19748 193
19748 218
19748 17
19748 49
19748 61
19748 80
19748 120
19748 185
19748 4
19748 20
19748 76
19748 89
19748 166
19748 183
19748 34
19748 69
19748 88
19748 141
19748 149
19748 150
19748 153
19748 186
19748 202
19748 223
19559 113
19559 162
19559 219
19559 228
19559 22
19559 77
19559 106
19559 108
19559 111
19559 120
19559 253
19559 287
19559 341
19559 343
19559 345
19559 360
19559 257
19559 291
19559 309
19559 362
19559 374
19559 35
19559 65
19559 67
19559 181
19559 237
19427 158
19427 25
19427 34
19427 57
19427 73
19427 75
19427 86
19427 91
19427 93
19427 122
19427 126
19427 214
19427 231
19427 44
19427 102
19427 203
19427 209
19427 233
19427 235
19427 238
19427 255
19427 261
19427 262
19427 284
19427 302
19427 160
19427 55
19427 170
19427 183
19427 143
19427 144
19427 159
19427 289
19427 219
19427 257
19427 258
19427 268
19427 185
19427 316
19427 51
19427 114
19427 38
19427 50
19427 58
19427 92
19427 117
19427 140
19427 157
19427 163
19427 215
19427 252
19427 260
19427 264
19427 280
19427 292
19427 294
19427 307
19427 177
19427 179
19427 187
19427 193
19427 234
19427 267
19427 272
19427 291
19427 296
19427 297
19427 188
19427 303
19427 20
19427 54
19427 77
19427 84
19427 95
19427 118
19427 136
19427 139
19427 147
19427 6
19427 47
19427 62
19427 94
19427 116
19427 119
19427 127
19427 152
19427 176
19427 11
19427 13
19427 39
19427 48
19427 49
19427 88
19427 90
19427 115
19427 134
19427 150
19427 18
19427 19
19427 26
19427 56
19427 87
19427 124
19427 138
19427 149
19427 23
19427 41
19427 78
19427 82
19427 99
19427 125
19427 129
19427 131
19427 72
19427 178
19427 197
19427 229
19427 232
19427 256
19427 271
19427 290
19427 293
19427 300
19427 308
19427 174
19427 184
19427 12
19427 16
19427 53
19427 61
19427 74
19427 101
19427 106
19427 135
18982 8
18982 19
18982 35
18982 48
19428 3
19428 231
19428 35
19428 72
19428 132
19428 133
19428 136
19428 150
19428 155
19428 181
19428 0
19428 24
19428 78
19428 85
19428 87
19428 122
19428 164
19428 182
19428 189
19428 251
19428 265
19428 9
19428 88
19428 100
19428 157
19428 196
19428 248
19428 271
19428 274
19428 275
19428 84
19428 94
19428 149
19428 159
19428 161
19428 162
19428 228
19428 239
19428 250
19428 128
19428 7
19428 107
19428 120
19428 137
19428 191
19428 238
19428 245
19428 192
19428 244
19428 77
19428 81
19428 103
19428 104
19428 123
19428 141
19428 173
19428 188
19428 208
19428 255
19428 31
19428 127
19428 118
19428 119
19428 130
19428 138
19428 217
19428 232
19428 243
19428 26
19428 27
19428 36
19428 102
19428 183
19428 186
19428 226
19428 229
19428 236
19428 179
19428 256
19428 30
19428 37
19428 95
19428 160
19428 184
19428 201
19428 214
19428 241
19428 17
19428 79
19428 114
19428 163
19428 165
19428 177
19428 212
19428 240
19428 40
19428 10
19428 253
19428 8
19428 11
19428 33
19428 98
19428 116
19428 135
19428 204
19428 254
19428 54
19428 270
19428 34
19428 57
19428 97
19428 105
19428 147
19428 148
19428 207
19428 218
19612 38
19612 44
19612 52
19612 80
19612 5
19612 8
19612 9
19612 28
19612 50
19612 58
19612 73
19612 25
19612 39
19612 48
19612 66
19612 77
19612 78
19612 7
19612 33
19612 67
19612 70
19612 47
19612 49
19612 51
19612 61
19612 65
19612 82
19632 6
19632 10
19632 15
19632 44
19632 48
19632 49
19632 5
19632 11
19632 54
19632 24
19632 25
19632 28
19632 52
19632 1
19632 18
19632 30
19632 33
19632 34
19632 35
19632 0
19632 2
19632 4
19632 39
19632 46
19632 47
19075 19
19075 24
19075 35
19075 39
19075 1
19075 12
19075 21
19075 26
19075 30
19075 2
19075 8
19075 10
19075 13
19075 15
19075 17
19075 3
19075 22
19075 25
19075 27
19075 29
19075 4
19075 5
19075 7
19075 9
19075 11
19075 23
19048 94
19048 143
19048 150
19048 166
19048 15
19048 102
19048 109
19048 169
19048 187
19048 87
19048 183
19048 204
19048 205
19048 214
19048 33
19048 48
19048 65
19048 125
19048 237
19048 238
19048 115
19048 149
19048 159
19048 172
19048 74
19048 79
19048 98
19048 101
19048 154
19048 18
19048 45
19048 157
19048 161
19048 77
19048 124
19048 131
19048 142
19048 39
19048 136
19048 139
19048 3
19048 27
19048 30
19048 122
19048 160
19048 7
19048 34
19048 60
19048 116
19048 173
19048 0
19048 31
19048 43
19048 127
19048 40
19048 105
19048 210
19048 224
19048 86
19048 178
19048 180
19048 5
19048 38
19048 108
19048 132
19048 198
19048 11
19048 66
19048 144
19048 163
19048 64
19048 103
19048 118
19048 155
19048 9
19048 71
19048 220
19048 241
19048 91
19048 92
19048 175
19048 216
19048 46
19048 24
19048 219
19048 137
19048 174
19048 230
19048 56
19048 141
19048 191
19048 95
19048 130
19048 88
19048 97
19048 184
19048 203
19048 20
19048 72
19048 148
19048 189
19048 228
19048 222
19048 12
19048 133
19048 162
19048 235
19048 113
19048 134
19048 153
19048 218
19048 13
19048 32
19048 50
19048 89
19048 156
19548 217
19548 270
19548 305
19548 308
19548 318
19548 222
19548 228
19548 264
19548 340
19548 38
19548 97
19548 160
19548 172
19548 189
19548 72
19548 192
19548 194
19548 198
19548 229
19548 235
19548 249
19548 295
19548 8
19548 41
19548 104
19548 151
19548 177
18990 2
18990 14
18990 113
18990 114
19425 63
19425 173
19425 245
19425 313
19425 403
19425 414
19425 471
19425 555
19425 242
19425 458
19425 579
19425 11
19425 135
19425 151
19425 159
19425 298
19425 336
19425 459
19425 499
19425 4
19425 73
19425 108
19425 236
19425 285
19425 368
19425 521
19425 566
19425 103
19425 140
19425 281
19425 293
19425 394
19425 498
19425 508
19425 510
19425 466
19425 467
19425 468
19425 469
19425 5
19425 121
19425 126
19425 158
19425 225
19425 321
19425 369
19425 495
19425 49
19425 132
19425 185
19425 212
19425 316
19425 318
19425 460
19425 517
19523 3
19523 6
19523 10
19523 25
19523 28
19523 32
19523 38
19523 62
19523 19
19523 4
19523 15
19523 22
19523 30
19523 39
19523 44
19523 49
19523 50
19523 55
19539 19
19539 84
19539 141
19539 24
19539 45
19539 55
19539 71
19539 85
19539 96
19539 116
19539 120
19539 0
19539 31
19539 37
19539 63
19539 82
19539 94
19539 125
19539 127
19539 3
19539 25
19539 49
19539 50
19539 62
19539 64
19539 73
19539 108
19539 134
19539 153
19539 109
19539 142
19539 106
19539 143
19539 14
19539 56
19539 58
19539 59
19539 65
19539 87
19539 121
19539 123
19539 17
19539 140
19539 2
19539 23
19539 29
19539 41
19539 61
19539 79
19539 104
19539 107
19539 133
19539 83
19539 151
19539 12
19539 51
19539 54
19539 81
19539 95
19539 119
19539 131
19539 137
19539 34
19539 150
19539 1
19539 36
19539 47
19539 74
19539 89
19539 90
19539 103
19539 135
19539 21
19539 38
19539 57
19539 110
19539 114
19539 132
19680 160
19680 175
19680 198
19680 219
19680 224
19680 60
19680 120
19680 516
19680 524
19680 537
19680 71
19680 256
19680 505
19680 535
19680 10
19680 78
19680 109
19680 134
19680 353
19680 420
19680 46
19680 295
19680 350
19680 430
19680 437
19680 96
19680 123
19680 133
19680 232
19680 172
19680 192
19680 490
19680 527
19421 13
19421 17
19421 59
19421 96
19421 106
19421 118
19421 120
19421 73
19421 80
19421 132
19421 105
19421 22
19421 26
19421 29
19421 33
19421 70
19421 75
19421 93
19421 101
19421 113
19421 34
19421 41
19421 72
19421 78
19421 84
19421 90
19421 116
19421 0
19421 21
19421 31
19421 50
19421 57
19421 68
19421 79
19421 139
19421 142
19421 16
19421 37
19421 39
19421 55
19421 66
19421 76
19421 97
19421 107
19421 119
19421 1
19421 48
19421 51
19421 82
19421 92
19421 100
19421 123
19421 125
19421 140
19421 2
19421 14
19421 27
19421 61
19421 77
19421 81
19421 91
19421 136
19421 131
19421 20
19421 60
19421 67
19421 89
19421 98
19421 128
19421 133
19421 147
19421 7
19421 6
19421 10
19421 69
19421 87
19421 110
19421 122
19421 145
19421 4
19421 24
19421 52
19421 54
19421 62
19421 129
19421 138
19421 9
19421 15
19421 35
19421 38
19421 42
19421 45
19421 65
19421 104
19421 124
19421 143
19692 57
19692 101
19692 135
19692 211
19692 216
19692 241
19692 425
19692 14
19692 278
19692 362
19692 415
19692 438
19692 493
19565 237
19565 238
19565 361
19565 69
19565 243
19565 331
19565 352
19565 97
19565 126
19565 146
19565 2
19565 226
19565 245
19565 336
19565 12
19565 115
19565 158
19565 180
19565 244
19565 56
19565 81
19565 111
19565 274
19565 306
19565 39
19565 239
19565 278
19565 300
19565 49
19565 132
19565 145
19565 182
19565 188
19565 216
19565 7
19565 95
19565 236
19565 250
19565 287
19565 303
19565 315
19565 353
19565 356
19565 364
19565 62
19565 333
19565 345
19565 349
19565 351
19565 15
19565 36
19565 79
19565 138
19565 151
19565 173
19565 28
19565 96
19565 174
19565 175
19565 267
19565 318
19565 58
19565 75
19565 98
19565 209
19565 130
19565 268
19565 319
19565 329
19565 334
19565 70
19565 172
19565 290
19565 311
19565 45
19565 71
19565 211
19565 232
19565 269
19565 307
19565 330
19565 23
19565 68
19565 191
19565 228
19565 341
19565 72
19565 104
19565 120
19565 133
19565 308
19565 344
19565 272
19565 294
19565 316
19565 335
19565 366
19565 38
19565 128
19565 129
19565 289
19565 291
19565 87
19565 108
19565 186
19565 229
19565 261
19565 139
19565 161
19565 200
19565 297
19565 325
19565 340
19565 43
19565 140
19565 231
19565 258
19565 286
19565 35
19565 74
19565 215
19565 256
19565 360
19565 76
19565 127
19565 189
19565 221
19565 271
19565 10
19565 54
19565 65
19565 275
19565 314
19565 6
19565 11
19565 66
19565 154
19565 299
19565 304
19565 63
19565 134
19565 156
19565 178
19565 280
19565 22
19565 198
19565 223
19565 234
19565 296
19565 57
19565 116
19565 265
19565 298
19565 9
19565 37
19565 110
19565 203
19565 332
19565 13
19565 114
19565 212
19565 321
19565 338
19565 31
19565 91
19565 213
19565 276
19565 282
19565 284
19565 32
19565 88
19565 165
19565 34
19565 100
19565 124
19565 137
19565 249
19565 281
18974 6
18974 25
18974 61
18974 107
18974 46
18974 77
18974 121
18974 168
18974 182
18974 73
18974 134
18974 139
18974 157
18974 71
18974 93
18974 101
18974 135
18974 137
18974 14
18974 185
18974 189
18974 212
18974 103
18974 234
18974 238
18974 240
18974 241
18974 17
18974 178
18974 194
18974 225
19500 17
19500 19
19500 23
19500 34
19500 54
19500 56
19500 57
19500 79
19500 7
19500 31
19500 32
19500 37
19500 72
19500 78
19500 89
19500 212
19500 225
19500 337
19500 127
19500 154
19500 178
19500 194
19500 247
19500 262
19500 310
19500 1
19500 20
19500 27
19500 41
19500 64
19500 68
19500 76
19500 87
19500 117
19500 134
19500 136
19500 169
19500 182
19500 205
19500 259
19500 290
19500 319
19500 322
19500 158
19500 168
19500 170
19500 177
19500 188
19500 268
19500 276
19500 312
19500 327
19500 341
19500 172
19500 209
19500 235
19500 261
19500 263
19500 321
19500 347
19500 349
19500 354
19500 111
19500 121
19500 148
19500 185
19500 199
19500 234
19500 257
19500 305
19500 5
19500 9
19500 14
19500 21
19500 42
19500 71
19500 73
19500 313
19500 345
19500 139
19500 195
19500 254
19500 269
19500 280
19500 286
19500 304
19500 105
19500 113
19500 131
19500 164
19500 183
19500 192
19500 287
19500 316
19500 146
19500 156
19500 157
19500 251
19500 275
19500 277
19500 293
19500 311
19500 101
19500 163
19500 265
19500 288
19500 306
19500 325
19500 339
19500 348
19500 352
19500 97
19500 120
19500 143
19500 191
19500 217
19500 248
19500 253
19500 260
19500 302
19500 104
19500 122
19500 137
19500 197
19500 222
19500 245
19500 289
19500 330
19500 109
19500 130
19500 140
19500 161
19500 180
19500 230
19500 285
19500 3
19500 24
19500 40
19500 48
19500 58
19500 63
19500 74
19500 91
19500 160
19500 300
19500 174
19500 221
19500 96
19500 179
19500 218
19500 220
19500 236
19500 301
19500 314
19500 329
19500 334
19500 126
19500 167
19500 181
19500 198
19500 219
19500 224
19500 227
19500 239
19500 61
19500 88
19500 92
19500 25
19500 62
19500 118
19500 144
19500 152
19500 173
19500 176
19500 203
19500 231
19500 281
19500 107
19500 175
19500 338
19500 344
19500 356
19500 12
19500 43
19500 85
19500 93
19500 0
19500 4
19500 10
19500 30
19500 33
19500 38
19500 44
19500 81
19500 94
19500 99
19500 115
19500 116
19500 184
19500 298
19500 332
18991 12
18991 14
18991 18
18991 25
18991 0
18991 4
18991 9
18991 24
19568 23
19568 53
19568 76
19568 84
19568 101
19568 106
19568 125
19568 129
19568 197
19568 199
19568 211
19568 217
19568 223
19568 191
19568 201
19568 238
19568 128
19568 139
19568 147
19568 205
18976 86
18976 134
18976 173
18976 182
18976 230
18976 161
18976 128
18976 156
18976 225
18976 305
18976 294
18976 2
18976 85
18976 121
18976 193
18976 237
18976 256
18976 90
18976 167
18976 200
18976 252
18976 108
18976 151
18976 316
18976 317
18976 45
18976 94
18976 113
18976 251
18976 214
18976 297
18976 327
18976 315
18976 323
18976 36
18976 114
18976 133
18976 189
18976 233
18976 20
18976 119
18976 124
18976 138
18976 168
18976 4
18976 5
18976 43
18976 158
18976 100
18976 112
18976 129
18976 166
18976 177
18976 150
18976 165
18976 283
18976 292
18976 295
18976 55
18976 56
18976 79
18976 104
18976 232
18976 111
18976 183
18976 226
18976 255
18976 78
18976 131
18976 257
18976 266
18976 291
18976 141
18976 250
18976 260
18976 262
18976 0
18976 6
18976 62
18976 81
18976 99
18976 34
18976 66
18976 195
18976 209
18976 223
18976 181
18976 211
18976 279
18976 321
18976 322
18976 57
18976 93
18976 169
18976 197
18976 89
18976 107
18976 148
18976 174
18976 202
18976 68
18976 102
18976 190
18976 215
18976 29
18976 41
18976 105
18976 207
18976 15
18976 19
18976 24
18976 95
18976 290
18976 11
18976 16
18976 40
18976 196
18976 236
18976 172
18976 222
18976 253
18976 284
18976 8
18976 106
18976 140
18976 220
18976 318
18976 13
18976 73
18976 139
18976 234
18976 278
18976 92
18976 37
18976 87
18976 324
18976 326
18976 60
18976 76
18976 178
18976 268
18976 289
19477 17
19477 36
19477 414
19477 365
19477 589
19477 22
19477 304
19477 385
19477 269
19477 586
19477 325
19477 411
19477 416
19477 450
19477 453
19477 477
19477 487
19477 494
19477 538
19477 447
19477 452
19477 454
19477 467
19477 489
19477 513
19477 519
19477 570
19477 21
19477 25
19477 290
19477 315
19477 322
19477 327
19477 334
19477 145
19477 166
19477 179
19477 203
19477 355
19477 357
19477 359
19477 498
19477 469
19477 502
19477 505
19477 512
19477 530
19477 544
19477 559
19477 568
19477 56
19477 108
19477 189
19477 274
19477 276
19477 314
19477 381
19477 430
19477 435
19477 440
19477 460
19477 506
19477 525
19477 558
19477 563
19477 582
19477 443
19477 474
19477 496
19477 551
19477 82
19477 110
19477 142
19477 186
19477 383
19477 62
19477 200
19477 45
19477 134
19477 167
19477 178
19477 192
19477 226
19477 343
19477 347
19477 30
19477 195
19477 253
19477 448
19477 514
19477 14
19477 24
19477 392
19477 260
19477 265
19477 309
19477 57
19477 100
19477 277
19477 51
19477 426
19477 488
19477 509
19477 518
19477 521
19477 531
19477 546
19477 83
19477 103
19477 104
19477 137
19477 229
19477 299
19477 308
19477 373
19477 60
19477 382
19477 177
19477 49
19477 53
19477 117
19477 232
19477 298
19477 375
19477 581
19477 216
19477 15
19477 44
19477 95
19477 159
19477 237
19477 294
19477 350
19477 360
19477 370
19477 68
19477 124
19477 201
19477 223
19477 254
19477 271
19477 353
19477 252
19477 283
19477 69
19477 180
19477 213
19477 217
19477 222
19477 231
19477 246
19477 247
19477 263
19477 33
19477 41
19477 138
19477 141
19477 236
19477 275
19477 317
19477 5
19477 73
19477 91
19477 215
19477 224
19477 235
19477 279
19477 352
19477 35
19477 149
19477 153
19477 172
19477 209
19477 366
19477 384
19477 394
19477 523
19477 579
19477 583
19477 437
19477 503
19477 576
19477 591
19477 130
19477 210
19477 300
19477 34
19477 59
19477 74
19477 120
19477 282
19477 296
19477 303
19477 323
19477 422
19477 427
19477 481
19477 529
19477 535
19477 550
19477 569
19477 574
19477 587
19477 184
19477 413
19477 418
19477 240
19477 362
19477 0
19477 132
19477 154
19477 174
19477 188
19477 289
19477 341
19477 354
19477 417
19477 94
19477 423
19477 442
19477 459
19477 462
19477 485
19477 532
19477 578
19477 580
19477 29
19477 391
19477 405
19477 125
19477 139
19477 181
19477 197
19477 278
19477 302
19477 305
19477 387
19477 390
19477 37
19477 48
19477 123
19477 162
19477 219
19477 227
19477 310
19477 415
19477 87
19477 105
19477 147
19477 202
19477 211
19477 220
19477 295
19477 380
19065 76
19065 94
19065 118
19065 119
19065 174
19065 183
19065 185
19711 55
19711 60
19711 65
19711 71
19669 132
19669 164
19669 168
19669 184
19669 212
19669 224
19669 242
19623 28
19623 45
19623 83
19623 108
19623 125
19623 34
19623 55
19623 62
19623 119
19623 2
19623 37
19623 40
19623 58
19623 73
19623 79
19623 18
19623 29
19623 69
19623 71
19623 80
19623 100
19623 13
19623 25
19623 36
19623 124
19623 30
19623 82
19623 85
19623 120
19623 22
19623 42
19623 51
19623 59
19623 81
19623 16
19623 24
19623 35
19623 65
19623 97
19623 113
19623 15
19623 20
19623 31
19623 78
19623 39
19623 76
19623 77
19623 84
19623 102
19623 105
19459 200
19459 221
19459 284
19459 289
19459 376
19459 379
19459 396
19459 432
19459 449
19459 21
19459 170
19459 180
19459 211
19459 216
19459 260
19459 310
19459 322
19459 344
19459 349
19459 351
19459 436
19459 198
19459 234
19459 235
19459 325
19459 331
19459 394
19459 419
19459 220
19459 459
19459 281
19459 410
19459 115
19459 179
19459 195
19459 243
19459 287
19459 304
19459 327
19459 339
19459 362
19459 398
19459 399
19459 267
19459 277
19459 285
19459 409
19459 431
19459 452
19459 457
19459 24
19459 25
19459 36
19459 43
19459 78
19459 109
19459 134
19459 157
19459 62
19459 168
19459 276
19459 286
19459 300
19459 306
19459 309
19459 358
19459 367
19459 370
19459 212
19459 218
19459 224
19459 232
19459 241
19459 371
19459 429
19459 435
19459 450
19459 283
19459 426
19459 461
19459 246
19459 257
19459 290
19459 356
19459 428
19459 465
19459 467
19459 477
19459 6
19459 30
19459 41
19459 60
19459 63
19459 106
19459 107
19459 155
19459 352
19459 464
19459 197
19459 204
19459 215
19459 270
19459 313
19459 333
19459 357
19459 397
19459 418
19459 347
19459 11
19459 13
19459 35
19459 79
19459 93
19459 122
19459 145
19459 178
19459 1
19459 8
19459 20
19459 47
19459 118
19459 123
19459 158
19459 159
19459 100
19459 162
19459 22
19459 23
19459 66
19459 88
19459 103
19459 141
19459 182
19459 443
19459 240
19459 244
19459 316
19459 324
19459 326
19459 350
19459 364
19459 434
19459 219
19459 264
19459 460
19459 5
19459 57
19459 84
19459 90
19459 101
19459 104
19459 117
19459 153
19459 55
19459 56
19459 77
19459 83
19459 114
19459 120
19459 133
19459 140
19459 165
19459 476
19459 144
19459 160
19459 192
19459 193
19459 288
19459 353
19697 39
19697 43
19697 75
19697 83
19697 101
19697 112
19697 2
19697 72
19697 105
19697 121
19697 0
19697 68
19697 74
19697 87
19697 97
19697 99
19697 122
19697 19
19697 55
19697 58
19697 66
19697 81
19697 31
19697 78
19697 124
19697 137
19697 125
19697 129
19697 145
19697 22
19697 30
19697 35
19697 37
19697 108
19697 143
19697 149
19697 152
19697 157
19697 146
19697 153
19697 1
19697 5
19697 14
19697 26
19697 38
19697 57
19697 62
19697 94
19697 114
19697 117
19697 139
19697 3
19697 4
19697 100
19697 113
19668 167
19668 179
19668 208
19668 221
19668 260
19668 300
19668 333
19668 239
19668 290
19668 350
19668 388
19668 389
19668 390
19668 32
19668 40
19668 42
19668 71
19668 143
19668 170
19668 273
19668 281
19668 292
19668 301
19668 321
19419 9
19419 55
19419 84
19419 94
19419 110
19419 117
19419 124
19419 127
19491 36
19491 39
19491 50
19491 70
19491 72
19491 104
19491 116
19491 120
19491 42
19491 6
19491 11
19491 26
19491 51
19491 52
19491 60
19491 100
19491 19
19491 20
19491 31
19491 32
19491 44
19491 75
19491 79
19491 103
19491 10
19491 41
19491 46
19491 80
19491 90
19491 96
19491 105
19491 30
19491 99
19491 114
19491 101
19491 108
19491 98
19491 109
19491 0
19491 1
19491 9
19491 21
19491 40
19491 43
19491 82
19491 111
19491 14
19491 48
19491 54
19491 64
19491 65
19491 67
19491 71
19491 93
19491 97
19659 66
19659 215
19659 241
19659 261
19659 141
19659 224
19659 295
19659 301
19659 340
19659 343
19659 404
19659 412
19659 473
19659 510
19715 94
19715 260
19715 289
19715 303
19715 313
19715 314
19715 326
19715 360
19715 365
19715 396
19715 530
19715 552
19715 559
19715 561
19715 319
19715 368
19715 474
19715 485
19715 498
19715 511
19715 386
19715 410
19715 436
19715 449
19715 452
19715 458
19715 481
19715 49
19715 157
19715 182
19715 214
19715 285
19715 301
19715 46
19715 56
19715 98
19715 110
19715 152
19715 261
19715 296
19715 411
19715 420
19715 427
19715 431
19715 467
19715 506
19715 509
19715 309
19715 317
19715 451
19715 502
19715 543
19715 62
19715 106
19715 119
19715 171
19715 256
19715 265
19715 312
19715 322
19715 325
19715 369
19715 538
19715 84
19715 323
19715 333
19715 354
19715 376
19715 545
19715 117
19715 148
19715 223
19715 292
19715 36
19715 71
19715 113
19715 130
19715 337
19715 339
19715 340
19715 389
19715 392
19715 415
19715 448
19715 20
19715 25
19715 118
19715 133
19715 205
19715 284
19715 24
19715 80
19715 99
19715 122
19715 193
19715 219
19715 279
19715 324
19715 397
19715 432
19715 468
19715 471
19715 519
19715 332
19715 348
19715 430
19715 444
19715 455
19715 508
19715 372
19715 377
19715 408
19715 457
19715 466
19715 470
19715 516
19715 417
19715 419
19715 428
19715 453
19715 465
19715 477
19715 336
19715 350
19715 394
19715 413
19715 439
19715 489
19715 342
19715 359
19715 404
19715 423
19715 460
19715 492
19715 504
19715 32
19715 73
19715 179
19715 55
19715 88
19715 195
19715 212
19715 288
19715 19
19715 70
19715 102
19715 105
19715 160
19715 202
19715 12
19715 59
19715 93
19715 116
19715 145
19715 173
19715 241
19715 13
19715 97
19715 114
19715 140
19715 187
19715 217
19715 218
19715 18
19715 211
19715 255
19715 294
19715 4
19715 144
19715 183
19715 245
19715 52
19715 54
19715 72
19715 82
19715 95
19715 129
19715 233
19715 341
19715 483
19715 488
19715 507
19715 201
19715 271
19715 272
19715 21
19715 109
19715 131
19715 135
19715 162
19715 234
19715 276
19715 293
19715 268
19715 30
19715 76
19715 100
19715 154
19715 170
19715 291
19715 283
19715 31
19715 48
19715 86
19715 225
19715 226
19715 330
19715 438
19715 497
19715 514
19715 540
19715 77
19715 239
19715 305
19715 357
19715 554
19715 565
19715 566
19715 112
19715 299
19715 334
19715 45
19715 79
19715 89
19715 161
19715 176
19715 203
19715 238
19715 68
19715 104
19715 204
19715 235
19715 14
19715 346
19715 364
19715 388
19715 401
19715 469
19715 10
19715 107
19715 143
19715 181
19715 213
19715 286
19715 553
19715 557
19715 558
19715 560
19715 563
19715 172
19715 494
19715 533
19715 544
19715 67
19715 69
19715 126
19715 127
19715 165
19715 197
19715 250
19038 134
19038 153
19038 186
19038 383
19038 490
19038 499
19038 568
19038 570
19038 109
19038 118
19038 181
19038 275
19038 346
19038 168
19038 180
19038 254
19038 270
19038 122
19038 130
19038 175
19038 222
19038 280
19038 311
19038 217
19038 227
19038 273
19038 342
19038 361
19729 0
19729 7
19729 20
19729 50
19729 58
19729 15
19729 16
19729 26
19729 27
19729 42
19729 53
19729 54
19729 4
19729 11
19729 12
19729 23
19729 28
19729 35
19729 43
19729 36
19729 64
19729 65
19729 5
19729 18
19729 57
19706 49
19706 57
19706 61
19706 74
19706 110
19706 181
19706 196
19706 84
19706 114
19706 187
19706 215
19667 5
19667 18
19667 26
19667 28
19667 36
19518 62
19518 128
19518 129
19518 149
19518 154
19518 158
19518 215
19518 222
19518 122
19518 258
19518 61
19518 100
19518 29
19518 95
19518 238
19518 148
19518 248
19518 27
19518 38
19518 46
19518 74
19518 90
19518 181
19518 202
19518 213
19518 42
19518 63
19518 107
19518 123
19518 247
19518 262
19518 16
19518 19
19518 40
19518 51
19518 121
19518 124
19518 220
19518 229
19518 233
19518 237
19518 31
19518 43
19518 55
19518 102
19518 104
19518 111
19518 114
19518 224
19518 256
19518 17
19518 75
19518 37
19518 57
19518 89
19518 101
19518 159
19518 182
19518 187
19518 203
19518 12
19518 198
19518 250
19518 228
19518 246
19518 39
19518 162
19518 13
19518 77
19518 133
19518 169
19518 175
19518 208
19518 216
19518 219
19518 253
19518 261
19518 48
19518 96
19518 147
19518 206
19518 145
19518 166
19518 235
19518 263
19518 10
19518 36
19518 45
19518 52
19518 130
19518 135
19518 167
19518 231
19518 8
19518 9
19518 88
19518 113
19518 195
19518 225
19518 226
19518 239
19518 241
19518 68
19518 71
19518 108
19518 139
19518 142
19518 157
19518 188
19518 236
19518 251
19518 4
19518 14
19518 110
19518 176
19518 199
19518 205
19518 214
19586 128
19586 155
19586 236
19586 110
19586 136
19586 200
19586 225
19681 16
19681 23
19681 26
19681 45
19681 62
19681 67
19619 20
19619 28
19619 32
19619 44
19619 45
19619 4
19619 19
19619 21
19619 22
19619 23
19619 53
19471 200
19471 264
19471 265
19471 305
19471 312
19471 322
19471 327
19471 343
19471 208
19471 361
19471 377
19471 0
19471 31
19471 59
19471 123
19471 129
19471 149
19471 163
18997 12
18997 54
18997 60
18997 121
18997 226
18997 20
18997 112
18997 241
18997 249
18997 16
18997 170
18997 243
18997 254
18997 256
18997 17
18997 40
18997 51
18997 82
18997 131
18997 114
18997 119
18997 132
18997 194
18997 225
18997 56
18997 61
18997 83
18997 185
18997 50
18997 91
18997 98
18997 209
18997 90
18997 140
18997 150
18997 212
18997 217
18997 49
18997 96
18997 239
18997 240
18997 244
18997 18
18997 101
18997 103
18997 115
18997 186
18997 7
18997 203
18997 233
18997 245
18997 255
18997 44
18997 65
18997 149
18997 176
18997 219
18997 25
18997 64
18997 156
18997 201
18997 221
18997 73
18997 141
18997 153
18997 164
18997 179
18997 47
18997 86
18997 97
18997 154
18997 218
18997 21
18997 58
18997 71
18997 223
18997 236
18997 3
18997 252
18997 113
18997 117
18997 133
18997 227
18997 232
18997 74
18997 79
18997 111
18997 130
19686 40
19686 53
19686 77
19686 118
19686 159
19686 102
19686 160
19686 188
19686 232
19686 1
19686 107
19686 132
19686 175
19686 205
19686 213
19686 54
19686 168
19686 219
19686 221
19686 8
19686 117
19686 128
19686 130
19686 155
19686 214
19686 19
19686 24
19686 37
19686 49
19686 55
19686 97
19686 14
19686 16
19686 60
19686 78
19686 96
19686 164
19686 240
19686 247
19686 135
19686 146
19686 206
19686 222
19686 23
19686 28
19686 47
19686 163
19686 218
19686 9
19686 75
19686 244
19686 245
19686 46
19686 98
19686 133
19686 184
19686 199
19686 209
19686 41
19686 70
19686 72
19686 103
19686 177
19686 190
19686 57
19686 95
19686 137
19686 139
19686 187
19686 220
19686 4
19686 193
19686 203
19686 212
19686 42
19686 113
19686 120
19686 124
19686 134
19686 162
19686 27
19686 204
19686 45
19686 178
19686 191
19686 201
19686 33
19686 108
19686 126
19686 151
19686 179
19686 235
19686 32
19686 195
19686 223
19686 228
19686 18
19686 56
19686 64
19686 111
19686 122
19071 46
19071 65
19071 83
19071 110
19071 142
19071 151
19071 18
19071 31
19071 77
19071 122
19071 154
19071 36
19071 48
19071 53
19071 116
19071 152
19071 181
19071 11
19071 21
19071 22
19071 94
19071 155
19071 17
19071 32
19071 62
19071 113
19071 129
19071 164
19071 41
19071 89
19071 102
19071 117
19071 182
19071 49
19071 139
19071 144
19071 176
19071 180
19071 3
19071 13
19071 93
19071 132
19071 136
19071 8
19071 67
19071 119
19071 156
19071 167
19071 10
19071 35
19071 73
19071 137
19071 174
19071 19
19071 38
19071 66
19071 128
19071 40
19071 189
19071 194
19071 195
19071 107
19071 111
19071 162
19071 187
19071 192
19071 97
19071 125
19071 171
19071 188
19650 48
19650 57
19650 114
19650 115
19650 118
19650 2
19650 20
19650 37
19650 45
19650 51
19650 87
19650 34
19650 77
19650 80
19650 92
19650 98
19650 30
19650 33
19650 64
19650 105
19650 108
19650 122
19650 60
19650 100
19650 116
19650 126
19650 127
19650 16
19650 19
19650 36
19650 63
19650 75
19650 25
19650 32
19650 58
19650 89
19650 111
19650 40
19650 52
19650 65
19650 73
19650 99
19650 107
19650 8
19650 43
19650 49
19650 78
19650 79
19650 3
19650 12
19650 86
19650 123
19650 10
19650 15
19650 39
19650 71
19650 81
19650 47
19650 67
19650 106
19650 112
19650 28
19650 35
19650 110
19650 113
19650 9
19650 17
19650 54
19650 69
19650 74
19650 119
19694 14
19694 64
19694 67
19694 270
19694 352
19694 43
19694 140
19694 170
19694 259
19694 18
19694 4
19694 207
19694 227
19694 331
19694 80
19694 118
19694 294
19694 317
19694 334
19694 76
19694 198
19694 224
19694 238
19727 0
19727 76
19727 247
19727 12
19727 207
19727 217
19727 271
19727 286
19727 303
19727 300
19727 378
19727 387
19727 372
19727 88
19727 122
19727 141
19727 161
19727 189
19727 257
19727 320
19727 126
19727 245
19727 340
19727 78
19727 168
19727 223
19727 373
19727 48
19727 64
19727 191
19727 193
19727 328
19727 13
19727 154
19727 173
19727 333
19727 35
19727 40
19727 110
19727 236
19727 241
19727 256
19727 383
19727 23
19727 74
19727 148
19727 174
19727 206
19727 273
19727 277
19727 25
19727 91
19727 188
19727 281
19727 330
19727 344
19727 238
19727 356
19727 363
19727 17
19727 107
19727 156
19727 200
19727 255
19727 335
19727 65
19727 112
19727 139
19727 227
19727 229
19727 289
19727 326
19727 167
19727 221
19727 278
19727 280
19727 287
19727 294
19727 81
19727 96
19727 226
19727 297
19727 304
19727 317
19727 85
19727 177
19727 258
19727 323
19727 343
19727 42
19727 137
19727 260
19727 125
19727 157
19727 199
19727 208
19727 228
19727 254
19727 267
19727 94
19727 103
19727 129
19727 204
19727 268
19727 319
19727 346
19727 3
19727 19
19727 24
19727 27
19727 179
19727 190
19727 364
19727 26
19727 31
19727 45
19727 62
19727 113
19727 128
19727 21
19727 138
19727 264
19727 321
19727 353
19727 375
19727 388
19727 77
19727 95
19727 183
19727 187
19727 285
19727 301
19727 311
19727 152
19727 379
19727 384
19727 71
19727 92
19727 288
19727 298
19727 314
19727 359
19727 83
19727 104
19727 184
19727 316
19727 29
19727 149
19727 159
19727 169
19727 180
19727 231
19727 266
19727 36
19727 56
19727 75
19727 124
19727 155
19727 209
19727 213
19727 374
19646 24
19646 28
19416 6
19416 14
19416 25
19416 89
19416 112
19416 116
19416 118
19416 124
19416 158
19430 66
19430 124
19430 127
19430 216
19430 249
19430 258
19430 319
19430 355
19430 36
19430 69
19430 152
19430 179
19430 201
19430 286
19430 291
19430 311
19430 342
19430 387
19430 393
19430 397
19430 411
19430 413
19430 430
19430 432
19430 442
19430 456
19430 2
19430 30
19430 68
19430 92
19430 180
19430 213
19430 243
19430 246
19430 289
19430 89
19430 97
19430 116
19430 178
19430 217
19430 271
19430 301
19430 240
19430 394
19430 416
19430 440
19430 28
19430 29
19430 52
19430 77
19430 105
19430 189
19430 336
19430 359
19430 438
19430 444
19430 453
19430 449
19430 454
19430 134
19430 192
19430 252
19430 306
19430 309
19430 316
19430 325
19430 382
19430 395
19430 398
19430 403
19430 406
19430 415
19430 426
19430 259
19430 184
19430 214
19430 9
19430 111
19430 126
19430 136
19430 220
19430 242
19430 269
19430 284
19430 356
19430 371
19430 331
19430 343
19430 357
19430 99
19430 290
19430 375
19430 23
19430 26
19430 46
19430 84
19430 104
19430 128
19430 205
19430 212
19430 349
19430 54
19430 55
19430 58
19430 72
19430 142
19430 229
19430 280
19430 300
19430 8
19430 226
19430 368
19430 35
19430 57
19430 71
19430 101
19430 218
19430 230
19430 247
19430 254
19430 308
19430 48
19430 265
19430 327
19430 73
19430 157
19430 188
19430 202
19430 234
19430 277
19430 353
19430 12
19430 51
19430 120
19430 144
19430 245
19430 292
19430 324
19430 374
19430 22
19430 16
19430 62
19430 64
19430 221
19430 224
19430 299
19430 310
19430 323
19430 363
19430 133
19430 354
19430 369
19430 15
19430 32
19430 67
19430 85
19430 155
19430 209
19430 260
19430 385
19430 401
19430 423
19430 445
19430 447
19430 448
19430 450
19430 122
19430 158
19430 181
19430 195
19430 262
19430 288
19430 305
19430 320
19430 37
19430 43
19430 149
19430 169
19430 219
19430 261
19430 329
19430 208
19430 348
19430 20
19430 65
19430 314
19430 365
19430 14
19430 139
19430 171
19430 196
19430 235
19430 263
19430 264
19430 275
19430 21
19430 24
19430 102
19430 182
19430 215
19430 248
19430 273
19430 199
19430 293
19051 35
19051 37
19051 124
19051 125
19051 198
19051 247
19051 356
19051 374
19051 163
19051 209
19051 241
19051 265
19051 317
19051 386
19051 78
19051 116
19051 141
19051 150
19051 266
19051 300
19051 1
19051 257
19051 358
19051 123
19051 362
19051 375
19051 233
19051 256
19051 303
19051 335
19051 350
19051 95
19051 217
19051 281
19051 352
19051 86
19051 186
19051 200
19051 280
19051 325
19051 21
19051 113
19051 275
19051 328
19051 64
19051 381
19051 390
19051 395
19051 10
19051 11
19051 147
19051 61
19051 65
19051 72
19051 130
19051 218
19051 288
19051 4
19051 17
19051 73
19051 314
19051 372
19051 39
19051 62
19051 178
19051 194
19051 210
19051 322
19051 63
19051 98
19051 104
19051 127
19051 82
19051 118
19051 126
19051 138
19051 263
19051 6
19051 77
19051 301
19051 377
19051 393
19051 111
19051 136
19051 172
19051 207
19051 268
19051 5
19051 51
19051 66
19051 304
19051 343
19051 23
19051 102
19051 105
19051 246
19051 368
19051 157
19051 235
19051 278
19051 291
19051 292
19051 42
19051 159
19051 170
19051 197
19051 313
19051 47
19051 50
19051 201
19051 273
19051 302
19051 107
19051 144
19051 175
19051 182
19051 287
19051 176
19051 180
19051 190
19051 238
19051 348
19051 202
19051 205
19051 213
19051 297
19051 289
19051 316
19051 370
19051 379
19051 81
19051 114
19051 128
19051 222
19051 294
19051 19
19051 84
19051 161
19051 228
19051 331
19051 34
19051 231
19051 333
19051 353
19051 361
19051 46
19051 55
19051 74
19051 339
19051 354
19669 169
19669 231
19669 235
19669 240
19669 250
19669 253
19669 264
19669 160
19669 220
19669 282
19669 285
19669 27
19669 33
19669 74
19669 81
19669 118
19669 119
19669 125
19669 201
19669 273
19669 105
19669 109
19669 179
19625 11
19625 15
19625 29
19625 30
19625 35
19625 38
19523 2
19523 24
19523 26
19523 46
19523 48
19523 61
19464 0
19464 1
19464 2
19464 3
19464 4
19464 8
19464 11
19464 5
19464 6
19464 7
19464 9
19464 10
19464 12
19464 13
19624 34
19624 62
19624 73
19624 166
19624 187
19624 242
19624 111
19624 234
19624 249
19624 262
19624 266
19624 56
19624 66
19624 106
19624 139
19624 157
19624 194
19624 8
19624 100
19624 108
19624 136
19624 148
19624 203
19624 67
19624 81
19624 127
19624 152
19624 190
19624 225
19624 222
19624 223
19624 227
19624 233
19624 261
19624 16
19624 75
19624 97
19624 229
19624 42
19624 144
19624 228
19624 243
19624 244
19624 121
19624 142
19624 230
19624 238
19624 265
19624 50
19624 141
19624 248
19624 255
19624 24
19624 215
19624 259
19624 263
19624 49
19624 76
19624 94
19624 159
19624 220
19624 19
19624 51
19624 145
19624 150
19624 175
19624 204
19624 14
19624 31
19624 57
19624 61
19624 91
19624 137
19624 90
19624 93
19624 133
19624 219
19624 224
19624 39
19624 109
19624 232
19624 257
19624 53
19624 122
19624 184
19624 211
19507 77
19507 196
19687 22
19687 36
19687 54
19687 56
19687 73
19687 19
19687 27
19687 58
19687 76
19687 4
19687 31
19687 44
19687 48
19687 53
19687 77
19687 80
19687 8
19687 47
19687 67
19687 69
19687 9
19687 37
19687 41
19687 71
19687 10
19687 34
19687 38
19687 45
19687 26
19687 35
19687 78
19687 75
19085 68
19085 86
19085 114
19085 154
19085 162
19085 313
19085 7
19085 208
19085 249
19085 256
19085 123
19085 153
19085 217
19085 226
19085 54
19085 94
19085 112
19085 155
19085 172
19712 20
19712 72
19712 108
19712 185
19712 214
19712 422
19712 433
19715 159
19715 210
19715 231
19715 257
19715 344
19715 353
19715 501
19715 549
19715 6
19715 91
19715 178
19715 184
19715 188
19715 192
19715 74
19715 78
19715 85
19715 115
19715 168
19715 174
19715 186
19715 198
19715 35
19715 125
19715 158
19715 180
19715 215
19715 220
19715 484
19715 505
19715 527
19715 546
19715 96
19715 190
19715 194
19715 244
19715 263
19563 0
19563 8
19563 28
19563 74
19563 4
19563 26
19563 31
19563 40
19563 55
19563 73
19563 65
19563 77
19563 82
19563 83
19563 5
19563 21
19563 22
19563 45
19563 46
19563 16
19563 27
19563 39
19563 43
19563 52
19563 67
19563 18
19563 38
19563 41
19563 49
19563 71
19563 12
19563 15
19563 29
19563 44
19563 48
19563 66
19563 75
19563 13
19563 42
19563 53
19563 78
19563 79
19563 2
19563 10
19563 30
19563 47
19563 51
19563 61
19563 7
19563 11
19563 14
19563 63
19563 69
19563 1
19563 6
19563 9
19563 37
19563 54
19563 58
19563 80
18990 98
18990 117
18990 22
18990 26
18990 29
18990 99
18990 116
18990 46
18990 48
18990 127
18990 128
18990 129
18990 20
18990 90
18990 121
18990 130
18990 13
18990 28
18990 39
18990 45
18990 108
18990 34
18990 35
18990 69
18990 74
18990 110
18990 18
18990 37
18990 58
18990 91
18990 111
18990 25
18990 32
18990 55
18990 107
18990 124
18990 4
18990 21
18990 57
18990 101
18990 79
18990 104
18990 50
18990 64
18990 120
18990 131
18990 5
18990 12
18990 38
18990 94
18990 53
18990 65
18990 87
18990 100
18990 106
18990 51
18990 6
18990 10
18990 44
18990 70
18990 33
18990 3
18990 16
18990 42
18990 43
19659 355
19659 366
19659 386
19659 403
19659 409
19659 482
19659 373
19659 376
19659 393
19659 431
19659 485
19659 28
19659 144
19659 270
19659 315
19659 89
19659 278
19659 320
19659 321
19659 326
19659 345
19659 360
19659 420
19659 533
19659 550
19659 384
19659 492
19659 516
19659 529
19659 13
19659 81
19659 113
19659 159
19659 221
19659 235
19659 213
19659 260
19659 298
19659 38
19659 179
19659 211
19659 254
19659 274
19659 124
19659 171
19659 220
19659 329
19659 338
19659 433
19659 437
19659 451
19659 476
19659 36
19659 54
19659 101
19659 102
19659 161
19659 219
19659 253
19659 255
19659 336
19659 346
19659 369
19659 467
19659 502
19659 410
19659 475
19659 531
19659 545
19659 377
19659 381
19659 390
19659 395
19659 471
19659 490
19659 333
19659 405
19659 438
19659 443
19659 477
19659 504
19659 15
19659 46
19659 155
19659 167
19659 201
19659 234
19659 237
19659 244
19659 210
19659 302
19659 307
19659 319
19659 17
19659 64
19659 106
19659 176
19659 178
19659 195
19659 233
19659 291
19659 308
19659 318
19659 368
19659 378
19659 388
19659 397
19659 42
19659 72
19659 73
19659 79
19659 142
19659 169
19659 342
19659 375
19659 469
19659 508
19659 153
19659 162
19659 218
19659 231
19659 19
19659 168
19659 257
19659 287
19659 417
19659 432
19659 548
19659 44
19659 112
19659 125
19659 186
19659 205
19659 248
19659 296
19659 150
19659 190
19659 194
19659 289
19659 5
19659 110
19659 236
19659 282
19659 303
19659 306
19659 335
19659 444
19659 455
19659 497
19659 499
19659 520
19659 40
19659 139
19659 216
19659 16
19659 20
19659 128
19659 188
19659 227
19659 263
19659 265
19659 6
19659 7
19659 9
19659 59
19659 77
19659 1
19659 269
19659 283
19659 483
19659 526
19659 547
19659 24
19659 29
19659 56
19659 145
19659 196
19659 249
19659 58
19659 75
19659 251
19659 347
19659 425
19659 445
19659 462
19659 519
19659 534
19659 439
19659 440
19659 459
19659 478
19659 518
19659 532
19659 37
19659 48
19659 103
19659 130
19659 192
19659 68
19659 93
19659 163
19659 214
19659 225
19659 226
19659 268
19659 31
19659 52
19659 247
19716 156
19716 216
19716 283
19716 403
19716 404
19716 458
19716 469
19639 83
19639 91
19639 98
19639 270
19639 76
19639 92
19639 139
19639 194
19639 213
19639 272
19532 5
19532 35
19532 76
19532 88
19003 4
19003 64
19003 68
19003 85
19003 134
19495 25
19495 31
19495 56
19495 80
19495 150
19495 155
19495 174
19495 181
19495 4
19495 21
19495 23
19495 26
19495 36
19495 89
19495 106
19495 156
19495 187
19495 204
19495 45
19495 73
19495 79
19495 100
19495 107
19495 147
19495 153
19495 160
19495 113
19495 211
19495 269
19495 271
19495 281
19495 282
19495 290
19495 296
19495 316
19495 319
19495 328
19067 125
19067 187
19067 204
19067 234
19067 311
19067 121
19067 194
19067 226
19067 240
19067 337
19067 346
19067 118
19067 188
19067 237
19067 297
19067 339
19067 134
19067 287
19067 292
19067 316
19067 115
19067 133
19067 146
19067 164
19067 293
19067 320
19067 17
19067 29
19067 73
19067 90
19067 78
19067 93
19067 97
19067 102
19067 56
19067 59
19067 64
19067 84
19067 96
19067 160
19067 169
19067 225
19067 288
19067 309
19067 314
19067 131
19067 153
19067 206
19067 216
19067 275
19067 291
19067 295
19067 173
19067 214
19067 278
19067 318
19067 330
19067 168
19067 213
19067 375
19067 145
19067 161
19067 301
19067 310
19067 379
19067 116
19067 137
19067 155
19067 185
19067 317
19067 327
19067 144
19067 171
19067 243
19067 246
19067 264
19067 304
19067 336
19067 24
19067 80
19067 108
19067 150
19067 183
19067 228
19067 255
19067 262
19067 167
19067 170
19067 220
19067 365
19067 378
19067 147
19067 198
19067 373
19067 377
19067 387
19067 4
19067 7
19067 10
19067 18
19067 28
19067 69
19067 113
19067 143
19067 283
19067 322
19067 340
19067 117
19067 136
19067 159
19067 270
19067 323
19067 335
19067 244
19067 370
19067 380
19067 162
19067 191
19067 221
19067 242
19067 254
19067 148
19067 298
19067 326
19067 338
19067 347
19067 371
19067 138
19067 142
19067 186
19067 193
19067 294
19067 114
19067 219
19067 276
19067 360
19067 184
19067 232
19067 253
19067 259
19067 277
19067 328
19067 263
19067 267
19067 280
19067 284
19067 354
19518 192
19518 254
19518 252
19518 259
19586 3
19586 14
19586 19
19586 116
19586 127
19586 142
19586 85
19586 90
19586 158
19586 169
19586 193
19586 31
19586 35
19586 68
19586 134
19586 147
19586 154
19586 246
19586 262
19586 268
19586 272
19586 277
19586 278
19586 287
19586 42
19586 119
19586 156
19586 215
19586 222
19586 23
19586 78
19586 166
19586 207
19586 13
19586 47
19586 65
19586 74
19586 82
19586 131
19586 6
19586 138
19586 153
19586 220
19586 93
19586 96
19586 183
19586 185
19586 243
19586 249
19586 258
19586 267
19586 270
19586 281
19586 261
19586 300
19586 111
19586 112
19586 204
19586 1
19586 30
19586 44
19586 132
19586 159
19586 182
19586 15
19586 28
19586 118
19586 145
19586 172
19586 259
19586 265
19586 269
19586 274
19586 276
19586 113
19586 219
19586 226
19586 240
19586 79
19586 101
19586 177
19586 194
19586 230
19586 5
19586 105
19586 108
19586 139
19586 157
19586 206
19586 229
19586 241
19586 247
19586 248
19586 256
19586 284
19586 286
19586 218
19586 237
19586 39
19586 40
19586 46
19586 99
19586 106
19586 140
19586 70
19586 123
19586 146
19586 197
19586 214
19586 238
19586 49
19586 86
19586 209
19586 27
19586 72
19586 190
19586 227
19586 88
19586 104
19586 126
19586 202
19586 210
19586 245
19586 251
19586 125
19586 167
19586 203
19586 233
19586 64
19586 92
19586 114
19586 223
19586 255
19586 273
19586 289
19586 293
19586 298
19586 302
19586 291
19586 294
19586 299
19586 4
19586 20
19586 84
19586 107
19586 179
19747 0
19747 3
19747 5
19747 13
19747 40
19747 53
19747 29
19747 37
19747 77
19747 80
19747 67
19747 78
19747 81
19747 10
19747 17
19747 21
19747 33
19747 43
19747 64
19747 34
19747 45
19747 70
19747 74
19747 9
19747 19
19747 31
19747 46
19747 54
19747 72
19747 1
19747 4
19747 20
19747 24
19747 49
19747 66
19747 22
19747 26
19747 35
19747 39
19747 48
19747 68
19747 2
19747 14
19747 30
19747 36
19747 38
19747 47
19747 27
19747 50
19747 62
19747 16
19747 73
19747 79
19747 12
19747 61
19747 76
19747 82
19747 7
19747 8
19747 32
19747 51
19747 56
19747 57
19612 10
19612 31
19612 32
19612 35
19612 56
19612 74
19530 10
19530 13
19530 51
19530 57
19530 58
19530 65
19530 19
19530 23
19530 29
19530 86
19530 38
19530 53
19530 101
19530 104
19530 7
19530 84
19530 98
19530 107
19530 111
19530 24
19530 44
19530 88
19530 94
19530 100
19530 18
19530 20
19530 76
19530 87
19530 89
19530 9
19530 33
19530 92
19530 108
19530 109
19628 36
19628 214
19628 233
19628 298
19628 329
19628 364
19628 75
19628 147
19628 155
19628 205
19628 7
19628 50
19628 55
19628 302
19628 340
19628 398
19628 425
19628 11
19628 82
19628 105
19628 181
19628 208
19628 381
19628 387
19628 116
19628 203
19628 244
19628 282
19628 314
19628 388
19628 0
19628 76
19628 499
19628 515
19628 517
19628 47
19628 285
19628 378
19628 84
19628 130
19628 134
19628 283
19628 319
19628 455
19628 29
19628 146
19628 148
19628 292
19628 417
19628 58
19628 180
19628 200
19628 220
19628 313
19628 352
19735 1
19735 8
19735 12
19735 23
19735 29
19735 20
19735 22
19735 24
19735 51
19735 4
19735 6
19735 18
19735 25
19735 50
19735 53
19735 10
19735 17
19735 21
19735 38
19735 41
19735 9
19735 13
19735 16
19735 39
19735 3
19735 42
19735 5
19735 28
19735 32
19735 44
19735 46
19735 0
19735 14
19735 26
19735 30
19444 245
19444 256
19444 124
19444 226
19444 409
19444 52
19444 21
19444 27
19444 141
19444 171
19444 185
19444 192
19444 232
19444 272
19444 298
19444 48
19444 29
19444 76
19444 125
19444 175
19444 189
19444 230
19444 355
19444 390
19444 410
19444 54
19444 108
19444 113
19444 132
19444 165
19444 225
19444 247
19444 285
19444 63
19444 64
19444 122
19444 159
19444 191
19444 194
19444 207
19444 237
19444 375
19444 415
19444 7
19444 251
19444 263
19444 22
19444 25
19444 173
19444 100
19444 276
19444 195
19444 402
19444 44
19444 142
19444 193
19444 222
19444 273
19444 287
19444 331
19444 393
19444 17
19444 211
19444 0
19444 181
19444 206
19444 238
19444 307
19444 310
19444 324
19444 381
19444 411
19444 4
19444 83
19444 183
19444 188
19444 204
19444 223
19444 308
19444 344
19444 50
19444 144
19444 199
19444 239
19444 254
19444 267
19444 295
19444 329
19444 397
19444 18
19444 38
19444 61
19444 68
19444 312
19444 341
19444 396
19561 2
19561 3
19561 9
19561 17
19561 18
19561 19
19430 94
19430 109
19430 131
19430 241
19430 250
19430 279
19430 326
19430 27
19430 138
19430 146
19430 200
19430 204
19430 270
19430 304
19004 25
19004 31
19004 1
19004 9
19004 17
19004 19
19004 22
19004 38
19004 10
19004 14
19004 24
19004 36
19004 39
19004 6
19004 12
19004 41
19004 7
19004 21
19004 42
19004 43
19411 4
19411 460
19411 280
19411 377
19411 529
19411 151
19411 227
19411 182
19411 358
19411 473
19411 10
19411 87
19411 111
19411 115
19411 183
19411 224
19411 356
19411 368
19411 500
19411 502
19411 12
19411 25
19411 63
19411 195
19411 289
19411 386
19411 447
19411 459
19411 266
19411 465
19411 40
19411 295
19411 423
19411 1
19411 6
19411 85
19411 131
19411 179
19411 181
19411 278
19411 537
19411 382
19411 487
19411 285
19411 384
19411 57
19411 276
19411 398
19411 29
19411 497
19411 507
19411 17
19411 89
19411 163
19411 165
19411 239
19411 304
19411 431
19411 296
19411 479
19411 39
19411 149
19411 158
19411 316
19411 427
19411 484
19411 501
19411 526
19411 503
19411 527
19411 41
19411 452
19411 84
19411 150
19411 264
19411 329
19411 363
19411 450
19411 478
19411 483
19411 440
19411 470
19411 23
19411 88
19411 153
19411 233
19411 258
19411 338
19411 383
19411 416
19411 474
19411 37
19411 58
19411 62
19411 91
19411 145
19411 201
19411 228
19411 341
19411 353
19411 397
19411 327
19411 339
19411 531
19411 173
19411 485
19411 488
19411 510
19411 515
19411 43
19411 92
19411 96
19411 133
19411 135
19411 167
19411 196
19411 237
19411 346
19411 81
19411 154
19411 177
19411 331
19411 333
19411 361
19411 426
19411 489
19411 265
19411 524
19411 539
19411 103
19411 122
19411 164
19411 215
19411 218
19411 221
19411 446
19411 449
19411 53
19411 98
19411 126
19411 216
19411 287
19411 311
19411 493
19411 517
19411 86
19411 171
19411 359
19411 379
19411 55
19411 105
19411 120
19411 247
19411 322
19411 388
19411 530
19411 2
19411 27
19411 112
19411 161
19411 294
19411 343
19411 376
19411 438
19411 14
19411 95
19411 109
19411 136
19411 175
19411 188
19411 375
19411 430
19411 121
19411 251
19411 257
19411 306
19411 314
19411 332
19411 538
19411 26
19411 35
19411 80
19411 142
19411 225
19411 334
19411 380
19411 433
19411 66
19411 124
19411 261
19411 337
19411 374
19411 381
19411 513
19411 534
19411 15
19411 19
19411 102
19411 104
19411 106
19411 157
19411 328
19411 428
19411 482
19411 208
19411 291
19411 544
19411 354
19411 454
19411 463
19411 78
19411 99
19411 192
19411 395
19411 441
19411 445
19411 198
19411 499
19540 399
19540 454
19540 69
19540 141
19540 166
19540 306
19540 334
19540 389
19540 424
19540 440
19540 451
19540 99
19540 300
19540 96
19540 43
19540 54
19540 74
19540 126
19540 233
19540 373
19540 108
19540 121
19540 181
19540 207
19540 317
19540 328
19540 343
19540 345
19540 374
19540 465
19540 466
19540 101
19540 117
19540 183
19540 438
19540 458
19540 462
19540 7
19540 177
19540 184
19540 268
19540 361
19540 385
19540 403
19540 449
19540 450
19540 65
19540 66
19540 112
19540 154
19540 351
19540 427
19540 107
19540 382
19540 125
19540 464
19540 39
19540 142
19540 165
19540 249
19540 285
19540 364
19540 366
19540 387
19540 8
19540 26
19540 137
19540 261
19540 265
19540 294
19540 338
19540 352
19540 19
19540 27
19540 232
19540 280
19540 290
19540 299
19540 393
19540 41
19540 48
19540 89
19540 114
19540 133
19540 380
19540 391
19540 394
19540 431
19540 404
19540 406
19540 40
19540 86
19540 94
19540 98
19540 115
19540 155
19540 278
19540 419
19540 452
19540 1
19540 400
19540 413
19540 434
19540 76
19540 82
19540 120
19540 172
19540 190
19540 194
19540 237
19540 307
19540 335
19540 410
19540 30
19540 50
19540 128
19540 295
19540 360
19540 377
19540 384
19540 426
19540 442
19540 47
19540 79
19540 152
19540 206
19540 242
19540 255
19540 348
19540 358
19540 432
19540 148
19540 164
19540 425
19540 13
19540 139
19540 147
19540 157
19540 241
19540 253
19540 331
19540 386
19540 319
19540 342
19540 444
19540 24
19540 36
19540 56
19540 178
19540 201
19540 263
19540 275
19540 5
19540 140
19540 217
19540 222
19540 236
19540 259
19540 260
19540 277
19540 4
19540 9
19540 110
19540 149
19540 202
19540 305
19540 323
19540 443
19540 215
19540 435
19540 45
19540 428
19540 441
19540 31
19540 72
19540 90
19540 208
19540 286
19540 302
19540 321
19540 381
19540 11
19540 204
19540 228
19540 293
19540 339
19540 368
19540 375
19540 6
19540 103
19540 227
19540 238
19540 239
19540 314
19540 327
19540 213
19540 463
19540 467
19540 456
19540 468
19674 4
19674 15
19674 40
19674 60
19674 62
19674 30
19674 42
19674 64
19674 68
19674 75
19674 82
19674 23
19674 31
19674 88
19674 22
19674 26
19674 90
19674 2
19674 27
19674 34
19674 46
19674 19
19674 49
19674 59
19674 8
19674 91
19674 25
19674 78
19674 84
19674 92
19674 10
19674 18
19674 86
19674 89
19674 50
19674 71
19674 87
19674 94
19674 96
19674 0
19674 24
19674 52
19674 53
19674 73
19674 74
19674 77
19692 287
19692 428
19692 534
19692 544
19692 299
19692 312
19692 371
19692 18
19692 64
19692 106
19692 136
19692 224
19692 279
19692 311
19692 327
19428 49
19428 51
19428 65
19428 90
19428 121
19428 154
19428 198
19428 257
19428 42
19428 66
19428 112
19428 117
19428 139
19428 145
19428 146
19428 225
19428 41
19428 43
19428 96
19428 109
19428 134
19428 185
19428 215
19428 216
19428 220
19428 262
19428 68
19428 267
19428 272
19428 258
19428 21
19428 32
19428 52
19428 56
19428 83
19428 89
19428 92
19428 195
19428 233
19428 249
19428 129
19428 167
19428 234
19428 260
19428 55
19428 59
19428 93
19428 142
19428 156
19428 171
19428 175
19428 237
19428 61
19428 74
19428 144
19428 166
19428 187
19428 206
19428 211
19428 14
19428 71
19428 131
19428 176
19428 178
19428 221
19428 227
19428 235
19428 53
19428 91
19428 108
19428 199
19428 268
19428 28
19428 73
19428 124
19428 152
19428 200
19428 203
19428 223
19428 224
19428 259
19428 261
19428 170
19428 264
19428 266
19428 263
19428 273
19428 113
19428 242
19428 20
19428 60
19428 247
19428 5
19428 23
19428 70
19428 101
19428 106
19428 194
19428 202
19428 209
19428 13
19428 22
19428 45
19428 63
19428 80
19428 153
19428 172
19428 213
19428 2
19428 12
19428 50
19428 82
19428 110
19428 169
19428 230
19428 15
19428 18
19428 25
19428 47
19428 48
19428 58
19428 62
19428 111
19428 140
19428 143
19428 277
19428 75
19428 126
19008 102
19023 15
19023 18
19023 79
19023 119
19023 147
19023 174
19023 14
19023 53
19023 58
19023 142
19023 228
19023 40
19023 66
19023 71
19023 89
19023 104
19023 149
19023 12
19023 25
19023 30
19023 77
19023 100
19023 108
19023 42
19023 87
19023 116
19023 127
19023 159
19023 162
19023 163
19023 195
19023 204
19023 76
19023 114
19023 184
19023 205
19023 218
19023 62
19023 137
19023 199
19023 236
19023 0
19023 39
19023 101
19023 136
19023 155
19023 215
19023 69
19023 72
19023 82
19023 153
19023 201
19023 5
19023 31
19023 51
19023 115
19023 151
19023 196
19023 1
19023 64
19023 95
19023 102
19023 131
19023 173
19023 43
19023 60
19023 154
19023 172
19023 211
19023 4
19023 8
19023 47
19023 213
19023 11
19023 49
19023 65
19023 169
19023 197
19023 20
19023 28
19023 59
19023 83
19023 91
19023 135
19023 146
19023 33
19023 63
19023 81
19023 85
19023 145
19023 164
19023 129
19023 188
19023 191
19023 227
19023 232
19023 22
19023 111
19023 120
19023 212
19023 214
19698 2
19698 4
19698 7
19698 8
19698 9
19698 11
19698 13
19698 12
19698 14
19698 0
19698 1
19698 3
19698 5
19698 6
19698 10
19673 109
19673 131
19673 140
19673 145
19673 65
19673 136
19673 139
19673 27
19673 36
19673 68
19673 90
19673 91
19673 110
19673 39
19673 121
19673 132
19673 5
19673 26
19673 120
19673 135
19673 28
19673 44
19673 46
19673 88
19673 103
19673 0
19673 24
19673 57
19673 63
19673 79
19673 52
19673 73
19673 101
19673 104
19673 146
19673 7
19673 19
19673 31
19673 113
19673 143
19673 92
19673 95
19673 126
19673 138
19673 141
19673 17
19673 34
19673 75
19673 82
19673 89
19673 118
19673 13
19673 30
19673 35
19673 38
19673 125
19673 25
19673 37
19673 47
19673 60
19673 111
19673 85
19673 122
19673 123
19673 142
19673 9
19673 11
19673 48
19673 81
19673 86
19443 10
19443 24
19443 84
19443 95
19443 141
19443 150
19600 1
19600 3
19600 10
19600 19
19600 22
19600 33
19600 29
19600 35
19600 0
19600 7
19600 24
19600 25
19600 27
19600 31
19711 9
19711 11
19711 15
19711 31
19711 36
19711 67
19711 70
19711 77
19711 82
19711 96
19711 99
19711 107
19711 6
19711 8
19711 10
19711 13
19711 24
19711 32
19711 44
19711 3
19711 16
19711 22
19711 25
19711 26
19711 28
19711 42
19711 1
19711 4
19711 5
19711 30
19711 46
19711 47
19711 48
19711 89
19711 110
19711 117
19711 118
19711 56
19711 68
19711 94
19711 98
19711 100
19711 111
19711 78
19711 80
19711 83
19711 112
19711 7
19711 20
19711 45
19711 49
19711 92
19711 101
19711 106
19711 115
19711 116
19636 27
19636 28
19636 29
19636 32
19636 33
19636 7
19636 8
19636 9
19636 10
19636 11
19636 24
19636 34
19636 0
19636 2
19636 3
19636 4
19636 5
19636 22
19636 23
19636 26
19636 35
19460 96
19460 7
19460 9
19460 18
19460 33
19460 40
19460 48
19460 54
19460 68
19460 5
19460 14
19460 41
19460 56
19460 59
19460 60
19460 66
19460 71
19460 95
19460 102
18965 26
18965 29
18965 53
18965 59
18965 66
18965 90
18965 11
18965 64
19513 57
19513 63
19513 127
19513 158
19513 193
19513 213
19513 302
19513 341
19513 394
19513 62
19513 125
19513 248
19513 281
19513 291
19513 413
19513 442
19513 7
19513 16
19513 22
19513 26
19513 27
19513 43
19513 46
19513 53
19513 94
19513 232
19513 245
19513 251
19513 259
19513 265
19513 372
19513 397
19513 405
19560 3
19560 27
19560 32
19560 54
19560 83
19560 6
19560 7
19560 25
19560 30
19560 31
19560 15
19560 34
19560 43
19560 50
19560 75
19560 13
19560 23
19560 36
19560 42
19560 52
19560 67
19560 69
19560 11
19560 40
19560 84
19560 85
19560 1
19560 8
19560 46
19560 73
19560 29
19560 74
19560 81
19560 87
19560 9
19560 22
19560 28
19560 64
19560 68
19560 33
19560 61
19560 76
19560 86
19560 14
19560 17
19560 18
19560 19
19560 63
19560 65
19560 26
19560 39
19560 66
19560 70
19560 72
19560 80
19560 0
19560 5
19560 38
19560 53
19560 55
19560 62
19560 56
19560 78
19560 82
19560 88
19603 59
19603 202
19603 217
19603 36
19603 140
19603 184
19603 203
19603 63
19603 192
19603 199
19603 70
19603 112
19603 145
19603 164
19603 191
19603 49
19603 57
19603 116
19603 143
19603 148
19603 163
19603 1
19603 34
19603 74
19603 77
19603 94
19603 135
19603 75
19603 101
19603 144
19603 152
19603 154
19603 155
19603 64
19603 161
19603 166
19603 210
19603 10
19603 54
19603 60
19603 120
19603 172
19603 173
19603 9
19603 22
19603 38
19603 205
19603 17
19603 125
19603 177
19603 187
19603 7
19603 21
19603 118
19603 146
19603 170
19603 42
19603 61
19603 85
19603 195
19603 11
19603 55
19603 81
19603 105
19603 115
19603 132
19603 182
19603 43
19603 134
19603 167
19603 215
19603 14
19603 45
19603 78
19603 62
19603 97
19603 102
19603 151
19603 159
19603 183
18999 40
18999 42
18999 46
18999 47
18999 49
18999 27
18999 33
18999 38
18999 41
19009 19
19009 40
19009 43
19009 58
19009 63
19009 22
19009 41
19009 81
19009 86
19009 92
19009 9
19009 51
19009 64
19009 76
19009 79
19009 96
19009 1
19009 18
19009 48
19009 54
19009 90
19009 97
19009 7
19009 72
19009 80
19009 83
19009 84
19009 12
19009 16
19009 46
19009 85
19009 20
19009 28
19009 30
19009 88
19009 5
19009 6
19009 27
19009 36
19009 52
19009 56
19009 69
19009 74
19009 91
19009 2
19009 31
19009 39
19009 53
19009 94
19009 23
19009 34
19009 60
19009 70
19009 3
19009 4
19009 62
19009 93
19664 28
19664 80
19664 94
19664 113
19664 128
19664 134
19664 11
19664 32
19664 41
19664 98
19664 103
19664 129
19664 138
19664 49
19664 58
19664 64
19664 107
19664 117
19664 120
19664 116
19664 147
19664 152
19664 175
19664 48
19664 145
19664 150
19664 169
19664 7
19664 24
19664 34
19664 104
19664 124
19664 163
19664 20
19664 31
19664 76
19664 108
19664 178
19664 9
19664 42
19664 97
19664 159
19664 10
19664 63
19664 95
19664 114
19664 127
19664 144
19664 90
19664 179
19664 6
19664 65
19664 83
19664 92
19664 102
19664 133
19664 12
19664 30
19664 38
19664 82
19664 143
19664 162
19664 17
19664 85
19664 93
19664 96
19664 99
19664 121
19664 43
19664 57
19664 148
19664 172
19664 173
19664 183
19664 33
19664 50
19664 51
19664 73
19664 88
19664 101
19664 40
19664 170
19664 185
19664 187
19664 13
19664 29
19664 131
19664 167
19664 8
19664 15
19664 21
19664 27
19664 155
19664 176
19664 2
19664 44
19664 47
19664 60
19664 68
19664 142
19664 0
19664 19
19664 23
19664 164
19664 171
19664 59
19664 106
19664 157
19664 14
19664 91
19664 100
19664 110
19664 115
19664 119
19664 125
19664 149
19664 154
19664 177
19664 5
19664 79
19664 132
19664 151
19664 18
19664 71
19664 86
19664 109
19664 1
19664 36
19664 72
19664 122
19664 140
19664 166
19664 168
19664 39
19664 81
19664 160
19664 186
19664 26
19664 46
19664 78
19664 84
19664 89
19664 22
19664 54
19664 61
19664 62
19664 137
19664 141
19664 182
19664 184
19664 56
19664 77
19664 87
19664 118
19664 4
19664 181
19664 35
19664 135
19664 136
19664 146
19664 25
19664 53
19664 75
19664 105
19664 111
19664 123
19664 126
19488 9
19488 14
19488 63
19488 94
19488 98
19488 163
19488 165
19488 171
19488 191
19488 184
19488 192
19488 199
19621 73
19621 119
19621 185
19621 195
19621 19
19621 60
19621 126
19621 131
19621 136
19621 214
19621 142
19621 155
19621 161
19621 202
19621 207
19621 12
19621 62
19621 82
19621 93
19621 9
19621 43
19621 165
19621 11
19621 22
19621 45
19621 69
19621 55
19621 104
19621 115
19621 232
19621 31
19621 61
19621 84
19621 120
19621 204
19621 226
19621 41
19621 79
19621 139
19621 167
19621 3
19621 51
19621 117
19621 158
19621 205
19621 34
19621 59
19621 124
19621 144
19621 48
19621 149
19621 178
19621 212
19621 231
19621 47
19621 50
19621 90
19621 151
19621 168
19621 173
19621 180
18984 128
18984 38
18984 75
18984 91
18984 99
18984 61
18984 49
18984 85
18984 98
18984 115
18984 68
18984 74
18984 87
18984 90
18984 102
18984 30
18984 34
18984 86
18984 112
18984 122
18984 25
18984 41
18984 42
18984 47
18984 48
18984 24
18984 31
18984 46
18984 71
18984 105
18984 6
18984 10
18984 14
18984 18
18984 1
18984 15
18984 20
18984 21
18984 26
18984 44
18984 104
18984 127
18984 130
18984 39
18984 59
18984 84
18984 92
18984 131
18984 125
18984 106
18984 43
18984 57
18984 97
18984 123
18984 28
18984 40
18984 51
18984 62
18984 77
19513 391
19513 157
19513 346
19513 429
19513 102
19513 146
19513 169
19513 195
19513 276
19513 294
19513 345
19513 353
19513 418
19513 149
19513 174
19513 181
19513 197
19513 272
19513 283
19513 387
19513 376
19513 445
19513 124
19513 254
19513 295
19513 322
19513 377
19513 437
19513 454
19513 89
19513 108
19513 179
19513 187
19513 258
19513 287
19513 310
19513 428
19513 362
19513 438
19513 448
19513 19
19513 33
19513 44
19513 6
19513 8
19513 15
19513 18
19513 32
19513 36
19513 40
19513 41
19513 257
19513 317
19513 85
19513 123
19513 132
19513 215
19513 252
19513 262
19513 337
19513 368
19513 97
19513 134
19513 231
19513 237
19513 366
19513 395
19513 407
19513 420
19513 307
19513 467
19513 70
19513 139
19513 184
19513 238
19513 249
19513 271
19513 289
19513 427
19513 96
19513 109
19513 140
19513 166
19513 201
19513 282
19513 340
19513 431
19513 430
19513 450
19513 203
19513 357
19513 59
19513 228
19513 242
19513 263
19513 409
19513 416
19513 424
19513 449
19513 0
19513 1
19513 2
19513 12
19513 35
19513 37
19513 50
19513 87
19513 106
19513 131
19513 152
19513 198
19513 229
19513 343
19513 388
19513 468
19513 472
19513 162
19513 318
19513 320
19513 371
19513 400
19513 410
19513 73
19513 301
19513 463
19513 470
19513 473
19513 171
19513 188
19513 204
19513 230
19513 241
19513 247
19513 326
19513 422
19513 293
19513 458
19513 121
19513 182
19513 269
19513 303
19513 306
19513 331
19513 373
19513 172
19513 330
19513 150
19513 361
19513 432
19513 143
19513 167
19513 186
19513 224
19513 225
19513 288
19513 297
19513 350
19513 384
19513 381
19513 443
19513 211
19513 226
19513 250
19513 313
19513 333
19513 336
19513 339
19513 222
19513 380
19513 451
19513 120
19513 142
19513 408
19513 457
19513 462
19513 82
19513 107
19513 298
19513 319
19513 365
19513 385
19513 417
19513 112
19513 151
19513 154
19513 156
19513 190
19513 236
19513 243
19513 338
19513 58
19513 261
19513 363
19513 354
19513 403
19712 53
19712 54
19712 98
19712 149
19712 280
19712 299
19712 68
19712 242
19712 373
19712 400
19712 222
19712 259
19712 365
19712 407
19712 323
19712 392
19712 409
19712 70
19712 93
19712 106
19712 138
19712 216
19712 237
19712 18
19712 241
19712 253
19712 302
19712 431
19712 61
19712 97
19712 168
19712 182
19712 184
19712 288
19712 368
19058 7
19058 8
19058 13
19058 17
19058 27
19048 213
19048 21
19048 28
19048 44
19048 117
19048 200
19048 215
19496 390
19496 477
18990 132
18990 8
18990 36
18990 88
18990 102
18990 30
18990 75
18990 78
18990 109
18990 134
18990 15
18990 19
18990 81
18990 105
18990 112
18990 63
18990 76
18990 118
18990 119
18990 126
18990 49
18990 71
18990 83
18990 95
18990 103
18990 0
18990 54
18990 59
18990 85
18990 47
18990 92
18990 93
18990 115
18990 31
18990 73
18990 97
18990 123
18990 17
18990 41
18990 66
18990 68
18990 23
18990 60
18990 133
18990 135
18990 77
18990 11
18990 80
18990 82
18990 84
18990 96
18990 122
18990 125
18990 7
18990 24
18990 52
18990 56
18990 62
18990 89
18990 1
18990 27
18990 61
18990 72
18990 9
18990 40
18990 67
18990 86
19712 107
19712 117
19712 129
19712 159
19712 191
19712 294
19712 303
19712 14
19712 67
19712 114
19712 126
19712 321
19712 56
19712 82
19712 240
19712 420
19712 78
19712 146
19712 173
19712 183
19712 286
19712 346
19682 245
19682 258
19682 259
19682 264
19682 20
19682 76
19682 124
19682 154
19682 159
19682 193
19682 28
19682 71
19682 85
19682 91
19682 122
19682 189
19682 39
19682 93
19682 138
19682 142
19682 183
19682 3
19682 111
19682 143
19682 231
19682 168
19682 177
19682 228
19682 261
19682 29
19682 219
19682 241
19682 23
19682 53
19682 55
19682 169
19682 224
19682 263
19682 116
19682 158
19682 196
19682 203
19682 72
19682 230
19682 255
19682 256
19682 11
19682 103
19682 238
19682 249
19682 117
19682 174
19682 218
19682 2
19682 13
19682 172
19682 198
19682 229
19682 66
19682 133
19682 166
19682 248
19682 25
19682 50
19682 57
19682 77
19682 153
19682 165
19682 213
19682 35
19682 64
19682 80
19682 99
19682 132
19682 199
19682 36
19682 65
19682 105
19682 236
19682 49
19682 100
19682 195
19682 68
19682 70
19682 127
19682 151
19682 173
19682 21
19682 30
19682 125
19682 155
19459 189
19459 385
19459 242
19459 263
19459 269
19459 315
19459 320
19459 366
19459 412
19459 402
19459 205
19459 237
19459 311
19459 342
19459 415
19459 427
19459 441
19459 239
19459 442
19459 446
19459 223
19459 297
19459 400
19459 208
19459 255
19459 293
19459 303
19459 359
19459 388
19459 389
19459 433
19459 231
19459 233
19459 247
19459 256
19459 278
19459 305
19459 312
19459 345
19459 375
19459 9
19459 27
19459 29
19459 37
19459 48
19459 51
19459 132
19459 138
19459 222
19459 238
19459 299
19459 307
19459 361
19459 368
19459 390
19459 407
19459 453
19459 280
19459 33
19459 64
19459 82
19459 98
19459 110
19459 111
19459 190
19459 194
19459 254
19459 265
19459 338
19459 348
19459 374
19459 454
19459 474
19459 475
19459 462
19459 473
19459 199
19459 225
19459 258
19459 262
19459 308
19459 332
19459 408
19459 411
19459 226
19459 463
19459 468
19459 176
19459 282
19459 328
19459 340
19459 355
19459 378
19459 387
19459 392
19459 423
19459 437
19459 53
19459 97
19459 135
19459 156
19459 177
19459 202
19459 203
19459 214
19459 245
19459 259
19459 294
19459 319
19459 383
19459 50
19459 45
19459 81
19459 40
19459 65
19459 71
19459 87
19459 116
19459 152
19459 163
19459 167
19459 169
19459 469
19459 72
19459 91
19459 92
19459 131
19459 143
19459 149
19459 161
19459 174
19459 188
19459 253
19459 201
19459 209
19459 268
19459 346
19459 369
19459 381
19459 403
19459 248
19459 252
19459 395
19459 401
19459 4
19459 15
19459 68
19459 70
19459 75
19459 89
19459 94
19459 139
19459 10
19459 18
19459 42
19459 52
19459 99
19459 108
19459 113
19459 119
19459 128
19459 213
19459 291
19459 321
19459 337
19459 343
19459 373
19459 416
19459 424
19459 0
19459 186
19459 187
19459 17
19459 49
19459 54
19459 58
19459 61
19459 69
19459 137
19459 166
19459 472
19459 124
19459 129
19459 261
19459 445
19459 363
19459 455
19459 292
19459 425
19459 181
19459 183
19459 151
19459 171
19459 250
19459 251
19459 271
19459 372
19459 384
19459 413
19459 444
19459 447
19459 3
19459 7
19459 14
19459 16
19459 32
19459 34
19459 142
19459 184
19459 185
19459 76
19685 17
19685 44
19685 48
19685 57
19685 84
19685 102
19685 31
19685 45
19685 52
19685 53
19685 67
19685 97
19685 10
19685 93
19685 95
19685 16
19685 30
19685 43
19685 51
19685 55
19685 81
19685 8
19685 21
19685 36
19685 49
19685 70
19685 72
19685 74
19685 79
19685 112
19685 113
19434 411
19434 187
19434 232
19434 261
19434 371
19434 403
19434 416
19434 436
19434 296
19434 473
19434 152
19434 214
19434 307
19434 315
19434 434
19434 452
19434 478
19434 487
19434 3
19434 7
19434 15
19434 25
19434 37
19434 64
19434 99
19434 126
19434 219
19434 234
19434 323
19434 346
19434 395
19434 455
19434 501
19434 520
19434 534
19434 221
19434 317
19434 318
19434 365
19434 386
19434 405
19434 414
19434 459
19015 129
19015 339
19015 446
19015 470
19015 97
19015 123
19015 148
19015 433
19015 8
19015 169
19015 281
19015 500
19015 83
19015 532
19015 598
19015 599
19015 40
19015 79
19015 242
19015 403
19015 418
19015 18
19015 283
19015 465
19015 594
19015 180
19015 206
19015 301
19015 410
19015 102
19015 163
19015 84
19015 451
19015 243
19015 511
19015 526
19015 548
19015 577
19015 637
19015 645
19015 5
19015 107
19015 135
19015 143
19015 456
19015 111
19015 557
19015 225
19015 226
19015 495
19015 509
19015 313
19015 644
18997 8
18997 78
18997 100
18997 0
18997 22
18997 31
18997 126
18997 196
19637 25
19637 35
19637 37
19637 92
19637 14
19637 55
19637 56
19637 67
19637 72
19637 100
19637 13
19637 74
19637 107
19637 111
19637 115
19637 47
19637 77
19637 84
19637 114
19637 120
19637 5
19637 16
19637 40
19637 76
19637 94
19637 34
19637 43
19637 53
19637 65
19637 89
19637 101
19637 12
19637 18
19637 32
19637 59
19637 61
19637 63
19637 11
19637 27
19637 46
19637 103
19637 112
19637 113
19637 42
19637 104
19637 106
19637 119
19637 1
19637 9
19637 10
19637 64
19637 2
19637 3
19637 6
19637 66
19637 78
19637 30
19637 116
19637 44
19637 83
19637 85
19637 86
19637 96
19637 99
19637 8
19637 21
19637 29
19637 118
19637 22
19637 49
19637 51
19637 71
19637 95
19637 97
19046 43
19046 44
19046 46
19046 51
19046 52
19046 62
19046 12
19046 13
19046 17
19046 20
19713 135
19713 178
19713 196
19713 205
19713 290
19713 327
19713 345
19713 426
19713 216
19713 262
19713 276
19713 311
19713 335
19713 337
19713 361
19713 395
19713 187
19713 221
19713 283
19713 407
19713 446
19713 16
19713 26
19713 48
19713 49
19713 61
19713 96
19713 146
19713 234
19713 242
19713 316
19713 406
19713 247
19713 351
19713 384
19713 0
19713 1
19713 17
19713 20
19713 50
19713 58
19713 116
19713 167
19713 171
19713 200
19713 209
19713 228
19713 306
19713 347
19713 15
19713 23
19713 25
19713 34
19713 60
19713 98
19713 268
19713 372
19713 397
19713 403
19713 128
19713 184
19713 387
19713 390
19713 416
19713 220
19713 241
19713 255
19713 260
19713 338
19713 412
19713 100
19713 123
19713 126
19713 2
19713 35
19713 54
19713 67
19713 71
19713 147
19713 232
19713 265
19713 334
19713 341
19713 374
19713 129
19713 139
19713 150
19713 217
19713 294
19713 309
19713 381
19713 160
19713 225
19713 163
19713 179
19713 191
19713 303
19713 380
19713 182
19713 274
19713 295
19713 348
19713 370
19713 437
19713 151
19713 173
19713 203
19713 244
19713 291
19713 254
19713 288
19713 301
19713 313
19713 315
19713 343
19713 355
19713 362
19713 10
19713 68
19713 80
19713 88
19713 261
19713 287
19713 420
19713 442
19713 443
19713 132
19713 177
19713 197
19713 325
19713 358
19713 382
19713 138
19713 410
19713 431
19713 239
19713 297
19713 356
19713 400
19713 156
19713 226
19713 273
19713 300
19713 414
19713 12
19713 14
19713 30
19713 33
19713 36
19713 101
19713 127
19713 201
19713 213
19713 438
19713 440
19713 444
19713 445
19713 143
19713 152
19713 159
19713 270
19713 432
19686 144
19686 186
19686 229
19686 237
19686 3
19686 106
19686 112
19686 119
19686 125
19686 141
19686 153
19686 165
19686 88
19686 99
19686 104
19686 157
19686 158
19686 198
18984 36
18984 81
18984 103
18984 111
18984 114
19446 447
19446 451
19446 453
19446 457
19499 3
19499 11
19499 27
19499 31
19499 36
19499 55
19499 58
19499 61
19499 67
19065 3
19065 14
19065 21
19065 33
19065 34
19065 35
19065 41
19065 44
19065 102
19065 115
19065 123
19065 128
19065 2
19065 25
19065 39
19065 40
19065 57
19065 67
19065 127
19065 135
19065 171
19065 186
19582 422
19582 428
19582 490
19582 502
19582 2
19582 9
19582 13
19582 19
19582 33
19582 35
19582 89
19582 91
19582 103
19582 107
19582 145
19582 319
19582 10
19582 16
19582 49
19582 54
19582 14
19582 15
19582 22
19582 30
19582 50
19582 53
19582 57
19582 370
19582 410
19582 412
19582 446
19582 480
19582 509
19582 106
19582 150
19582 265
19582 287
19582 301
19582 500
19582 501
19582 505
19582 511
19582 377
19582 402
19582 415
19582 464
19582 494
19582 122
19582 159
19582 170
19582 193
19582 238
19582 268
19582 0
19582 4
19582 5
19582 29
19582 38
19582 39
19582 81
19582 123
19582 125
19582 271
19582 317
19582 375
19582 447
19582 492
19582 510
19582 373
19582 383
19582 395
19582 430
19582 448
19582 453
19582 466
19582 495
19582 503
19582 508
19582 390
19582 391
19582 411
19582 449
19582 463
19582 481
19582 100
19582 255
19582 327
19582 347
19582 69
19582 211
19582 244
19582 267
19582 313
19582 173
19582 195
19582 222
19582 235
19582 294
19582 406
19582 416
19582 476
19582 488
19582 76
19582 283
19582 353
19582 358
19582 349
19582 352
19582 407
19582 420
19582 454
19582 456
19582 475
19582 485
19582 77
19582 87
19582 152
19582 258
19582 272
19582 75
19582 88
19582 135
19582 163
19582 216
19582 292
19582 126
19582 181
19582 248
19582 332
19582 346
19582 79
19582 118
19582 156
19582 205
19582 252
19582 304
19582 379
19582 419
19582 432
19582 474
19582 482
19582 405
19582 426
19582 450
19582 487
19582 499
19582 385
19582 388
19582 408
19582 427
19582 435
19582 452
19582 71
19582 112
19582 191
19582 229
19582 274
19582 93
19582 119
19582 134
19582 151
19582 249
19582 63
19582 105
19582 174
19582 189
19582 226
19582 289
19582 110
19582 245
19582 286
19582 324
19582 345
19582 72
19582 161
19582 165
19582 186
19582 207
19582 277
19582 247
19582 270
19582 350
19582 362
19582 64
19582 140
19582 153
19582 282
19430 33
19430 70
19430 118
19430 186
19430 198
19430 294
19430 297
19430 7
19430 366
19430 340
19430 347
19659 136
19659 267
19659 271
19659 154
19659 277
19659 304
19659 314
19659 317
19659 180
19659 217
19659 312
19659 408
19659 421
19659 493
19659 505
19659 354
19659 396
19659 407
19659 487
19659 489
19659 424
19659 558
19659 30
19659 78
19659 108
19659 127
19659 135
19659 11
19659 61
19659 131
19659 175
19659 212
19659 246
19009 0
19009 57
19009 61
19009 66
19467 222
19467 316
19467 325
19467 181
19467 575
19467 218
19467 294
19467 390
19467 407
19467 409
19467 414
19467 429
19467 461
19467 106
19467 128
19467 180
19467 186
19467 189
19467 200
19467 211
19467 213
19467 235
19467 241
19467 203
19467 210
19467 360
19467 417
19467 419
19467 483
19467 499
19467 535
19467 154
19467 0
19467 11
19467 39
19467 72
19467 81
19467 86
19467 115
19467 145
19467 179
19467 542
19467 559
19467 1
19467 17
19467 151
19467 165
19467 166
19467 548
19467 167
19467 574
19467 9
19467 14
19467 42
19467 54
19467 59
19467 104
19467 125
19467 16
19467 47
19467 58
19467 74
19467 92
19467 135
19467 149
19467 564
19467 568
19467 2
19467 10
19467 45
19467 50
19467 64
19467 71
19467 83
19467 277
19467 288
19467 309
19467 317
19467 322
19467 327
19467 353
19467 96
19467 132
19467 157
19467 400
19467 512
19467 521
19467 305
19467 368
19467 380
19467 454
19467 473
19467 475
19467 508
19467 410
19467 464
19467 190
19467 216
19467 256
19467 273
19467 332
19467 397
19467 437
19467 459
19467 195
19467 258
19467 340
19467 13
19467 25
19467 32
19467 57
19467 67
19467 93
19467 111
19467 148
19467 229
19467 526
19467 546
19467 276
19467 293
19467 302
19467 344
19467 372
19467 373
19467 385
19467 426
19467 196
19467 220
19467 268
19467 375
19467 401
19467 420
19467 448
19467 485
19467 19
19467 29
19467 34
19467 52
19467 61
19467 65
19467 94
19467 139
19467 182
19467 363
19467 467
19467 233
19467 403
19467 377
19467 487
19467 545
19467 232
19467 248
19467 297
19467 304
19467 386
19467 522
19467 558
19467 217
19467 265
19467 280
19467 359
19467 423
19467 452
19467 6
19467 46
19467 55
19467 60
19467 69
19467 91
19467 107
19467 121
19467 158
19467 194
19467 201
19467 202
19467 228
19467 267
19467 438
19467 451
19467 456
19467 531
19467 18
19467 20
19467 53
19467 77
19467 97
19467 103
19467 108
19467 120
19467 176
19467 206
19467 240
19467 199
19467 237
19467 246
19467 259
19467 264
19467 274
19467 418
19467 513
19467 537
19467 255
19467 292
19467 311
19467 337
19467 415
19467 446
19467 493
19467 534
19467 43
19467 171
19467 163
19467 187
19467 366
19467 56
19467 112
19467 205
19467 242
19467 266
19467 369
19467 391
19467 399
19467 425
19467 439
19467 443
19467 411
19467 527
19467 543
19467 563
19467 183
19467 244
19467 249
19467 318
19467 342
19467 469
19467 514
19467 520
19467 15
19467 38
19467 75
19467 78
19467 98
19467 105
19467 146
19467 162
19467 8
19467 21
19467 22
19467 30
19467 84
19467 129
19467 130
19467 138
19467 291
19467 335
19467 338
19467 361
19467 413
19467 432
19467 553
19467 554
19467 484
19749 0
19749 101
19749 114
19082 1
19082 7
19082 9
19082 21
19082 35
19082 39
19082 51
19082 2
19082 19
19082 22
19082 25
19082 43
19082 50
19082 3
19082 4
19082 15
19082 37
19082 14
19082 27
19082 38
19082 41
19082 45
19523 12
19523 18
19523 64
19523 80
19523 76
19523 7
19523 41
19523 81
19523 5
19523 34
19523 42
19523 47
19523 66
19523 69
19523 75
19523 8
19523 33
19523 37
19523 53
19523 54
19523 60
19523 71
19523 72
19523 16
19523 29
19523 31
19523 35
19523 40
19523 63
19523 70
19523 74
19523 11
19523 14
19523 23
19523 36
19523 51
19523 52
19523 56
19523 58
19523 85
19451 275
19451 523
19451 179
19451 311
19451 393
19451 427
19451 430
19451 449
19451 456
19451 33
19451 41
19451 43
19451 56
19451 64
19451 73
19451 89
19451 115
19451 142
19451 145
19451 229
19451 251
19451 308
19451 318
19451 330
19451 345
19451 369
19451 503
19451 172
19451 192
19451 267
19451 290
19451 310
19451 320
19451 444
19451 509
19451 511
19451 143
19451 200
19451 288
19451 347
19451 487
19451 522
19451 524
19451 208
19451 453
19451 151
19451 206
19451 246
19451 303
19451 306
19451 423
19451 448
19451 488
19451 167
19451 222
19451 249
19451 391
19451 392
19451 410
19451 425
19451 467
19451 471
19451 3
19451 35
19451 39
19451 44
19451 50
19451 84
19451 85
19451 86
19451 92
19451 144
19451 276
19451 307
19451 352
19451 386
19451 394
19451 437
19451 476
19451 146
19451 166
19451 188
19451 191
19451 328
19451 436
19451 466
19451 504
19451 12
19451 20
19451 27
19451 54
19451 94
19451 98
19451 189
19451 226
19451 230
19451 254
19451 285
19451 382
19451 387
19451 424
19451 63
19451 72
19451 1
19451 21
19451 49
19451 57
19451 70
19451 110
19451 133
19451 135
19451 2
19451 24
19451 40
19451 45
19451 55
19451 128
19451 137
19451 138
19451 368
19451 489
19451 497
19451 401
19451 475
19451 505
19451 103
19451 31
19451 87
19451 91
19451 117
19451 150
19451 153
19451 170
19451 205
19451 214
19451 235
19451 331
19451 10
19451 34
19451 83
19451 129
19451 201
19451 274
19451 319
19451 360
19451 441
19451 454
19451 460
19451 513
19451 518
19451 185
19451 484
19451 500
19451 17
19451 25
19451 26
19451 30
19451 60
19451 111
19451 122
19451 158
19451 317
19451 160
19451 212
19451 284
19451 292
19451 334
19451 341
19451 461
19451 463
19451 491
19451 272
19451 508
19451 397
19451 16
19451 23
19451 48
19451 65
19451 108
19451 121
19451 131
19451 186
19451 198
19451 293
19451 377
19451 381
19451 416
19451 459
19451 472
19451 479
19451 152
19451 187
19451 209
19451 253
19451 298
19451 356
19451 361
19451 483
19451 139
19451 262
19451 490
19451 156
19451 178
19451 213
19451 228
19451 261
19451 333
19451 373
19451 405
19451 412
19451 528
19451 19
19451 81
19451 219
19451 322
19451 247
19451 431
19451 464
19451 260
19451 313
19451 337
19451 364
19451 383
19451 482
19451 496
19008 105
19008 78
19008 7
19008 51
19008 66
19008 97
19008 106
19008 34
19008 38
19008 49
19008 79
19008 5
19008 16
19008 53
19008 72
19008 85
19008 18
19008 28
19008 54
19008 55
19008 59
19008 27
19008 40
19008 81
19008 101
19008 104
19008 6
19008 35
19008 45
19008 69
19008 52
19008 58
19008 67
19008 95
19008 96
19008 100
19008 111
19008 65
19008 103
19008 1
19008 8
19008 39
19008 80
19008 9
19008 14
19008 26
19008 74
19008 98
19008 12
19008 63
19008 77
19008 82
19008 108
19447 8
19447 21
19447 27
19447 49
19447 54
19447 55
19447 67
19438 4
19438 6
19438 50
19438 59
19438 118
19438 126
19438 142
19438 145
19438 148
19438 11
19438 15
19438 54
19438 56
19438 71
19438 107
19438 144
19438 22
19438 137
19438 147
19438 133
19438 44
19438 82
19438 85
19438 86
19438 87
19438 110
19438 127
19438 146
19438 152
19438 3
19438 8
19438 12
19438 75
19438 99
19438 108
19438 113
19438 117
19438 134
19438 138
19438 154
19438 14
19438 37
19438 100
19438 156
19438 27
19438 34
19438 102
19438 116
19438 119
19438 122
19438 124
19438 1
19438 132
19438 141
19438 23
19438 120
19438 151
19438 43
19438 65
19438 67
19438 78
19438 88
19438 98
19438 112
19438 139
19438 16
19438 29
19438 33
19438 62
19438 69
19438 104
19438 128
19438 13
19438 58
19438 121
19438 7
19438 48
19438 68
19438 114
19438 130
19438 150
19438 155
19008 0
19008 3
19008 20
19008 36
19008 89
19008 23
19008 46
19008 70
19008 73
19735 2
19735 27
19735 36
19735 40
19735 49
19735 31
19735 34
19735 37
19735 43
19735 47
19735 52
19735 7
19735 11
19735 33
19735 35
19735 48
19735 15
19735 19
19735 45
19571 25
19571 35
19571 83
19571 91
19571 136
19571 41
19571 105
19571 123
19571 129
19571 132
19571 16
19571 17
19571 36
19571 74
19571 12
19571 24
19571 43
19571 64
19571 96
19571 5
19571 134
19571 142
19571 145
19571 30
19571 46
19571 50
19571 102
19571 109
19571 121
19571 3
19571 72
19571 86
19571 128
19571 28
19571 39
19571 44
19571 98
19571 111
19571 4
19571 29
19571 52
19571 107
19571 118
19571 21
19571 33
19571 87
19571 89
19571 93
19571 133
19571 143
19571 146
19571 2
19571 9
19571 57
19571 71
19571 85
19571 1
19571 15
19571 22
19571 45
19571 100
19571 8
19571 14
19571 92
19571 95
19571 104
19571 116
19571 37
19571 40
19571 49
19571 88
19571 114
19571 19
19571 20
19571 31
19571 32
19571 67
19571 79
19571 81
19596 18
19596 21
19596 82
19596 93
19596 90
19596 91
19596 96
19596 97
19596 15
19596 31
19596 60
19596 79
19596 5
19596 20
19596 25
19596 36
19596 94
19596 10
19596 27
19596 55
19596 63
19596 67
19596 1
19596 3
19596 66
19596 77
19596 85
19596 87
19596 98
19657 0
19657 22
19657 96
19657 114
19657 141
19657 150
19657 152
19657 176
19532 23
19532 65
19532 70
19532 109
19532 119
19532 6
19532 22
19532 54
19532 60
19532 74
19532 183
19532 20
19532 34
19532 59
19532 64
19532 100
19532 169
19532 69
19532 129
19532 149
19532 154
19532 195
19532 27
19532 61
19532 133
19532 164
19532 1
19532 25
19532 26
19532 56
19532 188
19532 207
19532 210
19532 214
19532 221
19532 19
19532 98
19532 108
19532 120
19532 148
19532 182
19532 66
19532 111
19532 211
19532 29
19532 112
19532 127
19532 136
19532 141
19532 199
19532 203
19532 205
19532 213
19532 219
19532 93
19532 147
19532 163
19532 200
19532 217
19532 7
19532 33
19532 79
19532 90
19532 101
19532 186
19532 206
19532 117
19532 162
19532 167
19532 208
19532 110
19532 168
19532 202
19532 10
19532 11
19532 28
19532 145
19532 185
19532 192
19532 106
19532 114
19532 118
19532 184
19532 191
19532 37
19532 57
19532 78
19532 130
19532 0
19532 41
19532 72
19532 113
19532 126
19532 8
19532 30
19532 49
19532 75
19532 104
19532 143
19532 51
19532 52
19532 77
19532 132
19621 94
19621 109
19621 129
19621 172
19621 197
19621 224
19022 1
19022 9
19022 15
19022 28
19022 36
19022 7
19022 29
19022 33
19022 39
19022 43
19022 6
19022 12
19022 37
19423 459
19423 509
19423 185
19423 189
19423 232
19423 279
19423 394
19423 430
19423 506
19423 522
19423 527
19423 154
19423 192
19423 220
19423 360
19423 383
19423 473
19423 476
19423 516
19423 519
19423 202
19423 317
19423 344
19423 397
19423 411
19423 438
19423 446
19423 493
19423 145
19423 176
19423 231
19423 256
19423 319
19423 400
19423 434
19423 166
19423 182
19423 278
19423 310
19423 414
19423 426
19423 457
19423 475
19423 482
19423 124
19423 1
19423 36
19423 47
19423 92
19423 93
19423 116
19423 122
19423 160
19423 180
19423 190
19423 203
19423 241
19423 284
19423 297
19423 343
19423 386
19423 259
19423 286
19423 336
19423 356
19423 362
19423 409
19423 461
19423 255
19423 454
19423 63
19423 72
19423 99
19423 105
19423 126
19423 131
19423 135
19423 136
19423 139
19423 370
19423 513
19423 188
19423 314
19423 206
19423 263
19423 304
19423 311
19423 377
19423 380
19423 467
19423 472
19423 518
19423 528
19423 246
19423 489
19423 152
19423 196
19423 201
19423 225
19423 237
19423 239
19423 294
19423 299
19423 353
19423 233
19423 258
19423 503
19423 164
19423 335
19423 348
19423 396
19423 407
19423 431
19423 435
19423 494
19423 161
19423 235
19423 303
19423 328
19423 351
19423 384
19423 410
19423 465
19423 449
19423 236
19423 247
19423 277
19423 372
19423 390
19423 404
19423 433
19423 276
19423 283
19423 349
19423 361
19423 368
19423 423
19423 474
19423 488
19423 169
19423 305
19423 357
19423 382
19423 387
19423 413
19423 429
19423 29
19423 71
19423 249
19423 389
19423 424
19423 195
19423 490
19423 13
19423 22
19423 28
19423 81
19423 83
19423 91
19423 117
19423 125
19423 150
19423 466
19423 4
19423 18
19423 41
19423 50
19423 82
19423 95
19423 96
19423 104
19423 8
19423 15
19423 23
19423 30
19423 32
19423 60
19423 101
19423 119
19423 31
19423 48
19423 54
19423 57
19423 59
19423 74
19423 76
19423 134
19423 141
19423 181
19423 193
19423 321
19423 342
19423 346
19423 447
19423 464
19423 520
19423 146
19423 163
19423 213
19423 245
19423 341
19423 355
19423 376
19423 416
19423 56
19423 62
19423 112
19423 162
19423 170
19423 191
19423 230
19423 261
19423 338
19423 388
19423 442
19423 313
19423 470
19423 480
19423 159
19423 171
19423 178
19423 257
19423 289
19423 306
19423 331
19423 421
19423 219
19660 44
19660 59
19660 76
19660 78
19660 69
19660 74
19660 79
19660 21
19660 35
19660 37
19660 58
19660 68
19413 5
19413 23
19413 27
19413 40
19413 44
19413 46
19413 66
19413 67
19413 70
19413 15
19413 29
19413 39
19413 74
19413 77
19413 81
19413 85
19413 86
19413 88
19413 28
19413 48
19413 52
19413 3
19413 24
19413 60
19413 4
19413 9
19413 11
19413 17
19413 31
19413 51
19413 54
19413 22
19413 26
19413 42
19413 47
19413 53
19413 58
19413 63
19413 69
19413 62
19413 75
19413 80
19413 83
19413 79
19659 351
19659 450
19659 460
19659 509
19659 334
19659 344
19659 350
19659 447
19659 496
19659 514
19659 537
19659 21
19659 34
19659 88
19659 109
19659 199
19659 285
19659 74
19659 83
19659 98
19659 116
19659 134
19659 149
19659 259
19490 83
19490 194
19048 100
19048 236
19048 81
19048 83
19048 152
19048 233
19048 240
19048 73
19048 76
19048 85
19048 93
19048 138
19048 52
19048 55
19048 145
19048 190
19048 120
19048 192
19048 217
19048 231
19048 69
19048 61
19048 62
19048 68
19048 110
19048 176
19048 232
19048 106
19048 146
19048 185
19048 188
19048 67
19048 229
19048 36
19048 151
19048 179
19048 225
19048 234
19048 84
19048 126
19048 128
19048 147
19048 195
19048 25
19048 59
19048 202
19048 208
19048 226
19048 57
19048 80
19048 114
19048 181
19048 23
19048 26
19048 42
19048 170
19048 70
19048 78
19048 119
19048 123
19048 1
19048 4
19048 10
19048 121
19048 165
19048 6
19048 140
19048 194
19048 212
19048 158
19048 211
19048 35
19048 47
19048 182
19048 199
19048 2
19048 75
19048 209
19048 19
19048 41
19048 53
19048 167
19048 8
19048 99
19048 129
19048 207
19048 58
19048 111
19048 135
19048 168
19048 193
19048 239
19048 96
19048 196
19048 223
19048 227
19629 65
19629 68
19629 85
19629 94
19629 97
19629 3
19629 48
19629 52
19629 56
19629 70
19629 87
18970 5
18970 15
18970 17
18970 18
18970 20
18970 28
18970 53
18970 60
18970 74
18970 78
18970 102
18970 59
18970 75
18970 99
18970 101
18970 105
18970 36
18970 56
18970 61
18970 79
18970 80
18970 47
18970 51
18970 55
18970 62
18970 66
18970 108
18970 0
18970 2
18970 8
18970 19
18970 22
18970 33
18970 40
18970 43
18970 48
18970 58
18970 72
18970 76
18970 1
18970 6
18970 11
18970 23
19703 1
19703 62
19703 90
19703 124
19703 156
19703 49
19703 68
19703 145
19703 161
19703 177
19703 42
19703 52
19703 96
19703 109
19703 182
19703 74
19703 112
19703 117
19703 128
19703 137
19703 16
19703 50
19703 80
19703 119
19703 162
19703 181
19703 89
19703 103
19703 146
19703 171
19703 3
19703 188
19703 189
19703 193
19703 194
19703 28
19703 41
19703 56
19703 116
19703 135
19703 138
19703 30
19703 115
19703 184
19703 195
19703 13
19703 106
19703 160
19703 164
19703 183
19703 12
19703 31
19703 54
19703 83
19703 85
19703 104
19703 15
19703 26
19703 63
19703 67
19703 163
19703 6
19703 11
19703 20
19703 61
19703 178
19703 25
19703 72
19703 99
19703 113
19703 144
19703 4
19703 94
19703 133
19703 9
19703 191
19703 33
19703 98
19703 118
19703 134
19703 10
19703 82
19703 122
19703 123
19703 132
19703 153
19033 87
19033 175
19033 215
19033 235
19033 237
19033 44
19033 158
19033 211
19033 214
19033 270
19589 31
19589 51
19589 90
19589 100
19589 103
19734 16
19734 38
19734 43
19734 55
19734 85
19734 0
19734 8
19734 21
19734 24
19734 68
19734 73
18966 93
18966 131
18966 155
18966 165
19038 169
19038 424
19038 26
19038 42
19038 51
19038 54
19513 80
19513 233
19513 426
19513 3
19513 9
19513 11
19513 24
19513 25
19513 29
19513 47
19513 79
19513 200
19513 220
19513 253
19513 290
19513 349
19513 351
19513 398
19513 133
19513 170
19513 436
19513 54
19513 91
19513 235
19513 370
19513 435
19513 455
19513 456
19513 460
19513 471
19471 19
19471 26
19471 33
19471 46
19471 51
19471 65
19471 131
19471 135
19471 140
19471 143
19471 1
19471 10
19471 18
19471 55
19471 96
19471 134
19471 142
19038 8
19038 59
19038 92
19038 93
19038 94
19038 229
19038 394
19038 423
19038 172
19038 197
19038 384
19038 387
19038 440
19038 460
19038 466
19038 480
19038 555
19038 140
19038 144
19038 154
19038 210
19038 425
19038 47
19038 64
19038 67
19038 75
19038 89
19653 1
19653 21
19653 22
19653 27
19653 41
19653 56
19653 46
19653 18
19653 42
19653 52
19653 53
19718 86
19718 159
19718 240
19718 338
19718 421
19718 507
19718 74
19718 106
19718 136
19718 413
19718 440
19718 461
19718 172
19718 260
19718 321
19718 449
19718 472
19718 532
19718 80
19718 431
19718 529
19718 549
19718 579
19718 10
19718 34
19718 55
19718 291
19718 298
19718 445
19718 170
19718 175
19718 186
19718 562
19718 245
19718 294
19718 328
19718 475
19718 484
19718 508
19691 49
19691 53
19691 77
19691 146
19691 166
19691 200
19731 79
19731 89
19731 215
19731 313
19731 375
19731 460
19731 465
19731 529
19731 558
19731 566
19731 27
19731 288
19731 295
19731 431
19731 13
19731 56
19731 69
19731 77
19731 540
19731 549
19731 576
19731 80
19731 219
19731 292
19731 302
19731 369
19731 405
19731 154
19731 166
19731 253
19731 284
19731 358
19731 360
19731 240
19731 255
19731 267
19731 270
19731 343
19731 366
19731 467
19731 19
19731 134
19731 383
19731 455
19731 87
19731 145
19731 225
19731 283
19731 409
19731 447
19731 108
19731 120
19731 230
19731 239
19731 282
19731 322
19731 340
19731 98
19731 172
19731 316
19731 206
19731 334
19731 361
19731 393
19731 407
19731 473
19731 513
19731 221
19731 388
19731 443
19731 559
19731 560
19731 82
19731 93
19731 324
19731 503
19731 122
19731 177
19731 213
19731 320
19731 402
19731 124
19731 167
19731 170
19731 330
19731 379
19731 470
19731 106
19731 125
19731 214
19731 381
19731 385
19731 491
19731 10
19731 12
19731 481
19731 359
19731 384
19731 525
19731 546
19731 136
19731 169
19731 182
19731 351
19731 17
19731 26
19731 46
19731 60
19731 66
19731 71
19731 51
19731 181
19731 184
19731 211
19731 294
19731 426
19731 516
19731 83
19731 233
19731 291
19731 357
19731 456
19731 488
19731 362
19731 419
19731 553
19731 245
19731 287
19731 519
19731 14
19731 148
19731 200
19731 290
19731 374
19731 484
19731 24
19731 129
19731 131
19731 191
19731 336
19731 21
19731 57
19731 101
19731 114
19731 138
19731 232
19731 508
19731 156
19731 198
19731 199
19731 325
19731 427
19731 449
19731 142
19731 176
19731 192
19731 276
19731 376
19731 531
19731 190
19731 504
19731 522
19731 550
19731 8
19731 45
19731 75
19731 78
19731 100
19731 201
19731 179
19731 273
19731 468
19731 92
19731 498
19731 502
19731 527
19731 535
19731 53
19731 90
19731 91
19731 259
19731 486
19731 493
19731 314
19731 399
19731 530
19731 555
19731 205
19731 248
19731 310
19731 347
19731 462
19731 501
19731 151
19731 220
19731 246
19731 289
19731 341
19731 439
19731 480
19731 149
19731 150
19731 187
19731 301
19731 331
19731 512
19731 67
19731 327
19731 328
19731 371
19731 422
19731 461
19731 482
19731 395
19731 466
19731 575
19731 133
19731 258
19731 463
19731 132
19731 228
19731 252
19731 363
19731 430
19731 471
19731 483
19731 0
19731 41
19731 64
19731 7
19731 297
19731 329
19731 545
19731 286
19731 332
19731 372
19731 29
19731 35
19731 85
19731 104
19731 111
19731 227
19731 278
19731 346
19731 539
19731 6
19731 16
19731 33
19731 63
19731 81
19731 102
19731 121
19731 271
19731 364
19731 378
19731 387
19731 404
19731 23
19731 39
19731 48
19731 105
19731 115
19743 25
19743 48
19743 79
19743 83
19708 71
19708 88
19708 146
19708 176
19708 201
19708 204
19708 213
19724 228
19724 392
19724 408
19724 1
19724 145
19724 151
19724 196
19724 19
19724 292
19724 195
19724 284
19724 400
19724 411
19724 47
19724 207
19724 214
19724 272
19724 345
19724 407
19724 31
19724 213
19724 295
19724 363
19724 42
19724 132
19724 182
19724 275
19724 14
19724 212
19724 323
19724 41
19724 76
19724 335
19724 94
19724 413
19724 419
19724 123
19724 416
19724 32
19724 183
19724 233
19724 237
19724 17
19724 133
19724 150
19724 192
19724 231
19724 250
19724 393
19724 185
19724 311
19724 326
19724 379
19724 405
19724 410
19724 99
19724 116
19724 176
19724 223
19724 261
19724 350
19724 369
19724 38
19724 397
19724 23
19724 108
19724 164
19724 193
19724 300
19724 378
19724 30
19724 75
19724 121
19724 221
19724 317
19724 353
19724 119
19724 130
19724 144
19724 137
19724 154
19724 205
19724 143
19724 159
19724 304
19724 232
19724 262
19724 269
19724 35
19724 36
19724 53
19724 259
19724 328
19724 329
19724 114
19724 139
19724 163
19724 26
19724 78
19724 173
19724 194
19724 288
19724 293
19724 349
19724 354
19724 376
19724 191
19724 234
19724 242
19724 270
19724 135
19724 235
19724 287
19724 352
19724 359
19724 370
19724 37
19724 156
19724 266
19724 414
19724 198
19724 216
19724 403
19724 412
19724 229
19724 245
19724 343
19724 5
19724 74
19724 168
19724 204
19724 290
19724 299
19724 377
19724 422
19724 107
19724 208
19724 382
19724 384
19724 421
19724 120
19724 147
19724 273
19724 371
19724 87
19724 184
19724 305
19724 381
19724 415
19724 418
19724 61
19724 122
19724 138
19724 217
19724 236
19724 334
19724 357
19724 90
19724 98
19724 238
19724 399
19724 69
19724 181
19724 314
19724 65
19724 111
19724 241
19724 277
19724 44
19724 162
19724 199
19724 220
19724 255
19724 337
19724 368
19724 0
19724 2
19724 34
19724 248
19724 296
19724 330
19724 358
19521 195
19521 378
19521 412
19521 142
19521 423
19521 444
19521 456
19521 461
19521 14
19521 260
19521 392
19521 451
19521 71
19521 95
19521 268
19521 384
19521 128
19521 144
19521 246
19521 403
19521 499
19521 559
19521 760
19521 761
19521 566
19521 586
19521 592
19521 773
19521 5
19521 449
19521 453
19521 85
19521 131
19521 166
19521 199
19521 242
19521 489
19521 521
19521 603
19521 608
19521 670
19521 107
19521 183
19521 373
19521 398
19521 457
19521 491
19521 553
19521 641
19521 728
19521 748
19521 29
19521 116
19521 120
19521 185
19521 344
19521 399
19521 191
19521 220
19521 248
19521 329
19521 162
19521 163
19521 207
19521 332
19521 387
19521 402
19521 233
19521 442
19521 454
19521 460
19521 23
19521 106
19521 303
19521 355
19521 369
19521 547
19521 639
19521 665
19521 695
19521 700
19521 749
19521 487
19521 530
19521 652
19521 655
19521 667
19521 78
19521 82
19521 202
19521 214
19521 291
19521 297
19521 446
19521 556
19521 583
19521 645
19521 720
19521 738
19521 84
19521 140
19521 158
19521 161
19521 371
19521 41
19521 44
19521 77
19521 137
19521 313
19521 28
19521 45
19521 168
19521 175
19521 226
19521 74
19521 146
19521 413
19521 414
19521 424
19521 15
19521 87
19521 227
19521 263
19521 295
19521 367
19521 56
19521 206
19521 249
19521 320
19521 363
19521 473
19521 524
19521 537
19521 538
19521 725
19521 758
19521 551
19521 589
19521 602
19521 611
19521 629
19521 92
19521 96
19521 129
19521 134
19521 338
19521 501
19521 664
19521 672
19521 743
19521 762
19521 767
19521 585
19521 622
19521 704
19521 766
19521 475
19521 519
19521 526
19521 565
19521 659
19521 51
19521 138
19521 141
19521 211
19521 240
19521 300
19521 112
19521 154
19521 289
19521 434
19521 0
19521 26
19521 47
19521 192
19521 292
19521 48
19521 99
19521 160
19521 425
19521 426
19521 53
19521 179
19521 205
19521 294
19521 330
19521 132
19521 174
19521 293
19521 311
19521 362
19521 368
19521 561
19521 801
19521 813
19521 815
19521 4
19521 97
19521 218
19521 236
19521 418
19521 428
19521 595
19521 723
19521 739
19521 757
19521 776
19521 9
19521 209
19521 302
19521 409
19521 421
19521 54
19521 156
19521 258
19521 358
19521 397
19521 17
19521 123
19521 135
19521 193
19521 239
19521 43
19521 50
19521 212
19521 276
19521 417
19521 25
19521 167
19521 447
19521 83
19521 98
19521 309
19521 394
19521 400
19521 422
19521 405
19521 429
19521 455
19521 464
19521 476
19521 508
19521 573
19521 671
19521 689
19521 18
19521 19
19521 157
19521 376
19521 407
19521 510
19521 560
19521 578
19521 597
19521 692
19521 699
19521 731
19521 39
19521 80
19521 190
19521 196
19521 396
19521 34
19521 70
19521 93
19521 165
19521 169
19521 180
19521 245
19521 808
19521 136
19521 153
19521 316
19521 383
19521 411
19521 127
19521 327
19521 328
19521 375
19521 408
19521 594
19521 697
19521 708
19521 746
19521 750
19521 778
19521 16
19521 265
19521 305
19521 419
19521 433
19521 356
19521 389
19521 441
19521 188
19521 216
19521 254
19521 288
19521 361
19521 485
19521 516
19521 696
19521 65
19521 247
19521 341
19521 352
19521 374
19521 503
19521 732
19521 774
19521 798
19521 36
19521 90
19521 110
19521 113
19521 145
19521 353
19521 390
19521 558
19521 666
19521 675
19521 682
19521 785
19521 469
19521 531
19521 662
19521 747
19521 243
19521 251
19521 437
19521 438
19521 439
19521 541
19521 649
19521 783
19521 789
19521 805
19521 59
19521 114
19521 155
19521 201
19521 223
19521 234
19521 257
19521 505
19521 527
19521 568
19521 580
19521 609
19521 644
19521 105
19521 189
19521 261
19521 331
19521 102
19521 124
19521 381
19521 388
19521 445
19521 37
19521 222
19521 264
19521 271
19521 336
19521 60
19521 66
19521 139
19521 296
19521 321
19521 467
19521 548
19521 584
19521 759
19521 765
19521 27
19521 133
19521 152
19521 301
19521 430
19578 4
19578 32
19578 35
19578 42
19578 43
19578 0
19578 10
19578 18
19578 30
19578 31
19578 6
19578 14
19578 15
19578 20
19578 16
19578 23
19578 29
19578 34
19578 3
19578 5
19578 13
19578 22
19578 27
19578 39
19498 4
19498 9
19498 10
19498 20
19498 23
19498 29
19498 30
19498 31
19712 295
19712 401
19712 105
19712 255
19712 378
19712 235
19712 347
19712 15
19712 76
19712 169
19712 194
19712 315
19712 334
19712 289
19712 404
19712 405
19712 408
19712 102
19712 134
19712 218
19712 383
19712 7
19712 23
19712 174
19712 203
19712 226
19712 233
19712 6
19712 199
19712 313
19712 333
19712 349
19712 416
19712 31
19712 118
19712 181
19712 223
19712 251
19712 309
19712 339
19712 120
19712 154
19712 221
19712 338
19712 351
19712 355
19712 426
19712 436
19712 48
19712 167
19712 411
19712 30
19712 37
19712 94
19712 238
19712 27
19712 189
19712 393
19712 406
19712 412
19712 24
19712 157
19712 384
19712 417
19712 10
19712 47
19712 77
19712 296
19712 311
19712 22
19712 88
19712 205
19712 277
19712 217
19712 386
19712 410
19712 421
19712 4
19712 80
19712 85
19712 423
19712 44
19712 62
19712 113
19712 234
19712 325
19712 432
19712 25
19712 115
19712 133
19712 202
19712 424
19712 45
19712 50
19712 90
19712 175
19712 331
19712 372
19712 9
19712 371
19712 374
19712 63
19712 264
19712 387
19712 391
19712 11
19712 92
19712 96
19712 268
19712 290
19712 377
19712 19
19712 83
19712 243
19712 328
19712 361
19712 376
19712 136
19712 192
19712 257
19712 297
19712 345
19712 396
19712 419
19712 425
19712 316
19712 388
19712 397
19712 172
19712 430
19712 435
19712 122
19712 180
19712 198
19712 300
19712 320
19712 352
19712 0
19712 79
19712 100
19712 124
19712 307
19712 356
19712 360
19712 362
19712 390
19712 399
19712 403
19713 53
19713 72
19713 86
19713 87
19713 170
19713 259
19713 321
19713 333
19713 373
19713 389
19713 192
19713 212
19713 405
19713 422
19713 39
19713 46
19713 73
19713 111
19713 185
19713 285
19713 329
19713 272
19713 439
19713 4
19713 37
19713 64
19713 75
19713 81
19713 99
19713 158
19713 162
19713 317
19713 353
19713 131
19713 149
19713 189
19713 218
19713 246
19713 266
19713 278
19713 148
19713 256
19713 299
19713 336
19713 367
19713 369
19713 29
19713 51
19713 79
19713 90
19713 109
19713 144
19713 359
19713 411
19713 421
19713 328
19713 388
19713 425
19713 45
19713 65
19713 104
19713 121
19713 122
19713 133
19713 206
19713 269
19713 318
19713 385
19713 399
19713 175
19713 304
19713 418
19713 424
19713 433
19713 136
19713 164
19713 174
19713 204
19713 293
19713 423
19713 436
19713 229
19713 280
19713 326
19713 391
19713 402
19713 404
19713 161
19713 198
19713 375
19713 377
19713 83
19713 89
19713 112
19713 125
19713 168
19713 243
19713 271
19713 401
19713 409
19713 207
19713 219
19713 237
19713 252
19713 277
19713 383
19713 153
19713 208
19713 238
19713 279
19713 289
19713 364
19713 3
19713 11
19713 32
19713 113
19713 7
19713 56
19713 57
19713 66
19713 69
19713 70
19713 78
19713 31
19713 38
19713 97
19713 157
19713 263
19713 296
19713 319
19713 332
19713 346
19713 363
19713 417
19713 210
19713 249
19713 312
19713 349
19713 354
19713 428
19713 435
19713 202
19713 233
19713 322
19713 413
19713 427
19713 181
19713 267
19713 398
19713 63
19713 106
19713 114
19713 118
19713 22
19713 24
19713 47
19713 59
19713 77
19713 124
19713 190
19713 282
19713 342
19713 419
19713 9
19713 102
19713 119
19713 120
19713 134
19713 193
19713 214
19713 292
19713 366
19713 378
19713 376
19713 379
19713 396
19713 434
19713 166
19713 227
19713 310
19713 360
19713 430
19713 172
19713 195
19713 215
19713 308
19713 154
19713 155
19713 180
19713 199
19713 314
19713 331
19713 393
19713 230
19713 236
19713 257
19713 339
19713 352
19713 371
19713 231
19713 441
19713 27
19713 40
19713 55
19713 85
19713 91
19713 92
19713 140
19713 222
19713 251
19713 305
19713 323
18974 19
18974 47
18974 64
18974 123
18974 239
19635 0
19635 3
19635 5
19635 8
19635 9
19635 10
19635 13
19598 0
19598 5
19598 18
19598 43
19598 44
19598 53
19598 67
19598 180
19598 189
19598 217
19598 226
19598 265
19598 295
19598 305
19598 145
19598 156
19598 163
19598 204
19598 215
19598 216
19598 279
19598 1
19598 22
19598 26
19598 39
19598 52
19744 57
19744 205
19744 239
19744 250
19744 1
19744 31
19744 54
19744 73
19744 99
19744 183
19598 8
19598 49
19598 54
19598 56
19598 59
19598 79
19598 89
19598 94
19598 97
19598 116
19598 138
19598 147
19598 181
19598 238
19598 187
19598 235
19598 274
19598 276
19598 285
19598 141
19598 198
19598 219
19598 230
19598 246
19598 137
19598 161
19598 227
19598 262
19598 267
19598 158
19598 193
19598 229
19598 231
19598 273
19598 127
19598 132
19598 144
19598 178
19598 221
19598 237
19598 122
19598 134
19598 160
19598 214
19598 223
19598 278
19598 10
19598 12
19598 25
19598 47
19598 98
19598 103
19598 169
19598 211
19598 220
19598 256
19598 264
19598 268
19598 7
19598 11
19598 38
19598 70
19598 73
19598 166
19598 173
19598 177
19598 208
19598 213
19598 245
19598 168
19598 212
19598 233
19598 242
19598 243
19598 292
19598 312
19598 150
19598 151
19598 201
19598 209
19598 251
19598 129
19598 153
19598 154
19598 186
19598 239
19598 260
19598 128
19598 190
19598 249
19598 280
19598 157
19598 162
19598 164
19598 313
19598 148
19598 248
19598 282
19598 146
19598 224
19598 236
19598 255
19598 111
19598 120
19598 121
19598 2
19598 21
19598 30
19598 51
19598 61
19598 74
19598 83
19598 284
19598 291
19598 296
19598 300
19598 301
19598 45
19598 62
19598 69
19598 91
19598 99
19598 117
19598 130
19598 197
19598 287
19598 297
19598 23
19598 65
19598 85
19598 101
19598 115
19598 9
19598 24
19598 40
19598 110
19598 118
19500 15
19500 28
19500 29
19500 35
19500 45
19500 47
19500 50
19500 135
19500 309
19500 335
19518 1
19518 49
19518 97
19518 103
19518 120
19518 134
19518 99
19518 183
19518 58
19518 60
19518 79
19518 163
19518 201
19518 209
19691 74
19691 75
19691 167
19691 229
19691 238
19691 251
19691 41
19691 198
19691 277
19691 144
19691 147
19691 213
19691 216
19691 219
19691 247
19691 7
19691 48
19691 51
19691 59
19691 119
19691 137
19691 153
19691 285
19691 289
19691 36
19691 40
19691 67
19691 83
19691 17
19691 176
19691 221
19691 279
19691 42
19691 80
19691 118
19691 134
19691 25
19691 37
19691 105
19691 117
19691 215
19691 24
19691 99
19691 131
19691 220
19691 242
19691 250
19691 31
19691 58
19691 88
19691 116
19691 254
19691 260
19691 188
19691 204
19691 256
19691 267
19691 21
19691 106
19691 142
19691 151
19691 191
19691 223
19691 39
19691 79
19691 169
19691 259
19691 32
19691 68
19691 126
19691 195
19691 233
19691 237
19691 111
19691 257
19691 210
19691 244
19691 276
19691 278
19691 18
19691 72
19691 82
19691 104
19691 127
19691 217
19691 10
19691 34
19691 133
19691 143
19691 152
19691 183
19691 273
19691 120
19691 192
19691 227
19691 236
19691 70
19691 125
19691 264
19691 66
19691 110
19691 123
19691 175
19691 184
19691 225
19675 0
19675 3
19675 6
19675 12
19675 13
19675 14
19696 26
19696 90
19696 122
19696 158
19438 45
19438 49
19438 66
19438 84
19438 91
19438 111
19438 123
19438 21
19438 92
19438 140
19438 10
19438 18
19438 19
19438 40
19438 41
19438 61
19438 90
19438 109
19438 115
19438 83
19438 143
19438 35
19438 52
19438 95
19438 5
19438 20
19438 47
19438 55
19438 77
19438 80
19438 101
19438 153
19438 25
19438 31
19438 46
19438 53
19438 64
19438 94
19438 106
19438 93
19438 149
19438 2
19438 38
19438 42
19438 51
19438 63
19438 105
19438 125
19438 135
19438 136
19438 103
19438 157
19438 0
19438 9
19438 30
19438 39
19438 70
19438 79
19438 89
19438 17
19438 36
19438 57
19438 60
19438 72
19438 76
19438 97
19438 129
19438 131
19544 68
19544 118
19544 142
19544 174
19544 25
19544 60
19544 65
19544 87
19544 95
19544 127
19447 12
19447 18
19447 24
19447 29
19447 40
19447 41
19447 44
19447 46
19447 50
19447 15
19527 67
19527 108
19527 149
19527 175
19527 170
19527 55
19527 104
19527 126
19527 142
19527 40
19527 48
19527 60
19527 87
19527 223
19527 226
19527 230
19527 231
19527 225
19527 54
19527 118
19527 173
19527 16
19527 18
19527 77
19527 105
19527 218
19527 99
19527 182
19527 17
19527 81
19527 116
19527 123
19527 137
19527 160
19527 8
19527 56
19527 139
19527 181
19527 154
19527 7
19527 134
19527 183
19527 2
19527 164
19527 12
19527 39
19527 88
19527 107
19527 9
19527 37
19527 61
19527 110
19527 4
19527 74
19527 86
19527 101
19527 128
19527 0
19527 41
19527 76
19527 129
19527 184
19527 187
19527 217
19527 220
19527 224
19527 42
19527 59
19527 93
19527 111
19527 113
19527 79
19527 84
19527 117
19527 172
19527 177
19527 58
19527 73
19527 112
19527 130
19527 192
19527 198
19527 199
19527 213
19527 215
19527 11
19527 102
19527 157
19527 165
19527 71
19527 90
19527 97
19527 153
19527 156
19527 176
19527 200
19527 201
19527 206
19527 229
19441 11
19441 15
19441 66
19441 75
19441 83
19441 87
19441 99
19547 7
19547 8
19547 188
19547 269
19547 299
19547 62
19547 120
19547 163
19547 338
19456 11
19456 24
19456 27
19456 44
19456 46
19456 65
19456 79
19456 83
18961 284
18961 387
18961 395
18961 563
18961 583
18961 191
18961 520
18961 577
18961 588
18961 606
18961 95
18961 187
18961 343
18961 411
18961 524
18961 195
18961 199
18961 432
18961 443
18961 129
18961 345
18961 453
18961 488
18961 592
18961 433
18961 521
18961 616
18961 623
18961 239
18961 428
18961 505
18961 622
18961 131
18961 176
18961 209
18961 211
18961 552
18961 96
18961 150
18961 336
18961 410
18961 6
18961 41
18961 58
18961 584
18961 184
18961 219
18961 388
18961 10
18961 17
18961 29
18961 39
18961 40
18961 98
18961 136
18961 587
18961 593
18961 609
18961 141
18961 178
18961 266
18961 298
18961 79
18961 260
18961 328
18961 477
18961 198
18961 454
18961 535
18961 578
18961 126
18961 276
18961 383
18961 442
18961 64
18961 133
18961 384
18961 534
18961 546
18961 223
18961 391
18961 355
18961 436
18961 586
18961 599
18961 612
18961 110
18961 362
18961 380
18961 403
18961 111
18961 320
18961 392
18961 461
18961 570
18961 241
18961 565
18961 596
18961 607
18961 620
18961 84
18961 287
18961 465
18961 519
18961 545
18961 567
18961 269
18961 149
18961 232
18961 274
18961 317
18961 354
18961 501
18961 575
18961 38
18961 49
18961 107
18961 256
18961 303
18961 319
18961 497
18961 113
18961 169
18961 202
18961 480
18961 486
18961 144
18961 148
18961 165
18961 326
18961 482
18961 99
18961 125
18961 193
18961 259
18961 399
18961 106
18961 166
18961 175
18961 208
18961 516
18961 248
18961 554
18961 613
18961 619
18961 625
18961 528
18961 67
18961 72
18961 83
18961 420
18961 421
18961 5
18961 50
18961 59
18961 122
18961 285
18961 323
18961 333
18961 537
18961 174
18961 180
18961 425
18961 479
18961 168
18961 294
18961 306
18961 365
18961 416
18961 361
18961 585
18961 597
18961 608
18961 621
18961 408
18961 94
18961 330
18961 378
18961 447
18961 308
18961 551
18961 573
18961 610
18961 1
18961 14
18961 19
18961 28
18961 35
18961 71
18961 100
18961 196
18961 404
18961 413
18961 20
18961 22
18961 34
18961 36
18961 63
18961 73
18961 140
18961 407
18961 422
18961 457
18961 275
18961 374
18961 375
18961 517
18961 579
18961 278
18961 339
18961 369
18961 532
18961 541
18961 120
18961 214
18961 400
18961 414
18961 448
18961 483
18961 77
18961 313
18961 332
18961 503
18961 539
18961 85
18961 173
18961 210
18961 431
18961 437
18961 121
18961 231
18961 270
18961 356
18961 439
18961 23
18961 54
18961 55
18961 130
18961 376
18961 475
18961 487
18961 498
18961 229
18961 463
18961 469
18961 472
18961 490
18961 617
18961 123
18961 161
18961 297
18961 366
18961 495
18961 207
18961 351
18961 508
18961 538
18961 12
18961 13
18961 24
18961 30
18961 160
18961 261
18961 296
18961 350
18961 381
18961 69
18961 220
18961 242
18961 373
18961 550
18961 104
18961 114
18961 155
18961 406
18961 576
18961 78
18961 90
18961 204
18961 346
18961 527
18961 81
18961 238
18961 244
18961 331
18961 493
18961 236
19501 15
19501 99
19501 117
19501 121
19501 129
19501 134
19501 139
19501 165
19586 29
19586 32
19586 124
19586 135
19586 162
19586 165
19586 2
19586 73
19586 129
19586 130
19586 205
19015 648
19015 636
19015 650
19015 201
19015 213
19015 294
19015 414
19015 62
19015 82
19015 195
19015 344
19015 21
19015 80
19015 177
19015 325
19015 223
19015 250
19015 382
19015 494
19015 497
19015 536
19015 564
19015 582
19015 602
19015 200
19015 280
19015 369
19015 477
19015 186
19015 208
19015 236
19015 372
19015 651
19015 116
19015 150
19015 262
19015 406
19015 624
19015 114
19015 130
19015 438
19015 192
19015 487
19015 507
19015 588
19015 52
19015 88
19015 121
19015 623
19015 255
19015 625
19015 639
19015 392
19015 578
19015 589
19015 628
19015 122
19015 257
19015 454
19015 554
19015 72
19015 347
19015 352
19015 428
19015 499
19015 69
19015 579
19015 138
19015 224
19015 230
19015 445
19015 539
19015 61
19015 71
19015 110
19015 171
19015 311
19015 26
19015 151
19015 295
19015 383
19015 28
19015 266
19015 461
19015 476
19015 197
19015 265
19015 474
19015 486
19015 30
19015 37
19015 368
19015 431
19015 453
19015 156
19015 415
19015 467
19015 562
19015 566
19015 152
19015 401
19015 421
19015 502
19015 269
19015 309
19015 417
19015 605
19015 627
19015 234
19015 85
19015 335
19015 355
19015 544
19015 596
19015 115
19015 386
19015 423
19015 528
19015 547
19015 298
19015 370
19015 615
19015 642
19015 652
19015 457
19015 632
19015 203
19015 235
19015 256
19015 373
19015 462
19015 46
19015 349
19015 395
19015 398
19015 187
19015 244
19015 365
19015 394
19015 408
19015 32
19015 98
19015 136
19015 199
19015 437
19015 531
19015 385
19015 618
19015 631
19015 653
19015 656
19015 310
19015 317
19015 482
19015 585
19015 593
19015 73
19015 87
19015 275
19015 405
19015 12
19015 90
19015 316
19015 425
19015 104
19015 377
19015 469
19015 513
19015 600
19015 411
19015 546
19015 571
19015 53
19015 158
19015 233
19015 248
19015 27
19015 229
19015 293
19015 320
19015 442
19015 131
19015 337
19015 359
19015 452
19015 55
19015 77
19015 194
19015 597
19015 278
19015 540
19015 458
19015 125
19015 42
19015 141
19015 175
19015 472
19015 11
19015 209
19015 422
19015 510
19015 529
19015 333
19015 357
19015 490
19015 559
19015 38
19015 336
19015 420
19015 550
19015 553
19015 89
19015 145
19015 279
19015 473
19015 512
19015 92
19015 450
19015 516
19015 604
19015 14
19015 170
19015 363
19015 397
19015 505
19015 449
19015 44
19015 157
19015 468
19015 561
19015 583
19015 503
19015 348
19015 518
19015 537
19015 574
19015 126
19015 514
19015 565
19015 630
19015 144
19015 240
19015 435
19015 603
19015 16
19015 176
19015 215
19015 268
19015 43
19015 120
19015 314
19015 379
19015 530
19015 198
19015 222
19015 263
19015 307
19015 552
19015 179
19015 196
19015 253
19015 303
19015 41
19015 305
19015 341
19015 396
19015 515
19015 164
19015 576
19015 591
19015 622
19015 634
19015 173
19015 321
19015 3
19015 220
19015 241
19015 463
19015 489
19015 70
19015 182
19015 329
19015 412
19015 140
19015 153
19015 228
19015 353
19015 643
19015 388
19015 629
19015 91
19015 106
19015 218
19015 343
19015 161
19015 214
19015 302
19015 327
19015 533
19015 287
19015 361
19015 655
19015 657
19015 659
19015 661
19015 127
19015 189
19015 271
19015 404
19455 62
19455 75
19455 131
19455 216
19455 300
19455 322
19455 323
19455 332
19455 336
19455 74
19455 101
19455 111
19455 171
19455 268
19455 272
19455 25
19455 134
19455 225
19455 261
19455 262
19455 352
19455 3
19455 38
19455 41
19455 63
19455 102
19455 159
19455 194
19455 239
19033 89
19033 91
19033 137
19033 177
19033 141
19033 185
19033 292
19033 294
19033 3
19033 58
19033 153
19033 190
19033 46
19033 60
19033 124
19033 327
19033 173
19033 221
19033 14
19033 30
19033 84
19033 130
19033 79
19033 102
19033 263
19033 283
19033 129
19033 312
19033 7
19033 48
19033 71
19033 86
19033 309
19033 321
19033 18
19033 55
19033 78
19033 267
19033 170
19033 249
19033 11
19033 115
19033 220
19033 278
19033 38
19033 74
19033 114
19033 150
19033 171
19033 52
19033 123
19033 202
19033 234
19033 285
19033 303
19033 308
19033 32
19033 111
19033 212
19033 226
19033 291
19033 140
19033 157
19033 317
19033 328
19033 28
19033 57
19033 172
19033 256
19033 266
19033 9
19033 73
19033 131
19033 203
19033 223
19033 161
19033 238
19033 243
19033 255
19033 307
19033 0
19033 106
19033 204
19033 265
19033 81
19033 183
19033 208
19033 222
19033 151
19033 156
19033 205
19033 284
19033 68
19033 193
19033 279
19033 310
19033 304
19033 10
19033 293
19033 22
19033 39
19033 120
19033 166
19033 98
19033 160
19033 198
19033 286
19033 41
19033 56
19033 85
19033 197
19033 276
19033 133
19033 94
19033 107
19033 182
19033 82
19033 103
19033 148
19033 217
19033 229
19610 288
19610 363
19610 406
19610 411
19610 8
19610 11
19610 75
19610 105
19610 125
19610 4
19610 44
19610 87
19610 122
19610 14
19610 29
19610 32
19610 49
19610 84
19610 96
19610 100
19610 276
19610 410
19610 422
19610 424
19033 62
19033 134
19033 136
19033 225
19033 247
19033 316
19728 44
19728 65
19728 130
19728 160
19728 173
19728 245
19521 42
19521 270
19521 347
19521 382
19521 406
19521 46
19521 52
19521 150
19521 197
19521 215
19521 366
19521 12
19521 149
19521 229
19521 262
19521 286
19521 339
19521 484
19521 506
19521 756
19521 807
19521 812
19521 542
19521 550
19521 617
19521 818
19521 472
19521 483
19521 683
19521 701
19521 769
19521 490
19521 525
19521 545
19521 599
19521 787
19559 274
19559 290
19559 296
19559 339
19559 363
19559 366
19559 252
19559 305
19559 328
19559 338
19559 349
19559 390
19559 74
19559 136
19559 166
19559 167
19559 198
19559 250
19559 293
19559 316
19559 369
19559 398
19559 4
19559 144
19559 188
19559 241
19559 276
19559 304
19559 331
19559 342
19559 392
19559 1
19559 132
19559 154
19559 207
19559 211
19559 28
19559 71
19559 90
19559 138
19559 172
19559 175
19559 21
19559 70
19559 153
19559 163
19559 168
19559 249
19559 254
19559 261
19559 262
19559 279
19559 317
19559 126
19559 128
19559 243
19559 246
19559 255
19559 286
19559 325
19559 388
19559 319
19559 322
19559 323
19559 352
19559 378
19559 402
19559 17
19559 72
19559 75
19559 78
19559 197
19559 229
19559 308
19559 332
19559 356
19559 393
19559 24
19559 68
19559 95
19559 185
19559 200
19559 395
19559 406
19559 416
19559 18
19559 98
19559 102
19559 170
19559 199
19559 50
19559 149
19559 224
19559 230
19559 32
19559 112
19559 140
19559 192
19559 206
19559 141
19559 186
19559 215
19559 236
19559 238
19559 418
19559 5
19559 56
19559 99
19559 214
19559 288
19559 321
19559 326
19559 354
19559 368
19559 414
19559 93
19559 142
19559 161
19559 213
19559 282
19559 367
19559 381
19559 387
19559 247
19559 269
19559 278
19559 318
19559 333
19559 365
19559 411
19559 3
19559 53
19559 55
19559 103
19559 16
19559 59
19559 116
19559 131
19559 148
19559 179
19559 264
19559 284
19559 292
19559 302
19559 347
19559 371
19559 10
19559 54
19559 62
19559 156
19559 158
19559 191
19607 2
19607 8
19607 45
19607 84
18988 337
18988 397
18988 407
18988 419
19729 1
19729 8
19729 25
19729 29
19729 33
19729 48
19729 10
19729 40
19729 62
19729 3
19729 19
19729 45
19729 46
19729 52
19729 17
19729 31
19729 37
19729 44
19729 60
19729 63
19729 14
19729 21
19729 51
19729 66
19729 2
19729 22
19729 41
19729 49
19729 67
19729 38
19729 9
19729 13
19729 30
19729 34
19729 47
19729 56
19729 59
19729 61
19724 57
19724 112
19724 260
19724 25
19724 93
19724 206
19724 265
19724 364
19724 95
19724 188
19724 243
19724 360
19724 374
19510 8
19510 16
19510 75
19510 89
19510 103
19510 120
19510 126
19510 135
19510 20
19510 37
19510 44
19510 60
19510 85
19510 123
19510 173
19510 192
19628 1
19628 225
19628 496
19628 503
19628 522
19628 187
19628 373
19628 396
19628 422
19628 436
19628 300
19628 370
19628 506
19628 510
19628 454
19628 525
19628 526
19628 535
19628 63
19628 161
19628 176
19628 192
19628 286
19628 335
19628 375
19628 77
19628 177
19628 295
19628 317
19628 362
19628 365
19628 512
19628 518
19628 533
19628 43
19628 98
19628 117
19628 236
19628 275
19628 339
19628 112
19628 127
19628 163
19628 316
19628 389
19628 278
19628 400
19628 447
19628 466
19628 88
19628 175
19628 189
19628 241
19628 456
19628 42
19628 114
19628 131
19628 151
19628 159
19628 106
19628 227
19628 419
19628 61
19628 185
19628 358
19628 480
19628 44
19628 153
19628 221
19628 229
19628 413
19628 434
19628 252
19628 297
19628 445
19628 489
19628 15
19628 70
19628 257
19628 366
19628 39
19628 93
19628 224
19628 347
19628 453
19628 470
19628 31
19628 404
19628 409
19628 442
19628 532
19628 74
19628 89
19628 246
19628 424
19628 440
19628 460
19628 18
19628 145
19628 374
19628 414
19628 474
19628 51
19628 54
19628 206
19628 264
19628 280
19628 351
19628 87
19628 291
19628 303
19628 344
19628 462
19628 2
19628 40
19628 79
19628 158
19628 288
19628 394
19628 403
19628 46
19628 140
19628 457
19628 81
19628 168
19628 248
19628 363
19628 397
19628 111
19628 213
19628 267
19628 369
19628 449
19628 461
19628 102
19628 139
19628 196
19628 315
19628 415
19628 91
19628 101
19628 360
19628 430
19628 458
19628 45
19628 62
19628 85
19628 143
19628 191
19628 393
19628 12
19628 481
19628 100
19628 119
19628 235
19628 272
19628 304
19628 429
19628 109
19628 125
19628 178
19628 250
19628 318
19628 438
19628 495
19628 128
19628 194
19628 261
19628 279
19628 141
19628 173
19628 266
19628 294
19628 306
19628 411
19628 186
19628 217
19628 296
19628 359
19628 372
19628 395
19628 162
19628 179
19628 484
19628 498
19628 520
19628 223
19628 486
19628 500
19628 505
19628 21
19628 28
19628 204
19628 333
19628 353
19628 476
19628 195
19628 281
19628 308
19628 464
19628 164
19628 516
19628 527
19628 68
19628 115
19628 211
19628 310
19628 56
19628 210
19628 523
19628 209
19628 321
19628 418
19628 444
19628 107
19628 277
19628 427
19628 483
19628 49
19628 59
19628 136
19628 263
19628 305
19628 66
19628 198
19628 451
19628 514
19628 34
19628 123
19628 284
19628 320
19628 468
19628 97
19628 138
19628 182
19628 256
19628 312
19628 324
19628 385
19628 23
19628 38
19628 67
19628 144
19628 338
19628 26
19628 71
19628 443
19628 497
19068 7
19068 17
19068 38
19068 43
19068 1
19068 3
19068 14
19068 22
19068 25
19068 41
19068 5
19068 11
19068 23
19068 34
19068 46
19068 10
19068 12
19068 30
19068 36
19068 44
19068 47
19068 0
19068 13
19068 21
19068 26
19068 32
19589 106
19589 107
19589 110
19427 5
19427 17
19427 30
19427 59
19427 100
19427 146
19427 151
19427 153
19427 161
19427 311
19427 190
19427 191
19427 211
19427 221
19427 250
19427 266
19427 277
19427 282
19427 310
19427 10
19427 180
19707 15
19707 16
19707 17
19707 26
19707 45
19707 52
19707 53
19724 43
19724 80
19724 167
19724 224
19724 301
19724 308
19724 355
19724 96
19724 110
19724 125
19724 209
19724 210
19724 324
19483 30
19483 33
19483 34
19483 36
19483 42
19483 44
19483 45
19483 47
19483 50
19483 1
19483 10
19483 11
19483 13
19483 16
19483 17
19483 18
19483 27
19483 2
19483 4
19483 15
19483 19
19483 20
19483 22
19483 28
19483 43
19483 51
19483 5
19483 49
19543 126
19543 141
19543 237
19543 288
19543 342
19543 429
19543 122
19543 187
19543 254
19543 312
19543 361
19543 430
19543 182
19543 224
19543 235
19543 350
19543 455
19543 174
19543 287
19543 320
19543 353
19543 463
19543 479
19543 175
19543 190
19543 319
19543 397
19543 460
19543 120
19543 302
19543 321
19543 362
19543 513
19543 520
19543 192
19543 232
19543 268
19543 396
19543 178
19543 261
19543 273
19543 304
19543 375
19543 279
19543 453
19543 491
19543 512
19543 527
19543 29
19543 110
19543 111
19543 113
19543 260
19543 391
19543 413
19543 467
19543 468
19543 489
19543 132
19543 157
19543 160
19543 228
19543 395
19543 420
19543 526
19543 529
19543 530
19543 532
19543 135
19543 172
19543 240
19543 243
19543 248
19543 381
19543 371
19543 316
19543 323
19543 406
19543 417
19543 424
19543 428
19543 434
19543 128
19543 149
19543 280
19543 299
19543 313
19543 408
19543 206
19543 218
19543 258
19543 262
19543 518
19543 1
19543 21
19543 30
19543 38
19543 90
19543 121
19543 289
19543 423
19543 456
19543 202
19543 388
19543 404
19543 425
19543 171
19543 242
19543 278
19543 346
19543 233
19543 255
19543 357
19543 432
19543 138
19543 200
19543 298
19543 327
19543 367
19543 373
19543 35
19543 69
19543 109
19543 114
19543 117
19543 180
19543 198
19543 286
19543 308
19543 384
19543 139
19543 197
19543 253
19543 497
19543 216
19543 284
19543 501
19543 40
19543 53
19543 76
19543 95
19543 101
19543 193
19543 215
19543 363
19543 416
19543 462
19543 13
19543 36
19543 51
19543 63
19543 71
19543 74
19543 393
19543 409
19543 495
19543 507
19543 522
19543 231
19543 328
19543 385
19543 500
19543 238
19543 322
19543 488
19543 524
19543 534
19543 14
19543 19
19543 41
19543 73
19543 82
19543 102
19543 210
19543 265
19543 325
19543 386
19543 410
19543 443
19543 127
19543 158
19543 207
19543 372
19543 392
19543 445
19543 179
19543 211
19543 217
19543 426
19543 499
19543 130
19543 199
19543 249
19543 271
19543 511
19543 166
19543 212
19543 236
19543 347
19543 419
19543 464
19571 51
19571 66
19571 90
19571 124
19571 126
19727 46
19727 51
19727 315
19727 329
19727 39
19727 58
19727 106
19727 162
19727 196
19727 233
19727 14
19727 54
19727 117
19727 182
19727 205
19727 284
19727 347
19727 70
19727 115
19727 151
19727 219
19727 282
19727 355
19727 22
19727 79
19727 132
19727 259
19727 274
19727 2
19727 4
19727 118
19727 232
19727 296
19727 307
19727 44
19727 111
19727 222
19727 350
19727 99
19727 120
19727 130
19727 244
19727 248
19727 283
19727 16
19727 114
19727 160
19727 164
19727 302
19727 392
19727 30
19727 142
19727 251
19727 28
19727 49
19727 59
19727 93
19727 116
19727 145
19727 34
19727 86
19727 97
19727 201
19727 249
19727 276
19727 165
19727 185
19727 242
19727 376
19727 80
19727 336
19727 341
19727 345
19727 5
19727 37
19727 322
19727 338
19727 7
19727 41
19727 90
19727 100
19727 239
19727 272
19727 334
19727 9
19727 218
19727 299
19727 101
19727 381
19727 192
19727 214
19727 220
19727 224
19727 291
19727 360
19727 195
19727 293
19727 348
19727 351
19727 20
19727 144
19727 158
19727 194
19727 253
19727 337
19727 33
19727 55
19727 102
19727 119
19727 170
19727 246
19727 133
19727 150
19727 153
19727 176
19727 265
19727 290
19727 135
19727 252
19727 357
19727 8
19727 52
19727 134
19727 181
19727 250
19727 275
19727 312
19727 38
19727 63
19727 82
19727 136
19727 147
19727 171
19727 50
19727 216
19727 318
19727 380
19727 43
19727 178
19727 367
19727 377
19727 237
19727 261
19727 279
19727 331
19727 109
19727 163
19727 203
19727 211
19727 235
19727 305
19727 60
19727 67
19727 121
19727 172
19727 262
19727 263
19727 234
19727 366
19727 368
19727 390
19727 127
19727 310
19727 327
19727 361
19727 66
19727 369
19727 386
19727 389
19727 69
19727 212
19727 240
19727 11
19727 146
19727 210
19727 324
19727 57
19727 270
19727 292
19727 352
19727 84
19727 105
19727 143
19727 385
19630 13
19630 17
19630 52
19630 110
19630 157
19630 70
19630 71
19630 105
19630 193
19630 201
19630 236
19630 19
19630 23
19630 114
19630 216
19630 284
19630 206
19630 297
19630 3
19630 45
19630 107
19630 128
19630 151
19630 230
19630 298
19630 311
19630 15
19630 20
19630 78
19630 118
19630 184
19630 204
19630 12
19630 38
19630 73
19630 172
19630 186
19630 277
19630 49
19630 87
19630 89
19630 196
19630 207
19630 232
19630 255
19630 30
19630 43
19630 132
19630 161
19630 171
19630 215
19630 33
19630 129
19630 148
19630 154
19630 181
19630 222
19630 237
19630 210
19630 233
19630 245
19630 270
19630 166
19630 197
19630 264
19630 214
19630 283
19630 292
19630 310
19630 2
19630 54
19630 58
19630 101
19630 146
19630 248
19630 11
19630 185
19630 271
19630 72
19630 102
19630 162
19630 187
19630 229
19630 282
19630 21
19630 100
19630 188
19630 278
19630 59
19630 61
19630 94
19630 247
19630 65
19630 104
19630 106
19630 111
19630 183
19630 8
19630 42
19630 198
19630 209
19630 5
19630 10
19630 63
19630 138
19630 147
19630 41
19630 200
19630 217
19630 223
19630 252
19630 108
19630 295
19630 302
19630 307
19630 34
19630 66
19630 123
19630 244
19630 249
19630 260
19630 272
19630 257
19630 263
19630 304
19630 55
19630 84
19630 135
19630 175
19630 195
19630 18
19630 153
19630 167
19630 177
19630 212
19630 243
19630 119
19630 131
19630 143
19630 164
19630 199
19630 7
19630 99
19630 174
19630 234
19630 238
19630 25
19630 57
19630 75
19630 182
19630 296
19630 64
19630 85
19630 190
19630 192
19630 225
19630 258
19630 261
19630 60
19630 77
19630 86
19630 92
19630 127
19630 37
19630 112
19630 180
19630 256
19630 259
19574 104
19574 182
19574 234
19574 262
19574 266
19470 186
19470 195
19470 22
19470 43
19470 66
19470 109
19470 133
19470 140
19470 159
19470 184
19470 199
19470 16
19470 17
19470 40
19470 49
19470 68
19470 95
19470 104
19470 142
19470 156
19470 25
19470 42
19470 60
19470 100
19470 147
19470 148
19470 161
19470 26
19470 34
19470 79
19470 115
19470 125
19470 136
19470 152
19470 163
19470 194
19470 103
19470 180
19470 187
19470 181
19470 189
19470 201
19470 7
19470 27
19470 32
19470 50
19470 80
19470 112
19470 151
19470 200
19470 33
19470 185
19470 198
19470 18
19470 31
19470 77
19470 97
19470 98
19470 164
19470 166
19470 177
19470 37
19470 59
19470 114
19470 121
19470 128
19470 135
19470 171
19470 38
19470 137
19470 131
19470 174
19470 175
19470 172
19470 178
19470 202
19470 1
19470 14
19470 54
19470 63
19470 93
19470 94
19470 107
19470 123
19470 155
19470 10
19470 182
19470 205
19470 19
19470 20
19470 55
19470 57
19470 64
19470 81
19470 188
19489 15
19489 22
19489 25
19489 46
19489 64
19489 80
19489 85
19489 88
19489 101
19489 31
19489 54
19489 74
19489 75
19489 84
19489 119
19489 133
19489 37
19489 150
19489 156
19489 158
19489 169
19489 171
19489 172
19489 175
19489 62
19489 99
19489 138
19489 139
19489 21
19489 40
19489 48
19489 57
19489 58
19489 79
19489 87
19489 33
19489 51
19489 65
19489 69
19489 91
19489 109
19489 113
19489 124
19489 7
19489 42
19489 50
19489 53
19489 102
19489 121
19489 129
19489 132
19489 144
19489 146
19489 155
19489 173
19489 178
19489 182
19489 190
19489 2
19489 9
19489 29
19489 56
19489 81
19489 90
19489 117
19489 142
19489 143
19489 159
19489 161
19489 170
19489 174
19489 189
19489 8
19489 111
19489 114
19489 131
19489 11
19489 26
19489 28
19489 52
19489 71
19489 106
19489 108
19489 115
19489 127
19489 38
19489 82
19489 130
19489 126
19489 12
19489 45
19489 67
19489 70
19489 72
19489 96
19489 103
19489 10
19489 18
19489 19
19489 27
19489 30
19489 49
19489 66
19489 76
19489 86
19733 8
19733 35
19733 42
19544 160
19544 180
19544 185
19544 186
19544 98
19544 150
19544 157
19544 170
19544 179
19544 20
19544 48
19544 64
19544 80
19544 143
19544 38
19544 43
19544 100
19544 112
19544 155
19544 14
19544 29
19544 56
19544 104
19544 163
19544 44
19544 105
19544 172
19544 181
19544 3
19544 110
19544 125
19544 153
19544 169
19544 24
19544 35
19544 85
19544 140
19544 152
19544 11
19544 27
19544 108
19544 124
19544 133
19544 159
19544 79
19544 83
19544 89
19544 147
19544 154
19544 42
19544 46
19544 53
19544 94
19544 168
19544 19
19544 36
19544 67
19544 106
19544 146
19544 156
19544 165
19544 5
19544 12
19544 70
19544 113
19544 144
19544 164
19544 182
19544 30
19544 40
19544 41
19544 103
19544 151
19544 47
19544 51
19544 86
19544 88
19544 107
19544 17
19544 61
19544 75
19544 82
19544 141
19544 13
19544 52
19544 97
19544 114
19544 119
19544 8
19544 31
19544 39
19544 167
19001 55
19001 80
19001 116
19001 130
19001 73
19001 103
19001 142
19001 154
19001 147
19001 170
19001 28
19001 50
19001 79
19001 155
19001 33
19001 98
19001 174
19001 200
19001 213
19001 239
19001 27
19001 69
19001 117
19001 165
19001 171
19001 36
19001 37
19001 163
19001 218
19001 222
19001 214
19001 227
19001 1
19001 8
19001 169
19001 199
19001 32
19001 124
19001 205
19001 228
19001 248
19001 42
19001 64
19001 68
19001 85
19001 176
19001 20
19001 95
19001 179
19001 188
19001 232
19001 56
19001 244
19001 137
19001 247
19001 249
19001 250
19001 252
19001 12
19001 100
19001 220
19001 234
19001 3
19001 43
19001 186
19001 195
19001 10
19001 93
19001 110
19001 111
19001 168
19001 44
19001 160
19001 164
19001 180
19001 0
19001 21
19001 48
19001 53
19001 7
19001 35
19001 105
19001 153
19001 201
19001 243
19001 235
19001 242
19001 34
19001 125
19001 132
19001 210
19001 229
19001 25
19001 162
19001 194
19001 219
19001 29
19001 38
19001 54
19001 78
19001 221
19001 236
19001 70
19001 189
19001 192
19001 225
19001 233
19001 76
19001 119
19001 131
19001 152
19001 175
19001 183
19001 16
19001 97
19001 108
19001 136
19001 49
19001 127
19001 129
19001 156
19001 84
19001 87
19001 107
19001 146
19001 207
19001 11
19001 19
19001 74
19001 148
19001 253
19001 149
19490 14
19490 31
19490 38
19490 41
19490 62
19490 74
19490 160
19490 184
19490 15
19490 115
19490 117
19490 128
19490 154
19490 162
19490 198
19490 33
19490 52
19490 144
19490 171
19490 176
19490 199
19490 202
19490 208
19490 216
19490 217
19490 90
19490 103
19490 122
19490 153
19490 11
19490 36
19490 56
19490 73
19490 112
19490 116
19490 118
19490 181
19490 27
19490 43
19490 61
19490 85
19490 89
19490 187
19490 77
19490 136
19490 17
19490 39
19490 92
19490 95
19490 121
19490 197
19490 10
19490 24
19490 28
19490 48
19490 88
19490 148
19490 168
19490 63
19490 200
19490 80
19490 209
19490 218
19490 220
19490 222
19490 16
19490 37
19490 78
19490 99
19490 125
19490 130
19490 139
19490 155
19490 180
19490 105
19490 110
19490 143
19490 195
19490 25
19490 191
19490 215
19490 201
19490 206
19490 219
19490 2
19490 21
19490 32
19490 119
19490 124
19490 133
19490 152
19490 166
19490 179
19490 186
18963 2
18963 12
18963 14
18963 31
18963 51
18963 62
18963 6
18963 9
18963 47
18963 53
18963 54
18963 1
18963 15
18963 20
18963 23
18963 48
18963 50
18963 7
18963 41
18963 42
18963 43
18963 44
19708 6
19708 86
19708 145
19708 182
19708 269
19575 3
19575 20
19575 42
19575 89
19575 116
19575 36
19575 50
19575 54
19575 93
19575 7
19575 37
19575 85
19575 114
19575 167
19575 193
19575 239
19575 276
19575 41
19575 64
19575 72
19575 91
19575 111
19575 156
19575 191
19575 236
19575 261
19575 1
19575 6
19575 23
19575 48
19575 76
19575 112
19575 145
19575 150
19575 172
19575 198
19575 234
19575 10
19575 58
19575 73
19575 90
19575 100
19575 27
19575 34
19575 40
19575 74
19575 106
19575 151
19575 170
19575 196
19575 219
19575 281
19575 182
19575 232
19575 235
19575 253
19575 143
19575 223
19575 268
19575 271
19575 141
19575 161
19575 180
19575 184
19575 195
19575 214
19575 165
19575 187
19575 188
19575 192
19575 194
19575 207
19575 286
19575 17
19575 25
19575 65
19575 69
19575 70
19575 98
19575 148
19575 168
19575 209
19575 231
19575 244
19575 263
19575 147
19575 166
19575 206
19575 233
19575 257
19575 259
19575 26
19575 35
19575 45
19575 81
19575 103
19575 130
19575 153
19575 157
19575 217
19575 227
19575 243
19575 254
19575 32
19575 102
19575 121
19575 124
19575 137
19575 16
19575 24
19575 55
19575 61
19575 88
19575 97
19575 2
19575 95
19575 108
19575 132
19575 133
19575 38
19575 52
19575 57
19575 63
19575 105
19575 39
19575 82
19575 127
19575 131
19575 159
19575 218
19575 245
19575 255
19575 4
19575 33
19575 59
19575 115
19575 119
19575 46
19575 79
19575 118
19575 128
19575 138
19408 511
19408 199
19408 331
19408 388
19408 409
19408 434
19408 489
19408 573
19408 574
19408 6
19408 34
19408 45
19408 88
19408 90
19408 104
19408 133
19408 172
19408 202
19408 255
19408 336
19408 402
19408 420
19408 433
19408 470
19408 561
19408 575
19408 520
19408 578
19408 18
19408 35
19408 62
19408 98
19408 134
19408 138
19408 154
19408 294
19408 307
19408 311
19408 316
19408 358
19408 467
19408 476
19408 527
19408 568
19408 168
19408 179
19408 486
19408 504
19408 221
19408 240
19408 267
19408 279
19408 289
19408 309
19408 318
19408 450
19408 454
19408 506
19408 198
19408 227
19408 273
19408 280
19408 347
19408 354
19408 453
19408 30
19408 145
19408 200
19408 214
19408 238
19408 265
19408 324
19408 360
19408 458
19408 512
19408 497
19408 241
19408 263
19408 276
19408 342
19408 369
19408 387
19408 394
19408 400
19408 507
19408 127
19408 222
19408 319
19408 353
19408 374
19408 412
19408 427
19408 479
19408 530
19408 571
19408 209
19408 244
19408 262
19408 284
19408 328
19408 378
19408 478
19408 569
19408 208
19408 259
19408 323
19408 325
19408 430
19408 468
19408 567
19408 570
19408 24
19408 66
19408 94
19408 99
19408 117
19408 137
19408 140
19408 152
19408 156
19408 186
19408 261
19408 264
19408 297
19408 298
19408 395
19408 415
19408 424
19408 473
19408 552
19408 596
19408 484
19408 542
19408 581
19408 533
19408 188
19408 270
19408 306
19408 314
19408 356
19408 442
19408 521
19408 526
19408 224
19408 230
19408 251
19408 383
19408 481
19408 496
19408 503
19408 588
19408 203
19408 213
19408 220
19408 253
19408 403
19408 491
19408 492
19408 195
19408 247
19408 482
19408 299
19408 343
19408 391
19408 410
19408 535
19408 17
19408 20
19408 52
19408 102
19408 107
19408 118
19408 121
19408 184
19408 540
19408 541
19408 592
19408 1
19408 10
19408 33
19408 36
19408 72
19408 109
19408 148
19408 161
19408 295
19408 377
19408 554
19408 193
19408 196
19408 300
19408 413
19408 448
19408 469
19408 490
19408 576
19408 597
19408 29
19408 42
19408 49
19408 97
19408 101
19408 122
19408 123
19408 142
19408 206
19408 228
19408 290
19408 312
19408 327
19408 330
19408 417
19408 418
19408 223
19408 235
19408 350
19408 364
19408 375
19408 455
19408 523
19408 583
19408 269
19408 301
19408 303
19408 465
19408 493
19408 508
19408 359
19408 549
19408 205
19408 302
19408 441
19408 443
19408 480
19408 528
19408 559
19408 189
19408 274
19408 335
19408 357
19408 371
19408 373
19408 421
19408 457
19408 459
19408 485
19408 239
19408 522
19408 584
19408 246
19408 278
19408 296
19408 308
19408 379
19408 396
19408 425
19408 547
19408 557
19408 544
19408 551
19491 110
19491 117
19491 18
19491 24
19491 27
19491 35
19491 45
19491 59
19491 86
19491 87
19491 84
19491 95
19491 4
19491 7
19491 53
19491 69
19491 74
19491 78
19491 88
19491 107
19491 77
19491 8
19491 49
19491 57
19491 83
19491 85
19491 102
19491 113
19491 118
19491 3
19491 13
19491 15
19491 34
19491 38
19491 62
19491 81
19491 115
19491 22
19491 28
19491 89
19491 112
19491 16
19491 17
19491 23
19491 33
19491 55
19491 66
19491 76
19491 94
19491 5
19491 25
19491 37
19491 56
19491 61
19491 63
19491 73
19491 92
19491 106
19491 119
19491 2
19491 12
19491 29
19491 47
19491 58
19491 68
19491 91
19525 42
19525 56
19525 134
19525 147
19525 168
19525 227
19525 310
19525 62
19525 194
19525 306
19525 321
19525 361
19525 362
19525 368
19525 384
19525 394
19525 9
19525 57
19525 68
19525 121
19525 162
19525 224
19525 225
19525 283
19525 43
19525 137
19525 158
19525 167
19525 187
19525 189
19525 206
19525 348
19525 281
19525 104
19525 149
19525 184
19525 241
19525 317
19525 341
19526 17
19526 18
19526 20
19526 62
19526 110
19526 107
19526 127
19526 138
19526 141
19015 204
19015 258
19015 282
19015 427
19015 573
19036 7
19036 18
19036 22
19036 23
19036 0
19036 12
19036 17
19036 32
19036 4
19036 28
19036 34
19036 35
19058 47
19058 78
19058 157
19058 180
18988 370
18988 378
18988 385
18988 415
19730 16
19730 21
19730 23
19730 28
19730 32
19730 54
19730 8
19730 13
19730 61
19730 4
19730 14
19730 35
19730 36
19730 52
19730 56
19730 64
19730 1
19730 26
19730 29
19730 30
19730 44
19730 0
19730 7
19730 9
19730 11
19730 40
19730 49
19730 50
19730 5
19730 20
19730 43
19730 46
19730 59
19730 62
19730 12
19730 60
19730 66
19730 63
19730 67
19718 203
19718 238
19718 249
19718 391
19718 433
19718 469
19718 574
19718 83
19718 139
19718 266
19718 304
19718 59
19718 179
19718 212
19718 254
19718 268
19718 283
19718 342
19718 376
19718 90
19718 120
19718 141
19718 161
19718 324
19718 388
19718 286
19718 523
19718 551
19718 557
19718 559
19718 560
19718 582
19718 8
19718 24
19718 237
19718 297
19718 352
19718 363
19718 66
19718 67
19718 494
19718 195
19718 247
19718 520
19718 533
19718 97
19718 115
19718 153
19718 236
19718 241
19718 512
19718 58
19718 165
19718 217
19718 373
19718 554
19718 564
19718 578
19718 143
19718 204
19718 255
19718 270
19718 386
19718 429
19718 436
19718 163
19718 225
19718 476
19718 539
19718 51
19718 154
19718 482
19718 6
19718 171
19718 275
19718 314
19718 362
19718 443
19718 506
19718 509
19718 138
19718 209
19718 299
19718 337
19718 405
19718 407
19718 489
19718 125
19718 410
19718 478
19718 515
19718 277
19718 389
19718 419
19718 468
19718 561
19718 36
19718 146
19718 497
19718 535
19718 13
19718 92
19718 215
19718 180
19718 243
19718 340
19718 397
19718 474
19718 213
19718 556
19718 567
19718 144
19718 257
19718 366
19718 437
19718 147
19718 148
19718 230
19718 414
19718 441
19718 501
19718 570
19718 95
19718 182
19718 264
19718 334
19718 345
19718 65
19718 135
19718 447
19718 505
19718 15
19718 31
19718 69
19718 339
19718 358
19718 451
19718 464
19718 87
19718 99
19718 122
19718 124
19718 200
19718 305
19718 325
19718 411
19718 439
19718 572
19718 27
19718 63
19718 110
19718 140
19718 226
19718 368
19718 463
19718 17
19718 20
19718 109
19718 127
19718 274
19718 220
19718 285
19718 384
19718 385
19718 517
19718 25
19718 30
19718 43
19718 47
19718 418
19718 420
19718 191
19718 292
19718 364
19718 456
19718 460
19718 235
19718 370
19718 525
19718 548
19718 575
19718 577
19718 583
19718 33
19718 45
19718 242
19718 301
19718 308
19718 335
19718 382
19718 71
19718 293
19718 316
19718 444
19718 453
19718 462
19718 60
19718 206
19718 400
19718 416
19718 503
19718 48
19718 82
19718 378
19718 309
19718 377
19718 399
19718 401
19718 499
19718 145
19718 160
19718 181
19718 184
19718 393
19718 486
19718 61
19718 367
19718 383
19718 563
19718 568
19718 117
19718 211
19718 261
19718 493
19718 75
19718 216
19718 282
19718 398
19718 428
19718 29
19718 84
19718 201
19718 347
19718 504
19718 50
19718 178
19718 234
19718 295
19718 473
19718 2
19718 19
19718 21
19718 108
19718 207
19718 252
19718 289
19718 40
19718 52
19718 229
19718 287
19718 394
19718 487
19022 0
19022 3
19022 4
19022 14
19022 23
19022 25
19022 13
19022 19
19022 41
19022 42
19022 46
19022 47
19022 48
19022 50
19022 51
19022 53
19022 56
19022 11
19022 26
19022 27
19022 30
19022 31
19022 10
19022 16
19022 20
19022 22
19022 34
19022 38
19022 5
19022 8
19022 24
19022 35
19022 40
19022 2
19022 17
19022 18
19022 21
19022 32
19022 44
19022 45
19022 49
19022 52
19022 54
19022 55
19691 1
19691 13
19691 35
19691 63
19691 154
19691 178
19691 187
19436 11
19436 13
19436 26
19436 155
19436 29
19436 34
19436 71
19436 75
19436 103
19436 128
19436 160
19436 12
19436 31
19436 56
19436 59
19436 69
19436 82
19436 94
19436 151
19436 6
19436 83
19436 148
19436 153
19436 0
19436 27
19436 66
19436 87
19436 117
19436 130
19436 133
19436 142
19436 147
19436 154
19436 23
19436 44
19436 89
19436 90
19436 102
19436 107
19436 121
19436 122
19436 158
19436 7
19436 73
19436 97
19615 5
19615 15
19615 23
19615 35
19615 42
19615 11
19615 18
19615 39
19615 57
19615 2
19615 6
19615 13
19615 19
19615 31
19615 40
19615 8
19615 9
19615 16
19615 33
19615 51
19615 54
19615 12
19615 24
19615 27
19615 43
19615 48
19615 20
19615 55
19615 56
19615 58
19615 59
19615 1
19615 7
19615 26
19615 44
19615 50
19615 4
19615 52
19615 53
19527 193
19527 196
19527 197
19527 221
19493 13
19493 71
19493 0
19493 38
19493 46
19493 79
19493 83
19493 114
19493 127
19493 172
19493 6
19493 25
19493 39
19493 67
19493 96
19493 171
19493 175
19493 2
19493 5
19493 22
19493 29
19493 50
19493 78
19493 97
19493 163
19493 3
19493 20
19493 34
19493 48
19493 109
19493 135
19493 169
19493 177
19493 184
19493 16
19493 33
19493 111
19493 125
19493 131
19493 143
19493 183
19493 185
19493 30
19493 36
19493 37
19493 56
19493 99
19493 129
19493 142
19493 8
19493 27
19493 28
19493 58
19493 89
19493 103
19493 136
19493 155
19493 151
19493 160
19493 68
19493 159
19493 51
19493 76
19493 84
19493 119
19493 147
19493 149
19493 150
19493 21
19493 106
19493 107
19493 113
19493 170
19493 11
19493 23
19493 42
19493 62
19493 88
19493 118
19493 141
19493 182
19493 63
19493 64
19493 81
19493 94
19493 101
19493 120
19493 134
19493 1
19493 19
19493 44
19493 49
19493 100
19493 124
19493 146
19493 15
19493 17
19493 55
19493 80
19493 122
19493 132
19493 148
19493 158
18963 24
18963 25
18963 33
18963 34
18963 4
18963 11
18963 19
18963 30
18963 45
18963 3
18963 10
18963 18
18963 55
18963 56
18963 0
18963 5
18963 27
18963 28
18963 46
18963 52
18963 8
18963 26
18963 32
18963 38
18963 49
18963 16
18963 36
18963 61
18963 63
18963 13
18963 17
18963 22
18963 35
18963 39
18963 58
18963 60
19582 404
19582 491
19582 498
19582 507
19085 201
19085 228
19085 187
19085 191
19085 65
19085 55
19085 57
19085 143
19085 161
19085 244
19085 10
19085 42
19085 124
19085 253
19085 271
19085 298
19085 301
19085 15
19085 20
19085 156
19085 166
19085 167
19085 168
19085 190
19085 248
19085 270
19085 296
19085 28
19085 109
19085 207
19085 209
19085 4
19085 127
19085 131
19085 214
19085 280
19085 286
19085 25
19085 115
19085 139
19085 181
19085 199
19085 261
19085 314
19085 34
19085 121
19085 45
19085 98
19085 205
19085 282
19085 291
19085 53
19085 75
19085 122
19085 206
19085 2
19085 61
19085 223
19085 240
19085 82
19085 119
19085 246
19085 252
19085 266
19085 307
19085 21
19085 56
19085 81
19085 237
19085 103
19085 224
19085 287
19085 295
19085 305
19085 85
19085 118
19085 203
19085 263
19085 13
19085 31
19085 147
19085 222
19085 262
19085 105
19085 284
19085 149
19085 186
19085 239
19085 245
19085 257
19085 150
19085 152
19085 193
19085 243
19085 16
19085 32
19085 66
19085 95
19085 135
19085 200
19085 221
19085 235
19085 250
19085 194
19085 273
19085 304
19085 310
19085 83
19085 148
19085 215
19085 236
19085 64
19085 73
19085 140
19085 157
19716 45
19716 48
19716 53
19716 54
19716 81
19716 99
19716 153
19716 241
19716 321
19716 437
19716 163
19716 205
19716 220
19716 237
19716 340
19716 417
19716 442
19716 30
19716 47
19716 55
19716 141
19716 262
19716 345
19716 386
19716 565
19716 225
19716 234
19716 238
19716 292
19716 391
19716 499
19716 124
19716 221
19716 546
19716 547
19716 146
19716 171
19716 178
19716 183
19716 441
19716 476
19716 96
19716 212
19716 516
19716 73
19716 279
19716 323
19716 429
19716 435
19716 523
19716 526
19716 253
19716 496
19716 512
19716 121
19716 215
19716 266
19716 339
19716 481
19716 182
19716 224
19716 263
19716 506
19716 111
19716 521
19716 545
19716 570
19716 87
19716 161
19716 240
19716 436
19716 443
19716 474
19716 501
19716 79
19716 110
19716 304
19716 370
19716 408
19716 456
19716 497
19716 564
19716 568
19716 572
19716 80
19716 199
19716 291
19716 327
19716 385
19716 440
19716 12
19716 13
19716 19
19716 20
19716 34
19716 41
19716 43
19716 180
19716 333
19716 359
19716 390
19716 447
19716 493
19716 202
19716 543
19716 560
19716 563
19716 567
19716 569
19716 377
19716 489
19716 559
19716 86
19716 91
19716 181
19716 189
19716 191
19716 398
19716 414
19716 148
19716 448
19716 551
19716 556
19716 82
19716 112
19716 229
19716 409
19716 438
19716 478
19716 203
19716 204
19716 248
19716 363
19716 463
19716 491
19716 58
19716 167
19716 179
19716 226
19716 243
19716 277
19716 354
19716 288
19716 471
19716 498
19716 472
19716 524
19716 538
19716 117
19716 159
19716 217
19716 280
19716 387
19716 519
19716 77
19716 116
19716 132
19716 135
19716 397
19716 413
19716 473
19716 74
19716 324
19716 509
19716 88
19716 233
19716 495
19716 107
19716 252
19716 305
19716 356
19716 366
19716 510
19716 67
19716 119
19716 190
19716 299
19716 310
19716 365
19716 382
19716 92
19716 101
19716 152
19716 160
19716 378
19716 412
19716 169
19716 201
19716 213
19716 302
19716 342
19716 367
19716 444
19716 105
19716 294
19716 314
19716 508
19716 494
19716 539
19716 420
19716 453
19716 517
19716 31
19716 46
19716 52
19716 70
19716 175
19716 211
19716 344
19716 362
19716 251
19716 255
19716 343
19716 428
19716 450
19716 482
19716 68
19716 209
19716 504
19716 308
19716 514
19716 515
19716 1
19716 11
19716 33
19716 37
19716 44
19716 97
19716 296
19716 361
19716 460
19716 485
19716 492
19716 118
19716 137
19716 144
19716 170
19716 208
19716 331
19716 355
19716 89
19716 157
19716 249
19716 147
19716 311
19716 537
19716 210
19716 244
19716 246
19716 467
19716 477
19716 69
19716 113
19716 269
19716 335
19716 410
19716 142
19716 334
19716 383
19716 388
19716 418
19716 461
19716 195
19716 230
19716 293
19716 309
19716 434
19716 109
19716 172
19716 207
19716 529
19716 129
19716 275
19716 306
19716 315
19716 402
19716 459
19716 484
19716 60
19716 151
19716 155
19716 242
19716 258
19716 411
19716 62
19716 138
19716 265
19716 270
19716 357
19716 394
19716 487
19002 14
19002 29
19002 32
19002 34
19002 104
19002 114
19002 127
19002 135
19002 98
19002 136
19002 27
19002 47
19002 60
19002 78
19002 93
19002 96
19002 112
19002 123
19002 84
19002 95
19002 102
19002 133
19002 138
19002 9
19002 56
19002 57
19002 73
19002 75
19002 97
19002 106
19002 115
19002 130
19002 131
19002 2
19002 70
19002 128
19002 7
19002 52
19002 61
19002 66
19002 88
19002 92
19002 109
19002 118
19002 124
19002 90
19002 94
19002 99
19002 108
19002 125
19002 0
19002 5
19002 15
19002 28
19002 50
19002 26
19002 31
19002 46
19002 59
19002 6
19002 8
19002 13
19002 37
19002 71
19002 87
19002 33
19002 49
19002 55
19002 76
19002 67
19002 83
19002 100
19002 101
19002 134
19002 81
19002 91
19002 103
19002 107
19002 86
19002 113
19002 119
19002 120
19002 126
19002 24
19002 39
19002 82
19002 111
19002 117
19002 121
19002 132
19443 75
19443 136
19443 9
19443 25
19443 28
19443 58
19443 67
19443 158
19443 96
19443 114
19443 2
19443 13
19443 46
19443 61
19443 105
19443 129
19443 130
19443 142
19443 19
19443 87
19443 3
19443 36
19443 39
19443 49
19443 59
19443 102
19443 117
19443 131
19443 156
19443 6
19443 145
19443 162
19443 167
19443 35
19443 48
19443 82
19443 89
19443 90
19443 132
19443 148
19443 151
19443 144
19443 44
19443 108
19443 110
19443 22
19443 74
19443 78
19443 81
19443 86
19443 97
19443 101
19443 147
19443 31
19443 139
19443 115
