6535 119
5966 132
5966 133
5966 134
5966 135
6103 106
6103 107
6103 108
6103 109
5921 70
5921 71
5921 72
5921 73
6205 89
6205 96
6205 97
6205 98
5192 1
6298 15
6216 92
6216 93
6216 94
6216 95
6074 92
6074 96
6698 14
6698 15
6381 52
6103 126
6103 127
5171 73
5171 74
6655 16
6571 163
6571 166
6407 106
6407 107
5914 2
6280 127
5084 60
6004 136
6004 137
6058 202
6058 203
5609 40
6021 90
5187 95
5383 12
5925 6
6542 212
6542 213
6527 42
6527 43
6547 41
6547 42
6230 125
6230 126
6230 127
6230 138
6634 60
5925 24
5925 27
6043 186
6043 187
6303 78
5177 3
5177 11
6211 73
6211 74
6211 75
6211 76
6544 232
6544 233
6544 234
6544 236
6592 158
6592 159
5056 49
5056 50
6210 29
6210 30
6210 36
6217 60
6217 72
6217 73
6348 77
6348 78
6348 81
6348 82
5082 13
6490 63
6261 21
6261 22
6261 23
6261 24
5947 68
5947 69
5947 70
5947 71
5933 146
5933 147
6572 165
6572 166
6153 16
6153 17
6153 18
6153 19
5891 20
5891 22
5891 23
4953 24
4953 25
4953 26
4953 27
6043 177
6043 178
6043 181
6043 182
6402 56
6402 59
6402 60
6362 118
6362 119
6362 120
6362 121
6631 74
6004 52
6004 53
5916 28
5916 29
5087 8
5087 10
6146 67
6146 68
6146 69
6146 70
6155 6
6192 66
6192 67
6192 68
6192 69
5989 1
5989 4
5989 8
5087 15
6301 89
6119 5
5331 128
5331 129
5331 130
5331 131
6698 49
6647 246
5364 210
5364 211
5364 212
5364 213
6339 97
6339 113
6339 114
6339 115
6324 87
6748 165
6748 166
6748 167
6281 106
6281 117
6281 118
6281 119
5921 112
5921 113
5921 114
5921 115
6640 85
6640 86
5025 29
5025 30
5025 31
5025 32
5377 48
6162 125
6162 126
6147 0
6147 1
6147 2
6147 3
6091 71
6091 73
6091 75
6091 76
4974 6
4974 8
4974 13
5179 84
5179 85
5179 86
5179 87
6382 60
5361 140
5361 141
5361 142
5361 143
6423 177
6423 178
6423 179
6423 180
6080 163
6080 164
6080 166
6080 167
6748 57
6748 58
6425 47
6425 176
6425 179
5127 8
5127 9
5127 10
5127 11
6300 10
6695 17
6695 18
6695 19
6695 20
5915 48
5915 49
5915 50
5915 51
6366 29
6366 31
6420 4
6420 5
6420 6
6420 7
5607 24
5607 25
5607 28
5607 29
5211 84
5211 85
5211 86
5211 87
5905 16
5905 17
5905 18
5905 19
6535 74
6535 75
6535 76
6535 77
6575 64
5013 152
5013 153
5013 154
5013 155
6098 16
6098 17
6098 18
6098 19
6506 43
6506 44
6506 45
6506 46
6338 68
6338 71
6338 72
6338 73
6012 0
6012 1
6012 2
6012 3
5418 0
5418 1
5418 2
5418 3
5979 108
5979 109
5979 112
5979 113
6692 12
6692 16
6692 17
6692 18
6423 55
6423 58
6423 59
6423 63
6410 7
6410 9
5624 41
5624 42
5624 51
5624 52
5605 66
5605 67
5605 68
5605 69
5366 8
5366 9
5366 20
5366 21
5901 42
5901 43
5901 44
5901 45
6598 130
6598 131
6598 132
6598 133
6334 98
6334 99
6334 102
6334 103
6680 22
6680 23
6680 24
6680 25
6564 183
6564 185
6564 188
6564 189
5347 14
6425 185
6425 186
6425 187
6425 188
6628 32
6577 90
6577 91
6577 92
6577 93
6219 70
6219 71
6219 72
6219 73
5396 13
5396 14
5396 15
5396 16
6176 166
6573 77
6573 79
6370 50
6370 51
6370 52
6370 53
6282 75
6282 76
6282 77
6282 78
5914 6
6145 20
6145 21
6145 22
5161 21
5984 2
5984 4
5984 5
5984 7
6382 23
6382 24
6382 25
6382 26
6533 74
6533 78
6533 81
6533 85
6370 4
6370 5
6370 6
6370 7
6671 68
6671 69
6671 70
6671 71
5616 4
5616 19
5616 22
5616 24
6281 148
6281 149
6281 150
6281 151
6369 109
6369 110
6369 111
6369 112
5031 8
5031 9
5031 10
5031 11
5216 2
5216 71
5216 72
6594 12
6594 13
6594 14
6594 15
6423 156
6423 157
6423 158
6423 159
5909 10
5909 13
5909 19
5909 20
6548 128
6548 129
6548 130
6548 131
6410 173
6410 174
6410 185
6410 186
6566 81
6160 14
6220 47
6220 49
6220 50
6220 51
6157 54
6157 55
6157 56
6157 57
5947 115
5947 116
5947 117
5947 119
6325 55
6325 56
6325 59
5986 30
5986 31
6168 119
6168 120
6168 121
6168 122
5957 16
5957 19
5776 42
5776 43
5776 44
5776 45
6623 49
5977 87
5977 90
5977 91
5977 92
5017 26
5017 27
5017 28
5017 29
5217 57
5217 58
5217 59
5217 60
6198 112
6198 114
6198 115
6198 118
6406 160
6406 163
6406 192
6695 61
6695 62
6695 63
6599 43
6599 44
5941 0
5941 1
5941 3
6478 61
6478 62
6478 63
6478 84
6173 180
6173 181
6173 182
6173 183
6074 84
6074 85
6074 86
6074 87
5444 28
5444 29
5444 30
5444 31
6426 94
6426 95
6199 121
6199 122
6199 123
6199 124
5070 88
5070 89
5213 7
5213 10
5213 11
5213 12
6231 114
6231 115
6231 118
6683 16
6683 17
5900 12
5900 13
5900 14
5153 2
5153 3
5153 4
5153 5
6614 174
6614 175
6614 180
6162 185
6162 186
6162 187
6162 188
6687 175
6687 176
5623 10
5623 11
5623 22
5623 23
6457 159
6457 160
6457 187
6457 190
5384 148
5384 149
5384 150
5384 151
6583 177
6583 178
6583 179
6583 180
6600 117
6600 118
6084 8
5441 56
5441 57
5441 58
5441 59
6070 49
6070 50
6070 51
6070 54
6544 110
6544 111
6544 112
6544 113
5391 32
5391 33
5391 34
5391 35
6298 69
6162 158
6605 41
6605 42
6234 16
6234 17
6234 18
6234 19
5084 7
5060 64
5587 20
5587 21
5587 22
5587 23
6359 95
6359 96
6359 97
6359 98
6100 128
6100 129
6100 130
6100 131
5952 4
5952 5
5952 6
5952 7
6695 55
6695 56
6695 57
6508 21
6508 22
6211 174
6211 175
6211 217
6211 218
5910 0
5910 1
5910 2
5910 3
6030 79
6030 80
6640 99
6640 100
6640 101
6640 102
6299 40
6299 41
6299 42
6299 43
6676 123
6676 133
6676 134
4953 40
4953 41
4953 42
4953 43
6590 22
6590 23
6280 159
5975 10
5975 11
5975 12
5975 13
6468 61
6468 62
6468 63
5036 16
5036 17
5036 19
5036 20
5601 14
5601 15
5601 17
5601 18
6642 14
6642 15
6642 16
6642 17
6052 77
6052 78
6565 218
6565 222
5370 76
5370 77
5370 78
5370 79
6223 8
6223 9
6223 10
6223 11
6198 4
6198 5
6198 6
6198 7
5391 44
5391 45
5391 46
5948 30
5948 31
6340 97
6340 98
6340 113
6340 115
5084 5
4998 4
4998 5
4998 6
4998 7
6205 99
6205 100
6205 101
6205 103
5597 21
5959 3
5959 5
5959 32
5959 33
5455 86
5455 87
5455 88
5455 89
5909 33
5909 34
5909 35
5909 36
6698 147
6698 148
6698 149
6698 150
5086 91
6198 43
6198 44
6198 45
6198 46
5077 16
5077 17
5077 18
5077 19
6630 124
6630 125
6630 126
6630 127
5957 0
5957 3
5957 4
5957 7
6301 82
6301 83
6301 84
6301 85
6059 38
6078 29
6078 30
6027 96
6027 97
6027 100
6027 101
6426 85
6382 189
6382 190
6076 75
6076 140
6076 142
6076 143
6548 10
6548 14
6442 18
6442 19
6385 9
6385 10
6385 13
6385 14
6078 6
6078 9
6078 10
6078 14
6583 97
5151 220
5151 222
6096 32
6096 33
6096 34
6096 35
5979 62
5979 63
6549 53
6549 54
5779 14
5779 15
6448 192
6448 193
6448 194
6448 195
6075 0
6075 1
6075 3
6075 15
6381 92
6381 105
6381 106
6381 108
5409 10
5409 32
5409 33
5409 34
4953 44
4953 45
4953 46
4953 47
5084 128
6611 124
6611 125
6611 127
6521 54
6521 55
6529 82
6529 83
6529 84
6529 85
6529 20
6529 21
6529 22
6529 23
6565 191
6356 107
6356 108
5386 7
5386 69
5386 70
5386 132
5891 72
5891 73
5891 74
5891 75
5341 186
5341 187
5341 188
5341 189
6630 106
6630 119
6630 138
6630 139
6412 28
6412 29
6412 33
6412 34
6663 0
6663 1
6663 2
6663 3
5155 35
5155 36
5155 37
5155 39
6544 29
6544 36
6544 37
6544 38
5971 90
5971 92
5971 118
5971 121
6123 0
6123 1
6123 2
6123 4
6321 46
6321 48
6195 72
6195 73
6195 74
6195 75
6106 75
6106 76
6106 77
6106 78
6571 175
6571 176
6571 183
6571 193
6059 18
6059 19
6059 20
6059 21
6605 155
6605 158
6605 159
6605 160
6280 53
6280 54
6280 55
6280 56
6123 108
6123 140
5095 104
5095 105
5095 106
5095 107
6542 64
6542 65
6542 66
6542 67
5899 24
5899 25
5899 26
5899 27
6697 146
6697 147
6630 150
6630 151
6630 152
6630 153
6154 22
6154 26
6154 30
6286 158
6286 159
6286 160
6286 161
5423 2
5164 39
5164 40
5164 43
5164 44
5151 7
5916 12
5916 13
5916 14
5916 15
5212 28
6406 73
6406 75
6406 76
6406 199
6305 34
6305 46
5168 0
5168 1
5168 3
5168 4
6676 58
6160 68
6160 71
6160 72
6160 75
6122 26
6122 27
6122 28
6122 29
5589 60
5589 61
5589 62
5589 63
6224 17
6224 18
6224 19
6224 20
6589 23
6589 25
6162 139
5130 100
5130 101
6091 38
6091 40
6091 41
6091 42
5915 4
5915 5
5915 6
5915 7
5933 158
5933 159
6698 78
6698 79
6698 80
6698 81
4971 40
4971 41
4971 42
4971 43
6478 41
6478 43
6478 44
6478 45
6199 0
6199 1
6199 2
6199 3
6566 46
6566 49
6566 50
6566 52
5961 62
5961 63
5961 64
5961 69
6341 128
6341 129
6341 130
6341 132
6105 40
6105 41
6105 42
6105 43
4962 150
4962 151
4962 152
4962 153
6168 77
6221 52
6221 53
6221 54
6221 55
5204 0
5204 1
5204 2
5204 3
6671 25
6671 26
6671 27
6671 28
5979 34
5979 41
5979 42
5979 43
6640 121
6640 122
6640 123
6640 124
6406 172
6406 175
6406 176
6406 179
6572 75
6572 76
6572 77
6572 78
6092 147
6092 148
6092 149
6092 150
6623 15
6223 28
6223 29
6281 88
6281 159
6281 160
6281 161
6286 37
6286 38
6286 39
6286 40
5910 8
5910 9
5910 10
5910 11
6525 53
6525 54
6299 38
6299 39
6206 44
6206 45
6206 46
6206 47
4998 36
4998 37
4998 38
4998 39
6339 80
6339 167
6376 8
6376 9
4954 26
6304 75
6304 76
6304 77
6444 34
6444 35
6444 36
6444 37
6444 152
6444 153
6444 154
6444 155
6564 152
6564 214
6564 215
6564 217
6085 14
6085 15
6085 16
6085 17
6748 189
6748 190
6748 191
6569 14
6569 15
6569 16
6569 17
6168 76
6168 78
6168 79
6168 80
6004 96
6004 97
6004 98
6004 99
6379 122
6379 123
6379 124
5005 197
5005 198
5005 199
5005 200
6696 24
6696 25
6696 36
6696 37
5124 32
5124 33
5124 34
5124 35
6231 48
6231 49
6231 50
6231 51
5029 197
5029 198
5029 199
4999 34
4999 37
4999 41
4999 45
6382 64
6382 65
6382 66
6342 82
6342 83
6342 84
6342 85
6571 88
6571 96
6571 99
6571 100
6021 128
6021 129
6021 130
6021 131
6100 118
6100 119
6100 120
6100 121
6565 198
6565 202
6565 224
6565 227
6649 74
6649 75
6649 76
6649 77
6058 129
6058 130
6058 134
6058 137
6216 39
6544 30
6544 31
5013 164
5013 165
5013 166
5013 167
6653 10
6653 11
6653 12
6653 13
5900 8
5900 9
5900 10
5900 11
6315 10
6315 18
6315 22
5192 11
5192 12
5192 14
5192 15
6092 48
6092 49
6092 50
6092 52
6201 13
6201 14
6201 15
6201 16
6286 10
6286 11
6286 12
6198 51
6198 52
6198 53
6198 54
6460 32
6460 35
6460 36
6460 37
6083 55
6083 56
6083 57
5182 1
5182 2
5182 3
5182 5
6692 144
6692 145
6692 146
6692 147
6304 175
6304 176
6304 177
6304 178
6224 102
6224 103
6224 104
6224 105
6402 47
6402 48
6402 49
6402 50
6380 8
6380 9
6380 10
6380 11
6503 18
6503 19
6428 18
6428 19
6428 20
6428 21
6339 109
6339 110
6339 111
6339 112
5935 18
5935 19
5935 20
5935 21
6261 0
6261 1
6261 2
6261 3
4982 138
4982 139
4982 141
4982 143
6103 53
6103 54
6103 55
6103 56
6605 107
6605 108
6052 103
6052 104
6052 107
4989 0
4989 1
4989 2
4989 3
6233 55
6233 56
6233 57
6233 58
6615 81
6615 82
6615 83
6615 84
5611 46
5611 48
5611 49
5611 79
6367 57
6367 58
6367 59
6367 60
6698 84
6698 85
6698 86
6698 87
6630 21
6630 22
6630 23
6630 24
6502 113
6502 114
6031 136
6031 137
6031 140
6031 144
6327 44
6327 45
6327 46
6327 47
6630 55
6630 56
6630 58
6630 59
5449 60
5449 61
5449 62
5449 63
6446 59
6446 60
6446 61
6446 62
6653 57
6653 58
6571 103
6571 104
6571 156
6571 184
6544 22
6544 23
6544 24
6544 25
6190 119
6190 120
6190 121
6190 122
6230 62
6230 63
6230 67
6230 86
6479 49
6479 51
6479 52
6479 53
6611 61
6611 62
6420 70
6420 71
6420 72
6420 73
5394 12
5394 13
5394 14
5394 15
6378 32
6378 35
6444 30
6444 31
5056 17
5056 18
5056 19
5056 20
6350 68
6350 69
6350 70
6350 71
6176 210
6176 211
6176 212
6176 213
6221 36
6221 37
6221 38
6221 39
5408 4
5408 5
5408 6
5408 7
6417 56
6417 119
6417 122
6417 123
6529 36
6529 37
6529 38
6529 106
6026 17
6026 18
6026 19
6026 20
6341 14
6341 15
6341 16
6341 17
6664 73
6664 74
6664 75
6664 76
6324 90
6324 91
6324 92
6324 93
6616 16
6616 17
6616 18
6616 19
5341 30
5341 31
5341 160
5341 161
6599 80
6599 81
6599 82
6599 84
6592 145
6592 146
6592 147
6592 148
5455 106
5455 107
5455 108
5455 109
6387 52
6653 116
6653 117
6653 128
6653 129
5382 165
5382 166
5382 167
5382 168
6179 53
6179 54
6179 55
6162 88
6162 89
6162 90
6162 91
5217 52
5217 53
5217 54
5217 56
6687 161
6687 162
6687 163
6580 20
6580 21
6489 121
6489 124
6489 125
6630 112
6630 113
6630 114
6630 115
6075 48
6075 49
6075 50
6075 51
5960 46
5960 47
5960 48
6096 48
6096 49
6096 50
6096 51
5977 124
5977 125
5977 126
5977 127
6314 42
6314 64
6314 67
6314 68
6551 212
6551 213
6658 33
6658 34
6658 35
6658 36
6439 36
6439 37
6439 38
6439 39
6168 139
6168 140
6168 143
6168 144
6102 4
6102 5
6102 6
6102 7
5021 0
5021 2
5021 3
5021 4
6321 63
5782 57
5782 121
5782 122
5782 123
6692 71
6313 0
6313 1
6313 2
6313 3
5179 184
5179 228
5179 235
6501 50
6501 51
6501 52
6501 53
5603 15
5603 18
5603 19
5603 20
6615 30
6615 31
6615 32
6615 33
6479 50
6479 54
6479 58
6479 59
6002 0
6002 1
6002 4
6002 5
6688 13
6688 14
6688 15
6688 16
6443 10
6443 11
6443 12
6443 13
5606 10
5606 11
5606 12
5606 13
6153 2
6153 3
6153 4
6153 5
5386 58
5386 120
5386 124
5386 179
5600 64
5600 65
5600 66
5600 67
5233 20
5233 21
5233 30
5233 69
6521 76
6521 77
6521 78
6521 79
6527 35
6527 36
5783 45
5783 46
5783 47
5783 48
5985 116
5985 117
5093 149
5093 150
5093 151
5093 152
6168 186
6168 189
6168 191
6168 193
6004 14
6004 15
6004 16
6004 17
5961 70
5961 71
5961 72
5961 73
5990 1
5990 2
5990 5
5990 9
6026 75
6026 77
6026 81
6026 82
6261 8
6261 9
6261 11
6261 12
5124 52
5124 53
6410 151
6410 152
6410 153
6410 154
5929 4
5929 5
5929 6
5929 7
6354 82
6354 83
6354 84
6354 85
6031 32
6031 35
6031 36
6031 66
6572 40
6572 41
6572 42
6572 43
6321 10
6321 11
6321 49
6321 50
5087 27
6695 51
6695 52
6695 53
6695 54
5985 202
5985 203
5985 204
5985 205
5437 8
5437 9
5437 10
5437 11
6614 118
6334 27
6334 28
6334 31
6334 33
5625 64
5625 65
5625 66
5625 67
6572 113
6572 114
6304 88
6304 89
6304 96
6304 97
6665 7
6665 8
6665 9
6665 10
6663 167
6663 168
6663 169
6663 170
6079 15
6079 16
6079 18
6079 29
6631 96
6631 97
6631 98
6631 99
6327 68
6327 69
6327 70
6327 71
6168 11
6168 15
5782 29
5782 30
5782 31
5782 32
6352 34
6314 15
6314 16
6314 17
6314 18
5441 92
5441 93
5441 94
5441 95
5227 32
5227 34
5227 37
5227 38
5071 40
5071 41
5071 42
5071 43
6600 38
6600 39
6600 40
6600 41
6162 59
5361 122
5361 123
5361 124
5361 125
6668 81
6668 117
5385 96
5385 97
5385 98
5385 99
5046 73
5046 74
5046 75
5046 76
6321 55
6321 56
6690 113
6690 114
6690 115
6690 116
6348 18
6348 19
6348 20
6348 21
5933 155
5933 156
5933 157
5933 164
6301 196
6301 197
6301 198
6301 199
6412 0
6412 1
6412 2
6412 3
5147 39
5147 44
5147 47
5147 49
4999 26
4999 29
4999 30
4999 33
5386 3
5386 65
5386 66
5386 128
5005 180
5005 182
5005 217
5005 218
5084 37
5364 52
5364 53
5364 54
5364 55
5051 105
5051 106
5051 107
5051 108
6401 72
6401 73
6059 83
6059 102
6059 104
6059 112
6165 8
6165 20
5937 15
5909 25
5909 26
5909 27
5909 28
5169 216
5169 217
5169 218
5169 219
5774 75
5774 76
5774 77
5774 78
6028 36
6028 37
6653 61
6653 62
6653 63
5341 182
5341 183
5341 184
5341 185
6323 10
6323 11
6323 12
6323 13
6195 85
6621 32
6634 24
6634 25
6634 26
6634 28
5151 63
5942 23
5942 24
6592 95
6592 96
6592 97
6592 103
6483 0
5084 52
5368 120
5368 121
5368 122
5368 123
6352 0
6352 1
6352 2
6352 3
6341 106
6341 108
6341 109
6341 110
5940 24
5940 26
6551 152
6551 153
6551 154
6551 155
5387 24
5387 25
5387 26
5387 27
6592 8
6592 9
6592 10
6592 11
5187 72
5187 74
5187 75
5187 76
6483 36
6483 37
6483 38
6483 39
5925 111
5925 112
6564 94
6564 95
5139 29
5139 32
5139 33
5139 36
5891 188
5891 192
5891 193
5891 194
6423 41
6423 43
6423 45
6423 46
6286 41
6286 42
5019 25
5019 40
5019 42
5019 84
6381 58
6381 59
6381 60
5586 129
5586 130
5586 131
5586 132
6553 148
6553 150
6583 24
6583 25
6030 107
6030 109
6030 110
6030 111
5060 96
6375 22
6226 117
6226 118
6226 119
6226 120
6583 93
6583 94
6583 95
6583 96
5449 36
5449 37
5449 38
5449 39
4981 13
4981 14
4981 15
4981 16
6406 33
6406 35
6406 37
6406 39
6666 93
6666 94
6666 95
5625 18
5625 19
5625 20
5625 21
5894 65
5894 66
5894 67
5894 68
6021 190
6615 62
6615 63
5039 6
5039 7
5039 8
5039 9
6583 122
6583 123
6583 124
6583 125
5605 1
5605 2
5605 3
5605 128
6022 56
6022 57
5034 8
5034 9
5034 11
5034 12
6151 35
6151 72
6151 73
6151 74
5382 69
5382 70
5382 71
5382 72
6059 40
6059 41
6059 42
6059 43
6553 123
6553 124
6462 64
6462 65
5061 7
5061 8
5061 9
5061 12
5386 4
5386 6
5386 8
5386 133
6562 54
6562 55
6562 56
6562 57
6653 118
6653 119
6653 120
6653 121
6075 36
6075 37
6075 38
6075 39
6370 8
6370 9
6163 36
6163 49
6163 51
6163 52
6235 52
6235 53
6235 74
6235 75
5360 18
5360 19
6151 40
6151 41
6151 43
6151 44
6312 56
6312 57
6312 58
6312 59
6441 1
6441 2
6441 3
6441 6
6076 23
6076 144
6076 145
6076 148
6205 57
6205 64
6205 65
6205 66
5177 14
5177 41
5177 48
6571 57
6571 64
6571 65
6571 66
4991 4
4991 5
4991 6
4991 7
5433 50
5433 51
5433 52
5433 53
6439 29
6439 30
6281 10
6281 11
6281 12
6281 13
6139 53
6139 54
6139 55
6139 125
6669 107
6669 108
6669 109
6669 110
6168 147
6168 148
6168 151
6168 152
6606 0
6606 1
6606 2
6606 3
5441 76
5441 77
5441 78
5441 79
6201 21
6201 22
6201 23
6201 24
5016 68
5016 69
5016 70
5016 71
6339 85
6339 86
6339 88
6339 89
6091 56
6091 59
6091 60
6091 61
6219 5
6219 6
6219 7
6219 8
6668 128
6668 129
6668 130
6668 131
5384 68
5384 69
5384 70
5384 71
6596 16
6596 17
6596 33
6596 34
6190 11
6190 14
6190 99
6190 100
6179 81
6179 82
6179 83
6179 84
5155 132
5155 140
5456 48
5456 49
6375 23
4957 58
4957 59
4957 60
4957 61
5606 73
5606 74
5606 75
5606 76
6217 119
6190 127
5454 37
5454 41
5454 103
5454 107
6163 27
6323 84
6323 85
6323 86
6323 87
5933 185
6690 159
5425 20
5425 21
5425 22
5425 23
5341 8
5341 9
5341 40
5341 41
6440 57
6235 76
6235 77
6235 78
6235 79
6683 127
6663 13
6663 14
6663 15
5376 24
5376 25
5376 26
5376 27
5933 94
5933 95
5031 82
5031 83
5031 84
5031 85
5778 8
5778 9
5778 14
5778 15
6582 58
6582 59
6582 60
5214 53
5214 54
5214 55
5214 56
6319 73
6319 74
6319 114
6319 115
6319 116
6319 117
6011 10
5151 207
5151 209
5151 225
5411 136
5411 137
5411 138
5411 139
6305 28
6374 13
5000 64
5000 65
5000 66
5000 67
6362 54
6362 55
6362 56
6362 57
5933 125
5924 0
5924 1
5924 2
5924 3
5086 42
5086 43
5086 44
5086 45
6314 31
6338 42
6338 45
6338 46
6338 48
5921 46
5921 47
5921 48
5921 49
6592 0
6592 1
6592 2
6592 3
6647 32
6647 33
6647 34
6647 35
6562 39
6562 40
6562 41
6562 42
6666 104
6666 105
6666 106
6666 107
6542 202
6542 203
6192 62
6192 63
6192 64
6192 65
5773 14
6102 53
6102 54
6102 55
6102 56
6521 127
6102 16
6102 17
6102 18
6102 19
5377 28
5377 29
5377 30
5377 31
6687 221
6687 222
6687 228
6687 229
6027 119
6027 120
6548 136
6548 137
6114 160
6114 161
6114 162
6114 163
6377 10
6377 11
6581 7
6581 8
6581 9
6581 10
5773 17
5773 18
5773 19
5773 20
6614 0
6614 1
6614 2
6614 3
6157 94
6099 0
6099 1
6099 4
6198 13
6198 14
6198 16
6198 17
5436 106
5436 107
5436 108
5436 109
5091 37
5091 38
5091 39
5091 40
6300 11
6600 8
6600 9
6442 0
6442 1
6442 2
6442 3
5910 73
5910 74
5910 75
5910 76
5932 8
5932 9
5021 82
5455 56
5455 57
5455 58
5455 59
6748 148
6663 20
6663 21
6663 22
6663 23
6070 131
6281 43
6281 44
5930 2
5440 20
5440 21
5440 22
5440 23
6681 27
6681 28
5409 11
5409 12
5409 13
5409 14
6606 90
6606 91
6606 101
6606 102
6448 47
6448 48
6448 49
6448 50
6004 142
6004 143
6004 144
6004 145
6333 0
6333 1
6333 2
6333 3
6145 23
6145 32
6145 36
6145 38
6664 86
6664 87
6664 88
6664 96
5348 4
5348 5
5348 6
5348 7
6437 17
5384 84
5384 85
5384 86
5384 87
6356 141
6356 142
6356 143
6356 144
6489 119
6487 136
6487 137
6748 36
6748 37
5768 10
5768 12
5768 14
5607 52
6343 54
6450 4
6450 5
6450 6
6387 61
6141 12
6141 13
6151 91
6151 93
5086 34
5086 35
5086 36
5086 37
5783 99
5783 100
5783 101
5783 102
5005 48
5005 49
5005 50
5005 51
6404 118
6404 152
6695 58
6695 59
6080 107
6080 108
6282 0
6282 1
6282 2
6282 4
6342 76
6342 77
6380 12
6380 13
6380 14
6380 15
6548 94
6548 95
6149 126
5341 148
5341 149
6547 47
6547 48
6547 49
6547 50
6324 63
6324 157
5049 58
5049 60
6350 96
6350 97
6350 98
6111 0
6111 1
6111 2
6111 3
6173 98
6173 99
6173 100
6173 101
5985 145
5985 146
5985 147
5985 148
6380 99
6380 103
6380 107
6380 116
5084 62
6668 101
6444 164
6444 165
6444 166
6444 167
6687 181
6198 85
6198 86
6198 87
6198 88
6487 118
6487 119
6487 120
6487 121
6319 100
6319 101
6319 102
6319 148
6379 61
6379 62
6379 63
6158 13
6158 14
6158 15
6158 17
6106 92
6106 93
6106 94
6106 95
5106 19
5106 21
5106 22
6527 61
6527 62
6448 113
6448 114
6448 115
6448 116
6330 20
6330 24
6103 11
6103 12
6103 13
6103 14
6318 131
6318 132
6318 133
6318 134
5022 6
5906 12
5906 13
5906 14
5906 15
6412 104
6412 141
6412 145
6412 146
6609 21
6609 23
6028 8
6028 9
6303 100
6303 101
6303 102
6303 103
6326 93
6326 113
5079 1
5588 72
5588 73
5588 74
5588 75
6688 9
6688 10
6688 11
6688 12
6551 3
6551 14
5979 94
5979 95
5901 39
5901 40
5901 57
5901 59
6669 20
6669 21
5926 13
5025 129
5025 132
5025 133
5025 134
5971 124
5971 127
5630 26
5630 27
5598 0
5598 1
5598 2
5598 3
6533 63
6533 94
6198 19
6198 20
6198 21
6198 23
6139 29
6366 89
6366 90
6366 91
6366 92
4982 4
4982 5
4982 6
4982 7
6487 4
6487 5
6487 6
6487 7
6065 28
6065 29
6065 30
6065 31
6378 27
6378 28
5339 76
5339 77
5127 70
5127 71
5127 72
5127 73
6544 285
6544 286
6544 351
6544 352
6326 94
6326 95
6621 30
6621 31
6211 46
6211 47
6211 48
6211 49
6503 8
6503 9
6074 22
6074 23
6074 24
6074 25
6596 22
6596 23
6596 25
6596 26
5371 61
5371 62
5371 63
5371 64
6078 77
6078 79
6078 80
6078 81
6683 118
6683 119
5783 128
5982 14
5982 19
5982 22
5982 23
6090 50
6090 51
6090 52
6090 53
6354 62
6354 63
5963 16
5963 18
5013 124
5013 125
5013 126
5013 127
6425 2
6425 6
6425 134
6425 139
6101 48
6101 51
6101 52
6101 54
6431 53
6431 54
5235 26
5235 27
5235 28
5235 30
6664 57
6664 58
6664 59
6664 68
6483 30
6246 18
6246 19
6148 33
6148 34
6148 37
6148 38
6301 110
6301 111
6301 112
6301 115
6221 64
6221 65
6221 66
6103 49
6103 50
6103 51
6103 52
6218 41
6218 44
6218 45
6218 49
5975 43
5975 47
5975 48
5975 52
5207 80
5207 83
5207 84
5207 85
6687 241
6687 242
6687 243
6687 244
6535 64
6535 65
6535 66
6535 67
6007 105
6007 106
6007 108
6007 109
5975 4
5975 5
5975 6
5975 7
6176 92
6176 94
6176 95
6176 97
6091 26
6091 28
6091 29
6091 32
5600 121
5600 144
5600 177
5600 180
6535 109
6535 110
6535 111
6535 112
6022 27
6022 28
6022 29
6022 30
5938 18
5938 49
6026 13
6026 14
6664 93
6664 94
6664 95
5061 64
5061 68
5061 71
5061 72
6581 15
6581 16
5051 154
5051 155
5051 156
5051 157
6217 37
6217 38
6217 39
6217 41
6162 118
6162 119
6162 120
6162 121
6542 30
6542 31
6542 33
5345 18
5345 19
5091 62
5385 100
5385 101
5385 102
5385 103
6664 105
6664 106
6664 107
6571 21
6571 22
5968 22
5060 56
6304 114
6304 115
5397 71
5397 72
5397 73
5397 74
6353 11
6353 15
5906 20
5906 21
5906 22
5906 23
4971 52
4971 53
4971 54
4971 55
6211 101
6211 102
6211 103
6478 54
6478 55
6478 56
6478 57
6031 130
6031 132
6031 134
6031 138
5451 30
5451 31
5451 32
5451 33
6529 49
6529 50
6529 51
6529 52
6176 10
6176 141
6176 169
5171 60
5171 61
5171 62
5171 63
6108 0
6108 1
6108 2
6108 3
6696 42
6696 43
6696 44
6696 45
6628 41
6628 42
6628 43
6628 44
6566 37
6566 40
6566 41
6566 42
6687 199
6687 200
6687 201
6687 202
6444 86
6444 87
5399 50
5399 51
5399 52
5399 53
5000 13
5000 14
5000 15
5000 16
6118 152
6118 153
6118 154
6118 155
5056 51
5056 54
5056 55
5056 56
6118 78
6118 79
6118 80
6118 81
6521 119
6521 120
6521 124
5136 0
5136 45
5136 49
6098 94
6098 95
6098 98
6098 99
5339 38
5339 39
5339 50
5339 51
5623 24
5623 25
5623 26
6603 58
6603 59
6603 60
6603 61
5454 60
5454 116
5454 122
5454 125
6119 0
6119 2
6119 3
6119 4
5215 59
5215 60
5215 61
6160 54
6160 55
6160 56
6160 57
6379 190
6379 191
6362 68
6362 69
6362 70
6362 71
6122 199
6122 200
6122 201
6122 202
6611 101
6611 102
6611 103
6611 104
5977 104
5977 105
5977 106
5977 107
6303 38
6303 39
6303 40
6303 41
4981 35
4981 37
6083 34
6083 35
6083 36
6083 37
5891 28
5901 64
5901 65
5901 66
5901 67
6100 180
6100 181
6100 183
6238 2
6238 3
6238 4
6238 5
6692 100
6692 101
6692 102
6692 103
5625 160
5625 161
5625 162
5625 163
4971 72
4971 73
4971 74
4971 75
6440 180
6440 181
6184 52
6184 82
4982 127
4982 140
6074 130
6074 131
6074 132
6074 133
6298 36
6298 37
6298 38
6298 39
6021 103
6110 116
6110 117
6110 119
6110 120
6180 10
6180 13
6180 14
6180 16
6046 8
6046 9
6046 10
6046 86
5918 0
5918 1
5918 2
5918 3
6379 148
6379 149
6379 150
6379 151
6377 40
6377 42
6377 43
6377 44
5604 85
5604 87
5604 88
5604 89
6203 22
6467 109
6467 110
6467 111
5771 38
5771 39
5771 40
5771 41
6185 14
6185 16
6185 17
6185 19
6669 59
6669 60
6669 61
6669 62
5588 45
5588 46
5588 47
5588 76
5061 30
5061 57
5624 21
6546 30
6546 32
6546 33
6546 34
5977 21
5977 25
5977 27
5130 85
6123 79
6123 90
6123 93
6123 94
6192 8
6192 9
6192 20
6192 21
5000 9
5000 28
6192 0
6192 1
6192 2
6192 3
6407 151
6407 154
6407 155
6407 170
6090 63
6090 65
6090 66
6090 67
6056 25
6056 32
6056 33
6056 34
6437 21
6036 13
6036 16
6036 17
6036 21
5906 169
5906 170
6552 20
6552 21
6552 22
6552 23
6182 118
6182 120
6182 121
6182 123
6591 147
6591 148
6387 192
6387 193
6387 194
6387 195
6529 61
6529 103
6529 104
6529 105
5361 177
6027 16
6027 17
6027 18
6027 19
5060 60
6564 70
6564 71
6564 72
6300 112
6300 113
6300 114
6300 115
5389 7
5389 8
5389 9
6579 46
6579 47
6579 48
6579 49
6553 128
6553 129
6553 130
6553 131
6685 11
6685 12
6685 14
6748 199
6748 200
6748 201
6748 202
5182 55
5182 56
5182 57
5182 58
6100 0
6100 1
6100 2
6100 3
6647 179
6647 180
6647 181
6647 196
6224 1
6224 2
6224 3
6224 6
6235 12
6235 13
6235 14
6235 15
6244 8
6244 9
6206 32
6206 33
6206 34
6206 35
6611 73
6611 74
6625 21
6625 23
5036 32
5036 33
5036 36
5036 37
6664 230
6502 37
6502 38
6502 39
6502 40
5051 57
5051 58
5051 59
5051 60
5386 18
5386 142
5386 145
5386 147
6327 54
6327 55
6327 56
6327 57
6336 18
6336 21
6336 32
6336 34
6058 25
6058 27
6058 28
6058 29
6668 106
6668 107
6668 108
6668 109
6349 49
6349 50
5586 141
5586 142
6154 27
6154 28
6154 29
5971 61
5971 62
5925 185
5925 186
5925 187
6314 141
6314 142
6314 145
6314 146
6233 2
6233 10
6233 14
6233 18
5084 20
5192 16
5192 21
5192 24
5192 25
6663 175
6663 176
6663 177
6663 178
6603 9
6603 13
6603 42
6603 50
6110 80
6110 98
6110 110
6110 111
6073 20
6073 21
6073 22
6073 23
6453 26
6453 27
6453 29
6453 30
6280 35
6280 36
6280 37
6280 38
6329 16
6329 17
6329 18
5332 28
5332 29
5332 30
5332 31
4991 19
4991 20
4991 21
4991 22
6697 12
6697 13
6697 14
6697 15
6141 28
6141 29
6141 30
6689 20
6689 21
5334 26
5334 27
5334 28
5334 29
5204 74
5204 75
5204 76
5204 80
6692 51
6692 52
6692 53
6692 54
6634 161
6634 162
6634 163
6634 164
6353 78
6353 79
6353 80
6353 81
6326 105
6326 106
6326 107
6326 109
5924 24
5924 25
5924 26
5924 27
5977 159
6462 78
6462 79
6462 80
6462 81
6653 93
6653 94
6653 95
6653 96
5602 98
5602 102
5602 104
5602 105
6341 41
6341 43
6341 44
6341 45
5089 49
6453 39
6453 40
6453 41
6453 42
5975 51
6139 0
6139 1
6139 2
6139 3
6625 30
6625 31
6362 32
6362 33
6362 34
6362 35
5947 41
5947 42
5947 43
5947 44
6669 34
6669 35
6669 36
5940 15
6074 60
6074 61
6074 62
6074 63
6401 94
6565 203
6565 206
6565 209
6565 210
6533 13
6533 14
6533 15
6533 16
6149 76
6149 78
6149 79
6149 81
6688 56
6688 57
6354 113
6354 114
6354 115
6354 116
5212 39
5212 40
5212 41
5625 27
5625 28
5625 29
5625 30
5433 42
5433 43
5433 44
5433 45
5001 33
5001 34
5001 35
5001 36
5084 11
6501 30
6501 31
5227 0
6206 147
6206 148
6206 149
6206 150
6427 101
6427 104
6427 113
6427 121
5139 97
5139 99
5139 100
5139 101
6341 90
6341 91
6341 92
6341 93
6605 61
6605 62
6605 63
5147 1
5147 3
5147 5
5147 6
6303 68
6303 69
6303 70
6303 71
5384 176
5384 177
5384 178
5384 179
6203 83
6203 84
6203 85
6203 86
5371 21
5371 22
5371 23
5371 24
6420 46
6420 47
6420 48
6420 49
6487 46
6487 64
6487 67
6487 68
6382 103
6184 46
6184 47
6184 48
6184 49
6441 12
6441 14
6441 15
6441 17
6598 84
6598 85
6598 86
6598 87
5977 96
5977 97
5977 100
5977 109
6192 40
6192 41
6192 78
6192 79
6007 80
6007 81
6007 82
6007 45
6007 46
6007 48
6007 49
5935 80
5935 81
5935 82
5935 83
4952 34
4952 35
4952 36
4952 37
6355 38
6355 39
6355 40
6355 42
5382 81
5382 82
5382 83
5382 84
6689 72
6689 73
6689 74
6689 75
6298 7
6298 8
6298 9
6298 10
5331 116
5331 117
5331 118
5331 119
6303 109
6303 110
6303 111
6303 112
6671 13
6671 14
6671 15
6671 16
6198 198
6198 199
6198 200
6198 201
6032 5
6032 11
6234 0
6234 1
6234 2
6234 3
5935 8
5935 9
5935 10
5935 11
5214 8
5214 10
5214 11
5214 13
6551 96
6551 97
6551 98
6551 99
5396 40
5396 41
5396 42
5396 43
6553 132
6553 133
6553 134
6553 135
6562 201
6562 202
6562 203
6562 204
5201 54
5201 59
5201 77
5201 122
6216 48
6216 49
6216 50
6216 51
5214 67
5214 68
5214 69
5214 70
6310 63
5143 17
5143 18
5143 19
5143 20
5387 48
5387 49
5387 50
5387 51
6567 0
6567 2
6567 3
6567 4
4953 52
4953 53
4953 54
4953 55
6090 134
6090 136
6090 137
6090 138
5351 28
5351 69
5351 70
5351 71
6609 20
6609 22
6609 24
5436 83
5436 89
6076 13
6076 14
6076 15
6076 16
6517 18
6517 19
6517 20
6517 21
5090 52
5090 53
5090 54
5090 55
6460 23
6460 33
6460 34
6460 38
6577 106
6577 107
6577 108
6577 109
6162 92
6162 93
6162 94
6162 95
6157 68
6157 69
6157 71
6157 72
6094 12
6094 13
6094 14
6094 15
6609 17
6609 19
5425 12
5425 13
5425 14
5425 15
6387 150
6387 151
6387 152
6387 153
6172 2
6172 3
6172 4
6172 5
6564 136
6564 145
6564 148
6540 5
6540 6
6540 8
6540 9
5092 0
5092 1
5092 2
5092 3
6552 0
6552 1
6552 3
6552 4
6467 59
6467 63
5151 44
5151 77
5151 109
6199 125
6199 126
6199 127
5021 23
5021 24
5021 25
5021 26
6280 97
6280 98
6280 99
6280 100
4982 101
4982 102
4982 103
4982 104
6566 53
6566 54
6566 56
6566 57
5092 28
5092 29
5092 30
5092 31
5386 23
5386 25
5386 29
5386 154
6690 38
6690 39
6690 40
6690 41
6123 23
6123 26
6123 85
6123 88
5164 68
5164 69
5164 71
5164 72
6021 68
6021 69
6021 70
6021 71
5433 126
5433 127
5433 128
5433 129
5087 16
6564 85
6564 96
6564 219
6564 220
6444 123
6444 124
6444 125
6444 126
5153 74
5153 81
5153 91
4979 85
4979 116
4979 119
4979 123
6535 8
6535 9
6535 10
6535 11
6343 109
6343 110
6343 111
6343 112
6105 4
6105 5
6105 6
6105 7
5034 35
5034 36
5034 38
5034 39
4983 41
4983 42
6358 72
6358 75
6358 76
6358 79
6333 32
6333 35
6333 36
6333 39
5915 103
5915 104
5915 105
5915 106
6691 25
6691 26
6691 27
6691 28
6664 22
6664 23
6664 24
6664 25
5920 21
5920 26
6094 24
6094 25
6094 26
6094 27
5946 84
5946 85
6301 108
6301 109
6358 64
6358 67
6358 68
6358 71
6457 62
6457 93
6457 96
6457 97
6642 71
6642 72
6642 73
6642 74
6453 0
6453 4
6453 8
6453 12
4957 110
4957 111
4957 112
4957 113
6453 55
6453 56
6453 57
6453 58
6428 28
6428 29
6428 30
6428 36
6642 29
6642 30
6642 31
5905 0
5905 1
5905 2
5905 3
6609 54
6609 55
6609 56
6609 57
6354 32
6354 33
6354 34
6354 35
5935 78
5935 79
5935 100
5935 101
6230 70
6230 71
6230 72
6230 74
6113 130
6113 131
6113 132
6113 133
6118 100
6118 101
6118 102
6118 103
5588 188
5588 189
5588 190
5588 191
6388 4
6388 5
6388 6
6388 7
6184 23
6184 24
6184 25
6184 26
6417 175
6417 177
6417 178
6417 181
5586 133
5586 134
5586 135
5586 136
6220 41
6220 42
6220 45
6220 46
6583 69
6583 70
6583 71
6583 72
5965 17
5965 19
6440 182
6440 183
6440 184
6440 185
6487 128
6487 130
6487 131
4957 8
4957 9
4957 10
4957 11
5169 16
5169 17
5169 18
5169 19
5139 102
5139 103
5139 104
5139 105
6521 56
6521 57
6521 58
6521 59
5044 29
5044 30
5044 53
5044 54
5914 132
5914 133
5914 134
5914 135
6369 138
6369 139
6369 140
6369 141
5364 103
5364 104
5364 105
5364 106
6058 184
6058 185
6058 186
6058 187
5957 21
5957 22
5957 25
5031 69
5031 70
5031 71
5031 72
6653 32
6653 33
6653 34
6653 35
6059 44
6059 45
6059 46
6059 48
5353 0
5353 1
5353 2
5353 3
5985 32
5985 33
5985 35
5985 36
5353 12
5353 13
5353 14
5353 15
6065 49
6065 50
6065 51
5127 103
5127 121
5127 136
5419 72
5419 73
5419 74
5419 75
6311 44
6311 45
6311 46
6311 47
6190 85
6190 86
6190 87
6190 88
5384 4
5384 5
5384 6
5384 7
5397 133
5397 134
5397 135
5397 136
5127 20
5127 21
5127 22
5127 23
6298 93
6298 106
6298 107
6298 108
6320 12
6320 13
6320 14
6320 15
6180 29
6180 30
6180 41
6180 42
6004 42
6004 44
6004 45
6004 46
5169 212
5169 213
5169 214
5169 215
6056 26
6056 27
6056 28
6056 29
6623 1
6623 2
6623 3
6623 5
6288 17
6288 18
6288 19
6288 20
5929 52
5929 53
6031 121
6031 122
6031 123
6031 126
6341 137
6341 138
6231 61
6231 62
6231 63
5087 0
6564 203
6564 204
6564 205
6564 206
6689 153
6689 154
6689 155
6689 156
6417 96
6417 97
6417 98
6417 99
5036 97
5036 101
5036 105
5036 109
6007 110
6007 112
6007 113
6007 114
4982 43
4982 44
4982 45
4982 46
4978 19
4978 20
4978 21
4978 22
6402 8
6402 9
6149 142
6149 143
6149 144
6149 145
5364 86
5364 87
5364 88
5364 89
6347 15
6347 16
6347 109
6347 110
6218 79
6218 80
6218 81
6218 82
5016 28
5016 29
5016 30
5016 31
5386 47
5386 56
5386 176
5386 177
6374 16
6374 18
6374 19
6374 32
5588 52
5588 53
5588 54
5588 55
5106 64
5106 68
5106 72
5106 131
5771 28
5771 29
5771 30
5771 31
6698 96
6698 97
6698 98
6698 99
6596 75
6596 76
6596 77
6596 78
5932 24
5932 25
5932 26
5932 27
5093 8
5093 9
5093 10
5093 11
6616 55
6616 56
6616 80
6616 81
6280 115
6280 116
6280 117
6280 118
6630 154
6630 155
6687 224
6687 225
6687 226
6687 227
6118 74
6118 75
6118 76
6118 77
6092 34
6092 35
6092 38
6669 37
6669 38
6669 39
6669 40
6138 91
6138 92
6138 93
6138 100
6073 40
6073 41
6073 42
6073 43
6220 0
6220 1
6220 5
6026 68
6026 70
6026 71
6026 72
5419 68
5419 69
5419 70
5419 71
6122 167
6122 169
6122 172
6122 173
4962 37
4962 38
4962 39
4962 40
5604 20
5604 21
5604 22
5604 23
6311 70
6311 71
6311 72
6311 73
6322 24
6322 25
6322 26
6322 27
5769 32
5769 36
5769 40
5769 51
6379 180
6379 181
6031 117
6031 119
6031 120
6031 124
5341 166
5341 167
5341 168
5341 169
5019 36
5019 37
5019 39
5019 41
6346 0
6346 40
6346 42
6620 154
6620 155
6620 156
6428 32
6428 33
6428 34
6428 35
6572 71
5078 61
5078 62
5078 63
5078 64
5771 16
5771 19
5948 26
5948 27
5948 28
5948 29
5409 0
5409 1
5409 2
5409 3
6312 44
6312 46
6312 51
6231 17
6231 19
6231 20
6231 21
5969 14
5969 15
5969 16
5969 17
6404 36
6404 37
6404 38
6404 39
5586 137
5586 138
5586 139
5586 140
5011 16
5011 17
5011 18
5011 19
5207 20
5207 21
5207 22
5207 23
6303 128
6303 129
6303 130
6303 131
5911 61
5911 62
5911 63
5364 56
5364 57
5364 58
5364 59
6168 171
6168 172
6168 173
6168 174
6606 96
6606 97
6606 98
6606 100
5625 150
5625 151
5625 156
5625 158
6288 156
6288 157
6288 158
6288 159
6440 49
6440 51
6440 85
6440 86
6098 92
6098 155
5412 60
5412 61
5412 62
5412 63
5441 27
5441 28
5441 29
5441 30
6031 56
6031 57
6031 60
6577 0
6577 1
6577 2
6577 3
6606 36
6606 38
6606 41
6606 42
6583 114
6583 115
6583 116
6583 117
6286 88
6286 89
6286 90
6286 92
6121 26
6121 27
6121 28
6507 0
6507 3
6507 4
6507 7
5051 118
5051 119
5051 120
5051 121
6630 25
6630 26
6630 27
6630 29
5147 26
6423 87
6439 59
6439 60
6439 61
6439 62
6211 97
6211 98
6211 99
6211 100
6362 19
6362 20
6362 21
6362 22
6362 61
6362 62
6362 63
6199 200
6199 201
6199 204
6199 205
6407 173
6139 46
6139 47
6139 48
6139 49
6180 72
6180 73
6180 74
5051 178
5051 179
5051 180
5051 181
6078 57
6078 61
6078 64
6078 76
5925 32
5925 33
5925 34
5925 35
6163 28
6163 29
6163 30
6163 31
6437 20
6425 165
6425 166
6425 167
6425 168
5179 80
5179 81
5179 82
5179 83
6397 6
6397 7
6235 84
6235 85
5619 35
5125 12
5125 13
5125 14
5125 15
6056 7
6056 13
6056 14
6315 11
6315 12
6315 13
6315 14
6324 10
6324 11
6324 136
6324 137
5337 198
5337 199
5337 200
5337 201
6283 30
6283 31
6283 40
6507 29
6507 30
6507 31
6507 32
6201 60
6201 61
6201 62
6201 63
6619 14
6619 15
6619 16
6619 17
6533 154
6533 155
6533 156
6533 157
6589 154
6589 155
6589 156
6589 157
5456 0
5456 1
5456 3
5456 4
5985 80
5985 88
5985 92
5985 97
6457 112
6457 113
6457 114
6457 115
6195 48
6195 49
6195 50
6195 51
6632 71
6632 72
6632 74
6632 75
6600 24
6600 25
6600 32
6600 33
6666 50
6666 51
6666 52
6666 53
5625 45
5625 46
5625 48
5625 50
5947 23
5947 24
6640 77
6640 78
6640 79
6640 80
6410 15
6410 16
6410 17
6410 20
6379 104
6379 106
6379 108
6379 140
5061 5
5061 20
5061 23
5061 24
4991 37
4991 38
4991 39
4991 40
6630 72
6630 73
6630 74
6630 75
6631 68
6631 69
6631 70
6631 71
6360 96
6360 97
6360 100
6360 101
6115 117
6115 118
6115 119
6115 120
5025 99
5025 100
5025 101
5025 102
5932 40
5932 41
5932 42
5455 70
5455 71
5455 72
5455 73
6343 30
6343 31
5998 7
5998 8
5998 9
5998 10
6118 56
6118 57
6118 60
6118 61
6614 70
6614 71
6614 72
6614 73
6583 132
6583 133
6583 134
6583 135
6548 96
6548 97
6548 98
6548 99
5985 56
5985 57
5985 58
5985 60
6448 128
6448 129
6448 130
6448 131
5419 60
5419 61
5419 62
5419 63
6451 8
6451 9
6043 188
6614 77
6614 78
6614 79
6614 80
6348 103
6348 104
6348 105
6348 106
6283 45
6283 46
6283 47
6283 48
6284 17
6284 18
6284 19
6284 20
6440 44
6440 46
6440 47
6440 48
6611 39
6611 41
6611 42
5411 124
5411 125
5411 126
5411 127
6102 101
6102 102
6102 103
6102 104
6281 102
6281 103
6281 104
6281 105
6666 132
6666 133
6666 134
6666 135
6599 85
6599 86
6599 88
6599 89
6534 9
6534 12
6534 13
6534 16
5769 21
5769 22
5769 23
5769 24
6300 52
6300 53
6300 54
6300 55
6639 4
6639 5
6639 6
6639 7
6139 116
6139 117
6139 118
6139 119
5624 0
5624 1
5624 2
5624 3
6338 84
6338 87
6338 95
6340 159
6340 161
6340 164
6340 165
5399 66
5399 67
5399 68
5399 69
4967 5
4967 6
4967 7
4967 8
6147 20
6147 21
6147 22
6147 23
6227 4
6227 5
6227 6
6227 7
5157 107
5157 109
5157 110
5157 111
6280 57
6280 58
6280 59
6280 60
5454 1
5454 5
5454 6
5454 129
5977 171
5977 174
5977 175
5977 179
6211 69
6211 70
6211 71
6211 72
6446 138
6446 139
6446 140
6446 141
5899 0
5899 1
5899 2
5899 3
6327 78
6327 79
6327 80
6327 81
6534 64
6534 65
6534 66
6534 67
6441 8
6441 10
6441 11
5092 104
5092 105
5092 106
5092 107
5946 76
5946 77
5946 78
5946 79
5782 101
5782 102
5782 154
5782 155
5906 114
5906 115
5906 116
5906 117
6387 132
6387 133
6387 134
6387 135
5041 48
5041 49
5041 50
5041 51
5456 40
5456 41
5456 42
5456 43
5611 26
5611 27
5611 28
5611 29
5036 90
5036 91
5036 94
5036 95
6211 38
6211 39
6211 40
6211 41
6580 36
6580 37
6580 38
6580 39
5774 46
5774 47
5774 48
5774 49
6645 10
6645 11
6645 12
6645 13
6527 93
6527 94
6527 95
6527 96
6698 152
6698 153
6698 154
6698 155
6599 72
6599 73
6649 92
6649 93
6649 94
6649 95
6637 19
6637 20
6637 21
6637 22
5368 44
5368 45
5368 46
5368 47
5363 4
5363 5
5363 6
5363 7
6311 16
6311 17
6311 18
6311 19
5185 29
5185 30
5185 31
5185 32
5588 0
5588 1
5588 2
5588 3
5624 16
5624 17
5624 18
5624 19
6616 177
6616 178
6616 179
6616 180
5203 66
5203 67
5203 68
5203 69
6417 104
6417 105
6417 106
6417 107
5227 27
5227 28
5227 29
5227 30
6423 164
6423 165
6423 166
6423 167
4992 46
4992 50
4992 153
4992 170
6198 96
6198 98
6198 99
6198 100
5625 56
5625 59
5625 61
5625 63
6162 76
6162 77
6162 219
6162 220
6649 96
6649 97
6649 98
6649 99
5169 104
5169 105
5169 106
5169 107
6423 85
6423 86
6423 89
6423 90
5337 202
5337 203
5337 204
5337 205
6664 78
6664 79
6664 80
6664 81
5154 135
5154 137
5154 138
5154 139
6489 132
6489 133
6489 134
6489 135
5087 9
6320 33
6320 34
6320 35
6320 82
6656 18
6656 19
6656 20
5924 12
5924 13
5924 14
5924 15
5061 66
5061 67
5061 69
5061 70
6446 128
6446 129
6446 130
6446 131
4971 0
4971 1
4971 2
4971 3
6176 171
6176 174
6176 176
6176 178
5190 4
5190 5
5190 6
5190 7
5440 8
5440 9
5440 10
5440 11
5773 4
5773 5
5773 6
5773 7
6423 94
6423 95
6423 96
6423 97
5208 40
5208 41
5208 42
5208 43
5616 46
5616 47
5616 163
5616 164
5051 93
5051 94
5051 95
5051 96
5996 32
5996 34
5996 35
5996 36
5605 102
5605 103
5605 104
5605 105
6664 213
6664 214
6664 215
6664 216
6059 111
6059 113
6059 114
6059 117
6482 68
6482 69
6482 70
6482 71
6192 120
6192 121
6192 128
6192 129
6182 4
6182 5
6182 6
6182 7
6480 148
6480 149
6480 152
6480 153
6521 92
6521 93
6521 94
6521 95
5894 49
5894 50
5894 51
5894 52
6439 4
6439 5
6439 6
6439 7
6483 25
6483 46
6483 47
6483 48
6375 10
6375 11
6375 12
6375 13
6402 52
6402 53
6402 54
6141 8
6141 9
6141 10
6141 11
5901 132
5901 133
5901 134
5901 135
6320 58
6320 59
6320 60
6320 61
5128 0
5128 1
5128 2
5128 3
6634 129
6634 138
6634 139
6634 140
5384 24
5384 25
5384 26
5384 27
5153 77
5153 79
5153 82
5153 86
6689 28
6689 29
6689 30
6689 31
5001 47
5001 48
5001 49
5001 50
6634 67
6634 68
6288 72
6288 73
6288 74
6288 75
6226 146
6226 147
6226 148
6226 149
5153 36
5153 39
5153 40
5153 43
6428 14
6428 15
6428 16
6428 17
6326 38
6326 39
6326 64
6326 65
6429 14
6429 15
6429 16
6429 17
5923 4
5923 5
5923 6
5923 7
6594 40
6594 41
6594 42
6594 43
4992 9
4992 10
4992 11
4992 12
6593 12
6593 13
6593 14
6593 15
6616 173
6616 174
6616 175
6616 176
6553 16
6553 17
6553 18
6553 19
5133 40
5133 41
5133 42
5133 43
6337 16
6337 20
6337 28
6337 48
5605 70
5605 71
5605 72
5605 73
6360 98
6360 99
6360 102
6360 103
6598 139
6598 140
6598 141
6598 142
5390 52
5390 53
5390 64
5390 65
5100 0
5100 1
5100 2
5100 3
6549 65
6549 66
6549 67
6549 68
6493 26
6493 27
6493 28
6493 29
6412 59
6412 62
6412 63
6412 65
6594 75
6594 76
6594 77
5089 28
5089 29
5089 30
5089 31
5055 25
5055 26
5055 27
5055 28
6632 10
6632 11
6632 12
6166 54
6166 56
6166 58
6166 59
6615 97
6615 98
6615 99
6615 100
5361 186
5361 187
5361 188
5361 189
4971 180
4971 181
4971 182
4971 183
6326 46
6326 47
6326 48
6326 49
5606 50
5606 51
5606 52
5606 53
5198 16
5198 17
5198 18
5198 19
5093 125
5093 126
5093 127
5093 128
5906 127
5906 150
5906 154
5906 159
5382 157
5382 158
5382 159
5382 160
5918 8
5918 9
5918 10
5918 11
6588 15
6588 17
6588 18
6588 19
5966 197
5966 198
5966 199
5966 201
5071 36
5071 37
5071 38
5071 39
5419 124
5419 125
5419 126
5419 127
5341 110
5341 111
5341 112
5341 113
6577 36
6577 37
6577 38
6577 39
6553 57
6553 58
6553 59
5005 80
5005 81
5005 82
5005 83
5146 6
5146 8
5146 9
5146 11
6605 119
6605 120
6605 123
6605 124
5165 0
5165 1
5165 3
5165 4
6591 80
6591 81
6591 92
6591 93
6336 29
6336 31
6336 33
6336 158
5095 52
5095 53
5095 54
5095 55
5437 24
5437 25
5437 26
5437 27
5966 168
5966 172
5966 176
6298 148
6298 149
6298 150
6298 151
5930 25
5930 32
5930 33
5930 34
6676 50
6676 51
6676 52
6676 53
6506 154
6506 155
6506 156
6506 157
5605 92
5605 93
5605 94
5605 95
5341 14
5341 15
5341 16
5341 17
5170 13
5170 14
5170 16
5170 17
6122 54
6122 55
6122 56
6122 57
4986 22
4986 25
4986 26
4986 27
5092 136
5092 137
5092 138
5092 139
6468 38
6468 39
6468 40
6468 41
5011 12
5011 13
5011 14
5011 15
5946 23
5946 27
5946 31
6479 21
6479 22
6479 23
6479 24
6645 21
6645 22
6645 23
6645 24
6115 105
6115 106
6115 107
6115 108
4957 16
4957 17
4957 18
4957 19
6326 29
6326 30
5382 109
5382 110
5382 111
5382 112
6332 113
6332 116
6332 117
5095 88
5095 89
5095 90
5095 91
5001 51
5001 52
5001 53
5001 54
6559 4
6559 5
6559 6
6559 7
5918 28
5918 29
5918 40
5918 41
6223 38
6223 39
6223 40
6223 41
5411 132
5411 133
5411 134
5411 135
5397 4
5397 5
5397 6
5397 7
6325 47
6325 50
6325 51
6325 54
6596 67
6596 68
6596 69
6596 70
5237 40
5237 41
5237 42
5237 45
6369 117
6369 118
6369 119
6369 120
6343 101
6343 102
6343 103
6343 104
5036 104
5036 106
5036 107
5036 108
5979 36
5979 40
5979 44
5979 48
6590 59
6590 60
6590 61
6590 62
5217 85
5217 87
5217 88
5217 89
6299 14
6299 15
6299 16
6299 17
5382 65
5382 66
5382 67
5382 68
5437 32
5437 33
5437 34
5437 35
6355 0
6355 1
6355 2
6355 3
5103 0
5103 1
5103 2
5103 3
5025 21
5025 22
5025 23
5025 24
5090 168
5090 169
5090 170
5090 171
6517 42
6517 43
6517 44
6517 45
5025 125
5025 126
5025 127
5025 128
5071 20
5071 21
5071 22
5071 23
6036 1
6036 5
6036 6
6036 9
5034 40
5034 41
5034 42
5034 46
6592 116
6592 117
4986 68
4986 69
4986 70
4986 71
5961 10
5961 11
5961 12
5961 13
6004 138
6004 139
6004 140
6004 141
6319 57
6319 58
6319 59
6319 60
6338 1
6338 2
6338 67
6356 44
6356 45
6356 46
6356 48
5933 22
5933 23
5933 24
5933 25
5408 0
5408 1
5408 2
5408 3
5361 170
5361 173
5361 174
5361 224
5351 108
5351 109
5351 110
5351 111
5411 100
5411 101
5411 102
5411 103
5201 73
5201 74
5201 75
5201 76
6375 42
6375 74
6375 75
6375 76
6446 45
6446 46
6446 47
6446 49
6565 189
6565 190
6565 196
6565 197
6376 121
6376 122
6376 123
6376 124
5075 52
5075 53
5075 54
5075 55
5185 50
5185 51
5185 52
5185 53
6517 0
6517 1
6517 2
6517 3
6235 28
6235 29
6235 30
6235 31
6552 54
6552 55
6552 56
6552 57
6343 132
6343 133
6343 134
6343 135
5171 35
5171 36
5171 37
5171 38
5125 0
5125 1
5125 2
5125 3
6339 138
6339 139
6339 140
5419 24
5419 25
5419 26
5419 27
6507 167
6507 168
6507 169
6507 170
4962 93
4962 94
4962 95
4962 96
5600 56
5600 57
5600 104
5600 107
5207 50
5207 51
5207 52
5207 53
5108 16
5108 17
5108 18
5108 19
5039 10
5039 11
5039 12
5039 13
6630 76
6630 78
6630 79
6630 80
6426 0
6426 1
6426 2
6426 3
4998 48
4998 49
4998 50
4998 51
5059 24
5059 26
5059 27
5059 28
6608 29
6608 37
6608 38
6608 39
6590 38
6590 39
6590 40
6590 41
5597 38
5597 39
5597 40
5597 41
5013 88
5013 89
5013 90
5013 91
6658 41
6658 42
6658 43
6658 44
5337 132
5337 133
5337 134
5337 135
6080 11
6080 12
6080 76
6080 77
6640 0
6640 1
6640 2
6640 3
6634 89
6634 90
6634 91
6634 92
6075 24
6633 47
6004 94
6551 111
6045 20
6058 94
6058 95
6506 191
6628 33
6080 126
6080 127
6080 29
6080 30
5915 61
5084 15
6376 42
6163 15
6163 50
6163 62
6185 8
6185 9
6378 18
6378 26
6367 61
6367 62
6572 6
6572 8
6572 9
6572 10
6076 110
6076 111
6076 112
6076 115
6280 93
6683 164
6683 165
6683 166
5979 32
6590 78
6590 79
6091 77
6091 78
6091 79
6091 80
6533 9
6533 10
6533 11
6533 12
6199 104
6199 105
6199 106
6199 107
6533 28
6533 29
6692 64
6692 65
6692 66
6692 67
5177 2
5177 15
5177 16
5177 19
5966 31
5966 32
5966 113
5966 114
6195 77
6195 78
6195 79
6195 80
6381 183
6381 184
6381 185
6381 186
6379 172
6379 173
6198 190
6060 8
6060 9
6482 34
6482 37
5341 58
5341 59
6616 111
6616 112
6564 4
6564 5
6564 6
4978 54
4978 55
5990 12
5990 25
6687 73
6687 74
6687 75
6572 161
6572 162
6572 163
6572 164
6078 20
6078 21
6176 195
6176 196
6176 198
6528 136
6528 137
6690 101
6690 102
6690 103
6690 104
6676 74
6676 75
6676 76
5084 31
6642 107
6642 108
6211 160
6211 161
6211 162
6211 192
6625 38
5341 138
5341 139
6312 114
6297 20
6297 21
6168 106
6168 107
6168 108
6288 155
6668 21
6668 22
6668 23
5953 16
5953 18
5953 20
5953 21
6084 15
6084 16
6084 17
6084 18
5179 232
5179 233
5179 234
5179 236
5060 50
5060 103
5183 5
6671 86
6671 87
6671 88
6671 89
6160 50
6160 51
6160 52
6160 53
6387 55
6387 59
6647 128
6647 129
6647 200
5201 123
5201 126
6579 0
6579 1
6579 2
6579 3
5370 112
5370 113
5370 114
5370 115
6103 8
6103 9
6103 10
6103 62
6300 100
6300 101
6300 102
6300 103
6078 73
6078 74
6194 32
6194 33
6194 34
6194 35
6674 9
6674 10
6674 11
6674 12
6022 66
6158 26
6158 27
6158 28
6111 69
6111 70
6111 71
6111 72
6542 43
6542 45
6542 46
6542 47
6381 82
6381 83
6381 123
6381 124
5963 0
5963 1
5963 2
5963 3
5979 50
5979 51
5979 52
5979 53
6606 62
6606 63
6406 85
6406 87
6406 89
6144 14
6144 15
6144 16
6144 17
6105 12
6105 13
6105 14
6105 15
6608 30
6608 31
6146 8
6146 9
6632 40
6632 41
6323 28
6323 29
6219 172
6219 173
6219 174
6219 175
6431 49
6431 50
6431 51
6431 52
5171 39
5171 40
5171 41
5171 42
6402 14
6402 15
6402 16
6402 17
6100 204
6100 206
6100 207
6100 208
5895 40
5895 41
5895 42
5895 43
6438 4
6438 5
5925 13
5925 14
5925 15
5925 16
4983 15
4983 26
4983 45
4983 47
6653 22
6653 23
6653 24
6653 25
6143 0
6143 1
6143 2
6143 3
5961 74
5961 75
5961 76
5961 77
6058 56
6058 57
6058 58
6058 59
6591 159
6591 160
6591 161
6591 162
6582 54
6582 55
6582 56
6582 57
6649 48
6649 49
6649 50
6649 51
6417 19
6417 118
6417 128
6417 131
6184 57
6184 58
6184 59
6184 60
5625 202
5625 203
5625 204
5625 205
6572 94
6572 136
6572 177
6572 178
6421 21
6421 25
6421 28
6421 29
6083 0
6083 1
6083 2
6083 3
5925 81
5925 82
5925 83
5925 84
6213 8
6213 9
6213 10
6213 11
6211 194
6211 195
6211 196
6211 197
6176 52
6176 53
6176 56
6176 57
6653 45
6653 46
6653 47
6653 48
6058 54
6058 109
6058 110
6058 111
6382 28
6382 29
6382 30
6382 32
6076 0
6076 1
6076 2
6076 3
6664 231
6664 232
6664 233
6664 234
5235 2
5235 4
5235 64
5235 65
6527 65
6527 66
6527 67
6527 68
6176 67
6176 68
6176 69
6176 70
4954 23
4954 24
4954 25
6058 81
6058 89
6058 93
6058 98
6346 53
6346 54
6346 55
6346 56
6609 45
6609 48
6609 49
6609 50
6298 144
6298 145
6298 146
6298 147
4981 0
4981 1
4981 2
4981 3
5918 16
5918 17
5918 18
5918 19
5776 26
5776 27
5776 28
5776 29
6022 128
6022 129
6022 130
6022 132
6004 89
6004 90
6004 91
6004 92
6205 4
6205 5
6205 6
6205 7
6631 95
6631 100
5948 5
5948 6
5948 7
5948 8
6448 78
6448 79
6448 80
6448 81
6616 163
6616 164
6616 165
6616 166
6308 2
6308 3
6308 7
6308 8
6562 119
6562 120
6562 131
6562 132
6288 47
6288 48
6288 174
6288 175
6426 44
6426 45
6426 46
6426 47
5916 30
5916 31
5916 36
5588 151
5588 152
5588 153
5588 154
5201 6
5201 7
5201 8
5201 10
6320 72
6320 73
6687 64
6687 65
6687 66
6687 67
5929 90
5929 91
5929 92
5929 93
6004 24
6004 25
6004 32
6004 33
5894 4
5894 5
5894 6
5894 7
6600 145
6600 146
6600 147
6600 148
6070 119
6070 120
6070 121
6070 122
6616 126
6616 127
6076 95
6076 96
6076 99
6076 100
5025 62
5025 63
5025 65
5025 66
4977 0
4977 44
4977 50
6333 14
6333 15
6333 18
6333 19
6517 8
6517 9
6517 40
6517 41
6507 138
6507 139
6507 140
6507 141
6631 32
6631 33
6090 3
5925 41
5925 42
5925 43
5925 44
6046 111
6046 112
6046 113
6046 114
6085 18
6085 19
6085 20
6085 21
6125 74
6125 75
6125 76
6125 98
6562 61
6562 62
6562 63
6562 64
5164 21
5164 22
5164 25
5164 26
5368 8
5368 9
5368 10
5368 11
5966 149
5966 150
5966 151
5966 152
6508 24
6508 25
6508 26
6508 28
5044 5
5044 6
5044 7
5044 8
5977 8
5977 9
5977 10
5977 11
6683 232
6683 233
6683 234
6683 235
5204 23
5204 24
5204 25
5204 28
6021 164
6021 165
6021 166
6021 167
6304 6
6304 7
6304 8
6304 9
6507 8
6507 10
6507 11
6507 12
6383 32
6383 37
6383 39
6383 40
6647 77
6647 78
6647 79
6647 80
5332 84
5332 85
5966 83
5966 84
5966 85
5966 86
6480 90
6480 91
6028 32
6028 33
6028 34
6028 35
5095 40
5095 41
5095 42
5095 43
6376 84
6376 85
6376 86
6376 87
6046 128
6046 129
6046 130
6046 131
5419 36
5419 37
5419 38
5419 39
4957 12
4957 13
4957 14
4957 15
5000 60
5000 61
5000 62
5000 63
5365 12
5365 13
5365 14
5365 15
5897 64
5897 65
5897 66
5364 20
5364 21
5364 22
5364 23
5383 8
5383 9
5383 10
5383 11
5106 45
5106 50
5106 54
5102 36
5102 37
5102 38
5102 39
5340 44
5340 45
5340 46
5340 47
6387 160
6387 161
6387 162
6387 163
6668 44
6668 45
6668 46
6668 47
5946 64
5946 66
5946 67
5946 68
5418 26
5418 27
5418 28
5418 29
6548 150
6548 151
6548 152
6387 183
6387 184
6387 185
6387 186
5901 4
5901 5
5901 6
5901 7
5390 32
5390 33
5390 34
5390 35
6680 104
6680 105
6680 106
6680 107
5337 178
5337 179
5337 180
5337 181
5597 42
5597 43
5597 44
5597 45
6622 23
6622 24
6622 25
6622 26
5960 30
5960 31
5960 32
5960 33
6369 142
6369 143
6369 144
6369 145
6697 124
6697 132
6697 133
6697 134
5127 82
5127 83
5127 84
5127 85
5331 4
5331 5
5331 6
5331 7
6073 28
6073 29
6073 30
6073 31
6369 83
6369 84
6369 85
6369 86
6070 90
6070 91
6070 92
6070 93
5607 46
5607 47
5607 48
5607 49
6444 80
6444 82
6444 83
6444 84
5412 32
5412 33
5412 34
5412 35
6658 12
6658 13
6658 14
6658 15
5922 4
5922 5
5922 6
5922 7
5454 44
5454 106
5454 110
5454 158
6101 8
6101 9
6101 10
6101 11
6468 95
6468 96
6468 97
6468 98
6335 4
6335 5
6335 6
6335 7
6461 21
6461 22
6461 23
6461 24
5361 171
5361 172
5361 180
5361 181
6658 18
6658 19
6658 20
6658 32
5996 12
5996 74
5996 75
5996 76
5437 135
5437 136
5437 137
5437 138
6046 32
6046 34
6046 36
6046 97
6360 84
6360 106
6360 107
6360 110
6530 39
6530 40
6530 41
6530 42
5060 84
5060 85
5060 86
5060 87
6387 26
6387 27
6387 28
6387 29
5437 4
5437 5
5437 6
5437 7
6634 155
6634 156
6634 157
6634 160
5046 0
5046 1
5046 2
5046 3
5181 17
5181 18
5181 19
5181 20
6314 105
6314 106
6314 107
6314 108
4982 22
4982 23
4982 24
4982 25
6483 112
6483 113
6483 114
6483 115
6353 41
6353 42
6353 43
6640 59
6640 60
6640 61
6640 62
6021 171
6021 221
6021 222
6615 14
6615 15
6615 16
6615 17
6322 38
6322 39
6322 40
6322 41
6628 22
6628 62
6628 63
5370 20
5370 21
5370 22
5370 23
6370 68
6370 69
6370 70
6370 71
6616 93
6616 100
6616 101
6616 102
5900 15
5900 16
5900 17
5900 18
5921 56
5921 57
5921 58
5921 59
6490 132
6490 133
6490 134
6490 135
6462 83
6462 86
6462 87
6462 90
5204 89
5204 91
5204 94
5204 97
6549 136
6549 137
6549 138
6549 139
5201 52
5201 108
5201 109
5201 112
5127 4
5127 5
5127 6
5127 7
5016 36
5016 37
5016 38
5016 39
6385 3
6385 5
6385 6
6385 7
5412 124
5412 125
5412 126
5412 127
5187 13
5187 14
5187 15
5187 16
5351 88
5351 89
5351 90
5351 91
6195 64
6195 65
6195 66
6195 67
6367 76
5605 0
5605 13
5605 15
5605 17
5929 77
5929 78
5929 79
5929 80
6551 159
5038 55
5038 56
5038 57
5038 58
6324 20
6324 21
6324 64
6324 81
6387 36
6387 37
6387 38
6387 39
6448 4
6448 5
6448 6
6448 7
6122 163
6122 164
6122 165
6122 166
6457 16
6457 17
6457 20
6457 21
6300 108
6300 109
6300 110
6300 111
6084 12
5922 14
6312 90
6312 91
6312 92
6312 93
5044 42
6687 14
6598 88
6598 89
6369 8
6369 9
5782 115
5782 116
5782 118
6542 72
6542 73
6542 74
6542 75
5201 25
5201 26
5201 29
5201 30
5911 52
5911 53
5589 56
5589 57
5589 58
5589 59
5979 90
5368 48
5368 49
5368 50
5368 51
5049 31
5049 32
5049 33
5049 34
6147 32
6147 33
6147 36
6147 37
6198 58
6382 5
6619 45
6619 46
6542 188
6542 189
6542 190
6542 191
6448 101
6448 102
6448 103
6448 104
6590 52
6482 98
6482 99
6482 100
6482 101
6123 25
6123 27
6123 28
6123 29
6440 23
6146 17
6146 18
6146 19
6146 20
6553 156
6553 157
6453 28
6659 63
6544 202
6544 214
6544 235
6544 273
5147 59
6575 63
6353 59
6353 60
6281 73
6281 74
6281 75
6281 76
6092 7
6092 9
6092 10
6092 11
6676 13
6676 14
6676 15
6676 16
6664 97
6664 98
6664 99
6664 100
5960 57
5979 122
5979 123
6605 174
6605 175
6605 176
6605 177
6036 7
6036 8
6036 10
6036 11
6100 152
6100 153
6100 154
6100 155
6480 80
6480 81
6198 206
6198 207
6198 208
6198 209
6319 149
6319 150
6350 114
6350 115
5385 84
5385 85
5385 86
5385 87
6387 96
6387 97
6387 98
6387 99
5915 52
5915 53
5915 54
5915 55
6548 107
6548 108
6548 138
6548 139
6100 184
6100 185
6100 186
6100 187
6467 28
6467 49
6467 50
6467 51
6022 17
6022 19
6022 20
6022 21
6401 88
6401 89
5127 86
5127 87
5127 88
6667 41
6667 42
6667 43
6667 44
5095 28
5095 29
5095 30
5095 31
5947 126
5947 127
5947 153
5947 154
6553 46
6553 47
6553 48
6553 50
6192 163
6192 164
6192 165
6192 166
6205 16
6205 17
6205 18
6205 19
5412 172
5412 173
6115 0
6115 1
6115 2
6115 3
6118 104
6118 105
6118 106
6118 107
6298 5
6298 6
5983 45
5983 46
5983 47
5983 48
6103 73
6103 74
6103 75
6103 76
6467 137
6467 141
6467 149
6118 168
6118 169
6118 170
6118 171
6114 36
6114 37
6114 38
6114 39
5630 22
5630 23
5630 24
5630 25
5386 73
5386 136
5386 139
5386 140
5412 4
5412 5
5412 6
5412 7
6339 12
6339 13
6339 14
6339 15
5990 52
5990 53
5990 54
5990 57
6233 0
6233 1
6233 3
6233 4
5143 59
5143 60
5143 61
5143 63
6631 75
6631 76
6631 80
6631 81
5169 85
5169 87
5169 88
5169 89
6110 48
6110 49
6110 50
6191 52
6191 53
6191 54
6191 55
5625 22
5625 24
5625 25
5625 26
6286 106
6286 107
6286 110
6286 111
6569 4
6569 5
6569 6
6569 7
6370 0
6370 1
6370 2
6370 3
5031 24
5031 25
5031 26
5031 27
6226 129
6226 130
6226 131
6226 132
5338 12
5338 13
5338 14
5338 15
5059 1
5059 2
5059 3
5059 4
5164 35
5164 36
5164 37
5164 38
5600 125
5600 127
6633 38
6633 39
6633 40
6633 41
5929 115
5929 116
5929 117
6748 128
6748 129
6748 130
6748 131
6168 109
6168 110
6168 111
6168 112
6506 217
6506 218
6506 221
6506 222
5921 80
5921 81
5921 83
5948 0
5948 1
5948 2
5948 3
4982 28
4982 65
4982 142
5364 188
5364 189
6031 111
6031 114
6219 74
6219 75
6219 76
6219 77
6663 137
6663 138
6663 139
6663 140
6118 176
6118 177
6118 178
6118 179
6564 54
6564 55
6564 56
6564 57
6553 142
6553 143
6553 144
6553 145
6339 71
6339 72
6339 73
6339 74
5411 44
5411 45
5411 46
5411 47
6605 32
6605 33
6605 34
6605 35
5959 8
5959 9
5959 10
5959 11
5337 12
5337 13
5337 14
5337 15
5364 98
5364 99
5364 120
5364 121
5611 44
5611 83
5611 84
5611 85
5933 112
5933 113
5933 114
5933 115
5921 20
5921 21
5921 22
5921 23
5146 30
5146 31
5146 32
5146 33
6285 121
6285 122
6285 123
6285 124
6521 96
6521 97
6521 98
6521 99
6534 41
6534 42
6534 43
6534 44
6425 11
6425 135
6425 138
6425 142
5891 148
5891 149
5891 150
5891 151
6310 72
6310 73
6310 74
4962 16
4962 17
4962 18
4962 19
5975 83
5975 84
5975 85
5975 96
5618 41
5618 42
5618 43
5618 46
4983 27
4983 28
4983 29
4983 30
5449 4
5449 5
5449 6
5449 7
5455 130
5455 131
5455 132
5455 133
6614 22
6614 23
6614 24
6614 25
6354 90
6354 91
6354 92
6354 93
6503 104
6503 105
6503 106
6503 107
5216 45
5216 46
5216 47
5216 48
5412 8
5412 9
5412 10
5412 11
5364 18
5364 19
5364 60
5364 61
5070 64
5070 65
5070 66
5070 67
5023 10
5023 11
5023 12
5023 13
5961 96
5961 97
5961 98
5961 99
6305 0
6305 1
6305 2
6305 3
4969 28
4969 29
4969 30
4969 31
5092 12
5092 13
5092 14
5092 15
5418 86
5418 87
5418 88
5418 89
6323 30
6323 31
5365 20
5365 32
5365 33
5365 34
6614 151
6614 160
6614 161
6614 162
5214 57
5214 58
5214 59
5214 61
5451 26
5451 27
5451 28
5451 29
5005 0
5005 1
5005 2
5005 3
5368 116
5368 117
5368 118
5368 119
6442 14
6442 15
6442 16
6442 17
5774 12
5774 13
5774 14
5774 15
6387 196
6387 197
6387 198
6387 199
6021 17
6021 55
6021 60
6021 75
5436 24
5436 25
5436 26
5436 27
4986 8
4986 10
4986 35
4986 37
5024 16
5024 18
5024 21
5024 23
5136 17
5136 18
5136 19
5136 20
6480 5
6480 8
6480 9
6480 10
5975 86
5975 87
5975 89
5975 90
6583 20
6583 21
6583 22
6583 23
6206 58
6629 5
6056 4
6383 63
6600 127
5182 59
6467 53
6467 54
6467 146
6467 147
6092 131
6092 132
6092 133
6092 134
6387 170
6664 77
5340 108
6379 70
6379 71
6206 40
6046 75
6046 76
6046 99
6046 102
6441 44
6441 45
6146 87
6146 89
6146 90
6146 91
6640 149
6640 150
6611 110
6611 111
6611 113
4967 1
6593 10
6593 11
6113 14
6113 15
6113 16
6113 17
6176 218
6603 29
6603 30
6298 16
5084 122
6695 21
6192 130
6192 131
6192 132
6192 133
6633 29
5601 0
5601 2
5169 178
5169 179
6444 22
6444 23
6590 43
6590 44
6590 45
6590 46
6282 14
6282 15
6282 16
6282 19
6070 111
6070 112
6070 113
6070 114
5386 184
5386 185
5386 186
5386 187
5184 42
5184 43
5184 44
5184 45
6542 154
6542 155
6542 156
6542 157
5388 17
5388 18
6305 59
6305 60
6305 61
6100 12
6100 13
6100 14
6100 15
6130 11
6130 12
6176 187
6176 188
6176 199
6176 200
5185 56
6616 47
6616 75
6544 220
6544 221
6544 222
6544 223
6642 28
6146 0
6146 1
6146 2
6146 3
6487 149
6487 150
6487 151
6628 10
6628 11
6628 12
6628 13
6457 193
6457 197
6457 198
6457 201
5136 51
5136 52
5136 53
5136 54
5046 8
5046 9
5046 10
5046 11
6564 73
6564 74
6564 75
6288 68
6288 69
6288 70
5774 16
5774 17
5774 18
5774 19
5906 102
5906 103
5906 104
5906 105
6579 26
6579 27
6579 28
6579 29
6696 38
6696 39
6696 40
6696 41
6140 52
6140 53
6140 54
6140 55
6387 124
6387 125
6441 94
6441 95
5391 36
5391 37
5391 38
5391 39
6653 89
6653 90
6653 91
6653 92
6423 147
6423 149
6423 150
6423 151
6280 30
6280 32
6402 18
6402 19
6575 0
6575 1
6575 2
6575 3
6375 57
6375 58
6642 46
6642 47
6642 48
6642 49
6303 160
6303 161
6303 162
6303 163
6021 49
6021 50
6021 51
6021 201
5108 28
5108 29
5108 30
5108 31
6583 85
6583 86
6583 87
6583 88
6341 96
6341 97
6341 98
6341 99
5906 206
5906 207
5906 208
5906 209
5418 132
5418 133
5418 134
5418 135
6433 0
6433 1
6433 2
6433 3
6530 27
6530 28
6530 29
6530 36
6596 47
6596 48
6596 49
6596 50
5606 55
5606 56
5606 57
5606 58
6381 112
6381 113
6381 114
6381 115
6021 11
6021 12
6021 13
6021 14
5000 93
5000 94
5000 95
5000 96
5404 61
5404 62
5404 63
5404 64
5436 20
5436 21
5436 22
5436 23
5929 87
5929 88
5929 89
5929 96
6138 34
6138 35
6138 36
6138 101
6219 149
6219 150
6219 151
6219 152
5074 24
5074 25
5074 26
5074 27
6283 41
6283 42
6283 43
6283 44
6605 168
6605 169
6605 172
6605 173
5166 19
5166 20
5166 22
5166 23
4969 8
4969 9
4969 10
4969 11
6572 151
6572 152
6572 153
6572 154
6348 64
6348 65
6348 66
6348 67
5151 26
5151 38
5151 168
6427 84
6427 85
6427 86
6427 87
5036 88
5036 89
5036 92
5036 93
6664 3
6664 4
6664 5
6664 6
6647 224
6647 226
6647 227
6647 228
6462 4
6462 5
6462 6
6462 7
6573 30
6573 31
5894 109
5894 110
5894 111
5894 112
5985 179
5985 212
5985 213
5985 214
6195 0
6195 2
6195 7
6195 9
6549 148
6549 149
6549 150
6549 151
6354 80
6354 81
6354 119
6354 121
6639 68
6639 69
6639 70
6639 71
6441 118
6441 119
6441 120
6441 121
6352 33
6663 124
6663 125
6663 126
6663 132
5771 58
5412 0
5412 1
5412 2
5412 3
5979 30
5181 5
5181 27
6508 57
6508 58
6683 57
6683 58
6683 59
6683 60
6540 37
5146 1
6205 0
6205 1
6205 2
6205 3
6371 61
6168 89
6168 93
6168 99
6168 114
6564 64
6564 65
6564 66
6564 67
5915 102
6219 96
5397 51
5397 52
5397 53
5397 54
6748 127
6191 18
6191 19
6475 14
6475 15
6475 16
6475 17
6478 64
6478 65
6478 66
6478 67
5411 0
5411 1
5411 2
5411 3
6475 24
6475 25
6475 32
6475 33
6404 86
6605 136
6605 137
6605 138
6605 139
6427 108
6427 117
6427 127
6073 16
6073 17
6073 18
6073 19
5370 28
5370 29
5370 30
5370 31
6353 0
6353 1
6353 2
6353 3
6507 190
6507 191
6007 2
6007 6
6092 127
6092 128
6092 129
6092 130
5606 59
5606 60
5606 61
5606 62
6546 4
6546 5
6546 6
6546 7
5204 62
5204 111
6195 91
6195 93
5396 57
5396 59
6313 69
6313 70
6313 71
6313 72
6140 33
6140 66
6140 67
6140 68
6214 18
6214 19
6563 12
6563 13
6563 138
6563 139
6664 11
6664 12
6664 13
5441 0
5441 1
5441 2
5441 3
4957 66
4957 67
4957 68
4957 69
5169 208
5169 209
5169 210
5169 211
5084 10
6139 120
6139 121
5977 154
5977 155
5977 158
5977 214
6173 115
6173 117
6173 197
6173 198
6182 100
6182 101
6182 102
6182 103
6000 4
6000 5
6000 6
6000 7
6168 113
6168 115
6168 116
6168 117
6559 32
6559 33
6559 34
6559 36
5360 0
5360 1
5360 2
5360 3
6234 12
6234 13
6234 14
6234 15
6140 71
6140 72
6140 73
6140 74
6211 136
6211 137
6211 138
6211 139
5382 153
5382 154
5382 155
5382 156
6113 38
6113 39
6113 40
6113 41
6216 124
6216 125
6216 126
6216 127
6360 61
6360 75
6360 78
6666 174
6666 175
6666 176
6666 177
6103 31
6103 32
6103 33
6103 35
6664 122
6664 123
6664 124
6664 125
6376 128
6376 129
6376 130
6376 131
5455 94
5455 95
5455 96
5455 97
5611 47
5611 54
6565 32
6565 33
6565 34
6565 35
6649 22
6649 23
6534 68
6534 69
6534 70
6534 71
6559 61
6559 62
6579 37
6579 38
6579 39
6579 50
6687 136
6687 137
6687 138
6687 139
6155 0
6155 4
6155 5
6155 8
6436 10
6436 11
6436 12
6436 13
6490 47
6490 48
6490 49
6490 50
6288 151
6288 152
6288 153
6288 154
5971 28
5971 29
5971 36
5971 37
6333 30
6333 31
5061 73
5061 74
5061 75
5061 77
5925 56
5925 57
5925 58
5925 59
5906 32
5906 33
5906 34
5906 35
6487 132
6487 133
6487 134
6487 135
6081 4
6081 5
6081 6
6081 7
5961 24
5961 25
5961 26
5961 27
6030 20
6030 22
6030 23
6030 83
5377 40
5377 41
5377 42
5377 43
6417 36
6417 39
6417 40
6417 43
5966 145
5966 146
5966 147
5966 148
6683 70
6683 71
6683 72
6683 73
5977 64
5977 65
5977 66
5977 153
6382 142
6382 143
6382 144
6382 145
5384 36
5384 37
5384 38
5384 39
4998 156
4998 157
4998 158
4998 159
6210 4
6210 5
6210 6
6210 7
6138 46
6138 47
6138 48
6138 49
5017 30
5017 31
5017 32
5017 33
6446 23
6446 24
6446 26
5449 12
5449 13
5449 14
5449 15
6356 4
6356 5
6356 6
6356 7
6335 8
6335 9
6335 10
6335 11
6356 127
6183 86
6183 87
6183 88
6183 89
5611 68
5611 69
5611 70
5611 71
6425 161
6425 162
6425 163
6425 164
6507 204
6507 205
6507 206
6507 207
5155 22
5155 23
5155 24
5155 25
6304 26
6304 27
6304 28
6304 29
5444 20
5444 21
5444 22
5444 23
5000 43
5000 44
5000 45
5000 46
6404 91
6404 92
6404 93
6404 94
6074 118
6074 119
6074 120
6074 121
6630 36
6630 37
6630 38
6630 39
6580 16
6580 17
6580 18
6580 19
6369 148
6369 149
6369 150
6369 151
5106 32
5106 36
5106 40
5106 163
6625 24
6625 25
6625 26
6625 32
6355 32
6355 33
6355 34
6355 35
4998 152
4998 153
4998 154
4998 155
5051 134
5051 135
5051 136
5051 137
4999 100
4999 103
4999 104
4999 107
6423 199
6423 200
6423 204
6423 206
6664 30
6664 31
6664 32
6664 33
6577 8
6577 40
6577 41
6577 42
5914 122
5914 123
5914 124
5914 125
5000 103
5000 104
5000 105
5000 106
5588 20
5588 21
5588 22
5588 23
6304 78
6304 79
6304 80
6304 81
5932 28
5932 29
5932 30
5932 31
6475 4
6475 5
6475 6
6475 7
5093 113
5093 114
5093 115
5093 116
5059 41
5059 50
5059 53
5059 82
5154 65
5154 66
5154 68
5154 69
6671 8
6671 9
6671 10
6671 11
6311 12
6311 13
6311 14
6311 15
5019 21
5019 22
5019 23
5019 24
4971 88
4971 89
4971 90
4971 91
5588 48
5588 49
5588 50
5588 51
5625 86
5625 87
5625 88
5625 89
5341 60
5341 61
5341 62
5341 63
6600 48
6600 49
6600 50
6600 51
5397 24
5397 25
5397 26
5397 27
5361 50
5361 51
5361 52
5361 53
4981 19
4981 48
4981 49
4981 50
6529 46
6529 47
6529 48
6529 109
6410 167
6410 168
6410 169
6410 170
5353 40
5353 41
5353 42
5353 43
5977 99
5977 101
5977 102
5977 103
6565 48
6565 49
6565 50
6565 51
5339 10
5339 11
5339 12
5339 13
6614 114
6614 115
6614 116
6614 117
6356 38
6356 39
6356 40
6356 41
5211 53
5211 54
5211 55
5211 56
6344 11
6344 12
6344 13
6344 14
6606 92
6606 93
6606 94
6606 95
5969 38
5969 39
5969 40
5969 41
5444 12
5444 13
5444 14
5444 15
6666 89
6666 90
6666 91
6666 92
5090 64
5090 65
5090 66
5090 67
6457 14
6457 15
6457 18
6457 40
6348 46
6348 47
6348 74
6348 75
6658 4
6658 5
6658 6
6658 7
6590 72
6590 73
6590 74
6590 75
6591 141
6591 142
6591 143
6591 144
6353 37
6353 38
6353 39
6353 40
4998 52
4998 53
4998 54
4998 55
5440 50
5440 51
5440 52
5440 53
6571 147
6571 148
6571 157
6571 158
5445 36
5445 37
5445 38
5445 39
6533 137
6533 138
6533 139
6533 140
5961 36
5961 37
5961 38
5961 39
6573 22
6573 23
6573 24
6573 25
6420 8
6420 9
6420 10
6420 11
6698 109
6698 110
6698 111
5606 4
5606 5
5606 6
5606 7
4969 104
4969 105
4969 106
4969 107
5095 68
5095 69
5095 70
5095 71
6559 30
6559 31
5923 10
5923 11
5923 12
5923 13
5179 186
5179 187
5179 188
5179 189
6201 48
6201 49
6201 50
6201 51
6429 30
6429 31
6197 41
6444 127
6457 124
5914 120
5914 121
6544 253
6544 254
6544 255
6559 96
6665 19
6102 48
6076 27
6076 150
6076 152
6076 153
5966 9
5966 10
5966 11
5966 13
6075 40
6075 41
6075 42
6075 43
6614 159
5910 108
5130 86
5130 95
5084 132
6582 4
6582 5
6582 6
6582 7
6508 38
6440 78
6440 79
5084 114
5235 77
6021 181
6021 182
6021 183
6139 12
6139 15
6360 24
6360 25
5892 32
5892 33
5892 34
5892 35
6103 36
6103 37
6103 39
6103 40
6668 84
6668 85
6004 109
6004 110
6004 111
6004 112
6115 126
6115 127
6565 187
6565 188
6098 72
6098 73
6098 74
6098 76
5933 85
5933 86
5331 8
5331 9
4962 20
4962 22
4962 23
4962 24
6540 52
6540 53
5912 94
5912 95
6640 53
6640 54
6640 55
6680 79
6680 80
6680 81
6680 82
5602 62
5602 63
6571 171
6571 172
6571 173
6571 174
6425 7
6425 8
6425 9
6425 12
5450 28
5450 29
6412 105
6412 106
6412 107
6412 108
6021 52
6021 53
6021 54
6021 56
6525 26
6525 27
6525 28
6525 29
6231 87
6231 88
5153 61
5153 64
5153 65
5153 66
6121 20
6121 21
6121 22
6121 23
6105 48
6105 49
6105 50
6105 51
6334 52
6334 53
6334 56
6334 57
6176 102
6176 103
6176 104
6027 46
6027 47
6027 48
6027 49
6168 32
6168 33
6168 34
6168 35
5179 148
5179 149
5179 150
5179 151
6122 34
6122 35
6122 36
6122 37
6617 4
6617 5
6617 6
6230 27
6230 28
6230 32
6230 33
6106 36
6106 37
6106 38
6106 39
5154 140
5154 141
5154 143
5154 144
5217 98
5217 99
6100 65
6100 66
6100 67
6100 68
5025 90
5025 92
5025 93
5025 94
6451 10
6451 11
6451 12
6451 13
5938 43
5938 45
5938 46
5938 47
6535 102
6535 103
6535 104
6535 105
6668 118
6668 119
6668 120
6668 121
6206 26
6206 27
6206 28
6206 29
6198 182
6198 185
6198 186
6198 189
6246 4
6246 5
6246 6
6246 7
5371 8
5371 9
5371 10
5371 11
6663 160
6663 161
6663 162
6663 163
6162 150
6162 154
6162 162
6162 166
6163 64
6163 65
6163 67
6163 68
6571 119
6571 120
6571 122
6571 123
5025 0
5025 1
5025 2
5025 3
6406 132
6406 133
6406 134
6406 135
5411 156
5411 157
5411 158
5411 159
6444 44
6444 45
6444 46
4992 158
4992 159
4992 160
4992 161
5896 48
5896 49
5896 50
5896 51
6217 116
6217 117
6217 118
6217 161
6666 12
6666 13
6666 16
6666 17
5235 44
5235 45
5235 46
5235 47
6197 10
6197 14
6197 33
6197 37
5334 4
5334 5
5334 6
5334 7
5783 69
5783 70
5783 71
5783 72
6216 41
6216 45
6216 46
6216 47
6683 204
6683 205
6683 206
6683 207
6467 105
6467 106
6467 107
6467 108
5614 32
5614 33
5614 34
5953 11
5953 12
5953 13
5953 15
6056 15
6056 16
6056 17
6056 18
6143 4
6143 5
6143 6
6143 7
5444 0
5444 1
5444 2
5444 3
6327 25
6327 26
6327 32
6327 33
5151 2
5151 46
5151 105
5151 208
6366 13
6366 74
6366 82
6366 83
6080 78
6198 39
6198 40
6198 41
6198 42
6407 24
6407 25
6407 26
6407 27
5910 85
5910 86
5910 87
5910 88
5208 36
5208 37
5208 38
5208 39
5387 52
5387 53
5387 54
5387 55
5191 102
5191 103
5191 104
5191 105
5781 10
5781 11
5781 12
5781 13
6605 10
6605 11
6605 12
6605 16
6082 0
6082 1
6082 2
6082 3
5586 164
5586 165
5586 166
5586 167
6672 53
6672 54
6672 55
6672 56
6301 4
6301 5
6301 6
6301 7
5769 0
5769 1
5769 2
5769 3
6605 161
6605 162
6605 164
6605 165
6313 48
6313 49
4999 61
4999 62
4999 63
4999 64
6217 23
6217 24
6217 25
6217 26
5397 59
5397 60
5397 61
5397 62
6748 211
6748 212
6748 213
6748 228
5982 30
5982 31
5982 32
5982 33
5370 56
5370 57
5370 58
5370 59
5151 25
5151 27
5151 141
5151 150
5625 9
5625 11
5625 35
5625 36
5937 21
5937 22
5937 23
5937 24
5029 61
5029 69
5029 70
5029 73
6083 4
6083 5
6083 6
6083 7
5611 60
5611 61
5611 63
6404 72
6404 73
6404 74
6404 75
5404 65
5404 66
5404 67
5404 68
4983 36
4983 37
4983 38
4983 40
6412 80
6412 81
6412 82
6412 83
5979 13
5979 15
5979 16
5979 17
5154 161
5154 164
5154 167
5154 170
4983 5
4983 10
4983 11
4983 12
6529 64
6529 65
6529 66
6529 67
6300 160
6300 161
6300 162
6300 163
6296 0
6296 1
6296 2
6296 3
5005 160
5005 161
5005 162
5005 163
6149 146
6149 147
6149 148
6149 149
6699 0
6699 1
6699 2
6699 3
6348 135
6348 136
6348 137
6348 138
6004 38
6004 39
6482 26
6482 29
6482 30
6482 33
6615 93
6615 94
6615 95
6615 96
5983 18
5983 19
5983 34
5983 91
6073 36
6073 37
6073 38
6073 39
5106 0
5106 74
5106 113
5106 148
5000 51
5000 52
5000 53
5000 54
5160 13
5160 14
5160 15
5160 17
5418 169
5418 170
5418 171
5418 172
5197 8
5197 9
5197 10
5197 11
5600 80
5600 81
5600 82
5600 83
6695 47
6695 48
6695 49
6695 50
5095 20
5095 21
5095 22
5095 23
6354 48
6354 49
6354 50
6354 98
6598 24
6598 25
6598 59
6598 60
6376 107
6376 108
6376 109
6376 110
4987 8
4987 9
4987 10
4987 11
5340 10
5340 11
5340 12
5340 13
6358 65
6358 66
6358 69
6358 70
5418 157
5418 158
5418 159
5418 160
6480 47
6480 48
6480 49
6480 50
5433 166
5433 167
5433 168
5433 169
6058 113
6058 138
6058 141
6058 142
6680 7
6217 71
6217 74
6217 75
6217 76
5134 7
6623 17
6375 117
6375 118
6138 62
6138 63
5084 33
6123 122
5987 11
5216 0
5601 13
5441 49
5441 50
5441 51
5441 52
6356 18
6356 19
6098 152
6098 153
6098 160
6098 162
5051 38
5919 6
5919 8
5384 204
6683 240
6683 241
6683 242
6683 243
6286 94
6286 95
5938 78
5938 79
6530 13
6530 14
6530 15
6358 59
6358 62
6282 88
6282 89
6282 90
6282 91
6157 5
6157 6
6157 7
6568 30
6568 31
5938 23
5938 28
5938 29
6535 4
6535 5
6535 6
6535 7
6101 28
6101 29
6101 30
6027 122
6027 123
6343 48
6343 49
6571 85
6571 87
6216 72
6216 73
6216 74
6216 75
6468 58
6468 72
6266 16
6266 17
6266 18
6266 19
5623 20
5623 21
5976 12
5914 139
5914 140
5454 49
5454 111
5454 169
5454 173
5049 8
5049 12
5049 39
5049 42
6468 127
6282 23
6282 24
6282 25
6282 26
6304 201
6304 202
5452 36
5452 37
5452 38
5452 39
6149 128
6149 129
6149 131
6149 132
6665 13
6665 14
6665 15
6548 28
6548 29
6548 31
6176 154
6176 155
6176 156
6176 157
5165 5
5165 6
6190 67
6190 69
6190 70
6190 128
6231 111
6231 119
6231 120
6224 98
6224 99
6224 100
6224 101
6540 42
6540 43
6058 101
6058 103
6058 104
6058 105
6502 125
6502 126
6502 127
5906 56
5906 57
5906 58
5906 59
5925 133
5925 213
6565 12
6565 13
6565 14
6565 15
6303 199
6303 200
4978 4
4978 27
4978 36
4978 49
6490 84
6490 85
6490 86
6490 87
5208 12
5208 13
5208 14
5208 15
6122 174
6122 176
6122 178
6122 182
5926 6
5926 7
5926 8
5926 10
6309 27
6309 28
6309 29
6309 30
6300 1
6300 2
6300 3
6300 6
6689 157
6689 158
6689 159
6101 16
6101 17
6101 18
6101 19
6552 46
6552 47
6552 48
6552 49
6341 66
6341 67
6341 68
6341 69
6301 176
6301 177
6301 178
6301 179
5397 113
5397 114
5397 115
5397 116
6540 16
6540 17
6540 18
6540 19
5912 61
5912 62
5912 63
5912 64
6223 12
6223 13
6223 14
6223 15
6362 90
6362 91
6362 92
6362 93
6640 117
6640 118
6640 119
6640 120
5448 10
5448 11
5448 12
5448 13
6615 136
6615 137
6615 138
6615 139
4992 136
4992 137
4992 138
4992 139
6168 96
6168 97
6168 98
6168 100
6596 55
6596 56
6596 57
6596 58
6160 35
6160 36
6160 37
6160 38
5774 71
5774 72
5774 73
5774 74
5616 92
5616 98
5616 106
5616 216
6080 158
6080 159
6080 160
6080 161
6211 132
6211 133
6211 134
6211 135
6534 31
6534 32
6534 33
6534 34
5899 8
5899 9
5899 10
5899 11
6074 30
6074 31
6074 32
6074 33
6647 164
6647 165
6647 166
6647 167
6528 84
6528 85
6528 86
6528 87
5909 21
5909 22
5909 23
5909 24
6021 0
6021 1
6021 2
6021 3
5588 41
5588 42
5588 43
5588 44
6342 68
6342 69
6342 70
6342 71
6621 16
6621 18
6621 19
6621 20
6683 156
6683 157
6683 158
6683 159
5090 128
5090 129
5090 130
5090 131
4981 9
4981 10
4981 11
4981 12
4992 107
4992 108
4992 109
4992 110
6220 25
6220 26
6220 27
6220 28
6410 109
6410 113
6410 114
6410 117
5433 138
5433 139
5433 140
5433 141
6199 140
6199 141
6199 142
6199 143
5171 43
5171 44
5171 45
5171 46
5894 113
5894 114
5894 115
5894 116
6342 72
6342 73
6342 74
6342 75
4979 45
4979 46
4979 47
4979 48
6521 46
6521 47
6521 48
6521 49
6591 70
6591 72
6591 73
6591 74
6527 52
6527 53
6527 54
6527 55
6170 12
6170 13
6170 43
6170 45
6549 96
6549 97
6549 98
6549 99
4969 16
4969 17
4969 18
4969 19
6096 44
6096 45
6096 46
6096 47
5233 24
5233 25
5233 26
5233 27
5217 90
5217 91
5217 92
5217 93
4982 13
4982 14
4982 15
4982 17
6027 102
6027 103
6027 106
6027 110
5061 125
5061 127
5061 152
5061 153
5368 100
5368 101
5368 102
5368 103
6303 136
6303 137
6303 138
6303 139
5966 56
5966 57
5966 58
5966 59
6599 14
6599 15
6599 16
6599 17
5151 45
5151 103
5151 107
5151 139
5361 20
5361 21
5361 22
5361 23
5602 42
5602 44
5602 45
6599 39
6599 40
6599 41
6599 42
6457 179
6457 182
6457 183
6457 186
5151 4
5151 23
5151 36
5151 157
5386 99
5386 103
5386 161
5386 165
5102 32
5102 33
5102 34
5102 35
6634 11
6664 38
6664 39
6162 13
6162 14
6194 5
6194 6
6194 9
6194 10
6354 27
6354 28
6354 29
6354 36
6125 49
6125 51
6191 71
6614 148
6614 150
6686 0
6686 1
6686 2
6686 3
6565 83
6565 84
6565 85
6565 86
5361 18
6115 14
6115 15
6115 16
6115 17
6563 100
6563 101
6563 102
6563 103
6346 20
6346 21
6346 22
6346 24
6282 52
6282 55
6282 56
6282 57
6670 4
6670 5
6670 6
6670 7
5157 57
5157 58
5157 59
5157 60
6347 158
6347 159
5445 44
5445 45
5445 46
5445 47
6653 36
6653 37
6653 38
6653 39
5208 124
5208 125
5208 126
5208 127
6478 49
6478 51
6478 52
6478 53
5616 169
5616 170
5616 171
5616 172
6534 1
6534 2
6534 5
6534 6
6349 68
6349 69
6349 70
6349 71
6059 128
6059 129
6059 130
6059 131
6149 16
6149 19
6149 20
6149 32
5233 86
5233 87
5233 88
5233 89
6478 149
5084 18
6285 20
6285 21
6285 22
6285 23
6146 55
6146 56
5164 27
5164 31
5164 32
5164 33
6101 0
6101 1
6101 2
6101 3
5988 31
6589 37
6589 76
6589 77
6589 158
5910 42
5910 43
5910 44
5910 45
6282 40
6282 41
6282 42
6282 43
6527 168
6527 169
6527 170
6527 171
6091 183
6091 184
6091 185
6091 186
6564 32
6564 33
6564 34
6564 35
6004 113
6004 114
6004 115
6004 116
5233 0
5233 2
5233 3
5233 4
5427 20
5427 21
5427 22
5427 23
5397 97
5397 98
5397 99
5397 100
6139 43
6139 44
6139 45
6139 72
5025 4
5025 5
5025 6
5025 7
6343 0
6343 1
6343 2
6343 3
6319 43
6319 44
6319 45
6319 46
5441 11
5441 12
5441 13
5441 14
6379 186
6379 187
6379 188
6379 189
5947 182
5947 183
5947 184
5947 185
6573 78
6573 80
6664 203
6664 204
6664 205
6664 206
6341 10
6341 11
6341 12
6341 13
6182 36
6182 37
6182 38
6182 39
6564 116
6564 117
6564 118
6340 117
6340 118
6340 119
6340 120
5905 20
5905 21
5905 22
5905 23
6664 209
6664 210
6664 211
6664 212
6058 60
6058 61
6058 62
6058 63
5151 180
5151 181
5151 184
6203 16
6203 17
6203 18
6203 21
6070 33
6070 34
6070 35
6070 36
5142 20
5142 21
5142 22
5142 23
6600 139
6600 140
6600 141
6402 24
6402 25
6402 26
6341 74
6341 75
6341 76
6341 77
5607 30
5607 31
5607 32
5607 33
6114 62
6114 63
6114 64
6114 65
6304 44
6304 45
6304 46
6304 47
6125 67
6340 55
6340 56
6340 59
6340 63
6535 126
6535 127
6535 154
6535 156
5388 0
5388 1
5388 2
5388 3
4962 49
4962 50
4962 51
4962 52
5147 11
5147 12
5147 13
5147 14
6280 128
6280 129
5061 33
5061 37
5061 98
5061 102
6690 88
6690 89
6356 139
6356 140
6226 25
6226 26
6226 29
6226 30
6079 32
6079 34
6079 36
6079 37
6440 205
6440 207
6299 62
6299 63
6387 71
6387 72
6387 75
6387 76
6354 17
6354 18
6354 19
6354 20
6160 76
6160 79
6160 80
6198 152
6198 153
6198 155
6198 156
6012 4
6012 5
6012 6
6012 7
6340 51
6340 52
6340 53
6340 54
5983 72
5983 73
5983 74
5983 75
6318 62
6318 81
6318 85
6318 89
6489 94
6489 95
5005 156
5005 157
5005 158
5005 159
6640 6
6640 7
6640 8
6195 46
6195 98
6092 230
6092 231
6589 103
6589 107
6589 168
5365 29
6598 127
6059 89
6059 93
6118 138
6118 139
6235 62
6235 63
5098 4
6687 50
6388 56
6388 57
6161 18
6161 19
6303 53
6303 54
6683 40
6683 41
6683 50
6683 51
5966 93
5966 100
5966 101
5966 102
5979 151
5979 156
6667 49
6667 50
6667 51
6667 52
5001 77
5001 78
5001 79
5001 80
5961 106
5961 107
5961 110
5961 111
5361 150
5361 151
5361 152
5361 153
6367 72
6367 73
6367 79
6367 80
5024 12
5024 13
5024 14
5024 15
5454 226
5454 227
5454 228
5454 229
6065 8
6065 9
6065 10
6065 11
5619 4
5619 5
5619 6
5619 7
6483 76
6483 77
6483 78
6483 79
5395 20
5395 21
5395 22
5395 23
5031 79
5031 91
5933 101
5933 102
5933 103
5933 104
6360 77
6360 79
6360 80
6360 81
6091 120
6091 121
6091 129
6091 130
5056 37
5056 38
5056 39
5056 40
5216 8
5216 38
5216 39
5216 40
5060 28
5060 29
5060 30
5060 31
5925 128
5925 129
5925 130
5925 131
5774 28
5774 29
5774 30
5774 31
6687 130
6687 131
6687 132
6687 133
5151 34
5151 112
5151 166
5151 173
6676 0
6676 1
6676 2
6676 3
6092 16
6092 22
6092 23
6092 26
5215 16
5215 20
5215 21
5215 34
6298 32
6298 33
6298 34
6298 35
5368 76
5368 77
5368 78
5368 79
5933 194
5933 198
5933 202
5933 206
6410 2
6410 32
6410 33
6410 36
4992 21
4992 22
4992 23
4992 24
6589 26
6589 27
6589 29
6589 30
5437 131
5437 132
5437 133
5437 134
6382 15
6382 16
6382 17
6382 18
5630 38
5630 39
5630 40
5630 41
6468 74
6468 82
6468 115
6468 119
6482 56
6482 57
6482 58
6482 59
6589 125
6589 126
6589 127
5370 92
5370 93
5370 94
5370 95
6664 40
6664 41
6664 42
6664 43
6467 55
6467 66
6467 70
6467 74
5070 40
5070 41
5070 42
5070 43
5155 71
5155 72
5155 73
5155 74
5960 0
5960 1
5960 2
5960 3
4998 16
4998 17
4998 18
4998 19
5214 40
5214 42
5214 43
5214 44
5963 4
5963 5
5963 8
5963 12
5611 50
5611 51
5611 52
5611 53
5370 108
5370 109
5370 110
5370 111
6617 7
6617 8
6617 9
6617 11
5011 28
5011 29
5011 30
5011 31
5201 33
5201 34
5201 36
5201 37
6547 18
6547 19
6501 28
6440 55
6440 64
6417 183
5906 126
6086 4
6086 5
6086 6
6086 7
6375 18
6139 38
6092 17
6092 18
6092 19
5233 141
6197 39
6197 40
5925 127
5915 95
6507 26
6507 27
6078 59
6078 62
6078 63
6021 22
6091 48
6091 49
6091 53
6091 55
5082 17
6059 5
6059 6
6059 7
6059 8
6694 6
6694 7
6694 8
6694 9
6074 38
6074 39
6074 40
6074 41
6544 47
6544 48
5979 11
5979 12
6579 88
6579 89
6748 111
6748 112
6748 113
6748 114
6147 18
6147 19
6191 8
6191 9
6191 20
6191 21
5625 164
5625 166
5625 167
5625 170
6098 4
6098 5
6098 6
6098 7
6229 14
6229 15
6229 16
6229 17
6166 38
6166 39
6166 40
6166 41
6653 74
6653 75
6653 76
6546 28
6546 29
6154 5
6154 7
6154 8
6154 10
6551 55
6551 57
6551 58
6551 59
6572 79
6572 125
6572 126
6572 127
6303 10
6303 11
6303 12
6107 24
6107 25
6107 26
6107 27
6063 35
6063 36
6063 38
6063 39
5041 38
6698 113
6698 114
6698 115
6560 29
6560 31
6560 42
6231 28
6231 29
6231 31
6231 32
6489 118
6058 178
6058 179
6058 180
6058 188
6564 192
6564 193
6564 194
6564 195
6544 224
6544 225
6544 226
6544 227
6697 20
6697 21
5084 65
6190 105
6190 106
6190 107
6190 108
6614 168
6383 34
6383 38
6383 43
6383 46
5925 114
5925 148
5925 149
6687 183
6687 184
6687 185
6687 186
6609 51
6609 52
6559 53
6559 54
6559 55
6559 56
6348 54
6348 55
6348 72
6348 73
6145 68
6145 69
6145 70
6145 71
6095 16
6095 17
6095 18
6095 19
6103 25
6103 29
6103 34
6103 38
5994 14
5994 15
5994 16
5994 17
6216 80
6216 81
6216 82
6216 83
5361 12
5361 13
5361 14
5361 15
6321 94
6321 95
6103 41
6103 42
6103 43
6103 44
6468 129
6468 131
6468 133
5377 20
5377 21
5377 22
5377 23
5019 63
5019 65
5019 66
5019 67
6089 0
6089 1
6089 2
6089 4
6031 216
6031 217
6031 219
6031 220
6281 93
6281 94
6281 95
6281 96
6217 81
6217 82
6217 83
6217 84
5432 4
5432 5
5432 6
5432 7
6645 28
6645 29
6388 36
6388 37
6388 38
6388 39
6157 24
6157 25
6157 26
6157 27
6380 29
6380 36
6380 37
6380 38
6680 43
6680 44
6680 48
6680 49
6616 49
6616 51
6616 52
6616 53
6666 96
6666 97
6666 98
6666 99
6382 125
6382 127
6303 30
6303 31
6303 32
6303 33
6059 60
6059 61
6059 62
6059 63
6683 144
6683 145
6683 146
6683 147
6046 138
6046 139
6046 140
6046 141
5191 28
5191 29
5191 107
6004 65
6004 66
6004 67
6004 69
5904 50
5904 51
6176 101
6176 108
6176 132
6176 177
6021 192
6021 202
6021 203
6021 207
6221 20
6221 21
6221 22
6221 23
6122 42
6122 43
6122 44
6122 45
6011 22
6011 26
6011 30
6011 39
6304 187
6304 188
6304 189
6304 190
6690 34
6690 35
6690 36
6690 37
6402 37
6402 38
6402 39
6402 40
5370 44
5370 45
5370 46
5370 47
5185 42
5185 43
5185 44
5185 45
6696 8
6696 9
6386 6
6386 9
6386 10
5036 64
5036 67
5036 68
5036 71
5914 100
5914 101
5914 102
5914 103
5025 67
5025 68
5025 69
5025 70
6314 25
6314 26
6314 27
6314 28
6625 27
6625 28
6625 29
6625 33
5418 101
5418 102
5418 103
5418 104
6341 126
6341 139
6341 143
6598 152
6598 153
6598 154
6598 155
6466 7
6466 8
6466 11
6466 12
6305 44
6305 45
6305 47
6305 48
5025 85
5025 86
5025 87
5025 89
6211 0
6211 1
6211 2
6211 3
5783 106
5783 107
5783 129
5783 130
5212 30
5212 31
5212 36
5212 37
6634 19
6634 100
6634 104
6634 106
5986 25
5986 32
5986 33
5986 34
6462 0
6462 1
6462 2
6462 3
6366 20
6366 21
6366 22
6366 96
6450 19
6450 20
6450 21
6450 22
6022 105
6022 106
6022 107
6022 108
6534 50
6534 51
6534 52
6534 53
6324 138
6324 141
6324 142
6324 143
4955 68
4955 69
4955 70
4955 71
6614 58
6614 59
6614 60
6614 61
6521 34
6521 35
6521 36
6521 37
5038 59
5038 60
5038 61
5038 62
5901 68
5901 69
5901 70
5901 71
6299 74
6299 75
6299 76
6299 77
6344 27
6344 28
6344 29
6344 36
6305 40
6305 41
6305 42
6305 43
4991 13
4991 14
4991 15
4991 17
6672 23
6672 24
6672 25
6672 26
5334 10
5334 11
5334 12
5334 13
5959 20
5959 21
5959 22
5959 24
6583 183
6583 184
6583 185
6583 186
6622 27
6622 28
6622 30
6622 31
6502 116
6502 117
6502 118
6502 120
6467 30
6467 157
6467 159
6467 160
5607 34
5607 35
5607 36
5607 37
6423 32
6423 33
6423 35
6423 36
6092 93
6092 94
6092 95
6092 96
5922 10
5922 11
5922 12
5922 13
5154 184
5154 185
5154 187
5154 189
5412 28
5412 29
5412 30
5412 31
5099 72
5099 73
5099 74
5099 75
4962 25
4962 26
4962 27
4962 28
6467 5
6467 134
6467 135
6467 136
6527 69
6527 70
6527 71
6527 72
5894 97
5894 98
5894 99
5894 100
6603 68
6603 69
6603 70
6603 71
5971 38
5971 39
5971 40
5971 41
6337 30
6337 31
6337 32
6337 33
4988 0
4988 9
4988 12
4988 13
5171 68
5171 69
5171 70
5171 72
6313 44
6313 45
6313 46
6313 47
5195 68
5195 69
5195 70
5195 71
6426 159
6359 72
6359 73
6611 129
6611 130
6611 131
6140 11
6140 12
6140 13
6140 14
5909 37
5909 38
5909 39
5909 40
6157 58
6157 59
6157 60
6157 61
6106 20
6106 21
6106 22
6106 23
6162 172
5900 19
5900 20
5382 200
6611 109
5616 125
5616 126
5979 59
6044 12
6044 13
6044 16
6044 17
6443 30
5908 20
6658 53
6571 137
6323 92
6323 93
6323 94
6323 95
6312 31
6117 10
6117 12
6117 13
5343 8
5343 9
6205 102
6205 105
6507 224
6507 225
6669 74
6669 79
6690 4
6690 5
6487 44
6431 63
6431 64
6431 65
6431 66
6577 116
6577 117
6577 118
6577 119
5155 128
5155 129
5155 130
5155 131
5977 86
5977 110
5977 113
5977 114
6194 17
6194 18
6194 21
6194 22
6201 47
6478 82
6478 83
5437 58
5437 59
5617 71
6146 78
6146 79
6146 80
6146 81
6680 124
6680 125
6680 126
5364 136
5364 137
5364 138
5364 139
5979 132
5979 133
5979 134
5979 136
6478 100
6619 22
6619 23
5985 125
5985 126
5985 127
6092 27
6092 28
6092 40
6092 47
6428 22
6428 23
6428 24
6428 25
5616 59
5616 113
6490 32
6490 33
6490 34
6490 35
6562 86
6562 87
6562 88
6562 89
4952 66
4952 68
4952 69
4952 70
6168 82
6168 83
6168 84
6168 85
5084 97
6692 128
6692 129
6692 130
6692 131
5344 39
5046 89
5046 90
5046 91
5046 92
6105 84
6105 85
6105 86
6105 87
6156 0
6156 1
6309 31
5187 8
5187 9
5187 10
5187 12
6283 69
6283 70
6283 71
6283 72
5403 0
5403 1
5403 2
5403 3
6594 96
6594 97
6594 98
6594 99
5044 73
6203 12
6203 13
6203 14
6203 15
6542 138
6542 139
6542 140
6542 141
6115 18
6115 19
6115 20
6115 21
6147 14
6147 15
6147 16
6147 17
6609 46
6609 47
6697 25
6697 26
6697 27
6697 28
6226 142
6226 143
6226 144
6226 145
6615 101
6615 102
6615 103
6615 104
5597 46
5597 47
5597 48
5597 49
6139 122
6139 123
6139 124
6139 126
6231 9
5393 16
5393 17
5393 18
5393 19
5396 29
5396 30
5396 31
5396 32
6055 24
6055 25
5061 128
5061 129
5061 132
5061 133
5616 103
5616 189
5084 75
6553 104
6553 105
6553 106
6553 107
5016 60
5016 61
5968 8
5968 9
6080 54
6080 55
6080 56
6080 57
6417 37
6417 38
6417 41
6417 42
6686 22
6686 23
6686 24
6134 42
5929 121
6482 20
6482 21
6482 22
6482 25
5360 14
5360 15
5360 16
5360 17
6656 45
6656 46
6490 16
6490 18
5091 45
6149 36
6149 38
6149 39
6149 40
6115 128
6115 129
6115 130
6115 131
5361 0
5361 1
5361 2
5361 3
6201 9
6201 10
6201 11
6201 12
6687 40
6687 41
6115 34
6115 35
6115 36
6115 37
5361 60
5361 61
5361 62
5361 63
6300 186
6300 187
6300 188
6300 189
6381 73
6381 189
6381 190
6192 122
6192 123
6192 124
6192 125
5138 8
5138 10
6347 97
5627 9
5627 10
6647 63
5187 230
5187 231
5187 232
5187 233
6669 13
6669 14
4997 2
6304 110
6304 111
6304 112
6304 113
5925 25
5925 26
6031 69
6031 71
6031 73
6031 96
6544 313
6544 314
6544 315
6544 316
6503 36
6503 37
6503 38
6299 34
6299 35
6299 36
6299 37
5333 100
5333 101
5333 102
5333 103
5136 46
5136 47
5136 48
5136 50
6163 48
6359 64
6359 65
6359 66
6359 67
6666 44
6666 45
5154 9
5154 44
5154 93
5154 109
5971 113
5971 114
5971 117
6262 0
6262 1
6262 2
6262 3
5433 34
5433 35
5433 36
5433 37
6218 16
6218 17
6218 21
6218 24
5154 180
5154 181
5154 183
5154 207
6026 11
6026 15
6026 58
6410 103
6410 104
6410 106
6410 107
6406 120
6406 121
6406 122
6406 123
6192 158
6192 159
6173 199
6173 200
6173 202
6173 203
5169 76
5169 77
5169 79
5169 80
6653 101
6653 102
6653 103
6653 104
6280 3
6280 11
6280 15
6280 16
6185 0
6185 1
6185 2
6185 3
6111 12
6111 14
6111 15
6611 145
6611 146
6611 147
5777 17
5777 18
5777 19
5777 20
6043 176
6043 179
6043 180
6043 183
6007 93
6007 101
6007 102
6007 104
6577 124
6577 125
6577 126
6577 127
5891 168
5891 169
5891 170
5891 171
5925 143
5925 209
5925 211
5925 212
6544 43
6544 44
6544 45
6544 46
5185 10
5185 11
5185 12
5185 14
5425 24
5425 25
5425 26
5425 27
5332 122
5332 123
5332 124
5332 125
5017 21
6583 34
6583 35
6583 43
6583 44
6382 67
6382 68
6382 69
6382 70
6565 52
6565 53
6565 54
6565 55
6544 161
6544 169
6544 193
6544 197
6206 137
6206 138
6206 139
6206 140
5179 12
5179 13
5179 14
5179 15
5332 118
5332 119
5332 120
5332 121
6138 8
6138 9
6138 10
6138 102
6138 105
6138 106
6305 62
6166 34
6166 35
6166 46
6166 47
6326 19
6326 20
5187 203
5187 205
5187 206
5187 207
5901 27
5901 28
5901 31
5901 33
5084 92
5151 95
5151 158
5151 160
5151 175
6106 32
6106 33
6106 34
6106 35
6199 144
6199 145
6199 146
6199 147
5986 8
5986 9
6323 48
6323 49
6323 50
6323 51
6356 123
6356 124
6356 153
6356 154
6347 101
6347 102
6347 103
6347 104
5993 4
5449 100
5449 101
5946 37
5946 38
5386 50
5386 115
5386 116
5386 117
6286 77
6286 78
5384 156
5384 157
5384 158
5384 159
6359 30
6359 58
6359 63
6348 111
6348 112
6348 113
6348 114
6446 175
6446 176
6446 202
6446 203
5365 25
5365 26
5365 27
5365 28
5382 121
5382 122
5382 123
5382 124
5933 197
5933 199
5933 200
5933 201
6560 61
6560 62
6560 63
6680 55
6680 56
6680 57
6680 58
6528 114
6528 115
6528 116
6528 117
6303 72
6303 74
6303 95
6303 191
6347 41
6347 42
6347 43
6347 44
6376 56
6376 57
6199 170
6199 171
6199 172
6199 173
6190 71
6190 72
6190 73
6190 74
6122 50
6122 51
6122 52
6122 53
5776 60
5776 61
5776 62
6149 150
6149 151
6149 152
6149 153
5783 3
5783 4
5783 5
5783 6
6461 89
6461 90
6461 91
6461 92
5948 25
5948 32
5948 33
5948 34
6334 105
6334 111
6334 113
6666 70
6666 71
6666 72
6666 73
6348 48
6348 49
6348 50
6348 51
5399 0
5399 1
5399 2
5399 3
6219 27
6219 117
6219 118
6219 119
6219 120
6688 46
6688 47
4977 41
4977 42
4977 43
4977 45
5184 20
5184 21
5184 22
5184 23
6633 32
6633 33
6542 86
6542 87
6542 88
6542 89
6118 52
6118 53
6118 54
6118 55
6611 156
6611 157
6611 158
6611 159
6153 34
6153 35
6153 36
6153 37
5921 0
5921 1
5921 2
5921 3
5625 58
6489 91
6489 92
6489 93
5212 12
5212 19
6563 11
6563 67
6563 68
6563 69
6121 46
6121 47
6121 48
6121 49
5444 32
5444 33
5444 34
5444 35
5625 146
5625 149
6123 10
6123 12
5604 0
5604 40
5604 43
5604 48
6594 56
6594 57
6594 58
6594 59
6312 33
5208 28
5208 29
5208 30
5208 31
6199 116
6199 117
6199 118
6199 119
6134 19
6134 20
6134 21
6134 22
5205 5
5205 8
5205 9
5205 10
6113 110
6113 111
6113 112
6113 113
4971 48
4971 49
4971 50
4971 51
5415 8
5415 9
6564 154
6564 155
6564 156
6564 157
6369 14
6369 15
6369 16
6369 17
5617 38
5617 39
5617 41
5617 43
6022 109
6022 110
6022 125
6022 127
5010 8
5010 9
5010 10
5010 11
6479 15
6479 17
6479 18
6479 19
6206 4
6206 5
6359 81
6359 82
6359 83
6359 84
6352 18
6352 19
5393 32
5393 33
5393 34
5393 35
5100 24
5099 0
5099 1
5099 2
5099 3
6090 46
6090 47
6090 48
6090 49
6379 47
6379 131
5959 12
5959 13
5959 28
5959 29
6110 132
6110 133
6110 134
6110 136
6571 195
6571 202
6571 203
6571 207
6626 15
6630 63
6347 61
6347 62
6347 63
6347 84
4961 0
4961 5
5412 88
5412 89
5412 90
5412 91
5449 0
5449 1
5449 2
5449 3
5211 20
5211 21
5211 24
5211 25
6168 192
6168 194
6168 195
6168 196
5187 81
5187 82
5187 83
5187 85
6195 36
6195 38
6195 39
6195 40
5894 45
5894 46
5894 47
5894 48
6076 128
6076 136
6076 137
6341 117
6341 145
6341 148
6059 98
6059 99
6059 101
5095 16
5095 17
5095 18
5095 19
5933 32
5933 33
5933 34
5933 35
5084 137
5332 62
5332 63
5975 74
5975 75
5975 76
5975 77
6690 133
6690 134
6690 135
6690 136
5016 64
5016 65
5016 66
5016 67
5619 23
5619 24
5619 26
5619 29
5774 54
5774 55
5774 56
5774 57
6448 181
6448 182
6448 183
6448 184
6671 116
6671 117
6671 118
6671 119
6007 142
6007 143
6007 144
6007 145
6453 97
6453 98
6453 99
6453 100
5074 32
5074 33
5074 34
6326 76
6326 77
6326 78
6326 79
6110 20
6110 21
6110 22
6110 23
5455 12
5455 13
5455 14
5455 15
5354 20
5354 21
5354 22
5354 23
6356 175
6356 176
6691 29
6691 30
6691 31
6371 36
6371 37
6371 38
6371 39
6466 0
6466 1
6466 3
6466 4
6508 0
6508 1
6508 2
6508 3
6217 101
6217 102
6217 103
6217 104
5017 12
6581 21
5001 24
5001 25
5001 27
5001 28
6011 46
6011 47
6011 48
6011 49
6063 0
6063 1
6063 2
6063 3
6687 216
6687 217
6687 218
6687 219
6376 104
6376 105
6376 106
6376 139
5602 80
5602 81
5602 82
5602 83
5078 16
5078 17
5078 18
5078 19
6663 149
6663 150
6663 151
6663 152
5404 77
5404 78
5404 79
5404 80
6366 64
6366 65
6366 66
6366 67
6534 39
6534 40
5047 15
5047 16
5044 34
5044 35
5044 37
6579 118
5139 37
5139 38
5139 96
5139 98
6419 14
6419 16
6419 17
6138 61
6217 19
6217 20
6217 21
6217 22
5201 62
5201 86
5364 24
5364 26
5364 153
5364 155
6118 62
6118 63
6118 64
6118 65
6642 63
6162 23
6162 24
6162 36
6162 37
6542 128
6542 130
6542 131
6079 39
6079 40
6079 41
6079 42
6354 13
6354 14
6354 15
5075 40
5075 41
5075 42
5075 43
5910 77
5910 78
5910 79
5910 80
5013 100
5013 101
5013 102
5013 103
6551 100
6551 101
6551 102
6551 103
6192 112
6192 113
6192 114
6192 115
6205 52
6205 53
6205 54
6205 55
5090 120
5090 121
5090 122
5090 123
6298 57
6298 58
6298 59
6298 60
5455 110
5455 111
5455 112
5455 113
6589 35
6589 36
6589 38
6589 39
6323 52
6323 53
6323 54
6323 55
5437 62
5395 28
5395 29
5191 34
5191 80
5940 10
5940 11
6216 60
6216 61
6216 62
6216 63
6115 42
6115 43
6115 44
6115 45
5455 4
5455 5
5455 6
5455 7
6480 151
6480 159
6546 64
6546 65
6546 66
6546 67
6376 92
6376 93
6341 107
6341 111
6341 114
4979 33
4979 34
4979 35
4979 36
6406 93
6406 96
6406 97
6406 98
5440 48
5440 49
5918 24
5918 25
5918 26
5918 27
6170 31
5332 134
5332 135
5332 136
5332 137
5060 52
6280 89
6280 90
6280 91
6280 92
6379 182
6379 183
6379 184
6379 185
6367 74
6381 160
6332 14
6332 15
6332 17
6332 18
6690 145
6690 146
6690 147
6690 148
5145 2
5145 5
6412 121
6412 122
6412 123
6412 124
6649 112
6649 113
6649 114
6649 115
6462 59
6462 60
6462 61
6462 62
6123 69
6123 70
6123 71
6123 72
6073 68
6073 69
6073 70
6073 71
6544 341
6544 342
6544 343
6544 344
6206 41
6206 42
6206 43
6206 129
5370 132
5370 133
5370 134
5370 135
6090 54
6090 55
6090 56
6090 57
6052 72
6052 73
6052 74
6052 76
5957 14
5957 15
5957 17
5957 18
6021 115
6214 28
6214 29
6301 90
6301 91
6301 92
6301 93
6379 200
6379 201
5086 14
5086 15
5086 16
5086 17
5914 108
6192 138
6192 139
6623 14
5929 105
5929 106
5929 109
5929 110
6448 89
6448 90
6448 91
6448 92
6286 165
6286 167
6286 170
6286 173
6184 7
6184 8
6184 9
6184 11
6448 159
6176 116
6176 119
6176 120
6176 124
6573 42
6573 43
6573 44
6573 45
5091 4
5091 5
5091 6
5091 7
6176 76
6192 52
6192 53
6192 54
6192 55
5909 60
6192 46
6192 47
6192 48
6192 49
6614 81
6614 82
6614 83
6614 84
6059 14
6059 15
6059 16
6059 17
5046 44
5046 45
5046 46
5046 47
5977 120
5977 121
5977 122
5977 123
6091 207
6091 208
6091 209
6091 210
5344 14
5344 15
5344 16
5344 17
6125 28
6125 29
6125 30
6125 95
6640 87
6640 88
6640 89
6640 90
5445 4
5445 5
5445 6
5445 7
6184 61
6184 62
5910 64
5910 65
5910 66
5910 67
6092 196
6092 197
6092 200
6092 201
6305 32
6305 33
6305 35
6305 36
6559 10
6559 11
6559 12
6559 49
6667 61
6667 62
6632 73
6632 77
5616 37
6336 75
6336 78
6336 79
6336 81
5025 95
5025 96
5025 97
5025 98
5774 0
5774 1
5774 2
5774 3
6080 136
6080 137
6080 138
6080 139
5371 0
5371 1
5371 2
5371 3
6506 121
6506 122
6506 123
6506 124
4979 67
4979 69
4979 70
4979 71
5452 32
5452 33
5452 34
5452 35
6549 47
6549 48
6090 21
6090 22
6090 23
6090 24
6663 192
6663 193
6663 194
6663 195
6031 22
6031 23
6031 24
6031 25
6446 38
6446 39
6446 41
6446 42
6440 172
6440 173
6669 117
6669 118
6669 119
6216 100
6216 101
6216 102
6216 103
6387 158
6387 159
5949 14
5949 15
6575 65
6575 66
6575 67
6575 68
6052 60
6052 62
6052 87
6052 89
5171 55
5171 57
5171 58
5171 59
6093 0
6093 1
6093 2
6093 3
6412 30
6412 31
5452 40
5452 41
5452 42
5452 43
4986 44
4986 45
4986 47
4986 48
6592 153
6592 154
6592 155
6592 156
5949 44
5949 45
6608 4
6608 5
6608 6
6608 7
6381 138
6381 141
5092 20
5092 21
5092 22
5092 23
6201 45
6201 67
6201 68
6201 69
6333 8
6333 9
6333 49
6333 50
6304 4
6304 5
6139 24
6139 32
6139 33
6180 92
6180 93
6180 94
6180 95
6182 28
6182 29
6182 41
6182 42
6058 31
6058 32
6058 33
6058 34
5034 76
5034 77
5034 78
5034 80
6563 130
6563 131
6563 132
6563 133
6683 110
6683 111
6683 112
6683 113
4977 30
4977 31
4977 32
5344 52
5344 53
5344 54
5344 55
6685 4
6685 5
6685 6
6685 7
6664 168
6664 169
6664 170
6664 171
6369 59
6369 60
6369 61
6369 68
6553 80
6553 81
6553 82
6553 83
5933 142
5933 143
5933 144
5933 145
6286 49
6286 50
6286 51
6286 52
5331 36
5331 37
5331 38
5331 39
6669 26
6669 27
6669 28
6669 29
5207 37
5207 38
5207 39
5207 40
6347 45
6347 46
6347 47
6300 140
6300 141
6300 142
6300 143
6605 13
6605 14
6605 15
6623 58
6153 20
6153 21
6304 126
6304 127
5996 30
5996 31
6231 74
6231 75
6231 76
6231 77
6564 132
6564 133
6564 134
6564 135
6183 13
6183 14
6183 15
6183 16
6211 198
6211 199
6211 200
6211 201
5074 12
5074 13
5074 14
5074 15
5624 71
5624 72
5624 73
5624 74
5971 133
5971 136
5971 137
5783 0
5783 1
5783 2
5947 131
5947 134
5947 140
5154 118
5154 119
5154 121
5154 122
5411 40
5411 41
5411 42
5411 43
6480 124
6480 126
6480 161
6480 162
6544 237
6544 238
6544 239
6544 240
5351 0
5351 1
5351 2
5351 3
6238 0
6238 1
4971 172
4971 173
4971 174
4971 175
6343 24
6343 25
6343 26
6343 27
5334 44
5334 45
6508 13
6508 16
6508 17
6508 20
6235 32
6235 33
6235 34
6235 35
6114 20
6114 21
6114 22
6114 23
6022 2
6022 64
6022 65
6022 67
6370 32
6370 34
6370 35
6370 36
5602 76
5602 77
5602 88
5602 89
6565 124
6565 125
6565 126
6565 127
6572 48
6572 49
6572 50
4971 44
4971 45
4971 46
4971 47
5390 1
5390 2
5390 5
6692 119
6692 120
6692 121
6692 122
5070 24
5070 25
5070 26
5070 27
6680 26
6680 27
6680 28
6680 29
5100 8
5100 9
5100 10
5100 11
5630 0
5630 1
5630 2
5630 3
6161 10
6161 11
6161 12
6161 13
5382 113
5382 114
5382 115
5382 116
5430 20
5430 21
5430 22
5430 23
6548 41
6548 42
6548 43
6548 44
6176 1
6176 2
6176 3
6176 128
6173 0
6173 1
6173 4
6173 130
6022 32
6439 52
6439 78
6439 79
6439 80
6631 34
6631 35
6631 36
6631 37
6688 39
6688 40
6688 41
6688 42
5133 12
5133 13
5133 14
5133 15
6227 11
6227 12
6227 13
6227 14
6506 138
6506 139
6506 140
6506 141
6676 139
6676 140
6676 141
6676 142
6211 147
6211 148
6211 149
6211 150
6562 184
6562 185
6562 186
6562 187
6146 47
6146 48
6146 49
6146 50
5935 26
5935 27
5935 28
5935 29
5393 54
5393 55
5393 56
5393 57
6217 50
6217 51
6217 52
6217 53
6219 129
6219 130
6219 131
6219 132
6642 32
6642 33
6642 34
6642 35
6283 7
6283 8
6283 9
6283 10
5899 16
5899 17
5899 18
5899 19
5425 50
5425 51
5425 52
6304 68
6304 69
6304 70
6304 71
6667 23
6667 24
6667 25
6667 32
6589 9
6589 10
6589 21
6589 22
6114 46
6114 47
6114 48
6114 49
5619 0
5619 1
5619 2
5619 3
5333 44
5333 45
5333 46
5333 47
6173 55
6173 56
6173 57
6173 58
5371 4
5371 5
5371 6
5371 7
5179 132
5179 133
5179 134
5179 135
6359 47
6359 48
6359 52
6359 62
5146 56
6310 68
6310 69
6310 70
6310 71
6663 57
6663 58
6663 59
6663 60
5445 48
5445 49
5211 88
5211 89
5211 90
5211 91
5179 104
5179 105
5179 106
5179 107
5455 142
5455 143
5455 144
5455 145
5598 75
5598 76
5598 87
5598 88
5019 4
5019 6
5019 7
5019 8
5404 52
5404 54
5404 55
5404 56
6382 147
6382 160
6382 163
6382 164
5333 60
5333 61
5333 62
5333 63
6080 36
6080 37
6080 38
6080 39
6406 164
6406 167
6406 168
6406 171
6313 4
6313 5
6313 6
6313 7
6565 8
6565 9
6565 10
6565 11
6198 133
6198 135
6198 136
6198 137
5185 33
5185 34
5185 35
5185 36
5005 152
5005 153
5005 154
5005 155
5164 58
5164 60
5164 61
5164 63
6647 26
6647 27
6647 28
6647 36
5034 27
5034 29
5034 33
5034 79
6529 32
6529 33
6529 34
6529 35
6401 5
6401 6
6401 7
6401 8
5385 56
5385 57
5385 58
5385 59
5000 73
5000 75
5000 76
5000 77
5191 74
5191 75
5191 76
5191 77
5060 25
5060 26
5060 27
5154 35
5154 41
5154 46
5154 172
5339 70
5339 71
5339 72
5339 73
5908 10
5908 11
5908 12
5908 13
5153 51
5153 56
5153 57
5153 58
5075 12
5075 13
5075 14
5075 15
6417 0
6417 1
6417 2
6417 79
6147 42
6147 43
6147 46
6147 47
6100 188
6100 189
6100 190
6100 191
5452 60
5452 61
5452 62
5452 64
6326 50
6326 51
6326 52
6326 53
6380 55
6380 56
6380 57
6031 33
6031 37
6031 38
6031 41
6111 57
6111 58
6111 59
6111 60
6553 60
6553 61
6553 62
6553 63
5034 47
5034 49
5034 50
5034 51
5587 12
5587 13
5587 14
5587 15
5395 16
5395 17
5395 18
5395 19
5075 0
5075 1
5075 2
5075 3
5201 28
5201 31
5201 63
5201 121
5586 147
5586 148
5586 149
5586 150
5437 36
5437 37
5437 38
5437 39
6022 48
6022 177
6022 178
6022 179
5203 74
5203 75
5203 76
5203 77
6559 13
6559 14
6559 15
6559 16
6507 208
6507 209
6507 210
6507 211
4999 113
4999 114
4999 116
4999 117
5933 175
5933 176
5933 177
5933 178
6616 4
6616 5
6616 6
6616 7
5616 0
5616 1
5616 2
5616 3
6198 170
6198 171
6198 172
6198 173
5933 179
5933 180
5933 181
5933 182
5436 44
5436 45
5436 46
5436 47
5411 168
5411 169
5411 180
5411 181
5394 16
5394 17
5394 18
5394 19
6341 78
6341 79
6341 80
6341 81
5971 82
5971 83
5971 84
5971 85
5385 128
5385 129
5385 130
5385 131
4998 44
4998 45
4998 46
4998 47
6596 85
6596 86
6596 87
6596 88
5777 0
5777 1
5777 2
5777 3
5019 13
5019 14
5019 15
5019 16
6404 9
6404 10
6404 14
6404 18
6579 90
6579 91
6579 92
6579 98
5918 42
5918 43
5918 44
5918 45
6340 91
6340 92
6340 94
6340 154
6540 25
6540 26
6540 27
6540 29
6467 18
6467 19
6467 20
6467 21
6641 36
6641 37
6641 38
6641 39
5237 31
5237 32
5237 33
5237 34
5782 88
5782 89
5782 90
5782 91
6467 29
6467 32
6467 73
6467 75
4982 144
4982 145
4982 146
4982 147
6356 115
6356 116
6356 117
6356 118
6410 57
6410 58
6410 182
6410 183
6382 89
6382 96
6382 97
6382 98
6410 91
6410 92
6410 93
6410 94
6590 55
6590 56
6590 57
6590 58
6528 128
6528 129
6528 130
6528 131
5432 16
5432 17
5432 18
5432 19
5086 30
5086 31
5086 32
5086 33
5051 146
5051 147
5051 148
5051 149
5157 39
5157 40
5157 41
5157 42
6229 20
6229 21
6229 22
6229 23
5428 0
5428 1
5428 2
5428 3
5384 72
5384 73
5384 74
5384 75
4955 116
4955 117
4955 118
4955 119
6629 11
6629 13
6489 128
6489 129
6489 130
6489 131
5143 9
5143 10
5143 11
5143 12
6564 40
6564 41
6564 42
6564 43
5608 2
5608 3
5608 4
5608 5
5454 222
5454 223
5454 224
5454 225
6649 6
6649 7
6649 8
6649 9
6021 35
6021 36
6021 230
6021 231
6659 42
6659 43
6659 44
6659 48
6698 27
6698 28
6698 29
6698 30
6340 72
6340 73
6340 74
6340 75
6353 105
6353 106
6353 107
6353 108
6000 13
6000 14
6000 15
6000 36
6581 0
6581 1
6581 2
6581 3
5419 32
5419 33
5419 34
5419 35
5976 5
5976 6
5976 8
5976 9
6309 0
6309 1
6309 2
6309 3
6299 6
6226 100
5938 83
6309 14
5048 8
6092 21
6092 24
6092 25
6092 29
6281 162
6281 163
6281 164
6480 45
6480 46
6365 5
6074 93
6156 10
6687 223
5165 2
6506 125
6506 126
5136 59
5136 60
6596 119
6634 22
6688 43
6688 44
6688 45
6231 71
6231 72
6231 73
6360 18
6360 19
6176 167
6176 168
6176 192
6176 194
6521 70
6521 71
6521 72
6521 73
5364 74
5364 75
5364 76
5364 77
6552 68
6552 69
6552 70
6552 71
6528 154
6528 155
6695 28
6687 78
6687 79
6103 26
6103 27
6103 28
6103 30
6412 12
6412 13
6412 14
6046 62
6046 63
6123 30
6123 32
6123 33
6123 35
6583 14
6022 26
6022 126
6301 136
6301 137
6301 138
6301 149
5047 7
5412 178
5412 179
6298 44
6482 124
6482 125
6285 91
6285 92
6285 93
6285 94
6616 20
6616 21
6616 22
6616 64
5990 7
5990 8
5084 6
6063 31
6063 32
6063 34
6063 37
6021 91
6021 189
6666 110
6666 111
6666 112
6666 113
6219 1
6219 2
6219 3
6219 4
6304 23
6304 24
6081 0
6081 1
6081 2
6081 3
6070 70
6070 71
6070 72
6070 73
6299 5
6299 8
6583 8
6583 9
6283 85
6283 86
6283 87
6283 88
6647 29
6647 30
6647 31
6301 73
6301 74
6301 75
6301 128
6300 20
6300 21
6300 22
5979 2
5979 6
5979 10
5979 23
6283 97
6283 98
6283 99
6283 100
6102 109
6102 110
6102 111
6102 112
5385 140
5385 141
5385 142
5385 143
5331 60
5331 61
5331 62
5331 63
6083 8
6083 9
6083 10
6083 11
6371 14
6371 15
6371 16
6371 17
6004 192
6004 193
6004 194
6070 99
6070 100
6070 101
6070 102
4999 83
4999 85
4999 86
4999 87
4998 88
4998 89
4998 90
4998 91
6074 42
6074 43
6074 44
6074 45
6369 26
6369 27
5449 96
5449 97
5449 98
5449 99
5418 161
5418 162
5418 163
5418 164
6748 96
6748 97
6748 98
6748 99
6446 1
6446 2
6446 3
6446 4
6680 142
6680 143
6680 144
6680 145
5387 44
5387 45
5387 46
5387 47
5965 7
5965 11
5965 15
6548 78
6548 79
6548 80
6548 81
6303 184
6303 185
6303 187
6303 188
6219 128
6219 179
6219 182
6219 183
5912 69
5912 70
5912 71
5912 72
6090 89
6090 90
6090 92
6090 93
6616 46
6616 50
6616 54
6043 128
6043 129
6043 130
6043 131
6313 39
6337 25
6337 29
5418 61
5418 62
5418 63
5418 64
6444 91
6444 92
6444 93
6444 94
6352 4
6352 5
6352 6
6352 7
6021 107
6021 108
6021 109
6021 234
6138 40
6138 41
6138 110
6100 140
6100 141
6100 142
6100 143
6092 119
6092 120
6092 121
6092 122
6094 4
6094 5
6094 6
6094 7
5915 24
5915 25
5915 26
5915 27
5597 62
5597 63
5597 65
5597 66
5923 18
5923 19
5923 30
5923 31
5630 8
5630 10
5630 11
5630 12
6339 116
6339 117
6339 118
6339 119
6594 20
6594 21
6594 22
6594 23
5616 162
5616 165
5616 167
5616 168
6375 107
6375 108
6551 168
6551 169
6551 170
6551 171
5419 48
5419 49
5419 50
5419 51
6573 62
6573 63
6573 64
6573 65
5783 85
5783 86
5783 87
5783 88
5208 32
5208 33
5208 34
5208 35
5777 29
5777 30
5777 31
5777 32
5947 11
5947 12
5947 33
5947 34
6406 24
6406 27
6406 28
6406 30
5985 128
5985 129
5985 130
5985 131
5771 12
5771 13
5771 14
5771 15
6210 18
6210 19
6210 20
6210 21
6301 150
6301 151
6301 152
6301 153
5001 26
5001 45
5001 68
5001 76
5604 5
5604 6
5604 7
5604 8
6591 121
6591 122
6591 123
6591 124
5338 4
5338 5
5338 6
5338 7
5051 49
5051 50
5051 51
5051 52
5091 8
5091 9
5091 10
5091 11
4962 0
4962 1
4962 2
4962 3
6198 73
6198 74
6198 75
6198 76
6596 152
6596 153
6596 154
6596 156
6166 30
6166 31
6166 32
6166 33
6092 108
6092 109
6092 110
6092 111
6285 47
6285 48
6285 49
6285 50
5600 116
5600 117
5600 178
5600 179
5204 4
5204 5
5204 6
5204 7
5090 12
5090 13
5090 14
5090 15
4986 33
4986 36
4986 38
4986 39
5384 104
5384 105
5384 106
5384 107
6564 210
6564 211
6564 212
6564 213
5099 60
5099 61
5099 62
5099 63
5351 53
5351 54
5351 55
5351 56
5915 88
5915 89
5915 90
5915 91
5044 21
5044 22
5044 23
5044 24
6460 0
6460 1
6592 45
6592 56
6592 57
6592 58
5901 0
5901 1
5901 2
5901 3
6359 35
6359 39
6359 43
6359 61
6347 105
6347 106
6347 107
6347 108
5364 108
5364 150
5364 151
5364 152
5387 81
5909 67
5909 68
5909 69
5909 70
4955 64
4955 65
4955 66
4955 67
6409 1
6409 2
6409 5
6409 6
6450 15
6450 16
6450 17
5070 15
5593 16
5593 17
5593 18
5593 19
5606 69
5606 70
5606 71
5606 72
5229 68
5229 69
5229 71
5229 73
6375 39
6478 60
6281 127
5977 93
6647 205
6043 168
6043 169
6641 20
6072 22
5087 20
6353 109
6310 42
6310 43
6542 122
6542 124
6542 125
6676 169
5397 78
5397 79
5397 80
5397 81
6544 305
6544 306
6544 307
6544 308
6490 88
5082 10
6336 10
6336 11
6336 14
6336 15
5959 31
6632 8
6632 9
6427 109
6427 110
5933 169
5933 170
5933 171
5933 172
6182 122
6206 56
6206 57
6206 59
6206 60
6100 221
6100 222
6100 223
6100 224
6218 10
6218 15
6001 0
6001 1
5781 8
5781 9
6162 73
6162 74
6162 75
6630 57
6448 136
6448 137
6596 157
6596 158
6687 212
6687 213
6687 214
6687 215
6021 177
6021 198
6021 199
6021 200
5630 42
5630 43
5985 0
5985 1
5985 2
5985 3
6280 150
6280 152
6280 156
6280 157
6180 91
5938 34
6125 50
6125 54
6125 58
6125 62
6234 24
6234 25
6234 26
6234 27
6059 49
6059 50
6059 51
6059 52
5971 20
5971 21
5971 22
5971 23
6528 60
6528 61
6528 62
6528 63
6575 14
6575 15
6575 16
6575 17
5425 40
5425 41
5425 42
5425 43
6115 100
6115 132
6115 133
6115 134
6566 59
6566 63
5979 137
5979 139
6080 1
6080 2
6080 3
6080 4
6563 51
6563 52
6563 53
6563 54
5339 48
5339 49
6100 209
6100 210
6100 211
6100 212
6381 122
5084 100
6114 100
6114 101
6114 102
6114 103
6190 75
6190 77
6190 78
6190 129
5912 53
5912 54
5912 55
5912 56
6301 18
6542 166
6542 167
6542 168
6542 169
6075 71
5203 27
5203 28
5203 29
5203 30
6192 154
6192 155
6192 156
6192 157
5952 10
5952 11
5952 12
6138 79
6123 22
6192 18
6192 19
5947 143
5947 155
6241 12
6241 13
6241 14
6241 15
5179 72
5179 73
5179 74
5179 75
6303 150
6303 151
6303 152
6303 153
6073 84
6073 85
6073 86
6073 87
6407 4
6407 5
6407 6
6407 7
6468 44
6266 1
6266 2
6266 3
6266 4
6441 103
6311 74
6311 75
6311 76
6311 77
6591 42
6591 103
6591 108
5019 17
5019 18
5019 19
5019 20
6329 37
5084 49
6114 128
6114 129
6114 130
6114 131
5969 30
5969 31
6404 138
6404 150
6420 0
6420 1
6420 2
6420 3
6073 112
6073 113
6073 114
6073 115
6440 138
6440 139
6440 140
6440 141
6553 8
6553 9
6553 10
6553 11
6698 23
6698 24
6698 25
6698 26
6285 148
6285 149
5946 26
5946 28
6027 14
6027 15
6525 20
6525 21
6525 22
6525 24
6687 182
6687 230
6687 231
6687 232
6659 9
6659 10
6659 11
6659 12
6599 51
6599 52
6599 61
6599 62
6030 14
6030 15
5966 6
5966 7
6297 6
6297 7
6297 8
6297 9
6566 10
6566 11
6598 159
6598 160
6356 167
6356 168
6356 169
6356 170
6229 8
6229 9
6229 41
6229 43
6623 26
6623 27
6535 176
6535 177
5600 4
5600 5
5600 6
5600 7
6036 24
6036 25
5904 28
5904 29
5904 30
5904 33
5084 80
6113 134
6113 135
5617 45
5617 47
5617 48
5617 50
5061 84
5061 85
5061 86
5061 89
6107 0
6107 1
6107 2
6107 3
6224 67
6224 68
6224 69
6224 70
5393 12
5393 13
5393 14
5393 15
5341 178
5341 179
5341 180
5341 181
6358 85
5947 180
5947 181
6606 74
6606 75
6606 76
6092 159
6092 160
6092 161
6092 162
4955 112
4955 113
4955 114
4955 115
5985 111
5985 138
5985 139
5985 140
6079 0
6079 4
6079 6
6079 33
6444 148
6444 149
6444 150
6444 151
6381 179
6381 180
6381 181
6381 182
6190 123
6190 124
6190 125
6190 126
6594 100
6594 115
6594 116
6594 117
6690 0
6690 1
6690 2
6690 3
5374 24
5374 25
5374 26
5374 27
6376 38
6376 39
6376 40
6376 41
6205 104
6205 106
6205 107
6063 8
6063 9
6063 10
6063 11
6333 44
6333 45
6333 46
6333 47
5201 89
5201 90
5201 91
5201 94
6376 10
6376 11
6376 12
6376 13
6412 125
6412 126
6412 127
6446 152
6446 154
6146 51
6146 52
6146 53
6146 54
6533 80
6533 82
6533 83
6533 84
6235 4
6235 5
6235 6
6235 7
6076 4
6076 5
6076 6
6076 7
6546 63
6546 68
6546 69
6546 70
6151 7
6151 8
6151 9
6151 10
6173 150
6173 152
6173 154
6173 155
6360 34
6360 41
6360 49
6360 53
6640 95
6640 96
6640 97
6640 98
5216 29
5216 30
5216 31
5216 32
5341 120
5341 121
5341 122
5341 123
6596 105
6596 106
6596 107
6596 108
6594 89
6594 90
6487 40
6487 41
6487 42
6487 43
6221 56
6221 57
6221 58
6221 59
6286 129
6286 130
6286 131
6286 132
5171 31
5171 32
5171 33
5171 34
4992 185
4992 188
4992 189
6608 91
6608 93
6667 53
6667 54
6667 55
6667 56
6695 26
6695 27
5966 157
5966 158
5966 161
5966 164
5099 20
5099 21
5099 22
5099 23
6686 14
6686 15
6686 16
6686 17
5160 27
6664 157
6664 158
6664 159
6101 44
6101 45
6101 46
6101 47
6091 136
6091 137
6091 138
6091 139
6564 90
6564 91
6564 92
6564 93
6339 141
6339 142
6478 42
6478 46
6478 50
6382 196
6382 197
6382 198
6382 199
6521 3
6521 11
6521 16
6521 20
6318 4
6653 130
6653 131
6653 132
6653 133
5201 0
5201 2
5201 4
5201 5
6457 137
6457 138
6457 139
6457 140
6346 36
6346 37
6346 38
6346 39
6199 47
6199 48
6199 49
6199 50
5782 77
5782 78
5782 79
5782 82
6231 18
6231 22
6231 26
6231 30
6566 73
6566 74
6566 75
6566 76
6313 73
6313 74
5169 6
5169 7
5455 61
5455 66
5455 150
5455 152
6562 196
6562 197
6562 198
6562 199
5216 13
5216 15
5216 17
5216 80
6606 13
6606 14
6606 15
6226 102
6226 104
6226 105
6226 133
6154 0
6154 1
6154 3
6154 4
6423 126
6423 127
6423 128
6423 129
6572 44
6572 45
6572 46
6572 47
6122 99
6122 100
6122 101
6122 102
6436 14
6436 15
6436 16
6436 17
6300 178
6300 179
6300 180
6300 181
5229 84
5229 85
6404 76
6404 77
6404 78
6404 79
5901 72
5901 73
5901 74
5901 75
6508 8
6508 9
6508 11
6508 12
6139 36
6139 37
6139 40
6139 41
5025 108
5025 109
5025 110
5025 111
6111 8
6111 9
6111 10
6111 11
6173 156
6173 157
6173 158
6173 159
6281 45
6281 46
6281 47
6281 48
6457 33
6457 34
6457 37
6457 38
6608 21
6608 22
6608 23
6608 25
6417 136
6417 139
6417 146
6417 147
5608 6
5608 7
5608 8
5608 9
6236 0
6236 1
6236 2
6236 3
5899 40
5899 41
5899 42
5899 43
6098 8
6098 9
6098 10
6098 11
6525 55
6525 56
6525 57
6525 59
6246 20
6246 21
6184 37
6184 38
6184 39
6184 40
6460 8
6460 10
6460 11
6460 12
5127 119
5127 120
5127 122
5127 123
5345 4
5345 5
5345 6
5345 7
6031 188
6031 189
6031 190
6031 191
6354 120
6354 122
6354 123
6667 45
6667 46
6667 47
6667 48
5411 140
5411 141
5411 142
5411 143
6089 3
6332 30
6332 33
6332 37
6332 41
6375 96
6375 97
6375 98
6375 99
6336 153
6336 157
6336 163
6336 166
6589 176
6589 178
6589 179
6521 114
6521 123
6521 125
6521 126
6369 101
6369 102
6369 103
6369 104
6698 127
6091 187
6091 188
6091 189
6091 190
5179 128
5179 129
5179 130
5179 131
6144 46
6438 31
6387 42
6387 43
6387 79
6387 80
6451 26
6451 27
6451 28
6451 29
5385 176
5385 177
5385 178
5385 179
6091 81
6091 83
6091 84
6091 85
5977 180
5977 181
5977 182
5977 184
5385 60
5385 61
5385 62
5385 63
5418 136
5418 137
5418 138
5418 139
6111 53
6111 54
6111 55
6111 56
5906 106
5906 107
5906 112
5906 113
6322 18
6322 19
6322 20
6322 22
6562 15
6468 24
6468 25
6468 26
6468 27
6058 135
6058 136
6058 139
6058 140
5911 1
5911 2
5911 3
5911 4
6022 79
4998 116
4998 117
4998 118
4998 119
6360 14
6360 15
6360 16
6360 17
4967 35
4967 36
4967 37
4967 38
5976 3
5976 7
5976 22
5976 26
6579 40
6579 41
6579 79
5777 33
5384 64
5384 65
5384 66
5384 67
5940 19
5940 20
5940 23
5940 43
5960 5
5960 9
5960 13
5960 18
5169 228
5169 229
5169 230
5169 231
6540 10
6540 11
5092 60
5092 61
5092 62
5092 63
6235 24
6235 25
6235 26
6235 27
6547 8
6547 9
6337 47
5333 72
5333 73
5333 74
5333 75
6314 40
6314 41
6314 43
6314 44
6161 8
6161 9
5606 63
6092 101
6092 102
6092 103
6092 104
5044 71
5044 72
5625 102
5625 103
5625 104
5625 105
5013 116
5013 117
5013 118
5013 119
5025 53
5025 54
5025 55
5025 56
5084 66
6304 120
6304 121
6304 122
6304 123
5197 38
5197 40
5197 41
5197 42
6748 49
6346 29
5351 84
5351 85
5016 4
5016 5
5016 6
5016 7
6564 28
6564 29
6125 86
6125 87
6125 88
6101 49
6101 50
5201 95
6187 0
6187 1
6187 2
6187 3
6490 8
6490 9
5394 28
5394 29
5394 30
5394 31
6417 190
6417 192
6417 193
6417 194
6544 126
6544 127
6360 43
6360 44
6360 46
6360 47
5157 95
5157 96
5157 97
5157 98
5985 112
5985 113
5985 114
5985 115
6521 84
6521 85
5966 109
5966 110
5966 111
5966 112
5431 10
5431 11
6219 164
6219 165
6219 166
6219 167
6407 153
6407 169
6407 172
6165 4
6165 5
6165 6
6165 7
6520 24
5985 157
5933 63
5768 20
5768 21
5768 23
5768 24
6382 19
6382 20
6382 21
6382 22
6482 43
6482 44
6482 47
5403 16
5403 17
5403 18
5403 19
6301 164
6301 165
6301 166
6301 167
6697 83
6697 84
6697 85
6697 86
5061 163
5061 164
5061 167
5061 168
6507 93
6507 94
6620 138
6620 139
6620 140
6620 141
5013 40
5013 41
5013 42
5013 43
5782 132
5782 133
5782 134
5782 135
5979 39
5979 68
5979 69
5979 70
6517 46
6517 47
6517 48
6517 49
5093 141
5093 142
5093 143
5093 144
6407 16
6407 17
6407 18
6407 19
5185 15
5185 16
5185 17
5185 18
6510 16
6510 19
6407 52
6407 53
6407 54
6407 55
5044 51
6090 139
6090 140
6090 142
6090 143
5364 206
6668 50
6668 51
6668 52
6668 53
6571 23
6571 24
6571 32
6571 33
6123 34
6123 38
6123 84
6123 104
6076 22
6616 87
6616 88
6616 89
6616 90
5145 25
6647 237
6647 239
6647 240
6647 241
5337 124
5337 125
5337 126
5337 127
5609 6
5609 7
5609 36
5609 37
6375 35
4957 70
4957 71
4957 72
4957 73
5084 40
6542 48
6426 68
6426 69
6426 70
6426 71
5782 80
5782 83
5782 148
5782 149
6668 126
6668 127
6362 48
6362 49
6362 83
6362 84
6146 71
6146 72
6146 73
6146 74
6457 19
6457 23
6140 6
6140 15
6140 18
6140 22
6616 12
6616 13
6616 14
6098 32
6098 33
6098 34
6098 35
6149 98
5959 4
5959 6
5914 112
5914 113
5914 114
5914 115
6565 95
6565 96
6565 97
6565 98
5197 20
6103 136
6103 137
6103 138
6103 139
6404 40
6404 41
6404 42
6404 43
5153 0
5153 1
5153 6
5153 14
6146 21
6146 22
6146 23
6146 24
6219 113
6219 114
6219 115
6219 116
6611 126
5933 87
5933 88
5933 89
5933 96
5059 42
5059 43
5059 44
5059 45
6303 92
6303 93
6303 94
6125 65
6092 175
6092 176
6092 177
6092 178
6579 59
6542 204
6542 205
6542 206
6542 207
5078 53
5078 54
5078 55
5078 56
6262 8
6262 9
6286 8
6286 9
6286 43
6286 44
6589 60
6589 61
6146 45
6146 46
6508 27
6508 31
6055 45
6055 64
6055 65
6055 66
5933 183
6602 39
6602 40
6602 41
6602 42
6046 19
6046 20
6046 21
6046 22
4992 172
4992 173
4992 174
4992 175
6427 60
6427 61
6427 63
6370 48
6370 49
5971 102
5971 103
5971 128
5971 129
6692 142
6692 143
6487 127
6100 50
6100 51
6100 52
6100 53
6489 1
6489 2
6489 3
6489 4
6446 117
6690 163
6055 60
6055 61
6653 14
6653 15
6653 16
6653 17
5979 118
5979 119
5979 120
5979 121
6381 66
6381 67
6381 68
5000 38
5000 39
5000 40
5000 41
5965 9
5965 10
5965 12
5965 13
6211 77
6211 78
6211 79
6211 80
6369 77
6369 78
5339 8
5339 9
5339 80
5339 81
6298 96
6298 97
6099 18
6099 19
6425 112
6425 113
6425 114
6425 115
6521 7
6118 38
6118 39
6118 50
6118 51
6640 47
6640 48
6027 24
6027 25
6690 65
6690 66
6553 0
6553 1
6553 2
6553 3
6692 36
6692 37
6692 38
6692 39
5001 12
5001 13
5001 14
5001 15
6417 148
6417 150
6219 147
6219 148
6219 162
6219 163
5340 57
5340 58
5340 59
5340 80
6366 95
6366 97
6366 98
6115 30
6115 31
6115 32
6115 33
6600 156
6600 157
6600 158
6600 159
6376 69
6376 70
6376 72
6376 73
6198 47
6198 48
6198 49
6198 50
6548 18
6548 22
6548 30
6548 33
6571 198
6571 199
6571 200
6571 201
6022 60
6440 52
6138 90
5055 68
5055 69
6549 49
6549 50
6549 51
6549 52
4969 91
4969 92
4969 94
4969 95
6689 126
6689 127
6631 111
6637 38
6637 39
6637 40
6637 41
6327 31
6544 121
6544 122
6544 124
6544 125
6092 167
6092 168
6092 169
6092 170
6666 18
6666 19
6356 109
6356 110
5084 105
6507 22
6507 23
6507 24
6507 25
6341 49
6341 53
6341 88
6341 89
5341 174
5341 175
5341 176
5341 177
6334 50
6334 51
6334 54
6334 55
6342 4
6342 6
6342 8
6535 68
6535 69
6535 70
6535 71
6457 91
6457 92
6457 98
6457 99
5589 20
5589 21
5589 22
5589 23
6605 8
6605 9
6285 114
6285 115
6285 116
6687 92
6687 93
6358 26
6440 39
6440 40
6440 42
6440 43
5041 79
5041 80
5041 81
5041 82
6224 88
6224 89
6224 90
5155 62
5155 64
5155 65
5155 66
5977 1
5977 5
6666 66
6666 67
6666 68
6666 69
5370 72
5370 73
5370 74
5370 75
5191 78
5191 79
5191 81
5191 83
6573 66
6573 67
6573 68
6573 69
6327 9
6327 10
6327 11
6327 12
6286 24
6286 25
6286 26
6286 27
6230 119
6230 120
6230 121
6230 122
5598 77
5598 78
5598 79
5598 80
6503 76
6503 77
6503 78
6503 79
6685 8
6685 9
5588 104
5588 105
5588 106
5588 107
6058 150
6058 151
6058 152
6058 153
5208 92
5208 93
5208 94
5208 95
6297 42
6297 43
6697 116
6697 117
6697 118
6697 119
6262 4
6262 5
6262 6
6262 7
6649 104
6649 105
6649 106
6649 107
5215 47
5215 48
5215 49
5215 50
6318 5
6318 8
6318 12
6318 32
6480 30
6480 31
6684 4
6684 5
6684 6
6684 7
5401 0
5401 1
5401 2
5401 3
6692 83
6692 84
6692 85
6692 86
6183 69
6183 72
6183 73
6183 95
6527 104
6527 105
6527 106
6527 107
5070 44
5070 45
5070 46
5070 47
6083 16
6083 17
6083 18
6083 20
6219 133
6219 134
6219 135
6219 136
6436 9
6436 24
6436 26
6321 57
6321 58
6321 104
6321 105
5975 8
5975 9
6114 12
6114 13
6114 14
6114 15
6219 157
6219 158
5201 1
5201 16
5201 67
5201 141
6448 109
6448 110
6448 111
6448 112
6425 125
6425 126
6425 127
6425 128
5604 42
5604 44
5604 47
5604 49
6367 53
6367 54
6367 55
6367 56
5900 4
5900 5
5900 6
5900 7
5198 10
5198 12
5198 13
5198 15
6065 32
6065 33
6065 34
6065 35
5929 64
5929 65
5929 66
6184 91
6184 92
6630 13
6630 20
6630 41
6630 49
5214 22
5214 24
5214 25
5214 26
5168 6
5168 8
5168 10
5168 11
5031 115
5031 116
5031 117
5031 118
5968 4
5968 5
5968 6
5968 7
6666 161
6666 162
6666 163
6666 164
6690 97
6690 98
6690 99
6690 100
5589 44
5589 45
5589 46
5589 47
6589 128
6589 129
6589 130
6589 132
6596 12
6596 13
6596 14
6596 15
5382 177
5382 178
5382 179
5382 180
5016 16
5016 17
5016 18
5016 19
5187 50
5187 53
5187 106
5187 178
6425 136
6425 137
6425 140
6425 141
6502 121
6502 122
6502 123
6573 36
6573 37
6573 38
6573 39
5435 8
5435 9
5435 10
5435 11
6324 74
6324 100
6324 101
6324 102
6091 171
6091 172
6091 173
6091 174
6379 99
6379 101
6379 102
6379 103
6535 160
6535 161
6535 162
6535 163
6298 102
6298 103
6298 104
6298 105
6170 24
6170 25
6170 26
6170 27
6226 99
6226 103
6226 124
6114 92
6114 93
6114 94
6114 95
6075 17
6075 20
6075 21
6075 22
6300 96
6300 97
6300 98
6300 99
6356 26
6356 27
6356 28
6356 29
5093 36
5093 37
5093 38
5093 39
6478 68
6478 69
6478 70
6478 71
6599 106
6599 107
6599 108
6599 112
5233 42
5233 44
5233 45
5233 46
5106 61
5106 127
6288 29
6288 30
6288 31
6288 32
4953 4
4953 5
4953 6
4953 7
6407 44
6407 45
6407 46
6407 47
5947 128
5947 129
5947 130
5947 132
6341 112
6341 113
6341 115
6145 53
6145 54
6145 55
6145 56
6211 34
6211 35
6211 36
6211 37
6123 47
6123 51
6123 52
5588 184
5588 185
5588 186
5588 187
6598 26
6598 27
6598 28
6598 29
5593 36
5593 37
5593 38
5593 39
6105 92
6105 93
6105 94
6105 95
5332 97
5332 140
5332 141
5332 142
6490 59
6490 60
6490 61
6490 62
6125 16
6125 17
6125 18
6125 19
6334 0
6334 3
6334 4
6334 7
5108 4
5108 5
5108 6
5108 7
5618 30
5618 31
5229 78
5229 79
5229 80
5229 81
5332 168
5332 169
5332 170
5332 171
6110 85
6110 86
6110 87
6110 208
6592 73
6592 74
6592 76
6592 77
5078 8
5078 9
5078 10
5078 11
5005 132
5005 133
5005 134
5005 135
6350 59
6350 60
6350 89
6350 90
5367 34
5367 35
5367 36
5367 37
5782 42
5782 43
5782 44
6598 80
6598 81
6598 82
6598 83
6387 92
6387 93
6387 100
6387 101
5953 4
5953 5
5953 6
5953 7
5437 95
5437 96
5437 97
5437 98
5909 59
5909 81
5909 82
5909 83
6011 100
6011 101
6011 102
5949 20
5949 21
5949 22
5949 23
5009 12
5009 13
5009 14
6103 102
6103 103
6103 104
6103 105
6367 27
6367 28
6367 29
6367 30
5333 88
5333 89
5333 90
5333 91
6748 45
6748 46
6748 47
6748 48
6592 88
6592 89
6592 90
6592 128
6312 102
6312 103
6312 104
6312 105
6502 27
6502 28
6502 29
6502 30
6572 3
6572 4
6572 7
6572 12
5169 81
5169 82
5169 83
5169 84
5914 43
5914 44
5914 45
5914 46
6114 58
6114 59
6114 60
6114 61
5971 46
5971 49
5971 50
5971 53
6347 65
6347 184
6347 185
6347 186
5930 42
5930 43
5930 44
5930 45
4971 92
4971 93
4971 94
4971 95
6503 4
6503 5
6503 6
6503 7
4967 39
4967 40
4967 41
4967 42
4971 80
4971 81
4971 82
4971 83
4999 94
4999 95
4999 97
4999 98
5454 39
5454 97
5454 101
5454 163
5452 8
5452 9
5452 10
5452 11
6348 179
6348 180
6348 181
6348 182
5154 98
5154 99
5154 101
5154 107
6520 20
6520 21
6520 22
6520 23
5397 83
5397 84
5397 85
5397 86
6631 31
6631 59
6631 61
6631 62
6298 152
6298 153
6298 154
6298 155
6341 4
6341 5
6341 6
6341 7
5605 27
5605 28
5605 29
5605 31
5588 96
5588 97
5588 98
5588 99
5137 0
5137 1
5137 2
5137 4
6483 100
6483 101
6483 102
6483 103
6359 18
6359 19
5892 49
5892 50
5892 51
5892 52
6350 72
6350 73
6350 74
6350 75
6325 25
6325 26
6325 27
6325 46
5618 20
5618 21
5618 23
5618 24
6021 162
6021 204
6021 205
6021 206
5106 24
5106 83
5106 149
5106 153
5237 12
5237 13
5237 14
5237 15
5093 157
5093 158
5093 159
5093 160
5179 194
5179 195
5179 197
5179 198
5600 18
5600 19
5600 20
5600 21
6517 10
6517 11
6517 12
6517 13
6217 109
6217 111
6217 112
6217 138
5960 4
5960 6
5960 7
5960 8
6218 32
6218 33
6218 34
6218 36
6697 49
6697 50
6697 51
6697 52
4992 81
4992 82
4992 83
4992 84
6195 37
6195 42
6195 44
6195 45
5055 0
5055 1
5055 2
5055 3
5586 160
5586 161
5586 162
5586 163
4961 1
4961 8
4961 9
4961 10
5016 56
5016 57
5016 58
5016 59
6442 10
6442 11
6442 12
6442 13
6199 23
6199 24
6199 25
6199 26
5588 200
5588 201
5588 202
5588 203
5624 59
5624 60
5624 61
5624 62
5588 28
5588 29
5588 30
5588 31
5106 65
5106 66
5106 128
5106 132
6230 75
6230 78
6230 79
6230 81
4957 50
4957 51
4957 52
4957 53
6026 0
6026 1
6026 2
6026 4
5002 27
5002 28
5002 29
5002 30
6335 18
6335 19
6335 22
6335 23
6297 30
6297 31
6297 32
6297 33
5090 24
5090 25
5090 26
5090 27
5341 130
5341 131
5341 132
5341 133
5164 41
5164 42
5164 70
5164 81
6589 174
6589 180
4975 17
4975 18
4975 19
4975 20
5371 65
5371 66
5371 67
5371 68
6125 38
6125 40
6125 41
6125 43
6611 85
6611 86
6611 87
6611 88
6579 60
6579 61
6579 68
6579 69
6594 32
6594 33
6594 34
6594 35
6448 24
6448 25
6448 26
6314 97
6314 98
6314 99
6314 100
6004 4
6004 5
6004 6
6004 7
5169 144
5169 145
5169 147
5169 148
6347 113
6347 114
6347 120
6347 121
6467 152
6467 153
6467 155
6467 156
6457 131
6457 133
6457 134
6457 135
5979 45
5979 46
5979 47
5979 49
6642 103
6642 104
6642 105
6642 106
5960 24
5960 25
5960 26
5960 27
6022 85
6022 86
6022 87
6022 88
6611 68
6611 69
6611 70
6611 71
6427 132
6427 133
6427 134
6427 135
5179 4
5179 5
5179 6
5179 7
4999 111
4999 115
4999 119
4999 123
6616 103
6616 104
6616 105
6616 106
5409 15
5409 16
5409 17
5409 18
5892 40
5892 41
5892 42
5892 43
4999 47
4999 48
4999 50
4999 51
6338 59
6338 60
6338 61
6338 62
5412 16
5412 17
5412 18
5412 19
5061 59
5061 62
5061 63
5061 65
6304 52
6304 53
6304 54
6304 55
5385 164
5385 165
5385 166
5385 167
5155 33
5155 38
5155 49
5155 84
5013 120
5013 121
5013 122
5013 123
5061 83
5061 87
5061 88
5061 103
6467 76
6467 77
6467 78
6467 79
6348 96
6348 97
6348 100
6348 101
6611 53
6611 54
6611 55
6611 56
6608 57
5151 111
5151 114
5151 123
5151 165
6190 76
6063 41
6063 44
5042 0
5042 1
5042 2
5042 3
6117 8
6117 9
6286 126
6110 151
4978 5
6047 8
6047 9
6631 49
6229 28
6229 29
6687 8
6687 9
5151 16
5938 26
5938 30
6666 14
6666 15
6510 100
6544 349
6544 350
5155 126
6379 17
5445 0
5445 1
5445 2
5445 3
6544 270
6544 271
6544 272
6544 274
5339 111
6649 37
6649 38
6649 39
5947 144
5947 145
5947 148
5947 150
6168 158
6168 159
6082 8
6082 9
6082 10
5082 4
6688 17
6688 18
6688 19
6688 20
6560 0
6560 1
6560 2
6560 3
6000 10
6000 11
6659 57
6659 58
6125 4
6125 5
6125 6
6125 7
5412 180
5412 181
6321 84
6321 85
6321 86
6321 87
6021 184
6021 185
6021 186
6021 187
5170 0
5170 1
5170 7
5170 10
6151 62
6151 63
6151 92
6621 25
6621 29
6235 48
6235 49
6235 50
6235 51
6653 8
6653 9
6548 57
6548 125
6548 126
6548 127
6282 62
6282 63
6282 64
6282 65
6183 91
6183 92
6183 96
6183 97
6407 124
6407 125
6407 126
6407 127
6369 73
6369 74
6369 75
6369 76
6156 24
6156 26
6156 27
6156 28
6559 17
6559 50
6559 51
6559 52
6401 57
6401 58
6401 59
6401 60
5139 16
5139 17
5139 93
6318 139
6318 140
6318 141
6318 142
6320 78
6320 79
5597 30
5597 31
5597 32
5597 33
6674 14
6674 15
6674 16
6674 17
5331 176
5331 177
5331 178
5331 179
4952 62
4952 63
4952 64
4952 65
6063 12
6063 13
6063 14
6063 15
6195 81
6195 82
6195 83
6195 84
6664 128
6664 129
6664 130
6664 131
5169 31
5169 32
5169 33
5169 34
6182 20
6182 21
6182 22
6182 23
6406 16
6406 18
6406 20
6358 52
6358 53
6358 54
6358 55
5021 43
5021 44
5021 45
5021 46
5455 20
5455 21
5455 22
5455 23
6282 48
6282 49
6282 50
6282 51
5605 34
5605 40
5605 49
5605 50
5435 20
5435 21
6091 167
6091 168
6091 169
6091 170
6149 58
6149 59
6149 62
6149 63
6549 124
6549 125
6549 126
6549 127
6426 28
6426 29
6426 30
6426 31
6348 30
6348 31
6348 32
6348 33
6025 96
6025 97
6025 98
6025 99
5900 24
5900 25
5900 26
6218 72
6218 74
6340 121
6340 122
6340 123
6340 124
6301 36
6301 37
6301 38
6301 39
6070 115
6070 116
6070 117
6070 118
6552 30
6552 31
6007 99
6007 103
6007 107
6007 111
5195 24
5195 26
5195 27
5195 28
6288 13
6288 14
6288 15
6288 16
6592 160
6592 161
6592 162
6592 164
5089 8
5089 9
5089 10
5089 11
5436 16
5436 17
5436 18
5436 19
5034 54
5034 62
6113 90
6113 91
6113 92
6113 93
6605 144
6605 145
6605 146
6605 147
6633 48
6633 49
6633 50
6633 52
5921 134
5921 135
5921 136
5921 137
5233 8
5233 137
5233 139
5233 140
6149 50
6149 51
6149 54
6149 55
6420 62
6420 63
6420 64
6420 65
5774 32
5774 33
5774 34
5774 35
6025 62
6025 63
6199 148
6199 149
6199 180
4982 157
4982 158
6599 26
6599 27
6599 28
6599 29
6448 51
6448 52
6448 53
6448 54
5106 105
5106 109
5106 167
5106 171
6375 24
6375 25
6375 26
6375 56
5092 24
5092 25
5092 26
5092 27
6159 12
6159 13
6159 14
6159 15
6312 64
6312 65
6312 66
6312 67
6354 10
6354 11
6354 12
6354 16
6187 4
6187 5
6187 6
6187 7
6379 56
6379 57
6379 58
6379 59
5331 80
5331 81
5331 82
5331 83
6565 173
6565 174
6565 175
6565 176
6354 46
6354 47
6336 106
6336 107
6336 108
6336 109
5051 138
5051 139
5051 140
5051 141
6656 47
6656 48
6656 49
6656 50
6172 7
6172 8
6172 11
6172 12
6376 50
6376 52
6376 53
6376 54
6221 4
6221 5
6221 6
6221 7
5404 69
5404 70
5404 71
5404 72
4957 29
4957 30
4957 31
4957 32
6583 30
6583 31
6583 32
6583 33
6213 4
6213 5
6213 6
6213 7
5029 161
5029 163
5029 164
5029 165
5055 41
5055 43
5055 45
5055 47
6605 132
6605 133
6605 134
6605 135
5915 66
5915 67
5915 68
5915 69
6572 84
6572 85
6572 86
6572 87
6325 32
6325 33
6325 34
6325 35
4969 100
4969 101
4969 102
4969 103
5025 12
5025 13
5025 14
5025 15
6353 101
6353 102
6353 103
6353 104
6480 125
6480 157
6480 158
5019 59
5019 60
5019 61
5019 62
5409 8
5409 9
5409 20
5409 21
4969 144
4969 145
4969 146
4969 147
6564 158
6564 160
6564 161
6286 45
6286 46
6510 40
6510 41
6510 42
6510 43
5155 112
6046 93
5082 9
6241 18
6110 0
6110 1
6110 2
6110 3
5341 208
6385 15
6385 16
6007 47
6347 151
6347 152
6207 1
6440 62
4953 68
5925 10
6229 30
6229 31
6642 7
5204 150
6633 44
6288 177
6288 116
6072 20
6288 49
6288 50
6544 61
6544 69
6544 70
6544 71
4954 9
6653 138
6653 139
6535 53
5087 13
6192 167
6192 168
6192 169
6192 170
5337 158
5337 159
5783 124
5783 125
5909 15
6298 90
6298 91
6298 92
5946 44
5946 45
6004 196
6004 197
6571 204
6571 205
6544 297
6544 298
6544 299
6544 300
6047 11
6383 0
6350 95
6320 62
6320 63
6544 104
6544 105
6544 106
6544 107
4953 20
4953 21
4953 22
4953 23
6462 63
6358 30
6358 31
5925 7
5925 8
5925 9
6076 102
6076 104
6076 105
6076 107
6162 114
6162 115
6162 116
6162 117
6094 8
6094 9
6094 10
6094 11
6599 23
6375 21
6043 140
6043 142
6043 143
6043 144
6544 32
6544 33
6544 34
6544 35
6023 10
6023 11
6023 12
6023 13
6145 61
6145 62
5966 72
5966 73
5979 79
5979 80
6296 4
6296 5
6007 29
6007 31
5593 28
5593 29
5593 30
5593 31
5154 188
5154 190
5154 191
6535 223
6535 224
6535 225
6535 226
5091 12
5091 52
6060 4
6060 5
6060 6
6060 7
6285 24
6285 25
6285 26
6021 5
6021 6
6021 7
6021 8
6417 188
6562 160
5891 57
5891 58
5891 59
5891 60
6288 137
6288 138
6285 77
6285 78
6285 79
6285 90
6307 4
6611 51
6611 52
6168 118
6151 60
6151 61
5941 36
5394 60
5394 61
5965 14
6078 70
6078 72
6573 74
6573 75
6338 12
6338 13
6338 25
6338 26
5183 10
6206 0
6206 1
6206 2
6206 3
5401 12
5401 13
5401 14
5401 15
6544 49
6314 133
6149 0
6149 1
6149 3
6149 4
6630 95
6630 96
6630 97
6630 98
6410 125
6410 127
5191 51
5191 52
5191 53
5191 54
5179 180
5179 181
5179 182
5179 185
6318 33
6318 34
6318 35
6318 36
6308 49
6308 50
6382 94
6382 95
5154 28
5154 158
5154 159
5154 160
5454 61
6444 103
6159 24
6159 25
6159 26
6159 27
6616 29
6616 37
6616 39
6616 40
5385 156
5385 157
5385 158
5385 159
5977 192
5977 193
5977 194
5977 195
5933 57
5933 184
5614 35
6026 64
6026 65
6026 66
6026 67
6369 146
6369 147
6211 50
6211 51
6211 52
6698 16
6698 17
6698 18
6698 19
6685 10
6685 13
6004 121
6004 122
6004 123
6004 124
6301 160
6301 161
6301 162
6301 163
6482 86
6482 87
5409 19
5409 30
5409 31
5966 0
5966 4
5966 16
5966 19
6139 73
6139 130
6139 134
6139 138
6663 32
5341 162
6031 206
6031 207
6031 208
6031 209
6640 151
6640 152
6640 153
6640 154
6633 30
6633 31
6226 84
6226 85
6226 86
6138 4
6138 5
6138 6
6138 7
5411 164
5411 165
5411 166
5411 167
6622 45
6622 46
6540 0
6616 181
5925 20
5153 24
5153 27
5153 31
5153 35
6106 101
6106 102
6106 103
6559 0
6559 1
6559 2
6559 35
6330 18
6330 19
6330 22
6330 23
5056 0
5056 63
6210 1
6210 2
6210 3
6210 8
6551 61
6551 62
6425 30
6425 31
6425 32
6425 33
5084 19
6022 52
6022 53
6022 54
6022 55
6580 22
6580 23
6580 24
6580 25
5048 0
5048 1
5048 2
5048 3
6404 137
6404 171
5996 33
5996 37
5901 80
5901 81
5901 82
5901 83
6219 41
6219 42
6219 43
6219 44
6695 36
6695 37
6695 38
6695 39
6344 58
6344 59
5600 139
5600 140
5600 146
6118 82
6118 83
6118 84
6118 85
6138 71
6138 73
6138 74
6004 172
6004 173
5433 8
5433 9
6125 31
6125 93
5437 115
5437 116
5437 117
5437 118
5947 96
5947 98
5947 99
5947 100
6199 64
6199 65
6199 66
6199 67
5598 81
5598 82
5598 83
5598 84
6571 10
6571 11
6571 13
6571 15
5015 22
5015 23
5015 24
5015 25
5055 29
5055 30
5055 31
5055 32
6577 84
6577 85
6577 86
6577 87
5437 0
5437 1
5437 2
5437 3
5127 53
5983 4
5983 5
5983 6
5983 7
6507 72
6507 73
6507 74
6507 75
5914 96
5914 97
5914 98
5914 99
6676 62
6676 63
6544 228
6544 229
6544 230
6544 231
6453 84
6453 85
6453 87
6453 88
5589 0
5589 1
5589 2
5589 3
6173 19
6173 20
6303 43
6123 73
6123 74
6123 75
6123 76
6122 38
6122 39
6122 40
6122 41
6425 157
6425 158
6425 159
6425 160
6664 56
6748 224
6748 225
6748 226
6748 227
5929 97
5929 98
6622 0
6622 1
6622 2
6622 4
5233 53
5233 54
5233 55
5233 57
5084 88
5617 36
5617 37
5617 40
5617 42
6102 8
6102 9
6102 10
6102 11
6410 179
6410 180
6410 184
6410 187
6382 42
6382 44
6382 45
6748 50
6748 51
6748 52
6070 45
6070 46
6070 47
6070 48
6350 61
6350 62
6440 29
6440 30
6440 31
6440 32
5382 26
5382 27
5382 28
6591 49
6591 53
6591 98
6343 4
6343 6
6343 7
6302 10
6596 63
6596 64
6596 65
6596 66
6668 86
6354 138
6354 139
6092 97
6092 98
6092 99
6092 100
6199 120
6199 183
6199 184
6199 185
6553 160
6553 163
6553 167
6423 189
6423 190
6423 191
6634 128
6425 79
6425 80
6425 81
6425 82
6632 4
6632 5
6632 6
6632 7
5412 92
5412 93
5412 94
5412 95
5344 24
5344 25
5344 26
5344 27
5976 11
5976 15
5976 30
6199 100
6199 101
6199 102
6199 103
5203 35
5203 36
5203 37
5203 38
6376 60
6376 61
6007 128
6007 136
6007 137
6007 157
5049 53
5049 54
5049 55
5049 56
6319 147
5977 165
5977 168
5977 169
5977 172
6052 53
6052 54
6052 55
6052 56
6417 140
6417 143
6440 70
6440 72
6440 73
6440 103
6211 163
6211 164
6211 165
6211 166
5953 10
5953 14
5953 17
4992 25
4992 27
4992 124
4992 152
5419 4
5419 5
5419 6
5419 7
5362 0
5362 1
5362 2
5362 3
6134 30
6134 31
6529 0
6529 1
6529 2
6529 3
5399 63
5399 64
5399 65
6349 29
6349 30
6376 3
6376 4
6376 5
6376 6
5211 26
5211 27
5211 28
5211 29
6563 43
6563 44
6563 45
6563 46
5139 58
5139 61
5139 62
6448 63
6329 14
6329 15
5331 180
5331 181
5331 182
5331 183
6563 118
6563 119
6021 86
6106 24
6106 25
6106 26
6106 27
6198 150
6198 151
5201 116
5201 117
5201 118
5201 120
5151 182
5151 188
5151 223
5151 226
5929 85
5929 86
5929 99
5929 103
4979 72
4979 73
4979 74
4979 75
6388 58
6388 59
6388 60
6388 61
6442 38
6442 39
6442 40
6442 41
6092 155
6092 156
6092 157
6092 158
6336 72
6336 175
6336 178
6336 179
6115 38
6115 39
6115 40
6115 41
6314 0
6314 1
6314 2
6314 3
5971 11
5971 12
5971 16
5971 17
6457 73
6457 74
6457 75
6457 76
6425 103
6425 104
6425 105
6425 106
6114 136
6114 137
6114 138
6114 139
6140 75
6140 76
6140 77
6140 78
6362 47
6362 58
6362 59
6362 60
6322 10
6322 11
6021 80
6021 81
6021 82
6021 215
5906 129
5906 130
5906 134
5906 138
6453 51
6453 52
6453 53
6453 54
6369 69
6369 70
6369 71
6369 72
6348 167
6348 168
6348 169
6348 170
6687 152
6687 153
6687 154
6687 155
6106 4
6106 5
6106 6
6106 7
5368 0
5368 1
5368 2
5368 3
6420 58
6420 59
6420 60
6420 61
6180 7
6180 8
4981 6
4981 7
4981 8
5452 63
6551 108
6551 109
5201 39
5201 82
5201 92
5201 93
6359 10
6359 11
6359 12
6359 13
5910 34
5910 35
5910 36
5910 37
6173 110
6173 111
6173 112
6173 113
5005 24
5005 25
5005 26
5005 27
6146 37
6146 38
6146 39
6146 40
6280 119
6280 120
6280 121
6280 122
6640 49
6640 50
6640 51
6640 52
6334 8
6334 10
6334 11
6334 12
5401 20
5401 21
5401 22
5401 23
4971 84
4971 85
4971 86
4971 87
5914 80
5914 81
5914 82
5914 83
5201 21
5201 22
5201 23
5201 24
5159 13
5159 14
6489 13
6489 14
6489 15
5412 120
5412 121
5412 122
5412 123
5332 160
5332 161
5332 162
5332 163
6343 18
6343 19
6123 100
6123 119
6123 123
6123 127
5412 20
5412 21
5412 22
5412 23
6446 79
6446 80
6446 81
6446 82
5375 44
5375 45
5375 46
5375 47
6219 37
6219 38
6219 39
6219 40
6336 128
6336 131
6336 132
6336 135
6672 27
6672 28
6672 29
6672 30
5103 12
5005 64
5005 65
5005 66
5005 67
5412 168
5412 169
5412 170
5412 171
5925 171
5925 172
5925 208
5097 0
5097 1
5097 2
5097 3
4957 126
4957 127
4957 128
4957 129
6380 32
6380 33
6380 34
6380 35
6664 199
6664 201
6664 202
6407 145
6407 146
6407 148
6475 8
6475 9
5333 8
5333 9
5333 20
5333 21
5947 133
5947 135
5947 136
5947 137
6483 84
6483 85
6483 86
6483 87
5059 46
5059 47
5038 71
5038 72
6098 85
6098 86
6098 87
6098 88
5983 64
5983 65
5983 66
5983 67
5029 153
5029 154
5029 155
5029 156
6506 206
6506 207
6506 208
6506 211
6592 39
6592 70
6592 71
6592 72
6583 36
6583 37
6583 38
6583 39
5971 104
5971 130
5971 131
5971 134
5938 35
5938 37
5938 68
5938 69
5977 187
5977 188
5977 189
5977 190
5368 128
5368 129
5368 130
5368 131
6046 33
6046 40
6046 92
6046 101
6412 54
6412 55
6412 56
6412 58
5909 49
5909 50
5909 51
5909 52
6122 4
6122 5
6122 6
6122 7
5159 7
5159 8
5159 10
5159 12
5061 91
5061 92
5990 15
5990 17
5990 18
5990 19
5384 96
5384 97
5384 98
5384 99
5071 0
5071 1
5071 2
5071 3
6324 55
6324 56
6324 57
5891 45
5891 46
5891 47
5891 48
5351 92
5351 93
5351 94
5351 95
5074 8
5074 9
5074 10
5074 11
5208 76
5208 77
5208 78
5208 79
6425 48
6425 51
6425 177
6425 178
6521 13
6521 14
6521 15
6521 17
6404 109
6404 110
6404 116
6404 119
6349 32
6349 36
6349 39
6349 40
5182 24
5182 25
5182 26
5182 27
6226 75
6226 76
6226 77
6226 79
6343 175
6343 176
6343 177
6343 178
5625 134
5625 135
5625 136
5625 137
6102 33
6102 35
6102 36
6148 52
6148 53
6148 54
6148 55
5051 36
5051 37
5051 39
5051 40
6381 118
6381 119
6381 120
6381 121
6106 66
6106 67
6106 68
6106 69
6184 68
6184 69
6184 70
6184 71
5019 55
5019 56
5019 57
5019 58
5404 37
5404 38
5404 39
5404 40
6453 93
6453 94
6453 95
6453 96
4986 11
4986 62
4986 73
4986 76
6092 163
6092 164
6092 165
6092 166
6614 34
6614 35
6614 36
6614 37
5616 94
5616 95
5616 96
5616 99
6113 114
6113 115
6113 116
6113 117
6312 138
6312 139
6312 140
6312 141
6457 100
6457 101
6457 102
6457 103
6671 33
6671 34
6671 35
6671 36
6468 83
6468 84
6468 85
6468 86
5586 191
5586 192
5586 193
5586 194
6748 168
6748 169
6748 170
6748 171
5151 61
5151 85
5151 92
6600 96
6600 97
6600 98
6600 99
5377 4
5377 5
5377 6
5377 7
5914 72
5914 73
5914 74
5914 75
6201 70
6201 71
6201 72
6201 73
6483 44
6483 45
5366 0
5366 1
5366 2
5366 3
5041 60
5041 61
5041 62
5041 64
6656 30
6656 31
5147 15
5147 16
5147 18
5147 19
6490 98
6490 99
6490 100
6490 101
6098 100
6098 101
6098 102
6098 104
5013 216
5013 217
5013 218
5013 219
6315 45
6315 46
6315 47
6315 48
6381 78
6381 84
6381 85
6381 96
6527 48
6527 49
6527 50
6527 51
6025 64
6025 65
6025 66
6025 67
5000 18
5000 19
5000 20
5000 22
6448 60
6448 61
6448 62
6448 88
6446 21
6446 25
6446 29
6446 52
5204 84
5204 85
5204 87
5204 88
6446 177
6446 178
6446 179
6446 180
6461 0
6461 3
6461 4
6461 8
6350 7
6350 8
6350 9
6350 10
6226 48
6226 49
6226 50
6226 51
5268 17
5268 18
5268 19
5268 20
5145 3
5145 6
5145 18
5145 24
5971 68
5971 71
5971 72
5971 73
4957 130
4957 131
4957 132
4957 133
5900 31
5900 32
5900 33
5900 34
5361 216
5361 217
5361 218
5361 219
6343 89
6343 90
6343 91
6343 92
5151 190
5151 191
6546 24
6546 25
6546 26
6616 77
6616 78
6004 125
6004 126
6004 127
4995 6
4995 9
4995 10
5155 14
5155 15
5155 16
5155 17
6288 139
6288 140
6288 141
6288 142
5370 80
5370 81
5370 82
5370 83
6125 52
6125 53
6125 55
6125 64
4953 56
4953 57
4953 58
4953 59
6074 80
6074 81
6074 82
6074 83
6559 43
6559 44
6559 45
6559 46
6748 208
6748 209
6748 210
6748 231
6666 178
6666 179
6666 180
6666 181
6022 8
6022 9
6022 24
6022 25
5000 23
5000 24
5000 26
5000 27
5038 67
5038 68
5038 69
5038 70
5362 28
5362 29
6329 4
6329 5
6329 6
6329 7
6404 145
6404 146
6404 148
6404 149
6748 161
6748 162
6748 163
6748 164
5616 7
5616 8
5616 12
5616 144
5139 19
5139 21
5139 75
5139 77
5606 46
5606 47
5606 48
5606 49
4977 17
4977 18
4977 19
4977 20
6148 5
6148 8
6148 9
6148 11
6444 111
6444 112
6444 113
6444 114
5445 12
5445 13
5445 14
5445 15
6675 4
6675 5
6675 6
6675 7
5168 13
5168 14
5168 15
5168 16
6332 0
6332 1
6332 3
6332 4
6149 154
6149 155
6149 156
6149 158
5947 82
5947 83
5947 84
5947 85
6650 11
6650 12
6650 13
6650 14
4979 59
4979 68
4979 91
4979 106
5977 108
5977 111
5977 112
5977 115
6592 104
6592 105
6592 106
6592 107
6693 3
6693 4
6693 5
6693 6
5374 36
5374 37
5374 38
5374 39
5912 4
5912 5
5912 6
5912 7
5013 16
5013 17
5013 18
5013 19
5375 16
5375 17
5375 18
5375 19
5037 7
5037 9
5037 12
5916 16
5916 17
5916 18
5916 19
5125 4
5125 5
5125 6
5125 7
5061 136
5061 137
5061 138
5061 140
6444 59
6444 60
6444 61
6444 62
6312 166
6312 168
6312 169
6312 170
5268 8
5268 10
5268 11
5268 12
6569 0
6569 1
6569 2
6569 3
6280 23
6280 24
6280 25
6280 26
5086 1
5086 2
5086 3
5086 4
6440 65
6440 66
6440 68
6440 99
5029 166
5029 167
5029 168
5029 169
6439 81
6439 82
6439 83
6439 84
5233 125
5233 126
5233 127
5233 128
6639 58
6639 59
6639 60
6639 61
6376 132
6376 133
6376 134
6376 135
5624 24
5624 25
5624 26
5624 27
5016 0
5016 1
5016 2
5016 3
5201 32
5201 60
5201 104
5201 119
6360 57
6360 67
6360 71
6360 82
6073 56
6073 57
6073 58
6073 59
5160 16
5160 20
5160 22
5160 25
6347 66
6347 74
6347 75
6347 76
6297 0
6297 1
6297 2
6297 3
6149 23
6149 24
6149 25
6149 27
6528 42
6528 43
6528 44
6528 45
6637 42
6637 43
6637 44
6637 45
6630 91
6630 92
6630 93
6630 94
5106 37
5106 93
5106 99
5106 162
6483 9
6483 10
6483 11
6483 12
5971 74
5971 75
5971 76
5971 77
6551 125
6551 126
6551 127
4998 164
4998 165
4998 166
4998 167
6594 81
6594 82
6594 83
6594 84
6356 131
6356 132
6356 133
6356 134
5093 161
5093 162
5093 163
5093 164
6417 120
6417 121
6417 124
6417 125
6482 16
6482 17
6482 18
6482 19
6366 32
6366 33
6366 34
6366 36
6616 107
6616 108
6616 109
6455 4
6455 5
6455 6
6455 7
5782 128
5782 129
5782 130
5782 131
6320 74
6320 75
6320 76
6320 77
6583 16
6583 17
6583 18
6583 19
5169 220
5169 221
5169 222
5169 223
4999 88
4999 92
4999 96
4999 99
5606 89
5606 90
5606 96
5606 97
6680 59
6680 60
6680 61
6680 62
5969 0
5969 1
5969 2
5969 3
5169 90
5169 91
5169 92
5169 93
6583 151
6583 152
6583 153
6583 160
5996 64
5996 65
5996 66
5996 67
5090 148
5090 149
5090 150
5090 151
6427 122
6427 123
6370 10
6370 11
6370 12
6370 13
6626 8
6626 11
6626 12
6626 13
5151 156
6493 0
6493 1
6493 2
6493 3
4955 20
4955 21
4955 22
4955 23
6379 0
6379 1
6379 2
6379 3
5630 18
5630 19
5630 20
5630 21
6199 96
6199 97
6199 98
6199 99
6548 32
6548 34
6548 35
6548 36
6480 51
6480 52
6480 53
6480 54
5364 144
5364 145
5364 146
5364 147
6440 192
6440 193
6440 194
6440 195
6615 171
6615 172
6615 173
6615 174
5061 130
5061 131
5061 134
5061 150
5092 120
5092 121
5092 122
5092 123
5017 13
5017 14
5017 15
5017 16
6115 70
6115 71
6115 72
6115 73
6489 147
6489 148
6489 149
6489 150
6692 113
6692 114
6692 115
6692 116
5005 192
5005 193
5005 194
5005 196
5203 22
5203 24
5203 25
5203 26
5386 53
5386 61
5386 119
6417 63
6417 64
6417 65
6417 66
5099 48
5099 49
5099 50
5099 51
5038 39
5038 40
5038 41
5038 42
5774 83
5774 84
5774 85
5774 86
5933 128
5933 129
5933 130
5933 131
6480 72
6480 73
6480 74
6480 75
5437 119
5437 120
5437 121
5437 122
6314 110
6314 111
6314 116
6115 52
6115 53
6115 54
6115 55
5411 173
5411 174
5411 175
5411 176
5387 8
5387 9
5387 10
5387 11
5214 45
5214 46
5214 47
5214 48
6461 68
6461 69
6461 70
6461 71
5394 20
5394 21
5394 22
5394 23
5139 23
5139 24
5139 25
5139 28
6402 10
6402 11
6402 12
6402 13
6304 192
6304 193
6304 194
6304 195
5961 58
5961 59
5961 60
5961 61
5061 18
5061 107
5061 111
5061 114
6663 114
6663 115
6663 116
6663 117
5041 52
5041 53
5041 54
5041 55
6381 86
6381 87
6381 88
6381 89
5167 27
5167 28
4962 145
4962 147
4962 148
4962 149
5005 183
5005 184
5005 185
5005 187
6676 165
6676 166
6676 167
6676 168
6606 80
6606 81
6606 82
6606 83
6506 107
6506 108
6571 62
4977 37
4977 38
4977 39
4977 40
6312 148
6312 149
6312 150
6312 160
6589 11
6589 12
6589 66
6589 70
4974 3
4974 10
6596 96
6596 97
6596 98
6596 99
6634 85
6634 86
6634 87
6634 88
6121 83
6121 84
6121 85
6121 86
6021 15
6021 32
6021 33
6021 150
6650 15
6650 16
6192 160
6192 161
6192 162
6350 19
6350 20
6350 21
6350 22
6343 32
6343 33
6343 34
6343 35
5049 13
5049 16
5049 45
5049 46
5021 39
5021 40
5021 41
5021 42
6571 167
6571 168
6571 169
6571 170
5947 64
5947 65
5947 66
5947 67
5411 24
5411 25
5411 26
5411 27
5384 60
5384 61
5384 62
5384 63
5337 114
5337 115
5337 116
5337 117
5133 56
6535 152
6535 153
5387 60
5925 142
5925 144
5213 14
6157 90
6108 12
6108 13
6542 208
6542 209
6542 210
6542 211
6698 151
6387 104
6387 105
6387 106
6387 107
6162 203
6075 32
6075 33
6075 34
6075 35
5603 13
6582 30
6582 31
6281 152
6281 153
6281 154
6281 155
6374 20
6374 21
6374 22
6374 24
6162 221
6436 20
6436 27
5436 81
5436 87
5084 121
5204 40
5204 41
5204 42
6286 112
6286 113
6286 114
6286 171
5616 63
6606 30
6199 74
6199 75
6199 76
6199 77
6583 98
6583 148
6583 150
6669 96
6669 97
6669 98
6669 99
6021 106
6021 119
6021 233
6312 136
6312 137
6173 90
6173 91
6173 92
6173 93
5910 4
5910 5
5910 6
5910 7
6387 14
6387 15
6387 16
6387 17
6664 148
6664 149
6664 150
6664 151
6410 46
6410 47
6410 48
6410 49
5366 32
5366 33
5366 34
5366 35
6334 32
6334 36
6334 97
6334 100
6187 14
6187 15
6605 25
6605 26
5905 59
5905 60
5905 61
5905 62
6457 162
6457 170
6457 203
6457 204
6369 22
6369 23
6369 24
6369 25
6217 143
6217 144
6217 145
6217 146
6182 112
6182 113
6182 114
6182 115
6571 79
6571 80
6571 82
6571 84
6375 4
6619 64
6619 65
6619 66
6619 67
5915 56
5915 57
5915 58
5915 59
5905 47
5905 48
5905 49
5905 50
6285 103
6285 104
6285 105
6285 106
6333 37
6333 38
6333 41
6333 42
5977 38
5977 39
5977 41
5977 42
6535 205
6535 206
6535 207
6535 208
6138 75
6138 76
6138 77
6138 78
5136 37
5136 38
5136 39
5136 40
6348 115
6348 116
6348 117
6348 118
6379 87
6379 89
6379 90
6379 126
6462 66
6462 67
6462 68
6462 69
6332 2
6332 6
6332 10
6332 11
5161 7
5161 8
5161 10
5161 11
5611 72
5611 73
5611 86
5611 87
6340 140
6340 141
6340 142
6340 143
5334 14
5334 15
5334 16
5334 17
5384 144
5384 145
5384 146
5384 147
6549 19
6549 20
6549 21
6549 22
6138 81
6138 83
6138 84
6138 88
5769 39
5769 41
5769 42
5769 43
6304 98
6304 99
6304 100
6304 101
6548 58
6548 59
6548 60
6548 61
5139 65
5139 66
5139 67
5139 69
5042 32
5042 33
5042 34
5042 35
5411 48
5411 49
5411 50
5411 51
4992 43
4992 44
4992 45
4992 47
5455 138
5455 139
5455 140
5455 141
5160 9
5160 10
5160 11
5160 12
5915 84
5915 85
5915 86
5915 87
5078 40
5078 41
5078 42
5078 43
5143 36
5143 37
5143 38
5143 39
6379 95
6379 98
6379 125
5988 14
5988 15
5988 16
5988 17
5024 26
6247 8
6247 9
5996 23
6021 89
6438 30
5933 81
5933 82
5933 83
5933 84
6162 156
6404 117
5187 179
6506 158
6506 159
5082 24
6603 51
6332 88
6332 92
6113 58
6113 59
6113 60
6113 61
6407 84
6409 15
6100 36
6663 206
6663 207
6663 208
6442 48
6442 49
6451 30
6076 76
6551 117
6551 118
6551 119
6288 57
6288 58
6288 59
6288 76
5932 18
5932 19
6606 103
5211 45
5211 48
5084 134
6608 26
6608 27
6195 60
6195 61
6195 63
6219 19
6219 20
6224 82
6224 83
6224 84
6224 85
6571 113
6571 114
5106 126
6092 68
6092 69
6092 70
6092 199
6050 40
6050 44
6050 47
6138 37
6138 82
6138 85
6138 89
6311 92
6311 93
6311 94
6311 95
6285 87
6285 88
6285 89
6285 109
6173 136
6173 137
6173 138
6173 139
6151 3
6151 4
6151 5
6151 6
6281 55
6281 56
6281 57
6281 64
5441 19
5441 20
6074 64
6074 65
6074 66
6074 67
6441 78
6441 79
6441 80
6441 81
6161 4
6161 5
6161 6
6161 7
5338 44
5338 45
5338 46
6203 55
6203 56
6203 57
6203 58
6162 99
6162 100
6162 101
6162 102
6575 79
6575 80
6575 81
6575 82
5779 4
5779 5
5779 18
5779 22
5365 21
5365 22
5365 23
5365 24
6461 97
6461 98
6461 99
6461 100
6559 47
6559 48
5044 105
5044 106
5044 107
6123 65
6123 66
6123 67
6123 68
6114 148
6114 149
6114 150
6114 151
6375 81
6375 82
6375 83
5332 16
5332 17
5332 18
5332 19
6527 25
6527 32
6527 33
6314 84
6314 85
6314 86
6314 87
5602 66
5602 67
5602 69
5602 70
6599 90
6599 92
5391 40
5391 41
5391 42
5391 43
5418 128
5418 129
5418 130
5418 131
6528 160
6528 161
6528 162
6528 163
6218 18
6218 19
6218 20
6218 48
6176 144
6176 145
6176 146
6176 147
6098 28
6098 29
6098 30
6098 31
6529 62
6529 63
6024 10
6024 11
6024 12
6024 13
5987 8
5987 9
5987 10
6479 0
6479 1
6479 2
6359 68
6359 69
6359 70
6359 71
5195 0
5195 1
5195 2
5195 3
5388 13
5388 14
5388 15
5388 16
6166 48
6166 49
6166 50
6166 51
6425 196
6425 197
6425 198
6425 199
6110 12
6110 13
6110 14
6110 15
6619 12
6619 13
6288 37
6288 38
6288 39
6288 40
6192 90
6192 91
6192 148
6192 149
5925 85
5925 86
5925 87
5925 88
6507 118
6507 119
6507 152
6507 153
5385 80
5385 81
5385 82
5385 83
6180 36
6180 37
6180 38
6180 39
6408 39
6408 40
6446 64
6446 65
6446 66
6446 68
5192 13
5192 17
5192 19
5192 33
5403 28
5403 29
5403 30
5403 31
6348 85
6348 86
6370 76
6370 77
6370 78
6370 79
6203 75
6203 76
6203 77
6203 78
6192 92
6192 93
6192 94
6192 95
6748 214
6748 215
6748 216
6748 217
6180 32
6180 33
6180 34
6180 35
5331 30
5331 31
5375 12
5375 13
5375 14
5375 15
5169 169
5169 171
5169 172
5169 173
5353 24
5353 25
5353 26
5353 27
6489 9
6489 10
6489 11
6489 12
6564 62
6564 63
6748 74
6748 75
6748 76
6748 108
5440 0
5440 1
5440 2
5440 3
6063 40
6063 42
6063 43
6063 45
5169 140
5169 141
5169 142
5169 143
6668 122
6668 123
6668 124
5019 43
5019 44
5019 45
5019 46
5942 7
5942 8
5942 9
5942 10
6380 101
6380 102
6380 104
6380 105
6004 175
5618 1
5618 2
5618 3
5618 4
6353 82
6353 83
6353 84
6353 85
6285 27
6285 28
6285 29
6606 28
6606 31
6535 21
6535 22
6535 23
6535 24
6343 8
6343 9
6343 75
6343 76
6690 26
6690 27
6690 28
6690 29
6022 42
6022 43
6022 111
6571 51
6571 52
6571 53
6571 54
5213 13
5213 15
6689 122
6689 123
6689 124
6689 125
6611 166
6611 167
6611 168
6611 169
5127 24
5127 26
5127 27
5127 28
5436 143
5436 144
5436 145
5436 146
5208 140
5208 141
5208 142
5208 143
6312 18
6312 19
5074 16
5074 17
5074 18
5074 19
5437 40
5437 41
5437 42
5437 43
6592 78
6592 79
6592 80
6592 81
5135 5
5135 6
5135 8
5135 9
6334 82
6334 83
6334 85
6334 86
6412 128
6412 129
6412 130
6412 132
4979 81
4979 82
4979 83
4979 84
5164 64
5164 65
5164 66
5164 67
6028 26
6028 27
6028 28
6028 29
6583 136
6583 137
6583 138
6583 139
5908 4
5908 5
5908 6
5908 7
6090 17
6090 18
6090 19
6090 20
5013 108
5013 109
5013 110
5013 111
5001 8
5001 9
5001 10
5001 11
5891 76
5891 77
5891 78
5891 79
6070 21
6070 22
6070 23
6070 24
6698 88
6698 89
6698 90
6698 91
6219 78
6219 79
6219 80
6219 81
5977 20
6453 6
6453 7
6453 9
6453 10
5933 58
5933 203
5933 204
6375 61
6375 62
6375 63
5011 32
5011 33
5011 34
6553 25
6553 32
6553 33
6553 34
5333 32
5333 33
5333 34
5333 35
6687 187
6687 188
6687 189
5341 54
5341 55
5341 56
5341 57
6663 37
6663 38
6663 39
6663 40
5896 4
5896 5
5896 6
5896 7
6203 39
6203 40
6203 41
6203 42
5169 96
5169 98
5169 99
5169 164
6453 43
6453 44
6453 45
6453 46
5155 85
5155 86
5155 141
5155 147
5611 19
5611 20
5611 21
5611 22
6341 70
6341 71
6341 72
6341 73
6303 44
6303 47
6303 48
6303 73
6412 100
6412 101
6412 102
6412 103
5370 84
5370 85
5370 86
5370 87
5926 11
5926 12
6563 85
6563 86
6563 87
6563 88
6663 98
6663 99
6663 100
6663 101
6326 96
6326 99
6326 100
6326 103
5983 42
5983 44
5056 25
5056 26
5056 27
5056 28
5093 64
5093 65
5093 66
5093 67
6347 10
6347 11
6347 12
6347 13
6050 30
6050 31
6503 97
6503 98
6503 99
4992 31
4992 32
4992 33
4992 34
5906 122
5906 123
5906 124
5906 125
6304 124
6304 125
6616 59
6616 60
6616 63
6162 184
5975 35
5975 37
5975 38
5975 41
6353 46
6353 50
6176 93
6176 96
6176 98
6059 123
6059 124
6689 90
6689 91
6689 92
6689 93
5921 74
5921 75
5921 76
5921 77
6324 128
6324 129
6324 130
6324 131
5106 53
5106 116
5106 118
5106 119
6340 166
6340 183
6340 184
5433 10
5433 11
5433 12
5433 13
6007 40
6007 41
6007 42
6007 43
5423 9
5423 10
5423 11
5423 12
6598 43
6598 44
6598 46
6598 104
5432 12
5432 13
5432 14
5432 15
6348 187
6094 20
6094 21
6094 22
6094 23
5977 47
5977 48
5977 49
5977 50
6697 79
6697 80
6697 81
6697 82
6114 80
6114 81
6114 82
6114 83
6004 162
6004 163
6004 164
6004 165
6406 69
6406 195
6406 198
6560 25
6560 26
6560 27
6560 28
5959 34
5959 36
5959 37
5959 38
5914 35
5914 36
5914 37
5914 38
6693 37
6693 38
6693 39
6693 40
6203 64
6203 65
6203 66
6203 67
6080 83
6080 84
6080 85
6080 86
5979 96
5979 97
5979 98
5979 99
5181 25
5181 26
5181 28
5181 29
6312 115
6312 146
5611 15
5611 16
5611 17
5611 18
6198 122
6198 123
6198 124
6640 160
6640 161
6640 162
6640 163
6507 220
6507 221
6507 222
6507 223
5607 58
5607 59
5607 60
5607 61
5157 121
5157 122
5157 123
5157 124
6307 5
6307 6
6307 7
6307 8
6478 78
6478 79
6478 80
6478 81
6594 68
6594 69
6594 70
6594 101
6182 12
6182 13
6182 14
6182 15
6160 15
6160 16
6160 81
6160 82
6356 14
6356 15
6356 16
6356 17
6507 41
6507 42
6507 43
6507 44
6680 34
6680 35
6680 36
6680 37
5001 72
5001 73
5001 74
5001 75
5616 192
5616 193
5616 203
5616 211
6319 107
6319 108
6319 109
6319 120
6540 12
6540 13
6540 14
6540 15
6286 96
6286 97
6286 100
6286 101
6220 7
6220 8
6220 29
6220 30
5137 3
6362 102
6544 216
6544 217
6544 218
6544 219
6387 175
6387 176
6387 177
6387 178
6680 87
6680 88
6680 89
6680 90
5393 50
5393 51
5393 52
5393 53
6059 57
6059 58
6664 44
6664 45
6664 46
6664 47
6355 48
6355 50
5618 0
5618 5
5618 6
5618 7
6606 77
6606 78
6606 79
5198 11
5198 14
6007 30
6157 53
6157 81
6157 83
6157 85
5204 95
5204 96
5204 98
5204 99
6527 160
6527 161
6527 162
6527 163
5201 53
5201 55
5201 56
5201 57
6566 20
6566 21
6327 84
6327 85
6327 86
6327 94
6626 16
6626 20
6626 24
6626 25
5586 117
5586 118
5586 119
5586 120
5899 32
5899 33
5899 34
5899 35
5268 1
5268 2
5268 3
5368 56
5368 57
5368 58
5368 59
6559 57
6559 58
6559 59
6559 60
5187 62
5187 63
5187 65
5187 66
6683 200
6683 201
6683 202
6683 203
5901 8
5901 9
5901 10
5901 11
6596 170
6596 171
6596 172
6596 176
6649 10
6649 11
6649 12
6649 13
6343 165
6343 166
6343 167
6343 168
6606 70
6606 71
6606 72
6606 73
6426 72
6426 73
6426 74
6426 75
6475 38
6475 39
6475 40
6475 41
5106 55
5106 59
5106 63
5215 43
5215 44
5215 45
5215 46
6657 4
6657 5
6657 6
6657 7
5774 91
5774 92
5774 93
5774 94
6151 64
6151 65
6151 66
6151 67
4962 61
4962 62
4962 63
4962 64
5384 40
5384 41
5384 42
5384 43
5029 187
5029 188
5029 189
5029 190
6427 98
6427 99
6427 100
6427 102
5031 60
5031 61
5031 62
5031 63
6423 82
6423 83
6423 84
5013 140
5013 141
5013 142
5013 143
5055 20
5055 21
5055 23
6407 116
6407 117
6407 118
6407 119
6457 57
6457 58
6457 59
6457 60
4974 5
4974 7
4974 11
4986 64
4986 65
4986 66
4986 67
6431 39
6431 40
6431 41
6431 42
6007 35
6007 36
6007 37
6007 38
5331 140
5331 141
5331 142
5331 143
6629 20
6629 21
6629 22
6629 23
5382 61
5382 62
5382 63
5382 64
6634 43
6634 44
6634 165
6634 166
5891 33
5891 34
5891 35
5891 36
6322 32
6322 33
6322 44
6322 45
5977 132
5977 133
5977 134
5977 135
5044 55
5044 56
5044 57
5044 58
6467 116
6467 117
6467 118
6467 119
6468 45
6468 46
6468 47
6468 48
5437 83
5437 84
5437 85
5437 86
5351 29
5351 30
5351 31
5351 32
6417 126
6417 127
6162 58
4957 0
4957 1
4957 2
4957 3
6634 74
6634 75
6634 77
6634 78
6529 8
6529 9
6529 59
6529 60
5366 4
5366 5
5366 6
5366 7
6123 31
6123 92
6659 31
5428 16
5428 17
5428 18
5428 19
6687 23
5207 86
5207 87
5207 88
5207 89
4998 148
4998 149
4998 150
4998 151
5139 63
6035 4
5909 76
5909 77
5909 78
5909 80
5920 4
5920 5
6542 174
6542 175
6542 176
6542 177
5046 81
5046 82
5046 83
5046 84
6370 18
6370 19
6600 79
6600 80
6600 81
6600 82
5108 40
5108 41
5108 42
5108 43
6183 8
6021 132
5184 24
5184 25
5184 26
5184 27
4992 5
4992 6
4992 7
4992 8
6173 74
6173 75
6173 76
6173 77
5382 196
5055 59
5055 60
5055 61
5055 62
6147 8
6147 9
6335 16
6347 14
5605 39
5605 41
5605 43
5605 44
5449 80
5449 81
5449 82
5449 83
6079 27
6079 28
5184 55
5184 56
5151 192
5151 197
5151 224
6327 52
6327 53
6688 77
5090 72
5090 73
5090 74
5090 75
6412 18
6412 19
6055 13
6007 154
5386 200
5386 201
5386 202
5386 203
5985 181
5985 182
6091 62
6091 63
6091 68
6091 70
5600 148
5953 8
5953 9
6140 94
6140 95
6113 126
6113 127
6533 158
6533 159
6321 8
6321 9
6650 31
6102 81
6102 82
6102 83
6102 84
5419 88
5419 89
5419 90
5419 91
4957 37
4957 38
4957 39
4957 40
6100 73
6100 74
6100 75
6100 76
6683 93
6683 108
6628 4
6628 5
6628 6
6628 7
6303 8
6303 9
5036 78
5036 81
5036 82
5036 86
5084 96
6022 22
6022 23
6623 16
6623 19
6623 23
6623 24
6611 107
6611 160
6611 161
6000 8
6000 9
6318 118
6318 119
6318 120
5586 107
5586 108
5124 6
5124 7
6583 10
6583 11
6583 12
6583 13
6359 32
6359 33
6359 34
6359 36
6542 54
6542 55
6542 56
6542 57
6059 64
6059 65
6059 66
6059 67
6281 81
6281 82
6281 83
6281 84
5169 119
6096 4
6096 5
6096 6
6096 7
6600 42
6600 43
5049 9
5049 10
5049 11
6510 44
6510 45
6487 83
6487 84
6487 85
6487 86
6286 47
6286 48
6286 75
6286 76
5435 4
5435 5
5435 6
5435 7
6517 38
6517 39
6517 61
6517 68
6191 22
6191 23
6191 24
6191 25
5191 20
5191 21
5191 22
5191 23
6683 18
6683 19
6683 52
6647 4
6647 5
6647 6
6571 126
6571 127
6696 18
6696 19
6696 20
6696 21
6506 143
6506 144
6506 145
6506 146
5204 136
5204 137
5204 141
5204 144
5177 5
5177 34
5177 36
5177 39
4969 112
4969 113
4969 114
4969 115
5783 112
5783 113
5783 114
5783 115
5169 128
5169 129
5169 130
5169 131
6348 126
6348 127
5179 116
5179 117
5179 118
5179 119
5412 68
5412 69
5412 70
5412 71
6113 98
6113 99
6113 100
6113 101
6359 4
6359 5
6359 6
6359 7
6080 66
6080 67
6080 68
6080 69
6615 147
6615 148
6615 149
6615 150
6589 119
6589 120
4953 64
4953 65
4953 66
4953 67
6223 46
6223 47
6562 126
6562 127
5605 110
5605 111
6453 22
6453 23
6453 24
6453 25
6698 8
6698 9
6698 10
6698 11
6407 138
6407 141
6407 142
6691 20
6691 21
6691 22
6691 23
5929 48
5929 49
5929 50
5929 51
5768 15
5768 16
5768 17
5768 19
6300 190
6300 191
6300 196
6146 82
6146 83
6146 84
6146 85
5971 4
5971 5
5971 6
5971 7
5915 92
5915 93
5915 94
6348 79
6348 80
6348 83
6348 84
6440 4
6440 5
6440 6
6440 7
6669 85
6669 86
6669 87
6669 88
6288 9
6288 10
6288 11
6288 12
5095 80
5095 81
5095 82
5095 83
5169 53
5169 54
5169 56
5169 57
6288 21
6288 22
6288 23
6288 24
5947 174
5947 175
5947 176
5947 177
6004 105
6004 106
6004 107
6004 108
5195 45
5195 61
5195 62
5195 67
6680 51
6680 52
6680 53
6680 54
6443 3
6443 4
6443 5
5611 99
5611 102
6162 9
6162 10
6162 11
6162 12
6282 3
6282 7
6282 10
6282 11
6598 16
6598 17
6598 18
6598 19
5171 0
5171 1
5171 2
5171 3
6376 88
6376 89
6376 90
6376 91
6160 43
6160 44
6160 48
6160 49
6454 10
6454 11
6454 12
6454 13
5393 8
5393 9
5393 10
5393 11
5339 78
5339 79
5339 90
5339 91
6021 116
6021 146
6021 147
6680 71
6680 72
6680 73
6680 74
5929 100
5929 101
5929 102
5929 104
6698 4
6698 5
6698 6
6698 7
6455 0
6455 1
6455 2
6455 3
6622 5
6622 6
6622 8
6622 9
6302 8
6302 9
6027 104
6027 105
6027 107
6027 108
5042 20
5042 21
5042 22
5042 23
5031 4
5031 5
5031 6
5031 7
6683 42
6683 43
6683 44
6683 45
6149 103
6149 104
6149 105
6149 106
5975 23
5975 27
6444 140
6444 141
6444 142
6444 143
6563 35
6563 36
6563 37
6563 38
5625 114
5625 115
5625 116
5625 117
6030 57
6030 60
6092 106
6092 115
6092 117
6092 118
6381 99
6381 100
6381 103
6381 104
6671 124
6671 125
6671 126
6671 127
6217 114
6217 115
6217 147
6217 148
6421 22
6421 23
6421 24
6421 27
6406 40
6406 42
6406 43
6406 47
5385 36
5385 37
5385 38
5385 39
6338 14
6338 15
6338 17
6338 66
6535 12
6535 13
6535 14
6535 15
5001 38
5001 39
5001 40
5001 41
6598 65
6598 66
6551 47
6551 48
6551 63
6170 6
6170 7
6170 41
6170 42
6367 47
6367 48
6367 49
6367 50
5600 10
5600 11
5600 12
5600 13
6027 6
6027 7
6027 8
6027 9
6664 218
6664 219
6664 220
6564 149
6564 150
6564 151
6564 153
6350 132
6350 133
6350 134
6350 135
6312 0
6312 1
6312 2
6312 3
6548 8
6548 9
6548 11
6548 12
5625 110
5625 111
5625 112
5625 113
6440 175
6440 202
6440 203
6440 204
5946 0
5946 1
5946 2
5946 3
6226 52
6226 53
6226 54
6226 55
5187 0
5187 1
5187 2
5187 3
6676 32
6676 33
6676 34
6676 35
6552 76
6552 77
6552 78
6552 79
6220 39
6220 40
6220 43
6220 44
5450 4
5450 5
5450 6
5450 7
5136 13
5136 14
5136 15
5136 16
5354 12
5354 13
5354 14
5354 15
5925 52
5925 53
5925 54
5925 55
5938 4
5938 5
5938 6
5938 7
6352 14
6352 15
6352 16
6352 17
6376 96
6376 97
6376 99
6376 100
5207 94
5207 95
5207 96
5207 97
6560 51
6560 57
6560 59
6560 60
6201 0
6201 1
6201 2
6201 3
5437 163
5437 164
5437 165
5437 166
6683 12
6683 13
6683 14
6683 15
5961 84
5961 85
5961 86
5961 87
6052 75
6052 79
6052 80
6052 83
6431 59
6431 60
6431 61
6431 62
6692 134
6692 135
6692 136
6692 137
5588 127
5588 128
5588 129
5588 130
6520 31
6520 39
6520 41
5090 100
5090 101
5090 102
5090 103
5370 52
5370 53
5370 54
5370 55
5782 107
5782 108
5782 109
5782 110
6549 120
6549 121
6549 122
6549 123
5933 71
5933 72
5933 73
5933 74
5370 116
5370 117
5370 118
5370 119
5021 69
5021 70
5021 71
5021 72
6680 0
6680 1
6680 2
6680 3
6480 24
6480 25
6480 32
6480 33
5925 135
5925 136
5925 137
5925 210
6467 6
6467 7
6467 8
6467 10
5603 0
5603 1
5603 2
5603 3
5025 25
5025 26
5025 27
5025 28
6401 23
6401 24
6401 25
6401 32
5024 28
5024 29
5024 30
5024 31
6058 74
6058 75
6058 76
6058 118
5445 50
5445 51
5445 52
5445 53
6371 23
6371 24
6371 25
6573 26
6573 27
6573 28
6573 29
6407 171
6407 177
6407 178
6407 181
5905 51
5905 52
5905 53
5905 54
6568 34
6568 35
6568 36
6553 100
6553 101
6553 102
6553 103
5361 104
5361 105
5361 106
5361 107
5910 46
5910 47
5910 48
5910 49
5782 13
5782 14
5782 23
5782 24
5208 96
5208 97
5208 98
5208 99
6340 37
6340 38
6340 39
6340 40
5607 50
5607 51
5607 53
5607 54
5387 4
5387 5
5387 6
5387 7
5208 80
5208 81
5208 82
5208 83
6343 113
6343 114
6343 185
6343 186
6332 98
6332 99
6332 100
6332 101
6298 116
6298 117
6298 118
6298 119
5233 90
5233 91
5233 92
5233 94
5090 156
5090 157
5090 158
5090 159
6407 136
6407 139
6407 140
5452 24
5452 25
5452 26
5452 27
6535 227
6535 228
6535 229
6535 230
6318 84
6318 86
6318 87
6318 88
5090 16
5090 17
5090 18
5090 19
6527 138
6527 203
6527 204
6527 205
4962 121
4962 122
4962 123
4962 124
5588 60
5588 61
5588 62
5588 63
5384 124
5384 125
5384 126
5384 127
5384 128
5384 129
5384 130
5384 131
6592 4
6592 5
6592 6
6592 7
4967 26
4967 27
4967 28
4967 29
5772 16
5772 17
5772 18
5772 19
6467 33
6467 34
6467 35
6467 36
5235 6
5235 17
5235 18
5235 37
5345 10
5345 11
5345 12
5345 13
6608 0
6608 1
6608 2
6608 3
6480 92
6480 93
6480 94
6480 95
5207 140
5207 141
5207 142
5207 143
6115 101
6115 102
6115 103
6115 104
5179 24
5179 25
5179 26
5179 27
6162 170
6162 171
5618 32
5618 33
5618 34
5618 35
6615 112
6615 113
6615 114
6615 115
5090 124
5090 125
5090 126
5090 127
6480 64
6480 65
6480 66
6480 67
6490 89
6490 140
6490 141
6490 142
6479 26
6479 27
6479 28
6479 29
4975 77
4975 78
4975 79
4975 80
5971 24
5971 25
5971 26
5971 27
6490 118
6490 119
6490 120
6490 121
6090 38
6090 39
6090 40
6090 41
6359 37
6359 38
6359 40
6359 41
5151 49
5151 50
5151 86
5151 159
4998 28
4998 29
4998 30
4998 31
5078 44
5078 45
5078 46
5078 47
6027 32
6027 33
6027 34
6027 35
5630 28
5630 29
5630 36
5630 37
5034 57
5034 58
5034 59
5034 60
6417 160
6417 161
6417 162
6417 163
6122 123
6122 124
6122 125
6122 126
5433 134
5433 135
5433 136
5433 137
6572 100
6572 101
6572 102
6572 103
5351 104
5351 105
5351 106
5351 107
6650 17
6650 18
6650 19
6650 20
6544 281
6544 282
6544 283
6544 284
6260 8
6260 9
6110 99
6110 100
6110 102
6110 135
6687 203
6687 204
6687 205
6687 206
5339 34
5339 35
5339 36
5339 37
5616 154
5616 155
5616 156
5616 161
5093 56
5093 57
5093 58
5093 59
6281 67
6281 68
6281 157
6281 158
6425 13
6425 16
6425 17
6425 20
5444 4
5444 5
5444 6
5444 7
5154 70
5154 75
5154 77
5154 88
6572 137
6572 138
6572 139
6572 140
6059 24
6059 25
6059 32
6059 33
6426 76
6426 77
6426 78
6426 79
6410 155
6410 156
6410 157
6410 158
5382 37
5382 38
5382 39
5382 40
5056 57
5056 58
5056 59
5056 60
6362 14
6362 15
6362 16
6362 17
5957 2
5957 6
5957 10
5957 11
6631 39
6631 40
6631 41
6631 43
6480 86
6480 87
6480 88
6480 89
6385 17
6385 18
6385 20
6385 21
6154 31
6666 74
6375 30
6551 216
6059 118
6633 11
6542 198
6542 199
6542 200
6542 201
5084 8
5947 88
5084 127
6213 37
6213 38
6180 53
6180 54
6180 55
6180 56
6667 37
6667 38
6667 39
6667 40
6154 25
6283 29
4978 23
4978 24
4978 25
4978 26
6669 49
6669 50
6105 52
6105 53
6105 54
6105 55
5961 5
5961 6
6134 38
6134 39
6134 44
6168 22
6168 23
6123 124
6021 156
6342 86
6342 87
6098 77
6098 78
6098 79
6098 80
5229 31
5229 32
5229 33
5386 188
5386 189
5905 39
5905 40
5905 41
5905 42
6453 74
6453 86
6603 62
6603 63
6168 197
5386 156
6148 14
6148 18
6148 19
6148 23
6502 45
6502 46
6457 191
6078 78
6525 43
6525 44
6217 35
6217 36
6490 30
6490 31
6374 25
6080 111
6080 171
5960 55
5960 56
6343 187
5600 145
5600 147
6388 40
6388 41
6170 40
6157 77
6157 78
6157 79
6157 80
6043 58
6043 59
6043 60
6043 61
6072 12
6072 13
6072 14
6072 15
6091 33
6091 39
6091 45
6091 46
6552 14
6552 15
6123 19
6123 145
6123 146
6123 148
5600 106
5925 21
5925 22
6085 0
6085 1
6085 2
6085 3
5601 7
5601 16
6446 92
6228 10
6228 11
6228 12
6382 12
6382 31
5233 123
5914 31
5914 32
5914 33
5914 34
6076 30
6076 154
6076 155
6076 156
6191 56
6191 57
6191 58
6191 59
6102 57
6102 58
6102 59
6102 60
6043 53
6043 54
6170 3
6170 8
6170 11
6170 15
6605 55
6605 56
6591 12
6591 13
5625 118
5625 119
5625 120
5625 121
6312 60
6312 62
6312 63
6230 52
6230 55
6230 56
6230 57
6664 226
6664 227
6664 228
6664 229
6022 133
6022 134
6022 135
6022 136
6110 202
6110 203
6110 204
6110 207
6154 11
6154 12
6154 14
6154 15
6046 58
6046 59
6046 60
6046 61
6446 187
6446 188
6446 189
6446 190
6340 88
6340 127
6162 140
6162 141
6162 142
6162 143
6410 61
6410 62
5966 116
5966 117
5966 118
5966 119
6551 182
6551 183
6176 19
6176 23
6176 28
6176 89
6107 16
6107 17
6107 18
6107 19
6575 101
6575 102
6575 103
5233 9
5233 56
6173 6
6173 8
6173 9
6173 142
6074 76
6074 77
6074 78
6074 79
5389 3
5389 15
6553 88
6553 89
5604 76
5604 77
5604 78
5604 79
6030 10
6030 11
6030 12
6030 13
5393 0
5393 1
5393 2
5393 3
6444 51
6444 53
6444 54
6444 55
5440 4
5440 5
5440 6
5440 7
6658 61
6658 62
6658 64
6605 84
6605 85
6427 56
6427 59
5397 12
5397 13
5397 14
5397 15
5971 105
5971 108
5971 109
5971 112
5608 0
5608 1
6090 81
6090 82
6090 83
6406 38
6406 41
6406 44
6406 99
6007 132
6007 133
6007 134
6007 135
6182 72
6182 73
6182 74
6182 75
6528 14
6528 15
6528 16
6528 17
6358 38
6358 39
6358 40
6358 41
6180 43
6180 44
6180 45
6180 46
6647 85
6647 86
6647 87
6647 88
6647 144
6647 145
6647 146
6647 147
6140 28
6140 29
6140 31
6058 48
6058 49
6058 50
6058 51
6314 149
6314 150
6314 151
6314 152
6162 130
6162 131
6162 132
6162 133
5892 12
5892 13
5892 14
5892 15
6623 63
6098 40
6098 41
6098 42
6098 43
6681 23
6681 24
6681 25
6681 26
6224 29
6224 30
6224 31
6224 32
5909 0
5909 1
5909 2
5909 3
5929 40
5929 41
5929 42
5623 5
5623 6
5623 7
5623 8
6577 10
6577 11
6577 12
6577 13
6115 64
6115 65
6115 66
6115 67
5774 24
5774 25
5774 26
5774 27
5773 8
5773 9
5773 10
5773 11
5418 78
5418 79
5418 80
5418 81
6123 149
6123 150
6123 152
6123 153
5607 42
5607 43
5607 44
5607 45
5768 26
5768 27
5768 33
5768 34
6428 0
6428 1
6428 2
6428 3
5164 45
5164 47
5164 48
5164 50
6004 60
6004 61
6004 62
5151 9
5151 72
5151 76
5151 146
5384 32
5384 33
5384 34
5384 35
5616 35
5616 207
5616 208
5616 209
5588 4
5588 5
5588 6
5588 7
6565 152
6565 153
6565 154
6565 155
5436 140
5436 141
5436 142
5013 32
5013 33
5013 34
5013 35
5382 117
5382 118
5382 119
5382 120
6653 113
6653 114
6653 115
5139 1
5139 2
5139 5
5139 6
6321 16
6321 17
6321 18
6321 19
5771 0
5771 1
5771 3
5771 34
6162 134
6162 135
6162 136
6162 137
6528 38
6528 39
6528 40
6528 41
6429 78
6429 79
6429 80
6429 81
6451 22
6451 23
6451 24
6451 25
5411 120
5411 121
5411 122
5411 123
6027 68
6027 69
6027 70
6027 71
6076 139
6076 141
6076 146
6076 149
6348 4
6348 5
6348 6
6348 7
6332 21
6332 22
6332 25
6332 26
5990 0
5990 3
5990 4
5990 6
4978 50
4978 51
4978 52
4978 53
6173 82
6173 83
6173 84
6173 85
5904 9
5904 10
5904 11
5904 12
5985 118
5985 119
5985 120
5985 190
5341 4
5341 5
5341 7
6350 128
6350 129
6350 130
6350 131
5102 20
5102 21
5102 22
5102 23
5384 108
5384 109
5384 110
5384 111
5609 16
5609 17
5609 18
5609 19
6055 27
6055 28
6055 29
6055 36
5185 0
5185 3
5185 4
5185 7
5781 4
5781 5
5781 6
5781 7
5949 36
5949 37
5949 38
5949 39
5364 170
5364 171
5364 172
5364 173
5625 31
5625 32
5625 33
5625 34
6182 8
6182 9
6182 10
6182 11
6105 16
6105 17
6105 18
6105 19
6320 68
6320 69
6320 70
6320 71
6527 56
6527 57
6527 58
6527 60
5005 60
5005 61
5005 62
5005 63
5975 54
5975 55
5975 56
5975 57
5086 38
5086 39
5086 40
5086 41
6004 100
6004 101
6004 102
6004 103
5155 137
5155 138
5155 139
5155 142
6619 24
6619 25
6619 32
6619 33
6649 24
6649 25
6649 26
6649 27
6340 25
6340 26
6340 27
6340 28
5949 32
5949 33
5949 34
5949 35
5191 4
5191 5
5191 6
5191 7
6641 42
6641 43
6641 44
6358 20
6358 21
6358 22
6358 25
5361 38
5361 39
5361 40
5361 41
5915 115
5915 116
5915 117
5915 118
6626 0
6626 1
6626 2
6626 3
5055 37
5055 38
5055 39
5055 40
6630 145
6630 146
6630 147
6630 148
4999 76
4999 77
4999 80
4999 84
6457 51
6457 52
6457 125
6457 126
4999 18
4999 21
4999 22
4999 25
6609 64
6609 65
6609 66
6609 67
6647 152
6647 153
6647 154
6647 155
6404 64
6404 65
6404 66
6404 67
6427 80
6427 81
6427 82
6427 83
4969 24
4969 25
4969 26
4969 27
6086 0
6086 1
6086 2
6086 3
6565 75
6565 76
6565 77
6565 78
5061 54
5061 55
5061 56
5061 58
6303 201
6303 202
6303 203
6303 204
5090 20
5090 21
5090 22
5090 23
6153 10
6153 11
6153 43
6153 44
6533 89
6533 90
6533 93
6533 98
5961 50
5961 51
5961 52
5961 53
5412 44
5412 45
5412 46
5412 47
6028 20
6028 21
6028 22
6028 23
5394 48
5394 49
5394 50
5394 51
5441 31
5441 32
5441 33
5441 34
5376 32
5376 33
5376 34
5376 35
5605 53
5605 54
5605 55
5605 56
5214 32
5214 33
5214 34
5214 35
6303 13
6303 14
6303 16
6303 17
5090 164
5090 165
5090 166
5090 167
4981 51
4981 52
4981 53
4981 54
6027 60
6027 61
6027 62
6027 63
5227 5
5227 33
5227 35
5227 36
6461 52
6461 53
6461 54
6461 56
5901 50
5901 51
5901 52
5901 53
6615 144
6615 145
6615 146
6615 157
6308 9
6308 38
6308 39
6308 40
6091 211
6091 212
6091 213
6091 214
4992 98
4992 99
4992 100
4992 101
6281 20
6281 21
6281 22
6281 23
6348 10
6348 11
6348 12
6348 13
6030 24
6030 59
6030 84
6030 87
5091 21
5091 22
5091 23
5091 24
5366 14
5366 15
5366 16
5366 17
6572 11
5395 24
5395 25
5395 26
5395 27
6680 38
6608 56
6626 9
5019 80
5019 81
5019 82
5019 83
4979 96
4979 97
4979 98
4979 99
6146 30
6146 31
6159 32
6683 121
6011 78
6011 79
6011 80
6011 81
6233 62
6233 63
5084 133
6025 100
6025 101
6025 102
6025 103
5138 9
6439 63
6577 33
6577 34
6577 35
6467 142
6467 143
6467 145
6467 150
6462 14
6462 15
6462 16
6462 17
5611 101
5433 122
5433 123
5433 124
5433 125
5169 121
5367 40
5367 41
5367 42
5367 43
5179 36
5179 37
5179 38
5179 39
6382 121
6382 126
6226 126
6226 127
6668 135
6668 136
6162 60
5430 16
5430 17
5430 18
5430 19
5084 64
6690 126
6690 127
6479 30
6479 31
6058 193
6058 201
6058 205
6664 207
6664 208
6544 136
6544 140
6544 141
5777 14
6600 173
6600 174
6078 34
6078 35
6078 36
6078 38
6198 35
6198 36
6198 37
6198 38
5411 16
5411 17
5411 18
5411 19
6025 95
6483 33
6483 35
5155 105
5996 22
5996 25
5996 26
5996 27
6388 52
6388 53
6535 220
6535 221
6031 97
6031 99
6031 100
6031 101
6529 79
6529 80
5390 62
5390 63
6348 119
6348 120
6348 121
6348 122
6161 20
6161 21
6161 22
6417 52
6417 55
6417 57
6417 58
5783 37
5783 38
5783 39
5783 40
6298 140
6298 141
6298 142
6298 143
5360 8
5360 9
6027 30
6027 31
6542 112
6542 113
6542 114
6542 115
5423 0
5423 1
5423 3
5423 4
5909 17
5909 18
5622 20
5622 21
6549 83
6549 84
5211 22
5211 30
6622 47
6622 48
6622 49
6622 50
6223 48
6223 50
6223 51
6223 52
6046 11
6046 12
6046 13
6046 14
5041 4
5041 15
5600 126
5600 191
6312 41
6312 49
6312 50
6672 70
6199 86
6199 87
6076 17
6076 18
6076 19
5947 120
5947 122
6483 124
6121 51
6630 100
6479 44
6479 45
6680 150
6680 151
6680 152
6315 15
6315 16
6315 17
6315 40
6686 26
6686 29
6686 30
6528 8
6528 9
6528 18
6528 19
5401 40
5401 41
6506 13
6506 14
6506 15
6506 16
6478 74
6478 75
6478 76
6478 77
6559 26
6559 27
6139 4
6139 5
6139 6
6139 7
6379 40
6379 41
6379 105
6379 112
6211 143
6211 144
6211 145
6211 146
5187 33
5187 34
5187 36
5187 37
6664 18
6664 19
6664 20
6664 21
6323 106
6323 108
6323 109
6233 49
6233 50
6233 51
6233 52
6634 118
6173 176
6173 177
6173 178
6173 179
5079 11
5079 12
6214 45
6214 47
6214 48
6214 49
6098 81
6098 82
6098 83
6098 84
6530 17
6530 18
6530 19
6530 20
6535 49
6535 50
6666 32
6666 33
6666 34
6666 35
6173 23
6173 24
6173 25
6173 26
6501 54
6501 55
6501 56
6501 57
6168 149
6168 150
6168 157
6168 160
6599 0
6599 1
6599 2
6552 2
6552 6
6552 10
6552 13
5430 30
5430 31
5430 32
6184 87
6184 88
6184 89
6184 90
6146 88
6146 92
5364 27
5364 28
5364 30
5364 157
5588 68
5588 69
5588 70
5588 71
6219 143
6219 144
6219 145
6219 146
5201 96
5201 97
5201 140
5201 142
5774 87
5774 88
5774 89
5774 90
5331 72
5331 73
5331 74
5331 75
6444 68
6444 69
6444 70
6444 71
6453 80
6453 81
6453 82
6453 83
6149 159
6149 160
6149 161
6149 162
6676 54
6676 55
6676 56
6676 57
6355 17
6355 18
6388 54
6388 55
5971 86
5971 87
5971 88
5971 89
6571 159
6571 160
6571 161
6571 162
6281 77
6281 78
6281 79
6281 80
6230 94
6230 95
6230 97
6230 98
6608 16
6138 121
6138 122
6138 123
6138 124
5947 28
5947 29
5947 30
5947 31
5382 101
5382 102
5382 103
5382 104
5454 56
5454 114
5454 118
6075 7
6075 8
6075 9
6075 10
6453 18
6453 19
6453 20
6453 21
5433 106
5433 107
5433 108
5433 109
5589 24
5589 25
5589 26
5589 27
6686 25
6686 27
6686 28
6686 31
5946 10
5946 11
5946 12
5946 13
6301 19
6301 113
6301 114
6301 116
6599 10
6599 11
6599 12
6599 13
5016 52
5016 53
5016 54
5016 55
5616 111
5616 112
5616 114
5616 127
5617 28
5617 68
5617 69
5617 70
6575 69
6575 70
6575 71
6575 72
5911 6
5911 7
5911 8
5911 9
6417 20
6417 21
6417 27
5929 57
5929 58
5929 59
5929 60
6354 44
6354 45
6354 68
6354 69
5214 79
5214 80
5214 82
6634 27
6634 31
6634 46
4957 142
4957 143
4957 144
4957 145
6690 54
6690 55
6690 56
6690 57
6219 45
6219 46
6219 47
6219 48
6563 31
6563 32
6563 33
6563 34
5771 20
5771 21
5771 22
5771 23
5932 4
5932 5
5932 6
5932 7
6387 126
6387 191
5015 12
5015 14
5015 15
5015 17
6602 32
6602 33
5777 25
5777 26
5777 27
5777 28
5929 107
5929 108
5929 111
5929 114
5428 12
5428 13
5428 14
5428 15
6457 32
6457 35
6457 36
6457 39
5075 20
5075 21
5075 22
5075 23
6231 8
6231 11
6231 41
6231 42
6616 141
6616 142
6616 143
6616 144
6280 79
6280 80
6280 81
6280 82
6421 8
6421 9
6421 10
6421 11
6611 135
6611 136
6611 137
6611 138
6360 32
6360 33
6360 35
6360 36
5332 197
5332 198
5332 199
5332 200
5619 34
5619 42
5619 43
5619 44
5433 70
5433 71
5433 72
5433 73
6323 14
6323 15
6323 16
6323 17
5382 53
5382 54
5382 55
5382 56
5897 56
5897 57
5897 58
5897 59
6340 144
6340 145
6340 146
6340 147
6501 0
6501 1
6501 2
6501 3
5399 28
5399 29
5399 30
5399 31
5190 8
5190 9
5190 10
5190 11
6190 93
6190 94
6190 95
6190 96
6319 128
6319 129
6319 130
6319 131
6460 24
6460 39
6460 40
6460 41
6549 140
6549 141
6549 142
6549 143
6626 17
6626 18
6626 19
6626 21
6666 20
6666 21
6666 22
6666 23
5412 108
5412 109
5412 110
5412 111
5204 118
5204 120
5204 121
5204 123
6154 16
6154 17
6154 19
6154 36
5971 0
5971 1
5971 2
5971 3
6340 47
6340 48
6340 49
6340 50
6572 70
6572 72
6572 73
6572 74
6114 32
6114 33
6114 34
6114 35
6339 145
6339 146
6339 147
6339 148
6030 48
6030 49
6030 50
6030 51
5201 11
5201 12
5201 13
5201 14
6326 25
6326 26
6326 27
6326 28
5029 183
5029 184
5029 185
5029 186
5364 184
5364 185
5364 186
5364 187
6323 78
6323 79
6323 80
6323 81
6211 42
6211 43
6211 44
6211 45
5586 109
5586 110
5586 111
5586 112
5092 32
5092 33
5092 34
5418 105
5418 106
5418 107
5418 108
5935 38
5935 39
5935 40
5935 41
6683 169
6683 220
6683 221
6683 222
5102 56
5102 57
5102 58
5102 59
6397 0
6397 2
6397 3
6397 4
6002 13
6002 14
6002 27
6002 28
6480 128
6480 129
6480 131
6480 132
5996 6
5996 9
5996 10
5996 11
6050 4
6050 5
6050 6
6050 7
5444 8
5444 9
5444 10
5444 11
5185 55
5185 57
5185 58
5185 59
5990 43
5990 47
5990 51
5990 66
6338 29
6338 30
6338 35
6338 39
4992 148
4992 149
4992 150
4992 151
5095 96
5095 97
5095 98
5095 99
6594 48
6594 49
6594 50
6594 51
5215 12
5215 13
5215 14
5215 17
5411 112
5411 113
5411 114
5411 115
6468 128
6468 132
6468 139
6468 144
5337 0
5337 1
5337 2
5337 3
6427 103
6427 105
6427 106
6427 107
6630 64
6630 65
6630 66
6630 67
6622 3
6622 7
6622 10
6622 11
5036 1
5036 2
5036 5
5036 6
5207 58
5207 60
5207 61
5207 62
5029 118
5029 119
5029 120
5029 121
5013 0
5013 1
5013 2
5013 3
4957 82
4957 83
4957 84
4957 85
6598 107
6598 108
6598 109
6598 110
6149 107
6149 108
6149 109
6149 110
5361 175
5361 176
5361 178
5986 19
5986 20
5986 21
5986 22
5092 176
5092 177
5092 178
5092 179
6594 24
6594 25
6594 26
6594 27
6625 17
6625 18
6625 19
6625 20
5892 44
5892 45
5892 46
5892 47
6369 128
6369 129
6369 130
6369 131
6348 76
6348 98
6348 99
6348 102
6358 32
6358 33
6358 34
6358 35
5619 8
5619 9
5619 10
5619 11
6483 13
6483 14
6483 15
6483 16
6380 39
6380 40
6380 41
6380 42
4981 17
4981 18
4981 20
4981 21
5399 36
5399 37
5399 38
5399 39
6022 4
6022 5
6022 6
6022 7
6565 144
6565 145
6565 146
6565 147
5385 92
5385 93
5385 94
5385 95
5914 88
5914 89
5914 90
5914 91
6600 20
6600 21
6600 22
6600 23
6562 69
6562 70
6562 71
6562 72
5897 44
5897 45
5897 46
5897 47
5399 12
5399 13
5399 14
5399 15
5440 12
5440 13
5440 14
5440 15
5588 64
5588 65
5588 66
5588 67
6324 22
6324 23
6324 24
6324 25
5060 72
5060 73
5060 74
5060 75
5611 30
5611 31
5090 68
5090 69
5090 70
5090 71
5151 19
5151 41
5151 48
5151 110
5331 208
5331 209
5331 211
6146 10
6146 11
6146 12
5351 43
5351 44
5351 45
5351 46
5019 111
6551 217
6551 218
6666 157
6666 158
6664 0
6664 1
6664 2
6121 56
6121 57
6121 58
5444 36
5444 37
5444 38
5444 39
6698 51
6379 44
6379 107
6379 139
6158 31
6533 108
6533 109
6533 110
6533 111
6102 105
6102 107
6102 108
6022 123
6330 1
6687 76
6687 77
6687 80
6687 81
6315 28
6544 14
6544 15
6544 17
6319 63
5333 22
5333 23
5333 24
5333 25
6640 164
6640 165
6640 166
6640 167
6598 63
6640 168
6507 15
6507 16
6182 32
6182 40
6182 44
6182 67
6229 33
6674 26
6674 27
6301 122
6301 123
6301 124
6301 125
6321 89
6460 21
6211 20
6211 21
6326 9
6050 53
5956 2
5956 3
5956 6
5956 7
6187 8
6187 9
6187 10
6187 11
6352 30
5151 218
6164 3
6164 6
6199 4
6199 5
6199 6
6506 193
6506 197
6506 201
6506 205
5084 32
6442 30
6611 143
6611 144
6564 48
6564 49
6301 54
6030 92
6030 93
6030 94
6030 95
5433 102
5433 103
5433 104
5433 105
5201 124
5201 125
5201 127
6528 48
6528 49
6528 50
6227 19
6227 20
6227 21
6227 22
6125 44
6125 45
6125 47
6125 48
6446 73
6446 74
6625 11
6332 66
6332 67
6332 70
6332 71
5151 80
5151 120
5151 121
5151 148
6488 29
6488 30
6281 49
6281 50
6281 51
6281 52
5614 10
5614 11
5614 12
5614 13
6341 94
6341 95
6026 25
6026 26
6314 79
6314 80
5106 18
5106 84
5143 68
4975 73
4975 75
4975 76
6090 94
6090 95
6090 96
6090 97
6224 86
6224 87
6122 177
6122 179
6122 180
6122 181
5433 30
5433 31
5433 32
5433 33
6211 24
6211 25
6211 26
6211 27
5179 112
5179 113
5179 114
5179 115
6527 159
6527 164
6565 103
6565 105
6565 106
5084 0
6301 28
6301 29
6553 35
6553 36
6553 37
6553 38
6653 44
5019 115
6206 63
6206 64
6206 65
5901 60
5901 61
5901 62
5901 63
5201 78
5201 79
5201 80
5201 83
5614 5
6441 58
6441 59
6441 60
6441 61
5145 21
6689 107
6689 108
6689 109
6160 4
6160 5
6160 6
6160 7
5454 180
5454 181
5454 208
5454 209
5891 37
5891 38
5891 39
5891 40
6223 23
6223 24
6223 25
6223 27
6280 4
6280 5
6280 6
6314 88
6314 89
6314 90
6205 75
6205 76
5016 24
5016 25
5016 26
5016 27
6092 210
6092 211
6092 212
6092 213
5996 61
5996 62
5996 63
6261 30
6166 52
6166 53
6046 65
6046 66
6046 67
6046 68
6286 150
6286 151
6286 152
6286 153
6100 124
6100 125
6100 126
6100 127
5449 56
5449 57
5449 58
5449 59
5208 116
5208 117
5208 118
5208 119
5341 118
5341 119
5000 36
5000 42
5143 0
5143 31
5143 40
6676 89
6676 90
6676 91
6676 92
5415 4
5415 5
5415 6
5415 7
5996 0
5996 1
5996 2
5996 5
6363 5
5915 96
6344 52
6344 53
6344 54
6043 141
6043 146
6043 160
6043 164
5207 98
5207 99
5207 100
5207 101
5935 34
5935 35
5935 36
5935 37
5029 90
5029 92
5077 4
5077 5
5077 6
5077 7
6689 63
5155 41
5155 47
5155 50
5155 123
5177 7
5177 24
5194 27
5433 18
5433 19
5433 20
5433 21
6592 64
6592 65
6592 75
6592 125
6070 94
6070 128
6070 129
6070 130
5977 77
5977 78
5977 80
5977 81
5090 178
5090 179
5090 189
5090 190
5185 41
5185 73
5622 12
5622 13
5622 14
5622 15
6388 32
6388 33
6388 34
6388 35
5914 20
5914 21
5914 22
5914 23
5904 46
5904 47
5904 48
5904 49
5769 70
5769 71
6560 47
6560 48
6560 49
6560 50
6693 45
5374 4
5374 5
5374 6
5374 7
6058 12
6058 13
6058 15
6058 16
6298 27
6298 30
6665 12
6665 16
6665 17
6665 18
5089 36
5089 37
5089 38
5089 39
6697 59
6697 60
6697 61
6697 62
5382 25
5382 192
5382 194
5170 2
5170 3
5170 4
5170 5
5979 64
5979 65
5979 66
5979 67
6023 0
6023 1
6023 2
6023 3
6583 126
6583 127
6211 128
6211 129
6211 130
6211 131
5194 21
5194 22
5194 23
5194 28
5942 13
5942 15
5942 16
5942 17
6425 149
6425 150
6425 151
6425 152
6298 132
6298 133
6298 134
6298 135
5337 174
5337 175
5337 176
5337 177
4953 0
4953 1
4953 2
4953 3
5166 16
5166 18
5166 21
5166 25
5622 22
5975 53
5975 82
6318 17
6318 18
6565 108
5227 46
6487 63
6634 141
6634 142
6634 143
6634 147
6573 14
6573 15
6573 16
6573 17
6676 5
6676 6
6676 7
6676 8
4999 89
4999 90
4999 91
4999 93
6347 0
6347 1
6347 2
6347 3
5151 5
5151 10
6572 17
6572 18
6572 19
6572 20
6376 127
6091 219
6091 220
6091 221
6091 222
6080 58
6080 59
6080 60
6080 61
6508 4
6508 5
6508 6
6508 7
5433 146
5433 147
5433 148
5433 149
6650 22
4991 28
4991 43
6507 136
6507 137
6122 185
6122 186
6122 187
6122 188
6594 85
6594 86
6285 8
6285 9
6285 10
6285 11
6592 133
6592 134
6592 135
6592 136
6070 37
6070 38
6070 39
6070 40
6022 152
5430 0
5430 1
5430 2
5430 3
5393 58
5393 59
6303 42
6303 45
6303 46
6303 55
6669 82
6669 83
6669 84
5082 7
5609 20
5609 21
5609 22
5609 23
6201 88
6201 89
4971 156
4971 157
4971 158
4971 159
6468 138
6468 140
6468 147
6380 0
6380 1
6380 2
6380 3
5401 16
5401 17
5401 18
5401 19
6506 153
6506 160
6506 161
6506 162
5906 189
5906 190
5906 191
4992 166
4992 167
4992 169
4992 171
6467 26
6664 176
6664 177
5965 25
5965 26
5965 27
5965 29
5428 8
5428 9
5428 10
5428 11
6482 127
5106 98
5106 102
5106 158
5106 164
5167 29
6551 115
6551 116
6551 146
6551 147
6379 21
6379 22
6379 23
6379 24
5029 101
5029 102
5029 103
5029 104
6533 143
6533 144
6533 145
6533 146
6096 52
6096 53
6096 54
6096 55
5602 20
5602 54
5602 55
5602 103
5021 51
5021 52
5021 53
5021 54
6198 12
6198 15
6198 18
6198 22
6355 56
6355 58
6355 59
6355 60
5061 121
5061 124
6311 88
6311 89
6311 90
6311 91
5087 6
5940 28
6606 4
6606 5
6606 6
6606 7
5087 4
5915 143
6162 128
6162 129
6162 213
6162 214
6615 109
6615 110
6615 111
6544 86
6544 87
6544 88
6544 89
6381 12
6381 19
6381 25
6381 30
6032 1
6032 3
6032 7
6032 8
5031 36
5031 37
5031 38
5031 39
6521 115
6521 116
6521 117
6521 118
6529 28
6300 13
6300 14
6300 15
6261 13
6261 14
6261 15
6261 16
5436 4
5436 5
5436 6
5436 7
6517 54
6517 55
6517 56
6517 57
6381 15
5906 182
5906 185
5906 186
5906 187
6280 154
6280 155
6280 158
6070 127
6078 4
6078 8
6078 16
6078 24
6467 100
6467 101
6467 122
6467 123
6562 97
6562 98
6562 99
6562 100
6286 23
6286 64
6286 65
6286 66
6647 7
6647 8
6647 9
6647 10
5983 24
5983 25
5983 26
5983 27
6527 132
6527 133
6527 134
6527 135
6224 93
6224 94
6224 95
5136 41
5136 42
6622 55
6622 56
5403 36
5403 37
5403 38
5403 39
5921 94
5921 95
5921 96
5921 97
6075 11
6075 12
6075 13
6075 14
6664 187
6664 188
6664 189
6664 190
6198 31
6198 32
6198 33
6198 34
6227 15
6227 16
6227 17
6227 18
6261 17
6261 18
6261 19
6261 20
5588 92
5588 93
5588 94
5588 95
6690 44
6690 45
6690 46
6690 64
6130 0
6130 4
6130 8
5586 183
5586 184
5586 185
5586 186
6118 214
6118 215
6118 216
6118 217
6564 58
6564 59
6564 60
6564 61
6566 80
6566 83
6591 8
6591 10
6591 158
6591 174
6340 12
6340 13
6340 14
6340 15
5906 64
5906 165
5906 166
5906 168
6122 139
6122 140
6122 141
6122 142
6122 151
6122 152
6122 153
6122 154
5906 137
5906 180
5906 183
5906 184
6406 188
6406 191
6079 43
6079 44
6079 45
6079 46
5452 44
5452 45
5452 46
5452 47
6461 19
6461 20
6596 173
6596 174
6596 175
6535 59
6535 60
6535 61
6535 62
6381 177
6381 178
5625 68
5625 69
5625 70
5625 71
5013 44
5013 45
5013 46
5013 47
6528 65
6528 66
6528 67
6528 70
6092 218
6092 219
6092 220
6092 221
6156 2
6156 3
6156 4
6156 5
6323 18
6323 19
6323 46
6323 47
5347 11
5347 12
5347 13
5930 17
5930 18
5930 19
5930 20
6157 9
6157 10
6157 11
6157 12
6198 130
6198 134
6198 149
6198 154
6358 58
6358 81
6350 99
6350 100
6350 101
6350 102
5364 126
5364 127
5364 130
5364 131
5368 52
5368 53
5368 54
5368 55
6566 2
6566 3
6566 4
6566 5
5427 16
5427 17
5427 18
5427 19
6425 99
6425 100
6425 101
6425 102
6099 14
6099 15
6099 16
6099 17
6508 59
6508 60
6508 61
6508 68
6563 120
6563 121
6563 128
6563 129
6683 104
6683 105
6683 106
6683 107
6310 52
6310 61
6310 62
6446 32
6446 34
6446 35
6446 37
5340 40
5340 41
5340 42
5340 43
6527 21
6527 22
6527 23
6527 24
5237 21
5237 22
5237 23
5237 25
5430 4
5430 5
5430 6
5430 7
5347 8
5347 9
5070 28
5070 29
5070 30
5070 31
6431 67
6431 68
6431 69
6431 70
6036 18
6036 19
6036 20
6036 22
6282 5
6282 6
6282 8
6282 9
6506 109
6506 110
6506 111
6591 137
6591 138
6591 139
6591 140
6298 82
6298 83
6298 84
6298 85
5777 4
5777 5
5777 6
5777 7
6162 209
6162 210
6614 163
6614 164
6614 165
6614 166
5154 21
5154 32
5154 150
5154 154
5906 65
5906 66
5906 67
5906 188
6479 62
6479 63
6206 22
6206 23
6206 24
6206 25
6176 183
6176 184
6176 185
6176 186
6589 72
6589 73
6589 74
6589 75
5341 114
5341 115
5341 116
5341 117
6343 94
6343 136
6343 159
6343 160
6304 39
6304 40
6304 41
6304 42
6623 66
6623 67
6623 68
5977 44
5977 45
5977 46
6615 12
6615 13
6676 157
6676 158
6676 159
6676 160
6692 123
6692 124
6692 125
6254 0
6254 1
6254 3
6254 4
6668 102
6668 103
6668 104
6668 105
6668 110
6668 111
6668 112
6668 113
5628 12
5628 13
5628 15
5628 16
5049 52
5049 66
5049 69
5049 70
5454 0
5454 128
5454 130
5454 132
6663 110
6663 111
6663 112
6663 113
6211 64
6211 65
6211 66
6211 67
5390 16
5390 17
5390 18
5390 19
6217 89
6217 90
6217 91
6217 92
6339 64
6339 65
6339 66
6339 67
6631 24
6631 28
6631 42
6348 131
6348 132
6348 133
6348 134
5171 64
5171 65
5171 66
5171 67
6748 136
6748 137
6748 138
6748 139
4998 132
4998 133
4998 134
4998 135
6329 52
6596 18
6596 19
6596 20
6596 21
6114 176
6114 177
6114 178
6114 179
6102 49
6102 50
6102 51
6102 52
6453 31
6453 32
6453 33
6453 34
5947 101
5947 105
5947 109
5947 114
5382 41
5382 42
5382 43
5382 44
6666 165
6666 166
6666 167
6666 168
5963 6
5963 9
5963 10
5963 11
6149 116
6149 117
6149 118
6149 120
6369 79
6369 80
6369 81
6369 82
5216 52
5216 53
5216 54
5216 57
6219 9
6219 10
6219 21
6219 22
6321 20
6321 21
6321 22
5147 9
5147 41
5906 196
5906 197
5906 198
5906 199
6283 32
6283 33
6283 34
6283 35
6655 17
6655 18
6655 19
6655 20
6640 141
6640 142
6640 143
6640 144
5025 41
5025 42
5025 43
5025 44
6482 148
6482 149
6482 150
6482 151
6579 74
6579 76
6444 144
6444 145
6444 146
6444 147
6594 0
6594 1
6594 2
6594 3
5093 85
5093 86
5093 87
5093 88
6063 16
6063 17
6063 18
6063 19
6078 67
6078 68
6078 69
6078 71
6301 100
6301 101
6301 102
6301 103
5388 36
5388 37
5388 38
5388 41
6572 26
6572 27
6572 90
6572 91
6446 55
6446 56
6446 57
6446 58
6379 80
6379 81
6379 82
6379 83
5025 77
5025 78
5025 79
5025 80
5388 5
5388 6
5388 7
5388 8
6506 87
6506 88
6021 83
6021 92
5773 12
5773 13
5773 15
5773 16
6334 9
6334 13
6334 18
6334 90
5368 80
5368 81
5368 82
5368 83
6521 42
6521 43
6521 44
6521 45
5341 152
5341 153
5341 154
5341 155
6676 26
6676 27
6676 28
6676 29
6423 130
6423 131
6423 132
6423 135
6441 46
6441 47
6441 48
6441 49
5966 47
5966 48
5966 49
5966 50
5229 5
5229 6
5229 7
5229 8
6436 21
6436 22
6436 23
6436 25
5385 52
5385 53
5385 54
5385 55
6615 26
6615 27
6615 28
6615 29
4955 48
4955 49
4955 50
4955 51
5214 36
5214 37
5214 38
5214 39
6198 214
6198 215
6198 216
6198 217
5891 53
5891 54
5891 55
5891 56
6683 46
6683 47
6683 48
6683 49
6022 72
6022 73
6022 74
6022 75
6625 13
6625 22
6625 46
6341 140
6341 141
6341 142
6341 144
5891 144
5891 145
5891 146
5891 147
6548 64
6548 65
6548 66
6548 124
6288 81
6288 82
6288 83
6288 84
5921 144
5921 145
5921 146
5921 147
5364 132
5364 133
5364 134
5364 135
6571 25
6571 26
6571 27
6571 29
5371 37
5371 38
5371 39
5371 40
6348 163
6348 164
6348 165
6348 166
5364 32
5364 33
5364 34
5364 35
5019 0
5019 1
5019 2
5019 3
6591 18
6591 19
6591 21
6591 22
6633 14
6633 15
6633 17
5025 72
5025 88
5025 130
5025 131
5427 12
5427 13
5427 14
5427 15
5433 74
5433 75
5433 76
5433 77
6482 140
6482 141
6482 142
6482 143
5966 27
5966 28
5966 29
5966 30
6339 38
6339 39
6339 40
6339 41
6346 25
6346 26
6346 27
6346 28
6579 64
6579 65
6579 66
6579 67
4998 40
4998 41
4998 42
4998 43
6163 16
6163 18
6163 19
6163 20
6599 35
6599 36
6599 37
6599 38
6356 125
6356 126
6356 155
6356 156
4962 4
4962 5
4962 6
4962 7
5142 12
5142 13
5142 14
5142 15
6027 38
6027 39
6027 40
6027 41
5614 28
5614 29
5614 30
5614 31
6640 137
6640 138
6640 139
6640 140
6487 14
6487 15
6487 16
6487 17
5143 21
5143 22
5143 23
5143 24
6030 30
6030 31
6030 32
6030 33
5151 185
5151 186
5151 187
5151 189
6634 72
6634 73
6634 96
6634 99
6346 48
6346 49
6346 50
6346 51
5002 17
5002 18
5002 20
5002 21
5106 23
5106 27
5106 92
5106 154
6596 0
6596 1
6596 2
6596 3
6058 2
6058 6
6058 35
6058 39
5093 137
5093 138
5093 139
5093 140
6439 55
6439 56
6439 57
6439 58
5409 4
5409 5
5409 6
5409 7
6596 29
6596 30
6596 31
6596 32
5382 85
5382 86
5382 87
5382 88
5168 12
5168 18
5168 19
5168 20
6444 180
6444 181
6444 182
6444 183
6446 5
6446 6
6446 7
6446 8
5060 0
5060 1
5060 2
5060 3
5207 102
5207 103
5207 104
5207 105
6381 128
6381 129
6381 130
6381 131
6621 10
6621 11
6621 12
6621 13
6139 23
5969 8
5969 9
5146 7
5146 47
6155 1
6155 2
6631 94
6667 12
6667 13
6043 158
6043 159
6410 99
6410 100
6410 101
6410 102
6347 140
6347 141
6347 142
6347 183
6355 51
6355 52
6355 54
6355 55
5393 28
5393 29
5393 30
5393 31
5589 84
5589 85
5589 86
5589 87
5169 113
5169 114
5169 116
5169 117
4982 80
4982 81
4982 82
4982 83
6544 10
6544 11
5901 96
5901 97
5901 98
5901 99
5340 78
5340 79
5340 90
5340 91
5960 51
5960 52
5960 53
5960 54
6192 100
6192 101
6192 102
6192 103
6184 18
6184 19
6184 20
6184 21
5092 39
6680 116
6680 117
6680 118
6680 119
6030 77
5985 79
5985 81
6103 89
6103 90
6103 91
6103 92
6401 61
6401 62
6122 103
6122 104
6122 105
6122 106
6425 14
6425 18
6425 19
6425 143
6659 45
6659 46
6659 47
6220 31
6220 32
6220 33
6220 34
6183 98
6183 101
6183 102
6525 4
6525 5
6525 6
6525 7
6467 84
6467 85
4998 180
6369 42
6369 43
6369 44
6369 45
5937 0
5937 1
5937 2
5937 4
4977 13
4977 14
4977 15
4977 16
5361 24
5361 25
5361 26
5361 27
4998 172
4998 173
4998 174
4998 175
6370 24
6370 25
6231 83
6231 84
6231 85
6231 86
5935 4
5935 5
5935 6
5935 7
5983 80
5983 81
5983 82
5983 83
5000 29
5000 30
5000 31
5000 32
4957 154
4957 155
4957 156
4957 157
6011 51
6011 55
6011 58
6011 59
5102 28
5102 29
5102 30
5102 31
5412 76
5412 77
5412 78
5412 79
6591 94
6591 95
6591 96
6591 97
5229 53
5229 54
5229 55
5229 57
6589 56
6589 57
6589 58
6589 59
5449 52
5449 53
5449 54
5449 55
6429 10
6429 11
6429 12
6429 13
6598 113
6598 114
6598 115
6598 116
5769 57
5769 58
5769 59
5769 60
5106 96
5106 100
5106 104
5106 108
5454 204
5454 205
5454 206
5454 207
5071 16
5071 17
5071 18
5071 19
6027 83
6027 84
6027 85
6027 86
6336 138
6336 140
6336 141
6336 143
5344 56
5344 57
5344 58
5344 59
6338 23
6338 24
6338 27
6338 28
6658 49
6658 50
6658 51
6658 52
5368 124
5368 125
5368 126
5368 127
5046 52
5046 53
5046 55
5046 56
5151 57
5151 58
5151 62
5151 117
5404 8
5404 9
5404 10
5404 11
5368 36
5368 37
5368 38
5368 39
6334 40
6334 44
6334 96
6334 101
5217 77
5217 78
5217 79
5217 80
6423 69
6423 70
6423 72
6423 73
6490 136
6490 137
6490 138
6490 139
6632 45
6632 46
6632 61
5901 34
5901 37
5901 38
5901 41
6577 112
6577 113
6577 114
6577 115
6490 72
6490 73
6490 74
6490 75
6506 198
6506 199
6506 200
6506 202
5966 33
5966 34
5966 35
5966 36
6614 46
6614 47
6614 48
6614 49
5095 24
5095 25
5095 26
5095 27
4962 129
4962 130
4962 131
4962 132
5782 0
5782 1
5782 2
5229 47
5229 48
5229 50
5229 52
6406 25
6406 149
6406 152
5625 208
5625 209
5625 210
5625 211
6224 5
6122 16
6122 17
6122 18
6122 19
5331 172
5331 173
5331 174
5331 175
4992 73
4992 74
4992 75
4992 76
5051 170
5051 171
5051 172
5051 173
6031 49
6031 51
6031 53
6031 55
5628 4
5628 5
5628 6
5628 7
5092 148
5092 149
5092 150
5092 151
6098 68
6098 69
6098 70
6098 71
6324 50
6324 51
6324 52
6324 54
6284 0
6284 1
6284 2
6284 3
6653 126
6653 127
5597 58
5597 59
5597 60
5597 61
6480 12
6480 13
6573 50
6573 51
6573 52
6573 53
5412 148
5412 149
5412 150
5412 151
5914 0
5142 4
5142 5
5142 6
5142 7
5084 28
6078 18
6078 19
6078 22
6078 26
6407 32
6407 33
6407 34
6407 35
5424 8
5424 9
5013 92
5013 93
5013 94
5013 95
6631 44
6301 158
5155 42
5155 43
5155 44
5155 45
6106 48
6106 49
6106 50
6106 51
6559 63
6559 72
6300 125
6300 126
6300 127
5184 39
6592 102
6106 0
6106 1
6106 2
6106 3
6502 10
5169 184
5169 185
5169 186
5169 187
6280 39
6280 40
6280 41
6280 42
5384 100
5384 101
5384 102
5384 103
6198 127
6198 157
5229 82
5229 83
6630 120
6630 121
6630 122
6630 123
6182 92
6182 93
6182 94
6182 95
6213 0
6213 1
6213 2
6213 3
5151 52
5151 81
5151 178
5151 179
5177 31
5177 32
5177 33
5177 35
6548 140
6548 141
6548 142
6548 143
6148 48
6148 49
6148 50
6148 51
5203 101
5203 102
5203 103
5203 104
6138 39
6157 82
6157 84
6157 86
5586 199
5586 200
5586 201
5586 202
6026 59
6026 60
6026 61
6026 63
5084 13
6145 37
6145 39
6145 40
6145 41
6183 78
6183 79
6183 80
6183 81
6211 123
6211 206
6211 207
6211 208
6387 206
6168 163
6168 164
6168 167
6168 170
5961 54
5961 55
5961 56
5961 57
6073 4
6073 5
6073 6
6073 7
6157 28
5214 62
5214 63
5214 65
5214 66
5418 173
5418 174
5418 175
5418 176
5935 46
5151 91
5151 108
5151 170
6366 8
6366 9
6022 38
6073 8
6073 9
6073 10
6073 11
6074 52
6074 53
6074 54
6074 55
5185 19
6085 24
6085 25
6085 26
6085 27
5337 194
5337 195
5337 196
5337 197
6089 5
6089 6
6233 35
6233 36
6233 37
6233 38
6343 73
6343 74
6309 20
6309 21
6309 22
6092 112
6092 113
6092 114
6092 116
5332 48
5332 49
5332 50
5332 51
6305 20
6305 21
6305 22
6305 23
6046 132
6046 133
6046 134
6046 135
6670 36
6670 37
6670 38
6670 39
6311 117
6311 118
6311 119
6311 120
6298 73
6563 21
6563 22
6563 23
6563 24
6559 3
6559 8
6559 9
6653 85
6653 86
6653 87
6653 88
5908 19
6650 32
6650 33
6650 34
6650 35
6303 154
6303 155
6529 53
6529 54
6529 55
6529 56
5332 193
6560 43
6560 44
6560 45
6560 46
6190 51
6190 52
6190 53
6190 54
6370 64
6370 65
6370 66
6370 67
5233 59
5233 60
5233 74
6162 25
6162 32
6162 33
6162 34
5930 0
5930 1
5930 3
5930 4
6525 45
6525 46
6525 47
6525 48
6649 35
6649 36
6337 4
6337 5
6337 6
6045 1
6045 2
6045 5
6045 6
6507 117
6507 154
6583 154
6583 155
6583 156
6583 157
5084 56
5936 15
5936 16
6347 119
6083 51
6083 52
6083 53
6083 54
6356 8
6356 9
6641 25
6641 26
6641 27
6641 28
5452 0
5452 1
5452 2
5452 3
5384 188
5384 189
5384 190
5384 191
6139 22
6139 26
6139 30
5201 35
5201 98
6105 0
6105 1
6105 2
6105 3
4975 52
4975 53
4975 54
4975 55
6359 8
6359 9
6226 92
6226 93
6226 95
6226 98
6157 30
6157 31
6467 37
6467 38
6467 39
6467 40
5386 28
6642 50
6642 51
6642 52
6642 53
6325 13
6325 17
6325 48
6325 52
6412 109
6412 110
6412 111
6412 112
5359 4
5359 5
6425 68
6425 69
6425 70
6425 71
6562 43
6562 44
6562 45
6562 46
5449 40
5449 41
5449 42
5449 43
5985 154
5985 155
5985 156
5625 60
5948 19
5948 20
5948 21
5948 22
6426 84
6426 86
6426 87
6429 32
6429 33
6429 34
6429 35
6692 32
6692 33
6692 34
6692 35
6283 0
6283 1
6283 2
6283 3
6548 109
6548 110
6548 111
6548 112
6407 143
6407 144
6407 147
6407 150
5060 12
5060 13
5060 14
5060 15
5783 96
5783 97
5783 98
5783 126
6211 8
6211 9
6358 46
6358 47
6358 83
6358 84
6314 71
6314 72
6314 73
6314 74
6011 82
6011 83
6011 84
6011 85
6309 35
6309 36
6309 37
6309 38
6031 26
6031 27
6031 28
6031 29
6575 8
6575 9
6304 179
6304 180
6304 181
6304 182
6367 0
6367 1
6367 2
6367 3
6446 136
6446 137
6748 87
6748 88
6748 89
4999 101
4999 102
4999 105
4999 106
6056 19
6056 20
6056 22
6593 8
6593 9
5151 125
5589 8
5589 9
5589 10
5589 11
6425 0
6425 3
6425 4
6425 5
5985 194
5985 195
5985 198
5985 199
6356 128
6356 129
6356 130
5151 47
5151 54
5151 56
5151 59
5769 29
5769 30
5769 31
5769 33
5092 168
5092 169
5092 170
5092 171
5921 90
5921 91
5921 92
5921 93
5143 1
5143 2
5143 3
5143 4
5340 63
5340 64
5340 65
5340 66
5106 88
5106 144
5106 146
5106 150
5906 83
5906 84
5906 85
5906 86
6572 60
6572 61
6572 68
6572 69
5601 1
5601 3
5601 4
5601 5
5127 56
5127 57
5127 58
5127 60
5216 37
5216 42
5216 43
5216 44
6429 53
6429 54
6429 55
6429 56
6156 12
6156 13
6156 14
6156 15
5038 26
5038 28
5038 29
5038 30
4954 2
4954 4
4954 6
4954 7
6594 8
6594 9
6594 10
6594 11
4986 58
4986 59
4986 61
4986 63
6090 6
6090 7
6090 25
6090 26
6572 171
6572 172
6572 173
6572 174
6113 94
6113 95
6113 96
6113 97
6230 35
6230 64
6230 65
6230 66
5771 8
5771 9
5771 10
5771 11
4987 34
4987 35
4987 36
4987 37
6118 204
6118 205
6118 206
6118 207
6098 130
6098 131
6098 132
6098 133
6347 174
6347 175
6347 176
6347 177
5437 50
5437 52
5437 53
5377 0
5377 1
5377 2
5377 3
6697 58
6697 64
6697 65
6697 66
6206 10
6206 11
6206 12
6206 13
6698 135
6698 136
6698 137
6698 138
5901 104
5901 105
5901 106
5901 107
6401 0
6401 1
6401 2
6401 4
5212 0
5212 3
5212 4
5212 5
6687 32
6687 33
6687 34
6687 35
6031 68
6031 70
6031 72
6031 75
5331 164
5331 165
5331 166
5331 167
6468 30
6468 31
6031 18
6031 19
6031 46
6031 50
5332 60
5332 61
5332 68
5332 69
5433 142
5433 143
5433 144
5433 145
6487 36
6487 37
6487 38
6487 39
5891 184
5891 185
5891 186
5891 187
5975 21
5975 22
5975 49
5975 50
5013 4
5013 5
5013 6
5013 7
6535 16
6535 17
6535 18
6535 19
6591 0
6591 1
6591 2
6591 3
5600 119
5600 120
5600 123
5600 124
5169 25
5169 27
5169 29
5169 30
5229 13
5229 43
5229 49
5229 72
6379 60
6379 68
6379 69
4975 31
4975 32
4975 33
4975 34
6533 31
6533 32
6533 33
6533 34
5029 74
5029 75
5029 76
5029 77
6314 48
6314 49
6314 50
6314 52
6480 18
6480 19
6480 20
6480 21
5910 38
5910 39
5910 40
5910 41
6149 93
6149 94
6149 95
6149 97
5901 120
5901 121
5901 122
5901 123
5332 24
5332 25
5332 26
5332 27
6605 86
6605 89
6605 93
6605 94
6479 36
6479 37
6479 38
6479 39
6350 4
6350 5
6350 6
5204 63
5204 64
5204 65
5204 66
5046 4
5046 5
5046 6
5046 7
6441 90
6441 91
6441 92
6441 93
6319 21
6319 22
6319 66
6319 78
5179 156
5179 157
5179 158
5179 159
6288 168
6288 169
6288 170
6288 171
6333 20
6333 21
6333 24
6333 25
6569 10
6569 11
6569 12
6569 13
5029 97
5029 98
5029 99
5029 100
5102 0
5102 1
5102 2
5102 3
5351 8
5351 9
5351 10
5351 11
4992 180
4992 181
4992 183
4992 184
6478 141
6478 142
6478 143
6478 144
5424 10
5424 11
5424 12
5424 13
5403 4
5403 5
5403 6
5403 7
6235 98
6235 99
6235 100
6235 101
5090 48
5090 49
5090 50
5090 51
6655 8
6655 9
6655 10
6655 11
5061 25
5061 27
5061 28
5061 31
6506 51
6506 52
6506 53
6506 54
6217 31
6217 32
6217 33
6217 34
5144 19
5144 20
5144 21
5144 22
4992 48
4992 49
4992 51
4992 52
6448 27
6448 28
6448 29
6448 36
6591 154
6591 155
6591 156
6591 157
5384 180
5384 181
5384 182
5384 183
6611 10
6611 11
6611 12
6611 13
6423 24
6423 25
6423 26
6423 29
5005 120
5005 121
5005 122
5005 123
6631 29
6631 30
6631 63
5187 25
5187 35
5187 45
5187 143
5901 157
5901 158
5901 159
5901 160
5092 128
5092 129
5092 130
5092 131
6563 122
6563 123
6563 124
6563 125
6600 52
6600 74
6600 75
5589 76
5589 77
5589 78
5589 79
5600 60
5600 61
5600 62
5600 187
5600 141
5600 142
5600 143
5600 167
6611 139
6611 140
6611 141
6611 142
5071 44
5071 45
5071 46
5071 47
5625 122
5625 123
5625 124
5625 125
5588 108
5588 109
5588 110
5588 111
6440 176
6440 177
6440 178
6440 179
5092 48
5092 49
5092 50
5092 51
6564 165
6564 166
6564 168
6564 169
5946 49
5946 53
5946 56
5946 57
6427 96
6427 97
5454 65
5454 69
5454 131
5337 86
5337 87
5337 88
5337 89
6314 53
6314 54
6314 56
6314 57
4979 50
4979 51
4979 52
4979 53
5925 159
6176 118
5929 120
6329 55
6573 76
6482 111
4967 30
6553 116
6600 63
6376 63
5977 200
5977 201
6626 37
6626 38
5087 18
6640 103
6080 0
5337 118
5337 119
6307 13
6307 14
6138 115
6138 116
6138 117
6138 118
6608 14
6011 97
6011 98
5968 18
5968 21
6168 72
6168 73
5233 37
5960 14
5960 15
6299 58
6299 59
6021 149
6337 17
6165 10
6165 11
6165 12
6165 13
5630 17
6260 10
6544 53
6544 65
6544 98
6544 102
5168 23
5960 62
5960 63
5191 72
6004 83
6004 84
5031 66
6004 95
6004 104
6143 11
6143 13
6143 15
5924 38
5924 39
6046 49
6046 50
6046 53
6046 54
6059 22
6059 23
6589 175
6517 60
5935 73
5935 75
5935 76
5084 17
6387 44
5084 124
6198 81
6198 82
6198 83
6198 84
6689 14
6689 15
6542 215
6542 216
6542 217
6542 218
6630 88
6630 89
6630 90
5343 10
5343 15
6483 61
6030 36
6030 37
6030 38
6030 39
5425 48
5425 49
6304 167
5155 27
5155 28
5155 29
5155 34
6058 17
6058 18
6058 19
6058 20
6201 33
6201 34
6201 35
6201 36
6106 74
6106 85
6106 86
6106 87
6630 28
6630 61
5153 106
5153 108
5153 109
5941 33
5941 34
5941 35
6410 11
6410 12
6410 69
6410 72
6115 46
6115 47
6115 48
6115 49
6442 46
6442 47
6192 88
6192 89
6192 110
6192 111
5936 0
5936 1
5936 2
5936 3
6214 42
6214 46
5087 1
6021 188
6640 14
6640 15
6692 105
6692 106
6692 107
6692 108
6319 51
6319 52
5144 3
5144 5
6043 117
6043 118
6043 119
6043 120
6325 60
6325 61
6105 72
6105 73
6105 74
6105 75
6227 23
6227 24
6227 25
6227 26
6190 101
6190 102
6190 103
6190 104
6689 102
6689 103
6689 104
6527 207
6527 208
6527 209
6527 210
6457 61
6457 94
6457 95
6184 2
6184 3
6184 6
6184 10
6565 212
6565 215
6533 65
6533 66
6533 69
6533 70
6467 120
6467 121
6501 74
6501 75
6501 76
6501 77
6423 118
6423 119
6423 120
6423 121
6535 134
6535 135
6535 137
6535 138
5929 61
5929 62
5929 63
5189 13
5189 23
5616 119
5616 120
5616 121
5616 122
6025 104
6025 105
6025 106
6025 107
6632 64
6632 65
6632 66
6632 67
5895 4
5895 5
5895 6
5895 7
5386 19
5386 82
5386 86
5386 148
5090 144
5090 145
5090 146
5090 147
5437 147
5437 148
5437 149
5437 150
6638 20
6638 23
6638 26
6149 28
6149 31
6630 99
6630 101
6630 102
5985 132
5985 133
5985 134
5985 135
6683 32
6683 33
6683 34
6683 35
6441 18
6441 19
6441 21
6441 22
6527 17
6527 18
6527 19
6527 20
5396 66
5396 67
5396 68
5396 69
4998 113
4998 114
4998 115
5386 54
5386 57
5386 123
5386 125
6488 28
6488 31
6628 29
6628 30
6628 31
6628 46
5947 166
5947 167
5947 168
5947 169
6140 40
6140 41
6140 42
6140 43
6336 93
6336 94
6336 95
6336 96
5455 0
5455 1
5455 2
5455 3
6461 46
6461 58
6461 59
6021 97
6021 98
6021 99
6021 100
6301 145
6301 146
6301 147
6301 148
5411 108
5411 109
5411 110
5411 111
6046 96
6046 98
6046 100
6046 106
5337 16
5337 17
5337 18
5337 19
6134 5
6134 7
6134 8
6134 9
6114 72
6114 73
6114 74
6114 75
5940 0
5940 1
5940 2
5940 3
6683 123
6683 124
6683 125
6683 126
5436 151
5436 152
5436 153
5436 154
6663 233
6663 234
6663 235
6663 236
5215 0
5215 1
5215 2
5215 3
6659 53
6659 54
6659 55
6659 56
6288 1
6288 2
6288 3
6288 4
4953 16
4953 17
4953 19
6007 20
6007 21
6007 22
6007 23
6402 27
6402 28
6402 29
6402 36
6406 196
6406 197
5331 104
5331 105
5331 106
5331 107
6581 11
6581 12
6581 14
6298 68
6298 70
6298 71
6298 72
5331 168
5331 169
5331 170
5331 171
6233 47
6233 48
6233 53
6233 54
6482 90
6482 91
6482 92
6482 93
6540 33
6540 34
6540 35
6540 36
6319 69
6319 70
6319 71
6319 72
5384 28
5384 29
5384 30
5384 31
6347 32
6347 33
6347 111
6347 112
6697 125
6697 126
6697 127
5396 70
5396 71
5396 72
5396 73
6423 173
6423 174
6423 175
6423 176
6028 16
6028 17
6028 18
6028 19
6443 23
6443 24
6443 25
6443 26
6173 140
6173 141
6173 143
6173 145
6575 85
6575 86
6575 87
6575 88
5189 17
5189 18
5189 20
5189 21
5389 0
5389 1
5389 2
5389 4
6151 83
6151 86
6151 87
6151 90
5914 51
5914 52
5914 53
5914 54
6622 81
6622 82
6622 83
6622 84
5403 40
5403 41
5403 42
5403 43
6580 1
6696 4
6696 5
6696 6
6696 7
6641 12
6641 13
6641 14
6641 15
6528 104
6528 105
6528 106
6528 107
5048 4
5048 5
5048 6
5048 7
5588 120
5588 121
5588 122
5588 159
6304 82
6304 83
6304 84
6304 85
5384 196
5384 197
5384 198
5384 199
5912 57
5912 58
5912 59
5912 60
6176 48
6176 49
6176 50
6176 51
4955 108
4955 109
4955 110
4955 111
5437 107
5437 108
5437 109
5437 110
5949 40
5949 41
5949 42
5949 43
6510 88
6510 89
6510 90
6510 91
5341 22
5341 23
5341 24
5341 25
6303 175
6303 183
6303 186
6303 206
6075 64
6075 65
6075 66
6075 67
5187 220
5187 221
5187 223
5938 21
5938 22
5938 25
5938 48
6647 64
6647 65
6647 66
6647 67
6551 204
6551 205
6551 206
6551 207
6404 68
6404 69
6404 70
6404 71
6350 136
6350 137
6572 56
6572 57
6572 58
6572 59
6314 136
6314 137
6314 138
6314 140
6190 35
6190 36
6190 39
6190 40
6691 4
6691 5
6691 6
6691 7
6467 41
6467 42
6467 43
6467 44
5071 32
5071 33
5071 34
5071 35
6621 17
6621 21
6621 35
6621 36
6333 51
6333 52
6333 55
6333 56
4975 8
4975 9
4975 11
4975 12
5985 89
5985 90
5985 91
5985 93
4962 154
4962 155
4962 156
4962 157
6348 52
6348 53
6348 87
6348 90
6348 151
6348 152
6348 153
6348 154
5408 24
5408 25
5408 26
5408 27
4991 27
4991 29
4991 30
4991 31
6668 125
6668 132
6668 133
6668 134
4957 106
4957 107
4957 108
4957 109
5108 24
5108 25
5108 26
5108 27
5036 22
5036 26
5036 30
5036 34
6687 245
5153 15
5153 17
5153 18
5153 21
5351 4
5351 5
5351 6
5351 7
5179 40
5179 41
5179 42
5179 43
5016 84
5016 85
5016 86
5016 87
6608 82
6608 83
6608 84
6608 85
6176 158
5179 144
5179 145
5179 146
5179 147
5394 40
5394 41
5394 42
5394 43
5134 29
5134 31
5134 32
5134 33
5025 81
5025 82
5025 83
5025 84
6688 58
6688 59
6688 60
6688 68
6533 86
6533 87
6533 88
6533 91
6059 59
6059 76
6059 77
6059 78
6598 123
6598 124
6598 125
6598 126
5187 77
5187 78
5187 79
5187 80
6591 11
6591 134
6591 135
6591 136
6676 97
6676 98
6676 99
6676 100
4992 26
4992 28
4992 29
4992 30
5187 199
5187 200
5187 201
5187 202
6489 151
5038 4
5038 5
5038 6
5038 7
5354 8
5354 9
5354 10
5354 11
6438 22
6438 23
6438 24
5929 74
4975 89
4975 90
4975 91
4975 92
6314 81
6314 82
6314 83
5440 40
5440 41
5440 42
5440 43
5092 8
5092 9
5092 10
5092 11
5891 8
5891 9
5891 10
5891 11
5005 172
5005 173
5005 174
5005 175
5082 15
6164 1
5205 23
6521 122
6217 8
6217 9
6327 87
6327 88
6327 89
6327 95
6324 151
6324 152
6324 154
6324 156
5075 8
5075 9
5075 10
5075 11
5157 30
5157 31
5157 32
5157 34
5994 20
6223 49
5185 78
4998 60
4998 61
4998 62
4998 63
6580 0
6326 36
6326 37
6326 56
6326 63
6596 146
6596 148
6596 149
6596 150
6035 5
5087 25
5604 80
5604 81
5604 82
5604 84
6687 109
6687 110
6231 52
6231 53
4982 84
4982 85
4982 86
4982 87
6506 175
4999 0
6184 42
6184 43
6184 44
6184 45
6021 191
5005 104
5005 105
5005 106
5005 107
6332 24
6332 27
6332 28
6332 29
6547 30
6547 31
6448 168
6448 169
6148 15
6148 16
6148 17
6148 20
6596 128
6596 129
6596 130
6530 45
6530 46
6154 13
6680 120
6542 62
6542 110
6542 111
6349 63
5605 63
6058 169
6058 170
6058 171
6058 204
6151 42
6151 45
6151 46
6151 48
5343 13
5343 14
6608 52
6608 53
6608 55
5382 141
5382 142
5382 143
5382 144
6157 70
6157 87
6602 20
6602 21
6121 52
6121 53
6121 54
6121 55
5374 52
5374 53
5374 54
5374 55
6123 125
6235 114
6235 115
6386 7
6314 10
6359 99
6359 100
6359 101
6359 102
6641 21
6641 22
6641 23
6641 24
6217 157
6217 158
6347 132
5139 0
5139 78
5139 79
5139 82
5941 2
6420 87
6420 88
6420 96
6420 99
5217 94
5217 95
5217 96
5217 97
6521 30
6521 31
6507 85
6507 86
6507 87
6507 88
5146 10
6176 34
6176 36
6176 39
5095 0
5095 1
5095 2
5095 3
6692 93
6692 94
6692 95
6692 104
6144 11
6144 12
6144 13
5600 157
5600 159
5207 12
5207 13
5207 14
5207 15
6151 22
6151 23
6151 25
6151 26
5625 78
5625 79
5625 80
5625 81
5084 2
5782 49
5782 50
5782 51
5782 52
6261 4
6261 5
6261 6
6261 7
5348 18
5348 19
5964 6
5964 7
6573 8
6573 9
6573 20
6573 21
5062 0
5616 81
6103 45
6103 46
6103 47
6103 48
6542 12
6542 13
6542 16
6542 17
6379 19
6379 20
6631 58
6360 8
6360 9
6553 125
6553 126
6553 127
6299 54
6299 55
6299 56
6299 57
6173 94
6173 95
6173 96
6173 97
6446 196
6446 197
6446 198
6446 199
6326 104
6326 108
6326 111
6326 115
6360 48
6360 50
5933 173
5933 174
6343 20
6343 21
6343 22
6591 167
6591 168
6591 169
6591 170
6298 109
6298 110
6298 111
6298 156
6183 26
6183 27
6183 28
6183 93
5192 0
5192 20
6401 37
6401 38
6401 39
6401 40
6640 125
6640 126
6281 8
6281 9
6407 164
6407 176
6407 179
6407 180
6529 18
6529 19
6441 50
6441 51
6441 52
6441 53
6226 134
6226 135
6226 136
6226 137
6690 47
6690 48
6690 49
6690 60
6564 81
6564 82
6564 83
6564 84
6138 24
6138 25
6138 26
6138 27
6521 50
6521 51
6521 52
6521 53
6671 82
6671 83
6671 84
6671 85
5344 8
5344 9
6115 96
6115 97
6115 98
6115 99
5155 118
5155 119
5155 120
5155 121
6111 77
6111 78
6111 79
6111 80
5975 62
5975 63
6457 202
6457 205
6457 206
5985 180
5985 215
5985 216
6080 118
6080 119
6080 120
6080 121
6216 96
6216 97
6216 98
6216 99
5386 95
5386 97
5386 101
5386 158
5184 0
5184 1
5184 2
5184 3
6381 111
6381 116
6381 117
6363 4
6363 6
6363 7
6460 25
6460 28
5337 128
5337 129
5337 130
5337 131
6544 80
6544 92
6544 93
5412 84
5412 85
5412 86
5412 87
5179 136
5179 137
5179 138
5179 139
5082 14
6080 128
6080 129
6080 130
6080 131
5901 144
5901 145
5901 146
5616 32
5616 79
5616 206
5616 212
6070 25
6070 26
6070 27
6070 28
6197 28
6197 29
6197 31
6197 32
6676 78
6676 79
6676 85
6218 23
6218 25
6218 26
6218 27
5603 30
5603 31
6043 55
6043 56
6043 57
6191 4
6191 5
6191 6
6191 7
6234 8
6234 9
6234 10
6234 11
6199 27
6199 28
6199 29
6199 30
5042 48
5042 49
5042 50
5042 51
6533 128
6533 129
6533 130
6533 131
5376 40
5376 41
5376 42
5376 43
6621 27
6621 28
6301 62
6301 63
5229 62
5229 63
5229 65
5229 67
6506 10
6506 19
6506 27
6506 31
6417 53
6417 54
6417 115
6417 116
6565 136
6565 137
6565 138
6565 139
6031 180
6031 181
6031 203
6031 204
6687 165
6687 166
6687 167
5187 58
5187 59
5187 60
5187 61
6226 40
6226 41
6226 42
6226 43
6380 115
6380 117
6380 118
5051 0
5051 1
5051 2
5051 3
6600 155
6600 164
5411 144
5411 145
5411 146
5411 147
6286 98
6286 99
6286 102
6286 103
6344 30
6344 31
6423 88
6423 91
6423 92
6423 93
5099 8
5099 9
5099 10
5099 11
5894 81
5894 82
5894 83
5894 84
4952 91
4952 92
4952 93
4952 94
6360 62
6360 63
6565 132
6565 133
6565 134
6565 135
5191 60
5191 62
5191 82
5191 100
6379 115
6379 119
6379 143
5921 154
5921 155
5921 156
5921 157
6043 172
6043 173
6043 184
6043 185
6091 9
6091 10
6091 27
6091 30
6507 212
6507 213
6507 214
6507 215
6319 23
6319 24
6319 25
6319 26
5425 8
5425 9
5425 10
5425 11
6338 80
6338 83
6338 92
6338 109
5616 105
5616 107
5616 108
5616 110
5385 160
5385 161
5385 162
5385 163
6324 132
6324 133
6324 134
6324 135
6482 116
6482 117
6482 133
6482 134
5437 123
5437 124
5437 125
5437 126
6653 97
6653 98
6653 99
6653 100
6571 109
6571 110
6571 111
6571 112
6002 6
6002 8
6002 9
6002 10
6457 141
6457 142
6457 163
6457 164
5077 28
5077 29
5077 30
5077 31
6426 80
6426 81
6426 82
6426 83
6359 54
6359 78
6359 79
6359 80
6336 83
6336 84
6336 87
6336 88
6698 12
6698 13
6551 208
6551 209
6551 210
6551 211
5074 28
5074 29
5074 30
5074 31
6410 42
6410 43
6410 44
6410 45
5396 58
5396 60
5396 61
5396 62
6439 10
6439 14
6439 18
5155 100
5155 101
5155 102
5155 103
6664 195
6664 196
6664 197
6664 198
6319 96
6319 97
6319 98
6319 99
6689 37
6689 38
6689 39
6689 40
6423 16
6423 17
6423 18
6423 19
6566 26
6566 27
6566 28
6566 29
5092 116
5092 117
5092 118
5092 119
6619 51
6619 52
6619 53
6619 54
6689 110
6689 111
6689 112
6689 113
6314 126
6314 144
6314 147
6314 148
6410 171
6410 172
6410 175
6410 176
6548 144
6548 145
6548 146
6548 147
6590 64
6590 65
6590 66
6590 67
6288 123
6288 124
6288 125
6288 126
6692 148
6692 149
6692 151
6692 152
6547 43
6547 44
6547 45
6547 46
5921 98
5921 99
5921 100
5921 101
6387 32
6387 33
6387 34
6387 35
5203 84
5203 85
5203 86
5203 87
6140 5
6140 7
6140 8
6140 9
5975 14
5975 15
5975 16
5975 17
6073 44
6073 45
6073 46
6073 47
6078 1
6078 2
6078 3
6078 5
5387 16
5387 17
5387 18
5387 19
5625 181
5625 182
5625 183
5625 184
5925 123
5925 124
5925 125
5925 126
5090 160
5090 161
5090 162
5090 163
6615 50
6615 51
6615 52
6615 53
6356 0
6356 1
6356 2
6356 3
5925 204
5925 205
5925 206
5925 207
5433 54
5433 55
5433 56
5433 57
5418 124
5418 125
5418 126
5418 127
5344 60
5344 61
5344 62
5344 63
5154 10
5154 12
5154 13
5154 134
5377 24
5377 25
5377 26
5377 27
5914 63
5914 64
5914 65
5914 66
5092 68
5092 69
5092 70
5092 71
5385 0
5385 1
5385 2
5385 3
5195 56
5195 57
5195 58
5195 59
5041 18
5041 19
5041 20
5041 21
4979 104
4979 105
4979 107
4979 109
5622 4
5622 5
5622 6
5622 7
6527 217
6527 218
6527 219
6527 220
5935 50
5935 51
5935 54
5935 56
5364 14
5364 15
5364 16
5364 17
5235 8
5235 9
5235 10
5235 11
5588 80
5588 81
5588 82
5588 83
5894 24
5894 25
5894 26
5894 27
6530 21
6530 22
6530 23
6530 24
6336 110
6336 111
6336 112
6336 114
5177 0
5177 4
5177 17
5177 37
6676 19
6676 30
6676 40
6676 41
5602 40
5602 41
5602 52
5602 53
6312 30
6312 35
6312 43
6312 48
5169 108
5169 109
5169 110
5169 112
5019 51
5019 52
5019 53
5019 54
6506 89
6506 96
6506 97
6506 98
5187 100
5187 102
5187 103
5187 104
6544 72
6544 73
6544 74
6544 75
5923 32
5923 33
5923 34
5923 35
6580 6
6580 7
6580 8
6580 9
5778 16
5778 17
5778 18
5778 19
5971 8
5971 9
5971 10
5971 52
6336 170
6336 171
6336 172
6336 173
6355 41
6355 49
6355 53
6355 57
5095 32
5095 33
5095 34
5095 35
6321 68
6321 69
6321 70
6321 71
6338 47
6338 108
5937 5
5937 6
5937 7
5937 8
5382 93
5382 94
5382 96
6285 140
6285 141
6285 142
6285 143
5929 67
5929 68
5929 70
5929 71
5948 23
5948 24
5948 35
5948 36
5197 33
5197 34
5197 35
5197 36
4962 65
4962 66
4962 67
4962 68
5042 40
5042 41
5042 42
5042 43
5093 89
5093 90
5093 91
5093 92
5394 56
5394 57
5394 58
5394 59
5455 65
5455 67
5455 68
5455 69
6323 74
6323 75
6323 76
6323 77
6388 22
6388 23
6388 24
6388 25
5038 17
5038 18
5038 19
5038 20
4992 39
4992 40
4992 41
4992 42
5127 0
5127 1
5127 2
5127 3
5170 18
5170 19
5170 21
5170 22
5892 24
5892 25
5892 26
5892 27
5911 10
5911 11
5911 12
5911 13
6559 22
6559 23
6559 24
6559 25
6073 52
6073 53
6073 54
6073 55
5912 37
5912 38
5912 39
5912 40
5019 104
5019 105
5019 106
5019 107
5011 20
5011 21
5011 22
5011 23
5092 56
5092 57
5092 58
5092 59
6379 84
6379 109
6379 110
6379 141
6603 54
6603 55
6603 56
6603 57
5144 6
5144 7
5144 9
5144 10
4955 84
4955 85
4955 86
4955 87
4992 162
4992 163
4992 164
4992 165
5051 65
5051 66
5051 67
5051 68
6417 75
6417 76
6417 77
6417 78
6482 52
6482 53
6482 54
6482 55
6342 63
5084 99
5606 87
6337 26
4992 187
6224 91
6224 92
6427 124
5994 34
5042 52
6563 143
5952 8
5952 9
6173 62
6173 63
6664 146
6664 147
6173 10
6125 61
6125 94
6125 96
5176 2
5176 5
5176 7
6092 171
6092 172
6092 173
6092 174
5915 137
5915 138
5915 139
5915 140
5383 3
5383 7
6566 61
6566 62
5940 31
6100 145
6100 146
6100 147
6073 32
6073 33
6073 34
6073 35
6565 109
6565 110
6565 111
6565 112
4979 93
6303 181
5213 6
5921 88
5921 89
6374 23
6157 13
6157 14
6157 15
6157 16
6118 34
6118 35
6118 36
6118 37
6091 21
6091 22
6091 23
6091 24
5203 39
5203 52
6699 12
6699 13
6440 111
6382 79
6382 84
6382 85
6375 36
6535 188
6535 189
6501 48
6501 49
6507 113
6507 114
6184 27
6184 28
6184 29
6184 30
5947 72
5947 73
6571 132
6571 133
6571 134
6571 135
5370 148
6113 2
6113 3
6113 4
6113 5
6365 4
6365 6
6365 7
6365 8
6074 102
6074 103
6074 104
6074 105
6571 185
6571 186
6571 189
6551 128
6551 129
6551 130
6551 131
5607 20
5607 23
6647 172
6647 173
6647 174
6647 175
6672 57
6672 58
6672 59
5905 64
5905 65
5905 66
5905 67
6230 0
6230 1
6230 2
6230 3
6090 118
6090 119
6090 120
6090 121
5097 8
6577 120
6577 121
6577 122
6577 123
6417 67
6417 68
6417 69
6417 70
6301 20
6301 21
6301 22
6301 23
6226 32
6226 33
6226 34
6226 35
6304 10
6304 11
6304 12
6304 13
6520 25
6520 26
6520 27
6520 28
6579 20
6579 21
6579 96
6579 99
6564 125
6564 126
6377 34
6377 35
6377 38
6377 39
6748 176
6748 177
6748 178
6748 179
6507 124
6507 125
6507 126
6507 127
6231 5
6231 7
6231 38
6231 40
6565 213
6565 214
6007 87
6007 88
6007 89
6007 90
6198 158
6198 219
6198 220
6198 221
5353 44
5353 45
5353 46
5353 47
6301 133
6301 134
6301 135
6369 38
6369 39
6369 40
6369 41
6438 16
6438 17
6438 18
6438 19
6638 21
6638 22
6638 24
6638 25
6590 48
6590 49
6590 50
6590 51
6168 153
6168 154
6168 184
6168 185
6549 23
6549 24
6549 25
6549 26
6261 42
6261 43
6261 44
6211 176
6211 177
6211 178
6211 179
5382 97
5382 98
5382 99
5382 100
5988 26
5988 30
5988 32
5988 33
5979 33
5979 38
5979 61
5979 81
6697 32
6697 33
6697 34
6697 35
6280 47
6280 48
6280 49
6280 50
6615 85
6615 86
6690 160
6690 161
6690 164
6690 165
6663 72
6663 73
6663 74
6663 75
6300 144
6300 145
6300 146
6300 147
6552 64
6552 65
6552 66
6552 67
5925 98
5925 99
5925 100
5925 101
5778 4
5778 5
5778 6
5778 7
5376 0
5376 1
5376 2
5376 3
4991 59
4991 60
6182 76
6182 77
6182 78
6182 79
6324 149
6324 150
5153 89
5153 90
5153 92
5153 93
6591 104
6591 105
6591 106
6591 107
5947 13
5947 14
6219 101
6219 102
6219 103
6219 104
4982 125
4982 126
4982 128
4982 129
6688 25
6688 26
6688 27
6688 28
5948 37
5948 38
5948 39
5948 40
6180 57
6180 58
6180 59
6180 60
5588 9
5588 10
5588 11
5588 12
6448 8
6448 9
6448 10
6448 11
5233 115
5233 116
5233 117
5233 118
6305 4
6305 5
6305 6
6305 7
5768 5
5768 6
5768 7
5768 8
6656 3
6656 4
6656 5
6656 6
5375 40
5375 41
5375 42
5375 43
6381 37
6381 38
6381 39
6381 40
5783 41
5783 43
5783 44
6616 119
6616 120
6616 121
6616 122
5399 43
5399 44
5399 45
5399 74
5396 0
5396 33
5396 34
5396 35
6203 47
6203 48
6203 49
6203 50
5154 192
5154 194
5154 195
5154 196
6533 102
6533 103
6533 114
6533 115
6173 43
6173 44
6173 45
6173 46
6457 120
6457 121
6457 122
6457 123
5946 16
5946 17
5946 18
5946 20
5005 116
5005 117
5005 118
5005 119
6412 57
6412 71
6412 72
6412 75
6426 32
6426 33
6426 34
6426 35
5010 4
5010 5
5010 6
5010 7
6191 40
6191 41
6191 42
6191 43
5084 25
6226 69
6226 70
6226 73
6226 128
6508 43
6508 44
6508 45
6508 46
5154 26
5154 89
5154 90
5154 153
5593 40
5593 41
5593 42
5593 43
5895 16
5895 17
5895 18
5895 19
6551 138
6551 139
6551 140
6551 141
5333 26
5333 27
5333 28
5333 29
6211 4
6211 5
6211 6
6211 7
6573 46
6573 47
6573 48
6573 49
5597 54
5597 55
5597 56
5597 57
6647 107
6647 108
6647 109
6647 110
5769 61
5769 62
5769 64
5769 65
5130 87
5130 88
5130 89
5130 90
6070 78
6070 79
6070 80
6070 81
5604 90
5604 91
5604 92
5604 95
6653 59
6653 60
6653 68
6653 69
5396 17
5396 18
5396 19
5396 20
5208 20
5208 21
5208 22
5208 23
5211 49
5211 50
5211 51
5211 52
6598 105
6598 106
6598 128
6598 129
6159 4
6159 5
6159 6
6159 7
6417 88
6417 89
6417 90
6417 91
4987 25
4987 27
4987 43
5454 40
5454 42
5454 108
5454 112
5192 22
5192 23
5192 26
5192 28
6404 107
6404 108
6404 172
6404 173
6482 144
6482 145
6482 146
6482 147
6680 130
6680 131
6680 132
6680 133
6640 173
6640 174
6640 175
6640 176
6605 149
6605 152
6605 153
6605 171
5614 6
5614 7
5614 8
5614 9
6417 171
6417 172
6417 173
6417 176
6407 120
6407 121
6407 122
6407 123
4968 1
4968 3
4968 8
6192 150
6192 151
6192 152
6192 153
5910 26
5910 27
5910 28
5910 29
6298 124
6298 125
6298 126
6298 127
5452 52
5452 53
5452 54
5452 55
5600 30
5600 31
5600 32
5600 33
5921 116
5921 117
5921 118
5921 119
5395 0
5395 1
5395 2
5395 3
6605 43
6605 44
6605 68
6605 69
5901 12
5901 13
5901 14
5901 15
4958 16
4958 17
4958 18
4958 19
4982 72
4982 73
4982 74
4982 75
6122 58
6591 146
6149 64
6149 66
6149 67
6149 70
5937 17
5937 18
5937 19
5937 20
5211 92
5211 93
5211 94
5211 95
6441 112
6441 113
6441 114
6441 115
5084 109
5059 0
5059 6
5059 11
5059 65
6483 1
6483 2
6483 3
6483 4
6192 70
6192 71
6192 72
6192 73
5331 40
5331 41
5331 42
5331 43
5034 10
5034 13
5034 64
5034 65
6640 128
6640 129
6640 130
6640 131
6314 63
6326 44
6326 45
6616 57
6616 58
6616 67
6616 82
5134 38
5134 39
5134 40
5134 41
6312 25
6379 127
4982 18
4982 19
4982 20
4982 21
6216 122
6021 10
6021 21
6366 27
6366 28
6366 37
6366 38
6076 65
6076 129
6076 130
6076 132
5948 15
5948 16
5948 17
5948 18
6404 170
6064 28
6064 29
6064 30
6064 31
6630 60
6506 2
6506 6
4979 121
4979 122
4979 125
4979 126
5025 103
5025 104
5025 106
5025 107
6201 56
6201 57
6201 58
6201 59
6338 7
6338 8
6338 9
6338 11
5211 57
5211 58
5211 59
5211 60
6666 173
6457 143
6457 144
6457 145
6457 146
6072 16
6072 17
6072 18
6072 19
6686 67
6686 68
6686 69
6686 70
5772 20
4957 90
4957 91
4957 92
4957 93
5338 24
5338 25
5338 26
5338 27
5084 95
6386 8
6224 11
6224 13
6224 14
6224 15
6073 72
6073 73
6073 74
6073 75
6611 14
6611 15
6611 16
6611 17
5960 49
6671 63
5915 144
5187 38
5915 145
6507 96
6507 97
6507 98
6507 99
6300 158
6300 159
4981 42
4981 44
4981 45
4981 46
5386 127
6365 9
5333 76
5333 77
5333 78
5333 79
6086 8
6668 13
6668 14
6668 15
6668 16
6360 0
6360 1
6360 2
6360 3
6379 11
6379 12
6379 13
6379 14
6064 50
6064 51
6534 61
6534 62
5419 44
5419 45
5419 46
5419 47
6280 0
6280 1
6506 94
6506 95
6614 138
6614 143
6598 30
6598 31
5977 210
5977 211
6183 9
6183 10
6183 11
6183 12
6091 128
6091 161
5077 24
5077 25
5077 26
5077 27
5936 4
5413 12
6546 27
6546 31
6546 56
6546 60
6583 7
6231 2
6231 6
6231 10
6309 15
6229 37
5157 53
5157 54
5157 55
5157 56
6191 73
6191 76
6659 49
6659 50
6659 51
6659 52
6467 13
6467 14
6467 15
6467 16
6441 98
6441 99
6441 100
6441 101
6210 31
5051 194
5051 195
5051 196
5051 197
6697 105
6697 106
6697 107
6697 108
6173 121
6011 15
6011 16
6011 17
6011 18
6590 47
6687 57
6687 58
6687 59
6687 60
6162 217
6501 78
5181 4
5977 29
6535 20
6118 20
6118 21
6118 22
6118 23
6457 127
6487 55
6487 56
5084 57
6569 20
6569 24
5084 12
5331 92
5331 93
5331 94
5331 95
6362 126
6362 127
5384 120
5384 121
5384 122
5384 123
5213 9
6479 25
6575 23
4992 57
4992 58
4992 59
4992 60
5935 64
5935 65
5935 68
6680 45
6680 46
6680 47
6176 201
6176 202
6176 204
6176 205
6115 10
6115 11
6115 12
6115 13
5910 63
6092 51
6092 53
6092 54
6092 56
4969 128
4969 129
4969 130
4969 131
6125 46
5368 92
5368 93
5368 94
5368 95
6420 42
6420 43
6420 44
6420 45
6426 88
6426 89
6426 90
6426 91
6343 127
6664 191
6575 47
6410 19
6410 22
6410 23
6410 26
5208 0
5208 1
5208 2
5208 3
6598 53
6381 61
6381 62
6381 191
6440 154
6440 155
6440 156
6440 206
5084 111
6327 23
6327 24
6401 90
6401 104
6401 108
6401 113
6217 120
6217 121
6217 122
6217 123
5929 112
5929 113
6046 1
6046 2
6046 5
6083 19
6590 30
6590 31
6590 32
6590 33
6231 33
6231 34
6231 36
6231 37
4987 40
5947 74
5947 75
5947 76
5947 77
5084 45
6021 217
6021 218
6021 219
6021 220
5092 180
5092 181
5092 182
5092 183
6326 11
6326 12
6326 13
6326 14
6191 30
6191 31
6191 32
6191 33
6050 21
6050 23
6050 24
6050 25
6113 70
6113 71
6113 72
6113 73
6046 31
6281 65
6281 66
5203 92
5203 93
5203 94
5203 95
5912 101
5912 102
5912 103
5912 104
6229 18
6229 19
5151 60
5151 127
6457 28
6457 31
5454 67
5454 71
5454 96
5454 100
6162 61
6046 81
6046 82
6046 83
6046 84
5915 74
5915 75
5915 76
5915 77
6590 8
6590 9
6199 51
6199 52
6199 72
6199 73
6589 62
5600 78
5600 79
5600 90
5600 91
6286 104
6286 105
6286 108
6286 109
5005 202
5005 203
5005 205
5005 206
6552 36
6552 37
6552 38
6552 39
5960 50
5960 64
5960 65
5960 66
6176 206
5343 22
5343 23
5343 24
6203 27
6203 28
6603 52
6091 43
6091 44
6091 47
6091 50
6428 4
6428 5
6428 6
6428 7
6376 24
6376 25
6376 27
6376 33
6640 185
6687 151
6548 86
6548 87
6548 88
6149 100
6149 101
6149 165
6118 180
6118 181
6118 182
6118 183
6217 27
6217 28
6217 29
6217 30
6298 17
6298 18
6298 19
6298 20
5425 32
5425 33
5425 34
5425 35
6376 14
6376 15
6376 16
6376 17
6446 115
6446 116
6446 123
6446 124
6577 70
6577 71
6577 72
6577 73
6577 43
6577 44
6577 45
6577 46
5397 109
5147 4
5147 28
5147 29
5616 33
5616 34
5616 159
5616 160
5975 0
5975 1
5975 2
5975 3
5996 59
5996 60
5904 0
5904 1
5904 2
5904 3
6211 154
6211 155
6211 156
6211 157
5084 39
6216 56
6216 57
6216 58
6216 59
6218 9
6218 14
6218 22
6184 53
6184 54
6184 55
6184 56
5912 16
5912 17
5912 18
5912 19
5090 140
5090 141
5090 142
5090 143
6144 32
6144 33
6144 34
6144 35
6311 28
6311 29
6311 30
6311 31
5332 20
5332 21
5332 22
5332 23
5039 14
5039 15
5039 16
5039 17
5935 69
5935 70
5936 17
5602 32
5602 33
5602 34
5602 35
6198 107
6198 108
6198 110
6198 111
6103 77
6103 78
6103 79
5179 20
5179 21
5179 22
5179 23
6614 97
6614 98
6614 99
6614 100
6004 93
6562 111
6562 112
6562 113
6562 114
6218 4
6218 5
6211 22
6211 23
6211 32
6211 33
6303 113
6542 184
6542 185
6542 186
6542 187
5092 96
5092 97
5092 98
5092 99
5587 4
5587 5
5587 6
5587 7
6686 71
6686 72
6551 121
6551 122
6551 123
6551 124
6382 191
6299 9
5419 128
5419 129
6489 0
5106 31
5106 58
6052 58
6052 59
5977 23
6103 132
6103 133
6103 134
6103 135
6027 5
6507 115
6507 116
6695 11
6695 12
6406 108
5990 49
5106 10
5106 14
5106 80
5106 141
5084 118
6305 30
6305 31
5969 44
5969 45
6521 80
6444 38
6444 39
6444 40
6444 41
5233 64
5233 65
5233 66
5233 67
5084 103
6614 141
6614 142
6614 144
6614 147
5091 0
5091 1
5091 2
5091 3
6748 221
6748 222
6748 223
6321 64
6321 65
6321 66
6321 67
6461 105
6461 106
5145 16
5145 22
5082 23
5093 97
5093 98
5093 99
5093 100
5061 43
5061 44
5061 46
5061 169
6426 56
6426 57
6426 58
6426 59
6113 86
6113 87
6113 88
6113 89
6544 337
6544 338
6544 339
6544 340
6073 80
6073 81
6073 82
6073 83
6669 0
5914 136
5914 137
6230 53
6230 54
6094 28
5611 104
5920 24
6478 123
6478 124
6199 19
6199 20
6199 22
6114 66
6114 67
6114 68
6114 69
6379 64
6379 65
6379 66
6379 67
6105 96
6105 97
6105 98
6105 99
5340 36
5340 37
5340 38
5340 39
6349 72
6349 73
6285 12
6285 13
6285 14
6285 15
6467 0
6467 25
6467 27
6467 154
6404 123
6404 127
6548 50
6548 51
6548 52
6548 53
5906 44
5906 45
5906 46
5906 47
6641 0
6641 1
6641 2
6195 24
6195 25
6195 26
6195 27
6406 169
6406 170
6406 173
6406 174
5608 10
5608 11
6028 10
6028 11
6028 12
6028 13
6155 17
6155 18
6021 23
6162 4
6050 29
6050 52
6050 54
6055 41
6055 42
6055 43
6055 44
6173 61
6173 68
6173 69
6542 120
4952 46
4952 47
4952 48
4952 49
6487 113
6311 20
6311 21
6311 22
6311 23
5600 118
6199 158
6199 159
6199 160
6199 161
6180 15
6517 62
6517 63
6183 57
6183 58
6027 121
6027 124
5779 26
6594 36
6594 37
6594 38
6594 39
5061 13
5061 15
5061 16
5061 19
6324 70
6324 71
6324 72
6324 73
6666 83
6666 84
6666 85
6666 86
6440 59
6333 4
6333 5
6333 6
6333 7
6370 38
6370 39
6370 54
6370 55
6544 329
6544 330
6544 331
6544 332
6577 60
6577 61
6577 68
6577 69
6542 144
6542 145
6542 192
6542 193
6022 31
6676 84
6121 24
6121 25
6121 29
5605 12
5605 58
5146 62
5603 5
5603 6
5603 7
5603 8
6591 145
5985 4
6312 20
6312 21
6551 132
6551 133
6551 134
6551 135
5084 93
6468 87
6468 88
6468 89
6468 90
5095 112
5095 113
5095 114
6533 35
6533 37
6533 38
5454 85
5337 62
5337 63
5337 64
5337 65
6098 154
6098 156
6098 157
6098 158
6440 132
6285 80
6285 81
6285 82
6285 155
6569 8
6569 9
6065 72
6065 73
6065 74
6065 75
6663 127
6697 57
6605 125
6605 126
6605 127
6145 4
6145 5
6145 6
6145 7
5934 7
6110 189
6445 8
6540 7
6540 28
6100 213
6100 214
6100 215
6100 216
6443 22
6666 145
6666 146
6666 147
6666 148
5925 23
6667 30
6667 31
5363 0
5363 1
5363 2
5363 3
5044 0
6380 47
6380 48
6301 139
6301 140
6301 141
6301 144
6596 127
6460 19
6460 22
5933 30
5933 31
6571 187
6571 188
5782 72
5782 73
5782 74
5782 75
6205 39
6205 41
6205 42
6205 43
6092 43
6092 44
6092 45
6092 46
6571 55
6571 56
6231 64
6506 23
6366 55
6366 56
6366 57
6366 58
5774 79
5774 80
5774 81
5774 82
6565 128
6565 129
6565 130
6565 131
6583 102
6583 103
6583 104
6583 105
6621 39
6544 133
6544 134
6544 135
6544 137
6375 29
6687 143
6687 144
6687 145
6687 146
6596 166
6596 167
6596 168
6596 169
6564 228
6564 229
6645 18
6645 19
6645 20
6547 0
6547 1
6547 2
6547 3
5411 88
5411 89
5411 90
5411 91
6076 57
6183 94
5130 54
5130 55
6423 51
6423 52
6423 64
6423 67
6107 20
6107 21
6107 22
6107 23
6748 207
6001 34
6598 161
5204 47
6173 116
6173 125
6173 185
6173 201
6503 56
6503 57
6503 58
6503 59
6517 69
6690 24
6690 25
6216 64
6216 65
6216 66
6216 67
6114 152
6114 153
6114 154
6114 155
5364 29
5364 107
5437 79
5437 80
5437 81
5437 82
5614 23
5614 24
6628 8
6628 9
6666 7
6666 8
6666 9
6446 94
6348 143
6348 144
6348 145
6348 146
6282 12
6282 13
6149 12
6149 13
6149 34
6149 35
6358 63
6598 54
6598 55
6598 56
6423 181
6423 182
6423 183
6423 184
6022 63
5938 8
5938 9
5938 82
6143 10
6143 16
6143 17
6143 18
6227 0
6227 1
6227 2
6227 3
6564 76
6564 77
6564 139
6059 81
6059 88
6303 104
6162 105
6091 156
6091 159
6091 160
6091 162
6156 16
6156 17
6156 18
6156 19
6235 64
6235 65
6235 66
6235 67
5106 90
5106 94
5929 12
5929 13
6674 13
5455 90
5455 91
5455 92
5455 93
6401 15
5433 150
5433 151
5433 152
5433 153
6286 83
6286 84
6286 85
6286 86
6404 48
6404 49
6404 50
6404 51
6260 4
6260 5
6260 6
6260 7
6168 0
6168 1
6168 3
6168 4
6100 196
6100 197
6100 198
6100 199
6501 70
6501 71
6501 72
6501 73
6183 49
6183 50
6183 51
6183 52
6611 35
6611 36
6611 37
6611 38
6553 146
6553 147
6288 85
6288 86
6490 114
6490 115
6490 116
6490 117
6103 122
6103 123
6103 124
6103 125
6425 172
6425 173
6600 175
6600 176
6600 177
6600 178
6078 25
6078 28
6606 46
6606 47
6281 58
6281 59
6281 60
6286 164
6286 168
6286 172
6122 143
6122 144
6122 145
6122 146
6080 9
6080 10
6076 82
6076 84
6076 85
6076 88
6453 105
5782 84
5782 85
5782 86
5782 87
6381 192
6381 193
6381 194
6381 195
6011 29
6011 31
6663 183
6663 184
6663 185
6663 186
6314 109
6214 10
6214 11
6214 12
6214 13
6528 138
6528 139
6528 140
6528 141
6100 168
6100 169
6100 170
6100 171
6619 3
6619 7
6046 7
6305 51
6305 52
6305 53
6305 54
6506 71
6506 72
6506 73
6506 74
6007 39
6377 20
6377 21
6226 67
6226 68
6226 71
6226 72
6074 126
6074 127
6074 128
6074 129
6296 6
6149 26
6149 45
6149 49
6120 1
6120 4
6120 5
6059 103
6059 106
6059 107
6059 110
6058 154
6058 155
6058 156
6058 157
6549 55
6549 56
6549 57
6549 64
6198 94
6198 95
6529 57
6529 58
6552 24
6552 25
5891 41
5891 42
5891 43
5891 44
6689 57
6689 58
6420 35
6134 41
5002 23
6623 61
6074 138
6074 139
4958 20
4958 22
4958 23
4958 25
6058 163
6058 165
6058 166
6058 167
6118 108
6118 109
6118 110
6118 111
6544 266
6544 267
6544 268
6544 269
6668 74
6625 41
6176 159
6176 160
6176 161
6176 163
6487 73
6487 74
6487 75
6487 76
5079 2
6577 55
6577 56
6577 57
6577 58
6376 22
6376 23
6107 4
6107 5
6107 6
6107 7
6125 25
6125 26
6125 90
6125 91
6327 27
6327 28
6327 29
6327 30
6059 53
6059 54
6059 55
6059 56
6214 4
6214 5
6214 6
6214 7
6305 14
6305 15
6305 16
6305 17
6030 0
6030 1
6030 2
6030 3
6381 125
6381 126
6575 18
6575 19
5164 77
5164 78
5164 79
5164 82
6145 57
6145 58
6145 59
6145 60
6664 164
6664 165
6664 166
6664 167
6106 16
6106 17
6106 18
6106 19
5207 42
5207 43
5207 44
5207 45
6663 5
6663 6
6663 7
6663 8
6672 31
6672 32
6672 33
6672 34
6022 82
6022 104
6022 113
6022 124
6182 24
6182 25
6182 26
6182 27
6412 38
6412 39
6412 40
6412 41
6647 206
6647 208
6647 209
6647 225
6231 93
6231 94
6231 95
6231 96
6503 72
6503 73
6503 74
6503 75
6427 70
6427 71
6427 72
6427 73
6214 52
6115 74
6115 75
6115 76
6115 77
5994 43
5994 47
5994 48
6336 16
6336 17
6336 156
6336 159
6408 38
6630 103
6210 10
6210 11
6210 12
6210 13
5332 164
5332 165
5332 166
5332 167
5412 40
5412 41
5412 42
5412 43
6195 86
6195 87
6195 89
6195 90
4978 28
4978 31
6598 121
6598 122
6231 13
6231 35
6231 39
6231 43
6653 49
6653 50
6653 51
6653 52
6374 5
6374 6
6374 7
6374 8
5600 0
5600 1
5600 2
5600 3
6007 44
5376 44
5376 45
5376 46
5376 47
6065 80
6658 26
6658 27
6658 28
5625 62
6288 143
6288 144
6288 145
6288 146
6198 166
6198 167
6198 168
6198 169
6031 205
6031 218
6031 222
6139 79
6139 80
6139 81
6139 82
6299 22
6299 23
6299 24
6299 25
6162 79
6162 80
6162 81
6162 82
5084 77
6185 20
6185 21
6144 8
6144 9
6102 41
6102 42
6102 43
6102 44
6425 38
6425 41
6425 45
6425 46
5331 204
5331 205
5331 206
5331 207
6676 64
6676 65
6676 66
6676 67
6184 78
6184 79
6184 80
6184 81
6564 112
6564 113
6564 114
6564 115
6544 165
5419 52
6213 30
6213 31
5084 21
6614 93
6614 94
6614 95
6614 96
6640 13
6579 30
6579 31
6579 32
6579 97
5977 173
5977 176
5977 177
5977 178
6170 20
6170 21
6170 22
6170 23
6527 137
5084 104
5341 198
5341 199
6149 164
5966 94
5966 95
6560 24
6560 65
5015 5
6235 117
6194 3
6194 20
6194 31
6594 52
6594 53
6594 54
6594 55
6443 31
6323 107
6064 44
6064 45
6064 46
6064 47
6218 57
6218 58
6218 59
6218 60
6382 175
6506 128
6506 129
6506 130
6506 131
6076 81
6544 317
6544 318
6544 319
6544 320
5956 12
5956 13
5384 172
5384 173
5384 174
5384 175
6382 56
6382 57
6382 58
6382 59
6195 6
6195 8
6195 10
6195 12
5419 56
5419 57
5419 58
5419 59
5084 23
5966 187
5966 191
5966 204
6241 8
6241 9
6241 10
6241 11
6218 61
6218 62
6218 63
6110 66
6110 67
6110 69
6110 70
6562 73
6562 74
6562 75
6562 76
6198 65
6198 66
6198 67
6198 68
6280 134
6280 135
6280 136
6280 137
6420 98
5127 141
5127 142
5127 144
5127 145
5227 8
5227 43
6506 75
6506 76
5782 16
5782 17
5782 18
5782 19
5144 23
6036 12
6036 14
5597 67
6118 0
6118 1
6118 2
6118 3
6375 43
6375 67
6375 68
6375 69
6533 61
6533 62
6235 16
6235 17
6235 18
6235 19
6628 45
6111 61
6111 62
6111 63
6111 64
4967 31
4967 32
4967 33
4967 34
6688 79
6698 120
6698 121
6698 122
6698 123
6671 45
6671 46
6671 47
6671 48
5895 44
6027 94
6027 95
6027 98
6027 99
5146 16
5146 17
5146 18
5146 19
6371 30
6371 31
6091 51
6091 52
6091 57
6091 58
6506 181
6506 189
5166 24
5166 26
5166 27
5166 28
6125 68
5099 12
5099 13
5099 14
5099 15
6073 76
6073 77
6073 78
6073 79
5341 156
5341 157
5341 158
5341 159
6211 187
6211 188
6179 77
6179 78
6179 79
6179 80
6468 53
6468 54
6468 59
6468 60
6110 81
6110 82
6110 83
6110 205
5624 45
5624 46
5624 47
5624 48
5090 174
5090 175
5090 176
5090 177
6064 32
6064 33
6064 34
6064 35
6284 22
6284 23
6579 4
6579 5
5106 47
5106 125
6510 109
6510 110
6080 162
6080 165
6080 168
6080 169
6115 50
6115 51
6115 68
6115 69
6614 38
6614 39
6614 40
6614 41
6407 56
6407 57
6407 58
6407 59
6224 75
6224 76
6224 77
6031 42
6031 45
6031 87
6031 89
5935 90
5935 91
5935 92
5935 93
6123 5
6123 6
6123 8
6123 9
6680 138
6680 139
6680 140
6680 141
5087 31
6573 40
6573 41
6214 32
6214 33
6214 34
6214 35
6359 42
6359 44
6359 45
6359 46
5021 77
5021 78
5021 79
5021 81
6090 128
6090 129
6090 130
6090 133
6647 117
6647 118
6647 138
6647 139
6674 0
6684 8
6684 9
6684 10
6684 11
5084 59
6211 202
6211 203
6211 204
6211 205
6286 21
6286 22
6286 87
6286 91
6298 40
6298 41
6298 42
6298 43
5184 28
5184 49
6439 13
6439 15
6312 174
6388 62
6388 63
6312 132
6312 133
6312 134
6312 135
6314 153
6314 154
6598 134
6347 64
6347 67
6347 68
6347 69
5082 19
6564 122
6564 123
6564 124
6100 106
6100 107
6100 108
6100 109
6692 74
6692 75
6692 76
6692 77
6421 20
6216 18
6216 19
6216 20
6216 21
6170 30
6170 36
6170 37
6170 38
6590 4
6590 5
6590 6
6590 7
5388 56
5388 57
5388 60
5930 35
5930 36
5979 86
5979 87
5979 88
5979 89
6347 126
6347 127
6163 74
5617 13
5617 14
5617 15
5617 16
5151 30
5151 167
6647 219
6647 220
6647 221
6342 25
6342 26
5021 65
5021 66
5021 67
5021 68
6058 21
6058 22
6508 15
6508 18
6508 19
6508 23
6359 109
6359 110
6359 111
6359 112
5449 64
5341 134
5341 135
5341 136
5341 137
6301 142
6301 143
5207 127
5207 129
5207 130
5207 131
5996 55
5996 56
5996 57
5996 58
4971 68
4971 69
4971 70
4971 71
6664 246
6664 247
5948 56
5386 21
5386 22
5386 150
5386 153
6440 87
5933 186
5933 190
5933 210
5933 214
6211 89
6211 90
6211 91
6211 92
5204 139
5204 140
5204 142
5204 143
5769 48
5769 49
5769 50
5769 52
5338 31
6043 136
6043 137
6043 138
6043 139
6076 97
6076 108
6076 114
5029 111
5029 140
5029 142
6687 190
6687 196
6687 197
6687 198
5000 0
5000 1
5000 2
5000 3
4999 1
4999 4
4999 5
4999 8
5145 7
5145 23
5013 56
5013 57
5013 58
5013 59
5925 29
5925 93
6615 132
6615 133
6615 134
6615 135
6502 115
6502 130
6226 2
6226 3
6226 6
6226 7
6285 30
6285 32
6285 33
6285 34
6687 177
6687 178
6687 179
6687 180
6219 137
6219 138
6148 30
6148 31
6148 32
6148 35
5370 24
5370 25
5370 26
5370 27
6070 55
6070 58
6070 60
6070 61
5959 25
5959 26
6043 121
6043 122
6043 123
6043 124
6406 45
6406 144
6406 145
6406 148
5333 96
6151 58
6151 59
6151 88
6151 89
5013 128
5013 129
5013 130
5013 131
6173 15
6173 16
6173 17
6173 18
6529 4
6529 5
6529 6
6529 7
6308 24
6308 25
6308 32
6308 33
6118 196
6118 197
6118 198
6118 199
6138 30
6138 31
6138 32
6138 33
6308 0
6308 1
6303 15
5195 8
5195 9
5195 10
5195 11
5374 20
5374 21
5374 22
5374 23
6375 0
6375 1
6375 2
6375 3
5029 138
5029 139
5029 141
5029 143
5930 58
5930 59
6383 1
6383 5
6383 9
6383 26
6387 30
6387 31
6046 77
6046 78
6046 79
6046 80
6440 84
6567 6
6567 8
6567 9
6567 10
5384 92
5384 93
5384 94
5384 95
6408 22
6408 23
6408 26
6408 27
6344 15
6344 16
6344 17
6344 18
5929 8
5929 9
5929 10
5929 11
5344 0
5344 1
5344 2
5344 3
5384 140
5384 141
5384 142
5384 143
5906 60
5906 61
5906 62
5906 63
6230 8
6230 9
6230 10
6230 11
6325 28
6325 29
6325 36
6325 37
4975 49
4975 50
6462 57
6462 58
6462 91
6462 94
6280 123
6280 124
6571 69
6571 70
6571 71
6571 72
6698 33
6698 34
6698 35
6698 36
6190 110
6190 111
6102 89
6102 90
6102 91
6102 92
5449 16
5449 17
5449 19
5074 20
5074 21
5074 22
5074 23
5929 22
5929 23
5929 34
5929 35
5454 210
5454 211
5454 212
5454 213
5401 4
5401 5
5401 6
5401 7
5918 46
5918 47
5918 48
5918 49
6233 6
6140 21
6140 23
6140 24
6140 25
6313 40
6313 41
6313 42
6313 43
6353 25
6353 26
6460 29
5436 82
5436 88
5436 155
5212 1
5212 7
5212 8
5212 38
6110 128
6110 129
6110 130
6110 131
6549 87
6656 51
6656 52
6656 53
6656 54
6330 12
6330 13
5419 80
5419 81
5419 82
5419 83
6201 41
6201 42
6201 43
6201 44
6122 212
6282 74
6282 85
5417 0
5417 1
5417 2
5417 3
5095 12
5095 13
5095 14
5095 15
6698 31
6380 74
6380 75
6380 76
6380 77
6688 7
6688 8
6425 49
6425 50
6425 53
6425 54
6022 45
6157 29
6157 36
6157 37
6157 38
6664 14
6664 15
6664 16
6664 17
6666 159
6329 43
6329 44
6288 45
6288 46
6216 108
6216 109
6216 110
6216 123
6450 23
6450 24
6450 25
6450 26
6110 4
6110 5
6110 6
6110 7
4979 124
6323 56
6323 57
6323 58
6323 59
5227 39
5227 40
5227 42
6198 121
6198 125
6658 37
6658 38
6658 39
6658 40
5983 101
5983 104
5084 1
5946 8
5946 9
6325 9
6325 10
6325 14
6325 45
6362 39
6362 40
6362 41
6362 42
5145 4
5145 8
5145 11
5145 12
6663 102
6663 103
6663 104
6663 105
5947 20
5382 125
5382 126
5382 127
5382 128
6484 12
6484 14
6484 15
6623 53
6623 54
6623 55
6423 47
6671 37
6671 38
6671 39
6671 40
5339 64
5339 65
5339 66
5339 67
6047 4
6047 5
6047 6
6047 7
5769 66
5769 67
5769 68
5769 69
6139 13
6139 14
6139 18
6139 42
6563 63
6563 64
6563 65
6563 66
5616 16
5616 64
5616 93
5616 210
6080 114
6080 115
6080 116
6080 117
6647 130
6647 131
6647 132
6647 133
6098 148
6098 149
6098 150
6535 31
6144 0
6144 1
6144 2
6144 3
5456 36
5456 37
5456 38
5456 39
6563 104
6563 105
6563 106
6563 107
6680 122
6680 123
6680 128
6680 129
5942 5
6467 31
5408 30
5408 31
6388 20
6388 21
6572 192
6572 193
6572 194
6572 195
6440 168
6440 169
6440 170
6440 171
6176 105
6176 106
6176 107
6176 110
5933 36
5933 37
5933 38
5933 39
6092 61
6092 62
6092 63
6092 67
6606 8
6606 9
6508 47
6508 48
5948 13
5948 14
6692 19
6692 20
6692 21
6692 22
6101 12
6101 13
6101 14
6101 15
6540 58
6540 59
6540 60
6540 61
6676 59
6676 60
6676 61
6676 68
5095 64
5095 65
5095 66
5095 67
5914 126
5914 127
6023 8
6023 9
6443 18
6443 19
6443 20
6443 21
4969 69
4969 70
4969 71
4969 72
5034 88
5034 89
5772 0
5772 1
5772 2
5772 3
5179 140
5179 141
5179 142
5179 143
5353 28
5353 29
5353 30
5353 31
6562 122
6562 123
6562 124
6562 125
6056 30
6056 31
5084 129
5604 60
5604 61
5604 62
5604 63
5966 43
5966 44
5966 45
5966 46
5051 77
5051 78
5051 79
5051 80
6506 173
6506 174
6506 176
6506 177
6183 60
6183 61
6183 62
6183 63
5897 12
5897 13
5897 14
5897 15
6616 145
6616 146
6218 75
6218 76
6218 77
6218 78
6182 16
6182 17
6182 18
6182 19
6379 76
6379 79
5332 56
5332 57
5332 58
5332 59
6300 128
6300 129
6300 130
6300 131
5920 23
5920 25
5340 67
5340 68
4962 146
6305 8
6305 9
5169 154
5169 155
5169 157
5169 159
6303 18
6303 19
6303 20
6303 21
6606 32
6606 33
6606 34
6606 35
6480 119
6480 120
6412 113
6412 114
6412 115
6412 116
5891 164
5891 165
5891 166
5891 167
5155 67
5155 68
5155 69
5155 70
6191 62
6191 63
6575 75
6575 76
6575 77
6575 78
6444 26
6444 27
6444 28
6444 29
5227 9
5227 15
5227 16
6348 92
6348 93
5382 105
5382 106
5382 107
5382 108
6542 6
6542 8
6542 9
6542 10
6340 95
6340 160
6340 162
6340 163
5412 52
5412 53
5412 54
5412 55
5437 12
5437 13
5437 14
5437 15
5923 43
5923 44
5923 45
5923 46
6478 72
6478 73
5187 23
5187 24
5187 26
5187 27
6336 45
6336 46
6336 47
6336 48
5077 12
5077 13
5077 14
5077 15
6647 81
6647 82
6647 83
6647 84
6616 151
6616 152
6616 153
6616 154
6412 138
6412 139
5947 102
5947 103
5947 104
5947 106
6506 57
6506 64
6506 65
6506 66
6052 84
6052 88
5108 12
5108 13
5108 14
5108 15
6342 27
6342 28
6342 29
6568 4
6568 5
6568 6
6568 7
5340 104
5340 105
5340 106
5340 107
5779 16
5779 17
5779 19
5779 20
6441 73
6441 74
6441 75
6441 76
5966 138
5966 139
5966 140
5966 141
6052 90
6052 91
6052 92
6052 94
6078 43
6078 44
6078 56
6078 58
6195 11
6195 13
6195 14
6195 18
6319 27
6319 28
6319 29
6319 30
4982 113
4982 114
4982 115
4982 116
6130 1
6130 2
6130 3
6130 5
5361 158
5361 159
5361 160
5361 161
5187 154
5187 156
5187 157
5187 158
5361 28
5361 29
6332 115
6332 118
5051 182
5051 183
5051 184
5051 185
6321 88
6321 91
6321 92
6321 93
6083 12
6083 13
6083 14
6083 15
4979 12
4979 13
4979 14
4979 15
5436 32
5436 33
5436 34
5436 35
6690 93
6690 94
6690 95
6151 36
6151 37
6151 38
6151 39
5082 12
6123 42
6123 46
6123 49
6123 50
6548 122
6548 123
6649 117
6649 118
6649 119
5897 52
5897 53
5897 54
5897 55
6510 64
6510 65
6510 66
6510 67
6301 173
6301 174
6301 202
6588 47
6588 48
6588 49
6588 50
6490 106
6490 107
6490 108
6490 109
6410 190
5975 72
5975 73
6380 96
6380 97
6380 98
6380 100
6629 29
6629 30
6629 31
6147 48
6147 51
4997 14
4997 18
5198 5
5198 6
5198 7
5198 8
6226 24
6226 27
6226 28
6226 31
4961 16
4961 17
5154 124
6073 48
6073 49
6073 50
6073 51
6690 155
6690 156
6690 157
6690 158
6339 23
6339 24
6339 25
6339 26
6444 99
6444 100
6444 101
6444 104
5181 6
5181 9
6235 40
6235 41
6235 42
6235 43
6168 17
6168 19
6168 20
6168 21
6686 10
6686 11
6686 12
6686 13
6384 4
6384 5
6384 6
6384 7
6490 102
6490 103
6490 104
6490 105
6350 76
6350 77
6350 78
6350 79
6286 33
6286 34
6286 35
6286 36
6562 101
6562 102
6562 103
6562 150
6100 176
6100 177
6100 178
6100 179
6697 120
6697 121
6697 122
6697 123
5217 81
5217 82
5217 83
5217 84
6151 80
6151 81
6151 84
6151 85
6544 39
6544 40
6544 41
6544 42
6321 30
6321 43
6321 47
6122 207
6122 215
6387 18
6387 19
5102 64
5102 65
5102 66
6507 45
6507 46
6507 47
6527 211
6527 212
6527 213
6527 214
5923 0
5923 1
5923 2
5923 3
6199 150
6199 151
6199 152
6199 153
6211 85
6211 86
6211 87
6211 88
5998 3
5998 4
5998 5
5998 6
6683 109
6683 178
6683 179
6683 180
6387 64
6387 66
6387 67
6387 68
6114 140
6114 141
6114 142
6114 143
6631 64
6631 65
6631 66
6631 67
5455 24
5455 25
5455 26
5455 27
6639 49
6639 50
6639 51
6639 52
5051 122
5051 123
5051 124
5051 125
4955 0
4955 1
4955 2
4955 3
6614 30
6614 31
6614 32
6614 33
6441 26
6441 27
6441 28
6441 29
6078 39
6078 40
6078 42
6078 65
5339 102
5339 103
5339 104
5339 105
5942 11
5942 12
6158 0
6158 23
6407 0
6407 1
6407 2
6407 3
5436 114
5436 115
5436 116
5436 117
6113 118
6113 119
6113 120
6113 121
6157 41
6157 42
6157 43
6157 44
6280 146
6280 147
6280 151
6280 153
6121 50
6370 27
6370 28
6370 29
6370 31
5949 0
5949 1
5949 2
5949 3
6080 99
6080 100
6080 101
6080 102
6337 44
6337 45
6337 46
6655 0
6655 1
6655 2
6655 3
5983 84
5983 85
5983 86
5983 87
6462 42
6462 43
5589 40
5589 41
5589 42
5589 43
6666 185
6666 186
6666 187
6666 188
6551 43
6551 44
6380 43
6380 44
6380 45
6380 46
6427 136
6427 137
4952 99
4952 100
5051 45
5051 46
5051 47
5051 48
6376 78
6376 79
6376 80
6376 81
6288 160
6288 161
6288 162
6288 163
6426 60
6426 61
6426 62
6426 63
6058 23
6058 24
6058 72
6058 73
6350 54
6350 55
6350 57
5776 12
5776 13
5776 14
5776 15
6103 118
6103 119
6103 120
6103 121
5034 21
5034 22
5034 23
6347 70
6347 71
6347 72
6347 73
6090 122
6090 123
6090 124
6090 125
6383 33
6383 35
6383 36
6383 64
6460 4
6460 5
6460 9
6460 13
4969 61
4969 62
4969 63
4969 64
5905 10
5905 11
6563 140
6563 141
6563 142
6563 144
5399 20
5399 21
5399 22
5399 23
6572 167
6572 168
6572 169
6572 170
5418 153
5418 154
5418 155
5418 156
6080 62
6080 63
6080 64
6080 65
6191 70
6191 72
6191 74
6191 75
6238 6
6238 7
6238 8
6238 9
6145 73
6145 74
6145 75
6145 76
5090 8
5090 9
5090 10
5090 11
6285 73
6285 74
6285 75
6285 76
6281 14
6281 15
6281 16
6281 17
5929 24
5929 72
5929 73
5929 75
5386 59
5386 87
4979 8
4979 9
4979 10
4979 11
6095 0
6095 1
6095 2
6095 3
6565 99
6565 100
6565 101
6565 102
6168 56
6168 60
6168 81
5979 91
5979 92
5979 93
5235 69
5235 70
5235 71
5235 72
5397 55
5397 56
5397 57
5397 58
5187 159
5187 160
5187 161
5187 162
6314 4
6314 5
6314 6
6314 7
4977 55
4977 56
4977 57
6562 93
6562 94
6562 95
6562 96
6540 54
6540 55
6540 56
6540 57
5606 18
5606 19
5606 30
5606 31
6566 68
6566 70
6566 71
6566 72
6461 12
6461 17
6387 65
6387 69
6387 70
6387 73
6144 42
6144 43
6144 44
6144 45
5386 51
5386 104
5386 108
5386 175
6559 39
6559 40
6559 41
6559 42
5587 16
5587 17
5587 18
5587 19
6444 42
6444 43
6575 55
6575 56
6575 57
6575 58
5025 112
5025 113
5025 115
5025 116
5921 150
5921 151
5921 152
5921 153
6046 103
6046 104
6046 105
6046 154
5361 34
5361 35
5361 36
5361 37
5891 69
5891 70
5891 71
5433 38
5433 39
5433 40
5433 41
6457 185
6457 188
6457 189
6229 34
6229 38
6229 42
6229 44
5177 1
5177 6
5177 8
5177 10
6021 138
6021 139
6021 140
6021 141
6404 24
6404 28
6441 0
6441 4
6441 5
6441 9
6022 159
6022 173
5397 8
5397 9
5397 10
5397 11
6594 91
6594 92
6594 93
6594 119
6419 8
6419 11
6419 12
6419 13
5368 88
5368 89
5368 90
5368 91
5005 144
5005 145
5005 146
5005 147
6503 92
6503 93
6503 94
6503 95
5005 72
5005 73
5005 74
5005 75
6380 111
6380 112
5229 34
5229 35
5229 36
5229 37
6663 128
6663 129
6663 130
6663 131
6320 16
6320 17
6320 18
6320 19
6448 178
6448 179
6649 44
6649 45
6649 46
6649 47
5921 34
5921 35
5921 36
6223 18
6223 19
6223 20
6223 22
6642 111
6642 112
6642 113
6642 114
5894 117
5894 118
5894 119
5894 120
6031 159
6031 160
6031 161
6031 162
5086 74
5086 75
5086 76
5086 77
5332 64
5332 65
5332 66
5332 67
6425 43
6425 44
6425 174
6425 175
5183 0
5183 1
5183 2
5183 3
6642 5
6642 6
6642 8
6642 9
6748 104
6748 105
6748 106
6748 107
6482 28
6482 31
6281 124
6281 125
6281 126
6179 56
6179 57
6179 58
6179 59
5977 196
5977 197
5977 198
5977 199
5075 48
5075 49
5075 50
5075 51
6388 30
6388 31
6211 53
6211 54
6211 55
6211 68
6571 192
6571 194
6571 196
6571 197
6535 0
6535 1
6535 2
6535 3
6098 134
6098 135
6098 136
6098 137
6011 86
6011 87
6011 88
6011 89
5133 52
5133 53
5133 54
5133 55
5011 0
5011 1
5011 2
5011 3
5965 21
5965 24
5965 28
5624 55
5624 56
5624 57
5624 58
6190 6
6190 7
6190 10
6100 39
6100 40
6100 41
6100 43
5411 116
5411 117
5411 118
5411 119
5337 45
5337 46
5337 47
5337 48
4986 24
4986 60
6542 150
6542 151
6542 152
6542 153
6090 98
6090 99
6090 100
6090 101
6281 24
6281 25
6281 26
6281 27
6004 166
6004 167
6004 168
6004 169
5023 0
5023 1
5023 2
5023 3
5417 4
5417 5
6369 64
6369 65
6369 66
6369 67
5005 40
5005 41
5005 42
5005 43
6354 21
6354 22
6354 23
6354 24
5145 0
5145 1
5145 13
5145 14
6168 132
6168 133
6168 135
6168 136
5029 49
5029 50
5029 51
5029 52
6683 114
6683 115
6683 116
6683 117
4981 22
4981 23
4981 24
4981 27
5782 45
5782 46
5782 47
5782 48
6123 14
6123 15
6123 16
6123 17
5605 112
5605 113
5605 114
5605 115
6348 183
6348 184
6348 185
6348 186
5418 41
5418 42
5418 43
5418 44
5161 12
5161 13
5161 14
5161 15
6540 44
6540 45
6540 46
6540 47
5437 28
5437 29
5437 30
5437 31
5965 0
5965 2
5965 3
5965 4
5948 4
6448 189
6448 190
6448 191
5630 30
5630 31
5169 73
5169 78
5169 86
5169 146
6375 37
6199 194
6199 195
6199 198
6199 199
5436 0
5436 1
5436 2
5436 3
5959 40
5959 41
5959 42
4978 15
4978 16
4978 17
4978 18
6031 192
6031 193
6031 194
6031 195
5127 36
5127 37
5127 38
5127 40
5155 0
5155 1
5155 2
5155 3
6160 58
6160 59
6160 60
6160 61
6686 40
6686 41
6686 42
6686 43
6548 114
6548 115
6548 116
6548 117
5437 87
5437 88
5437 89
5437 90
4971 136
4971 137
4971 138
4971 139
5151 115
5151 119
5151 124
5151 176
5133 4
5133 5
5133 6
5133 7
6444 168
6444 169
6444 170
6444 171
6075 60
6075 61
6075 62
6075 63
5013 192
5013 193
5013 194
5013 195
5042 44
5042 45
5042 46
5042 47
6517 50
6517 51
6517 52
6517 53
6375 14
6375 15
6375 16
6375 17
6640 91
6640 92
6640 93
6640 94
5901 128
5901 129
5901 130
5901 131
6304 30
6304 31
6689 53
6689 54
6689 55
6689 56
5049 28
6401 53
6401 54
6401 55
5042 12
5042 13
5042 14
5042 15
6551 50
6551 51
6551 53
6551 54
6622 93
6622 94
6622 95
6622 96
5938 50
5938 51
5938 52
5938 53
5627 0
5627 2
5627 3
5627 4
5449 20
5449 21
5449 22
5449 23
6404 165
6404 166
6404 167
6404 168
5217 65
5217 66
5217 67
5217 68
6168 141
6168 142
6168 145
6168 146
6122 63
6122 64
6122 65
6122 66
5993 0
5993 1
5993 2
5993 3
5044 25
5044 26
5044 27
5044 28
5084 87
6533 133
6533 134
6533 135
6533 136
6195 15
6195 16
6195 17
6195 19
6183 6
6565 159
6565 168
5628 8
5628 9
5628 10
5628 11
5136 9
5136 10
5136 11
5136 12
5909 75
5909 79
6605 163
6605 166
6605 167
6605 170
4979 90
4979 92
4979 94
4979 95
6280 43
6280 44
6280 45
6280 46
6337 39
6337 40
6337 41
6337 42
6122 75
6122 76
6122 77
6122 78
5920 10
5920 11
5920 12
5920 13
5891 65
5891 66
5891 67
5891 68
5935 48
5935 52
5935 53
5935 55
6461 78
6461 79
6461 80
6461 81
5914 68
5914 69
5914 70
5914 71
5387 36
5387 37
5387 38
5387 39
6617 1
6617 2
6617 3
6105 36
6105 37
6105 38
6105 39
6371 32
6371 33
6371 34
6371 35
6004 158
6004 159
6004 160
6004 161
6502 15
6502 16
6502 17
6502 18
6329 10
6329 11
6329 12
6329 13
5617 1
5617 2
5617 3
5617 5
5197 21
5197 22
5197 23
5197 24
5179 221
5179 223
5179 224
5179 225
5930 26
5930 27
5930 28
5930 29
6680 95
6680 96
6680 97
6680 98
5930 92
6404 23
6404 25
6404 26
6404 56
6490 94
6490 95
6490 96
6490 97
5157 27
5157 71
5157 119
4981 38
4981 39
4981 40
4981 41
6528 55
6528 56
6528 57
6528 58
6084 0
6084 1
6084 2
6084 3
6375 84
6375 85
6375 86
6375 87
5921 106
5921 107
5921 108
5921 109
6114 112
6114 113
6114 114
6114 115
6324 121
6324 122
6324 124
6324 125
6404 135
6404 136
6404 147
6404 163
5588 168
5588 169
5588 170
5588 171
5095 60
5095 61
5095 62
5095 63
6356 157
6356 158
6356 159
6356 160
6303 168
6303 169
6303 176
6303 178
5418 82
5418 83
5418 84
5418 85
6336 22
6687 96
6687 97
6687 98
6687 99
6098 0
6098 1
6098 2
6098 3
6628 20
6628 21
6628 23
6628 24
6689 114
6689 115
6689 116
6689 117
6640 39
6640 40
6640 41
6640 42
6201 96
6201 97
6201 98
6201 99
6461 57
6461 60
6461 61
6340 64
6340 65
6340 66
6340 67
6199 39
6199 40
6199 41
6199 42
6410 163
6410 164
6410 165
6410 166
5182 10
5182 11
5182 32
5182 33
5055 12
5055 13
5055 14
5055 15
6444 72
6444 73
6216 15
5894 73
5894 74
5894 75
5894 76
5982 2
5982 6
5982 10
5982 13
6444 48
6444 52
6444 56
5071 48
5071 49
5071 50
5071 51
6663 47
6663 48
6663 76
6663 77
5602 16
5602 17
5602 18
5602 19
5449 92
5449 93
5449 94
5449 95
6122 79
6122 80
6122 81
6122 82
6313 31
6313 32
6313 33
6313 34
6211 104
6211 105
6211 106
6211 107
5935 59
5935 60
6440 96
5013 156
5013 157
5013 158
5013 159
6176 26
6176 27
6176 29
6176 31
6030 21
6030 70
6030 71
6030 74
6139 75
6139 76
6139 77
6139 142
6070 62
6070 63
6070 64
6070 65
6091 123
6091 124
6091 125
6091 126
6502 0
6502 1
6502 2
6502 3
6091 34
6091 35
6091 36
6091 37
5090 116
5090 117
5090 118
5090 119
6226 88
6226 89
6226 90
6226 91
5938 74
5938 75
5938 76
5938 77
6631 51
6631 52
6631 53
6631 55
6671 120
6671 121
6671 122
6671 123
6490 14
6490 15
6444 136
6444 137
6444 138
6444 139
6460 26
6460 27
6460 30
6460 31
6282 32
6282 33
6282 34
6282 35
5226 66
5226 68
5226 69
6683 218
6683 219
6683 230
6683 231
5013 172
5013 173
5013 174
5013 175
5214 9
5214 30
5214 60
5214 81
5619 47
5619 48
5619 49
5041 13
5041 14
5041 16
5041 17
5994 32
5994 33
5994 35
5079 7
5079 8
5079 9
5079 10
5625 94
5625 95
5625 96
5625 97
5134 9
5134 10
5134 11
5134 12
5441 60
5441 61
5441 62
5441 63
5602 58
5602 59
5602 60
5602 61
5894 12
5894 13
5894 14
5894 15
5616 83
5616 89
5616 90
5616 91
4977 33
4977 34
4977 35
4977 36
5433 130
5433 131
5433 132
5433 133
5431 4
5431 5
5431 6
5431 7
5982 42
5982 43
5982 44
5982 45
5125 20
5125 21
5125 22
5125 23
6076 21
6076 24
6076 25
6076 26
6668 0
6668 1
6668 2
6553 92
6553 93
6553 94
6553 95
6692 69
6692 70
6692 72
6692 73
6379 10
6122 168
6122 170
6122 171
6122 175
6216 76
6216 77
6216 78
6216 79
6640 155
6640 156
6640 157
6640 158
6573 0
6573 1
6573 2
6573 3
6384 15
6427 116
6427 118
6427 119
6427 120
5203 62
5203 63
5203 64
5203 65
6235 80
6235 81
6235 82
6235 83
5125 28
5125 29
5125 30
5125 31
5181 0
5181 1
5181 2
5181 7
6589 150
6589 151
6589 152
6589 153
6429 68
6429 69
6429 70
6429 71
6445 12
6467 52
6467 64
6467 65
6467 67
5911 22
5911 23
6553 161
6553 162
6553 164
6553 165
6748 38
6748 39
6748 40
6748 82
6410 50
6410 51
6410 52
6410 53
6686 73
6686 74
6686 75
5005 44
5005 45
5005 46
5005 47
6031 174
6031 175
6487 26
6487 27
6487 28
6487 90
5894 57
5894 58
5894 59
5894 60
5922 8
5922 9
5001 67
5001 69
5001 70
5001 71
6663 202
6663 203
6663 204
6663 205
6211 14
6211 15
6211 16
6211 17
6401 3
6401 11
6401 16
6401 20
6180 0
6180 1
6180 3
6180 5
5454 190
5361 19
5942 2
5942 6
5942 14
5942 18
6444 13
5397 39
5397 40
5397 41
5397 42
6589 5
6589 6
6589 7
6589 8
6194 0
6194 1
6194 4
6631 17
6631 18
6631 19
5091 17
5091 18
5091 19
5091 20
5332 87
5332 88
5332 89
5332 90
5906 157
5906 158
6110 25
6110 142
6615 116
6615 117
6615 118
6615 119
6681 19
6681 20
6681 21
6681 22
6423 34
6423 37
6423 38
4969 136
4969 137
4969 138
4969 139
5215 24
5215 25
5215 26
5215 27
4999 42
4999 43
4999 44
4999 46
6138 11
6138 12
6138 109
5201 61
6281 89
6281 90
6281 91
6281 92
6336 89
6336 90
6336 91
6336 92
5351 72
5351 73
5351 74
5351 75
6572 147
6572 148
6572 149
6572 150
5930 68
5930 69
5915 44
5915 45
5915 46
5915 47
6072 8
6072 9
6072 10
6072 11
5157 103
5157 104
5157 105
5157 106
5092 156
5092 157
5092 158
5092 159
6143 8
6143 9
6551 221
6551 230
5894 8
5894 9
5894 10
5894 11
6631 38
6631 46
5911 54
5911 55
5911 56
5911 76
5364 111
5339 40
5339 41
5339 42
5339 43
5614 19
5614 20
5614 21
5614 22
6022 34
6022 35
6022 36
6022 37
6031 139
6031 141
6031 142
6031 143
5078 0
5078 1
5078 2
5078 3
5169 136
5169 137
5169 138
5169 139
6480 26
6480 27
6480 28
6480 29
6281 39
6281 40
6281 41
6281 42
5418 57
5418 58
5418 59
5418 60
5013 48
5013 49
5013 50
5013 51
5392 0
5392 1
5392 2
5392 3
6563 61
6563 110
6563 112
6563 113
5339 18
5339 19
5339 20
5339 21
6566 6
6566 7
6566 8
6566 9
5031 86
5031 87
5031 88
5031 89
6021 85
6021 88
6021 95
6021 96
6551 194
6551 195
6551 196
6551 197
6630 107
6630 160
6630 161
6630 165
5427 8
5427 9
5427 10
5427 11
6318 74
6318 75
6318 76
6318 78
6423 8
6423 9
6423 10
6423 11
6565 24
6565 25
6565 26
6565 27
6375 19
6490 26
6490 27
6490 28
6490 29
6235 116
6563 134
6563 135
6563 136
6563 137
6489 120
6489 140
6489 141
6489 142
6207 9
6207 10
6027 10
6027 11
6027 12
6027 13
5597 22
5597 23
5597 24
5597 25
4979 20
4979 21
4979 22
4979 23
6448 174
6448 175
6448 176
6448 177
5914 28
5914 29
5914 30
5374 48
5374 49
5374 50
5374 51
4979 110
4979 111
4979 112
4979 113
6589 24
6589 28
6589 144
6589 159
6602 14
6602 15
6602 16
6602 17
6382 202
6382 203
6382 204
6382 205
5061 147
5061 148
5061 149
5061 151
6320 0
6320 1
6320 2
6320 3
4992 1
4992 2
4992 3
4992 4
6605 97
6605 98
6605 99
6605 100
5011 24
5011 25
5011 26
5011 27
6183 42
6183 43
6183 44
6183 45
6632 20
6632 21
6632 22
6632 23
6475 18
6475 19
6475 20
6475 21
6378 36
6378 37
6378 38
6378 39
5177 18
5177 20
5177 21
6366 4
6366 5
6366 6
6366 7
5606 36
5606 37
5606 38
6219 176
6219 177
6219 178
6219 180
6683 8
6683 9
6683 10
6683 11
6668 48
6668 49
6046 142
6046 143
6046 144
6046 145
5017 22
5017 23
5017 24
5017 25
6164 4
5185 9
5185 13
5185 64
5185 74
5191 106
6596 71
6596 72
6596 73
6596 74
6697 139
6697 140
6697 141
6697 142
6288 55
6288 56
6288 121
6288 122
6410 70
6410 71
6410 73
6410 74
5607 9
5607 10
5607 11
5607 13
5235 31
5235 32
5235 33
5235 34
6571 128
6571 129
6571 130
6571 131
6410 76
6410 77
6410 78
6410 79
6231 65
6231 67
6231 68
6231 69
6378 40
6378 41
6378 42
6378 45
5625 138
5625 139
5625 140
5625 141
6083 21
6083 22
6083 24
6083 25
6507 52
6507 53
6507 54
6507 55
6326 1
6326 2
6326 3
6326 5
5985 69
5985 70
5985 71
5985 72
6592 16
6592 17
6592 18
6382 74
6382 75
6382 76
6382 77
6611 4
6611 5
6611 6
6611 7
6616 27
6616 28
6616 35
6616 38
6437 1
6437 2
6437 3
6437 4
6577 51
6577 52
6577 53
6577 54
5127 61
5127 62
5127 63
5127 64
6680 112
6680 113
6680 114
6680 115
6506 33
6506 34
6506 35
6506 36
6602 22
6602 23
6602 24
6602 25
4969 86
4969 87
4969 88
4969 90
4957 94
4957 95
4957 96
4957 97
6748 132
6748 133
6748 134
6748 135
6605 0
6605 1
6605 2
6605 3
5607 8
5607 12
5607 16
5607 19
6640 27
6640 28
6640 29
6640 30
6659 25
6683 36
6683 37
6683 38
6683 39
5394 32
5394 33
5394 34
5394 35
6339 182
6339 183
6620 148
6620 149
6620 150
6620 151
6442 28
6442 36
6442 37
6205 94
6205 95
6684 12
6684 13
6684 14
6684 15
5404 4
5404 5
5404 6
5404 7
6214 24
6214 25
6214 26
6214 27
6233 39
6233 40
6233 41
6233 42
5966 53
5966 54
5966 55
5966 82
6007 118
6007 119
6007 120
6007 149
6173 166
6173 167
6173 168
6173 169
5077 32
5077 33
5077 34
5077 35
6358 73
6358 74
6358 77
6358 78
6410 64
6410 65
6410 68
6410 75
6633 42
6633 43
5361 196
5361 197
5361 198
5361 199
5611 38
5611 57
6157 88
6666 10
6666 11
6206 141
6206 142
6362 8
6362 9
6487 109
6487 110
6487 111
6487 112
6319 84
6319 85
6419 1
6417 45
6417 46
6417 49
6417 50
6288 118
6288 119
6288 120
6320 56
6320 57
6367 31
6367 32
6367 33
6367 34
5977 18
5977 19
5977 24
5977 28
6404 153
6404 154
6404 155
6404 156
6176 134
6176 175
6298 94
6298 95
6669 78
6669 80
6669 81
5093 185
5093 186
5093 187
5093 188
6387 94
6387 95
6026 78
6026 79
6026 80
6026 83
6286 142
6286 143
6286 144
6286 145
5146 2
6446 109
6446 110
6446 111
6446 112
5382 137
5382 138
5382 139
5382 140
6630 15
6092 77
6092 78
6092 79
6092 81
6021 34
6021 154
6021 155
6021 161
6448 170
6448 171
6448 172
6448 173
6490 110
6490 111
6490 112
6490 113
6123 116
6123 117
6123 118
6123 120
6381 23
6381 24
6381 26
6381 27
6616 167
6616 168
6616 169
6616 170
6121 41
6121 42
6121 44
6121 45
5990 48
5990 50
5990 64
5990 67
5157 112
5157 113
5157 114
5157 115
6596 95
6596 104
5154 43
5154 45
5154 49
5154 112
6125 70
6125 71
6125 72
6125 73
6163 54
6163 58
6163 66
6163 70
6219 168
6219 169
6219 170
6219 171
5364 160
5364 161
5364 208
5364 209
6343 58
6343 59
6343 60
6343 61
5164 52
5164 53
5164 55
5164 56
4967 9
4967 10
4967 11
4967 12
6201 4
6201 5
6201 6
6201 7
5106 44
5106 106
5106 174
6565 169
6565 170
6565 171
6565 172
6605 102
6605 103
6605 104
6605 106
5031 20
5031 21
5031 22
5031 23
5924 4
5924 5
5924 6
5924 7
4954 27
6205 24
6205 27
6205 31
6205 32
6285 125
6285 126
5910 50
5910 51
5910 52
5910 53
6647 14
6647 15
6647 16
6647 17
5968 14
5968 15
5968 16
5968 17
6003 4
6003 5
6003 6
6003 7
5947 25
5947 26
5947 27
5947 32
5451 2
5451 3
5451 4
5451 5
5605 23
5605 24
5605 25
5605 26
6457 192
6457 194
6457 195
6457 196
6100 217
6100 218
6100 219
6100 220
6096 36
6096 37
6096 38
6096 39
6190 8
6190 9
6190 12
6190 13
6442 8
6442 9
6572 205
6572 206
5203 88
5203 89
5203 90
5203 91
6453 106
6314 125
6314 127
6226 56
6226 57
6226 58
6226 59
6330 2
6535 195
6535 218
6535 222
5201 41
5036 9
5036 10
5036 14
5036 18
5201 3
5201 18
5201 27
5201 81
6138 13
6138 14
6138 15
6138 108
6528 32
6528 33
6528 34
6528 35
5616 150
5616 151
5616 152
5616 153
6288 128
6288 129
6288 130
6288 131
6121 8
6121 9
6121 10
6121 11
6194 23
6194 25
6194 26
6194 27
6350 116
6350 117
6350 118
6350 119
6521 74
6521 75
6521 86
6521 87
5433 110
5433 111
5433 112
5433 113
6360 64
6360 65
6360 66
6360 68
6540 22
6540 23
6540 24
6540 32
6566 35
6566 38
6566 65
6566 66
6658 8
6658 9
6658 10
6658 11
6371 10
6371 11
6371 12
6371 13
6173 64
6173 65
6173 66
6173 67
5351 12
5351 13
5351 14
5351 15
6122 115
6122 116
6122 117
6122 118
5625 171
5625 173
5625 174
5625 175
6387 40
6387 41
6387 53
6387 54
6375 70
6375 71
6375 72
6375 73
6003 8
6003 9
5187 217
5187 218
5187 219
5187 235
5154 22
5154 82
5154 147
5154 156
6441 40
6441 41
6441 42
6441 43
5933 4
5933 5
5933 6
5933 7
6358 48
6358 49
6358 50
6358 51
6123 96
6123 115
6123 132
6123 136
5151 17
5151 22
5151 137
5151 151
5968 10
5968 11
5968 12
5968 13
6355 45
6355 62
5075 56
6503 84
6503 85
6503 86
6503 87
6510 60
6510 61
6510 62
6510 63
6341 102
6341 103
6341 104
6341 105
6381 161
6381 162
6381 163
6381 164
5370 128
5370 129
5370 130
5370 131
6490 122
6490 123
6490 124
6490 125
5139 3
5139 4
5139 7
5139 8
6575 36
6575 37
6575 38
6575 39
6640 108
6640 109
4969 20
4969 21
4969 22
4969 23
5344 46
5344 47
5344 48
5344 49
5904 13
5904 14
5904 15
5904 16
6059 91
6059 94
6059 95
6173 21
6173 22
6173 146
6173 147
5153 54
5153 55
5153 59
5153 60
5005 16
5005 17
5005 18
5005 19
5977 16
5977 17
5189 6
5189 7
5189 8
5189 9
5983 93
5983 94
5983 95
5983 49
5983 51
5983 52
5983 53
5933 40
5933 41
5153 95
5153 97
5153 98
5153 99
6582 8
6582 9
6562 23
6562 24
6562 25
6562 26
6382 46
6382 48
6382 49
6382 50
6479 3
6479 4
6479 5
6479 6
5362 20
5362 21
5362 22
5362 23
6369 126
6369 152
6369 153
6369 154
6359 89
6359 90
6510 0
6510 1
6510 2
6632 47
6632 48
6632 49
6632 50
5600 63
6286 67
6286 68
6286 69
6286 70
6671 104
6671 105
6671 106
6671 107
6542 178
6542 179
6542 180
6542 181
5933 188
5933 189
5933 191
6615 0
6615 4
4999 66
4999 67
4999 70
4999 71
6599 18
6599 19
6599 63
5989 2
5989 3
5989 6
5989 7
6350 106
6350 107
6350 108
6350 109
6358 6
6358 9
6358 10
6358 11
6575 73
6575 74
6575 95
6575 96
6303 146
6303 147
6303 148
6303 149
5051 109
5051 110
5051 111
5051 112
6676 105
6676 106
6676 107
6139 64
6139 65
6139 66
6139 67
6608 15
6608 17
6608 18
6608 19
6098 89
6098 90
6098 91
6098 93
6343 119
6343 120
6343 121
6343 122
6592 12
6592 13
6592 14
6592 15
5201 132
5201 133
5201 134
5201 135
4983 9
4983 32
4983 39
4983 43
5394 36
5394 37
5394 38
5394 39
5946 80
5946 81
5946 82
5946 83
5411 96
5411 97
5411 98
5411 99
5340 4
5340 5
5340 6
5340 7
5192 8
5192 9
5192 10
5192 32
6680 91
6680 92
6680 93
6680 94
5963 13
5963 14
6347 115
6347 116
6347 117
6347 118
5134 4
5134 5
5134 6
5134 8
6377 0
6377 1
6377 3
6377 4
6336 49
6336 50
6336 51
6336 54
5589 16
5589 17
5589 18
5589 19
6631 2
5090 36
5090 37
5090 38
5090 39
4986 54
4986 55
4986 56
4986 57
5351 76
5351 77
5351 78
5351 79
5056 13
5056 14
5056 15
5056 16
4971 168
4971 169
4971 170
4971 171
5895 36
5895 37
5895 38
5895 39
6106 96
6106 97
6106 98
6106 99
6647 161
6647 162
6647 163
6527 193
6527 194
6527 195
6527 196
6318 105
6318 106
6318 107
6318 108
6140 27
6140 32
6140 34
6140 35
5364 200
5364 201
5375 28
5375 29
5375 30
5375 31
6118 172
6118 173
6118 174
6118 175
5237 16
5237 18
5237 19
5237 20
6503 108
6503 109
6503 110
6503 111
5157 35
5157 36
5157 37
5157 38
6367 8
6367 9
6367 13
6367 14
5144 0
5144 1
5144 2
5144 4
6631 101
6631 102
6631 103
6631 104
6478 90
6478 91
6478 92
6478 93
4969 4
4969 5
4969 6
4969 7
4957 41
4957 42
4957 43
4957 44
4998 64
4998 65
4998 66
4998 67
6639 45
6639 46
6639 47
6639 48
6100 33
6100 35
6100 37
6100 38
5933 90
5933 91
5933 92
5933 93
6348 91
6348 94
6348 95
6670 21
6670 22
6670 23
6670 24
6173 133
6173 135
6173 148
6173 149
5160 30
5160 31
5160 32
5160 36
5397 28
5397 29
5397 30
5397 31
5444 24
5444 25
5444 26
5444 27
6614 101
6614 102
6614 104
6600 165
6600 166
6600 167
6600 168
6478 58
6478 59
6671 49
6671 50
6671 51
6671 52
5368 112
5368 113
5368 114
5368 115
6478 128
6478 129
6478 130
6478 131
6052 52
5617 24
5617 29
5617 30
4983 17
4983 18
4983 23
6322 1
6322 2
6322 3
6322 5
6553 24
6553 41
6553 49
5454 55
5454 59
6298 61
6298 62
6298 63
6378 22
6378 23
6378 24
6378 25
5449 48
5449 49
5449 50
5449 51
6021 62
6021 63
6687 10
6687 11
6687 12
6687 13
6479 40
6479 41
6479 42
6479 43
6030 4
6030 5
6324 0
6324 1
6324 2
6324 3
6031 168
6031 169
6031 182
6031 183
5935 57
5935 58
6605 109
6605 110
6605 111
6605 112
5154 19
5154 55
5154 168
5154 176
6140 44
6140 45
6140 46
6140 47
6461 31
6461 36
6461 37
6305 10
6305 11
6305 12
6305 13
6457 69
6457 70
6457 71
6457 72
5093 32
5093 33
5093 34
5093 35
5331 22
5331 23
5331 24
5331 25
5078 24
5078 25
5078 26
5078 27
5437 151
5437 152
5437 153
5437 154
5933 42
5933 43
5933 44
5933 45
5985 192
5985 193
5985 196
5985 197
4999 20
4999 23
4999 24
4999 27
6199 178
6199 179
6199 181
6199 182
5106 46
5106 168
5106 172
5106 173
5233 120
5233 121
5233 122
5233 124
4987 24
4987 26
4987 28
4987 29
6748 192
6748 193
6748 194
6748 195
5169 47
5169 95
5169 97
4998 182
4998 185
4998 186
4998 187
6337 14
6337 36
6337 43
6337 50
6417 92
6417 93
6417 94
6417 95
6350 0
6350 1
6350 2
6350 3
5937 29
5937 30
5937 31
5937 32
6380 24
6380 25
6380 26
6380 27
6149 33
6149 37
6149 41
6149 42
6280 33
6280 34
6280 105
6280 106
6592 141
6592 142
6592 143
6592 144
6360 88
6360 89
6360 92
6360 93
5921 140
5921 141
5921 142
5921 143
6621 33
6621 34
6621 37
6621 38
5418 30
5418 65
5418 114
5418 115
6350 35
6350 36
6350 37
6350 38
6549 144
6549 145
6549 146
6549 147
6440 135
5155 122
5155 124
5155 125
5155 127
4999 68
4999 69
4999 72
4999 73
6323 36
6323 37
6323 82
6323 83
6668 88
6668 89
6668 90
5894 105
5894 106
5894 107
5894 108
6487 23
6487 24
6487 25
6487 29
5190 25
5190 26
5190 28
5190 29
6588 68
6588 69
6588 70
6588 72
5051 85
5051 86
5051 87
5051 88
4957 138
4957 139
4957 140
4957 141
6404 103
6404 104
6404 105
6404 106
6551 0
6551 1
6551 2
6551 4
5154 30
5154 61
5154 127
6356 34
6356 35
6356 36
6356 37
5055 64
5055 65
5055 66
5055 67
4952 12
4952 13
4952 14
4952 16
6315 24
6315 25
6315 26
6315 27
6213 12
6213 13
6213 14
6213 15
5000 69
5000 70
5000 71
5000 72
5456 44
5456 45
5456 46
5456 47
6406 116
6406 117
6406 118
6406 119
5940 17
5940 18
6417 112
6417 113
6417 114
6417 117
6533 163
6533 164
6533 165
6301 169
6301 170
6301 171
6521 128
6521 129
6521 130
6521 131
5024 24
5024 25
6642 18
6642 19
6630 40
6630 42
6369 32
6369 33
6369 34
6369 35
5000 4
5000 5
5000 6
5000 7
5364 154
5364 156
5364 158
5364 159
6565 44
6565 45
6565 46
6565 47
6118 148
6118 149
6118 220
6118 221
6572 88
6572 89
5034 61
5034 63
5034 66
5034 67
6176 207
6217 130
6425 107
6425 108
6425 110
6425 111
6354 37
6354 38
6354 39
6354 40
6369 10
6369 11
6369 12
6369 13
5432 8
5432 9
5432 10
5432 11
6191 26
6191 27
6191 28
6191 29
4962 29
4962 30
4962 31
4962 32
5127 32
5127 35
5127 45
5127 66
5092 108
5092 109
5092 110
5092 111
6565 4
6565 5
6565 6
6565 7
6379 91
6379 92
6379 93
6379 94
5433 86
5433 87
5433 88
5433 89
6381 8
6381 9
6381 10
6381 11
6548 4
6548 5
6548 6
6548 7
5985 175
5985 176
5985 200
5985 201
6540 62
6540 63
6000 17
6000 18
6000 19
6000 21
6440 102
6440 104
6314 65
6314 66
6314 69
6314 70
5601 6
5601 8
5601 9
5601 10
6614 136
6614 137
6614 139
6614 140
5384 132
5384 133
5384 134
5384 135
5078 28
5078 29
5078 30
5078 31
6138 42
6138 43
6138 44
6138 45
6506 182
6506 210
6506 212
6506 213
5605 32
5605 33
5605 37
5605 38
5894 101
5894 102
5894 103
5894 104
4969 132
4969 133
4969 134
4969 135
5925 151
5925 152
5925 156
5925 214
6147 40
6147 41
6147 44
6147 45
5774 99
5774 100
5774 101
5774 102
6683 100
6683 101
6683 102
6683 103
5597 50
5597 51
5597 52
5597 53
6382 154
6382 157
6382 158
6007 153
6007 155
6007 156
6007 161
6410 95
6410 96
6410 97
6410 98
5217 20
5217 21
5217 22
5217 23
5235 0
5235 29
5235 51
4986 5
4986 7
4986 32
4986 34
6549 90
6549 91
6549 92
6549 93
6691 12
6691 13
6691 14
6691 15
5153 11
5153 12
5153 13
5153 16
6090 106
6090 107
6090 108
6090 109
6552 72
6552 73
6552 74
6552 75
6563 92
6563 93
4958 0
4958 1
4958 2
4958 3
6216 133
6216 134
6216 135
6216 136
6668 40
6668 41
6668 42
6668 43
6168 47
6168 48
5394 44
5394 45
5394 46
5394 47
6528 51
6528 79
6528 81
6528 82
6339 30
6339 31
6339 32
6339 33
6046 23
6046 24
6046 25
6046 27
5059 36
5059 37
5059 39
5059 40
6503 112
6503 113
6503 114
6503 115
6121 73
6121 74
6121 75
6121 76
6043 150
6354 86
6354 87
6354 88
6354 89
5005 96
5005 97
5005 98
5005 99
6698 126
6698 132
6698 133
6698 134
5625 212
5625 213
4999 118
4999 120
4999 121
4999 122
5155 95
5155 96
5155 97
5155 99
4971 112
4971 113
4971 114
4971 115
5384 116
5384 117
5384 118
5384 119
5602 29
5602 56
5602 68
5602 92
6605 17
6605 18
6605 19
6605 20
6421 26
5969 24
5969 25
5969 32
5969 33
5412 48
5412 49
5412 50
5412 51
5169 28
5169 49
5169 153
5169 170
6535 141
6535 142
6535 144
6535 145
5605 65
5929 18
5929 19
5929 20
5929 21
6553 112
6553 113
6553 114
6553 115
5932 36
5932 37
5932 38
5932 39
6059 125
6059 126
6059 127
5925 63
5169 48
5169 50
5169 51
5169 52
5056 41
5056 42
5056 43
5056 44
5441 39
5441 53
5441 54
5441 55
5013 176
5013 177
5013 178
5013 179
5086 5
5086 6
5086 7
5086 8
5016 20
5016 21
5016 22
5016 23
5454 126
5454 127
6173 47
6173 48
6173 49
6173 50
4978 0
4978 1
4978 3
5454 87
5454 91
5454 105
5454 109
6425 10
6425 15
6425 22
5365 30
5365 31
6334 76
6334 79
6334 80
6334 81
6663 90
6663 91
6663 92
6663 93
6173 123
6173 124
6173 126
6173 127
5146 39
5146 40
5146 41
5146 42
6304 171
6304 172
6304 173
6304 174
5905 55
5905 56
5905 57
5905 58
6529 24
6529 25
6529 26
6529 27
5013 80
5013 81
5013 82
5013 83
5229 9
5229 10
5229 11
5229 12
6319 103
6319 104
6319 105
6319 106
6404 0
6404 1
6404 4
6404 5
6603 5
6603 6
6603 7
6603 8
6484 24
6484 25
6484 26
6484 27
6410 6
6410 27
6410 30
6410 105
5983 37
5983 39
5983 40
5983 41
6192 10
6192 11
6192 12
6192 13
5211 80
5211 81
5211 82
5211 83
5611 40
5611 55
5611 58
5611 59
5941 12
5941 13
5941 14
5941 15
5368 40
5368 41
5368 42
5368 43
6362 0
6362 1
6362 2
6362 3
5771 4
5771 5
5771 6
5771 7
6211 56
6211 57
6211 58
6211 59
5207 90
5207 91
5207 92
5207 93
6689 22
6689 23
6689 24
5411 92
5411 93
5411 94
5411 95
6687 120
6687 121
6687 128
6687 129
6453 35
6453 36
6453 37
6453 38
5108 44
5108 45
5108 46
5108 47
5362 14
5362 15
5362 16
5362 17
5187 128
5187 129
5187 130
5187 131
6388 18
6388 19
6379 33
6379 34
6379 35
6379 36
6544 150
6544 151
6544 152
6544 252
6616 115
6616 116
6616 117
6616 118
5084 136
6283 4
6283 5
6283 6
6283 20
5047 4
5047 14
6149 87
6149 89
6149 90
6149 91
5384 0
5384 1
5384 2
5384 3
4953 60
4953 61
4953 62
4953 63
6330 0
6669 1
6669 2
6669 3
6669 4
5386 81
5386 102
5386 105
5386 109
6218 96
6218 97
6218 98
6218 101
6195 47
6195 101
6195 103
6195 104
5205 0
5205 2
5205 3
5205 4
5087 28
6748 115
6748 116
6748 117
6748 118
6647 125
6647 126
6647 127
6593 0
6593 1
6593 2
6593 3
5214 14
5214 15
5214 16
5214 17
6487 47
6487 48
6487 51
6487 52
5019 9
5019 10
5019 11
5019 12
5087 12
6611 120
6611 121
6611 122
6611 123
4998 84
4998 85
4998 86
4998 87
6324 123
6324 139
6324 140
6324 147
6283 93
6283 94
6283 95
6283 96
6233 31
6233 32
6233 33
6233 34
6475 42
6475 43
6475 44
6475 45
6577 14
6577 15
6577 16
6577 17
6598 174
6598 175
6162 54
6162 55
6162 56
6162 57
6676 42
6676 43
6676 44
6676 45
5362 18
5362 19
5390 12
5390 13
5390 14
5390 15
6467 112
6467 113
6467 114
6467 115
6611 75
6611 76
6611 105
6611 106
5187 115
5187 116
5187 117
5187 118
5598 101
5598 102
5598 103
5598 104
5937 47
5937 49
6349 2
6349 3
6349 6
6349 7
6165 0
6165 1
6165 2
6165 3
6348 22
6348 23
6348 24
6348 25
6689 141
6596 144
6596 145
5779 6
5779 7
5779 8
5779 9
6226 17
6226 21
5060 68
5060 69
5060 70
5060 71
5135 0
5135 1
5135 2
5135 3
6121 62
6121 63
6634 58
6634 62
6634 63
6634 66
6577 74
6577 75
6577 76
6577 77
5607 94
5607 95
6224 0
6224 4
6224 12
6676 20
6676 21
6676 22
6676 23
6199 31
6199 32
6199 33
6199 34
5397 67
5397 68
5397 69
5397 70
5208 104
5208 105
5208 106
5208 107
6334 104
6334 106
6334 107
6334 108
6540 64
6540 65
6540 66
6540 67
6285 31
4982 26
4982 27
4982 29
4982 30
5606 26
5606 27
5606 28
5606 29
5016 72
5016 73
5016 74
5016 75
5617 53
5617 56
5617 57
5617 58
6571 8
6571 9
5334 40
5334 41
5334 42
5334 43
5215 38
5215 39
5215 40
5215 41
6691 8
6691 9
6691 10
6691 11
6218 43
6218 65
6218 66
6218 69
6412 20
6412 23
6412 24
6412 27
6375 32
6375 33
6375 34
6375 46
6549 100
6549 101
6549 102
6549 103
5106 35
5106 95
5106 97
5106 101
6371 50
6371 51
6371 52
6371 53
6406 86
6406 88
6406 90
6406 91
6336 174
6336 176
6336 177
6336 180
5451 10
5451 11
5451 12
5451 13
5588 208
5588 209
5588 210
5588 211
6406 54
6406 59
6406 61
6406 62
6688 32
6688 33
6688 34
6688 35
6483 120
6483 121
6483 122
6483 123
5988 4
5988 5
5988 6
5988 7
5201 136
5201 137
5201 138
5201 139
5203 58
5203 59
5203 60
5203 61
6065 36
6065 37
6065 38
6065 39
6356 30
6356 31
5433 0
5433 1
5433 2
5433 3
5600 155
5600 160
5600 165
5600 168
6417 100
6417 101
6417 102
6417 103
6603 72
6603 73
6440 50
6440 53
6440 114
6440 115
5124 16
5124 17
5124 18
5124 19
6114 88
6114 89
6114 90
6114 91
5106 185
5106 186
5106 187
5106 188
6382 146
6382 149
6382 173
6382 176
6616 123
6616 124
6616 125
6666 141
6666 142
6666 143
6666 144
6521 24
6521 25
6521 32
6521 33
5361 42
5361 43
5361 44
5361 45
5600 38
5600 39
5600 40
5600 41
6620 142
6620 143
6620 144
6620 145
6659 35
6659 36
6659 37
6659 38
6527 39
6527 59
6527 63
6527 64
5901 112
5901 113
5901 114
5901 115
6417 164
6417 165
6417 166
6417 167
6683 64
6683 65
6683 66
6683 67
4975 85
4975 86
4975 87
4975 88
5910 89
5910 90
5910 91
5910 92
6004 34
6004 35
6004 36
6004 37
6173 184
6173 186
6173 187
6173 188
5092 140
5092 141
5092 142
5092 143
6507 100
6507 101
6507 102
6507 103
6620 160
6620 161
6620 162
6620 163
6690 30
6690 31
6690 32
6690 33
5019 97
5019 101
5019 102
5019 103
6510 72
6510 73
6510 74
6510 75
6115 109
6115 110
6115 111
6115 112
5031 40
5031 41
5031 42
5031 43
6337 0
6337 1
6337 2
6337 3
5002 9
5002 10
5002 11
5002 12
6378 0
6378 1
6378 3
6058 5
6058 7
6058 8
6058 9
6635 0
6635 1
6426 64
6426 65
6426 66
6426 67
6344 23
6344 24
6344 25
6344 26
5418 45
5418 46
5418 47
5418 48
6589 13
6589 14
6589 15
6589 16
5897 0
5897 1
5897 2
5897 3
6552 84
5966 105
5966 106
5966 107
5966 108
6073 108
6073 109
6073 110
6073 111
5133 8
5133 9
5133 10
5133 11
6592 44
6592 46
6592 47
6592 48
5609 8
5609 9
4997 12
4997 15
4997 16
4997 17
4986 72
4986 74
4986 75
4986 77
6664 60
6664 61
6664 62
6664 63
6148 21
6148 22
6148 24
6148 25
6577 22
6149 52
6149 53
6149 56
6149 57
6303 0
6303 1
6303 2
6303 3
6149 73
6149 77
6149 80
6149 84
5078 69
5078 70
5078 71
5078 72
6114 168
6114 169
6114 170
6114 171
6382 71
6382 72
6382 73
6544 94
6544 95
6544 96
6544 97
6285 59
6285 60
5139 91
5139 92
5139 94
5139 95
5455 126
5455 127
5455 128
5455 129
6168 101
6168 102
6168 103
6168 104
6425 192
6425 193
6425 194
6425 195
6397 1
6397 5
6551 5
6551 6
6551 7
6551 8
5160 24
5160 26
5160 28
5160 29
5187 11
5187 167
6483 88
6483 89
6483 90
6483 91
5982 5
5982 7
5982 8
5982 9
5977 82
5977 83
5977 88
5977 116
5002 51
5002 52
5002 53
5002 54
5151 169
5151 212
5151 219
6367 23
6367 24
6367 25
6367 26
5093 129
5093 130
5093 131
5093 132
4952 38
4952 39
4952 40
4952 41
5918 36
5918 37
5918 38
5918 39
6670 16
6670 17
6670 18
6670 19
5349 24
5349 25
5586 113
5586 114
5586 115
5586 116
6090 8
6090 9
6090 10
6090 11
6671 130
6671 131
6671 132
6671 133
6230 47
6230 49
6230 50
6230 51
6084 9
6084 10
6084 11
6084 13
5087 2
5937 25
5937 26
5937 27
5937 28
6687 0
6687 1
6687 2
6687 3
6379 113
6379 114
6379 116
6092 57
6092 58
6092 59
6092 60
5909 63
5909 64
5909 65
5909 66
6160 17
6160 18
6160 19
6160 20
6139 84
6139 85
6139 86
6139 87
5361 179
6100 4
6100 34
6100 42
6100 55
5060 8
5060 9
5060 10
5060 11
6564 108
6564 109
6564 110
6564 111
5042 24
5042 25
5042 26
5042 27
6285 35
6285 36
6285 37
6285 38
6674 18
6674 19
6674 20
6674 21
5910 16
5910 17
5910 18
5910 19
5051 89
5051 90
5051 91
5051 92
5911 14
5911 15
5911 16
5911 17
6441 32
6441 33
6441 34
6441 35
6669 72
6669 73
6669 75
6669 76
6011 57
6011 61
6011 63
6052 64
6052 67
6052 68
6052 71
6596 27
6596 28
6566 34
6566 36
6566 64
6566 67
6406 56
6406 57
6406 58
6534 15
6534 18
6615 162
6615 163
6615 164
6615 165
6021 223
6021 228
6021 229
6619 0
6619 1
6619 2
6619 4
5922 0
5922 1
5922 2
5922 3
6589 84
6589 85
6589 86
6589 87
5419 12
5419 13
5419 14
5419 15
6052 81
6052 82
6052 85
6052 86
5384 168
5384 169
5384 170
5384 171
4982 47
4982 48
4982 49
4982 50
6180 47
6180 48
6180 49
6180 50
6329 27
6329 28
6329 29
6329 30
6440 128
6440 129
6440 130
6440 131
6563 74
6563 75
6563 76
6563 77
5616 65
5616 68
5616 69
5616 71
6318 101
6318 102
6318 103
6318 104
6303 88
6303 89
6303 90
6303 91
4952 58
4952 59
4952 60
4952 61
5217 8
5217 9
5217 10
5217 11
5337 215
5337 216
5337 217
5337 218
6446 119
6535 139
6535 140
5979 144
5979 145
5979 146
5979 148
5208 68
5208 69
5208 70
5208 71
5933 133
5933 134
5933 136
5933 137
6334 1
6334 2
6334 5
6334 6
6616 72
6616 73
6616 74
6616 76
5340 49
5340 50
5340 51
5340 52
6592 87
5349 4
5349 5
5349 6
5349 7
6299 44
6299 45
6299 46
6299 47
6502 23
6502 24
6502 25
6502 26
5419 0
5419 1
5419 2
5419 3
6382 179
6382 180
6503 0
6503 1
6503 2
6503 3
6695 13
6695 14
6695 15
6695 16
6417 71
6417 72
6417 73
6417 74
5095 84
5095 85
5095 86
5095 87
6184 0
6184 1
6184 4
6184 5
6282 44
6282 45
6282 46
6282 47
5204 57
5204 58
5204 59
5204 61
6102 97
6102 98
6102 99
6102 100
5630 32
5630 33
5630 34
5630 35
6300 38
6300 39
6300 50
6300 51
6412 147
5124 36
5124 37
5124 38
5124 39
5106 12
5106 76
5106 78
5106 82
5015 7
5015 8
5015 10
5015 11
6022 11
6022 138
6022 139
6022 141
6322 50
6322 51
6322 52
6322 53
6605 21
6605 22
6605 23
6605 24
6326 0
5906 24
5906 25
5906 26
5906 27
5036 40
5036 41
5036 42
5036 44
5946 32
5946 33
5946 35
5946 36
5418 53
5418 54
5418 55
5418 56
5588 8
5588 77
5588 78
5588 79
5456 20
5456 21
5456 22
5456 23
6383 30
6616 44
6616 45
6616 48
6616 79
4983 31
4983 33
4983 34
4983 35
5187 87
5187 88
5187 89
5187 90
6656 11
6656 12
6656 13
6656 14
6457 147
6457 148
6457 149
6457 150
6377 49
6377 50
5894 20
5894 21
5894 22
5894 23
6552 85
6298 21
6298 22
6298 23
6298 24
6690 122
6690 123
6690 124
6690 125
6224 21
6224 22
6224 23
6224 24
5332 12
5332 13
5332 14
5332 15
6630 16
6630 45
6630 46
6630 47
6609 26
6609 27
6609 28
6609 29
5778 32
5778 33
5778 34
5778 35
6231 109
6231 110
4978 6
4978 8
4978 9
4978 10
6501 12
6501 13
6501 14
6501 15
6438 6
6438 7
6438 8
6438 9
6218 94
5918 4
5918 5
5918 6
5918 7
6506 178
6506 179
6506 180
6506 209
6697 0
6697 1
6697 2
6697 3
6598 94
6598 95
6446 148
6446 149
6446 150
6446 151
6146 60
6146 61
6146 62
6146 63
5157 1
5157 2
5157 3
5157 4
5019 35
5019 38
5019 64
5019 98
6669 115
6669 116
5454 18
5454 24
5454 86
5454 171
5436 149
6650 4
6650 5
6650 6
6119 1
6226 101
6226 106
5396 44
5396 45
5396 46
5396 47
6101 40
6101 41
6101 42
6101 43
6478 8
6478 9
6334 21
6334 22
6334 25
6334 87
5143 43
5143 44
5143 45
5143 46
5983 57
5983 59
5983 60
5983 61
6649 40
6649 41
6649 42
6649 43
6025 61
6025 68
6025 69
6025 70
6642 4
6525 16
6525 17
6525 18
6525 19
5783 53
5783 54
5783 55
5783 56
6441 107
5034 30
5034 31
5034 32
5034 34
6190 63
6190 66
6190 79
6190 80
6090 150
6090 151
6090 152
6090 153
5339 52
5339 53
5339 54
5339 55
6441 36
6441 37
6441 38
6441 39
6055 56
6055 57
6055 59
6021 29
6021 30
6021 31
6528 75
5986 14
6336 98
6336 99
6336 100
6336 101
6542 227
6542 228
6542 229
6542 230
5037 1
5037 3
5037 4
5412 24
5412 25
5412 26
5412 27
6205 90
6205 91
6205 92
6205 93
5897 40
5897 41
5897 42
5897 43
5019 26
5019 27
5019 28
5019 29
6572 225
6572 226
6572 227
6572 228
6573 10
6573 11
6573 12
6573 13
6533 141
6533 142
5106 16
5106 20
5106 143
5106 147
6666 149
6666 150
6666 151
5370 0
5370 1
5370 2
5370 3
6299 64
6299 65
6299 66
6299 67
6606 22
6606 25
6606 26
6606 29
6506 183
6506 184
6162 157
6162 159
5154 31
5154 57
5154 79
5154 177
5179 183
6299 60
6299 61
6299 68
6299 69
6564 36
6564 37
6564 38
6564 39
6110 51
6110 52
6110 53
6110 54
6675 10
6675 11
6675 12
6675 13
5229 58
5229 59
5229 60
5229 61
5364 166
5364 167
5364 168
5364 169
5938 60
5938 61
5938 62
5938 63
4971 4
4971 5
4971 6
4971 7
6439 0
6439 1
6439 2
6439 3
5061 17
5061 21
5061 80
5061 146
6343 77
6343 78
6343 79
6343 80
5930 9
5930 10
5930 11
5930 12
6666 75
6666 76
6666 77
6666 78
6475 30
6475 31
6340 8
6340 9
6340 10
6340 11
5774 95
5774 96
5774 98
5351 65
5351 66
5351 67
5351 68
6551 202
6551 203
5331 32
5331 33
5331 34
5331 35
5087 17
6480 115
6480 116
6480 117
6480 118
6748 144
6748 145
6748 146
6748 147
5611 37
5611 41
5611 42
5611 43
6611 22
6611 23
6611 24
6611 26
6598 79
5036 45
5036 46
5036 48
5036 49
6506 17
6506 18
6506 20
6506 21
6301 80
6301 81
5593 4
5593 5
5593 6
5593 7
6619 18
6619 19
6619 20
6619 21
6179 73
6179 74
6179 75
6179 76
5455 74
5455 75
5455 76
5455 77
6650 7
6650 8
6650 9
6650 10
6507 163
6507 164
6507 165
6507 166
6314 121
6314 122
6501 60
6501 61
6501 62
6501 69
6692 96
6692 97
6692 98
6692 99
5059 10
5059 12
5059 13
5059 14
5904 42
5904 43
5904 44
5904 45
5204 78
5204 79
5204 81
5204 83
6383 13
6383 21
6319 80
6319 81
6319 82
6319 83
6182 84
6182 85
6182 86
6182 87
5084 79
6324 115
6324 116
6324 118
6324 119
6429 49
6429 50
6429 51
6429 52
5362 24
5362 25
5362 26
5362 27
5151 78
5151 79
5151 142
5151 147
6285 144
6285 145
6285 146
6285 147
5911 0
6352 10
6352 11
6352 12
6352 13
6480 133
6480 135
6480 136
6480 137
6412 84
6412 85
6412 86
6412 87
6521 5
6521 9
6521 10
6521 12
5214 75
5214 76
5214 77
5214 78
6007 16
6007 17
6007 18
6007 19
5386 20
5386 63
5339 0
5339 1
5339 2
5339 3
6566 51
6566 55
6121 31
6121 39
5385 124
5385 125
5385 126
5385 127
5611 88
5611 96
5611 97
5611 100
4977 1
4977 2
4977 3
4977 4
6303 60
6303 61
6303 62
6303 63
6506 67
6506 68
6506 69
6506 70
6303 29
6313 63
6592 61
6592 62
6592 123
6592 124
5393 20
5393 21
5393 22
5393 23
6362 43
6362 44
6362 45
6362 46
5146 59
5966 208
5966 209
5966 210
5966 211
6467 68
6467 69
6467 71
6467 72
6690 16
6690 17
6690 18
6690 19
6354 136
6354 137
5013 168
5013 169
5013 170
5013 171
6423 0
6423 1
6423 2
6423 3
5021 27
5021 28
5021 29
5021 30
6478 145
6478 146
6478 147
6478 148
5385 188
5385 189
5385 190
5385 191
5337 120
5337 121
5337 122
5337 123
6412 134
5031 107
5031 108
5031 109
5031 110
6594 60
6594 61
6594 62
6594 63
5901 54
5901 55
5901 56
5901 58
6431 75
6431 76
6431 77
6431 78
5136 55
5136 56
5136 57
5136 58
5404 25
5404 26
5404 27
5404 28
6387 74
6387 77
6387 78
6387 81
6549 8
6549 9
6549 10
6549 11
6173 161
6173 162
6173 163
5146 52
5146 54
5146 57
5146 61
6023 4
6023 5
6023 6
6023 7
5351 24
5351 25
5351 26
5351 27
5016 32
5016 33
5016 34
5016 35
6631 25
6631 26
6631 27
6631 60
5061 60
5061 61
5061 126
6535 32
6535 33
6535 34
6535 35
5143 5
5143 6
5143 7
5143 8
6320 44
6320 45
6320 46
6320 47
5936 5
5936 13
5387 0
5387 1
5387 2
5387 3
5586 125
5586 126
5586 127
5586 128
6344 9
6344 10
6344 21
6344 22
5170 6
5170 8
5170 9
5170 11
5912 8
5912 9
5912 10
5912 11
5603 4
5603 11
5603 16
5603 17
5331 26
5331 27
5331 28
5331 29
5204 133
5204 134
5204 135
5204 138
6031 84
6031 86
5005 20
5005 21
5005 22
5005 23
5154 18
5154 51
5154 60
6334 65
6334 66
6334 69
6334 70
6427 74
6427 75
6427 76
6427 77
5106 26
5106 30
5106 110
5106 151
5029 191
6205 58
6205 59
6205 60
6205 61
5001 81
5001 82
5001 83
5001 84
5625 4
5625 5
5625 6
5625 7
5056 9
5056 10
5056 11
5056 12
6366 43
6366 44
6366 45
6366 46
6338 19
6338 20
6338 82
6338 85
6408 20
6408 33
6408 34
6408 37
6369 30
6369 31
5625 130
5625 131
5625 132
5625 133
6425 83
6425 84
6425 85
6425 86
6138 64
6138 65
6138 66
4955 96
4955 97
4955 98
4955 99
5609 10
5609 11
5609 12
5609 13
6332 72
6332 73
6332 76
6332 77
6382 80
6382 81
6382 82
6382 83
5333 40
5333 41
5333 42
5333 43
6321 23
6321 33
6321 34
6321 35
6633 45
6633 46
5191 97
5191 98
5191 99
5191 101
5986 4
5986 5
5986 6
5986 7
5771 54
5771 55
5771 56
5771 57
6118 164
6118 165
6118 166
6118 167
5938 64
5938 65
5938 66
5039 18
5039 19
5039 20
5039 21
5092 84
5092 85
5092 86
5092 87
6340 179
6340 180
6340 181
6340 182
6355 27
6506 99
6506 100
6506 101
6506 102
5966 166
5966 167
5966 169
5966 170
6063 20
6063 21
6063 22
6063 23
5217 73
5217 74
5217 75
5217 76
6163 25
6163 26
6163 37
6163 38
6058 52
6058 53
6362 114
6362 115
6362 116
6362 117
5212 23
5212 24
5212 25
5212 26
5235 16
5235 19
5235 20
5235 21
6362 86
6362 87
6362 88
6362 89
5208 4
5208 5
5208 6
5208 7
6598 10
6598 11
6598 12
6598 13
6572 53
6572 54
6572 55
5108 36
5108 37
5108 38
5108 39
6145 51
6145 52
6605 113
6605 115
6605 117
6605 118
6533 153
6533 160
6533 161
6533 162
6022 174
6022 175
6148 12
6148 13
6148 40
6148 41
5371 53
5371 54
5371 55
5371 56
5616 11
5616 13
5616 14
5616 138
5147 2
5147 42
5147 43
5147 46
5611 89
5611 90
5611 91
5611 92
6427 78
6427 79
6427 90
6427 91
6633 2
6633 3
6633 4
6633 6
6564 0
6564 1
6564 2
6564 3
6527 128
6527 129
6527 130
6527 131
4979 100
4979 101
4979 102
4979 103
5442 8
5442 9
6619 68
6619 69
6619 70
6619 71
5011 4
5011 5
5011 6
5011 7
5191 43
5191 44
5191 45
5191 46
6547 33
6547 34
6547 35
6547 36
6527 112
6527 113
6319 53
6319 54
6319 55
6319 56
5036 27
5036 28
5036 29
5036 31
6440 121
6440 122
6440 123
6440 124
5961 89
5961 90
5961 102
5961 103
6095 4
6095 5
6095 6
6095 7
6565 156
6565 157
6565 158
5205 1
5205 6
5205 7
5205 15
6697 75
6697 76
6697 77
6697 78
5977 119
5977 150
5977 151
5977 152
6160 31
6160 32
6160 33
6160 34
5985 12
5985 13
5985 15
5985 16
5619 38
5619 39
5619 40
5619 41
6549 104
6549 105
6549 106
6549 107
6343 55
6343 56
6343 57
6343 64
6350 31
6350 32
6350 33
6350 34
5946 65
5946 69
5946 72
5946 73
6666 114
6666 115
6666 116
6666 117
6453 63
6453 64
6453 65
6453 66
6332 89
6332 90
6332 91
6332 93
6091 16
6091 18
6091 19
6091 20
6614 85
6614 86
6614 87
6614 88
5982 50
5982 51
5982 52
5982 53
5894 28
5894 29
5894 30
5894 31
5408 28
5408 29
4971 36
4971 37
4971 38
4971 39
6446 200
6446 201
5396 5
5396 6
5396 7
5396 8
6680 134
6680 135
6680 136
6680 137
5915 107
5915 108
5915 109
5915 110
6153 53
6153 54
6153 55
6153 56
6354 55
6354 56
6354 57
5337 148
5337 149
5337 160
5337 161
6698 139
6698 140
6698 141
6698 142
6216 44
6219 90
6219 91
6219 92
6219 93
6026 31
6026 32
6026 33
6026 34
5146 21
5146 23
5146 24
5146 25
5143 25
5143 26
5143 27
5143 28
6118 130
6118 131
6118 132
6118 133
6563 40
6563 41
6563 42
6563 89
6423 102
6423 103
6423 104
6423 105
6354 58
6354 59
6354 60
6354 61
5341 128
5341 129
5341 150
5341 151
6462 30
6462 31
6462 32
6462 33
5445 8
5445 9
5445 10
5445 11
5092 76
5092 77
5092 78
5092 79
6341 82
6341 83
6341 84
6341 85
6343 65
6343 66
6343 67
6343 68
6266 15
5154 40
5154 42
5154 92
5154 125
5370 12
5370 13
5370 14
5370 15
6043 163
6043 165
6043 166
6043 167
5783 120
5783 121
5783 122
5783 123
6382 156
6382 159
6426 12
6426 13
6426 14
6426 15
5361 98
5361 99
5361 120
5361 121
6323 101
6323 102
6323 103
6323 104
5588 84
5588 85
5588 86
5588 87
6446 192
6446 193
6446 194
6446 195
6162 62
6162 63
6162 64
6162 65
5911 72
5911 73
5911 74
5911 75
5204 17
5204 18
5204 20
5204 21
5364 41
6387 179
6387 180
5368 96
5368 97
5368 98
5368 99
5179 213
5179 214
5179 215
5179 216
6098 109
6098 110
6098 111
6098 112
5089 4
5089 5
5089 6
5089 7
5092 160
5092 161
5092 162
5092 163
6634 64
6634 65
6634 79
6634 80
5412 72
5412 73
5412 74
5412 75
6341 0
6341 1
6341 2
6341 3
6665 23
6429 0
6429 1
6429 2
6429 3
6340 173
6340 174
6340 175
6340 176
5449 88
5449 89
5449 90
5449 91
4992 61
4992 62
4992 63
4992 64
5233 135
5233 136
5233 138
5233 142
6534 49
6227 27
6227 28
6227 29
6227 30
6525 23
6226 138
6226 139
6226 140
6226 141
6596 43
6596 44
6596 45
6596 46
6437 10
5190 17
5190 18
5190 19
5190 20
5019 68
5019 69
5019 70
5019 71
6619 41
6619 42
6619 43
6619 44
5177 25
5177 26
5177 28
5177 29
6571 97
6571 98
6571 101
6571 102
6144 30
5203 13
5203 14
5203 15
5203 17
5151 40
5151 101
5151 202
5151 204
6211 81
6211 82
6211 83
6211 84
6349 8
6349 9
6349 12
6349 13
5604 16
5604 17
5604 83
5604 86
6350 138
6350 139
6350 140
6350 141
5179 100
5179 101
5179 102
5179 103
5896 52
5896 53
5896 54
5896 55
5086 87
5086 88
5086 89
5086 90
5216 60
5216 61
5216 62
5216 63
5146 50
5215 8
5215 9
5215 10
5215 11
6605 64
6605 65
6605 66
6605 67
5139 64
5139 68
5139 72
5139 76
5384 200
5384 201
5384 202
5384 203
5782 140
5782 141
5782 142
5782 143
6303 166
6303 167
6303 192
6303 194
6412 92
6412 93
6412 94
6412 95
5454 14
5454 20
5454 82
5454 145
6510 54
6510 55
5108 8
5108 9
5108 10
5108 11
6197 17
6197 19
6197 20
6197 21
5099 68
5099 69
5099 70
5099 71
6339 68
6339 69
6339 70
6339 143
6301 186
6301 187
6301 188
6301 189
4969 12
4969 13
4969 14
4969 15
6163 60
6163 61
6163 63
5179 44
5179 45
5179 46
5179 47
6655 26
6217 77
6217 78
6217 79
6217 80
5341 18
5341 19
5341 20
5341 21
6588 61
6588 62
6588 63
5616 128
5616 130
5616 131
5616 132
6572 189
6572 196
6572 197
6073 60
6073 61
6073 62
6073 63
6619 10
6619 11
5419 100
5419 101
5419 102
5419 103
5124 44
5124 45
5124 46
5124 47
6467 56
6467 57
6467 58
6467 60
6608 20
6608 24
6608 28
6608 33
5604 100
6440 8
6440 9
6490 68
6490 69
6490 70
6490 71
6100 7
6100 8
6100 9
6100 10
6423 74
6423 75
6423 76
6423 77
5170 23
5170 24
5170 25
5170 26
5783 103
5783 104
5783 105
6548 106
6548 113
6173 106
6173 107
6173 108
6606 64
6606 65
6606 66
6606 67
5769 12
5769 13
5769 14
5769 15
4997 8
4997 9
4997 11
4997 13
6064 16
6064 17
6064 18
6064 19
5084 98
6461 1
6461 2
6461 5
6461 6
6176 137
6176 164
6176 197
6176 203
6123 54
6123 57
6123 61
6123 62
5404 20
5404 45
5404 46
5404 47
5976 10
5929 94
5929 95
6122 155
6122 156
6122 157
6122 158
6339 20
6339 21
6339 22
6339 132
6332 81
6332 82
6332 85
6332 86
6649 78
6649 79
6649 90
6649 91
6596 111
6596 112
6596 113
5138 4
5138 5
5138 6
5138 7
6640 24
6640 25
6640 26
5774 40
5774 41
5774 63
6183 17
6183 18
6183 29
6183 30
6021 24
6616 128
6616 129
6616 131
6616 132
5616 195
5616 196
5616 200
5616 213
5404 16
5404 17
5404 18
5404 19
6162 5
6162 6
6162 7
6162 8
6149 138
6149 139
6149 140
6149 141
6666 122
6666 123
6666 124
6583 61
6583 63
6583 64
6327 34
6327 35
6327 36
6327 37
6634 95
5216 41
5216 59
5216 83
5216 85
6375 20
5901 16
5901 17
5901 18
5901 19
5418 4
5418 5
5418 6
5418 7
6438 14
6438 15
6438 25
5203 48
5203 49
5203 50
5203 51
6308 22
6308 23
5921 78
5921 79
5921 110
5921 111
6687 191
5983 32
5983 33
5983 35
5983 36
6589 136
6589 137
6589 138
6589 140
5341 106
5341 107
5341 108
6076 33
6076 38
6076 90
6076 98
5204 51
5204 52
5204 53
5204 55
6687 111
6687 112
6687 113
6687 114
6358 15
6358 16
6358 17
6358 18
6106 52
6106 53
6106 54
6106 55
6602 35
6602 36
6602 37
6602 38
5598 89
5598 90
5598 91
5598 92
5370 68
5370 69
5370 70
5370 71
6596 100
6596 101
6596 102
6596 103
4971 16
4971 17
4971 18
4971 19
6362 72
6362 73
4962 8
4962 9
4962 10
4962 11
6564 170
6564 175
6564 179
6564 180
6521 26
6521 27
6521 28
6521 29
6078 66
6078 75
6444 160
6444 161
6444 162
6444 163
5977 202
5977 203
5977 204
5977 205
5454 17
5454 22
5454 148
5454 149
6407 112
6407 113
6407 114
6407 115
5197 0
5197 1
5197 2
5197 3
6632 59
6632 60
6632 62
6632 63
5624 67
5624 68
5624 69
5624 70
6614 18
6614 19
6614 20
6614 21
5044 108
5044 109
5044 110
5145 9
5145 10
5412 56
5412 57
5412 58
5412 59
6546 20
6546 21
6546 22
6546 23
5925 28
6600 93
6600 94
6600 95
5084 29
6374 9
6312 120
6312 121
6312 122
6312 123
6348 88
6348 89
6348 124
6348 125
6080 17
6080 18
6080 19
6080 20
5091 58
5091 59
5091 60
5091 61
6201 80
6201 81
6201 82
6201 83
6542 14
6542 15
6542 18
6542 19
5333 36
5333 37
5333 38
5333 39
5157 61
5157 62
5157 63
5157 64
6160 62
6160 63
6160 67
6338 86
6338 88
6338 89
6338 90
6655 4
6655 5
6655 6
6655 7
6347 7
6347 96
6347 98
6347 173
6206 18
6206 19
6206 20
6206 21
6510 84
6510 85
6510 86
6510 87
6423 98
6423 99
6423 100
6423 101
5604 13
5604 14
5604 18
5604 19
6151 47
6151 51
6151 54
6151 55
5403 20
5403 21
5403 22
5403 23
6110 16
6110 17
6110 18
6110 19
6007 148
6007 150
6007 151
6007 152
5937 33
5937 34
5937 35
5937 36
6001 30
6001 31
6614 26
6614 27
6614 28
6614 29
6457 53
6457 54
6457 55
6457 56
6417 80
6417 81
6417 82
6417 83
6145 8
6145 9
6176 123
6176 125
6176 127
5384 48
5384 49
5384 50
5384 51
6605 91
6605 92
6605 95
6356 20
6356 21
6356 22
6356 23
5901 108
5901 109
5901 110
5901 111
4955 124
4955 125
4955 126
4955 127
6460 2
6460 3
6460 6
6460 7
5782 92
5782 93
5782 94
5782 95
5617 23
5617 25
5617 26
5617 31
5454 12
5454 81
5454 143
5454 147
6461 29
6461 30
6070 9
6070 10
6070 11
6070 12
6542 90
6542 91
6564 97
6564 98
6564 99
6564 100
5611 3
5611 4
5611 5
5611 6
5382 173
5382 174
5382 175
5382 176
5391 0
5391 1
5391 2
5391 3
6376 55
6376 58
6376 59
6376 62
6572 145
6572 146
6572 179
6572 180
5216 49
5216 50
5216 51
5216 55
6535 36
6535 37
6535 38
6535 39
6070 95
6070 96
6070 97
6070 98
5956 9
5956 10
5956 11
5925 96
5925 97
6382 200
6382 201
5614 14
5614 25
5614 26
5614 27
5375 4
5375 5
5375 6
5375 7
4971 184
4971 185
4971 188
4971 189
6577 4
6577 5
6577 6
6577 7
6622 101
6622 102
6622 103
6672 14
6672 15
6672 16
6672 17
5344 4
5344 5
5344 6
5344 7
5161 0
5161 3
5161 5
5161 18
6457 108
6457 109
6457 110
6457 111
5179 88
5179 89
5179 90
5179 91
6300 104
6300 105
6300 106
6300 107
6605 27
6605 28
6605 29
6605 36
6691 0
6691 1
6691 2
6691 3
6382 104
6382 105
6382 106
6382 107
6580 2
6580 3
6580 4
6580 5
5385 32
5385 33
5385 34
5385 35
5179 32
5179 33
5179 34
5179 35
6348 171
6348 172
6348 173
6348 174
5093 40
5093 41
5093 42
5093 43
6412 131
6412 135
6614 8
6614 9
6339 90
6339 92
6339 98
6339 104
6173 35
6173 36
6173 37
6173 38
6146 27
6146 28
6146 29
6146 36
6551 178
6551 179
6551 180
6551 181
5896 20
5896 21
5896 22
5896 23
6101 64
6101 65
6101 66
6101 67
6280 94
5059 62
5607 62
5607 63
5384 76
5384 77
5384 78
5384 79
5025 141
5025 142
5025 143
5025 144
5106 15
5106 81
5106 85
5106 112
6664 183
6664 184
6664 185
6664 186
6083 30
6083 31
6083 32
6083 33
5977 55
5977 56
5331 184
5331 185
5331 186
5331 187
6642 82
6642 83
6642 84
6642 85
5154 4
5154 108
5154 111
5154 115
6552 40
6552 41
6552 42
6552 43
6401 64
6401 65
6401 66
6401 67
5029 126
5029 127
5029 128
5029 129
5087 14
6600 57
6600 58
5368 104
5368 105
5368 106
5368 107
6454 14
6454 15
6454 16
6454 17
6559 97
6559 98
6559 100
6559 101
5154 120
5376 20
5376 21
5376 22
5376 23
6664 242
6664 243
6664 244
6664 245
6304 106
6304 107
6433 4
6433 5
6433 6
6433 7
5600 134
5600 135
5600 136
5600 137
6102 61
6102 62
6102 63
6102 64
6354 41
6354 42
6354 43
6281 112
6281 113
6281 114
6281 115
6312 126
6312 127
5933 126
5933 152
5933 153
5933 154
6647 115
6647 116
5783 7
5783 8
5783 9
5783 10
6444 14
6444 15
6444 16
6444 17
6021 25
6021 26
6021 27
6021 28
6110 147
6110 148
6110 149
6110 150
6052 57
6052 61
6582 26
6582 27
6582 28
6582 29
6138 59
6138 60
6159 20
6159 21
6159 22
6159 23
5948 54
5948 55
5454 89
5454 93
5454 151
5454 155
5191 93
5191 94
5191 95
5191 96
6145 43
6145 44
6145 45
6145 46
5090 172
5090 173
5090 180
5090 181
6429 23
6429 24
6429 25
6429 26
6387 202
6387 203
6387 204
6387 205
6230 134
6663 24
6663 25
6663 26
6663 27
6602 4
6602 5
6602 6
6602 7
6691 24
6050 10
6050 11
6050 12
6359 26
6359 57
6359 59
6359 60
6407 80
6407 81
6407 82
6407 83
5332 106
5332 107
5332 108
5332 109
5106 49
5106 111
5106 114
5106 115
5192 18
5387 28
5387 29
5387 30
5387 31
5071 64
5071 65
5071 66
5071 67
6192 134
6192 135
6192 136
6192 137
6340 125
6340 126
6111 41
6111 42
6111 43
6111 44
6579 10
6579 11
6579 12
6579 73
6640 145
6640 146
6640 147
6640 148
6344 66
6340 41
6340 42
6340 43
6340 44
6312 8
6312 9
6437 15
6437 16
6437 18
6437 19
5361 132
5361 133
5361 134
5361 135
5374 12
5374 13
5374 14
5374 15
6672 71
6672 72
6527 37
6527 38
6527 41
5151 14
5151 15
5151 144
5151 145
5611 23
5611 24
5611 25
5611 32
5593 8
5593 9
5593 10
5593 11
6528 146
6528 147
5331 212
5331 213
5331 214
5331 215
6448 0
6448 1
6448 2
6448 3
5153 100
6681 50
6681 51
6681 52
6681 53
5455 40
5455 41
5455 42
5455 43
5603 21
5603 22
5603 23
5603 24
5891 189
5891 190
5891 191
6327 2
6327 3
5154 197
5154 198
5154 199
5154 201
6058 128
6058 131
6058 132
6058 133
6161 0
6161 1
6161 2
6161 3
6571 152
6571 153
6571 154
6571 155
5935 0
5935 1
5935 2
5935 3
5415 10
5029 67
5029 68
5029 71
5029 72
5977 6
5977 7
5226 70
5226 72
5226 73
6602 8
6602 9
6446 53
6446 54
5609 4
5609 5
5609 38
5609 39
4979 24
5091 29
5091 30
5091 31
5091 32
5155 4
5155 6
5155 7
5204 156
5204 157
5616 177
5616 178
5616 179
5616 180
6058 192
6058 194
6058 195
6058 196
5386 180
5386 181
5386 182
5386 183
6195 56
5089 32
5089 33
5089 34
5089 35
6198 174
6198 175
6198 176
6198 177
4977 21
4977 22
4977 23
4977 24
5776 4
5776 5
5776 6
5776 7
6063 4
6063 5
6063 6
6063 7
6638 27
6166 55
6303 114
6344 40
6344 41
6344 42
6344 43
6234 28
6234 29
6234 30
5773 0
5773 1
5773 2
5773 3
6616 65
6616 66
6616 69
6616 70
6064 0
6064 1
6064 2
6064 3
6004 30
6004 31
5384 44
5384 45
5384 46
5384 47
6671 134
6671 135
6671 136
5331 44
5331 45
5331 46
5331 47
6326 114
6367 63
6663 4
5444 16
5444 17
5444 18
5444 19
6664 235
6664 236
6664 237
6664 238
6616 157
6616 160
6616 161
6616 162
6360 30
6360 31
6327 13
6327 14
6125 82
6125 83
6125 84
6125 85
5362 4
5362 5
5362 6
5362 7
6114 144
6114 145
6114 146
6114 147
5169 174
5169 175
5169 176
5169 177
6139 100
6139 101
6139 102
6139 103
6211 10
6211 11
6211 12
6211 13
6441 71
6571 73
6571 75
6571 76
6571 77
5071 72
5071 73
5071 74
5071 75
5194 9
5194 24
5194 25
5194 26
4971 100
4971 101
4971 102
4971 103
6572 181
6572 182
6118 4
6118 5
6118 6
6118 7
6338 18
6338 21
6338 22
6338 50
6190 28
6190 31
4962 69
4962 70
4962 71
4962 72
6076 45
6076 119
6076 121
6076 160
5016 8
5016 9
5016 10
5016 11
5184 33
5184 34
5184 35
5184 36
5233 93
5233 105
5233 106
5233 119
6332 42
6332 43
6332 44
6332 47
5233 95
5233 96
5233 97
5233 102
5143 29
5143 30
5143 41
5143 64
6311 84
6311 85
6311 86
6311 87
5013 12
5013 13
5013 14
5013 15
5076 0
5076 1
5076 2
5076 3
6356 149
6356 150
5628 0
5628 1
5628 2
5628 3
6616 30
6616 31
5169 94
5169 100
5169 101
5169 103
5603 9
5603 10
5603 12
5603 14
6691 32
6691 34
6691 36
6691 38
6170 0
6170 1
6170 2
6170 4
5384 80
5384 81
5384 82
5384 83
6503 44
6503 45
6503 46
6503 47
6058 82
6058 83
6058 84
6058 85
6571 139
6571 140
6571 144
6571 145
5339 22
5339 23
5339 24
5339 25
6148 57
6148 58
6148 61
6098 118
6098 120
6098 122
6592 98
6592 99
6592 100
6592 101
6478 136
6478 137
6478 138
6478 139
6467 9
6467 138
6467 139
6467 140
6080 74
6080 75
6080 89
6080 90
6217 149
6217 150
6217 151
6217 152
6367 39
6367 40
6350 120
6350 121
6350 122
6350 123
5013 24
5013 25
5013 26
5013 27
6190 17
6190 19
6190 20
6190 32
6589 89
6589 90
6589 91
6589 92
5071 24
5071 25
5071 26
5071 27
6690 141
6690 142
6690 143
6690 144
6666 28
5361 46
5361 47
5361 48
5361 49
5966 78
5966 79
5966 80
5966 81
6407 76
6407 77
6407 78
6407 79
5783 116
5783 117
5783 118
5783 119
5331 120
5331 121
5331 122
5331 123
6600 83
6600 84
6600 85
6600 86
5930 46
5930 47
5930 48
5930 55
6304 43
6381 144
6381 145
6381 146
6381 147
6478 103
6517 30
6517 31
6517 32
6517 33
6544 207
6544 208
6544 209
6544 210
6562 81
6562 82
6562 91
6562 92
5337 8
5337 9
5337 10
5337 11
6382 54
6382 55
5625 189
5625 190
5625 191
5625 192
6235 94
6235 95
6235 96
6235 97
6320 8
6320 9
6320 10
6320 11
6031 30
6031 31
6565 148
6565 149
6565 150
6565 151
6407 149
6407 152
6407 156
6407 157
6548 26
6548 27
5396 9
5396 10
5396 11
5396 12
5368 20
5368 21
5368 22
5368 23
6339 0
6339 1
6339 3
4955 8
4955 9
4955 10
4955 11
6075 2
6075 4
6075 5
6075 6
5441 23
5441 24
5441 25
5441 26
5437 167
5437 168
5437 169
5437 170
6163 39
6163 40
6163 41
6163 43
5768 30
5768 31
6444 24
6444 25
6444 32
6444 33
6100 94
6100 95
6100 96
6100 97
6565 20
6565 21
6565 22
6565 23
6090 42
6090 43
6090 44
6090 45
5084 90
6611 153
6611 154
6689 64
6689 65
6689 66
6689 67
6218 6
6218 7
6218 8
6218 51
6031 214
6031 215
6327 15
6327 16
6327 17
6327 18
5412 140
5412 141
5412 142
5412 143
5167 5
5167 6
5167 7
5167 17
5341 68
5341 69
5341 70
5341 71
6625 34
6625 35
6625 36
6625 37
6599 109
6599 110
6599 111
6153 29
6153 30
6153 31
6153 33
6091 64
6091 66
6091 67
6091 69
6656 64
6656 66
6656 67
6656 68
5608 12
5608 13
5187 145
5187 146
5187 147
5187 148
6572 158
6572 159
6572 175
6572 176
6073 92
6073 93
6073 94
6073 95
5979 14
5979 26
5985 73
5985 74
5985 77
5985 78
6312 128
6312 129
6312 130
6312 131
5611 75
5977 141
5977 142
5977 143
5393 64
5393 65
5393 66
5393 67
6004 150
6004 151
6004 152
6004 153
5776 22
5776 23
5776 24
5776 25
5982 54
5982 55
6349 27
6349 28
6349 31
6401 99
6401 100
6401 101
6401 102
6614 42
6614 43
6614 44
6614 45
6031 129
6031 131
6031 133
6031 135
5078 73
5078 74
5078 75
5078 76
6305 18
6305 19
6529 75
6529 76
6529 77
6529 78
5056 33
5056 34
5056 35
5056 36
6030 18
6030 25
6030 55
6030 61
5093 69
6468 42
6468 43
6692 0
6692 1
6692 2
6692 3
5153 44
5153 47
5153 52
5153 53
6319 138
6319 139
6319 140
6319 141
5397 121
5397 122
5397 123
5397 124
5189 0
5189 1
5189 4
5189 5
6503 24
6503 25
6503 26
6503 27
6650 27
6650 28
6650 29
6650 30
6382 111
6382 112
6382 114
6382 115
5078 4
5078 5
5078 6
5078 7
5361 72
5361 73
5361 74
5361 75
5049 26
5049 27
5049 29
5049 30
6406 1
6406 2
6406 5
6406 64
6348 159
6348 160
6348 161
6348 162
6146 57
6146 58
6146 59
6146 86
6300 150
6300 151
6300 152
6300 153
5384 56
5384 57
5384 58
5384 59
6230 42
6230 43
6230 44
6230 46
6686 49
6686 50
6686 51
6686 52
6527 165
6527 166
6527 167
6350 103
6350 104
6350 105
5341 124
5341 125
5341 126
5341 127
6440 152
6440 153
5938 84
5938 85
5938 86
6340 148
6340 149
6340 167
6340 168
6690 152
6690 153
6690 154
6690 162
6026 43
6026 44
6026 45
6026 46
6637 15
6637 16
6637 17
6637 18
5127 128
5127 129
5127 130
5127 131
5184 37
5184 38
5184 40
5184 41
6381 18
6381 20
6381 21
6381 22
6542 80
6542 81
5099 16
5099 17
5099 18
5099 19
6461 111
6461 112
6461 113
6461 114
6301 10
6301 11
6301 12
6301 13
5056 29
5056 30
5056 31
5056 32
6375 90
6375 100
6375 101
6375 102
5604 55
5604 56
5604 58
5604 59
4969 148
4969 149
4969 150
6562 173
6562 174
6562 175
6562 176
6748 77
6748 109
6748 110
6425 39
6425 40
6425 42
6425 52
5075 24
5075 25
5075 26
5075 27
5169 59
5169 102
5169 111
5169 115
6490 64
6490 65
6490 66
6490 67
6614 119
6614 120
6614 122
6614 123
6301 200
6301 201
5449 32
5449 33
5449 34
5449 35
5157 69
5157 70
5157 72
5157 73
5397 20
5397 21
5397 22
5397 23
6366 0
6366 1
6366 2
6366 3
5031 44
5031 46
5031 47
6182 88
6182 89
6182 90
6182 91
5769 8
5769 9
5769 10
5769 11
6642 117
6642 118
6642 120
6642 121
6223 53
6223 54
6223 55
6223 56
6073 88
6073 89
6073 90
6073 91
5093 60
5093 61
5093 62
5093 63
6045 8
6045 11
6045 12
6045 15
5938 12
5938 13
5938 14
5938 15
5191 12
5191 13
5191 14
5191 15
6671 21
6671 22
6671 23
6671 24
5783 11
5783 12
6507 155
6507 156
6507 157
6507 158
6011 44
6011 45
6011 68
6011 69
6448 132
6448 133
6448 134
6448 135
5933 160
5933 161
5933 162
5933 163
6031 113
6031 116
6004 43
6004 64
6004 68
6004 72
6410 108
6410 118
6410 123
6410 124
6329 24
6329 25
6329 26
6588 21
6588 22
6588 34
6588 35
6687 15
6687 30
6687 31
5056 1
5056 2
5056 3
5056 4
5436 40
5436 41
5436 42
5436 43
6583 173
6583 174
6583 175
6583 176
6656 63
5099 28
5099 29
5099 30
5099 31
5451 14
5451 15
5451 16
5451 17
6058 43
6058 44
6058 45
6058 46
5985 183
5985 185
5985 186
5985 189
6221 48
6221 49
6221 50
6221 51
6551 157
5214 71
5214 72
5214 73
5214 74
5087 22
6420 94
6420 97
5204 49
5204 54
5204 56
5204 115
6694 10
6694 11
6694 12
5124 12
5124 13
5124 14
5124 15
6149 2
6149 6
6149 10
6149 11
6748 219
6748 220
6748 229
6748 230
6163 2
6182 119
5977 156
5977 183
6658 16
6658 17
6052 93
6052 117
6377 12
6377 13
6377 14
6377 15
6319 92
6319 93
6319 94
6319 95
6065 68
6065 69
6065 70
6065 71
6125 56
6125 57
6125 59
6125 60
5167 8
5167 11
5167 12
5134 34
5134 35
5134 36
5134 37
6600 10
6600 11
6600 12
6600 13
6350 84
6350 86
6350 87
6350 88
5051 61
5051 62
5051 63
5604 32
5604 33
5604 34
5604 35
6666 40
6666 41
6666 42
6666 43
6056 9
6056 10
6056 11
6056 12
5906 52
5906 53
5906 54
5906 55
6072 0
6072 1
6072 2
6072 3
6326 66
6326 67
6326 68
6326 69
6699 8
6699 9
6699 10
6699 11
5602 12
5602 13
5602 14
5602 15
5034 37
6151 31
5331 100
5331 101
5331 102
5331 103
5385 136
5385 137
5385 138
5385 139
6423 62
5774 4
5774 5
5774 6
5774 7
6342 5
6122 216
6376 98
6324 12
6324 13
6324 14
6324 15
5969 10
5969 11
5969 12
5969 13
6030 102
6030 103
6030 104
6030 106
6656 59
6656 60
6656 61
6656 62
6528 164
6528 165
6528 166
6528 167
6332 12
6332 13
6332 34
6332 35
6663 88
6663 89
6663 96
6663 97
6527 190
6527 191
6589 88
5598 20
5598 21
5598 22
5598 23
5331 124
5331 125
5331 126
5331 127
5384 88
5384 89
5384 90
5384 91
6667 22
4952 18
4952 19
4952 20
4952 21
6634 32
6634 69
6634 70
6634 71
6566 16
6566 17
6566 18
6566 19
5419 76
5419 77
5419 78
5419 79
6280 31
6426 158
6562 16
6562 17
6562 18
6562 19
6549 114
6549 115
6549 116
6549 117
6542 92
6542 93
6542 94
6542 95
6367 35
6367 36
6367 37
6367 38
5147 24
6165 30
5331 2
5331 3
6376 34
6376 35
6376 36
6376 37
6311 56
6311 57
6311 68
6311 69
6559 87
6559 88
6559 89
6559 90
5151 217
5060 20
5060 21
5060 22
5060 23
5164 73
5164 74
5164 75
5164 76
6371 60
6371 62
6028 30
6028 31
5216 77
5216 78
5216 79
5216 81
6032 0
6032 4
6032 10
4991 50
4991 51
4991 52
4991 53
5993 5
5929 0
5929 1
5929 2
5929 3
5049 82
6050 32
6050 35
6050 36
6050 39
6446 204
5969 4
5969 5
5969 6
5969 7
6138 80
5419 16
5419 17
5419 18
5419 19
6297 4
6297 5
5331 160
5331 161
5331 162
5331 163
6301 172
5949 26
5949 27
5949 28
5949 29
6623 51
6668 97
6668 98
6668 99
6668 100
5905 63
6312 81
6312 82
6312 83
6671 41
6671 42
6671 43
6100 5
6100 6
6100 122
6100 123
6647 69
6647 70
6647 71
6647 72
6423 202
6423 203
6423 205
6423 207
4983 8
4983 16
4983 44
4983 46
5217 16
5217 17
5217 18
5217 19
6603 78
6603 79
6603 80
6603 81
6487 18
6487 19
5127 79
5127 80
5127 81
5127 151
6487 146
6487 147
6139 141
6139 143
5619 27
5619 28
5619 30
5619 31
6692 79
6692 80
6692 81
6692 82
6094 16
6094 17
6094 18
6094 19
5971 115
5971 116
6697 41
6697 42
6697 43
6697 44
6589 97
6589 98
6589 100
6589 101
6151 56
6151 57
5025 45
5025 46
5025 47
5025 48
6301 192
6301 193
6301 194
6301 195
6375 7
6241 16
6241 19
5171 4
5171 5
5171 6
5171 7
5332 32
5332 33
5332 34
5332 35
5361 54
5361 55
5361 56
5361 57
5090 84
5090 85
5090 86
5090 87
5034 14
6608 67
6608 68
6608 69
6608 70
6149 157
6149 163
6356 47
5044 47
5044 48
5044 49
5044 50
5450 20
5450 21
5450 22
5450 23
5207 54
5207 55
5207 56
5207 57
5910 61
5910 62
6689 160
6544 170
6544 171
6544 172
6544 174
6080 132
6080 133
6080 134
6080 135
5979 54
5979 55
5979 56
5979 57
6468 28
6468 29
6468 32
6468 33
6533 5
6533 6
6533 7
6533 8
6387 86
6387 87
6387 88
6387 89
6583 146
6583 147
6417 191
6634 103
6195 102
6664 156
5431 0
5431 1
5431 2
5431 3
6634 76
6634 110
6634 111
5364 8
5364 9
5364 202
5364 203
6748 34
6748 35
5364 43
5364 44
5364 45
5364 46
5181 8
5181 10
5181 11
5181 12
6170 9
6170 10
5166 0
5166 1
5166 3
5166 5
6527 81
6527 82
6527 83
6527 84
5364 66
5364 67
5364 68
5364 69
4987 0
4987 1
4987 2
4987 3
6619 55
6619 56
6602 10
6602 11
6602 12
6602 13
6111 16
6111 17
6111 18
6111 19
6301 182
6301 183
6301 184
6301 185
6076 61
6314 117
6314 118
6314 119
6314 120
5084 34
6407 162
6407 163
6407 166
6407 167
5942 20
5942 21
5942 22
6327 58
6327 59
6327 60
6327 61
5147 17
5147 25
5147 45
5147 51
5925 103
5925 104
5925 105
5925 106
5977 57
5977 58
5977 59
5977 60
6462 8
6462 9
6151 97
6151 98
6151 101
6151 102
6140 26
6140 30
5418 116
5418 117
5418 118
5418 119
5237 55
5237 56
5237 57
5237 59
6506 7
5025 157
5025 159
5025 160
5025 161
6583 110
6583 111
6583 112
6583 113
5617 52
5617 55
5617 59
6285 117
6285 118
6285 119
6285 120
6423 168
6423 169
6423 170
6423 171
6110 89
6110 206
5214 27
5214 28
5214 29
5214 31
5411 170
5411 171
5411 172
5411 196
6031 61
6031 62
6031 63
6493 4
6493 5
6379 164
6379 165
6379 166
6379 167
6562 155
6562 156
6562 157
6487 30
6487 31
6640 104
6640 105
6640 106
6640 107
6439 49
6439 50
6542 22
6542 23
6542 26
6542 27
6380 16
6380 17
6380 18
6380 19
6348 14
6348 15
6348 16
6348 17
5607 90
5607 91
5607 92
5607 93
5375 24
5375 25
5375 26
5375 27
5039 2
6347 22
6347 23
6347 24
6347 25
5084 50
6553 158
6553 166
5082 20
6139 50
6139 51
6139 52
6139 63
5034 84
5368 4
5368 5
5368 6
5368 7
6448 105
6448 106
6448 107
6448 108
6615 151
6615 152
6615 153
6615 154
6546 43
6546 44
6546 45
6546 46
6214 20
6214 21
6214 22
6214 23
6603 39
6603 40
6603 41
6683 190
6683 197
6683 198
6683 199
6103 20
6103 22
6103 23
6103 24
5588 139
5588 140
5588 141
5588 142
6283 73
6283 74
6283 75
6283 76
6195 1
6195 3
6195 4
6195 5
5778 1
5778 2
5778 3
6192 74
6192 75
6192 76
6192 77
6433 8
6433 9
6433 10
6433 11
6402 4
6402 5
6402 6
6402 7
6748 203
6748 204
6748 205
6748 206
6436 4
6436 5
6436 6
6436 7
6230 16
6230 17
6230 18
6230 19
6641 16
6641 17
6641 18
6641 19
5179 124
5179 125
5179 126
5179 127
5389 16
6640 56
6640 57
6640 58
6640 72
5616 100
5616 101
5616 102
5616 109
6534 0
6534 3
6534 4
6534 8
6407 64
6407 65
6407 66
6407 67
6487 106
6487 108
6007 138
6007 139
6007 140
6007 141
6645 25
6645 26
6645 27
6493 40
6493 41
6493 42
6493 43
6404 52
6404 53
6404 54
6404 55
6100 225
6100 226
5338 32
4982 8
4982 9
4982 11
4982 12
6123 109
6123 110
6123 139
6123 141
6043 152
6043 153
6043 161
6043 162
6322 6
6322 7
6322 8
6322 9
5029 148
5029 149
5029 150
5029 151
6011 36
6011 37
6011 38
6011 40
6100 136
6100 137
6100 138
6100 139
6336 62
6336 65
6336 66
6336 67
6566 58
6566 60
6314 123
6314 124
6527 206
6639 8
6639 9
6639 10
6639 11
5155 79
5155 80
5155 82
5155 83
5616 77
5616 78
5616 201
5616 202
6533 17
6533 18
6533 19
6312 110
6312 111
6312 112
6312 113
6184 63
6313 58
6313 59
6669 9
6669 10
6669 11
6669 12
6575 83
6575 84
5146 44
5146 55
6380 93
6380 94
6640 4
6640 5
6011 99
5901 84
5901 85
5901 86
5901 87
6425 26
6425 27
6425 28
6425 29
6692 50
5623 0
5623 1
5623 2
5623 3
6692 62
6692 63
6692 68
6440 117
6440 118
6440 142
6440 143
6073 0
6073 1
6073 2
6073 3
6148 56
6148 59
6148 60
6506 147
6506 148
6506 149
6506 150
6162 138
6382 161
6382 162
6382 165
6382 169
6206 143
6206 144
6206 145
6206 146
6553 136
6553 137
6139 136
6139 137
6139 139
6139 140
5938 54
5938 55
5938 56
5938 57
5899 36
5899 37
5899 38
5899 39
5103 17
5103 18
5089 16
5089 17
5089 18
5089 19
6591 35
6591 36
6591 37
6591 38
6110 60
6110 61
6110 62
6110 63
5606 39
5606 40
5606 41
5606 68
6198 93
6198 102
6198 103
6198 104
6535 117
6535 118
6535 120
6535 121
6213 24
6213 25
6213 32
6213 33
6004 47
6004 48
6004 49
6004 50
6358 0
6358 4
6358 7
6358 8
6130 13
6130 14
5933 59
5046 35
5046 36
5046 37
5046 38
5774 8
5774 9
5774 10
5774 11
6565 140
6565 141
6565 142
6565 143
6698 52
6698 53
6698 54
6698 55
5904 17
5904 18
5904 19
5000 97
5000 98
5000 101
5000 102
5975 20
6138 20
6138 21
6138 22
6138 23
6647 41
6647 42
6647 43
6647 44
6011 19
6011 20
6011 34
6011 35
6092 202
6092 203
6092 204
6092 205
6090 141
6698 70
6698 71
6698 72
6698 73
6544 203
6544 204
6544 205
6544 206
5333 18
5333 19
5333 30
5333 31
6353 44
6353 45
6353 47
6353 48
5217 28
5217 29
5217 30
6562 0
5411 104
5411 105
5411 106
5411 107
5921 28
5921 29
6060 10
6060 11
6060 12
6426 4
6426 5
6426 6
6426 7
5153 25
5153 26
5153 28
5153 29
6592 49
6592 50
6592 51
6592 52
5611 7
5611 8
5611 9
5611 10
6549 62
6549 63
6183 70
6183 71
6211 120
6211 121
6211 122
6649 110
6649 111
6649 116
5179 60
5179 61
5179 62
5179 63
6479 7
6479 9
6479 10
6479 11
5905 4
5905 5
5905 6
5905 7
5182 48
5182 49
5182 50
5182 51
6280 111
6280 112
6280 113
6280 114
5339 60
5339 61
5339 62
5339 63
5968 23
6528 0
6528 1
6528 2
6528 3
6589 63
6123 95
6123 147
6123 151
6123 154
5433 14
5433 15
5433 16
5433 17
6688 21
6688 22
6688 23
6688 24
5046 61
5046 62
5046 63
5046 64
6311 121
6311 122
6311 123
6311 124
5147 7
5147 8
5147 10
5147 36
4957 134
4957 135
4957 136
4957 137
5361 58
5361 59
6606 17
6606 18
6606 19
6606 20
6615 10
6615 11
6658 60
6658 63
6437 0
5341 32
5341 33
5341 38
5341 39
6622 57
6622 58
6622 59
6622 60
6676 149
6676 150
6676 151
6676 152
5084 123
6383 29
6383 31
6669 100
6669 101
6669 102
6669 103
6157 32
6157 33
6157 34
6157 35
5906 132
5906 133
5906 135
5906 136
6468 91
6468 92
6468 93
6468 94
5930 30
5930 31
6236 4
6324 45
6324 53
6324 153
6324 155
6663 189
6663 190
6663 191
6199 35
6199 36
6199 37
6199 38
5437 175
5437 176
5071 28
5071 29
5071 30
5071 31
6615 155
6615 156
5985 206
5985 207
5985 208
5985 209
6479 61
5441 84
5441 85
5441 86
5441 87
6355 61
6355 63
6484 16
6484 17
6484 18
6484 19
6599 20
6599 21
6599 22
6599 24
6007 91
6007 92
5029 134
5029 135
5029 136
5029 137
6065 76
6065 77
6065 78
6065 79
6118 46
6118 47
6118 48
6118 49
5211 31
5211 34
5211 35
5211 36
4955 136
4955 137
4955 138
4955 139
6600 77
6600 78
6374 10
6374 11
6374 12
6374 14
6626 10
5616 123
5208 8
5208 9
5208 10
5208 11
5046 12
5046 13
5046 15
5046 16
6059 72
6059 73
6059 74
6059 75
6412 42
6412 43
6412 44
6412 45
6198 126
6198 142
6647 11
6647 12
6647 13
6528 64
6528 68
6528 80
6320 80
6320 81
6320 83
6320 84
6300 40
6300 41
6300 42
6300 43
5049 35
5049 36
5049 37
5049 38
6315 7
6315 8
6315 9
5996 38
5996 39
5996 40
5996 41
6101 20
6101 21
6101 22
6101 23
4969 52
4969 53
4969 54
4969 55
5960 12
5960 16
5960 17
5960 19
6313 26
6313 27
6313 28
6313 29
6122 30
6122 31
6122 32
6122 33
4969 116
4969 117
4969 118
4969 119
5979 29
5979 58
5979 60
5061 0
5061 1
5061 3
5061 4
5894 32
5894 33
5894 34
5894 35
6510 105
6510 106
6510 107
6510 108
6231 101
6231 102
6231 103
6231 104
6325 16
6423 48
6342 0
6342 1
6342 2
6342 3
6533 47
6533 48
6533 49
6533 50
6115 22
6115 23
6115 24
6115 25
6375 109
6375 110
6375 111
6375 112
6050 13
6050 16
6050 20
6647 45
6647 46
6007 129
6007 130
6007 131
6007 160
5164 28
5164 29
5164 30
5164 34
5332 103
5332 104
5332 105
5136 29
5136 30
5136 31
5136 32
5925 0
5925 1
6589 31
6589 32
6589 33
6589 34
5935 30
5935 31
5935 32
5935 33
5370 96
5370 97
5370 98
5370 99
5332 74
5332 75
5332 76
5332 77
6224 96
6224 97
6453 101
6453 102
6453 103
6453 104
6562 21
6562 22
6562 83
6562 84
6027 0
6027 1
6027 3
6027 4
6113 6
6113 7
6113 8
6113 9
6572 190
6572 191
5616 116
5616 117
5616 118
5933 26
5933 27
5933 28
5933 29
6699 4
6699 5
6699 6
6699 7
5144 26
6022 96
6022 97
6022 98
6022 99
6021 57
6021 58
6021 59
6021 61
6670 12
6670 13
6670 14
6670 15
5933 97
5933 98
5933 99
5933 100
4998 144
4998 145
4998 146
4998 147
6647 182
6647 183
6647 184
6647 185
6198 55
6198 59
6198 60
6690 12
6690 13
6690 14
6690 15
5099 36
5099 37
5099 38
5099 39
6410 147
6410 148
6410 149
6410 150
4969 140
4969 141
4969 142
4969 143
6113 66
6113 67
6113 68
6113 69
5606 91
5606 92
5606 93
5606 94
6282 92
5936 6
5936 7
5936 8
5936 9
6285 132
6285 133
6285 134
6285 135
6386 1
6386 2
6386 3
6386 5
5051 158
5051 159
5051 160
5051 161
5588 216
5588 217
5588 218
6420 54
6420 55
6420 56
6420 57
5364 214
5364 215
5364 216
5364 217
6647 186
6647 187
6647 188
6647 189
6004 22
6004 23
6283 81
6283 82
6283 83
6283 84
6432 0
6432 1
6432 2
6432 3
6544 347
6544 348
6544 353
6544 354
6195 28
6195 33
6195 34
6195 35
4957 98
4957 99
4957 100
4957 101
6563 90
6563 91
6563 97
6563 98
6333 54
6535 72
6535 73
6478 94
6478 95
5233 5
5233 33
5233 34
5233 38
6122 119
6122 120
6122 121
6122 122
6507 142
6507 143
6507 144
6507 145
5598 4
5598 5
5598 6
5598 7
6192 171
6192 172
6379 72
6379 73
6379 74
6379 75
6230 109
6230 110
6230 111
6230 112
6183 7
6052 109
6052 110
6199 7
6199 8
6199 9
6199 10
5155 54
5155 55
5155 56
5155 57
6676 93
6676 94
6676 95
6343 141
6343 142
6343 143
6343 144
6238 10
6238 11
5607 66
6159 28
6159 29
6159 30
6159 31
6431 79
6431 80
6431 81
6431 82
6311 24
6311 25
6311 26
6311 27
6148 2
6148 6
6148 7
6148 10
5001 63
5001 64
5001 65
5001 66
6376 82
6376 83
6551 190
6551 191
6642 40
6642 41
6642 42
6642 43
6680 17
6680 18
6680 19
6680 50
4955 56
4955 57
4955 58
4955 59
6615 120
6615 121
6615 122
6615 123
5090 96
5090 97
5090 98
5090 99
5334 18
5334 19
5334 20
5334 21
5102 24
5102 25
5102 26
5102 27
6480 140
6480 141
6440 60
6440 61
6478 111
6478 112
6478 113
6478 114
5396 55
5396 56
6151 24
6151 27
6151 28
6151 32
5925 154
5925 155
5005 4
5005 5
5005 6
5005 7
5985 94
5985 95
5985 96
5985 98
6280 64
6280 66
6280 67
6280 68
6224 41
6224 42
6224 43
6224 44
6122 135
6122 136
6122 137
6122 138
6350 124
6350 125
6199 128
6199 129
6199 130
6199 131
6329 36
6110 103
6110 105
6110 118
6552 82
6552 83
6622 79
6622 80
6622 91
6622 92
5771 2
5771 35
6319 90
6319 91
6319 136
6319 137
5201 9
5201 66
5201 69
5201 71
6111 32
6111 33
6111 34
6111 35
5031 119
5031 120
4969 0
4969 1
4969 2
4969 3
4978 41
4978 42
4978 43
4978 44
6205 8
6205 9
6205 10
6205 11
6419 5
5049 4
5049 5
5049 6
5049 7
6563 20
6563 78
6563 79
6563 99
6630 117
6630 118
6671 72
6671 73
6671 74
6671 75
6304 203
6304 204
6304 205
6304 206
6216 12
6216 13
6216 112
6216 113
6286 133
6286 134
6286 135
6286 137
6385 0
6385 1
6385 2
6076 83
6076 86
6076 87
6076 89
5366 30
5366 31
6244 4
6244 5
6244 6
6244 7
6216 84
6216 85
6216 86
6216 87
5925 141
5925 161
5925 215
6183 39
6183 40
6183 41
6183 68
5897 4
5897 5
5897 6
5897 7
6544 50
6544 51
6544 52
6544 54
6444 63
5090 186
5090 187
5090 188
5154 2
5154 52
5154 53
5154 56
5436 28
5436 29
5436 30
5436 31
6630 108
6630 109
6630 110
6630 111
5195 12
5195 13
5195 14
5195 15
6121 38
6121 40
5966 128
5966 129
5966 130
5966 131
6044 4
6044 5
6044 8
6044 9
4992 35
4992 36
4992 37
4992 38
5351 61
5351 62
5351 63
5351 64
5084 76
6599 83
6599 99
6599 102
6599 103
6307 15
6307 16
6307 17
6307 18
6106 104
6106 105
6106 106
6106 107
6663 49
6663 50
6663 51
6663 52
6216 0
6216 1
6216 2
6216 3
5184 6
5184 7
5184 8
5184 9
6096 16
6096 17
6096 18
6096 19
6596 161
6596 162
6596 163
6596 165
6147 10
6147 11
6147 12
6147 13
5195 25
5195 29
5195 49
6401 30
6401 31
6348 26
6348 27
6348 28
6348 29
6217 159
5331 14
5331 15
5331 16
5331 17
5016 76
5016 77
5016 78
5016 79
6692 8
6692 9
6692 10
6692 11
5331 188
5331 189
5331 190
5331 191
6149 99
6149 102
6149 130
6149 134
6162 108
6162 109
6666 190
6666 191
6666 192
6666 193
6320 26
6320 27
6320 28
6320 29
5602 8
5602 9
5602 10
5602 11
6076 49
6076 51
6076 56
6076 62
5341 0
5341 1
5341 2
5341 3
6380 72
6380 73
6380 113
6380 114
6598 170
6697 71
6697 72
6697 73
6697 74
5966 182
5966 184
5966 185
6356 145
6356 146
6356 147
6356 148
5093 4
5093 5
5093 6
5093 7
6483 72
6483 73
5337 54
5337 55
5337 57
5021 5
5021 6
5021 7
5021 8
5606 88
6341 125
6341 127
5607 55
5607 56
6329 9
5925 132
5925 138
5925 139
5925 140
6688 64
6688 65
6688 66
6688 67
6623 56
6623 57
6623 64
6623 65
6304 94
6304 95
6663 16
6663 17
6663 18
6663 19
6437 5
6437 6
6437 7
6437 8
5390 28
5390 29
5390 30
5390 31
4992 77
4992 78
4992 79
4992 80
6205 25
6205 26
6205 85
6205 86
5385 112
5385 113
5385 114
5385 115
4955 28
4955 29
4955 30
4955 31
6583 181
6583 182
4992 128
4992 129
4992 130
4992 131
5925 165
5925 166
5925 167
6059 85
6059 87
6059 92
6059 100
5436 8
5436 9
5436 10
5436 11
6583 77
6583 78
6583 79
6583 80
6683 193
6683 194
6683 195
6683 196
6146 25
6146 26
6615 75
6615 76
6615 87
6615 88
6050 27
6050 28
6230 132
6230 133
6230 135
6230 136
6155 12
6155 16
6155 19
6155 20
6605 79
6605 80
6605 83
6605 87
6680 63
6680 64
6680 65
6680 66
6594 102
6594 103
6594 104
6507 48
6507 49
6507 50
6507 51
6323 67
6323 68
6323 91
6323 100
5331 220
5331 221
5331 222
5331 223
6125 12
6125 13
6125 14
6125 15
5092 184
5092 185
5092 186
5092 187
5908 8
5908 9
5144 24
5144 25
5144 27
5144 28
5418 94
5418 95
5418 96
5418 109
6689 0
6689 1
6689 2
5386 14
5386 75
5386 76
5386 79
6091 203
6091 204
6091 205
6091 206
4971 187
6100 56
6100 57
6100 58
6100 59
6339 34
6339 35
6339 36
6339 37
6052 65
6052 66
6052 69
6052 70
6462 74
6462 75
6462 76
6462 77
5344 64
5344 65
5344 66
5344 67
5912 12
5912 13
5912 14
5912 15
6308 10
6308 11
6308 12
6308 13
6343 137
6343 138
6343 139
6343 140
6461 74
6461 75
6461 76
6461 77
5916 8
5916 9
5916 10
5916 11
6339 81
6339 82
6339 83
6339 84
6385 8
6385 11
6385 12
6385 19
6179 90
6179 92
6179 93
6052 63
6156 21
6156 25
6156 29
6303 177
6303 179
6303 208
6303 210
6043 113
6043 114
6043 115
6043 116
6319 64
6319 65
6319 67
6319 68
6410 21
6410 24
6410 25
6410 28
5399 46
5399 47
5399 48
5399 49
6448 155
6448 156
6448 157
6448 158
6031 176
6031 177
6031 178
6031 179
5195 52
5195 53
5195 54
5195 55
5979 140
5979 141
5979 142
5979 143
6288 87
6288 88
6288 89
6288 136
6371 0
6371 1
6371 2
6371 3
5891 128
5891 129
5891 130
5891 131
6645 0
6645 1
6645 2
6645 3
5203 96
5203 97
5203 99
5203 100
6091 111
6091 112
6091 113
6091 114
6002 24
6002 36
6002 37
6002 38
6404 44
6404 45
6404 46
6404 47
6457 167
6457 168
6457 169
6457 171
6446 160
6446 162
6446 163
6446 164
6683 55
6683 56
6493 10
6493 11
6493 12
6493 13
5087 29
6689 146
6689 147
6689 148
6689 149
6058 144
6058 148
6058 177
6058 181
5044 9
5044 10
5044 11
5044 12
5361 91
5361 92
5361 93
6598 0
6598 1
6598 2
6598 3
5169 36
5169 37
5169 38
5331 10
5331 11
5331 12
5331 13
6630 30
6630 31
4957 146
4957 147
4957 148
4957 149
6233 27
6233 28
6233 29
6233 30
6611 162
6611 163
6611 164
6611 165
5384 112
5384 113
5384 114
5384 115
5090 40
5090 41
5090 42
5090 43
6304 191
6304 200
4999 28
4999 31
4999 32
4999 35
5418 97
5418 98
5418 99
5418 100
5182 6
5182 7
5182 8
5182 9
5985 136
5985 137
6007 62
6007 63
5013 188
5013 189
5013 190
5013 191
5588 204
5588 205
5588 206
5588 207
4954 14
4954 15
4954 16
4954 17
5167 9
5167 10
5167 13
5167 14
4971 12
4971 13
4971 14
4971 15
6404 22
6404 57
6404 59
6404 61
6321 32
6321 51
5031 73
5031 74
5031 75
5031 76
5017 38
5017 39
5017 40
5017 41
5908 14
5908 15
5908 16
5908 17
6583 53
6583 54
6583 55
6583 56
5440 24
5440 25
5440 26
5440 27
5925 49
5925 60
5925 61
5925 62
6198 8
6198 9
6198 10
6198 11
5782 64
5782 65
5782 66
5782 67
6301 126
6667 4
6667 5
6667 6
6667 7
6330 3
5921 30
5921 31
5921 32
5921 33
5208 64
5208 65
5208 66
5208 67
6321 37
6321 38
6321 39
6321 40
6236 5
6236 6
6236 7
5021 14
5021 15
5021 17
5021 18
6163 53
6163 55
6163 56
6163 57
6544 289
6544 290
6544 291
6544 292
5391 28
5391 29
5391 30
5391 31
5087 11
6387 20
6387 21
5051 166
5051 167
5051 168
5051 169
5187 185
5187 186
5187 187
5187 190
5207 8
5207 9
5207 10
5207 11
6221 24
6221 25
6221 26
6221 27
5600 22
5600 23
5600 24
5600 25
6138 38
6138 103
6138 104
6138 107
5425 36
5425 37
5425 38
5425 39
6507 185
6507 192
6507 193
6507 194
5977 206
5977 207
5977 208
5977 209
6552 26
6552 27
6552 28
6552 29
6689 94
6689 95
6689 96
6689 97
5157 82
5157 83
5157 84
5157 85
5169 63
5169 64
5169 65
5169 67
6401 87
6401 96
6401 97
6401 98
6370 40
6370 41
6370 42
6370 43
5782 25
5782 26
5782 27
5782 28
6349 41
6349 42
6349 45
6349 46
6168 68
6168 69
6168 70
6168 71
6356 183
6356 184
5187 208
5187 210
5187 211
5187 212
6445 1
5204 29
5204 30
5204 31
5204 32
6655 21
6655 22
6655 23
6655 24
5892 4
5892 5
5892 6
5892 7
6596 89
6596 90
6596 91
6596 92
6265 4
6265 5
6265 6
6265 7
6683 20
6683 21
6683 22
6683 23
4952 26
4952 27
4952 28
4952 29
6683 78
6683 79
6683 90
6683 91
6591 163
6591 164
6591 165
6591 166
5139 106
5139 107
5139 108
6664 152
6664 153
6664 154
6664 155
5901 152
5901 153
5901 154
5901 155
6349 34
6349 35
6349 37
6349 38
6168 175
6168 176
6168 177
6168 178
6748 83
6748 84
6748 85
6748 86
6683 134
6683 135
6683 136
6683 137
6697 128
6697 129
6697 130
6697 131
6692 46
6692 47
6692 48
6692 49
6265 8
6265 9
6478 37
6478 38
6478 39
6478 40
5906 128
5906 131
6748 157
6748 158
6748 159
6748 160
6231 0
6231 1
6231 3
6231 4
6312 14
6312 15
6312 16
6312 17
6105 100
6105 101
6105 102
6105 103
5139 70
5139 71
5139 73
5139 74
4987 38
4987 39
4987 41
4987 42
6118 42
6118 43
6118 44
6118 45
6100 102
6100 103
6100 104
6100 105
5078 49
5078 50
5078 51
5078 52
6323 38
6323 39
6323 40
6323 41
6110 34
6110 45
6110 46
6110 47
6548 16
6548 17
6548 19
6548 20
6199 186
6199 187
6199 188
6199 214
5187 110
5187 111
5187 112
5187 113
6176 100
6176 121
6176 126
6478 19
6478 20
6478 21
6478 22
6633 20
6633 21
6633 22
6633 23
6402 32
6402 33
6402 34
6402 35
6334 34
6334 35
6334 37
6334 38
6683 185
6683 186
6683 187
6683 188
5616 6
5616 15
5616 17
5616 18
6070 132
6070 134
6098 103
6098 141
6098 146
6098 161
6076 133
6341 118
6341 122
6341 131
6341 146
5982 46
5982 47
5982 48
5982 49
6649 70
6649 71
6649 72
6649 73
6619 76
6619 77
5935 16
5935 17
5607 57
5607 64
5607 65
5607 67
6379 192
6379 193
6379 194
6379 195
6323 24
6323 25
6323 26
6323 27
5909 53
5909 54
5909 55
5909 56
5368 28
5368 29
5368 30
5368 31
5084 110
6336 2
6336 3
6336 6
6336 7
5776 16
5776 17
5776 48
5776 49
5061 90
5061 93
5061 94
5061 96
6219 23
6219 24
6219 25
6219 26
6343 81
6343 82
6343 83
6343 84
5399 70
5399 71
5399 72
5399 73
5070 60
5070 61
5070 62
5070 63
6231 112
6231 113
6231 116
6231 117
5948 41
5948 42
5948 43
5948 44
6410 191
5092 4
5092 5
5092 6
5092 7
6551 90
6551 91
6551 92
6551 93
4979 77
4979 78
4979 79
4979 80
5331 200
5331 201
5331 202
5331 203
5368 64
5368 65
5368 66
5368 67
5047 8
5047 9
5047 11
5047 12
6525 30
6525 31
6622 61
6622 62
6622 63
5778 20
5778 21
5778 22
5778 23
6663 9
6663 10
6663 11
6663 12
5399 54
5399 55
5399 56
6551 160
6551 161
6551 162
6551 163
5181 21
5181 22
5181 23
5181 24
5051 20
5051 21
5051 22
5051 23
6168 188
6168 190
6168 198
5093 12
5093 13
5093 14
5093 15
5059 20
5059 21
5059 22
5059 23
6382 148
6382 151
6382 155
5606 79
5606 80
5606 81
5606 82
6205 36
6205 40
6205 47
6205 51
5005 168
5005 169
5005 170
5005 171
5926 0
5926 4
5926 9
5183 11
5183 12
5183 13
5183 14
6359 27
6359 28
6359 29
6359 31
6100 86
6100 87
6100 88
6100 89
6090 145
6090 146
6090 147
6090 149
6352 22
6352 23
6352 24
6352 25
5915 119
5915 120
5915 121
5915 122
6091 100
6091 101
6091 103
6091 105
6507 64
6507 65
6507 66
6507 67
6056 36
6056 37
6056 38
5782 8
5782 9
5782 10
5782 12
5366 26
5366 27
5366 28
5366 29
6004 40
6004 70
6004 71
6004 73
6147 57
6147 58
6147 59
5099 76
5099 77
5099 78
5099 79
5354 0
5354 1
5354 2
5354 3
6642 24
6642 25
6642 26
6642 27
5347 0
5347 1
5347 2
5347 3
6748 153
6748 154
6748 155
6748 156
5154 39
5154 110
5154 113
5154 114
6352 28
6352 29
6352 31
6352 32
6410 5
6410 130
6410 131
6410 134
6281 85
6281 86
6281 87
6281 97
5396 1
5396 2
5396 3
5396 4
5095 36
5095 37
5095 38
5095 39
6683 24
6614 109
6614 110
6614 111
6674 5
6674 6
6674 7
6674 8
6336 122
6336 123
6336 124
6336 126
5425 44
5425 45
5425 46
5425 47
6423 110
6423 111
6423 112
6423 113
5151 161
5965 39
5965 40
5965 42
5965 44
5337 20
5337 21
5337 22
5337 23
6311 64
6311 65
6311 66
6311 67
6058 64
6058 65
6058 66
6058 67
5386 15
5386 16
5386 90
5386 152
6616 41
6616 43
6616 68
6616 71
5153 7
5153 8
5153 9
5153 10
6367 77
5436 56
5436 57
5436 58
5436 59
6502 19
6502 20
6502 31
6502 32
4999 54
4999 55
4999 58
4999 59
6083 38
6083 39
6083 40
6083 41
5390 40
5390 41
5390 42
5390 43
5046 26
5046 27
5046 28
5046 29
6461 44
6461 45
6461 47
6461 48
6350 80
6350 81
6350 82
6350 83
6591 30
6591 31
6591 32
6591 33
6664 101
6664 102
6664 103
6664 104
6444 119
6444 120
6444 121
6444 122
5891 116
5891 117
5891 118
5891 119
5038 47
5038 48
5038 49
5038 50
4955 92
4955 93
4955 94
4955 95
5946 70
5946 71
5946 74
5946 75
6121 16
6121 17
6121 18
6121 19
6551 66
6551 67
6551 70
6551 71
5977 33
5977 34
5977 35
5977 37
5983 20
5983 21
5983 22
5983 23
5136 1
5136 2
5136 3
5136 4
6192 38
6192 39
6192 60
6192 61
6440 90
6440 94
6440 112
6440 116
6553 20
6553 21
6553 22
6553 23
5586 203
5586 204
5586 205
5586 206
5365 16
5365 17
5365 18
5365 19
5455 28
5455 29
5455 30
5455 31
5598 45
5598 46
5089 45
5089 46
5089 47
5089 48
6600 153
6600 154
6633 18
6633 19
6568 8
6568 9
6568 20
6568 21
5166 2
5166 4
5166 12
5166 14
6354 8
6354 9
6281 132
6281 133
6281 134
6281 135
6314 128
6314 129
6314 130
6314 132
5025 37
5025 38
5025 39
5025 40
5130 52
6642 89
6642 100
6642 101
6642 102
6517 22
6517 24
6517 25
5177 46
5914 67
6219 31
6468 2
6468 6
6468 9
6468 10
5364 207
4979 37
4979 38
4979 39
4979 40
5211 101
6529 73
6529 74
6121 81
6121 82
6312 94
6312 95
6312 96
6312 97
5154 186
5418 66
5418 67
5418 68
5418 69
4957 86
4957 87
4957 88
4957 89
5093 121
5093 122
5093 123
5093 124
5084 78
5082 22
6429 18
5197 12
5197 13
5197 14
5197 15
5154 182
5154 193
5154 200
5154 202
6669 63
6649 62
6649 63
6446 144
6446 145
6446 146
6446 147
5019 76
5019 77
5019 78
5019 79
6280 7
6468 20
6468 21
6468 22
6468 23
5187 183
5187 184
5187 188
5187 189
6647 207
5025 91
6482 32
6482 35
6482 36
6482 39
5395 4
5395 5
5395 6
5395 7
6280 28
6336 73
6336 76
6336 77
6336 80
5005 136
5005 137
5005 138
5005 139
6535 122
6535 123
6535 124
6535 157
6176 122
6004 54
6004 56
6004 57
6004 58
6608 41
6608 64
6608 65
6608 66
6517 34
6517 35
6517 36
6517 37
6442 24
6442 25
6442 26
6442 27
5187 191
5099 24
5099 25
5099 26
5099 27
6184 31
5078 36
5078 37
5078 38
5078 39
6553 159
6371 46
6371 47
6371 48
6371 49
5084 139
6528 69
6480 37
6480 38
6480 39
6480 40
6588 51
6588 52
6588 53
6588 54
6325 38
6325 39
6325 40
6325 41
4998 140
4998 141
4998 142
4998 143
6525 58
5625 193
5625 194
5625 195
5625 196
5337 106
5337 107
5337 108
5337 109
6419 10
6487 79
6487 80
6487 81
6487 82
6324 77
6324 78
6324 79
6324 80
5456 24
5456 25
5456 26
5456 27
5106 77
5106 138
5106 140
5106 142
6190 81
6190 82
6190 83
6190 84
5176 1
6059 0
6059 1
6059 3
6059 4
6092 222
6092 223
6092 224
6092 225
6637 23
5204 124
5204 125
5204 126
5204 130
6659 59
4952 54
4952 55
4952 56
4952 57
6615 42
6615 43
6615 44
6615 45
6334 58
6334 59
6334 62
6334 63
6356 10
6356 11
6356 12
6356 13
5611 103
5133 28
5133 29
5133 30
5133 31
5783 108
5783 109
5783 110
5783 111
6347 4
6347 5
6347 6
6347 17
6288 41
6288 42
6288 43
6288 44
6050 33
6050 34
6050 37
6050 38
6387 8
6387 9
5362 10
5362 11
5362 12
5362 13
6122 127
6122 128
6122 129
6122 130
4982 59
4982 60
4982 61
4982 62
6199 202
6199 203
6199 206
6199 207
6191 44
6191 45
6191 46
6191 47
6533 24
6533 25
6533 26
6533 27
6059 132
6059 133
6059 135
6059 136
5925 102
6431 83
6431 84
6431 85
6431 86
6313 14
6341 52
6341 54
6341 55
6341 56
6553 138
6553 139
6553 140
6553 141
5367 22
5367 23
5367 24
5367 25
5331 88
5331 89
5331 90
5331 91
6542 102
6542 103
6542 104
6542 105
6551 164
6551 165
6551 166
6551 167
6348 34
6348 36
6348 37
6348 38
6230 82
6230 99
6230 100
6230 101
6647 119
6338 34
6338 36
6338 37
6338 38
6688 30
6688 31
6198 26
6299 50
6299 51
6299 52
6299 53
5029 91
5029 93
5029 95
5029 96
6404 8
6404 11
6404 12
6404 13
5783 33
5783 34
5783 35
5783 36
5418 140
5418 141
5418 142
5418 143
6341 18
6341 19
5090 136
5090 137
5090 138
5090 139
5009 0
5009 2
5009 3
5009 4
6007 0
6007 1
6007 3
6007 4
6203 19
6203 20
6203 23
6203 24
5605 116
5605 117
5605 118
5605 119
5021 9
5021 10
5021 12
5021 13
5365 0
5365 1
5365 2
5365 3
6376 94
5092 124
5092 125
5092 126
5092 127
6598 96
6598 97
6598 98
6598 99
6664 52
6664 53
6664 54
6664 55
4998 20
4998 21
4998 22
4998 23
5947 142
5947 149
5964 1
5964 5
5364 62
5364 63
5364 64
5364 65
6529 99
6529 100
6529 101
6529 102
6611 96
6611 97
6611 98
6611 99
6103 0
6103 1
6103 2
6103 3
6480 41
6480 42
6480 43
6480 44
6551 64
6551 65
6551 68
6551 69
6551 56
6551 60
4999 53
4999 56
4999 57
4999 60
6421 16
6421 17
6421 18
6421 19
6046 115
6334 68
6334 71
6334 72
6334 75
6533 151
6533 152
6031 39
6031 40
6031 43
6031 44
6359 91
6359 92
6359 93
6359 94
6669 51
6669 52
6669 53
6669 54
6379 85
6379 86
5947 78
5947 79
5947 80
5947 81
6230 36
6230 41
6230 45
6230 48
6206 14
6206 15
6206 16
6206 17
6507 56
6507 57
6507 58
6507 59
6285 99
6285 100
6285 101
6285 102
6147 30
6147 52
6147 56
6417 129
6417 130
6417 133
6417 134
6313 30
6313 79
6313 80
6313 81
6180 2
6180 4
6180 6
6180 9
6319 9
6319 10
6602 34
5996 4
5996 7
5996 8
5454 21
5454 43
5454 167
5454 174
5084 22
5071 12
5071 13
5071 14
5071 15
6310 48
6310 49
6310 50
6310 51
6140 79
6140 80
6423 133
6423 134
6423 137
6423 138
6007 14
6007 15
5061 6
5061 41
5061 166
5061 170
6168 130
6168 134
6168 137
6168 138
6591 179
6591 180
6591 181
6114 16
6114 17
6114 18
6114 19
6429 43
6429 44
6429 45
6429 46
6606 99
6606 104
6468 122
5029 60
5106 69
5106 73
5106 134
5106 136
6076 53
6312 157
6312 159
5449 44
5449 45
5449 46
5449 47
6235 0
6235 1
6235 2
6235 3
5179 196
6501 63
6031 155
6031 156
6031 157
6031 158
6683 216
6683 217
6153 63
6153 64
6549 94
6549 95
6121 43
6407 40
6407 41
6407 42
6407 43
5013 144
5013 145
5013 146
5013 147
6113 34
6113 35
6113 36
6113 37
5774 109
6381 140
5915 128
5915 129
5915 130
5915 131
6182 43
6182 45
6182 46
6182 47
6676 77
6064 24
6064 25
6064 26
6064 27
4966 0
4966 3
6139 108
6139 109
6139 110
6139 111
6650 23
6650 24
6650 25
6650 26
6468 125
6012 20
6012 21
6343 183
6343 184
6507 203
6106 108
6106 109
6106 110
6121 30
6121 33
6121 37
5208 16
5208 17
5208 18
5208 19
5619 13
6530 8
6530 9
6457 128
6457 129
6457 130
6457 132
5921 121
5437 48
5437 49
5437 60
5437 61
6114 50
6114 51
6114 52
6114 53
5921 4
5921 5
5921 6
5921 7
5966 159
5966 190
6343 115
6343 116
6343 117
6343 118
6098 12
6098 13
6098 14
6098 15
6046 43
6046 46
6046 47
6046 48
6647 242
6647 243
6647 244
6647 245
5169 160
5169 161
5169 162
5169 163
6562 128
6562 129
6562 130
6562 141
6185 15
6185 18
6318 45
6318 46
6318 47
6318 48
6448 152
6448 153
6448 154
6192 26
6192 27
6192 28
6192 29
6059 82
6059 86
6059 96
6059 97
6622 29
6157 92
6283 21
6283 22
6283 23
6283 24
6480 0
6480 1
6480 2
6480 4
6563 114
6563 115
6563 116
6563 117
6664 160
6664 161
6664 162
6664 163
5949 24
5949 25
5082 8
5005 76
5005 77
5005 78
5005 79
6318 147
6367 64
6367 65
6367 66
6367 67
6206 126
6206 127
6592 63
5136 25
5136 26
5136 27
5136 28
5351 36
6301 0
6301 1
6301 2
6301 3
6205 87
6205 88
6468 73
6468 75
6468 106
5783 49
5783 50
5783 51
5783 52
6101 4
6101 5
6101 6
6101 7
6379 168
6379 169
6379 170
6379 171
6647 223
6672 43
6672 44
6362 27
6362 28
6110 29
5364 178
5364 179
6748 140
6748 141
6748 142
6748 143
5946 39
6647 105
6647 106
6383 22
6383 23
6383 24
6383 25
4952 75
4952 76
4952 77
4952 78
6688 73
6688 74
6688 75
6688 76
5099 44
5099 45
5099 46
5099 47
5084 81
6360 59
6360 60
5146 53
6332 80
6332 83
6332 84
6332 87
6027 64
6027 65
6027 66
6027 67
6216 137
6021 176
4962 120
5070 16
5070 17
5070 18
5070 19
5611 11
5611 12
5611 33
5611 39
5029 86
5029 87
5029 88
5029 89
6182 104
6182 105
6182 106
6182 107
6446 93
5146 22
5146 58
6383 41
6383 52
6383 53
6577 110
6577 111
6577 128
6577 129
6075 28
6075 29
6075 30
6075 31
6184 22
6184 32
6184 72
6184 73
6330 7
5084 116
6664 142
6664 143
6664 144
6664 145
6339 16
6339 17
6339 18
6339 19
5441 15
5441 16
5441 17
5441 18
5169 23
5169 26
5169 156
5169 158
5961 28
5961 29
6527 5
6527 6
6527 7
6527 8
6007 25
6007 26
6007 27
6007 28
6544 192
6544 194
6544 195
6544 196
5925 73
5925 74
5925 75
5925 76
5436 136
5436 137
5436 138
5436 139
6148 28
6148 29
6535 209
6535 210
6482 112
6482 113
6482 114
5345 8
5345 9
6203 35
6203 36
6203 37
6203 38
6176 85
6176 86
6176 87
6176 90
5332 192
5332 194
5332 195
5332 196
5167 1
5168 17
5168 21
5168 22
5168 24
6440 69
6440 81
6440 82
6440 83
6115 60
6115 61
6115 62
6115 63
6340 62
6605 88
6605 90
5782 119
5782 120
6218 37
6218 38
6218 40
6218 30
6218 31
5184 5
5184 13
5433 118
5433 119
5433 120
5433 121
6162 160
6162 161
6162 163
6162 173
6630 54
6630 77
6630 104
6542 49
6542 50
5914 16
5914 17
5914 18
5914 19
6226 154
6219 153
6219 154
6219 155
6219 156
4979 54
4979 55
4979 56
4979 57
5084 63
6520 29
6520 30
6103 101
6103 156
6103 157
6103 158
6573 70
6573 71
6573 72
6573 73
6280 130
6280 131
6280 132
6280 133
6021 87
6076 70
6076 147
6076 151
6354 99
6354 100
6354 101
6354 102
6074 106
6074 107
6074 108
6074 109
6157 62
6157 63
6341 36
6341 37
6341 39
6341 40
6425 189
6425 190
6425 191
5337 41
5337 42
5337 43
5337 44
6144 18
6144 19
5361 114
5361 115
5361 116
5361 117
6687 220
6630 149
6055 16
6055 17
6055 18
6055 19
6304 144
6304 152
6304 156
6304 163
6336 102
6336 103
6336 104
6336 105
6535 78
6535 80
6535 81
6535 82
6076 34
6076 43
6076 52
6076 157
6371 63
6184 64
6184 65
6184 66
6184 67
6631 20
6631 21
6631 22
6631 23
6233 11
6233 12
5905 35
5905 36
5905 37
5905 38
5207 68
5207 69
5207 70
5207 71
5386 30
5386 92
5151 21
6182 0
6182 1
6182 2
6182 3
6404 120
6404 121
6404 122
6404 124
4992 132
4992 133
4992 134
4992 135
6692 126
6692 127
6692 132
6692 133
6417 7
6417 8
6417 9
6417 10
5204 19
5204 119
5204 122
5204 127
6387 82
6387 83
6387 84
6387 85
6021 212
6021 213
6021 214
6021 216
5996 15
6542 36
6542 37
6542 40
6542 44
5208 152
5208 153
5208 154
5208 155
6497 145
6497 146
6497 147
5134 15
5617 19
6530 25
6530 26
6530 37
6530 38
4955 24
4955 25
4955 26
4955 27
6340 16
6076 116
6076 118
6564 50
6564 51
6564 52
6564 53
6528 122
6528 123
6461 49
6461 50
5215 51
5215 52
5215 53
5215 54
6423 152
6423 153
6423 154
6423 155
5374 40
5374 41
5374 42
5374 43
5896 12
5896 13
5896 14
5896 15
5894 16
5894 17
5894 18
5894 19
6143 14
6198 159
6198 160
6198 161
6198 163
6630 32
6630 33
6630 34
6630 35
6542 116
6542 117
6542 118
6542 119
6387 181
6387 182
6387 200
6387 201
6084 4
6084 5
6084 6
6084 7
6179 63
6165 28
6165 29
6564 78
6564 144
6564 146
6564 147
6140 64
6140 65
6140 91
6140 98
6111 20
6111 21
6111 22
6111 23
5397 125
5397 126
5397 127
6503 14
6503 15
6503 16
6503 17
6166 10
6166 11
6166 12
6166 13
4998 8
4998 9
4998 10
4998 11
5341 194
5341 195
5341 196
5341 197
4998 80
4998 81
4998 82
4998 83
6308 18
6308 19
6308 20
6308 21
6027 76
6027 77
6027 78
5386 216
5386 217
5386 218
5386 219
6647 97
6647 98
6647 99
6647 100
5106 1
5106 5
5106 9
5106 71
5602 4
5602 5
5602 6
5602 7
6154 20
6154 21
6154 23
6154 24
6634 8
6634 9
6634 10
6634 12
5985 75
5985 76
6146 4
6146 5
6146 6
6146 7
5986 23
5986 24
6382 139
6382 140
6382 141
5370 124
5370 125
5370 126
5370 127
6569 27
5361 100
5361 102
5361 103
6600 34
6600 35
6600 36
6600 37
6683 192
6114 8
6114 9
6114 10
6114 11
5966 64
5966 65
5966 66
5966 67
5154 165
6533 52
6533 53
6533 54
6533 55
5034 68
5034 69
5034 70
5034 71
5207 33
5207 34
5207 35
5207 36
6528 76
6528 77
6528 78
6528 83
6606 48
6606 49
6606 50
6606 51
6214 8
6214 9
6214 30
6214 31
6074 114
6074 115
6074 116
6074 117
5207 28
5207 29
5207 30
5207 32
5906 87
5906 109
5906 110
5906 111
6527 89
6527 90
6527 91
6527 92
6070 0
5195 64
6507 183
6507 184
6383 55
6571 47
6571 48
6571 49
6571 50
6577 103
6577 104
6577 105
5177 22
5177 23
6482 120
6482 121
6198 119
6198 120
5982 20
5982 21
5982 24
5982 25
4998 68
4998 69
4998 70
4998 71
6115 82
6115 83
6115 84
6115 85
6326 40
6326 41
6326 42
6326 43
6623 85
6623 86
5587 8
5587 9
5587 10
5587 11
5333 68
5333 69
5333 70
5333 71
6298 31
6666 24
6666 27
6173 128
6173 129
6173 131
6173 132
5092 72
5092 73
5092 74
5092 75
6106 40
6106 41
6106 42
6106 43
5918 32
5918 33
5918 34
5918 35
5384 20
5384 21
5384 22
5384 23
5607 0
5607 1
5607 4
5607 5
5084 55
6446 132
6446 133
6446 134
6446 135
5078 48
6191 34
6191 35
6191 36
6191 37
5084 112
6748 100
6748 101
6748 102
6748 103
6692 117
6692 118
6404 15
6404 16
6520 0
6520 1
6520 2
6520 3
5436 118
5436 119
5436 120
5436 121
6748 119
6748 120
6748 121
6748 122
5448 8
5448 9
6683 223
5367 10
5367 19
6139 131
6139 132
6139 133
6139 135
6219 11
6219 12
6219 13
6219 14
6190 29
6190 30
6565 36
6565 37
6565 38
6565 39
5906 36
5906 37
5906 38
5906 39
6683 140
6683 141
6683 142
6683 143
6197 43
6446 181
6446 182
6614 167
6614 169
6614 170
6614 171
5060 4
5060 5
5060 6
5060 7
5906 75
5906 76
5906 77
5906 108
5217 48
5217 49
5217 50
5217 51
6301 14
6301 15
6301 16
6301 17
5624 63
5624 64
5624 65
5624 66
5977 31
5977 43
6285 127
6444 107
6444 108
6444 109
6444 110
5187 54
5187 55
5187 56
5187 57
5385 12
5385 13
5385 14
5385 15
6327 82
6327 83
5159 1
5159 4
5159 5
5159 9
5386 10
5386 72
5386 135
5386 137
6535 146
6535 148
6535 149
6535 150
6055 30
6055 31
5774 107
5774 108
5774 110
5774 111
5084 3
6690 84
6690 85
6690 86
6690 87
6664 34
6664 35
6664 36
6664 37
5153 19
5153 20
5153 22
5153 23
6030 17
6030 66
6030 67
6004 128
6004 129
6004 130
6004 131
6301 190
6301 191
6123 18
6123 20
6123 21
6123 83
6159 8
6159 9
6548 37
6548 38
6548 39
6548 40
6480 22
6480 23
5233 40
5233 43
5233 47
5233 50
6318 37
6318 38
6318 39
6318 40
6352 26
6352 27
4982 0
4982 1
4982 2
4982 3
5929 69
5929 76
6544 82
6544 83
6544 84
6544 85
6281 53
6281 54
6468 118
6468 120
6468 121
6468 124
6221 40
6221 41
6221 42
6221 43
6092 179
6092 180
6092 181
6092 182
6663 94
6663 95
6096 28
6096 29
6096 30
6096 31
6324 144
6324 145
6324 146
6324 148
5361 126
5361 127
6535 95
6535 96
6535 107
6535 108
6043 149
6043 151
6123 134
6123 135
6123 137
6123 138
6381 136
6381 137
6668 9
6668 10
6668 11
6668 12
5597 64
6686 77
6686 78
6686 79
6206 52
6206 53
6304 74
6468 55
6468 56
6468 57
5361 220
5361 221
5361 222
5361 223
5036 73
5036 74
5036 75
5036 77
6637 9
6637 10
6320 40
6320 41
6320 42
6320 43
6606 21
6606 23
6606 24
6606 27
6687 134
6687 135
6070 13
6070 14
6070 15
6070 16
5891 176
5891 177
5891 178
5891 179
6217 97
6217 98
6217 99
6217 100
5937 45
5937 46
5051 12
5051 13
5051 14
5051 15
6220 13
6220 14
6220 15
6092 214
6092 215
6092 216
6092 217
6031 91
6031 92
6074 100
6074 101
6280 69
6280 70
6280 71
6280 72
5127 41
5127 42
5127 43
5127 44
6692 42
6692 43
6692 44
6692 45
6158 29
6158 30
6158 34
6158 35
5386 27
5386 31
5386 89
5386 121
6640 181
6640 182
6640 183
6640 184
6625 0
6625 1
6625 2
6625 3
5605 78
5605 79
6314 45
6314 47
5364 190
5364 191
5948 57
5948 58
5233 71
5233 72
5233 75
5233 76
6579 108
6579 109
6580 46
6580 47
6580 48
6007 5
6007 7
6007 8
6007 9
4969 108
4969 109
4969 110
4969 111
5588 155
5588 156
5588 157
5588 158
6598 32
6598 33
6598 34
6598 35
5588 88
5588 89
5588 90
5588 91
5963 7
6493 32
6493 33
6493 34
6493 35
6100 110
6100 111
6100 112
6100 113
6318 90
6318 94
6318 95
6318 96
6103 4
6103 5
6103 6
6103 7
6611 18
6611 19
6611 20
6611 21
6483 49
6483 50
6611 47
6611 48
6611 49
6611 50
6427 125
6427 142
6427 143
6427 144
5961 8
5961 9
6630 12
6630 43
6630 44
6630 48
6412 96
6412 97
6412 98
6412 99
5946 29
5946 30
6139 9
6139 34
6139 35
6139 39
6510 56
6510 57
6510 58
6510 59
5341 200
5341 201
5341 202
5341 203
6380 68
6380 69
6380 70
6380 71
6219 97
6219 98
6219 99
6219 100
6195 95
6195 96
6195 97
6195 99
6058 10
6058 11
6058 36
6058 37
5187 124
5187 125
5187 126
5187 127
5376 48
5376 49
5376 50
5376 51
5192 2
5192 3
5192 4
5192 5
6173 193
6173 194
6173 195
6173 196
6229 5
6229 6
6229 36
6229 39
6642 86
6642 87
6642 88
6591 149
6591 150
6591 151
6591 152
5013 8
5013 9
5013 10
5013 11
5427 4
5427 5
5427 6
5427 7
5891 12
5891 13
5891 14
5891 15
6314 94
6314 95
6406 26
6406 153
6406 165
6406 166
6100 82
6100 83
6100 84
6100 85
6004 154
6004 155
6004 156
6004 157
5151 68
5151 73
5151 138
5151 140
6146 75
6146 76
5139 80
5139 81
5139 84
5139 85
5084 24
5437 103
5437 104
5437 105
5437 106
6338 0
6338 3
6338 4
6338 5
6600 18
6600 19
5059 78
5059 79
5059 80
5059 81
6314 46
6314 51
6314 55
6314 59
6073 12
6073 13
6073 14
6073 15
6101 32
6101 33
6101 34
6101 35
6480 61
6446 173
6446 174
6091 107
6091 108
6091 109
6091 110
5182 28
5182 29
5182 30
5182 31
6102 0
6102 1
6102 2
6102 3
5894 53
5894 54
5894 55
5894 56
6562 223
6562 224
6562 225
6562 226
6303 22
6303 23
6303 24
6303 25
5947 160
5947 161
5947 162
5947 163
6281 18
6281 19
5906 202
5906 203
5906 204
5906 205
5127 29
5127 30
5127 33
5127 34
6462 52
6462 53
6349 54
6349 55
6349 56
6349 57
6614 10
6614 11
6614 12
6614 13
6670 32
6670 33
6670 34
6670 35
6634 13
6634 14
5099 52
5099 53
5099 54
5099 55
6148 0
6148 1
6148 3
6148 4
6388 78
6388 79
6388 80
6388 81
5207 144
5207 145
5207 146
5207 147
6199 208
6199 211
5985 210
5985 211
6206 36
6206 37
6206 38
6206 39
5937 9
5937 10
6616 61
6616 62
6210 26
6210 27
6210 28
6146 64
6146 65
6146 66
6146 77
6381 57
6381 127
4975 60
4975 61
4975 62
4975 63
6692 4
6692 5
6692 6
5133 20
5133 21
5133 22
5133 23
4992 102
4992 103
4992 104
4992 106
6690 119
6690 120
6690 121
6690 128
6190 42
6190 43
6190 44
6190 46
5164 10
5164 11
5164 12
5164 13
6631 90
6631 91
6631 92
6631 93
6218 93
6218 95
6218 99
6218 100
5347 4
5347 5
5347 6
5347 7
6605 37
6605 38
6605 39
6605 40
5966 202
5966 203
5235 57
5235 58
5235 59
5235 60
5437 67
5437 68
5437 69
5437 70
5388 50
5388 51
5388 58
5388 59
6140 92
6140 93
6140 96
6140 97
5949 31
5921 52
5921 53
5921 54
5921 55
6663 229
6663 244
6663 245
5436 90
5436 91
5436 92
5436 93
6429 4
6429 5
6429 6
6429 7
6206 6
6206 7
6206 8
6206 9
5933 105
5933 106
6217 42
6217 43
6217 44
6217 45
6332 36
6332 38
6332 39
6332 40
5046 14
5046 24
5046 30
6598 147
6598 148
6598 149
6598 151
5390 58
5390 59
5390 60
5390 61
6687 105
6687 106
6687 107
6687 108
6634 97
6634 98
6634 101
6634 102
6583 161
6583 162
6583 164
6583 165
5203 7
5203 54
5768 0
5768 1
5768 3
5768 4
6166 4
6166 5
6166 6
6166 7
6406 65
6406 66
6406 67
6406 68
6571 44
6571 45
6571 46
6692 23
6692 24
6692 25
6692 26
6461 85
6461 86
6461 87
6461 88
5910 58
5910 59
5910 60
5910 72
6339 105
6339 106
6339 108
6404 62
6404 63
6139 8
6139 10
6139 11
6139 16
6090 77
6090 78
6090 79
6090 80
5157 116
5157 117
5157 118
5157 120
5971 122
5971 125
5971 126
5949 8
5949 9
6092 192
6092 193
6092 194
6092 195
6387 56
6387 57
6387 58
6387 60
5155 18
5155 19
5155 20
5155 21
6073 104
6073 105
6073 106
6073 107
5133 0
5133 1
5133 2
5133 3
6336 26
6336 30
6336 35
6336 36
6376 28
6376 29
6376 95
5127 74
5127 76
5127 77
6664 89
6664 90
6664 91
6664 92
5333 10
5333 11
5333 12
5333 13
5089 12
5089 13
5089 14
5089 15
6614 153
6614 155
6614 156
6614 158
5237 47
5237 48
5237 49
5237 50
5124 40
5124 41
5124 42
5124 43
5925 17
5925 18
5925 19
5925 40
6589 52
6589 53
6589 78
6589 79
6671 90
6671 91
6671 92
6671 93
5368 84
5368 85
5368 86
5368 87
6637 30
6637 31
5904 20
5904 21
5904 22
5904 23
6100 20
6100 21
6100 22
6100 23
6254 13
6254 15
6254 21
6091 199
6091 200
6091 201
6091 202
5154 166
5154 169
5154 175
5154 178
6283 49
6283 50
6283 51
6283 52
5237 4
5237 5
5237 6
5237 7
6192 104
6192 105
6192 106
6192 107
5095 100
5095 101
5095 102
5095 103
6641 40
6641 41
6190 41
6190 45
6190 49
6190 50
5915 33
5915 34
5915 36
5915 37
5618 29
5618 36
5618 38
5618 40
6448 138
6448 139
6448 140
6448 141
6506 167
6506 168
6506 169
6506 170
5044 43
5044 44
5044 45
5044 46
6183 64
6183 65
6183 66
6183 67
5988 20
5988 21
5988 22
5988 34
6324 96
6324 97
6324 98
6324 99
6323 70
6323 71
6323 72
6323 73
5933 117
5933 118
5933 119
5933 120
6568 0
6568 1
6568 2
6568 3
5994 0
5994 1
5994 2
5994 3
6425 87
6425 88
6425 89
6425 90
6529 10
6529 11
6529 12
6529 13
4992 123
4992 125
4992 126
4992 127
6028 0
6028 1
6028 2
6028 3
5333 56
5333 57
5333 58
5333 59
6022 10
6022 12
6022 80
6022 84
5915 97
5915 98
5915 100
5915 101
5364 192
5364 193
5364 194
5364 195
6381 51
6381 156
6381 159
6591 113
6591 114
6591 115
6591 116
6192 22
6192 23
6192 24
6192 25
5385 172
5385 173
5385 174
5385 175
6461 107
6461 108
6461 109
6461 110
5344 36
5344 37
5344 38
6656 55
6656 56
6656 57
6656 58
5084 58
6160 27
6160 28
6160 29
6160 30
6697 100
6697 101
6697 102
6697 103
6058 86
6058 87
6058 88
6058 90
6304 140
6304 141
6304 142
6304 143
6190 21
6190 23
6190 24
6190 27
5338 0
5338 1
5338 2
5338 3
5441 88
5441 89
5441 90
5441 91
6598 42
6598 71
6598 72
6598 75
5341 42
5341 43
5341 44
5341 45
6462 18
6462 19
6058 122
6058 123
6058 124
6058 127
5368 32
5368 33
5368 34
5368 35
6664 178
6664 192
6664 193
6664 194
6101 63
6101 80
6101 81
6223 4
6223 5
6223 6
6223 7
6602 26
6602 27
6602 28
6602 29
6668 24
6668 25
6668 26
6668 27
5157 17
5157 18
5157 19
5157 20
5337 144
5337 145
5337 146
5337 147
6076 127
5906 90
5906 91
5906 92
5906 93
6482 72
6482 73
6482 74
6482 75
6582 62
6582 63
5331 196
5331 197
5331 198
5331 199
6664 108
6664 109
6664 110
6664 111
6164 0
6226 74
6226 78
6226 82
6226 83
5013 148
5013 149
5013 150
5013 151
5397 43
5397 44
5397 45
5397 46
5183 15
5183 17
5183 18
5183 19
6064 36
6064 37
6064 38
6064 39
6261 25
6261 26
6261 27
6261 28
6074 6
6074 7
6074 8
6074 9
6501 64
6501 66
6501 67
6501 68
6605 178
6605 179
6605 180
6605 181
5616 9
5616 53
5616 54
5616 62
6217 110
6217 113
6217 128
6217 131
5391 4
5391 5
5391 6
5391 7
4952 87
4952 88
4952 89
4952 90
6326 6
6326 7
6326 10
6379 48
6379 49
6379 111
6387 136
6387 137
6387 138
6387 139
6630 116
6630 130
6630 134
6211 140
6211 141
6211 142
6211 193
6183 82
6183 83
6183 84
6183 85
6410 0
6410 3
6410 4
6410 8
6542 182
6448 164
6448 165
6448 166
6448 167
6123 13
6123 142
6123 143
6123 144
6410 177
6410 178
6410 181
6410 189
5588 143
5588 144
5588 145
5588 146
6091 102
6091 104
6091 106
6091 119
6206 133
6206 134
6206 135
6206 136
6683 167
6683 168
6683 228
6683 229
4954 0
4954 20
6199 11
6199 12
6199 13
6199 14
6671 12
5454 4
5454 8
5454 66
5454 70
5396 52
5396 53
5396 54
5396 74
5966 171
5966 186
5966 188
5966 189
6115 8
6115 9
6299 26
6299 27
6299 28
6299 29
5450 12
5450 13
5450 14
5450 15
6321 41
6321 42
6321 44
6321 45
5331 192
5331 193
5331 194
5331 195
5155 30
5155 81
5155 145
6138 0
6138 1
6138 2
6138 3
6493 14
6493 15
6493 16
6493 17
5061 105
5061 106
5061 108
5061 109
5403 24
5403 25
5403 26
5403 27
6333 22
6333 23
5364 218
5364 219
5013 104
5013 105
5013 106
5013 107
6311 48
6311 49
6311 50
6311 51
6343 93
5425 4
5425 5
5425 6
5425 7
6102 77
6102 78
6102 79
6102 80
6683 86
6683 87
6683 88
6683 89
6191 14
6191 15
6191 16
6191 17
6300 132
6300 133
6300 134
6300 135
6630 14
6630 17
6630 18
6630 19
4967 22
4967 23
4967 24
4967 25
6572 217
6572 218
6572 219
6572 220
6628 59
6628 60
6628 61
6113 74
6113 75
6113 76
6113 77
5093 73
5093 74
5093 75
5093 76
5588 24
5588 25
5588 26
5588 27
5782 6
5782 11
5782 20
5782 22
5154 8
5154 14
5154 81
5154 100
5046 69
5046 70
5046 71
5046 72
6319 0
6122 111
6122 112
6122 113
6122 114
5588 116
5588 117
5588 118
5588 119
6192 50
6192 51
6192 108
6192 109
6520 8
6520 9
6520 10
6520 11
5015 18
5015 19
5015 20
5015 21
6615 38
6615 39
6615 40
6615 41
5609 32
5609 33
5609 34
5609 35
5183 8
5183 16
6182 68
6182 69
6182 70
6182 71
6329 19
6329 20
6329 21
6640 64
6640 65
6640 66
6640 67
5769 20
5769 63
6432 4
6432 5
6432 6
6432 7
6653 53
6653 54
6653 55
6653 56
6001 23
6001 27
6001 28
6001 29
6544 62
6544 63
6634 21
5334 22
5334 23
5334 24
5334 25
6596 59
6596 60
6596 61
6596 62
6428 10
6428 11
6428 12
6428 13
5440 32
5440 33
5440 34
5440 35
5934 4
5934 5
5934 9
5934 11
5983 96
5983 97
5983 98
5983 99
5386 24
5386 42
5386 46
5386 149
6423 65
6423 66
6423 68
6423 71
6091 215
6091 216
6091 217
6091 218
5005 8
5005 9
5005 10
5005 11
5900 27
5900 28
5900 29
5900 30
4958 4
4958 5
4958 6
4958 7
6647 22
6647 23
6647 24
6647 25
5010 12
5010 13
5010 14
5010 15
5428 24
5428 25
5428 26
5428 27
5340 22
5340 23
5340 24
5340 25
5029 48
5029 152
5029 162
6506 151
6506 152
6308 53
6308 55
6577 96
6577 97
6577 98
6577 99
6667 26
6667 27
6667 28
6667 29
6156 30
6156 31
6634 124
6634 125
6634 126
6634 127
5616 181
5616 182
5616 183
5616 184
5921 12
5921 13
5921 14
5921 15
5095 8
5095 9
5095 10
5095 11
6582 12
6582 13
6582 14
6582 15
5966 74
5966 75
5966 76
5966 77
6140 60
6140 61
6140 62
6140 63
6024 14
6300 174
6300 175
6300 176
6300 177
5051 126
5051 127
5051 128
5051 129
5388 9
5388 10
5388 11
5388 12
6645 14
6645 15
6645 16
6645 17
5891 49
5891 50
5891 51
5891 52
6448 123
6448 124
6448 148
6448 149
5408 16
5408 17
5408 18
5408 19
6059 47
6676 114
6417 144
6417 145
6417 149
6417 151
6324 120
6125 69
6125 77
6125 81
6125 89
6106 44
6106 45
6106 46
6106 47
5093 68
5093 70
5093 71
5093 72
6198 109
6198 113
6198 116
6198 117
6622 19
6622 20
6622 21
6622 22
5029 144
5029 145
5029 146
5029 147
6173 31
6173 32
6173 33
6173 34
6615 77
6615 78
6615 79
6615 80
6634 50
6634 51
6634 52
6634 53
6343 145
6343 146
6343 157
6343 158
5625 185
5625 186
5625 187
5625 188
6667 64
6667 65
6667 66
6667 67
6346 30
6346 31
4999 9
4999 11
4999 12
4999 13
6201 25
6201 26
6201 27
6201 28
6640 169
6640 170
6640 171
6640 172
5124 24
5124 25
5124 26
5124 27
5966 17
5966 18
5966 21
5966 22
6387 22
6387 23
6387 24
6387 25
6103 114
6103 115
6103 116
6103 117
6380 84
6380 85
6380 86
6380 87
6412 74
6412 77
6412 78
6412 79
5337 40
6535 87
6535 88
6535 89
6535 90
5915 123
5915 124
5915 125
5915 132
6329 38
6686 53
6686 54
6686 55
6686 56
6687 115
6687 116
6687 117
6687 118
6577 88
6577 89
6508 39
6508 40
6508 41
6508 42
5013 20
5013 21
5013 22
5013 23
5920 0
5920 1
5920 2
5920 3
5151 183
5151 205
5151 206
5151 213
5337 30
5337 31
5337 32
5337 219
6672 35
6672 36
6672 37
6672 38
5155 48
5155 63
5155 98
6579 42
6579 43
6579 44
6579 45
6076 8
6076 9
6076 11
6076 12
6590 14
6590 15
6590 16
6590 17
6341 34
6341 38
6341 42
6341 46
5133 48
5133 49
5133 50
5133 51
6115 122
6115 123
6115 124
6115 125
5157 48
5157 50
5157 51
5157 52
6421 12
6421 13
6421 14
6421 15
5912 85
5912 86
5912 107
5912 108
6011 74
6011 75
6011 76
6011 77
5966 179
5966 183
5966 196
5966 200
4977 25
4977 26
4977 27
4977 28
5983 38
5983 43
5983 50
5983 54
5029 192
5029 193
5167 22
5167 23
5167 24
5167 25
6441 108
6441 109
6441 110
6441 111
6007 96
6007 97
6007 98
6007 100
5929 14
5929 15
5929 16
5929 17
5332 8
5332 9
5332 10
5332 11
6444 88
6444 90
6444 96
6444 97
5437 71
5437 72
5437 73
5437 74
6379 137
6379 138
5337 24
5337 25
5337 26
5337 27
5341 190
5341 191
5341 192
5341 193
6501 24
6501 25
6501 26
6501 27
6663 64
6663 65
6663 66
6663 67
5127 12
5127 13
5127 14
5127 15
6698 82
6698 83
6549 27
6549 28
6571 58
6571 59
6571 60
6571 61
6216 68
6216 69
6216 70
6216 71
5437 139
5437 140
5437 141
5437 142
6588 4
6588 5
6588 6
6588 7
5198 0
5198 1
5198 2
5198 3
5412 64
5412 65
5412 66
5412 67
5185 68
5185 69
5185 70
5185 71
6440 54
5960 42
5960 43
5960 44
5960 45
5182 42
5182 43
5182 44
5182 45
5341 204
5341 205
5341 206
5341 207
4975 56
4975 57
4975 58
4975 59
5093 109
5093 110
5093 111
5093 112
5408 8
5408 9
5408 10
5408 11
5921 148
5921 149
6530 30
6530 31
6407 175
6367 4
6367 5
6367 6
6367 7
6603 19
6603 20
6603 21
6603 22
6354 0
6354 1
6354 2
6354 3
5605 96
5605 98
5605 100
5605 101
5103 4
5103 5
5103 6
5103 7
6535 197
6535 198
6535 199
6535 232
5604 64
5604 65
5604 66
5604 67
6123 80
6123 81
6123 91
6123 102
6448 119
6448 120
6448 121
6448 122
6442 4
6442 5
6442 6
6442 7
5185 1
5185 5
5185 54
5185 66
6021 224
6021 225
6021 226
6021 227
6676 9
6676 10
6676 11
6676 12
5385 120
5385 121
5385 122
5385 123
6681 40
6681 41
6681 42
6681 43
6689 80
6689 81
5135 4
5135 7
5135 10
5375 0
5375 1
5375 2
5375 3
4955 128
4955 129
4955 130
4955 131
6663 246
6663 247
6663 248
6031 163
6031 164
6031 165
6031 166
5923 40
5923 41
5923 42
6347 88
6347 89
6347 92
6347 93
6564 101
6564 102
6564 103
6564 104
5204 13
5204 14
5204 15
5204 16
5382 145
5382 146
5382 147
5382 148
5364 174
5364 175
5364 176
5364 177
6302 4
6302 5
6302 6
6302 7
5333 14
5333 15
5333 16
5333 17
5139 45
5139 46
5139 48
5139 49
6308 14
6308 15
6308 16
6308 17
6382 38
6382 40
6382 41
6382 109
6354 74
6354 75
6354 76
6354 77
6461 32
6461 33
6461 34
6461 35
5038 63
5038 64
5038 65
5038 66
4979 58
4979 60
4979 61
4979 62
5783 13
5783 14
5783 15
5783 16
6025 91
6025 92
6025 93
6025 94
5404 73
5404 74
5404 75
5404 76
5604 72
5604 73
5604 74
5604 75
6360 20
6360 21
6360 22
6360 23
6547 23
6547 24
6547 25
6547 32
5593 12
5593 13
5593 14
5593 15
6366 14
6366 15
6366 80
6366 81
5370 32
5370 33
5370 34
5370 35
5025 153
5025 154
5025 155
5025 156
6343 123
6343 124
6343 125
6343 126
5204 145
5204 148
5204 153
5204 155
5445 20
5445 21
5445 22
5445 23
5769 53
5769 54
5769 55
5769 56
6671 98
6671 99
6671 100
6671 101
6417 22
6417 23
6417 25
6417 26
6329 39
6329 40
6329 41
6329 42
5454 2
5454 64
5454 68
5454 72
6286 119
6286 120
6286 121
6286 122
5046 31
5046 32
5046 33
5046 34
6565 164
6565 165
6565 166
6565 167
5433 98
5433 99
5433 100
5433 101
5625 14
5625 15
5625 16
5625 17
5084 86
6073 100
6073 101
6073 102
6073 103
5166 6
5166 7
5166 8
5166 9
6004 85
6004 86
6004 87
6004 88
4968 6
4968 7
4968 9
4968 10
5086 22
5086 23
5086 24
5086 25
5143 51
5143 52
5143 53
5143 54
6630 140
6630 141
6630 142
6630 144
5084 46
5912 32
5912 33
5912 34
5912 35
5229 1
5229 2
5229 3
5229 4
5207 4
5207 5
5207 6
5207 7
6468 69
6468 70
6468 71
5332 138
5332 139
5332 150
5332 151
5437 44
5437 45
5437 46
5437 47
6303 105
6303 106
6303 107
6303 108
6468 113
6468 114
6468 116
6468 117
6341 58
6341 59
6341 60
6341 61
6596 79
6596 80
6596 81
6596 82
6406 124
6406 125
6406 126
6406 127
5169 8
5169 9
5169 10
5169 11
6230 4
6230 5
6230 6
6230 7
6021 18
6021 19
6021 148
6021 153
5933 77
5933 78
5933 79
5933 80
5385 24
5385 25
5385 26
5385 27
5778 28
5778 29
5778 30
5778 31
6671 4
6671 5
6671 6
6671 7
6622 64
6622 65
6622 66
6622 67
6681 32
6681 33
6681 34
6681 35
5203 40
5203 41
5203 42
5203 43
5891 16
5891 17
5891 18
5891 19
6407 108
6407 109
6407 110
6407 111
6074 14
6074 15
6074 16
6074 17
5049 19
5049 20
5049 21
5049 49
6315 19
6315 20
6315 21
5179 199
5179 200
5179 202
5179 203
6284 9
6284 10
6284 11
6284 12
6105 44
6105 45
6105 46
6105 47
5211 1
5211 17
5211 33
5211 41
4971 120
4971 121
4971 122
4971 123
5412 104
5412 105
5412 106
5412 107
6628 14
6628 15
6628 16
6628 17
6090 102
6090 103
6090 104
6090 105
5388 27
5388 28
5388 30
5388 31
6113 10
6113 11
6113 12
6113 13
6083 26
6083 27
6083 28
6083 29
5454 196
5454 197
5454 198
5454 199
6589 99
6589 169
6324 16
6324 17
6324 18
6324 19
5127 110
5127 111
5127 112
5127 114
6355 23
6355 24
6355 25
6355 26
5925 2
5925 3
5925 4
5925 5
6544 64
6544 66
6544 67
6544 68
5773 29
5773 30
5773 31
5773 32
6549 16
6549 17
6549 18
6616 113
6616 114
6616 130
6616 134
5333 84
5333 85
5333 86
5333 87
4979 29
4979 30
4979 31
4979 32
6634 3
6634 7
6634 15
6562 151
6562 152
6562 153
6562 154
6544 189
6544 190
6544 191
6583 26
6583 27
6583 28
6583 29
5374 44
5374 45
5374 46
5374 47
5891 140
5891 141
5891 142
5891 143
5204 101
5204 103
5204 104
5204 108
6429 74
6429 75
6429 76
6429 77
6305 63
6583 40
6583 41
6583 42
6457 83
6457 84
6457 85
6457 86
6487 20
6487 21
6487 22
6487 89
6059 68
6059 69
6059 70
6059 71
6371 54
6371 55
5025 19
5025 64
5025 105
5025 135
6111 4
6111 5
6111 6
6111 7
6183 0
6183 1
6183 2
6183 3
6375 47
6375 49
6375 50
6375 78
5598 64
5598 65
5598 66
6483 80
6483 81
6483 82
6483 83
6506 47
6506 48
6506 49
6506 50
5983 8
5983 9
4962 41
4962 42
4962 43
4962 44
6105 28
6105 29
6105 30
6105 31
6588 36
6588 37
6588 38
6588 39
6571 17
6571 18
6571 19
6571 20
5983 10
5983 11
5983 12
5983 13
6103 148
6103 149
6103 150
6103 151
5982 0
5982 1
5982 3
5982 4
6564 86
6564 87
6564 88
6564 89
5151 6
5151 75
5151 106
5151 163
6379 117
6379 118
6379 120
6379 121
5911 18
5911 19
5911 20
5911 21
5946 46
5946 47
6404 159
6404 169
5975 18
5975 19
5996 28
5996 52
5996 53
5996 54
6151 49
6151 50
6151 52
6151 53
6369 105
6369 106
6369 107
6369 108
6638 16
6638 18
6638 19
6111 81
6111 82
6111 83
6111 84
5146 26
5146 27
5146 28
5146 29
6339 133
6339 134
6339 135
6339 136
5935 22
5935 23
5935 24
5935 25
6376 138
6376 140
6376 141
6332 45
6332 46
6332 48
6332 49
5910 93
5910 94
5910 95
6216 118
6216 119
6216 120
6216 121
5151 55
5151 83
5151 89
5151 177
5390 36
5390 37
5390 38
5390 39
6591 99
6591 100
6591 101
6591 102
5602 30
5602 31
5602 46
5602 47
6179 95
6179 96
6179 97
6179 98
6687 4
6687 5
6687 6
6687 7
5990 30
5990 31
5990 32
5990 33
6329 0
6329 1
6329 2
6329 3
5049 47
5049 48
5049 50
5049 51
4952 79
4952 80
4952 81
4952 82
5607 80
5607 81
5607 82
5607 83
5940 12
5940 13
5940 14
5940 16
5171 8
5171 18
5171 56
5171 71
5385 68
5385 69
5385 70
5385 71
6118 134
6118 135
6118 136
6118 137
5604 9
5604 10
5604 11
5604 12
5411 36
5411 37
5411 38
5411 39
5386 98
5386 110
5024 7
5024 8
5024 10
5024 11
6614 62
6614 63
6614 64
6614 65
6429 29
6429 36
6429 37
6429 38
6286 138
6286 139
6286 140
6286 141
5616 185
5616 188
5616 190
5616 191
6687 101
6687 102
6687 103
6687 104
5938 70
5938 72
5938 73
6055 32
6055 33
6055 34
6055 35
6313 12
6313 13
6313 18
6313 19
5600 108
5600 166
5600 190
6548 100
6548 101
6548 102
6548 103
6547 20
6547 21
6547 22
6482 12
6482 13
6482 14
6482 15
6182 116
6182 117
6426 92
6426 93
6426 104
6426 105
5782 124
5782 125
5782 126
5782 127
6074 0
6074 1
6074 2
6074 3
6630 133
6630 135
6630 136
6630 137
5411 72
5411 73
5411 74
5411 75
5624 12
5624 13
5624 14
5624 15
6340 68
6340 69
6340 70
6340 71
6141 19
6141 20
6141 21
6141 22
5164 6
5164 8
5164 17
5164 80
6230 69
6230 73
6230 76
6230 96
5139 11
5139 12
5139 13
5139 15
6689 86
6689 87
6689 88
6689 89
6297 22
6297 23
6297 24
6297 25
5127 113
5127 126
6151 11
6151 12
6151 13
6151 14
6697 94
6697 95
6697 104
6443 14
6443 15
6443 16
6443 17
6231 12
6231 14
6231 15
6231 16
5600 8
5600 9
5600 50
5600 51
5187 155
5187 169
5099 56
5099 57
5099 58
5099 59
4971 144
4971 145
4971 146
4971 147
6366 39
6366 40
6366 41
6366 42
6031 107
6031 108
6031 110
6031 112
6323 64
6323 65
6323 66
6323 69
5005 92
5005 93
5005 94
5005 95
6423 185
6423 186
6423 187
6423 188
6489 104
6489 105
6489 106
6489 107
6562 104
6562 105
6562 106
6562 107
6176 59
6176 60
6176 61
6176 62
5154 29
5154 34
5154 38
5154 103
5106 43
5106 51
5106 117
5106 121
6371 4
6371 5
6371 6
6371 7
5002 46
5002 47
5002 48
5002 49
4998 76
4998 77
4998 78
4998 79
5783 57
5783 58
5783 59
5783 60
5201 58
5201 64
5201 68
5201 72
5364 115
5364 116
5364 117
5364 118
5086 9
5086 10
5086 92
5086 93
6110 88
6110 90
6110 91
6110 92
5086 50
5086 51
5086 52
5086 53
6475 54
6475 55
6475 56
6475 57
6591 20
6591 23
6591 24
6591 25
6288 60
6288 61
6288 62
6288 63
6197 34
6197 35
6197 36
6197 38
5331 152
5331 153
5331 154
5331 155
5921 102
5921 103
5921 104
5921 105
5906 88
5906 89
5906 149
5906 151
6203 34
6339 4
6339 5
6339 6
6339 7
6533 120
6533 121
6533 122
6533 123
5024 17
5024 19
5024 22
5024 27
5600 26
5600 27
5600 28
5600 29
6564 207
6564 208
6564 221
6564 222
5605 122
5605 123
5605 124
5605 125
6582 16
6582 17
6582 18
6582 19
6410 85
6410 86
6410 122
6409 9
6409 10
6409 11
6409 14
5187 192
5187 193
5187 196
5187 197
6691 16
6691 17
6691 18
6691 19
6467 80
6467 81
6467 82
6467 83
5084 53
6444 2
6176 117
5914 92
5914 93
5914 94
5914 95
5445 32
5445 33
5445 34
5445 35
6318 79
6318 80
6318 82
6318 83
5024 1
5024 2
5024 3
5024 6
5409 26
5409 27
5409 28
5409 29
6340 96
6340 128
6340 129
6340 150
6649 61
6649 87
6649 88
6649 89
6668 17
6668 18
6668 19
6668 20
6367 19
6367 20
6367 21
6367 22
6369 93
6369 94
6369 95
6369 96
5154 64
5154 126
5154 133
5154 163
5102 52
5102 53
5102 54
5102 55
6359 14
6359 15
6359 16
6359 17
6421 0
6421 1
6421 2
6421 3
5025 145
5025 146
5025 147
5025 148
5385 20
5385 21
5385 22
5385 23
6339 155
6339 156
6339 157
6339 158
5403 32
5403 33
5403 34
5403 35
5386 196
5386 197
5386 198
5386 199
6666 128
6666 129
6666 130
6666 131
5361 110
5361 111
5361 112
5361 113
5025 117
5025 118
5025 119
5025 120
5454 53
5454 57
5454 119
5454 123
5616 76
5616 80
5616 88
5616 104
5203 18
5203 19
5203 20
5203 21
5931 0
5931 3
5931 4
5931 5
5009 5
5009 7
5009 8
5009 10
5208 52
5208 53
5208 54
5208 55
5217 24
5217 25
5217 26
5217 27
6535 172
6535 173
6535 174
6535 175
6003 0
6003 1
6003 2
6003 3
6303 64
6303 65
6303 66
6303 67
5211 78
5211 79
6467 129
6467 133
6467 144
6467 148
6478 119
6478 120
6478 121
6478 122
6326 21
6326 22
6326 23
6326 24
6506 79
6506 80
6506 81
6506 82
6297 38
6297 39
6297 40
6297 41
5207 31
5207 59
5207 82
5207 116
6340 138
6340 139
6340 157
6340 158
6090 1
6090 37
6676 153
6676 154
6676 155
6676 156
5779 38
5779 39
5779 40
5779 41
6021 133
6021 134
6021 135
6021 136
5371 45
5371 46
5371 47
5371 48
4962 33
4962 34
4962 35
4962 36
6623 32
6623 33
6623 34
6623 35
6303 96
6303 97
6303 98
6303 99
6311 0
6311 1
6311 2
6311 3
5961 91
5961 93
5961 100
5961 101
5412 164
5412 165
5412 166
5412 167
6440 148
6440 149
6440 150
6440 151
6423 78
6423 79
6423 80
6423 81
6542 158
6542 159
6542 160
6542 161
6446 75
6446 76
6446 77
6446 78
6021 94
6441 62
6441 63
6313 65
6313 66
6313 67
6313 68
6382 192
6382 193
6382 194
6382 195
6353 27
6353 28
6353 69
6353 71
6121 12
6121 13
6121 14
6121 15
5947 36
5947 37
5947 38
5947 40
6381 5
6381 7
6562 200
6562 211
6562 212
6562 213
5937 50
5937 51
5937 52
5937 53
6527 9
6527 10
6527 11
6527 12
6568 10
6568 11
6542 231
6542 232
6529 68
6529 81
5041 83
5041 84
5041 85
5041 86
6139 68
6139 69
6139 70
6139 71
5337 58
5337 59
6689 118
6689 119
6303 4
6303 5
6303 6
6303 7
6429 47
6429 48
6577 80
6577 81
6577 82
6577 83
6284 6
6284 21
6284 35
6318 135
6318 136
6318 137
6318 138
6312 147
6312 151
6312 155
6312 158
5454 47
5454 76
5454 178
6192 96
6192 97
6192 98
6192 99
6074 134
6074 135
6074 136
6074 137
6092 2
6092 3
6092 5
6092 8
6548 0
6548 1
6548 2
6548 3
6580 12
6580 13
6580 14
6580 15
6575 21
6575 54
6650 21
6138 87
6600 123
6600 124
6600 125
6600 126
6385 4
6318 143
6318 144
6318 145
6318 146
6440 63
6382 185
6382 186
6382 187
6382 188
6600 59
6600 60
6600 61
6600 62
5776 30
5776 31
5776 32
5776 33
6653 109
6653 110
6653 111
6653 112
6632 43
6632 44
6426 8
6426 9
6426 10
6426 11
5779 46
5093 105
5093 106
5093 107
5093 108
6490 90
6490 91
6490 92
6490 93
6590 42
6342 16
6092 187
6092 188
6092 189
6092 190
5151 51
5038 31
5038 32
5038 33
5038 34
6533 116
6533 117
6533 118
6533 119
5034 43
5034 44
5034 45
5034 48
6639 54
6639 55
6639 56
6639 57
6366 10
6366 11
6366 75
6366 76
6571 12
6571 16
6571 28
6571 35
6343 85
6343 86
6343 87
6343 88
6340 0
6340 1
6340 2
6340 3
6588 57
6588 58
6588 59
6588 60
5061 97
5061 100
5061 101
5061 104
6022 78
6446 125
6446 126
6446 127
6025 79
6025 80
5776 34
5776 35
5776 36
5776 37
6182 80
6182 81
6182 82
6182 83
5095 56
5095 57
5095 58
5095 59
6354 117
6354 118
6011 64
6011 65
6011 66
6011 67
6326 4
6602 30
6602 31
6633 51
6544 241
6544 243
6544 244
6335 24
6335 25
6669 104
6669 105
6669 106
5370 60
5370 61
5370 62
5370 63
6341 28
6341 29
6683 191
5042 28
5042 29
5042 30
5042 31
6533 64
6533 67
6533 68
6533 71
6669 30
6669 31
6669 32
6669 33
6689 68
6689 69
6689 70
6689 71
5091 13
5091 14
5091 15
5091 16
5382 77
5382 78
5382 79
5382 80
5055 48
5055 49
5055 51
5055 52
6163 1
6141 14
6341 31
6461 93
6461 94
6461 95
6461 96
6506 62
6506 63
5155 91
5155 92
5155 93
5155 94
6043 127
6348 56
6348 57
6348 58
6348 59
6138 96
6138 97
6138 98
6138 99
5092 40
5092 41
5092 42
5092 43
5198 4
5215 4
5215 5
5215 6
5215 7
6696 10
6696 11
6696 12
6696 13
6620 128
6620 130
6620 131
6227 10
6324 30
6324 31
6324 32
6324 33
5929 118
5929 119
6410 1
5782 76
5782 81
6419 9
6525 35
6525 36
6525 37
6525 38
5151 172
5914 39
5914 40
5914 41
5914 42
6183 22
6183 23
6183 24
6183 25
5361 17
6672 39
6672 40
6672 41
6672 42
5938 58
5938 59
6163 69
6163 71
6163 72
6163 73
5947 118
5388 19
5388 20
5388 21
5388 22
6664 239
6664 240
6664 241
5169 200
5169 201
5169 202
5169 203
5189 12
6404 19
6482 78
6482 79
6482 80
6482 81
6078 0
6080 149
6080 150
6080 170
6170 32
6170 33
6170 34
6170 35
6305 24
6305 25
6305 26
6305 27
5985 55
6676 4
6692 78
6549 0
6549 1
6549 2
6549 3
6101 59
6101 60
6101 61
6101 62
5041 65
5041 66
5041 67
5041 69
5036 87
5036 96
5036 98
5036 99
5912 24
5912 25
5912 26
5912 27
6353 17
6353 18
6353 19
6353 20
6572 187
6572 188
6163 75
5768 13
6187 12
6187 13
5919 2
5919 3
5919 7
6322 13
6379 51
5598 37
5598 38
5598 39
5598 40
6346 44
5023 6
5023 8
5144 8
5144 15
5144 18
6075 44
6075 45
6075 46
6075 47
4955 76
4955 79
5456 32
5456 33
5456 34
5456 35
6300 56
6300 57
6300 58
6300 59
6026 10
6026 12
6313 50
6313 51
6313 52
6313 53
6437 9
6387 63
6322 23
6134 24
6134 25
6134 26
6616 23
6616 24
6616 26
6118 184
6118 185
6118 186
6118 187
6457 8
6457 9
6457 12
6457 27
6540 30
6540 31
6347 77
6347 78
6347 79
6347 80
6163 12
6163 13
6163 14
6314 134
5060 100
6600 119
6600 120
6600 121
6600 122
6279 8
6279 22
6279 29
6374 15
6374 17
6594 109
6594 110
6594 111
6594 112
6440 190
6440 191
6508 69
6508 70
4955 132
4955 133
4955 134
4955 135
6672 18
5001 0
5001 1
5001 2
5001 3
6478 10
6478 11
6478 12
6478 13
6553 55
6553 56
6381 187
6381 188
5155 58
5155 59
5155 60
5155 61
6649 52
6649 53
6649 54
6649 55
6388 50
6388 51
6156 20
6156 22
6162 205
6162 208
6022 115
6022 116
6022 117
6322 42
6322 43
5923 47
5923 48
5923 49
6096 8
6096 9
6096 10
6096 11
6176 129
6176 130
6176 135
6176 152
6030 112
6030 116
6441 88
6441 89
6441 96
6441 97
6337 21
6337 51
6404 30
6404 31
5931 1
5931 2
6218 83
6218 84
6218 85
6218 86
6321 12
6321 13
6321 14
6321 15
6347 26
6347 34
6347 35
6347 36
6074 72
6074 73
6074 74
6074 75
6021 20
6021 114
5961 40
5961 42
6608 74
6608 75
6608 76
6608 77
6687 63
6687 68
5154 67
5154 71
5154 74
5154 76
5000 112
5000 113
5000 114
6387 0
6387 1
6387 2
6387 3
5935 94
5935 95
6107 28
6107 29
6107 30
6107 31
5394 52
5394 53
5394 54
5394 55
6683 224
6683 225
6683 226
6683 227
6301 40
6301 86
6301 87
6301 88
6007 94
6007 95
6377 29
6377 30
6629 6
6629 7
6629 9
6629 10
6230 137
6230 139
6230 140
6406 79
6406 80
6406 81
6406 82
6544 309
6544 310
6544 311
6544 312
5901 92
5901 93
5901 94
5901 95
6336 53
6336 57
6336 58
6336 61
6058 96
6058 97
6058 99
6058 100
6658 21
6658 22
6658 23
6183 99
6183 100
6100 26
6100 44
6100 47
6162 174
6162 175
6100 69
6100 70
6100 71
6100 72
5441 96
5441 97
5441 98
5171 9
5171 75
6482 76
6482 77
5975 68
5975 69
5975 70
5975 71
5386 48
5386 52
5386 83
5386 91
6176 131
6176 133
6176 162
6176 193
5894 69
5894 70
5894 71
5894 72
5454 156
5454 162
5454 166
5454 170
5235 40
5235 41
5235 42
5235 43
6103 69
6103 70
6103 71
6103 72
6670 48
6670 49
6160 45
6160 46
6160 47
6043 132
6043 134
6043 135
5946 14
6565 67
6565 68
6565 69
6565 70
6105 80
6105 81
6105 82
6105 83
5361 108
5361 109
6214 40
6214 41
6214 43
6214 44
6325 30
6325 31
6572 221
6572 222
6572 223
6572 224
5906 40
5906 41
5906 42
5906 43
6371 44
6371 45
6649 100
6649 101
6649 102
6649 103
5618 39
5618 45
6118 219
6118 224
6118 225
6118 226
6669 68
6669 69
6669 70
6669 71
6440 119
6440 120
6026 39
6026 40
6026 41
6026 42
6552 44
6552 45
6173 189
6173 190
6173 191
6173 192
6100 172
6100 173
6100 174
6100 175
6165 14
6165 15
6165 16
6165 17
6358 80
6358 82
6353 64
6353 65
6353 67
6353 68
5598 85
5598 86
5607 38
5607 39
5607 40
5607 41
6535 55
6535 56
6535 57
6535 58
6349 19
6349 20
6349 33
5084 47
6226 0
6226 1
6226 4
6226 5
6074 48
6074 49
6074 50
6074 51
5061 2
5061 10
5061 135
5061 139
5934 3
5934 6
5934 8
5934 10
6453 11
6453 13
5070 48
5070 49
5070 50
5070 51
6115 90
6115 91
6115 92
6115 93
5344 68
5344 69
6025 57
6025 58
6025 59
6025 60
6442 32
6442 33
6442 34
6442 35
5940 39
5940 40
5940 42
5940 44
6350 39
6350 40
6350 41
6350 42
6588 1
6588 8
6588 9
6588 23
6201 55
6201 64
6201 65
6201 66
5923 26
5923 27
5923 28
5923 29
6114 132
6114 133
6114 134
6114 135
6647 59
6647 60
6647 61
6647 62
5937 57
6353 14
5171 19
5171 20
5171 21
5171 22
6581 17
6581 18
6581 19
6581 20
6448 37
6448 38
6448 39
6448 40
5055 8
5055 9
5055 10
5055 11
6611 94
6611 95
6176 179
6176 180
6176 181
6176 182
6052 118
6697 8
6697 9
6697 10
6697 11
6160 21
6160 22
6160 23
6160 24
6217 67
6217 68
6217 69
6217 70
6591 109
6591 110
6591 111
6591 112
5996 49
5996 50
5996 51
6141 0
6141 1
6141 2
6141 3
6210 14
6210 15
6210 16
6210 17
6571 91
6571 92
6571 95
5361 166
5361 167
5361 168
5361 169
6605 30
6605 31
6475 61
6475 65
5449 24
5449 25
5449 26
5449 27
6568 32
6568 33
5333 52
5333 53
5333 54
5333 55
6366 62
6366 63
6219 121
6219 122
6219 123
6219 124
5055 16
5055 17
5055 18
5055 19
6339 174
6339 175
6339 176
6339 177
6334 14
6334 15
6334 16
6334 17
6381 41
6381 170
6381 171
6381 172
6122 208
6122 209
6122 211
6122 214
5985 47
5985 48
5985 49
5985 50
6582 39
6582 40
6582 41
6582 61
6510 3
6510 4
6510 7
6510 34
5157 33
5388 46
5388 47
5388 48
5388 49
5605 120
5605 121
6528 170
6528 171
6528 172
6528 173
6426 40
6426 41
6426 42
6426 43
6233 5
6233 7
6233 8
6233 9
6159 16
6159 17
6159 18
6159 19
6675 8
6675 9
6199 108
6199 109
6199 110
6199 111
6103 144
6103 145
6103 146
6103 147
6347 85
6347 86
5334 38
5334 39
6324 111
6324 117
6043 108
6043 145
6043 147
6043 148
6122 83
6122 84
6122 85
6122 86
6166 14
6166 15
6166 16
6166 57
4995 8
6265 10
6265 11
6265 12
6265 13
6305 29
6305 37
6305 38
6305 39
6161 14
6161 15
6161 16
6161 17
6153 61
6153 62
6606 56
6606 57
5192 6
5192 7
6681 36
6681 37
6681 38
6681 39
5167 0
5167 2
5167 3
6327 0
6327 1
6327 4
6544 146
6305 68
6689 25
6689 26
6689 27
6689 36
6199 189
6199 190
6199 191
6383 42
6383 44
6383 45
6383 73
5386 11
5386 77
5386 143
5386 144
6183 74
6183 75
6183 76
4981 55
4981 56
6692 7
6140 0
6140 1
6140 3
6140 4
5909 41
5909 42
5909 43
5909 44
6114 164
6114 165
6114 166
6114 167
6562 35
6562 36
6562 37
6562 38
6381 196
6381 197
6381 198
5946 63
6090 85
6090 86
6090 87
6090 88
6235 54
6235 55
6235 56
6235 57
6162 46
6162 47
6162 48
6162 49
6562 133
6562 134
6562 135
6562 136
6548 71
6548 72
6548 104
5376 12
5376 13
5376 14
5376 15
6441 116
6441 117
6501 58
6501 59
6347 128
6347 129
6347 130
6347 131
6695 32
6695 33
6695 34
6695 35
6448 180
6448 206
6448 207
6448 208
5450 30
5450 31
5450 32
6076 35
6076 36
6076 37
6076 39
6076 41
6076 103
6076 106
6076 113
6535 186
6535 187
5332 172
5332 173
5332 174
5332 175
5600 122
5386 62
6102 93
6102 94
6102 95
6102 96
6198 27
6198 28
6198 29
6198 30
6462 10
6462 11
6462 12
6462 13
6350 27
6350 28
6350 29
6350 30
6596 93
6596 94
6165 24
6165 25
6165 26
6165 27
6217 134
6217 135
6217 136
6217 137
5986 15
5986 16
5986 17
5986 18
5000 88
5000 89
5000 91
5000 92
6157 17
6157 18
6157 89
6157 93
5332 52
5332 53
5332 54
5332 55
6280 12
6280 13
6079 23
6079 24
6079 25
6079 26
6562 165
6562 166
6562 167
6562 168
5925 45
5925 46
5925 47
5925 48
6211 116
6211 117
6211 118
6211 119
6592 53
6592 54
6592 55
6114 120
6114 121
6114 122
6114 123
6030 72
6030 73
6030 75
6030 76
6190 115
6190 116
6190 117
6190 118
6551 11
6551 12
6551 13
5367 11
5367 12
5367 13
5367 14
5343 0
5343 1
5343 2
5343 3
6183 46
6183 47
6183 48
6183 59
6350 110
6350 111
6350 112
6350 113
6748 184
6748 196
6748 197
6748 198
5153 37
5153 38
5153 41
5153 42
5617 8
5617 9
5617 11
5617 12
6619 61
6619 62
6619 63
6217 14
6217 15
6217 16
6217 17
6332 5
6332 7
6332 8
6332 9
6575 43
6575 45
6575 46
6575 49
6078 48
6078 49
6078 50
6078 51
6620 127
6620 152
6620 153
6375 51
6375 52
6375 55
6007 126
6007 127
6683 120
6683 122
6683 128
6683 129
5985 59
5985 64
6642 115
6642 116
5233 77
5233 78
5233 79
5233 80
6478 27
6478 28
6478 29
6478 30
6122 71
6122 72
6122 73
6122 74
6022 153
6022 154
6030 6
6030 7
6030 8
6030 9
5201 84
5201 85
5201 87
5201 88
6697 143
6697 144
6697 145
6439 85
6439 86
6439 87
5934 0
5934 1
5934 2
6285 16
6285 17
6285 18
6285 19
6213 16
6213 17
6213 18
6213 19
6507 216
6507 217
6507 218
6507 219
5952 0
5952 1
5952 2
5952 3
5418 16
5418 17
5418 18
5418 19
6058 197
6058 198
6058 199
6058 200
6669 55
6669 56
6669 57
6669 58
6379 176
6379 177
6379 178
6379 179
6669 45
6669 46
6669 47
6669 48
5966 177
5966 178
5966 180
5966 181
6606 52
6606 53
6606 54
6606 55
5998 0
5998 1
5998 2
5213 0
5213 5
5213 8
6680 108
6680 109
6680 110
6680 111
5029 82
5029 83
5029 84
5029 85
5059 73
5059 74
5059 76
5059 77
6454 18
6687 122
6687 123
6687 124
6687 125
6319 121
6336 37
6336 38
6336 39
6336 40
5217 40
5217 41
5217 42
5217 43
6080 103
6080 104
6080 105
6080 106
6535 182
6535 183
6535 184
6535 185
6312 163
6312 167
6312 171
6312 175
6619 30
6619 31
6528 150
6528 151
6528 152
6528 153
6598 111
6598 112
5154 151
5151 43
5151 67
5151 97
5151 130
5195 4
5195 5
5195 6
5195 7
6046 69
6046 70
6046 71
6046 72
6103 93
6103 94
6103 95
6103 96
6692 138
6692 139
6692 140
6692 141
6671 0
6671 1
6671 2
6671 3
5395 30
6324 37
6324 38
6324 39
6324 40
4952 8
4952 9
4952 10
4952 11
5412 156
5412 157
5412 158
5412 159
5953 19
5208 24
5208 25
5208 26
5208 27
6002 25
6002 26
5337 50
5337 51
5337 52
5337 53
6549 4
6549 5
6549 6
6549 7
6503 48
6503 49
6503 50
6503 51
6047 0
6047 1
6047 2
6047 3
5019 89
5019 90
5019 91
5019 92
6122 8
6122 9
6122 210
6122 213
5386 192
5386 193
5386 194
5386 195
6681 11
6681 12
6681 13
6681 14
6327 19
6327 20
6327 21
6327 22
6110 42
6110 44
4977 5
4977 6
4977 7
4977 8
5332 143
5332 144
5332 145
5332 146
6410 29
6410 34
6410 35
6410 37
6329 54
6201 94
6201 95
6535 129
6535 130
6535 131
6535 133
5062 1
5949 30
6542 82
6542 83
6542 84
6542 85
6021 9
6021 172
6021 173
6021 174
6553 30
6553 31
5013 196
5013 197
5013 198
5013 199
5996 16
5996 20
5996 24
5996 77
6664 48
6664 49
6664 50
6664 51
5212 2
5212 34
5212 35
5212 42
5979 135
5979 138
5979 147
5979 155
6653 4
6653 5
6653 6
6653 7
6091 195
6091 196
6091 197
6091 198
6669 64
6669 65
6669 66
6669 67
6655 12
6655 13
6655 14
6655 15
6448 32
6448 33
6448 34
6448 35
6382 11
6382 13
6382 14
5941 20
5941 21
5941 22
5941 23
6182 49
6182 50
6182 51
6182 53
6479 46
6479 47
6479 48
5204 100
5204 102
5204 105
5204 106
6404 2
6404 3
6404 6
6404 7
6549 108
6549 109
6022 50
6022 51
6022 89
6022 90
6022 119
6022 120
6022 121
6022 122
6594 113
6594 114
6339 95
6339 96
6339 99
6339 100
5397 16
5397 17
5397 18
5397 19
4957 4
4957 5
4957 6
4957 7
6058 160
6058 164
6058 168
6058 172
6692 150
6123 36
6123 37
6123 39
6123 40
6501 32
6501 33
6501 34
6501 35
6301 49
6301 60
6301 61
6301 127
5211 40
5211 43
5211 63
6098 113
6098 114
6098 115
6098 116
6079 10
6079 14
6079 17
5332 110
5332 111
5332 112
5332 113
5910 81
5910 82
5910 83
5910 84
5915 28
5915 29
5915 42
5915 43
6075 23
6075 25
6075 26
6075 27
6658 54
6658 55
6658 57
5362 30
5362 31
5362 32
6055 54
6055 55
6285 128
6285 129
6285 130
6285 131
6281 140
6281 141
6281 142
6281 143
6224 78
6224 79
6224 80
6224 81
6102 29
6102 30
6102 31
6102 32
6111 85
6111 86
6111 87
6111 88
6697 37
6697 38
6697 39
6697 40
6544 108
6544 109
5412 12
5412 13
5412 14
5412 15
6143 12
6401 74
6401 75
6401 76
6401 77
5399 4
5399 5
5399 6
5399 7
6206 128
6206 130
6206 131
6206 132
5370 136
5370 137
5370 138
5370 139
6510 13
6510 14
6510 17
6510 18
5455 114
5455 115
5455 116
5455 117
6457 165
6457 166
6457 199
6457 200
5371 49
5371 50
5371 51
5371 52
6563 70
6563 71
6563 72
6563 73
5194 5
5194 6
5194 7
5194 8
6670 40
6670 41
6670 42
6670 43
4952 42
4952 43
4952 44
4952 45
6160 65
6160 66
6160 69
6160 70
6664 126
6664 127
6664 136
6664 137
6304 149
6304 150
6304 151
6304 153
6319 15
6319 17
6387 144
6387 145
6387 146
6387 147
4957 20
4957 21
4957 22
4957 23
6335 26
5348 14
5348 15
5348 16
5348 17
5909 45
5909 46
5909 47
5909 48
5371 26
5371 28
6110 59
6110 113
5625 72
5625 73
5625 75
5625 76
5940 32
5940 35
5940 36
5940 37
6542 147
6542 148
6542 149
6462 48
6462 49
6462 50
6462 51
6001 38
5930 90
5930 91
6565 28
6565 29
6565 30
6565 31
5084 54
6122 87
6122 88
6122 89
6122 90
6583 49
6583 50
6583 51
6583 52
6286 28
6286 29
6286 30
6286 31
5589 52
5589 53
5589 54
5589 55
6698 124
6698 125
6687 192
6687 193
6687 194
6687 195
6114 104
6114 105
6114 106
6114 107
6311 125
6311 126
5892 48
5130 96
5130 97
5130 98
5130 99
5914 128
5914 129
5914 130
5914 131
6666 169
6666 170
6666 171
6666 172
6045 16
6045 17
5419 104
5419 105
5419 106
5419 107
6216 88
6216 89
6216 90
6216 91
6468 5
6468 7
6468 8
6468 11
5204 22
5204 146
5204 147
5204 149
6217 58
6217 59
6217 61
6217 62
6631 45
6503 100
6503 101
6503 102
6503 103
5013 212
5013 213
5013 214
5013 215
4952 5
4952 6
4952 7
6448 196
6448 197
6448 198
6448 199
6553 12
6553 13
6553 14
6553 15
5084 85
6583 128
6583 129
6583 130
6583 131
5959 0
5959 1
5959 2
6340 130
6340 131
6340 132
6340 133
6324 103
6324 104
6324 105
6324 106
6425 91
6425 92
6425 93
6425 94
6343 97
6343 98
6343 99
6343 100
5418 165
5418 166
5418 167
5418 168
6190 97
6190 98
6157 45
6157 46
6157 47
6157 48
6098 105
6098 106
6098 107
6098 108
6439 25
6439 26
6439 27
6439 28
6568 16
6568 17
6568 18
6568 19
5171 23
5171 24
5171 25
5171 26
5892 28
5892 29
5892 30
5892 31
6528 168
6528 169
5031 48
5031 49
5031 50
5031 51
4992 182
4992 190
6577 59
6577 100
6577 101
6577 102
5454 29
5454 95
5084 44
5364 50
5364 51
5364 148
5364 149
6575 41
6575 42
6575 51
6575 53
5947 158
5947 159
6339 58
6339 101
6339 102
6339 103
5013 132
5013 133
5013 134
5013 135
5364 94
5364 95
5364 96
5364 97
6283 101
6283 102
6283 103
5154 54
5154 59
5154 72
5154 117
6347 163
6347 164
6347 165
6347 166
6106 79
6106 83
6106 84
5914 47
5914 48
5914 49
5914 50
5179 48
5179 49
5179 50
5179 51
6304 166
6304 168
6304 169
6304 170
5382 181
5382 182
5382 183
5382 184
5625 52
5625 53
5625 54
5625 55
5906 28
5906 29
5906 30
5906 31
6106 56
6106 60
6106 64
6106 65
6401 91
6401 92
6401 93
6401 95
5985 121
5985 122
5985 123
5985 124
6362 23
6362 24
6362 25
6362 26
5059 18
5059 25
5059 75
5059 83
6647 140
6647 141
6647 142
6647 143
5925 50
5925 51
5925 71
5925 72
5783 29
5783 30
5783 31
5783 32
5424 14
5424 15
5975 58
5975 59
5975 60
5975 61
6381 152
6381 153
6381 154
6381 155
5208 88
5208 89
5208 90
5208 91
6579 114
6579 115
6579 116
6579 117
6176 214
6176 215
6176 216
6176 217
5203 70
5203 71
5203 72
5203 73
6183 4
6183 5
6529 39
6529 40
6529 41
6529 107
5339 26
5339 27
5339 28
5339 29
6312 161
6312 162
6312 164
6312 165
6090 126
6090 127
5338 28
5338 29
6530 43
6530 44
5154 16
5154 24
5154 62
5154 146
6064 20
6064 21
6064 22
6064 23
6528 132
6528 133
6528 134
6528 135
6616 110
6616 133
6616 135
6616 136
6387 171
6387 172
6387 173
6387 174
6100 160
6100 161
6100 162
6100 163
6194 29
6194 30
6163 17
6163 42
6454 4
6454 5
6454 6
6454 7
5616 124
5616 215
5616 217
5616 218
5376 8
5376 9
5376 10
5376 11
5233 129
5233 131
5233 132
5233 134
5367 0
5367 1
5367 2
5367 3
6007 24
6007 32
6007 33
6007 34
5049 0
5049 1
5049 2
5049 3
5337 206
5337 207
5337 208
5337 209
6640 68
6640 69
6640 70
6640 71
6404 151
5611 93
5611 94
5611 95
5611 98
6241 0
6241 1
6241 2
6241 3
5589 28
5589 29
5589 30
5589 31
5385 148
5385 149
5385 150
5385 151
6628 0
6628 1
6628 2
6628 3
5084 30
5397 75
5397 76
5397 77
5397 82
6591 46
6591 171
6591 172
6591 173
6683 236
6683 237
6683 238
6683 239
6580 30
6580 31
6216 104
6216 105
6216 106
6216 107
6027 36
6027 37
6542 223
6542 224
6542 225
6542 226
6527 73
6527 74
6527 75
6527 76
6304 15
6304 16
6304 17
6304 18
6198 128
6198 129
6198 131
6198 132
6073 116
6073 117
6073 118
6073 119
6748 91
6748 92
5411 68
5411 69
5411 70
5411 71
6551 186
6551 187
6551 188
6551 189
5605 30
5605 36
5906 160
5906 161
5906 162
5906 164
6299 70
6299 71
6299 72
6299 73
6482 115
6482 118
6482 131
6482 135
5138 0
5138 1
5138 2
5138 3
6369 28
6369 29
6369 36
6369 37
6022 13
6022 14
6022 15
6022 16
6231 54
6231 55
6231 56
6231 66
5619 50
5619 51
5619 52
5619 53
6311 132
5619 32
5619 33
5619 36
5619 37
6568 26
6568 27
6568 28
6568 29
6359 104
6359 108
6448 74
6448 75
6448 76
6448 77
5386 67
5386 71
5386 74
5386 78
5448 14
5448 15
5448 16
5448 17
5617 0
5617 27
5617 49
5617 54
6583 81
6583 82
6583 83
6583 84
5002 40
5002 50
6401 78
6401 79
6401 80
6401 81
6216 8
6216 9
6216 42
6216 43
5941 24
5941 25
5941 26
5941 32
6318 49
6318 50
6318 51
6318 52
6118 160
6118 161
6118 162
6118 163
5988 28
5988 29
6630 50
6630 51
6630 52
6630 53
4969 44
4969 45
4969 46
4969 47
6382 6
6382 7
6382 9
6382 10
5436 122
5436 123
5436 124
5436 125
5985 149
5985 150
5985 158
5985 159
6423 106
6423 107
6423 108
6423 109
5397 36
5397 37
5397 38
5397 87
6440 110
6440 113
6440 174
5957 8
5957 9
5957 12
5957 13
5905 12
5905 13
5905 14
5905 15
5961 32
5961 33
5961 34
5961 35
6105 88
6105 89
6105 90
6105 91
5157 43
5157 44
5157 46
5157 47
6487 61
6446 100
6446 101
6446 102
6446 103
6092 135
6092 136
6092 137
6092 138
5975 88
5975 92
6343 161
6343 162
6343 163
6343 164
5215 29
5215 30
5215 31
5215 32
5437 16
5437 17
5437 18
5437 19
6642 96
6642 97
6642 98
6642 99
5436 94
5436 95
5436 96
5436 97
5607 68
5607 69
5607 70
5607 71
6490 51
6490 52
6490 53
6490 54
6402 41
6402 42
6402 43
6402 44
6508 32
6508 33
6508 34
6508 37
6748 93
6748 94
6748 95
6339 124
6339 125
6339 126
6339 127
6694 0
6694 1
6694 2
6694 3
5385 48
5385 49
5385 50
5385 51
5070 76
5070 77
5070 78
5070 79
6324 62
6687 29
4975 81
4975 82
4975 83
4975 84
6669 5
6669 6
6669 7
6669 8
5127 16
5127 17
5127 18
5127 19
5604 96
5604 97
5604 98
5604 99
6031 0
6031 1
6031 2
6031 3
6216 14
6216 16
6216 17
6216 111
6338 98
6338 99
6338 100
6338 101
6151 95
6559 28
6559 29
6559 37
6559 38
6180 21
6180 22
6180 23
6180 24
6663 45
6663 46
6551 9
6551 10
6551 45
6551 46
5337 110
5337 111
5337 112
5337 113
6542 142
6542 143
6098 24
6098 25
6098 26
6098 27
5382 57
5382 58
5382 59
5382 60
6689 150
6689 151
6689 152
6375 113
6375 114
6375 115
6375 116
6199 224
6199 225
6199 226
6199 227
5340 26
5340 27
5340 28
5340 29
6439 16
6439 17
6439 19
6439 20
5334 34
5334 35
5334 36
5334 37
5441 68
5441 69
5441 70
5441 71
6423 20
6423 21
6423 22
6423 23
6065 60
6065 61
6065 62
6065 63
5164 14
5164 15
5164 16
5164 18
5338 40
5338 41
5338 43
5338 47
5616 20
5616 23
5616 157
5616 158
5070 36
5070 37
5070 38
5070 39
5611 45
5611 74
5611 81
5611 82
5005 188
6376 64
6376 65
6376 66
6376 68
5616 134
5616 135
5616 136
5616 137
5413 8
5413 9
5413 10
5413 11
6559 99
5169 149
5169 150
5169 151
5169 152
5923 14
5923 15
5923 16
5923 17
6195 57
6195 58
6195 59
6195 76
6600 113
6600 114
6600 115
6600 116
5339 4
5339 5
5339 6
5339 7
5933 187
6059 30
6059 31
5932 14
5932 15
5932 16
5932 17
6199 174
6199 175
6199 176
6199 177
5233 13
5233 14
5233 15
5233 16
5207 46
5207 47
5207 48
5207 49
6319 122
6319 123
6319 124
6319 125
5042 8
5042 9
5042 10
5042 11
6680 4
6680 5
6680 6
6680 39
5147 27
5147 30
5147 56
5587 24
5587 25
5587 26
6021 142
6021 143
6021 144
6021 145
6140 56
6140 57
6140 58
6140 59
6425 60
6425 61
6425 62
6425 63
5151 64
5151 65
5151 71
5151 131
6614 89
6614 90
6614 91
6614 92
6180 51
6180 52
6180 79
6180 80
4975 26
4975 27
4975 28
4975 29
5774 50
5774 51
5774 52
5774 53
5051 73
5051 74
5051 75
5051 76
5015 2
5015 9
5015 13
5015 16
6487 58
6487 59
6487 60
6487 62
5192 27
5192 31
6444 89
5349 0
5349 1
5349 2
5349 3
6091 0
6091 3
6091 4
6091 8
6560 9
6560 10
6560 11
6560 12
6141 4
6141 5
6141 6
6141 7
6429 8
6429 9
6304 154
6304 155
6304 157
6304 158
6044 6
6044 7
6044 11
6103 16
6103 17
6103 18
6103 19
6031 125
6162 112
6162 113
6162 148
6162 149
6333 28
6333 29
5185 37
5185 38
5185 39
5185 40
5588 192
5588 193
5588 194
5588 195
6451 18
6451 19
6451 20
6451 21
5077 40
5077 41
5077 42
5077 43
6341 24
6341 25
6341 26
6341 27
6118 128
6118 129
6118 150
6118 151
6590 53
6590 54
6590 76
6590 77
6533 77
6533 79
5000 17
5000 82
5000 99
5000 100
5933 0
5933 1
5933 2
5933 3
6535 41
6535 42
6535 43
6535 44
5125 8
5125 9
5125 10
5125 11
6321 53
6321 54
6321 78
6321 79
5212 13
5212 15
5212 17
5212 20
6596 8
6596 9
6596 10
6596 11
6683 189
6340 114
6340 116
6207 2
6207 3
6207 4
6168 49
6168 50
6168 51
6168 52
6318 66
6318 69
6318 73
6318 77
4967 18
4967 19
4967 20
4967 21
6100 16
6100 17
6100 18
6100 19
4992 186
6407 68
6407 69
6407 70
6407 71
5338 30
5338 37
5338 38
5338 39
6145 0
6145 1
6145 2
6145 3
5151 13
5151 88
5151 90
5151 153
6562 115
6562 116
6562 117
6562 118
5021 59
5021 60
5021 64
5362 8
5362 9
5625 197
5625 199
5625 200
5625 201
4986 28
4986 29
4986 30
4986 31
6031 34
6031 64
6031 65
6031 67
5433 4
5433 5
5433 6
5433 7
6173 27
6173 28
6173 29
6173 30
6387 111
6387 112
6387 113
6387 127
6139 88
6139 89
6139 90
6139 91
6632 55
6632 56
6632 57
6632 58
6153 0
6153 1
5005 84
5005 85
5005 86
5005 87
5969 20
5969 21
5969 22
5969 23
5985 31
6440 164
6440 165
6440 166
6440 167
6600 89
6600 90
6600 91
6600 92
6376 46
6376 51
6376 67
6376 71
6168 155
6168 156
6168 168
6168 169
5896 28
5896 29
5896 30
5896 31
4958 12
4958 13
4958 14
4958 15
5904 4
5904 5
5904 6
5904 7
5619 19
5619 20
5619 21
5619 22
6339 27
6339 28
6339 29
6339 168
6527 108
6527 109
6527 110
6527 111
6145 24
6145 25
6145 26
6145 27
6563 59
6199 215
6199 216
6199 217
6199 228
5905 24
5905 25
5905 26
5905 27
6688 61
6688 62
6688 63
4971 104
4971 105
4971 106
4971 107
6300 182
6300 183
6300 184
6300 185
6350 47
6350 48
6350 49
6350 50
6355 9
6355 10
6355 11
6355 12
6623 20
6623 21
6623 22
6623 25
5235 61
5235 66
5235 67
5235 68
5205 18
5205 21
5205 22
5205 24
5041 40
5041 41
5041 42
5041 43
6323 96
6323 97
6323 98
6323 99
6366 23
6366 24
6366 25
6366 26
6527 221
6527 222
5051 16
5051 17
5051 18
5051 19
5160 0
5160 1
5160 2
5160 3
6335 17
6334 39
6334 41
6334 42
6334 43
4979 86
4979 87
4979 88
4979 89
5190 21
5190 22
5190 23
5190 24
6439 31
6439 40
5167 15
5167 16
5167 18
5167 19
5616 5
5616 67
5616 194
5616 198
6381 142
6381 143
4971 148
4971 149
4971 150
4971 151
6562 27
6562 28
6562 29
6562 30
5147 48
5147 50
5147 52
5374 28
5374 29
5374 30
5374 31
5914 24
5914 25
5914 26
5914 27
6687 69
6687 70
6687 71
6687 72
6406 60
6406 186
6406 187
6406 189
5382 49
5382 50
5382 51
5382 52
6012 16
6012 17
6012 18
6012 19
6589 141
6589 142
6589 143
6589 145
6628 25
6628 26
6628 27
6628 28
5154 20
5154 25
5154 149
5154 152
5217 69
5217 70
5217 71
5217 72
6412 46
6412 47
6412 48
6412 49
6162 106
6162 110
6162 111
6478 101
6478 102
6478 104
6478 105
6507 28
6507 82
6507 83
6507 84
6004 79
6004 80
6004 81
6004 82
6696 22
6696 23
4962 21
5925 177
5925 178
5925 179
5925 190
4953 12
4953 13
4953 14
4953 15
5333 92
5333 93
5333 94
5333 95
5419 64
5419 65
5419 66
5419 67
6406 70
6406 72
6406 74
6406 77
5393 24
5393 25
5393 26
5393 27
6004 176
6004 177
6004 178
6004 179
6162 29
6162 30
6162 31
6319 119
6319 145
6401 47
6401 48
6401 49
6401 50
6376 45
6376 47
6376 48
6376 49
5891 136
5891 137
5891 138
5891 139
5060 80
5060 81
5060 82
5060 83
5419 120
5419 121
5419 122
5419 123
6090 27
6090 28
6090 29
6090 30
6021 158
6021 159
6021 160
6021 163
6690 58
6690 59
6369 97
6369 98
6369 99
6369 100
6323 20
6323 21
6323 22
6323 23
6683 68
6683 69
6683 80
6683 81
5589 68
5589 69
5589 70
5589 71
6192 4
6192 5
6192 6
6192 7
6686 61
6686 62
6686 63
5961 80
5961 81
5961 82
5961 83
6527 114
6527 115
6527 116
6527 117
6359 85
6359 86
6359 87
6359 88
6157 49
6157 50
6157 51
6157 52
5139 40
5139 41
5139 42
5139 44
6091 95
6091 96
6091 97
6091 98
6446 191
6528 28
6528 29
6528 36
6528 37
6619 38
6619 39
6619 40
5959 15
5959 16
5959 17
5959 18
5602 0
5602 1
5602 2
5602 3
6375 27
6375 28
6105 76
6105 77
6105 78
6105 79
5142 32
5142 33
5142 34
5142 35
5364 205
5611 35
5611 36
5611 78
5611 80
6582 22
6582 23
6582 24
6582 32
6588 2
6588 3
6588 32
6588 33
6379 174
6379 175
6379 202
6379 203
6117 0
6117 1
6117 2
6117 3
5005 140
5005 141
5005 142
5005 143
5157 99
5157 100
5157 101
5157 102
5351 100
5351 101
5351 102
5351 103
6686 48
6686 64
6686 65
6686 76
5455 32
5455 33
5455 34
5455 35
6098 121
6098 123
6098 124
6098 125
6510 76
6510 77
6510 78
6510 79
6692 87
6692 88
6692 89
6692 90
5390 24
5390 25
5390 26
5390 27
5602 36
5602 37
5602 38
5602 39
5906 152
5906 153
5906 155
5906 156
5386 13
5386 49
5386 80
5386 173
4975 21
4975 22
4975 24
4975 25
6683 74
6683 75
6683 76
6683 77
6544 147
6544 148
6544 149
6544 173
6147 50
6147 53
6147 54
6147 55
5988 0
5988 1
5988 2
5988 3
6468 49
6468 50
6468 51
6468 52
6565 199
6565 200
6565 201
6565 204
5911 24
5911 25
5911 26
5911 27
5084 120
5233 1
5233 7
5233 130
5233 133
5070 20
5070 21
5070 22
5070 23
5925 163
5925 164
5961 0
5961 1
5961 2
5961 4
6663 122
6663 123
6323 32
6323 33
6323 34
6323 35
6663 198
6663 199
6663 200
6663 201
6100 114
6100 115
6100 116
6100 117
5364 220
5237 51
5237 52
5237 53
5237 54
5769 25
5769 26
5769 27
5769 28
6510 24
6510 25
6510 32
6510 33
5025 16
5025 17
5025 18
5025 20
6426 96
6426 97
6426 98
6426 99
4991 16
4991 18
4991 33
4991 55
6339 151
6339 152
6339 153
6339 154
5235 62
5235 63
6441 82
6441 83
6441 84
6441 85
4962 53
4962 54
4962 55
4962 56
5409 22
5409 23
5409 24
5409 25
6195 41
6195 43
5164 0
5164 1
5164 2
5164 3
6462 70
6462 71
6462 72
6462 73
5782 68
5782 69
5782 70
5782 71
5092 88
5092 89
5092 90
5092 91
5419 8
5419 9
5419 10
5419 11
6199 78
6199 79
6199 80
6199 81
6527 177
6527 178
6527 179
6663 28
6663 29
6663 30
6663 31
5207 132
5207 133
5207 134
5207 135
6233 43
6233 44
6233 45
6233 46
6457 43
6457 44
6457 45
6457 46
5600 42
5600 43
5600 44
5600 45
5454 75
5454 79
5454 90
5454 94
5588 100
5588 101
5588 102
5588 103
6521 107
6521 108
6521 109
6521 111
5197 25
5197 26
5197 27
5197 28
5091 41
5091 42
5091 43
5091 44
6482 94
6482 95
5086 54
5086 55
5086 56
5086 57
6478 86
6631 0
6631 1
6631 3
6631 4
6343 128
6343 129
6343 130
6343 131
6572 95
6572 104
5436 76
5436 77
5084 26
5976 18
5976 19
5976 20
5976 21
6056 5
6056 6
6056 8
6056 39
6664 26
6664 27
6664 28
6664 29
6300 7
6300 8
6300 9
6300 148
6567 13
5044 38
5044 39
5044 40
5044 41
6203 51
6203 52
6203 53
6203 54
6593 4
6593 5
6593 6
6593 7
4998 56
4998 57
4998 58
4998 59
6667 57
6667 58
6667 59
6667 60
6629 14
6629 15
6629 16
6629 17
4992 176
4992 177
4992 178
4992 179
5911 28
5911 29
5911 30
5911 31
6223 0
6223 1
6223 2
6223 3
5971 48
5971 51
5971 64
5971 67
6663 82
6663 83
6663 84
6663 85
6230 102
6230 103
6230 104
6081 8
6081 9
6081 10
6081 11
6283 61
6283 62
6283 63
6283 64
5332 44
5332 45
5332 46
5332 47
6173 78
6173 79
6173 80
6173 81
6634 144
6634 145
6634 146
6634 148
6338 31
6338 32
6338 33
6338 91
6184 33
6184 34
6184 35
6184 36
5901 136
5901 137
5901 138
5901 139
5361 30
5361 31
5361 32
5361 33
4961 11
4961 12
4961 13
4961 15
6183 35
6183 36
6183 37
6183 38
6377 22
6377 23
6377 24
6377 51
6690 80
6690 81
6690 82
6690 83
5433 62
5433 63
5433 64
5433 65
6355 43
6355 44
6355 46
6355 47
5617 17
5617 18
5617 20
5617 21
6219 109
6219 110
6219 111
6219 112
6506 185
6506 215
6506 216
6506 220
5207 136
5207 137
5207 138
5207 139
6221 32
6221 33
6221 34
6221 35
5611 64
5611 65
5611 66
5611 67
5935 61
5935 62
5935 63
6168 43
6168 44
6168 45
6168 46
6529 29
6529 30
6529 31
6599 46
6599 47
6599 48
6649 120
6649 121
6649 122
6649 123
5233 109
5233 110
5233 113
5233 114
6226 115
6226 116
5364 90
5364 91
5364 92
5364 93
6362 78
6362 79
6362 80
6362 82
6565 177
6565 178
6280 61
6280 62
5102 40
5102 41
5102 42
5102 43
5961 105
5961 108
5961 109
5961 112
6592 31
6592 32
6592 33
6592 34
6314 75
6314 76
6314 77
6314 78
6482 64
6482 65
6482 66
6482 67
5987 4
5987 5
5987 6
5987 7
6640 110
6640 111
6640 116
6412 88
6412 89
6412 90
6412 91
5625 126
5625 127
5625 128
5625 129
5908 0
5908 1
5908 2
5908 3
5169 188
5169 189
5169 190
5169 191
6656 27
6656 28
6656 29
6656 36
5947 156
5947 157
5947 164
5947 165
6098 126
6098 127
6098 128
6098 129
6548 90
6548 91
6548 92
6548 93
6564 224
6564 225
6564 226
6564 227
6444 128
6444 129
6444 130
6444 131
6149 82
6149 83
6149 85
6149 86
6031 184
6031 185
6031 186
6031 187
6347 143
6347 144
6347 145
6347 146
6406 3
6406 4
6406 6
5019 47
5019 48
5019 49
5019 50
4992 85
4992 86
4992 87
4992 88
6327 64
6327 65
6327 66
6327 67
6521 88
6521 89
6521 90
6521 91
6665 3
6665 4
6665 5
6665 6
6301 41
6301 42
6301 43
6301 44
5185 2
5185 27
5185 60
5185 62
5001 4
5001 5
5001 6
5001 7
5204 27
5204 151
5204 152
5204 154
6199 220
6199 221
6199 222
6199 223
6216 114
6216 115
6216 116
6216 117
6571 41
6571 42
6571 43
5029 63
5029 64
5029 65
5029 66
5361 204
5361 205
5361 206
5361 207
5078 12
5078 13
5078 14
5078 15
6121 61
6121 64
6121 68
6121 72
6572 209
6572 210
6572 211
6572 212
6301 55
6301 56
6301 57
6301 58
5339 110
5339 112
5339 113
5339 114
6301 8
6301 9
6301 30
6301 31
5237 35
5237 43
5237 44
5237 46
6321 29
6321 31
6487 0
6487 1
6487 2
6487 3
6444 81
6444 85
6444 98
6444 102
5029 53
5029 54
5029 55
5029 56
6625 40
6375 64
6375 65
6375 119
6375 120
6036 15
6036 23
6036 26
5042 4
5042 5
5042 6
5042 7
5986 26
5986 27
5986 28
5986 29
5397 137
5397 138
5397 139
5397 140
6315 4
6315 5
6315 6
6315 39
6443 0
6443 1
6443 2
6552 32
6552 33
6552 34
6552 35
6231 23
6231 24
6231 25
6231 27
5151 0
5151 69
5151 70
5151 128
5216 56
5216 58
5216 64
5216 69
6146 41
6146 42
6146 43
6146 44
6562 5
6562 6
6562 7
6562 8
6326 54
6326 55
6407 8
6407 9
6407 10
6407 11
6490 4
6490 5
6490 6
6490 7
6451 0
6451 1
6451 2
6451 3
6534 21
6534 25
6534 27
6534 29
6311 109
6311 110
6311 111
6311 112
6379 160
6379 161
6379 162
6379 163
5891 24
5891 25
5891 26
5891 27
4977 46
4977 47
4977 48
4977 49
5095 48
5095 49
5095 50
5095 51
6340 107
6340 108
6340 109
6340 110
6667 0
6667 1
6667 2
6667 3
6579 22
6579 23
6579 24
6579 25
5364 78
5364 79
5364 80
5364 81
5340 81
5340 82
5340 83
5340 84
5389 10
5389 12
5389 13
5389 14
5208 112
5208 113
5208 114
5208 115
6125 36
6125 37
6125 92
6125 97
5337 166
5337 167
5337 168
5337 169
6562 218
6562 219
6562 220
5616 173
5616 174
5616 175
5616 176
6298 53
6298 54
6298 55
6298 56
6600 64
6600 65
6600 66
6600 67
6663 187
6663 188
6663 196
6663 197
6118 70
6118 71
6118 72
6118 73
5589 72
5589 73
5589 74
5589 75
6438 10
6438 11
6438 12
6438 13
5207 63
5207 65
5207 66
5207 67
5900 35
5900 36
5900 37
5900 38
4955 140
4955 141
4955 142
5412 128
5412 129
5412 130
5412 131
5070 84
5070 85
5070 86
5070 87
6622 75
6622 76
6622 77
6622 78
6490 55
6490 56
6490 57
6490 58
5370 64
5370 65
5370 66
5370 67
5013 204
5013 205
5013 206
5013 207
6420 24
6420 27
6420 28
6420 31
5419 96
5419 97
5419 98
5419 99
6609 8
6609 9
6609 12
6609 13
6551 184
6551 185
6551 192
6551 193
6507 105
6507 106
6507 107
6507 108
6246 0
6246 1
6246 2
6246 3
6603 15
6603 16
6603 17
6603 18
6381 97
6381 98
6381 101
6381 102
6370 72
6370 73
6370 74
6370 75
6153 49
6153 50
6153 51
6153 52
6173 170
6173 171
6173 172
6173 174
6552 58
6552 59
6552 60
6552 61
4955 12
4955 13
4955 14
4955 15
5894 77
5894 78
5894 79
5894 80
5093 28
5093 29
5093 30
5093 31
5597 34
5597 35
5597 36
5597 37
5151 11
5151 104
5151 113
5151 116
6073 64
6073 65
6073 66
6073 67
6615 128
6615 129
6615 130
6615 131
6616 96
6616 97
6616 98
6616 99
6367 43
6367 44
6367 45
6367 46
5891 120
5891 121
5891 122
5891 123
6350 15
6350 16
6350 17
6350 18
6599 96
6599 97
6599 98
6599 100
6213 34
6213 35
6213 36
6007 52
6007 53
6007 54
6007 55
4957 118
4957 119
4957 120
4957 121
5201 38
5201 40
5201 42
5201 43
5622 0
5622 1
5622 2
5622 3
6549 12
6549 13
6549 14
6549 15
6634 134
6634 135
6634 136
6634 137
6546 16
6546 17
6546 18
6546 19
6572 229
6572 230
6572 231
6572 232
6649 28
6649 32
6649 33
6649 34
6527 122
6527 123
5044 59
5044 60
5044 61
5044 62
4975 39
4975 40
4975 41
4975 42
5084 48
5783 61
5783 62
5783 63
5783 64
6339 163
6339 164
6339 165
6339 166
6219 66
6219 67
6219 68
6219 69
6312 152
6312 153
6312 154
6312 156
6211 180
6211 181
6211 182
6303 84
6303 125
6303 126
6303 127
6440 67
6440 71
6440 74
6440 107
6106 8
6106 9
6106 10
6106 11
4975 64
4975 65
4975 66
4975 67
5933 16
5933 17
5933 18
5933 19
5339 30
5339 31
5339 32
5339 33
6298 78
6298 79
6298 80
6298 81
6339 169
6339 170
6339 171
6339 172
5092 152
5092 153
5092 154
5092 155
6572 183
6572 184
6572 185
6572 186
6347 58
6347 59
6347 60
5179 168
5179 169
5179 170
5179 171
6501 20
6501 21
6501 22
6501 23
5143 55
5143 56
5143 57
5143 58
6632 16
6632 17
6632 18
6632 19
5093 20
5093 21
5093 22
5093 23
6563 0
6563 1
6563 2
6563 3
5086 18
5086 19
5086 20
5086 21
6506 163
6506 164
6506 165
6506 166
6149 21
6149 22
4969 65
4969 66
4969 67
4969 68
6564 79
6564 80
6564 106
6564 107
5894 89
5894 90
5894 91
5894 92
6687 207
6687 208
6687 210
4986 4
4986 6
4986 9
4986 13
5046 57
5046 58
5046 59
5046 60
5630 4
5630 5
5630 6
5630 7
5923 8
5923 9
5923 20
5923 21
6616 32
6616 33
6616 34
6616 36
6340 29
6340 30
6340 31
6340 32
5912 81
5912 82
5912 83
5912 84
5616 149
6085 9
6085 10
6085 11
6085 12
6300 192
6300 193
6300 194
6300 195
5942 26
5588 17
5588 18
5588 19
5588 32
6027 109
5772 12
5772 13
5772 14
5772 15
5233 48
5233 49
5233 51
5233 52
5979 5
5979 7
5979 8
5979 9
5354 4
5354 5
5354 6
5354 7
6184 41
5169 12
5169 13
5169 14
5169 15
6675 0
6675 1
6675 2
6675 3
5084 119
5154 128
5154 130
5154 131
5154 132
5153 62
5153 63
5153 68
5153 70
6632 51
6632 52
6632 53
6632 54
6446 17
6622 12
6622 13
6622 17
6622 18
5002 2
5002 19
5002 31
5002 42
6441 54
6441 55
5771 32
5771 33
5771 36
5771 37
5412 96
5412 97
5412 98
5412 99
6140 85
6140 86
6140 87
6140 88
5214 0
5214 1
5214 2
5214 3
5160 4
5160 6
5160 7
5160 8
6450 27
6450 28
5424 0
5424 1
5424 2
5424 3
5977 0
5977 2
5977 3
5977 4
5606 77
5606 78
6623 59
6510 23
6544 56
6544 57
6544 58
4952 15
4988 10
4988 11
5602 90
5602 91
5602 94
5602 95
5268 4
5268 5
5268 6
5268 7
5940 33
5940 34
5940 38
5940 41
6446 10
6446 11
6446 12
6446 67
5084 117
5084 16
6592 149
6592 150
6592 151
6592 152
5179 164
5179 165
5179 166
5179 167
6653 0
6653 1
6653 2
6653 3
6575 24
6575 25
6575 26
6575 27
5049 74
5049 75
5049 76
5049 77
6507 132
6507 133
6507 134
6507 135
6404 82
6404 83
6404 84
6404 85
5966 37
5966 38
5966 39
5966 40
5901 88
5901 89
5901 90
5901 91
5079 4
5204 112
5204 114
5204 116
5204 117
5956 16
5956 17
5956 21
5956 24
5912 20
5912 21
5912 22
5912 23
5891 0
5891 1
5891 2
5891 3
4975 4
4975 5
4975 6
4975 7
5971 63
6658 0
6658 1
6658 2
6658 3
5019 85
5019 86
5019 87
5019 88
5454 113
5454 117
5454 175
5454 179
5145 15
5145 26
5233 111
5396 25
5396 26
5396 27
5396 28
5354 30
5354 31
5769 44
5769 45
5769 46
5769 47
6027 20
6027 21
6027 22
6027 23
4974 9
4974 12
5891 84
5891 85
5891 86
5891 87
6525 8
6525 9
6525 10
6525 11
6078 41
6078 45
6078 46
6078 47
6139 104
6139 105
6139 106
6139 107
5418 74
5418 75
5418 76
5418 77
6080 79
6080 80
6080 81
6080 82
6417 15
6417 16
6417 17
6417 18
6318 113
6318 128
6318 129
6318 130
5191 47
5191 48
5191 49
5191 50
5891 108
5891 109
5891 110
5891 111
6589 1
6589 131
6589 135
6589 139
6442 20
6442 21
6442 22
6442 23
6634 54
6634 55
6634 56
6634 59
6059 2
6059 10
6508 10
6508 14
6508 35
6508 36
6501 16
6501 17
6501 18
6501 19
5385 152
5385 153
5385 154
5385 155
5370 4
5370 5
5370 6
5370 7
6319 31
6319 32
4986 18
4986 19
4986 20
4986 21
6544 321
6544 322
6544 323
6544 324
6542 76
6542 77
6542 78
6542 79
6487 8
6487 9
5079 3
4957 114
4957 115
4957 116
4957 117
6326 31
6326 61
6326 62
6122 12
6122 13
5363 8
5363 9
6440 157
6440 158
6440 159
5942 25
6457 172
6457 173
6457 175
6457 176
6102 25
6102 26
6102 27
6102 28
6080 109
6080 110
5086 66
5086 67
5086 68
5086 69
5966 23
5966 24
5966 25
5966 26
6640 35
6640 36
6640 37
6640 38
5075 16
5075 17
5075 18
5075 19
5910 12
5910 13
5910 14
5910 15
6478 85
6478 87
6478 88
6478 89
6559 77
6559 78
6559 79
6559 80
6478 132
6478 133
6478 134
6478 135
5086 83
5086 84
5086 85
5086 86
5430 12
5430 13
5430 14
5430 15
5001 55
5001 56
5001 57
5001 58
5391 20
5391 21
5391 22
5391 23
5969 42
5969 43
6254 5
6254 7
6254 8
6254 9
4955 52
4955 53
4955 54
4955 55
6342 9
6342 10
6107 12
6107 13
6107 14
6107 15
6551 23
6551 24
6642 10
6642 11
6642 12
6642 13
6600 135
6600 137
6600 138
6100 164
6100 165
6100 166
6100 167
6546 39
6546 40
6546 41
6546 42
6461 25
6461 26
6461 27
6461 28
6217 86
6217 87
6217 88
6564 128
6564 129
6564 130
6564 131
5010 16
5010 17
5010 18
5010 19
6153 22
6153 23
6153 24
6153 65
6301 76
6301 77
6301 78
6301 79
6230 20
6230 21
6230 22
6230 23
6168 161
6168 162
6168 165
6168 166
6575 93
6575 94
6318 125
6318 126
6616 137
6616 138
6616 139
6616 140
5386 212
5386 213
5386 214
5386 215
6026 47
6026 48
6026 50
6012 12
6012 13
6012 14
6012 15
6286 53
6286 54
6286 55
6286 56
5935 12
5935 13
5935 14
5935 15
6431 38
6676 24
6676 25
5441 80
5441 81
5441 82
5441 83
5969 34
5969 35
5969 36
5969 37
6548 75
6548 76
6548 77
5100 12
5100 13
5100 14
5100 15
5354 28
5354 29
5124 20
5124 21
5124 22
5124 23
6114 0
6114 1
6114 2
6114 3
6173 39
6173 40
6173 41
6173 42
6672 19
6672 20
6672 21
6672 22
6454 0
6454 1
6454 2
6454 3
6371 26
6371 27
6371 28
6371 29
5082 18
6350 63
6350 85
5182 46
5182 47
6000 20
6000 25
6000 26
6000 28
6111 65
6111 66
6111 67
6111 68
5041 9
5041 10
5041 11
5041 12
5348 10
5348 11
5348 12
5348 13
6113 78
6113 79
6113 80
6113 81
4975 35
4975 36
4975 37
4975 38
6380 88
6380 89
6380 90
6380 92
5195 16
5195 17
5195 18
5195 19
6065 0
6065 1
6065 2
6065 3
5909 7
6226 65
6226 66
6226 94
6321 106
6687 36
6687 37
6687 38
6687 39
6334 93
6334 94
5022 2
5022 4
6333 48
5337 78
5337 79
5337 80
5337 81
6163 21
6163 22
6163 23
6163 24
6343 36
6343 37
6343 38
6343 39
6420 74
6420 75
6420 76
6420 77
5229 21
6300 62
6311 8
6311 9
6311 10
6311 11
6303 132
6303 133
6303 134
6303 135
6407 174
5144 12
5144 13
6572 80
6572 81
6572 82
6572 83
6100 200
6100 201
6100 202
6100 203
5419 134
5419 135
5419 136
5419 137
6078 33
6687 172
6623 6
6623 9
6623 10
6623 11
6151 29
6151 30
6282 53
6282 54
6417 182
6417 185
6417 186
6417 189
6230 89
6230 92
5187 168
5187 170
5187 171
5187 172
6686 18
6686 19
6686 20
6686 21
6653 140
6653 141
6689 12
6689 13
6689 16
6689 17
6147 31
6147 49
6179 103
6162 15
6162 16
6162 17
6162 18
6151 75
6151 78
6151 79
6151 82
5061 45
5061 49
5061 52
4969 120
4969 121
4969 122
4969 123
6564 190
6564 191
6324 126
6448 16
6448 17
6448 18
6448 19
5387 72
5387 73
6070 29
6070 30
6070 31
6070 32
6620 159
6162 78
5201 44
5201 45
5201 46
5201 47
6309 23
6309 24
6309 25
6309 26
5055 53
5055 55
5055 56
5055 58
5975 91
5975 93
6382 113
6580 42
6580 43
6580 44
6580 45
6506 127
6199 218
6199 219
5946 61
5449 76
5449 77
5449 78
5449 79
6448 30
6448 31
6535 190
6535 191
6535 200
6535 231
6310 64
6310 65
6310 66
6310 67
5353 11
6577 9
6380 28
5343 4
5343 5
5343 6
5343 7
6605 121
6605 122
6288 0
6369 136
6369 137
6580 32
6580 33
6580 34
6580 35
5142 8
5142 9
5142 10
5142 11
6229 0
6229 1
6229 2
6229 3
6205 56
6615 166
6431 91
5456 28
5456 29
5456 30
5456 31
6282 31
6179 100
6179 101
6179 102
5207 114
5207 115
5207 117
5207 118
6547 14
6547 15
6547 16
6547 17
6362 81
6362 85
6219 60
6219 61
6153 42
6228 4
6228 5
5361 16
6659 13
6659 14
6659 15
6659 16
5933 67
5933 68
5933 69
5933 70
5947 57
5947 58
5947 60
5947 61
6198 210
6198 211
6198 212
6198 213
6687 61
6687 62
5915 0
5915 1
5915 2
5915 3
6170 39
6170 44
6527 103
6527 136
6551 136
6551 137
6409 8
6409 12
6409 13
6102 37
6102 38
6102 39
6102 40
6211 213
6211 214
6211 215
6211 216
5625 37
5625 39
5625 40
5625 41
5392 4
5392 5
5392 6
5392 7
5914 141
6590 18
6590 19
6590 20
6590 21
6315 29
6315 36
6315 37
6315 38
6468 76
6468 77
6468 81
5619 46
5437 63
5437 64
5437 65
5437 66
4962 158
4962 159
4962 160
4962 161
6312 32
6312 34
6312 36
6312 39
6173 86
6173 87
6173 88
6173 89
6572 92
6572 93
6354 70
6354 71
6354 72
6354 73
6484 0
6484 1
6484 2
6484 3
5084 107
6007 50
6007 51
6007 78
6007 79
6233 19
6233 20
6233 21
6233 22
6191 10
6191 11
6191 12
6191 13
5146 34
6304 108
6304 109
6304 138
6304 139
6159 10
6159 11
6667 70
6667 72
6667 73
6667 74
6173 59
6173 60
6341 86
6341 87
6341 100
6341 101
6304 72
6304 73
6283 57
6283 59
6283 60
6690 71
6690 72
6043 109
6043 110
6043 111
6043 112
6461 82
6461 83
5182 12
5182 13
5182 14
5182 15
6517 64
6517 65
6517 66
6517 67
5039 0
5399 40
5399 41
5399 42
5151 31
5151 33
5151 37
5151 42
6428 31
6548 47
6548 48
6548 49
6548 105
6031 146
6031 150
5914 110
5914 143
6226 96
6226 97
5454 33
5454 160
5454 164
5454 168
4979 127
5176 0
5176 3
5176 4
5176 9
6145 42
6145 63
6028 14
6028 15
6044 0
6044 1
6044 2
6044 3
5237 8
5237 9
5237 10
5237 11
5090 56
5090 57
5090 58
5090 59
6552 62
6552 63
5609 0
5609 1
5609 2
5609 3
6412 60
6412 61
6412 76
5046 17
5046 18
5046 19
5046 20
6533 92
6533 95
6448 150
6448 151
6448 200
6448 201
6299 48
6299 49
6446 9
6347 90
6347 91
6347 182
6684 18
6684 19
5191 91
6235 58
6235 59
6235 60
6235 61
6367 75
5390 20
5390 21
5390 22
5390 23
6506 103
6506 104
6506 105
6506 106
6219 86
6219 87
6219 88
6219 89
6320 30
6320 31
6446 31
6446 43
6318 114
6318 115
6318 116
6318 117
6410 81
6410 82
6410 83
6410 84
6095 8
6095 9
6095 10
6095 11
6506 41
6506 42
5095 4
5095 5
5095 6
5095 7
5157 0
5157 49
6004 146
6004 147
6004 148
6004 149
5187 86
5187 151
5340 85
5340 86
5340 87
5340 88
6688 69
6688 70
6688 71
6688 72
6369 4
6369 5
6369 6
6369 7
6381 43
6381 44
6381 45
6381 46
6203 61
6203 62
6203 63
6401 109
6401 110
6007 122
6007 123
6007 124
6007 125
6692 13
6692 14
6692 15
5910 96
5910 97
5910 98
5910 99
6490 20
6490 21
6490 22
6490 23
5061 32
5061 34
5061 35
5061 36
6324 46
6324 47
6324 48
6324 49
6689 134
6689 135
6689 136
6634 158
6634 159
6080 70
6080 71
6080 72
6080 73
6108 4
6108 5
6108 6
6108 7
6315 41
6315 42
6315 43
6315 44
6620 157
6620 158
6600 72
6600 73
6025 89
6025 90
5106 48
5106 157
5106 175
5589 12
5589 13
5589 14
5589 15
6681 48
6681 49
6589 40
6589 41
6589 42
6589 43
6625 8
6625 9
6230 12
6230 13
6230 14
6230 15
6155 3
6155 7
6155 9
6155 10
6219 56
6219 57
6219 58
6219 59
6157 0
6157 1
6157 2
5013 208
5013 209
5013 210
5013 211
6055 2
6055 10
6055 11
6055 14
6205 77
6205 78
6205 79
6205 80
6080 32
6080 33
6080 34
6080 35
6090 154
6090 156
6090 157
6090 158
5051 117
6631 109
6631 110
6443 32
6176 42
6176 46
6176 47
6176 109
4961 7
4961 14
5588 13
5588 14
5588 15
5588 16
6162 87
6162 96
6162 97
6162 98
6162 0
6162 1
6162 2
6162 3
6686 36
6686 37
6686 38
6686 39
5449 70
5449 71
6078 52
6078 53
6078 54
6078 55
6562 108
6562 109
6562 110
6562 121
6055 62
6055 63
5393 4
5393 5
5393 6
5393 7
5971 45
6366 72
6366 73
5339 92
5339 93
5339 94
5339 95
5988 23
5988 24
5988 25
5988 27
6562 85
6562 188
6562 189
6562 190
6063 28
6063 29
6063 30
6063 33
5337 190
5337 191
5337 192
5337 193
5404 12
5404 13
5404 14
5404 15
6031 210
6031 211
6031 212
6031 213
6153 57
6153 58
6153 59
6153 60
6583 158
6583 159
6406 128
6406 129
6406 130
6406 131
6337 34
6337 35
6337 37
6337 38
6375 31
6339 75
6339 76
6339 77
6339 78
5910 104
5910 105
5910 106
4971 108
4971 109
4971 110
4971 111
6199 68
6199 69
6199 70
6199 71
6101 53
6565 59
6565 60
6565 61
6203 43
6203 44
6203 45
6203 46
5204 107
5204 109
5204 110
5204 113
5139 43
5139 47
5139 51
5139 52
5892 0
5892 1
5892 2
5892 3
6544 301
6544 302
6544 303
6544 304
5933 110
5933 111
5933 116
6619 34
6619 35
6619 36
6619 37
6121 4
6121 5
6121 6
6121 7
6467 61
6467 62
6467 127
6680 75
6680 76
6680 77
6680 78
6160 73
6160 74
6160 77
6160 78
6110 68
6110 190
6110 191
6110 192
6190 47
6190 48
5600 128
5600 129
5600 131
5600 133
5367 15
5367 16
5367 17
5367 18
6362 10
6362 11
6362 12
6362 13
6425 180
6425 181
6425 182
6425 183
6635 2
6635 3
6635 4
6635 5
6666 100
6666 101
6666 102
6666 103
5139 9
5139 18
5139 27
5139 30
6288 90
6288 91
6647 93
6647 94
6647 95
6647 96
6163 11
6179 94
5982 34
5982 35
5982 36
5982 37
5203 31
5203 32
5203 33
5203 34
6334 45
6334 46
6080 21
6080 22
6080 23
6080 24
5985 34
5985 37
5985 38
5985 39
6354 4
6354 5
6354 6
6354 7
6322 0
6322 4
6322 17
6322 21
6113 106
6113 107
6113 108
6113 109
6158 1
6158 2
6158 3
6158 4
6163 7
5385 196
5385 197
5385 198
6199 154
6199 155
6199 156
6199 157
6608 42
6608 43
6608 44
6608 45
6194 7
6194 8
6194 19
6194 36
6549 73
6549 74
6690 137
6690 138
6690 139
6690 140
6649 108
6649 109
6489 136
6489 137
6489 138
6489 139
6074 10
6074 11
6074 12
6074 13
5961 104
6230 24
6230 25
6230 26
6230 29
6697 22
6697 23
6697 24
6697 36
6026 30
6286 146
6286 147
6286 148
6286 149
6381 90
6381 91
6381 95
5364 204
6022 0
6022 3
6022 76
6022 77
6506 214
6510 92
6510 93
6510 94
6510 95
5600 105
6080 50
6080 51
6080 52
6080 53
5363 10
5363 11
5363 12
5363 16
6184 83
6184 84
6184 85
6184 86
6401 9
6401 10
6343 105
6343 106
6343 108
6304 196
6304 197
6304 198
6304 199
6059 105
6059 108
6059 109
5084 91
6666 57
6666 58
6666 59
6666 60
6670 29
6670 30
6670 31
6696 14
6696 15
6696 16
6696 17
5084 101
5598 111
5598 113
5598 114
6324 4
6324 5
6324 6
6324 7
5332 86
5332 147
5332 148
5332 149
4955 104
4955 105
4955 106
4955 107
6046 55
6046 56
6046 57
6046 64
6340 57
6340 58
6340 60
6340 61
6343 173
6343 174
6027 79
6027 80
6027 81
6027 82
5994 4
5994 5
5994 6
5994 7
6406 154
6406 155
6406 158
6406 159
6115 78
6115 79
6115 80
6115 81
4957 158
4957 159
4957 160
5604 68
5604 69
5604 70
5604 71
5921 8
5921 9
5921 10
5921 11
5128 4
5128 5
5128 6
6002 2
6002 3
6002 7
6002 11
6322 34
6322 35
6322 36
6322 37
6681 0
6681 1
6681 2
6681 3
5332 130
5332 131
5332 132
5332 133
6457 47
6457 48
6457 49
6457 50
6353 49
6353 51
6353 52
6353 53
6441 13
6441 16
6441 20
6441 24
6630 105
6630 162
6630 163
6630 164
6211 221
6211 222
6211 223
5233 28
5233 29
5233 31
5233 32
6198 193
6198 196
6198 197
6198 218
6065 56
6065 57
6065 58
6065 59
5025 114
5025 140
5393 62
5393 63
6073 120
6311 80
6311 81
6311 82
6311 83
6688 29
6688 36
6688 37
6688 38
6052 95
6052 96
6052 97
6052 98
5097 4
5097 5
5097 6
5097 7
6533 99
6533 100
6533 101
6533 132
6439 45
6439 46
6439 47
6439 48
5181 30
6603 10
6603 11
6603 14
5151 74
5925 191
6187 20
6187 21
6187 22
6187 23
5947 35
5947 39
5947 59
5947 63
6568 12
6568 13
6568 14
6568 15
6226 44
6226 45
6226 46
6226 47
6533 147
6533 148
6533 149
6533 150
6176 149
6670 25
6670 26
6670 27
6670 28
5994 10
5994 11
5994 12
5994 13
5155 26
5155 31
5155 32
5155 40
5910 30
5910 31
5910 32
5910 33
5979 124
5979 152
5979 153
5979 154
5436 48
5436 49
5436 50
5436 51
6598 100
6598 101
6598 102
6598 103
6211 18
6211 19
5386 41
5386 96
5386 100
5386 162
5979 25
5979 27
5979 28
6448 93
6448 94
6448 95
6448 96
5187 149
5187 150
5187 152
5187 153
5450 24
5450 25
5450 26
5450 27
6356 165
6356 166
6356 177
6356 178
6153 12
6153 13
6153 14
6153 15
5397 63
5397 64
5397 65
5397 66
6410 143
6410 144
6410 145
6410 146
6614 50
6614 51
6614 52
6614 53
6359 103
6359 105
6359 106
6359 107
6664 172
6664 173
6664 174
6664 175
6666 79
6666 80
6666 81
6666 82
6220 48
6220 52
6195 20
6195 21
6195 22
6195 23
6640 16
6640 17
6640 18
6640 19
6113 26
6113 27
6113 28
6113 29
5959 7
5959 14
5959 35
5959 39
6031 196
6031 198
6031 199
6031 200
6609 0
6609 1
6609 4
6609 5
5401 36
5401 37
5401 38
5401 39
5341 144
5341 145
5341 146
5341 147
6224 37
6224 38
6224 39
6224 40
6697 87
6697 88
6697 89
6697 90
5921 24
5921 25
5921 26
5921 27
5909 71
5909 72
5909 73
5909 74
6664 138
6664 139
6664 140
6664 141
5201 105
5201 106
5201 107
5201 110
5337 90
5337 91
5337 92
5337 93
5904 8
6365 0
6365 1
6365 2
6365 3
5929 33
5179 172
5179 173
5179 174
5179 175
5436 102
5436 103
5436 104
5436 105
6217 46
6217 47
6217 48
6217 49
6355 4
6355 5
6355 6
6355 7
6663 209
6663 210
6663 211
6663 212
6642 75
6642 76
6642 77
6448 202
6448 203
6448 204
6448 205
6301 175
6301 180
6301 181
6623 13
6004 0
6004 1
6004 2
6004 3
6223 16
6223 17
6223 21
6223 26
6382 177
6382 178
6382 206
6382 207
6616 147
6616 148
6616 149
6616 150
5385 64
5385 65
5385 66
5385 67
6687 140
6687 141
6687 142
5015 0
5015 3
5015 4
5015 6
5985 165
5985 166
5985 167
5985 168
5060 92
5060 93
5060 94
5060 95
6687 88
6687 89
6687 90
6687 91
6611 57
6611 58
6611 59
6611 60
6560 4
6560 5
6560 6
6560 7
6371 18
6371 19
6686 4
6686 5
6180 11
6180 12
5455 52
5455 53
5455 54
5455 55
5351 33
5351 34
5351 35
5351 38
6615 167
6615 168
6615 169
6615 170
5432 0
5432 1
5432 2
5432 3
6214 0
6214 1
6214 2
6214 3
5203 23
6342 17
6342 18
6342 19
6342 20
5368 16
5368 17
5368 18
5368 19
6022 39
6022 40
6022 41
6022 112
6098 36
6098 37
6098 38
6098 39
6606 10
6606 11
6606 12
6606 16
6621 4
6621 5
6621 6
6621 7
5382 29
5382 30
5382 31
5382 32
5013 112
5013 113
5013 114
5013 115
6748 218
6649 0
6649 2
6649 4
6649 5
6282 70
6282 71
6282 72
6282 73
5990 10
5990 11
5990 13
5990 14
5182 38
5182 39
5182 40
5182 41
5133 32
5133 33
5133 34
5133 35
6381 79
6381 80
6381 81
6305 49
6305 50
6173 134
6173 144
6173 151
6173 153
6637 34
6637 35
6637 36
6637 37
5588 135
5588 136
5588 137
5588 138
6382 47
6338 102
6338 103
6338 104
6338 105
5344 32
5344 33
5344 34
5344 35
5367 4
5367 5
5367 6
5367 7
6090 68
6090 70
6090 71
6090 72
6663 106
6663 107
6663 108
6663 109
5337 162
5337 163
5337 164
5337 165
5331 144
5331 145
5331 146
5331 147
6031 151
6031 152
6031 153
6031 154
5994 21
5994 22
5994 23
5994 24
6156 23
6156 32
6156 33
6156 34
5964 0
5964 2
5964 3
5964 4
6608 48
6608 49
6608 50
6608 51
6303 49
6303 50
6303 51
6303 52
5388 52
5388 53
5388 54
5388 55
5593 0
5593 1
5593 2
5593 3
4969 36
4969 37
4969 38
4969 39
6022 100
6022 102
6022 103
6022 147
6341 62
6341 63
6341 64
6341 65
6338 16
6338 78
6338 79
6338 81
5975 33
5975 34
5975 45
5975 46
5393 48
5393 49
5393 60
5393 61
6668 6
6668 7
6668 8
6206 48
6206 61
5106 57
5106 120
5106 123
5106 124
5189 10
5189 11
5189 15
5189 16
5235 35
5235 36
5235 38
5235 39
6359 55
6359 56
5364 82
5364 83
5364 84
5364 85
6379 133
6379 134
6379 135
6379 136
6362 30
6362 31
6332 94
6332 95
6332 96
6332 97
6621 22
6621 23
6621 24
6621 26
6401 43
6401 44
6401 45
6401 46
6573 54
6573 55
6573 56
6573 57
6162 38
6162 39
6162 40
6162 41
6052 113
6052 114
6052 115
6562 20
6562 51
6562 52
6562 53
6176 88
6176 99
6176 208
6176 209
5455 102
5455 103
5455 104
5455 105
4969 32
4969 33
4969 34
4969 35
6065 24
6065 25
6065 26
6065 27
5989 0
5989 5
6440 133
6440 134
6440 136
6440 137
6151 100
5436 128
5436 129
5436 130
5436 131
6324 107
6324 108
6324 109
6199 92
6199 93
6199 94
6199 95
5013 160
5013 161
5013 162
5013 163
5191 59
5191 61
5191 63
5191 64
5075 4
5075 5
5075 6
5075 7
5041 44
5041 45
5041 46
5041 47
6639 16
6639 17
6639 18
6639 19
6358 42
6358 43
6358 44
6358 45
6503 28
6503 29
6503 30
6503 31
5001 59
5001 60
5001 61
5001 62
6483 96
6483 97
6483 98
6483 99
5229 0
5229 56
4998 0
4998 1
4998 2
4998 3
5419 116
5419 117
5419 118
5419 119
5607 14
5607 15
5056 5
5056 6
5056 7
5056 8
5449 8
5449 9
5449 10
5449 11
5390 8
5390 9
5390 10
5390 11
6300 120
6300 121
6300 122
6300 123
6530 32
6530 33
6530 34
6530 35
4958 21
4958 24
5891 32
6544 155
6544 156
6544 157
6544 158
6663 53
6663 54
6663 55
6663 56
5187 132
5187 133
5187 134
5187 139
6666 189
6680 121
6680 127
6426 16
6426 17
6426 18
6426 19
6440 33
6440 34
6440 35
6440 36
5397 88
5397 141
5397 142
5397 143
6547 10
6547 11
6547 12
6547 13
6579 70
6579 71
6579 72
6579 75
5084 38
6300 154
6300 155
6300 156
6300 157
5237 64
5237 65
5237 66
5237 67
6319 132
6319 133
6319 134
6319 135
5227 18
5227 20
5227 21
5227 31
5024 4
5024 20
5024 33
6582 42
6582 43
6582 44
6582 45
5187 91
5187 92
5187 93
5187 94
6122 10
6122 11
6122 14
6122 15
5217 55
6299 10
6299 11
6299 12
6299 13
6401 82
6401 83
5351 39
5351 40
5351 41
5351 42
6091 175
6091 176
6091 177
6091 178
6562 177
6562 178
6562 179
6562 180
6642 54
6642 55
6642 56
6642 57
6507 148
6507 149
6507 150
6507 151
4982 51
4982 52
4982 53
4982 54
6546 35
6546 36
6546 37
6546 38
5933 192
5933 193
5933 195
5933 196
6598 57
6598 58
6598 61
6598 62
5391 16
5391 17
5391 18
5391 19
5049 14
5049 15
5049 17
5049 18
5191 0
5191 1
5191 2
5191 3
6125 0
6125 1
6125 2
6125 3
6140 50
6140 51
6140 89
6140 90
6535 168
6535 169
6535 170
6535 171
5136 21
5136 22
5136 23
5136 24
5103 8
6404 196
6404 197
5025 57
5025 59
5025 60
5025 61
5598 67
5598 68
5598 69
5598 70
6219 33
6219 34
6219 35
6219 36
5331 148
5331 149
5331 150
5331 151
4995 2
4995 5
4995 7
5017 34
5017 35
5017 36
5017 37
5013 28
5013 29
5013 30
5013 31
5374 0
5374 1
5374 2
5374 3
6159 0
6159 1
6159 2
6159 3
5624 20
5624 22
5624 43
5624 44
6527 197
6527 198
6483 116
6483 117
6483 118
6483 119
5044 1
5044 2
5044 3
5044 4
5197 37
5197 39
5197 43
5197 44
6605 70
6605 71
6605 73
6605 74
5341 98
5341 99
5341 100
5341 101
6508 64
6508 65
6508 66
6508 67
6080 148
5437 155
5437 156
5437 157
5437 158
6603 31
6603 32
6603 33
6603 34
5106 28
5106 155
5106 159
5106 161
6199 112
6199 113
6199 114
6199 115
6564 182
6564 184
6564 186
6564 187
6311 78
6311 79
5935 47
5935 77
5935 98
5935 99
6592 40
6592 41
6592 42
6592 43
6312 4
6312 5
6312 6
6312 7
5098 0
5098 1
5098 2
5098 3
5364 47
5364 48
5364 49
5364 114
5332 176
5332 177
5332 178
5332 179
6162 167
6191 0
6191 1
6191 2
6191 3
5388 23
5388 24
5388 25
5388 26
5774 36
5774 37
5774 38
5774 39
5454 45
5454 104
5454 124
5454 176
5154 0
5154 1
6358 28
6358 29
6358 36
6358 37
6572 105
6572 106
6572 107
6572 108
6748 185
6748 186
6748 187
6748 188
6441 68
6441 69
6441 70
6441 72
5034 4
5034 5
5034 6
5034 7
6527 192
5084 4
5891 92
5891 93
5891 94
5891 95
6347 134
6575 20
4957 24
4957 25
4957 28
5941 31
5184 46
5184 47
5184 48
5184 50
6566 12
6566 13
6566 14
6566 15
6356 42
6356 43
6314 131
6314 135
6314 139
6314 143
6634 40
6634 41
6480 3
6480 6
6480 7
6480 11
5899 20
5899 21
5899 22
5899 23
6549 69
6549 70
6549 71
6549 72
5382 129
5382 130
5382 131
5382 132
5436 52
5436 53
5436 54
5436 55
6681 7
6681 8
6681 9
6681 10
6551 219
6551 220
6551 222
6551 223
6113 22
6113 23
6113 24
6113 25
5191 35
5191 36
5191 37
5191 38
6480 143
6480 144
6480 145
6480 146
6381 165
6381 167
5187 4
5187 5
5187 6
5187 7
6676 145
6676 146
6676 147
6676 148
5341 35
5341 36
5341 37
5051 32
5051 33
5051 34
5051 35
6534 19
6534 22
6534 23
6534 24
5606 32
5606 33
5606 34
5606 35
5994 45
5994 46
6446 63
6076 72
6076 73
6076 74
6076 77
6190 18
6190 22
6190 25
6190 26
6647 222
6647 229
6647 230
6647 231
6134 27
5207 119
5207 120
5207 121
5207 122
6118 112
6118 113
6118 114
6118 115
6173 7
5153 85
5153 87
5153 88
5153 94
6098 138
6098 139
6098 140
6098 142
4991 0
4991 1
4991 2
4991 3
6444 176
6444 177
6444 178
6444 179
6598 156
6598 157
6598 158
5331 64
5331 65
5331 66
5331 67
5388 42
5388 43
5388 44
5388 45
4992 111
4992 112
4992 113
4992 114
6046 118
6046 119
6046 120
6046 121
6487 156
6487 157
6227 33
6227 34
6227 35
6227 36
4971 164
4971 165
4971 166
4971 167
5087 7
5337 150
5337 151
5337 152
5337 153
6669 89
6669 90
6669 91
6669 92
5344 18
5344 19
5344 30
5344 31
6211 124
6211 125
6211 126
6211 127
6336 144
6336 147
6336 148
6336 150
6172 6
6172 9
6172 10
6030 52
6030 53
6030 54
5093 81
5093 82
5093 83
5093 84
5971 18
5971 19
5971 57
5971 58
6425 55
6166 0
6166 1
6166 2
6166 3
5783 89
5783 90
5783 91
5783 92
5588 33
5588 34
5588 35
5588 36
6382 35
6338 55
6338 56
6338 57
6338 58
6381 74
6381 75
6381 76
6448 84
6448 85
6448 86
6448 87
4955 72
4955 73
4955 74
4955 75
6663 237
6663 238
6663 239
6417 152
6417 153
6417 154
6417 155
6692 91
6692 92
6546 12
6546 13
6546 14
6546 15
5076 4
5076 5
5074 0
5074 1
5074 2
5074 3
6549 43
6549 44
6549 45
6549 46
6192 140
6192 141
6192 142
6192 143
5971 65
5971 66
5971 69
5971 70
5933 12
5933 13
5933 14
5933 15
6553 84
6553 85
6553 86
6553 87
6164 2
6347 27
6347 81
6347 82
6347 83
5983 30
5983 31
6672 49
6672 50
6672 51
6672 52
6566 44
6566 45
6110 127
5896 8
5896 9
5896 10
5896 11
6217 10
6217 11
6217 12
6217 13
5103 13
5103 14
5103 15
5364 119
5044 13
5044 14
5044 15
5044 16
6148 42
6148 44
6148 45
6148 46
6690 109
6690 110
6690 111
6690 112
6074 26
6074 27
6074 28
6074 29
5071 68
5071 69
5071 70
5071 71
6106 28
6106 29
6106 30
6106 31
5776 38
5776 39
5776 40
5776 41
6309 10
6309 11
6309 12
6309 13
6007 146
6007 147
6334 26
6334 29
6334 30
6334 91
6686 44
6686 45
6686 46
6686 47
6163 0
5397 89
5397 90
5397 91
5397 92
6348 147
6348 148
6348 149
6348 150
6478 47
6478 48
6475 50
6475 51
6475 52
6475 53
6431 55
6431 56
6431 57
6431 58
5187 209
5187 222
5187 225
6070 107
6070 108
6070 109
6070 110
6027 54
6027 55
6198 140
6198 141
6198 143
6198 144
6375 59
6375 60
6375 66
6375 121
6223 42
6223 43
6223 44
6223 45
6571 115
6571 116
6571 117
6571 118
5914 76
5914 77
5914 78
5914 79
5451 34
5451 35
5229 14
5229 15
6600 4
6600 5
6600 6
6600 7
6285 43
6285 44
6285 45
6285 46
6571 34
6571 36
6312 45
6312 47
6312 61
6312 85
6642 44
6642 45
5237 17
5237 24
5237 28
5237 58
5341 34
5341 163
5341 164
5341 165
6158 9
6158 10
6158 11
6158 12
5389 11
5389 17
6647 134
6647 135
6647 136
6647 137
5604 57
5604 93
5604 94
5609 28
5609 29
5609 30
5609 31
6419 2
6387 154
6387 155
6387 156
6387 157
5901 116
5901 117
5901 118
5901 119
6224 63
6224 64
6224 65
6224 66
5093 16
5093 17
5093 18
5093 19
5393 44
5393 45
5393 46
5393 47
5979 128
5979 129
5979 130
5979 131
6683 61
6683 62
6683 63
5207 76
5207 77
5207 78
5207 79
6563 25
6563 26
6563 27
6563 28
5600 110
5600 113
5600 175
5600 176
5208 136
5208 137
5208 138
5208 139
5966 96
5966 97
5966 98
5966 99
6687 86
6687 87
5983 14
5983 15
5983 16
5983 17
5164 57
5164 59
5164 62
6535 106
6535 125
6002 20
6002 23
5038 35
5038 36
5038 37
5038 38
6572 115
6572 116
6572 117
6572 118
6686 32
6686 33
6686 34
6686 35
6468 126
6221 0
6221 1
6221 2
6221 3
6285 39
6285 40
6285 41
6285 42
5977 94
5977 95
6168 127
6168 128
6168 129
6168 131
6118 116
6118 117
6118 118
6118 119
6503 10
6503 11
6503 12
6503 13
6527 181
6406 104
6406 105
6406 106
6406 107
6283 36
6283 37
6283 38
6283 39
6382 51
6382 52
6382 53
6382 78
6548 13
6548 15
5078 57
5078 58
5078 59
5078 60
6748 60
6748 61
6748 62
6748 63
6542 170
6542 171
6542 172
6542 173
6318 121
6318 122
6318 123
6318 124
6246 14
6246 15
6246 16
6246 17
5154 106
5154 123
5455 98
5455 99
5455 100
5455 101
6192 14
6192 15
6192 16
6192 17
5216 65
5216 66
5216 67
5216 68
6339 79
6339 144
6339 149
6339 150
5616 38
5616 39
5616 40
5616 41
5983 76
5983 77
5983 78
5983 79
6349 16
6349 17
6444 57
6444 58
6125 63
6344 55
6344 67
6226 10
6226 11
6226 14
6226 15
6326 57
6326 58
6326 59
6326 60
5151 35
5151 53
5151 126
5151 149
6565 93
6565 94
6600 26
6600 27
6600 28
6600 29
6096 0
6096 1
6096 2
6096 3
4971 128
4971 129
4971 130
4971 131
6457 4
6457 5
6457 6
6457 7
6611 77
6611 78
6611 79
6611 80
5089 40
5089 41
5089 42
5089 44
6615 57
6615 64
6615 65
6615 66
6419 6
6419 15
6697 91
6697 92
6697 93
5454 25
5454 35
5454 153
5454 157
5395 8
5395 9
5395 10
5395 11
5332 126
5332 127
5332 128
5332 129
6030 100
6030 101
6030 105
6030 108
6203 0
6203 1
6203 2
6203 3
6163 59
6091 116
6091 117
6091 118
6091 122
5092 16
5092 17
5092 18
5092 19
6402 30
6402 31
6680 100
6680 101
6680 102
6680 103
6231 79
6231 80
6231 81
6231 82
4988 14
6320 36
6320 37
6320 38
6320 39
4986 14
4986 15
4986 16
4986 17
6542 52
6542 53
6560 32
6560 33
6560 34
6560 35
6615 34
6615 35
6615 36
6615 37
5164 19
5164 20
5164 23
5164 24
6375 5
6375 6
6375 8
6375 9
5207 0
5207 1
5207 2
5207 3
5606 14
5606 15
5606 16
5606 17
5060 76
5060 77
5060 78
5060 79
6572 96
6572 97
6572 98
6572 99
6118 58
6118 59
6118 90
6118 91
6592 137
6592 138
6592 139
6592 140
4987 30
4987 31
4987 32
4987 33
6139 83
5382 195
6360 104
6360 105
6360 108
6360 109
5106 39
5106 41
5106 42
5106 107
6105 64
6105 65
6105 66
6105 67
6026 73
6026 74
6007 12
6007 13
6114 184
6114 185
6099 9
6099 11
6099 12
6099 13
6319 41
6319 42
6230 30
6230 31
6446 165
6446 166
6446 167
6446 168
6007 56
6007 57
6007 58
6007 59
6102 47
6092 206
6092 207
6092 208
6092 209
6149 111
6149 112
6149 113
6149 114
6407 158
6407 159
6199 15
6199 16
6199 17
6199 18
5990 58
5990 60
5990 61
5990 62
6340 33
6340 34
6340 35
6340 36
6614 74
6614 75
6614 76
6076 64
6076 71
6076 79
6076 80
5179 152
5179 153
5179 154
5179 155
6439 11
6439 12
6439 51
6347 147
6347 148
6347 149
6347 150
5451 6
5451 7
5451 8
5451 9
6134 43
6046 51
6046 52
6304 145
6304 146
6304 147
6304 148
4998 160
4998 161
4998 162
4998 163
6122 189
6122 191
6592 66
6592 67
6592 68
6592 69
5375 20
5375 21
5375 22
5375 23
5411 191
6123 111
6123 112
6123 113
6123 114
5385 88
5385 89
5385 90
5385 91
5338 33
5338 34
5338 35
5338 36
5891 156
5891 157
5891 158
5891 159
5019 99
5019 100
5019 109
5019 112
6582 0
6582 1
6582 2
6582 3
6440 58
6642 58
6642 59
6642 60
6642 61
5013 136
5013 137
5013 138
5013 139
5051 81
5051 82
5051 83
5051 84
6192 144
6192 145
6192 146
6192 147
6330 5
5001 20
5001 21
5001 22
5001 23
5933 46
6183 53
6183 54
6183 55
6183 56
6657 8
6657 9
6657 10
6657 11
5425 0
5425 1
5425 2
5425 3
6380 52
6380 53
6380 54
6211 151
6211 152
6427 138
6427 139
6427 140
6427 141
6562 214
6562 215
6562 216
6562 217
6192 34
6192 35
6192 36
6192 37
6103 15
6103 61
6103 63
6103 64
6634 115
6634 116
6634 117
6634 119
6425 116
6425 117
6425 118
6425 119
6118 96
6118 97
6118 98
6118 99
6230 77
6230 80
6230 84
6230 88
6321 4
6321 5
6321 6
6321 7
5894 0
5894 1
5894 2
5894 3
5197 29
5197 30
5197 31
5197 32
6478 4
6478 5
6478 6
6478 7
5151 82
6176 8
6176 14
6176 15
6176 17
6319 118
5914 84
5914 85
5914 86
5914 87
6226 107
6226 108
6226 109
6226 110
6696 32
6696 33
6696 34
6696 35
5966 192
5966 193
5966 194
5966 195
6346 16
6346 17
6346 18
6346 19
6319 142
6319 143
6319 144
6319 146
6362 29
6362 36
6362 37
6362 38
6381 77
5337 94
5337 95
5337 96
5337 97
6280 73
6280 74
6280 125
6280 126
6448 64
6448 65
6448 66
6448 67
6030 64
6030 65
6030 68
6030 69
6655 25
6527 118
6527 119
6527 120
6527 121
6633 1
6503 64
6503 65
6503 66
6503 67
6502 41
6502 42
6502 43
6502 44
6338 40
6338 43
6338 44
6338 110
6114 172
6114 173
6114 174
6114 175
5771 42
5771 43
5771 44
5771 45
6298 64
6298 65
6298 66
6298 67
6162 69
6162 71
6162 72
6329 53
5216 12
5216 14
5216 16
5216 18
6670 44
6670 45
6670 46
6670 47
6457 0
6457 1
6457 2
6457 3
5966 124
5966 125
5966 126
5966 127
6343 62
6343 63
5411 186
5411 187
5411 188
5411 189
6349 58
6349 59
6349 60
6349 61
5602 25
5602 26
5602 27
5602 28
6096 12
6096 13
6096 14
6096 15
5387 40
5387 41
5387 42
5387 43
6358 1
6358 2
6358 3
6358 5
6190 33
6190 37
6190 38
6179 64
6179 65
6179 66
6179 67
6194 24
6194 28
6614 112
6614 113
6614 154
6614 157
6591 39
6591 40
6591 41
6591 43
6367 68
6367 69
6367 70
6367 71
5906 139
5906 140
5906 141
5906 143
6211 28
6211 29
6211 30
6211 31
6387 140
6387 141
6387 142
6387 143
6172 15
6172 17
6172 21
6382 86
6382 87
6382 88
6382 124
5977 12
5977 13
5977 14
5977 15
6653 28
6653 29
6653 30
6653 31
6493 36
6493 37
6493 38
6493 39
6381 47
6381 48
6381 49
6381 50
5090 0
5090 1
5090 2
5090 3
5384 152
5384 153
5384 154
5384 155
6221 60
6221 61
6221 62
6221 63
5151 210
5151 214
5151 215
5151 216
5084 36
6122 59
6122 60
6122 61
6122 62
6663 41
6663 42
6663 43
6663 44
6387 118
6387 119
5977 79
5169 69
5169 71
5169 74
5169 75
5975 78
5975 79
5975 80
5975 81
6004 8
6004 9
6004 10
6004 11
6502 124
5975 24
5975 25
5975 26
5975 28
5624 28
5624 29
5624 30
5624 31
5606 8
5606 9
5606 20
5606 21
6478 125
6478 126
6478 127
6478 31
6478 32
6478 33
6478 34
6021 101
6021 102
6021 104
6021 105
6339 178
6339 179
6339 180
6339 181
6332 56
6332 57
6332 60
6332 61
6608 78
6608 79
6608 80
6608 81
5975 94
5975 95
6122 192
6122 193
6122 195
6122 196
4969 57
4969 58
4969 59
4969 60
6211 112
6211 113
6211 114
6211 115
5949 16
5949 17
5949 18
5949 19
4998 189
4998 190
5016 40
5016 41
5016 42
5016 43
6105 24
6105 25
6105 26
6105 27
6139 94
6139 95
6139 128
6139 129
6611 64
6611 65
6611 66
6611 67
6283 11
6283 12
6283 13
6283 14
5031 52
5031 53
5031 54
5031 55
5915 8
5915 9
5915 10
5915 11
6625 44
6625 45
6625 47
5911 71
6412 117
6412 118
6412 119
6412 120
5370 88
5370 89
5370 90
5370 91
6122 46
6122 47
6122 48
6122 49
5930 38
5930 39
5930 40
5930 41
6616 171
6616 172
6528 112
6528 113
6369 53
6369 54
6369 55
6369 56
5588 131
5588 132
5588 133
5588 134
6341 57
5201 15
5201 17
5201 19
5201 20
6110 75
6110 76
5895 24
5895 25
5895 26
5895 27
5947 151
5947 152
5071 80
5171 51
5171 52
5171 53
5171 54
5388 32
5388 33
5388 34
5388 35
6440 75
6440 76
6440 77
6440 80
6216 10
6216 11
5911 44
5911 45
5911 46
5911 47
6404 87
6404 88
6404 89
6404 90
4982 31
4982 32
4982 33
4982 34
6676 170
6229 4
6229 7
5947 21
5947 22
6286 13
6286 14
6286 15
6286 16
6125 24
6125 66
5061 22
5061 26
5061 154
5061 155
6487 77
6487 78
6342 11
5233 6
5233 10
5233 11
5233 12
6425 129
6425 132
6425 133
6425 144
5441 8
5441 9
5441 10
5441 22
6285 65
6285 66
6285 67
6285 68
6381 132
6381 133
6381 134
6381 135
6362 94
6362 95
6362 96
6362 97
6288 77
6288 78
6288 79
6288 80
6036 0
6036 2
6036 3
6036 4
6450 7
6450 8
6450 9
6450 10
5896 40
5896 41
5896 42
5896 43
5208 84
5208 85
5208 86
5184 15
5184 17
5184 18
5184 19
6339 50
6339 51
6339 52
6339 173
5452 48
5452 49
5452 50
5452 51
6149 115
6149 119
6149 123
6149 127
6450 11
6450 12
6450 13
6450 14
6330 17
6525 0
6525 1
6525 2
6525 3
5392 14
5341 170
5341 171
5341 172
5341 173
5036 0
5036 100
5036 102
5036 103
6427 128
6427 129
6427 130
6427 131
5204 82
5204 90
5204 92
5204 93
6377 32
6377 33
6377 36
6377 37
6748 53
6748 54
6748 55
6748 56
5455 48
5455 49
5455 50
5455 51
6233 23
6233 24
6233 25
6233 26
6138 94
6138 95
5029 178
5029 179
6440 10
6440 11
6440 12
6440 13
4975 101
4975 103
4975 104
4975 105
5157 5
5157 6
5157 7
5157 8
6748 59
6748 64
6748 65
6748 66
6312 68
6312 69
6312 70
6312 71
6614 54
6614 55
6614 56
6614 57
5143 47
5143 48
5143 49
5143 50
5396 36
5396 37
5396 38
5396 39
5333 80
5333 81
5333 82
5333 83
5332 180
5332 181
5332 182
5332 183
6625 12
6625 14
6625 15
6625 16
6078 12
6078 17
6631 77
6631 78
6631 79
6103 81
6103 82
6103 83
6103 84
6362 4
6362 5
6362 6
6362 7
5087 26
5143 13
5143 14
5143 15
5143 16
6147 28
6147 29
5404 81
5404 82
5404 83
5385 184
5385 185
5385 186
5385 187
5127 132
5127 133
5127 134
5127 135
6218 91
6218 92
6446 13
6446 14
6446 15
6446 16
5023 4
5023 5
5023 7
5023 9
6609 68
6609 69
4998 92
4998 93
6325 21
6325 22
6325 23
6325 24
5039 1
5039 3
5039 4
5039 5
5425 28
5425 29
5425 30
5425 31
5979 104
5979 105
5979 106
5979 107
6563 10
6563 39
6563 60
6563 62
5622 16
5622 17
5622 18
5622 19
5431 8
5431 9
5956 14
5956 15
5956 23
5397 128
5397 129
5397 130
5397 131
6440 25
6440 26
6440 27
6440 28
6134 10
6134 12
6134 17
6134 18
6483 64
6483 65
6483 66
6483 67
5179 96
5179 97
5179 98
5179 99
5370 48
5370 49
5370 50
5370 51
6637 53
6637 54
6637 55
6637 56
6045 9
6045 10
6045 13
6045 14
6310 44
6310 45
6310 46
6310 47
6375 44
6375 45
4952 83
4952 84
4952 85
4952 86
5169 192
5169 193
5169 194
5169 195
6410 54
6410 55
6410 56
6410 59
6030 115
6030 117
5208 148
5208 149
5208 150
5208 151
6528 4
6528 5
6528 6
6528 7
6640 43
6640 44
6640 45
6640 46
5133 44
5133 45
5133 46
5133 47
5625 176
5625 178
5625 179
5625 180
5455 8
5455 9
5455 10
5455 11
6348 60
6348 61
6348 62
6348 63
6219 52
6219 53
6219 54
6219 55
5227 6
5227 7
5227 10
5227 11
5364 36
5364 37
5364 38
5364 39
5979 0
5979 1
5979 3
5979 4
5207 72
5207 73
5207 74
5207 75
6158 5
6158 6
6158 7
6158 8
5916 20
5916 21
5916 22
5916 23
5946 4
5946 5
5946 6
5946 7
5966 142
5966 143
5966 144
6304 64
6304 65
6304 66
6304 67
6261 29
6261 31
6261 32
6261 33
5041 36
5041 63
5041 68
5041 76
6341 30
6341 32
6341 33
6341 35
6074 34
6074 35
6074 36
6074 37
6065 52
6065 53
6065 54
6065 55
6596 140
6596 141
6596 142
6596 143
5361 212
5361 213
5361 214
5361 215
6235 68
6235 69
6235 70
6235 71
6401 111
6401 112
6401 114
6091 146
6091 147
6091 152
6091 153
5331 112
5331 113
5331 114
5331 115
5371 41
5371 42
5371 43
5371 44
5331 156
5331 157
5331 158
5331 159
6058 68
6058 69
6058 70
6058 71
6220 9
6220 10
6220 11
6220 12
6580 26
6580 27
6580 28
6580 29
6683 148
6683 149
6683 150
6683 151
6065 12
6065 13
6065 14
6065 15
6381 69
6381 70
6381 71
6381 72
6663 230
6663 231
6663 232
5936 10
5936 11
5936 12
5936 14
6325 53
6325 57
6325 58
6111 36
6111 37
6111 38
6111 39
5353 4
5353 5
4975 0
4975 1
4975 2
4975 3
6375 53
6375 54
4955 44
4955 45
4955 46
4955 47
5360 4
5360 5
5360 6
5360 7
5404 29
5404 30
5404 31
5404 32
6340 84
6340 85
6340 86
6340 87
6480 82
6480 83
6480 84
6480 85
6353 8
6353 9
5441 72
5441 73
5441 74
5441 75
5924 16
5924 17
5924 18
5924 19
6546 55
6546 57
6546 58
6546 59
5384 160
5384 161
5384 162
5384 163
4971 28
4971 29
4971 30
4971 31
5351 16
5351 17
5351 18
5351 19
5589 4
5589 5
5589 6
5589 7
6528 100
6528 101
6528 102
6528 103
5051 8
5051 9
5051 10
5051 11
5897 36
5897 37
5897 38
5897 39
6344 0
6344 37
6344 38
6344 39
6374 28
6374 29
6374 31
5002 32
5002 33
5002 34
5002 35
6111 45
6111 46
6111 47
6111 48
6551 224
6551 225
6551 226
6551 227
6575 28
6575 29
6575 30
6575 31
5966 205
5966 206
5966 207
6344 56
6344 57
6344 64
6344 65
6686 57
6686 58
6686 59
6686 60
5154 47
5154 50
5154 58
5154 63
6376 0
6376 1
6376 2
6517 4
6517 5
6517 6
6517 7
6448 160
6448 161
6448 162
6448 163
6162 144
6162 145
6162 146
6162 147
6572 128
6572 129
6572 130
6572 131
6690 42
6690 43
6647 211
6647 212
6647 213
6647 214
5384 192
5384 193
5384 194
5384 195
6626 34
6626 35
6626 36
4962 137
4962 138
4962 139
4962 140
6564 140
6564 141
6564 142
6564 143
5021 47
5021 48
5021 49
5021 50
6619 72
6619 73
6619 74
6619 75
5413 0
5413 1
5413 2
5413 3
6535 40
6535 63
6535 79
6535 83
5211 72
5211 73
5211 74
5211 75
5154 36
5154 94
5154 96
5154 162
6562 161
6562 162
6562 163
6562 164
5906 79
5906 80
5906 81
5906 82
6100 45
6100 48
6100 49
6683 160
6683 161
6683 162
6683 163
6105 20
6105 21
6105 22
6105 23
6280 107
6280 108
6280 109
6280 110
6138 55
6138 56
6138 57
6138 58
6388 48
6388 49
5933 47
5933 48
5933 75
5933 76
6100 90
6100 91
6100 92
6100 93
6527 26
6527 27
6527 28
6527 29
6406 31
6406 156
6406 157
6105 68
6105 69
6105 70
6105 71
6145 64
6145 65
6145 66
6145 67
5397 117
5397 118
5397 119
5397 120
4992 53
4992 54
4992 55
4992 56
6348 175
6348 176
6348 177
6348 178
5013 96
5013 97
5013 98
5013 99
6114 180
6114 181
6114 182
6114 183
5598 30
5598 31
5598 36
5361 4
5361 5
5361 6
5361 7
6466 2
6466 5
5337 211
5337 212
5337 213
5337 214
5965 1
5965 5
5965 6
5965 8
6260 0
6260 1
6260 2
6260 3
6671 128
6671 129
6697 53
6697 54
6697 55
6697 56
5455 36
5455 37
5455 38
5455 39
5960 10
5960 11
5965 47
5965 49
5965 50
5965 51
5930 60
5930 61
5930 62
5930 63
6149 65
6149 68
6149 69
6149 96
5235 12
5235 13
5235 14
5235 15
5197 4
5197 5
5197 6
5197 7
5916 24
5916 25
5916 26
5916 27
6466 6
6466 9
6466 10
6563 18
6563 19
6563 30
6563 111
6122 95
6122 96
6122 97
6122 98
6616 83
6616 84
6616 85
6616 86
4988 5
4988 6
4988 7
4988 8
5343 18
5343 19
5366 10
5366 11
5366 12
5366 13
6122 107
6122 108
6122 109
6122 110
6332 58
6332 59
6332 62
6332 63
5187 120
5187 121
5187 122
5187 123
6058 114
6058 117
6058 182
6058 183
5450 0
5450 1
5450 2
5450 3
6461 14
6461 15
6461 16
6461 18
6600 68
6600 69
6600 70
6600 71
6689 142
6689 143
6689 144
6689 145
6630 0
6630 1
6630 2
6630 3
5411 28
5411 29
5411 30
5411 31
6231 57
6231 58
6231 59
6231 60
6487 10
6487 11
6487 12
6487 13
6487 32
6487 33
6487 34
6487 35
6553 51
6553 52
6553 53
6553 54
5408 12
5408 13
5408 14
5408 15
6647 73
6647 74
6647 75
6647 76
6534 35
6534 36
6534 37
6534 38
4955 60
4955 61
4955 62
4955 63
5609 24
5609 25
5609 26
5609 27
6640 112
6640 113
6640 114
6640 115
5127 46
5127 47
5127 48
5127 49
5985 40
5985 41
5985 42
5985 99
6540 1
6540 2
6540 3
6540 4
6145 33
6145 34
6145 35
6145 72
6689 48
6689 49
6689 50
6689 51
6671 55
6671 56
6671 57
6671 58
5157 25
5157 26
5157 28
5157 29
6382 61
6382 62
6382 63
6562 209
6562 210
6562 221
6562 222
6329 48
6329 49
6329 50
6329 51
5077 0
5077 1
5077 2
5077 3
6219 159
6219 160
6219 161
5364 122
5364 123
5364 124
5364 125
6376 111
6376 112
6376 113
6376 114
5598 52
5598 53
5598 54
5598 55
6219 82
6219 83
6219 84
6219 85
5201 99
5201 100
5201 101
5201 103
5451 22
5451 23
5451 24
5451 25
6091 1
6091 2
6091 5
6091 7
5892 16
5892 17
5892 18
5892 19
6588 0
6588 25
6588 26
5093 52
5093 53
5093 54
5093 55
5179 217
5179 218
5179 219
5179 220
6510 26
6510 28
6510 29
6510 30
5092 64
5092 65
5092 66
5092 67
6628 34
6628 35
6628 36
6628 37
6582 20
6582 21
6582 33
6582 34
5391 24
5391 25
5391 26
5391 27
6217 93
6217 94
6217 95
6217 96
6609 2
6609 3
6609 6
6609 7
5208 132
5208 133
5208 134
5208 135
5454 80
5454 84
5454 142
5454 146
5187 70
5187 73
5187 101
5187 136
5361 182
5361 183
5361 184
5361 185
6461 101
6461 102
6461 103
6461 104
6423 160
6423 161
6423 162
6423 163
5216 19
5216 21
5216 23
5216 24
6334 19
6334 20
6334 23
6334 24
6589 146
6589 147
6589 148
6589 149
5031 16
5031 17
5031 18
5031 19
5059 51
5059 52
5059 54
5059 55
6600 160
6600 161
6600 162
6600 163
5005 56
5005 57
5005 58
5005 59
6336 82
6336 85
6336 86
6336 113
5895 28
5895 29
5895 30
5895 31
6671 94
6671 95
6671 96
6671 97
6634 0
6634 4
6634 42
5348 8
5348 9
5337 70
5337 71
5337 72
5337 73
6647 0
6647 1
6647 2
6647 3
6098 52
6098 53
6098 54
6098 55
5368 72
5368 73
5368 74
5368 75
6046 0
6046 3
6046 4
6046 6
6590 10
6590 11
6590 12
6590 13
6527 215
6527 216
6298 136
6298 137
6298 138
6298 139
5377 32
5377 33
5377 34
5377 35
6254 16
6254 17
6254 19
6254 20
6462 34
6462 35
6462 36
6462 37
6453 89
6453 90
6453 91
6453 92
6535 178
6535 179
6535 180
6535 181
6380 58
6380 59
6380 60
6380 61
5142 16
5142 17
5142 18
5142 19
6549 128
6549 129
6549 130
6549 131
5454 200
5454 201
5454 202
5454 203
5782 111
5782 112
5782 113
5782 114
6510 96
6510 97
6510 98
6510 99
5900 0
5900 1
5900 2
5900 3
6615 158
6615 159
6615 160
6615 161
5437 159
5437 160
5437 161
5437 162
6121 65
6121 66
6121 67
6121 69
5090 92
5090 93
5090 94
5090 95
6533 51
6533 96
6533 97
6533 124
6600 169
6600 170
6600 171
6600 172
5042 36
5042 37
5042 38
5042 39
6460 14
6460 16
6460 17
6460 20
5605 57
5605 59
5605 60
5605 61
6401 68
6401 69
6401 70
6401 71
5411 8
5411 9
5411 10
5411 11
6552 5
6552 7
6552 8
6552 9
6298 49
6298 50
6298 51
6298 52
6026 62
6026 69
5618 27
5618 28
5618 37
6697 4
6697 5
6697 6
6697 7
5208 120
5208 121
5208 122
5208 123
6589 118
6589 121
6589 122
6589 123
5345 20
5345 21
5345 22
5345 23
6590 0
6590 1
6590 2
6590 3
5600 111
5600 112
5600 114
5600 115
5892 36
5892 37
5892 38
5892 39
6666 125
6666 126
6666 127
6666 136
6598 117
6598 118
6598 119
6598 120
6012 8
6012 9
6012 10
6012 11
5925 30
5925 31
5925 37
6410 10
6410 13
6410 14
6410 18
5419 112
5419 113
5419 114
5419 115
6631 105
6631 106
6631 107
6631 108
5092 100
5092 101
5092 102
5092 103
6336 8
6336 9
6336 12
6336 13
6304 0
6304 1
6304 2
6304 3
6162 206
6158 16
4979 4
4979 5
4979 6
4979 7
6608 87
6608 88
6608 89
6608 90
6355 29
6355 30
6355 31
5977 145
5977 146
5977 147
5891 100
5891 101
5891 102
5891 103
5339 14
5339 15
5339 16
5339 17
5418 144
5418 145
5418 146
5418 147
5337 33
5337 34
5337 35
5337 36
5016 44
5016 45
5016 46
5016 47
5167 4
5167 20
5167 21
5167 26
6375 38
6254 6
4981 34
4981 36
4981 43
4981 47
6340 93
6340 153
6340 155
6340 156
5051 206
6197 7
6197 8
6197 9
6197 11
6675 14
5212 6
5212 9
5212 10
5212 11
6076 10
6076 20
6076 66
6076 67
6672 62
5918 20
5918 21
5918 22
5918 23
6162 35
6179 68
6599 49
6599 50
6599 78
6599 79
4982 55
4982 56
4982 57
4982 58
5102 4
5102 5
5102 6
5102 7
5994 44
6480 130
6480 138
6480 160
5926 1
5926 2
5926 3
5926 5
5915 12
5915 13
5915 14
5915 15
5975 42
5975 44
5055 4
5055 5
5055 6
5055 7
5171 27
5171 28
5171 29
5171 30
6529 95
5169 196
5169 197
5169 198
5169 199
5897 20
5897 21
5897 22
5897 23
6689 59
6689 60
6689 61
6689 62
6387 62
6115 94
6115 95
6045 18
6045 19
6050 14
6050 15
6050 17
6050 18
5600 130
5600 132
5600 138
5600 171
6603 74
6603 75
6603 76
6603 77
6318 63
6318 91
6318 92
6318 93
5084 125
5332 80
5332 95
5332 96
5332 98
5082 5
5217 44
5217 45
5217 46
5217 47
5037 6
5037 8
5037 10
5037 11
5204 60
5204 68
5204 69
5204 77
4998 24
4998 25
4998 26
4998 27
5216 33
5216 34
5216 35
5216 36
6219 0
5169 118
5169 120
5169 122
5169 123
4998 128
4998 129
4998 130
4998 131
5194 14
5194 16
5194 19
5194 20
5921 16
5921 17
5921 18
5921 19
5031 56
5031 57
5031 58
5031 59
6605 148
6605 150
6605 151
6605 154
6210 9
5079 6
5983 68
5983 69
5983 70
5983 71
6591 34
6668 39
6631 11
6631 12
6631 13
6631 16
6487 126
6544 277
6544 278
6544 279
6544 280
6093 4
6453 14
6453 15
6453 16
6453 17
5933 135
6078 23
6078 31
6078 37
5153 105
5906 142
5906 146
5906 163
5906 167
6614 4
6614 5
6614 6
6614 7
6697 63
5386 112
5386 170
5386 174
5386 178
5268 13
5268 14
5268 15
5268 16
6642 119
5157 78
5157 79
5157 80
5157 81
5021 63
5021 80
6560 56
6560 58
6205 49
6205 50
5586 121
5586 122
5586 123
5586 124
6562 169
6562 170
6165 18
6165 19
5965 32
5965 34
5965 38
5965 41
6168 63
5005 68
5005 69
5005 70
5005 71
5038 12
5038 24
5586 155
5586 172
5586 173
5586 174
6076 78
6546 61
5235 22
5235 23
5235 24
5235 25
5091 25
5091 26
5091 27
5091 28
5151 3
5151 221
6030 113
6030 114
5382 45
5382 46
5382 47
5382 48
6194 13
6194 14
5984 0
5214 4
5214 5
5214 6
5214 7
6388 82
6217 40
4982 117
4982 118
4982 119
4982 120
6608 94
4971 116
4971 117
4971 118
4971 119
6671 102
6671 103
6483 40
6483 41
6483 42
6483 43
6468 12
6468 13
6468 14
6468 15
6566 30
6566 31
5084 61
6026 76
5607 27
6156 11
6608 62
6608 63
6542 126
6542 127
5139 83
6461 64
6461 65
6461 66
6461 67
5953 22
6645 4
6645 5
6428 8
6428 9
6288 172
6288 173
6176 77
6176 78
6176 79
6176 80
6168 30
6168 31
6383 65
6383 66
6383 67
6383 72
6080 31
6080 44
5977 157
6123 97
6123 98
6123 99
6123 101
6337 12
6337 13
5977 191
5331 224
5921 138
5921 139
6639 53
5168 2
5168 5
5168 7
5168 9
6482 38
6402 55
6254 11
6254 12
6102 45
5892 8
5892 9
5892 10
5892 11
5897 16
5897 17
5897 18
5897 19
6149 29
6149 30
6467 45
6467 46
6467 47
6467 48
6219 49
6219 50
6219 51
6102 73
6102 74
6102 75
6102 76
6444 156
6444 157
6444 158
6444 159
6063 46
6063 47
5975 31
6444 115
6444 116
6376 115
6376 116
6608 32
6608 34
6608 35
6608 36
6544 4
6544 5
6544 6
6544 7
6079 11
6079 12
6079 13
6079 38
6198 24
6198 25
5452 12
5452 13
5452 14
5452 15
6533 125
6533 126
6533 127
6653 26
6653 27
6058 77
6058 78
6058 79
6058 80
6387 128
6387 129
6387 130
6387 131
6044 10
6122 159
6122 160
6122 161
6122 162
5187 181
5187 182
5187 228
5187 234
5947 19
5947 90
6482 152
6482 153
6482 154
6482 155
5233 99
6301 59
5087 30
6670 50
6670 51
6670 52
6022 46
6022 58
6022 59
6022 176
6334 115
5588 56
5588 57
5588 58
5588 59
5921 127
6441 77
6340 76
6340 77
6340 78
6340 79
6692 27
6692 28
6347 135
4962 125
4962 126
4962 127
4962 128
5418 49
5418 50
6149 121
6149 122
6149 124
6149 125
6007 60
6007 61
6007 68
6007 69
6544 0
6544 1
6544 2
6448 68
6448 69
6448 70
6448 71
6366 93
6366 94
5177 44
5177 45
5177 47
6544 76
6544 77
6544 78
6544 79
6535 158
6535 159
5600 14
5600 15
5600 16
5600 17
6697 96
6697 97
6697 98
6697 99
5002 0
5002 1
5002 3
5002 4
6423 61
6332 16
6332 19
6332 20
6332 23
6211 171
6211 172
6211 173
6210 22
6210 23
6210 24
6210 25
6630 83
6630 84
6630 86
6630 87
6506 77
6506 78
6311 40
6311 41
6311 42
6311 43
6301 117
6301 118
6301 119
5925 196
5925 197
5925 198
6446 104
6544 325
6544 326
6544 327
6544 328
5019 5
5019 30
6338 74
6338 76
6338 77
5605 126
5605 127
6544 159
6544 160
6544 162
6544 163
6666 87
6666 88
6110 138
6110 139
6110 140
6110 141
6201 52
6201 53
6201 54
5084 51
5600 84
5600 85
5600 86
5600 87
5965 48
6025 53
6025 54
6025 55
6025 56
6611 118
6611 119
5179 237
6070 53
6179 69
6179 70
6179 71
6179 72
6382 132
6382 133
6382 134
6640 127
6640 132
5217 4
5217 5
5217 6
5217 7
5146 0
5146 3
5146 4
5146 5
6113 46
6113 47
6113 48
6113 49
6180 83
6180 84
6180 85
6180 86
5779 30
5779 31
6206 54
6206 55
6668 66
6647 148
6647 149
6647 150
6647 151
5977 185
5977 186
5977 212
5977 213
6288 64
6288 65
6288 66
6288 67
5364 140
5364 141
5364 142
5364 143
5454 34
5454 38
5454 161
5454 165
5912 36
6377 16
6377 17
6377 18
6377 19
6408 43
6408 46
6408 47
6408 48
5782 53
5782 54
5782 55
5782 56
6490 24
6490 25
6632 28
6632 29
6632 30
6632 31
6314 61
6314 62
6680 30
6680 31
6680 32
6680 33
6065 40
6065 41
6065 42
6065 43
6559 83
6559 84
6151 15
6151 16
6151 17
6151 20
6487 91
6487 92
6487 125
6571 182
6571 206
6571 74
6571 78
6571 81
6571 83
5946 86
5946 87
6226 16
6226 18
6043 170
6043 171
6043 174
6043 175
6065 64
6065 65
6065 66
6065 67
6266 9
6266 10
6266 11
6266 12
6283 53
6283 54
6283 55
6283 56
6001 36
6001 37
6001 39
6001 40
6457 29
6457 30
6457 41
6153 6
6153 7
6153 8
6153 9
5598 49
5598 50
5598 51
5598 112
5374 8
5374 9
5374 10
5374 11
6544 293
6544 294
6544 295
6544 296
6680 67
6680 68
6680 69
6680 70
6683 30
6683 31
6027 87
6027 89
6027 90
6027 91
6401 51
6401 52
6308 5
6308 6
6280 14
6280 17
5127 106
5127 107
5127 108
5127 109
6198 61
6198 62
6198 63
6198 64
6616 91
6616 92
6575 89
6575 90
6575 91
6172 13
6172 16
6355 8
6355 28
6355 36
6355 37
6517 58
6517 59
5203 44
5203 45
5203 46
5203 47
6377 31
6377 46
6358 56
6358 57
6358 60
6358 61
5139 31
5139 34
5139 35
5139 39
5911 64
5911 65
5911 66
5911 67
6369 48
5179 56
5179 57
5179 58
5179 59
6308 30
6308 31
6168 5
6168 6
6168 7
6168 8
6114 96
6114 97
6114 98
6114 99
6369 91
6369 92
6070 1
6070 2
6070 3
6070 4
6134 13
6134 14
6134 16
6199 209
6199 210
6199 212
6199 213
6433 12
6433 13
6433 15
6433 16
6180 65
6180 66
6180 67
6180 68
5005 189
5005 190
5185 6
5185 8
5185 75
5339 44
5339 45
5339 46
5339 47
6600 149
6600 150
6600 151
6600 152
5151 193
5151 194
5151 195
5151 201
6457 42
6457 64
6457 136
6457 161
6527 172
6031 52
6031 54
6031 58
6031 59
6286 17
6286 18
6286 19
6286 20
6375 103
6375 104
6375 105
6375 106
6197 42
5204 67
5204 71
5204 72
5204 73
4971 56
4971 57
4971 58
4971 59
6698 128
6698 129
6698 130
6698 131
6046 90
6046 91
6046 94
6046 95
6379 42
6379 43
6379 142
5201 128
5201 129
5201 130
5201 131
5392 8
5392 9
5910 68
5910 69
5910 70
5910 71
6608 40
5086 78
5086 79
5086 81
6118 140
6118 141
6118 142
6118 143
6226 121
6226 122
6226 123
6226 125
5404 0
5404 1
5404 2
5404 3
6680 99
6102 113
6102 114
6102 115
6102 116
6441 122
6441 123
6441 124
6173 73
5971 132
5971 139
6079 19
6079 20
6079 21
6079 22
6566 78
6566 79
5933 107
5933 108
5933 109
6670 0
6670 1
6670 2
6670 3
6659 60
6659 61
6659 62
6659 64
5237 0
5237 1
5237 2
5237 3
6281 98
6281 99
6281 100
6281 101
6480 14
6480 15
6480 16
6480 17
6528 46
6528 47
6528 54
6528 59
6548 148
6548 149
6606 88
6606 89
6631 14
6631 15
5212 33
5233 58
5233 61
5233 62
5233 63
6059 39
6615 175
6615 176
5084 35
6559 81
6559 82
6559 85
6559 86
6506 83
6506 84
6506 85
6506 86
5909 4
6521 101
6521 103
6521 104
6521 105
6060 0
6060 1
6060 2
6060 3
6487 142
6487 145
5918 30
5918 31
6438 20
6438 21
6144 28
6144 29
6144 40
6144 41
6544 183
6544 187
6544 188
6338 70
5340 70
5340 71
5340 72
5340 73
5985 23
5985 24
5985 25
5985 26
4975 68
4975 70
4975 71
4975 72
6113 122
6113 123
6113 124
6113 125
6611 170
6058 55
6058 121
6058 125
6058 126
5891 4
5891 5
5891 6
5891 7
6163 3
6163 5
6288 132
6288 133
6288 134
6288 135
6182 108
6182 109
6182 110
6182 111
6566 22
6566 23
6566 24
6566 25
6388 0
6388 1
6388 2
6388 3
6667 63
6667 68
6667 69
5386 33
5386 37
5386 166
5386 169
5914 59
5914 60
5914 61
5914 62
6319 62
6319 86
6319 88
6319 89
6156 6
6156 7
6156 8
6156 9
6359 24
6359 25
5059 64
5059 66
5059 67
5059 68
6647 101
6647 102
6647 103
6647 104
6336 97
6336 136
6336 137
6336 139
6203 79
6203 80
6203 81
6203 82
6692 59
6692 60
6692 61
6102 12
6102 13
6102 14
6102 15
6407 12
6407 13
6407 14
6407 15
4958 26
6446 27
6446 28
6446 30
6168 53
6168 54
6168 55
6168 57
6058 158
6058 159
6058 161
6058 162
6157 73
6157 74
6157 75
6157 76
6640 81
6640 82
6640 83
6640 84
6693 7
6693 8
6693 9
5127 50
5127 51
5127 54
5127 55
5783 131
5783 132
5783 133
5783 134
6114 116
6114 117
6114 118
6114 119
6676 101
6676 102
6676 103
6676 104
4999 36
4999 38
4999 39
4999 40
6046 116
6046 117
6046 136
6046 137
5985 19
5985 21
5985 22
6596 109
5341 102
5341 103
5341 104
5341 105
6563 29
6563 94
6563 95
6563 96
6572 21
6572 22
6572 24
6572 25
6164 5
6118 208
6118 209
6118 210
6118 218
6596 135
6596 151
6596 159
5979 18
5979 19
5979 20
5979 21
6280 138
6280 139
6280 141
6521 60
6521 61
6521 62
6521 63
6303 56
6303 57
6303 58
6303 59
5971 55
5971 56
5971 59
5971 60
5340 53
5340 54
5340 55
5340 56
5184 4
6173 118
6173 119
6173 120
6173 122
5385 144
5385 145
5385 146
5385 147
6218 11
6218 42
6218 70
6218 73
6628 38
6628 39
6628 40
5169 55
5911 42
5911 43
6227 8
6227 9
6227 31
6227 32
5933 127
5216 76
6210 0
6219 94
6219 95
6219 126
6219 127
4966 1
4966 2
6370 44
6370 45
6370 46
6370 47
5155 13
5154 7
5154 11
5154 136
5154 145
6369 123
6369 124
6369 125
6354 124
6354 126
6562 9
6562 10
6562 171
6562 172
6382 90
6382 91
6382 92
6382 93
5084 108
6176 81
6176 82
6176 83
6176 84
6382 110
6547 37
6547 38
6547 39
6547 40
6266 13
6266 14
6603 53
6603 82
6544 258
6544 259
6544 260
6544 261
6599 94
6162 123
6162 151
6162 152
6162 153
6162 155
6118 200
6118 201
6118 202
6118 203
6300 60
6300 61
5341 10
5341 11
5341 12
5341 13
6542 68
6542 69
6542 70
5921 120
5921 122
5921 128
5921 129
5953 0
5953 1
5953 2
5953 3
6379 37
6379 38
6379 39
6534 45
6534 46
6534 47
6534 48
6168 14
5347 10
6560 13
6560 14
6560 15
6560 16
6560 53
6560 54
6572 28
6572 29
6572 30
6572 31
6664 223
5332 184
5332 185
5332 186
5332 187
6439 32
6439 33
6439 34
6439 35
5966 68
5966 69
5966 70
5966 71
6025 75
6025 76
6025 77
6025 78
5332 91
5332 92
5332 93
5332 94
6123 126
5187 173
5187 174
5187 175
5187 176
5906 177
5906 178
5906 179
5906 181
5161 9
5161 22
6544 129
6544 130
6544 132
6056 35
6056 0
6056 1
6056 2
6056 3
6461 9
6461 10
6461 11
6461 13
6583 73
6583 74
6583 75
5031 32
5031 33
5031 34
5031 35
5084 106
6407 160
6407 161
6407 165
6407 168
6689 44
6689 45
6689 46
6689 47
6544 262
6544 263
6544 264
6544 265
6686 6
6686 7
6686 8
6686 9
6487 154
6487 155
6201 46
5988 8
5988 9
6588 31
6676 86
6676 87
6676 88
6676 96
6324 94
6324 95
6598 90
6598 91
6598 92
6598 93
6544 164
6544 166
6544 167
6544 168
6647 51
6647 52
6647 53
6647 54
6286 154
6286 155
6286 156
6286 157
6596 51
6596 52
6596 53
6596 54
6690 50
6690 51
6690 52
6690 53
6598 51
6598 52
6748 41
6748 42
6748 43
6748 44
6168 183
6168 187
6031 221
6091 72
6091 74
6091 82
6091 99
6113 62
6113 63
6113 64
6113 65
6216 40
6632 13
6632 14
6632 15
5382 161
5382 162
5382 163
5382 164
5412 100
5412 101
5412 102
5412 103
6508 29
6508 30
5386 26
5386 40
5386 88
5386 151
6572 123
6572 124
5920 14
5920 15
5920 16
5920 17
5895 32
5895 33
5895 34
5895 35
6551 52
6551 72
6551 73
6551 76
5353 16
5353 17
5353 18
5353 19
5938 19
5938 33
6683 181
6683 182
6683 183
6683 184
6429 72
6429 73
6429 84
6043 50
6043 51
6043 52
5000 78
5000 79
5000 80
5000 83
6406 7
6406 8
6406 11
6406 12
6195 29
6195 30
6195 31
6195 32
6623 36
6623 37
6623 38
6623 39
6615 89
6615 90
6615 91
6615 92
6583 163
6444 172
6444 173
6444 174
6444 175
5625 8
5625 13
5625 206
5625 207
6412 50
6412 51
6412 52
6412 53
6004 18
6004 19
6004 20
6004 21
6203 69
6203 70
6203 71
6203 72
6356 121
6356 122
6356 151
6356 152
5343 27
5343 28
5051 53
5051 54
5051 55
5051 56
5021 31
5021 32
5021 33
5021 34
6664 69
6664 70
6664 71
6664 72
5368 60
5368 61
5368 62
5368 63
5912 73
5912 74
5912 75
5912 76
6690 73
6690 74
6690 75
6690 76
5932 32
5932 33
5932 34
5932 35
5941 4
5941 5
5941 6
5941 7
6100 99
6100 100
6100 101
6157 64
6157 65
6157 66
6157 67
6639 62
6639 63
6168 86
6168 87
6168 88
6168 90
6140 2
6140 10
6140 69
6140 70
6197 0
6197 1
6197 2
6197 3
6117 4
6117 5
6117 6
6117 7
6031 98
6031 103
6031 104
6031 128
5899 44
5899 45
5914 1
6303 156
6303 157
6303 164
6303 165
6145 77
6145 78
6406 141
6406 142
6406 143
6664 118
6664 119
6664 120
6664 121
5332 190
5332 191
5087 19
6063 24
6063 25
6063 26
6063 27
5392 10
5392 11
5392 12
5392 13
6113 102
6113 103
6113 104
6113 105
6046 107
6046 108
6046 109
6046 110
6311 100
6311 127
6425 200
6425 201
6425 202
6425 203
6384 11
6384 12
6384 13
6384 14
6122 20
6122 21
6448 185
6448 186
6448 187
6448 188
6301 45
6301 46
6301 47
6301 48
6369 121
6369 122
6383 7
6383 8
6383 10
6383 11
5412 36
5412 37
5412 38
5412 39
6192 42
6192 43
6192 44
6192 45
5947 89
5947 91
5947 92
5382 33
5382 34
5382 35
5382 36
6011 90
6011 91
6011 92
6011 93
5985 82
5985 83
5985 101
5985 109
6090 114
6090 115
6090 116
6090 117
6114 28
6114 29
6114 30
6114 31
6632 32
6690 10
6690 11
6379 144
6379 145
6379 146
6379 147
6343 10
6343 11
6343 12
6343 13
5060 88
5060 89
5060 90
5060 91
5155 46
5155 51
5155 52
5155 53
4971 32
4971 33
4971 34
4971 35
5433 66
5433 67
5433 68
5433 69
5598 41
5598 42
5598 43
5598 44
5971 54
5971 119
5971 120
5971 123
6506 90
6506 91
6506 92
6506 93
5079 5
5979 149
5899 4
5899 5
5899 6
5899 7
5397 0
5397 1
5397 2
5397 3
5904 24
5904 25
5904 26
5904 27
5227 12
5227 14
5227 17
5227 19
6507 95
6507 104
5436 60
5436 61
5436 62
5436 63
6622 36
6622 37
6622 38
6622 39
6433 17
5005 100
5005 101
5005 102
5005 103
6417 156
6417 157
6417 158
6417 159
6527 97
6527 98
6642 0
6642 1
6642 2
6642 3
6562 31
6562 32
6562 33
6562 34
6349 21
6349 23
6349 24
6349 25
5337 102
5337 103
5337 104
5337 105
5450 8
5450 9
5450 10
5450 11
6571 86
6571 89
5084 115
6021 93
6406 63
6406 190
5437 99
5437 100
5437 101
5437 102
6114 108
6114 109
6114 110
6114 111
6594 87
6594 88
6594 118
6594 120
6629 28
6629 32
6629 33
6629 34
6318 6
6318 7
6318 9
6318 10
6011 4
6011 5
6011 6
6011 7
5049 63
5049 64
5049 65
5049 67
6551 35
6551 36
6551 37
6551 38
6103 128
6103 129
6103 130
6103 131
6406 14
6406 15
6406 17
6406 19
6626 26
6626 27
6626 28
6626 29
6444 77
4991 8
6457 81
6457 82
6457 153
6457 154
6295 6
5031 111
5031 112
5031 113
5031 114
6369 18
6369 19
6369 20
6369 21
6591 128
6591 130
6591 131
6591 132
5783 65
5783 66
5783 67
5783 68
6527 99
6527 100
6527 101
6527 102
5977 128
5977 129
5977 130
5977 131
6180 25
6180 26
6180 27
6180 28
6548 62
6548 63
5600 52
5600 53
5600 54
5600 55
5084 14
6219 62
6219 63
6219 64
6219 65
6322 28
6322 29
6322 30
6322 31
6592 112
6592 113
6592 114
6592 115
5411 12
5411 13
5411 14
5411 15
6160 39
6160 40
6160 41
6160 42
6092 82
6092 83
6092 85
6092 86
6688 0
6688 1
6688 2
6506 136
6506 137
6623 52
6551 172
6551 173
6551 174
6551 175
5441 4
5441 5
5441 6
5441 7
6534 63
6591 14
6591 15
6591 17
6591 69
6379 29
6379 30
6172 14
6172 18
6172 19
6172 20
6427 54
6427 55
5082 6
5614 15
5614 16
5614 17
5614 18
6600 128
6600 129
6600 130
6600 131
6689 98
6689 99
6689 100
6689 101
6342 92
6211 153
6211 189
6211 190
6211 191
6521 112
6521 113
6027 88
6027 92
6027 93
6621 14
6621 15
6080 144
6080 145
6080 146
6080 151
6346 23
6346 41
6346 52
6244 0
6244 1
6244 2
6244 3
5216 70
5216 73
5216 74
5216 75
6324 85
6324 86
6324 88
6324 89
6319 16
6319 18
6319 19
6319 20
5971 30
5971 31
5437 20
5437 21
5437 22
5437 23
6282 20
6681 4
6681 5
6681 6
5782 37
5782 38
5782 39
5782 40
5926 14
5926 15
5385 16
5385 17
5385 18
5385 19
5905 28
5905 29
5905 30
5606 95
6629 18
6629 19
6482 106
6482 107
5189 14
5189 24
5361 136
5361 137
5361 138
5361 139
5589 64
5589 65
5589 66
5589 67
6674 1
6674 2
6674 3
6674 4
5005 28
5005 29
5005 30
5005 31
5331 216
5331 217
5331 218
5331 219
4953 37
4953 38
4953 39
5947 121
5947 123
5947 124
5947 125
6303 158
6303 159
6653 70
6653 71
6653 72
6653 73
5966 120
5966 121
5966 122
5966 123
5161 1
5161 2
5161 4
5161 6
6226 111
6226 112
6226 113
6226 114
6321 74
6321 75
6321 76
6321 77
4982 39
4982 40
4982 41
4982 42
6229 10
6229 11
6229 12
6229 13
6448 82
6448 83
6583 106
6583 107
6583 108
6583 109
5394 0
5394 1
5394 2
5394 3
6300 136
6300 137
6300 138
6300 139
6080 5
6080 6
6080 7
6080 8
5341 26
5341 27
5341 28
5341 29
5454 11
5454 73
5454 83
5454 120
6598 162
6598 163
6598 164
6598 165
6429 39
6429 40
6429 41
6429 42
6283 65
6283 66
6283 67
6283 68
5084 131
5985 100
5985 102
5985 188
5985 191
6384 0
6384 1
6384 2
6384 3
6184 74
6184 75
6184 76
5915 30
5915 31
6074 91
6074 94
6312 38
6312 40
6312 42
6168 24
6168 25
6168 26
6168 27
6676 124
6676 125
6676 126
6676 127
5777 10
5777 11
5777 12
5777 13
5151 118
5190 15
5190 27
6401 12
6401 13
6401 14
6401 17
6444 64
6444 65
6444 66
6444 67
6322 46
6322 47
6322 48
6322 49
6314 36
6314 37
6314 38
6314 39
6092 139
6092 140
6092 141
6092 142
5607 2
5607 3
5607 6
5607 7
6572 64
6572 65
6572 66
6572 67
5146 46
5146 48
5146 49
5146 51
4998 12
4998 13
4998 14
4998 15
6314 11
6314 12
6314 13
6314 14
5071 60
5071 61
5071 62
5071 63
6577 64
6577 65
6577 66
6577 67
5979 22
5979 24
6630 143
5386 114
5386 118
6336 116
6336 117
6336 121
6336 125
6440 160
6440 161
6440 162
6440 163
6423 141
6423 143
6423 144
6423 146
6075 56
6075 57
6075 58
6075 59
6303 171
6303 172
5925 77
5925 78
5925 79
5925 80
5777 8
5777 9
5777 15
5777 16
6110 30
6110 31
6110 32
6110 33
5361 94
5361 95
5361 96
5361 97
6507 37
6507 38
6507 39
6507 40
6565 179
6565 180
6565 181
6565 182
6100 132
6100 133
6100 134
6100 135
6599 3
6599 4
6599 5
6599 6
5143 62
5333 4
5333 5
5333 6
5333 7
6121 59
6121 60
6121 70
6121 71
5146 60
6420 82
6420 83
6420 84
6420 85
6058 112
6058 143
5385 72
5385 73
5385 74
5385 75
6080 140
6080 141
6080 142
6080 143
6649 85
6649 86
6173 164
6173 165
6173 173
6173 175
6180 75
6180 76
6180 77
6180 78
5194 15
6149 43
6149 44
6149 46
6149 47
5454 63
5454 121
5969 18
5969 19
6134 0
6134 1
6134 2
6134 4
6602 18
6602 19
6235 110
6235 111
6235 112
6235 113
6489 122
6489 123
6489 126
6489 127
6261 10
5337 74
5337 75
5337 76
5337 77
6111 28
6111 29
6111 30
6111 31
5454 58
5454 62
5598 28
5598 29
5029 157
5029 158
5029 159
5029 160
6487 45
6487 49
6487 65
6487 66
5339 96
5339 97
5339 98
5339 99
5184 16
6354 125
6354 127
5151 28
5151 93
5151 155
5985 107
5985 108
5985 110
6461 7
6480 68
6480 69
6480 70
6480 71
6285 95
6285 96
6285 97
6285 98
6235 20
6235 21
6235 22
6235 23
6639 0
6639 1
6639 2
6639 3
6663 61
6663 62
6663 63
6521 38
6521 39
6521 40
6521 41
6575 97
6575 98
6575 99
6575 100
6369 132
6369 133
6369 134
6369 135
6281 0
6281 1
6281 2
6281 3
6503 32
6503 33
6503 34
6503 35
6592 91
6592 92
6592 93
6592 94
6668 68
6668 69
6668 70
6668 71
6353 33
6353 34
6353 35
6353 36
6367 51
6367 52
5154 15
6663 240
6663 241
6663 242
6663 243
5901 156
5901 161
6432 8
6432 9
6432 10
6432 11
6122 0
6122 1
6122 2
6122 3
6559 95
6559 102
6327 72
6327 73
6588 13
6588 16
6588 20
6588 71
6353 10
6353 12
6353 13
6353 16
5143 32
5143 33
5143 34
5143 35
6688 48
6688 49
6688 50
6688 51
6314 19
6314 20
5183 4
5183 6
5183 7
5183 9
5226 64
5226 65
5947 86
5947 87
5947 93
5947 97
6226 60
6226 61
6226 62
6226 63
6125 27
6125 42
6125 108
6125 109
5000 55
5000 56
5000 58
5000 59
6377 47
6377 53
5212 16
5212 29
6560 20
6560 21
5038 27
4977 51
4977 52
4977 53
4977 54
6383 60
6383 61
6383 62
6288 147
6288 148
6288 149
6288 150
6594 71
6594 72
6594 73
6594 74
6158 24
6158 25
6158 32
6158 33
6168 91
6168 92
6168 94
6168 95
6448 45
6448 46
5360 20
5360 21
6235 44
6235 45
6235 46
6235 47
6217 124
6217 125
6217 126
6217 127
5349 18
5349 19
5896 24
5896 25
5896 26
5896 27
6653 134
6653 135
6653 136
6653 137
6388 42
6388 43
6388 44
6388 45
6092 72
6092 73
6092 74
6092 76
6030 58
6030 62
6030 63
5093 181
5093 182
5093 183
5093 184
6226 80
6226 81
6553 72
6553 73
6553 74
6553 75
5891 104
5891 105
5891 106
5891 107
6406 29
6406 34
6406 94
6406 95
6440 144
6440 145
6440 146
6440 147
5179 176
5179 177
5179 178
5179 179
6233 13
6233 15
6233 16
6233 17
6123 24
6123 86
6123 87
6123 89
6598 166
6598 167
6598 168
6598 169
6663 156
6663 164
6663 165
6663 166
6144 20
6144 21
6144 22
6144 23
5102 44
5102 45
5102 46
5102 47
6303 75
6303 76
6303 77
6303 82
6224 25
6224 26
6224 27
6224 28
4962 73
4962 74
4962 75
4962 76
5207 41
5207 64
5207 81
5207 128
6685 0
6685 1
6685 2
6685 3
6439 21
6439 22
6439 23
6439 24
6091 11
6091 12
6091 14
6091 15
6668 67
6140 36
6140 37
6140 38
6140 39
6335 20
6335 21
6525 49
6525 50
6525 51
6525 52
6324 82
6324 83
6324 84
5440 16
5440 17
5440 18
5440 19
5411 160
5411 161
5411 162
5411 163
6100 156
6100 157
6100 158
6100 159
6052 108
6052 111
6052 112
6052 116
5947 49
5947 50
5947 51
5947 52
5084 130
6347 122
6347 123
6347 124
6347 125
6553 68
6553 69
6553 70
6553 71
6190 2
6190 3
6190 64
6190 65
5960 58
5960 59
5960 60
5960 61
5197 16
5197 17
5197 18
5197 19
5394 4
5394 5
5394 6
5394 7
5176 6
5176 8
6114 24
6114 25
6114 26
6114 27
6695 60
6695 64
6695 65
6695 66
5925 107
5925 108
5925 109
5925 110
6658 58
6658 59
6388 10
6388 11
6388 12
6388 13
6441 66
6441 67
6634 130
6634 131
6634 132
6634 133
6425 121
6425 122
6425 123
6425 124
6339 159
6339 160
6339 161
6339 162
6168 58
6168 59
6168 61
4979 63
4979 64
4979 65
4979 66
5025 8
5025 9
5025 10
5025 11
6490 43
6490 44
6490 45
6490 46
6145 47
6145 48
6145 49
6145 50
6096 40
6096 41
6096 42
6096 43
5896 16
5896 17
5896 18
5896 19
6283 25
6283 26
6283 27
6283 28
6572 0
6572 1
6572 2
6572 5
6632 0
6632 1
6632 2
6632 3
6420 19
6420 20
6420 34
6420 36
6596 116
6596 117
4975 10
6453 1
6453 2
6453 3
6453 5
6669 22
6669 23
6669 24
6669 25
6076 91
6076 92
6076 93
6076 94
6489 5
6489 6
6489 7
6489 8
5454 218
5454 219
5454 220
5454 221
6162 215
6162 216
5370 40
5370 41
5370 42
5370 43
6007 158
6007 159
5433 26
5433 27
5433 28
5433 29
5920 6
5920 7
5920 8
5920 9
6046 122
6046 123
6046 124
6046 125
6230 83
6230 113
6230 114
6676 80
6676 81
6676 82
6676 83
5374 16
5374 17
5374 18
5374 19
6103 65
6103 66
6103 67
6103 68
6323 8
6323 9
6176 54
6176 55
6176 58
6224 49
6224 50
6224 51
6224 52
5451 18
5451 19
5451 20
5451 21
6448 72
6448 73
4992 89
4992 90
4992 91
4992 92
5090 108
5090 109
5090 110
5090 111
5776 0
5776 1
5776 2
5776 3
6301 32
6301 33
6301 34
6301 35
6596 24
5915 82
5915 83
5915 141
5915 142
5616 25
5616 26
5616 27
5616 28
6217 153
6217 154
6217 155
6217 156
6614 127
6663 33
6663 34
6663 35
6663 36
5213 1
5213 2
5213 3
5213 4
6335 12
6335 13
6335 14
6335 15
6121 0
6121 1
6121 2
6121 3
6185 22
6185 23
6185 24
6185 25
5990 55
5990 56
5990 59
5990 63
6620 136
6620 137
6572 33
6572 34
6572 35
6572 36
4992 119
4992 120
4992 121
4992 122
6203 87
6203 88
6203 89
6203 90
6564 105
6564 119
6564 120
6564 121
6366 85
6366 86
6366 87
6366 88
5169 20
5169 21
5169 22
5169 24
6442 29
6442 31
6288 127
5412 152
5412 153
5412 154
5412 155
6139 60
6139 61
6139 62
6139 127
5938 32
5938 36
5938 40
5938 44
5061 38
5061 39
5061 40
5061 42
5942 0
5942 1
5942 3
5942 4
5918 12
5918 13
5918 14
5918 15
6064 40
6064 41
6064 42
6064 43
5363 13
5363 14
5363 15
6166 26
6166 27
6166 28
6166 29
6589 17
6589 18
6589 19
6589 20
6448 12
6448 13
6448 14
6448 15
6683 4
6683 5
6683 6
6683 7
5602 64
5602 65
5602 78
5602 79
5449 28
5449 29
5449 30
5449 31
6325 42
6325 43
6325 44
6141 24
6141 25
6141 26
6141 27
6115 86
6115 87
6115 88
6115 89
6059 34
6059 35
6059 36
6059 37
6687 51
6687 52
6687 53
6687 54
6579 80
6579 81
6579 82
6579 83
5187 67
5187 68
5187 69
5187 71
6521 121
6521 132
6521 133
6521 134
5994 8
5994 9
6748 149
6748 150
6748 151
6748 152
6410 80
6410 110
6410 111
6410 112
5971 135
5971 138
5412 160
5412 161
5412 162
5412 163
5946 15
5946 19
5946 34
6404 141
6404 142
6404 143
6404 144
6348 41
6348 42
6348 43
6348 44
6027 111
6027 112
6027 113
6027 114
6219 105
6219 106
6219 107
6219 108
6528 24
6528 25
6528 26
6528 27
6565 216
6565 217
6565 219
6565 220
6569 21
6569 22
6569 23
6606 44
6606 45
6606 68
6606 69
6659 4
6659 5
6659 6
6659 7
6417 132
6417 135
6321 52
5187 194
5187 195
5187 198
5187 204
5136 5
5136 6
5136 7
5136 8
5960 38
5960 39
5960 40
5960 41
6352 8
6352 9
6352 20
6352 21
6298 112
6298 113
6298 114
6298 115
6309 39
6309 40
6309 41
6309 42
6153 32
6680 83
6680 84
6680 85
6680 86
6683 53
6683 54
6683 82
6683 83
5454 186
5454 187
5454 188
5454 189
6123 59
6123 60
6123 63
6123 64
6592 19
6592 20
6592 21
6592 22
6695 3
6695 4
6695 5
6695 6
5387 64
5387 66
5387 67
6031 76
6031 79
6031 80
6031 83
6388 64
6388 65
6388 66
4957 102
4957 103
4957 104
4957 105
6220 21
6220 22
6220 23
6220 24
5399 32
5399 33
5399 34
5399 35
6525 39
6525 40
6525 41
6525 42
4952 0
4952 1
6560 8
6480 55
6480 56
6118 8
6118 9
6118 10
6118 11
6134 28
6134 29
6134 36
6134 37
6340 134
6340 135
6340 136
6340 137
6423 30
6423 31
6423 50
6423 54
6387 187
6387 188
6387 189
6387 190
5187 39
5187 40
5187 41
5187 42
6091 91
6091 92
6091 93
6091 94
6611 91
6611 92
6611 93
6611 100
5776 56
5776 57
5776 58
5776 59
6336 165
6336 167
6336 168
6336 169
6600 109
6600 110
6600 111
6600 112
6163 32
6163 33
6163 34
6163 35
6446 169
6446 170
6446 171
6446 172
6688 78
6688 80
6688 81
6688 82
5983 28
5983 29
5340 74
5340 75
5340 76
5340 77
5617 4
5617 6
5617 10
5617 22
6122 190
6122 194
6122 197
6122 198
6681 15
6681 16
6681 17
6681 18
6448 142
6448 143
6448 144
6448 145
6407 48
6407 49
6407 50
6407 51
5195 38
5195 39
5195 40
5195 41
5233 82
5233 83
5233 84
5233 85
6162 19
6162 20
6162 21
6162 22
6302 0
6302 1
6302 2
6302 3
6439 68
6439 69
6439 70
6439 71
6356 135
6356 136
6356 137
6356 138
6480 57
6480 58
6480 59
6480 60
5976 13
5976 14
5976 16
5976 17
6608 8
6608 9
6387 10
6387 11
6387 12
6387 13
6184 12
6184 13
6551 30
6551 31
5353 48
5353 49
6115 26
6115 27
6115 28
6115 29
4958 8
4958 9
4958 10
4958 11
6070 82
6070 83
6070 84
6070 85
6343 40
6343 41
6343 42
6343 43
5046 21
5046 22
5046 23
5046 25
6180 61
6180 62
6180 63
6180 64
5341 94
5341 95
5341 96
5341 97
5436 68
5436 69
6218 12
6218 35
6218 39
6092 39
6092 41
6092 42
6092 198
6659 17
6659 18
6659 19
6659 20
6564 44
6564 45
6564 46
6564 47
6221 12
6221 13
6221 14
6221 15
5187 17
5187 19
5187 20
5187 21
5371 16
5371 17
5371 18
5371 20
6300 116
6300 117
6300 118
6300 119
5337 140
5337 141
5337 142
5337 143
5947 110
5947 111
5947 112
5947 113
6549 29
6549 36
6549 37
6549 38
6348 8
6348 9
6348 39
6348 40
5337 136
5337 137
5337 138
5337 139
5016 12
5016 13
5016 14
5016 15
6562 205
6562 206
6562 207
6562 208
6118 86
6118 87
6118 88
6118 89
5214 49
5214 50
5214 51
5214 52
5985 61
5985 62
5985 63
6192 80
6192 81
6192 82
6192 83
6011 24
6011 25
6011 27
6011 28
5181 13
5181 14
5181 15
5181 16
5331 56
5331 57
5331 58
5331 59
6191 64
6191 65
6191 66
6191 67
6619 47
6619 48
6619 49
6619 50
5433 58
5433 59
5433 60
5433 61
6353 72
6353 73
6353 74
6353 100
6453 47
6453 48
6453 49
6453 50
5195 60
5195 63
5195 65
5195 66
5070 68
5070 69
5070 70
5070 71
5017 46
5017 47
5017 48
5017 49
6564 171
6564 172
6564 173
6564 174
6560 55
6560 64
6560 66
6560 67
5436 147
5436 148
5436 150
4953 8
4953 9
4953 10
4953 11
6615 46
6615 47
6615 48
6615 49
6501 40
6501 41
6501 42
6501 43
5044 32
5044 33
5412 112
5412 113
5412 114
5412 115
5925 36
5925 38
5925 39
5925 70
5385 8
5385 9
5385 10
5385 11
6144 36
6144 37
6144 38
6144 39
5102 60
5102 61
5102 62
5102 63
6303 170
6303 173
6303 193
6118 144
6118 145
6118 146
6118 147
5049 57
5049 59
5049 61
5049 62
5385 108
5385 109
5385 110
5385 111
5961 65
5961 66
5961 67
5961 68
6530 10
6530 11
6530 12
6530 16
6122 22
6122 23
6122 24
6122 25
6055 50
6055 51
6055 52
6055 53
6506 0
6506 1
6506 3
6506 4
5019 31
5019 32
5019 33
5019 34
6423 39
6423 145
6423 148
4957 74
4957 75
4957 76
4957 77
5179 8
5179 9
5179 10
5179 11
5385 44
5385 45
5385 46
5385 47
5616 57
5616 58
5616 60
5616 61
6035 0
6035 1
6035 2
6440 18
6440 19
6030 16
6030 78
6030 81
6030 82
6168 64
6168 65
6168 66
6168 67
6360 69
6360 70
6360 72
6360 73
6462 82
6689 32
6689 33
6689 34
6689 35
6507 76
6507 77
6507 78
6507 79
6583 57
6583 58
6583 59
6583 60
5982 11
5982 12
5983 88
5983 89
5983 90
5983 92
5042 16
5042 17
5042 18
5042 19
6286 162
6286 163
6286 166
6286 169
6371 40
6371 41
6371 42
6371 43
6553 64
6553 65
6553 66
6553 67
5413 4
5413 5
5413 6
5413 7
6330 14
6330 15
6330 26
4971 124
4971 125
4971 126
4971 127
5894 40
5894 42
5894 43
5894 44
6091 191
6091 192
6091 193
6091 194
5588 196
5588 197
5588 198
5588 199
6180 87
6180 88
6180 89
6180 90
6417 168
6417 169
6417 170
6417 174
6224 60
6224 61
6224 62
5151 1
5151 100
5151 136
5151 162
6483 51
6483 52
6483 74
6483 75
5337 170
5337 171
5337 172
5337 173
4979 25
4979 26
4979 27
4979 28
6446 96
6446 97
6446 98
6446 99
6103 57
6103 58
6103 59
6103 60
6205 71
6205 72
6205 73
6205 74
6672 63
6288 33
6288 34
6288 35
6288 36
6535 54
6535 84
6535 85
6535 86
6021 4
6021 74
6021 175
5182 16
5182 17
5182 18
5182 19
5979 100
5979 101
5979 102
5979 103
5082 11
6493 6
6493 7
6493 8
6493 9
6692 109
6692 110
6692 111
6692 112
6454 8
6454 9
5019 108
5019 110
5019 113
5019 114
6183 19
6183 20
6183 21
6183 90
6664 221
6664 222
6664 224
6664 225
6118 222
6118 223
6162 176
6162 177
6162 178
6162 179
5912 0
5912 1
5912 2
5912 3
5905 68
5905 69
5905 70
5905 71
6566 32
6566 33
5456 9
5456 10
5456 11
5456 12
5095 108
5095 109
5095 110
5095 111
6507 120
6507 121
6507 122
6507 123
5005 128
5005 129
5005 130
5005 131
6668 62
6668 63
6668 72
6668 73
6336 25
6336 27
6336 28
6336 154
5000 107
5000 109
5000 110
5000 111
6103 152
6103 153
6103 154
6103 155
6615 54
6615 55
5915 78
5915 79
5915 80
5915 81
5437 111
5437 112
5437 113
5437 114
5093 145
5093 146
5093 147
5093 148
6118 188
6118 189
6118 190
6118 191
5177 9
5177 42
5177 43
5179 190
5179 191
5179 192
5179 193
5207 16
5207 17
5207 18
5207 19
6438 26
6438 28
6438 29
5445 24
5445 25
5445 26
5445 27
6448 57
6448 58
6448 59
5959 19
5959 23
5959 27
5959 30
6664 7
6664 8
6664 9
6664 10
6620 146
6620 147
5905 31
5905 32
5905 33
5905 34
6609 35
6609 36
6609 37
6609 38
6475 22
6475 23
4998 181
4998 183
4998 184
4998 188
6439 72
6439 73
6149 71
6149 72
6149 74
6149 75
4953 32
4953 33
4953 34
4953 35
6030 26
6030 27
6030 28
6030 29
6553 39
6553 40
6553 42
6553 43
5411 152
5411 153
5411 154
5411 155
6303 174
6303 205
6303 207
6303 209
6046 30
6046 87
6046 88
6046 89
6381 33
6381 34
6381 35
6381 36
6571 4
6571 5
6571 6
6571 7
5998 11
5904 38
5904 39
5904 40
5904 41
6073 96
6073 97
6073 98
6073 99
5912 49
5912 50
5912 51
5912 52
5437 143
5437 144
5437 145
5437 146
6577 78
6577 79
6407 36
6407 37
6407 38
6407 39
5375 36
5375 37
5375 38
5375 39
6198 162
6198 192
6198 194
6198 195
6407 130
6407 133
6407 134
6407 137
5092 144
5092 145
5092 146
5092 147
6190 55
6190 56
6190 57
6190 58
6623 41
6623 42
6623 43
6623 44
6183 31
6183 32
6183 33
6183 34
6320 64
6320 65
6320 66
6320 67
6417 11
6417 12
6417 13
6417 14
6168 28
6168 36
6168 37
6168 38
6635 6
6635 7
6635 8
6635 9
6625 10
6445 10
6445 11
5401 28
5401 29
5401 30
5401 31
5933 211
5933 212
5933 213
5933 215
5331 52
5331 53
5331 54
5331 55
5384 52
5384 53
5384 54
5384 55
5339 82
5339 83
5339 84
5339 85
6218 13
6218 46
6218 47
5401 24
5401 25
5401 26
5401 27
5386 93
5386 159
5191 39
5191 40
5191 41
5191 42
6628 19
5600 151
5600 152
5600 153
6680 13
6680 14
6680 15
6680 16
5598 32
5598 33
5598 34
5598 35
5340 14
5340 15
5340 16
5340 17
5454 15
5454 19
5454 77
5454 139
6480 100
6480 121
6480 122
6480 123
5061 141
5061 142
5061 144
5061 145
6337 15
6337 18
6337 19
6337 49
6420 38
6420 39
6420 40
6420 41
6480 109
6480 110
5204 12
5204 50
5204 70
5204 86
6528 142
6528 143
6528 144
6528 145
6647 56
6647 57
6647 58
6647 68
5938 38
5938 39
5938 41
5938 42
4992 69
4992 70
4992 71
4992 72
5921 84
5921 85
5921 86
5921 87
5106 3
5106 130
5106 135
5106 139
6412 4
6412 5
6412 6
6412 7
6592 27
6592 28
6592 29
6592 30
5059 15
5059 16
5059 17
5059 19
6551 25
6551 32
6551 33
6551 34
6031 10
6031 11
6031 12
6031 13
5351 57
5351 58
5351 59
5351 60
6698 20
6698 21
6698 22
6698 32
6440 20
6440 21
6440 22
6440 24
5005 32
5005 33
5005 34
5005 35
6031 14
6031 15
6031 16
6031 17
5925 173
5925 174
5925 175
5925 176
6423 114
6423 115
6423 116
6423 117
5611 13
5611 14
5611 76
5611 77
5217 61
5217 62
5217 63
5217 64
6059 119
6059 120
6059 121
6059 122
6548 132
6548 133
6548 134
6548 135
5341 50
5341 51
5341 52
5341 53
5891 80
5891 81
5891 82
5891 83
5090 112
5090 113
5090 114
5090 115
5061 78
5061 79
5061 81
5061 82
4999 3
4999 130
4999 133
4999 134
6683 84
6683 85
6683 138
6683 139
5452 28
5452 29
5452 30
5452 31
6653 122
6653 123
6653 124
6653 125
5157 125
5157 126
5157 127
5157 128
6319 11
6319 12
6319 13
6319 14
5430 24
5430 25
5430 26
5430 27
6647 197
6647 198
6647 199
6647 210
6285 139
6313 54
6313 55
6313 56
6313 57
5340 18
5340 19
5340 30
5340 31
6630 128
6630 129
6630 131
6630 132
6176 136
6176 139
6176 142
6176 143
6617 12
6617 13
6617 14
6617 15
5977 67
5977 68
5977 69
5977 70
6563 81
6563 82
6563 83
6563 84
6687 42
6687 43
6687 44
6687 45
5237 60
5237 61
5237 62
5237 63
6639 72
6639 73
6639 74
6639 75
5894 125
5894 126
6338 106
6338 107
5606 22
5606 23
5606 24
5606 25
6671 108
6671 109
6671 110
6671 111
5937 11
6439 41
6439 42
6439 43
6439 44
6139 56
6139 57
6139 58
6139 59
6633 5
6633 9
6633 13
6633 16
5061 116
5061 117
5061 119
5061 120
5340 48
5340 60
5340 61
5340 62
4952 67
6619 5
6619 6
6619 8
6619 9
6218 87
6218 88
6218 89
6218 90
6633 28
6480 139
6480 142
6480 147
6480 150
6190 109
6190 112
6190 113
6190 114
6676 69
6676 70
6676 71
6676 72
6382 1
6382 2
6382 3
6382 4
6608 58
6608 59
6608 60
6608 61
5994 31
6299 30
6299 31
6299 32
6299 33
6340 169
6340 170
6340 171
6340 172
6076 40
6076 55
6076 58
6076 60
6221 44
6221 45
6221 46
6221 47
6347 178
6347 179
6347 180
6347 181
6609 16
6609 18
5125 32
5125 33
5125 34
5125 35
5093 44
5093 45
5093 46
5093 47
5185 72
5185 76
5185 77
5185 79
5441 45
5441 46
5441 47
5441 48
6321 80
6321 81
6321 82
6321 83
5364 31
5364 100
5364 101
5364 102
6026 51
6026 52
6026 53
6026 54
6354 51
6354 52
6354 53
6354 54
5349 8
5349 9
4969 40
4969 41
4969 42
4969 43
5345 0
5345 1
5345 2
5345 3
6692 31
5996 17
5996 18
5996 19
5996 21
6332 102
6332 103
6332 104
6332 105
6596 147
6596 155
6596 160
6596 164
6589 80
6589 81
6589 82
6589 83
5370 100
5370 101
5370 102
5370 103
5106 189
5106 190
5106 191
5930 5
5930 6
5930 7
5930 8
6640 159
5034 52
5034 53
5034 55
5034 56
6064 12
6064 13
6064 14
6064 15
4957 122
4957 123
4957 124
4957 125
6572 155
6572 156
6572 157
6572 160
6379 25
6379 26
6379 27
6379 28
4969 73
4969 74
4969 75
4969 76
6547 26
6547 27
6547 28
6547 29
6358 27
6313 8
6313 9
6313 20
6313 21
6282 79
6282 80
6282 81
6282 82
6533 20
6533 21
6533 22
6533 23
6583 118
6583 119
6583 120
6583 121
6606 37
6606 39
6606 40
6606 43
5353 50
5353 51
5353 52
6589 0
6589 2
6589 3
6589 4
6429 61
6429 62
6429 63
5909 11
5909 12
5909 14
5909 16
5059 5
5059 7
5059 8
5059 9
5332 36
5332 37
5332 38
5332 39
5208 144
5208 145
5208 146
5208 147
5914 104
5914 105
5914 106
5914 107
6221 16
6221 17
6221 18
6221 19
5996 13
5996 14
5996 42
5996 43
5440 44
5440 45
5440 46
5440 47
6344 5
6344 6
6344 7
6344 8
6639 64
6639 65
6639 66
6639 67
5616 29
5616 30
5616 31
5616 36
4979 41
4979 42
4979 43
4979 44
5229 74
5229 75
5229 76
5229 77
5029 180
5029 181
5029 182
5029 204
6666 137
6666 138
6666 139
6666 140
6589 111
6589 112
6589 177
6589 181
6333 16
6333 17
6333 33
6333 34
5227 1
5227 2
5227 3
5227 4
6647 18
6647 19
6647 20
6647 21
5782 150
5782 151
5782 152
5782 153
6440 186
6440 187
6440 188
6440 189
5397 105
5397 106
5397 107
5397 108
5892 57
5892 58
5892 59
5387 82
5387 83
5387 84
5387 85
5084 82
5607 88
5607 89
5607 96
5607 97
6468 0
6468 1
6468 3
6468 4
6404 32
6404 33
6404 34
6404 35
6320 48
6320 49
6320 50
6320 51
5779 27
5208 72
5208 73
5208 74
5208 75
5333 0
5333 1
5333 2
5333 3
6427 92
6427 93
6427 94
6427 95
6641 11
5106 7
5106 75
5106 79
5106 145
6342 12
6342 13
6342 14
6342 15
6507 18
6507 19
6507 20
6507 21
5092 173
5092 174
5092 175
6482 136
6482 137
6482 138
6482 139
4982 105
4982 106
4982 107
4982 108
5179 16
5179 17
5179 18
5179 19
6687 168
6687 169
6687 170
6687 171
5397 47
5397 48
5397 49
5397 50
5082 2
6544 90
6544 91
6312 142
6312 143
6312 144
6312 145
6139 112
6139 113
6139 114
6139 115
5977 84
5977 85
5977 89
5977 98
4986 0
4986 1
4986 2
4986 3
6031 74
6563 14
6563 15
6563 16
6563 17
5044 63
5044 64
5044 65
5044 66
5911 5
5428 4
5428 5
5428 6
5428 7
6218 64
6218 67
6218 68
6218 71
6201 74
6201 75
6201 76
6201 77
5217 0
5217 1
5217 2
5217 3
6592 23
6592 24
6592 25
6592 26
5588 164
5588 165
5588 166
5588 167
6535 211
6535 212
6535 213
6535 214
5025 121
5025 122
5025 123
5025 124
5364 70
5364 71
5364 72
5364 73
6599 68
6599 69
6599 70
6599 71
6410 159
6410 160
6410 161
6410 162
6004 132
6004 133
6004 134
6004 135
6199 136
6199 137
6199 138
6199 139
5906 94
5906 95
5906 96
5906 97
4957 33
4957 34
4957 35
4957 36
6388 8
6388 9
5155 104
5155 106
5155 107
5155 108
6301 98
6301 99
6301 120
6301 121
6092 30
6092 31
6092 32
6092 33
6406 46
6406 49
6406 51
6406 55
6207 5
6207 6
6207 7
6207 8
6588 64
6588 65
6588 66
6588 67
5625 0
5625 1
5625 2
5625 3
6406 48
6406 50
6406 52
6406 53
5394 8
5394 9
5394 10
5394 11
4982 35
4982 36
4982 37
4982 38
5337 4
5337 5
5337 6
5337 7
6423 53
6423 56
6423 57
6423 60
5204 48
4986 40
4986 41
4986 42
4986 43
6482 41
6482 42
6482 45
6482 46
5397 93
5397 94
5397 95
5397 96
5419 108
5419 109
5419 110
5419 111
6344 48
6344 49
6344 50
6344 51
6001 5
6001 6
6001 7
6001 8
5920 18
5920 19
5920 20
5920 22
6649 81
6649 82
6649 83
6649 84
6100 24
6100 25
6100 27
6100 28
5031 99
5031 100
5031 101
5031 102
6304 48
6304 49
6304 50
6304 51
5971 91
5971 95
5971 99
6482 60
6482 61
6482 62
6482 63
6377 41
6377 45
6377 48
6377 52
6649 14
6649 15
6649 16
6649 17
5187 163
5187 164
5187 165
5187 166
6079 2
6079 3
6079 5
6079 35
6683 0
6683 1
6683 2
6683 3
6663 118
6663 119
6663 120
6663 121
6599 93
6599 101
6599 104
6599 105
6307 9
6307 10
6307 11
6307 12
6527 186
6527 187
6527 188
6527 189
6314 21
6314 22
6314 23
6314 24
5187 96
5187 97
5187 98
5187 99
5214 18
5214 19
5214 20
5214 21
5897 60
5897 61
5897 62
5897 63
6217 63
6217 64
6217 65
6217 66
6339 120
6339 121
6339 122
6339 123
5618 8
5618 9
5618 10
5618 11
6559 18
6559 19
6559 20
6559 21
6046 146
6046 147
6046 148
6046 149
6382 128
6382 130
6382 131
6076 63
6076 158
5038 43
5038 44
5038 45
5038 46
6693 0
6693 1
6693 2
6383 47
6383 48
6383 49
6383 50
5607 72
5607 73
5607 74
5607 75
6642 90
6642 91
6642 92
6642 93
5005 181
5005 201
5005 210
5005 211
6417 179
6417 180
6417 184
6417 187
6510 36
6510 37
6510 38
6510 39
6360 4
6360 5
6360 6
6360 7
5433 114
5433 115
5433 116
5433 117
6007 117
6007 121
6145 18
6145 19
5937 41
5937 42
5937 43
5937 44
5093 177
5093 178
5093 179
5093 180
5947 53
5947 54
5947 55
5947 56
5600 74
5600 75
5600 76
5600 77
5412 144
5412 145
5412 146
5412 147
5182 0
5182 52
5182 53
5182 54
6579 6
6579 7
6579 8
6579 9
5106 34
5106 38
5106 165
5106 170
5099 4
5099 5
5099 6
5099 7
6478 108
6478 109
6478 110
6478 140
5106 6
5106 33
5106 160
5106 169
6417 30
6417 31
6417 33
6417 34
5093 117
5093 118
5093 119
5093 120
6198 0
6198 1
6198 2
6198 3
5914 116
5914 117
5914 118
5914 119
6340 103
6340 104
6340 105
6340 106
6420 23
5376 28
5376 29
5376 30
5376 31
6201 84
6201 85
6201 86
5377 16
5377 17
5377 18
5377 19
5127 52
5127 59
5127 78
5127 143
6347 153
6347 160
6347 161
6347 162
6168 123
6168 124
6168 125
6168 126
5169 204
5169 205
5169 206
5169 207
6110 55
6110 56
6110 57
6110 58
6301 154
6301 155
6301 156
6301 157
5382 133
5382 134
5382 135
5382 136
6379 15
6656 37
6656 38
6656 39
6656 40
6632 36
6632 37
6632 38
6632 39
5930 64
5930 65
5930 66
5930 67
5343 11
5343 12
5343 16
5343 17
6401 33
6401 34
6401 35
6401 36
5437 171
5437 172
5437 173
5437 174
6683 152
6683 153
6683 154
6683 155
5895 12
5895 13
5895 14
5895 15
6637 24
6637 25
6637 32
6637 33
6340 17
6340 18
6340 19
6340 20
6022 47
6022 49
6022 114
6022 118
6596 118
6596 120
6596 121
6596 122
6622 85
6622 86
6622 87
6622 88
5783 17
5783 18
5783 19
5783 20
6408 4
6408 5
6408 6
6408 7
6629 1
6629 8
6629 12
5187 105
5187 107
5187 108
5187 109
5452 20
5452 21
5452 22
5452 23
6301 64
6301 65
6301 66
6301 67
5090 28
5090 29
5090 30
5090 31
4982 63
4982 64
4982 66
4982 67
6343 95
6343 96
6343 155
6343 156
6369 57
6369 58
6305 66
6305 67
6305 69
6305 70
6671 53
6671 54
6671 80
6671 81
5600 103
5600 109
5600 169
5600 170
6663 228
6548 82
6548 83
6548 84
6548 85
6446 155
6446 156
6446 158
6446 159
5078 77
5005 148
5005 149
5005 150
5005 151
6605 57
6605 58
6605 59
6605 60
6484 8
6484 9
6484 10
6484 11
6406 21
6406 78
6406 83
6406 84
6118 120
6118 121
6118 122
6118 123
5340 92
5340 93
5340 94
5340 95
6480 101
6480 102
6480 103
6480 104
5929 43
5929 54
5929 55
5929 56
5091 54
5091 55
5091 56
5091 57
6080 152
6080 153
6080 154
6080 156
6224 56
6224 57
6224 58
6224 59
6360 74
6360 76
6354 132
6354 133
6354 134
6354 135
6281 144
6281 145
6281 146
6281 147
6319 1
6319 2
6319 3
6319 4
6510 21
6510 22
6482 82
6482 83
6482 84
6482 85
6004 117
6004 118
6004 119
6004 120
4968 0
4968 2
4968 4
4968 5
5059 48
5059 49
5059 84
5059 85
5164 4
5164 5
5164 7
5164 9
5036 57
5036 58
5036 61
5036 62
6308 52
6308 54
6487 99
6487 107
6388 26
6388 27
6388 28
6388 29
6510 80
6510 81
6510 82
6510 83
5455 122
5455 123
5455 124
5455 125
6323 0
6323 1
6323 2
6323 3
5607 21
6114 124
6114 125
6114 126
6114 127
6298 128
6298 129
6298 130
6298 131
6478 0
6478 1
6478 2
6478 3
6489 96
6489 97
6489 98
6489 99
6611 81
6611 82
6611 83
6611 84
5151 24
5151 39
5151 84
5151 135
5433 82
5433 83
5433 84
5433 85
6598 49
6609 53
6609 59
6609 61
6283 77
6283 78
6283 79
6283 80
5925 150
5925 153
5925 160
5925 162
6108 8
6108 9
6108 10
6108 11
6382 8
6382 27
6382 39
6382 43
5600 92
5600 93
5600 94
5600 95
6176 4
6176 5
6176 6
6176 71
6307 0
6307 1
6307 2
6307 3
5005 176
5005 177
5005 178
5005 179
6666 29
6666 30
6666 31
5203 109
5203 110
6406 32
6406 36
6406 161
6406 162
5090 88
5090 89
5090 90
5090 91
6007 115
6007 116
5125 16
5125 17
5125 18
5125 19
4954 18
4954 19
4954 21
4954 22
5588 212
5588 213
5588 214
5588 215
4978 45
4978 46
4978 47
4978 48
6688 83
6688 84
6688 85
6688 86
6489 112
6489 113
6111 24
6111 25
6111 26
6111 27
6695 0
6695 1
6695 2
6162 26
6162 27
6162 28
6548 118
6548 119
6548 120
6548 121
6106 12
6106 13
6106 14
6106 15
6031 115
6031 118
6031 167
6031 171
6483 92
6483 93
6483 94
6483 95
6022 155
6022 156
6022 157
6022 158
6609 58
6609 60
6634 29
6634 30
6634 33
6634 34
5374 32
5374 33
5374 34
5374 35
6110 35
6110 38
6110 40
6110 41
5056 61
5056 62
5000 33
5000 34
5000 35
5000 37
5910 100
5910 101
5910 102
5910 103
6589 48
6589 49
6589 50
6589 51
5005 36
5005 37
5005 38
5005 39
4962 85
4962 86
4962 87
4962 88
6353 86
6353 87
6353 88
6353 89
6074 56
6074 57
6074 58
6074 59
6562 47
6562 48
6562 49
6562 50
5625 82
5625 83
5625 84
5625 85
5095 76
5095 77
5095 78
5095 79
6535 45
6535 46
6535 47
6535 48
5016 88
5016 89
5016 90
5384 12
5384 13
5384 14
5384 15
6151 68
6151 69
6151 70
6151 71
6551 198
6551 199
6551 200
6551 201
6375 91
6375 92
6375 93
6375 94
6634 107
6634 108
6634 112
6634 113
5436 132
5436 133
5436 134
5436 135
5090 4
5090 5
5090 6
5090 7
5013 64
5013 65
5013 66
5013 67
6647 111
6647 112
6647 113
6647 114
6405 2
6405 3
6642 78
6642 79
6642 80
6642 81
6630 62
6630 81
6630 82
6630 85
6324 127
6342 78
6342 79
6342 80
6342 81
5624 33
5624 34
5624 35
5624 36
6146 13
6146 14
6146 15
6146 16
4987 20
4987 21
4987 22
4987 23
6490 126
6490 127
6609 39
6609 40
6609 41
6609 42
5353 32
5353 33
5353 34
5353 35
6520 4
6520 5
6520 6
6520 7
5586 195
5586 196
5586 197
5586 198
6230 37
6230 38
6230 39
6230 68
4969 85
4969 89
4969 93
5361 154
5361 155
5361 156
5361 157
6517 14
6517 15
6517 16
6517 17
6582 35
6582 36
6582 37
6582 38
6653 77
6653 78
6653 79
6653 80
5153 104
5153 107
6467 86
6467 87
6467 88
6467 89
6044 14
5102 48
5102 49
5102 50
5102 51
6384 10
5940 21
5940 22
6653 64
6653 65
6653 66
6653 67
5154 23
5154 27
5154 142
5154 148
6362 98
6362 99
6362 100
6362 101
6583 99
6583 100
6583 101
6467 124
6467 125
6467 126
6633 34
6633 35
6633 36
6633 37
6599 64
6599 65
6599 66
6599 67
6521 18
6521 19
6521 21
6521 22
6354 109
6354 110
6354 111
6354 112
6542 132
6542 133
6096 20
6096 21
6096 22
6096 23
6408 12
6408 13
6408 14
6408 15
4982 88
4982 90
4982 91
4982 92
6348 123
6348 128
6348 129
6348 130
5915 16
5915 17
5915 18
5915 19
6533 1
6533 2
6533 3
6533 4
6380 20
6380 21
6380 22
6380 23
5774 42
5774 43
5774 44
5774 45
6401 41
6401 42
5361 64
5361 65
5361 66
5361 67
5157 9
5157 10
5157 11
5157 12
6111 49
6111 50
6111 51
6111 52
5179 76
5179 77
5179 78
5179 79
6030 19
6030 85
4992 65
4992 66
4992 67
4992 68
6324 41
6324 42
6324 43
6324 44
5203 78
5203 79
5203 80
5203 81
6630 8
6630 9
6630 10
6630 11
6528 52
6528 53
6528 124
6528 125
6565 79
6565 80
6565 81
6565 82
6387 48
6387 49
6387 50
6387 51
5093 169
5093 170
5093 171
5093 172
6004 51
6004 55
6004 59
6004 63
5404 21
5404 22
5404 23
5404 24
6535 25
6535 26
6535 27
5977 138
5977 139
5977 140
5977 144
5624 10
5624 11
5624 23
5624 32
6696 26
6696 27
6696 28
6696 29
6615 124
6615 125
6615 126
6615 127
6199 88
6199 89
6199 90
6199 91
6502 4
6502 5
6502 6
6502 7
6490 36
6490 37
6490 38
6529 108
5941 16
5941 17
5941 18
5941 19
6311 96
6311 97
6311 98
6311 99
6380 30
6380 31
6687 16
6687 17
6687 18
6687 19
5982 26
5982 27
5982 28
5982 29
6025 81
6025 82
6025 83
6025 84
6376 125
6376 126
6205 34
6205 35
6205 37
6205 38
6542 28
6542 29
6542 34
6542 35
5365 4
5365 5
5365 6
5365 7
6575 22
6575 50
6551 148
6551 149
6551 150
6551 151
5169 224
5169 225
5169 226
5169 227
6362 106
6362 107
6362 108
6362 109
6065 16
6065 17
6065 18
6065 19
5982 15
5982 16
5982 17
5982 18
6589 160
6589 161
6589 162
6594 4
6594 5
6594 6
6594 7
5904 34
5904 35
5904 36
5904 37
6370 14
6370 15
6370 16
6370 17
5987 0
5987 1
5987 2
5987 3
6634 23
6634 36
6634 45
6382 166
6382 167
6382 168
6382 170
5049 22
5049 23
5049 24
5049 25
4999 126
4999 127
5391 12
5391 13
5391 14
5391 15
6118 211
6118 212
6118 213
6457 77
6457 78
6457 79
6457 80
6205 62
6205 63
5337 28
5337 29
5337 60
5337 61
5166 10
5166 13
5166 15
5166 17
5041 70
5041 71
5041 72
5041 73
4952 22
4952 23
4952 24
4952 25
5617 60
5617 61
5617 62
5617 63
6640 20
6640 21
6640 22
6640 23
6176 13
6176 16
6176 18
6176 20
6582 10
6582 11
6599 74
6599 75
6599 76
6599 77
5217 12
5217 13
5217 14
5217 15
6572 13
6572 14
6572 15
6572 16
5353 20
5353 21
5353 22
5353 23
6027 50
6027 51
6027 52
6027 53
6467 90
6467 91
6467 92
6467 93
5093 77
5093 78
5093 79
5093 80
5966 87
5966 88
5966 89
5966 90
5782 96
5782 97
5782 98
5782 99
5333 48
5333 49
5333 50
5333 51
6441 23
6441 25
6336 41
6336 42
6336 43
6336 44
6616 8
6616 9
6616 10
6616 11
5776 46
5776 47
5776 50
5776 51
6304 116
6304 117
6304 118
6304 119
5971 32
5971 33
5971 34
5971 35
5428 20
5428 21
5428 22
5428 23
5905 72
5905 73
5905 74
5905 75
5455 44
5455 45
5455 46
5455 47
6591 26
6591 27
6591 28
6591 29
4991 23
4991 24
4991 25
4991 26
5393 40
5393 41
5393 42
5393 43
5965 33
5965 35
5965 36
5965 37
5082 0
5909 29
5909 30
5909 31
5909 32
5182 20
5182 21
5182 22
5182 23
6121 32
6121 34
6121 35
6121 36
6381 173
6381 174
6381 175
6381 176
6658 45
6658 46
6658 47
6658 48
6483 21
6483 22
6483 23
6483 24
5013 72
5013 73
5013 74
5013 75
6623 28
6623 29
6623 30
6623 40
6231 89
6231 90
6231 91
6231 92
5348 0
5348 1
5348 2
5348 3
6642 64
6642 65
6642 66
6642 67
4998 136
4998 137
4998 138
4998 139
6173 11
6173 12
6173 13
6173 14
5154 37
5154 155
5154 157
6639 41
6639 42
6639 43
6639 44
6201 90
6201 91
6201 92
6201 93
5087 24
6453 59
6453 60
6453 61
6453 62
6467 1
6467 2
6467 3
6467 4
6582 25
5605 7
5605 9
5605 10
5605 11
6031 77
6031 81
6031 82
6031 85
6319 75
6319 76
6319 77
6319 79
5914 3
5914 4
5914 5
5914 7
6327 62
6327 63
6327 92
6327 93
5171 10
5171 11
5171 12
5171 13
5216 20
5216 22
5216 82
5216 84
6609 10
6609 11
6609 14
6609 15
5783 81
5783 82
5783 83
5783 84
6579 55
6579 56
6579 57
6579 58
6408 16
6408 17
6408 18
6408 19
5108 48
5108 49
5108 50
5108 51
6312 10
6312 11
6312 12
6312 13
5151 12
5151 98
5151 143
5151 174
5077 8
5077 9
5077 10
5077 11
5041 56
5041 57
5041 58
5041 59
6549 75
6549 76
6549 77
6549 78
5979 75
5979 76
5979 77
5979 78
5047 1
5047 2
5047 3
5047 5
5906 0
5906 1
5906 2
5906 3
6615 1
6615 2
6615 3
6615 5
4999 128
4999 129
4999 131
4999 132
5025 33
5025 34
5025 35
5025 36
5411 148
5411 149
5411 150
5411 151
5985 17
5985 18
5340 8
5340 9
5340 20
5340 21
5966 8
5966 12
5966 20
5609 14
5609 15
5949 4
5949 5
5949 6
5949 7
6493 18
6493 19
6493 20
6493 21
6001 19
6001 32
6001 33
6001 35
6285 107
6285 108
6666 61
6666 62
6666 63
6672 10
6672 11
6672 12
6672 13
4983 13
4983 14
4983 19
4983 20
6004 41
6004 74
6323 60
6323 61
6323 62
6429 27
6429 28
5985 84
5985 85
5985 86
5985 87
5233 17
5233 18
5233 22
5233 23
5237 26
5237 27
5237 29
5237 30
6552 16
6552 17
6552 18
6552 19
5351 49
5351 50
5351 51
5351 52
6530 4
6530 5
6530 6
6530 7
6380 106
6380 108
6380 109
6380 110
6027 56
6027 57
6027 58
6027 59
5382 169
5382 170
5382 171
5382 172
6559 91
6559 92
6559 93
6559 94
6697 135
6697 136
6697 137
6697 138
5070 72
5070 73
5070 74
5070 75
5139 55
5139 56
5139 59
5139 60
6480 105
6480 106
6480 107
6480 108
6467 22
6467 24
6467 95
6467 151
6594 78
6594 79
6594 80
6565 40
6565 41
6565 42
6565 43
6350 51
6350 52
6350 53
6350 56
4998 176
4998 177
4998 178
4998 179
5442 4
5442 5
5442 6
5442 7
5602 84
5602 85
5602 86
5602 87
6285 136
6285 137
6285 138
6285 150
5106 181
5106 182
5106 183
5106 184
6479 8
6479 12
6479 16
6479 20
5047 0
5047 6
5047 10
5047 13
6448 41
6448 42
6448 43
6448 44
5031 0
5031 1
5031 2
5031 3
6211 167
6211 168
6211 169
6211 170
6544 182
6544 184
6544 185
6544 247
6483 59
6483 60
6483 62
6483 63
6535 192
6535 193
6535 194
6535 196
5906 72
5906 73
5906 74
5906 78
5435 0
5435 1
5435 2
5435 3
5606 83
5606 84
5606 85
5606 86
5598 60
5598 61
5598 62
5598 63
5418 148
5418 150
5418 151
5418 152
5010 0
5010 1
5010 2
5010 3
5341 140
5341 141
5341 142
5341 143
5147 34
5147 35
5147 37
5147 40
6431 87
6431 88
6431 89
6431 90
5985 151
5985 152
5985 153
5985 160
6182 56
6182 57
6182 58
6182 59
5782 3
5782 4
5782 5
5782 7
5445 16
5445 17
5445 18
5445 19
6640 73
6640 74
6640 75
6640 76
6609 25
6609 32
6609 33
6609 34
5418 8
5418 9
5418 10
5418 11
5233 70
5233 98
5233 100
5233 101
6412 133
6412 136
6412 137
6412 140
6669 41
6669 42
6669 43
6669 44
6425 145
6425 146
6425 147
6425 148
5960 34
5960 35
5960 36
5960 37
5169 132
5169 133
5169 134
5169 135
5988 18
5988 19
6123 3
6123 7
6123 11
6123 128
6330 16
6330 21
6330 25
6330 27
5979 114
5979 115
5979 116
5979 117
6425 75
6425 76
6425 77
6425 78
4982 97
4982 98
4982 99
4982 100
6230 128
6230 129
6230 130
6230 131
6549 118
6549 119
6299 18
6299 19
6299 20
6299 21
6342 21
6342 22
6342 23
6342 24
6380 78
6380 79
6380 80
6380 81
5382 89
5382 90
5382 91
5382 92
6641 29
6641 30
6641 31
6301 94
6301 95
6301 96
6301 97
6176 72
6176 73
6176 74
6176 75
6318 16
6318 20
6318 24
6318 28
6611 2
6611 3
5990 44
5990 45
5990 46
5990 65
5332 81
5332 82
5332 83
5332 99
5622 8
5622 9
5622 10
5622 11
5031 77
5031 78
5031 80
5031 81
5191 24
5191 25
5191 26
5191 27
6598 20
6598 21
6598 22
6598 23
6614 124
6614 125
6614 126
6070 103
6070 104
6070 105
6070 106
6338 6
6338 10
6338 65
6338 69
6338 51
6338 52
6338 53
6338 54
5977 61
5977 62
5977 63
6493 22
6493 23
6493 24
6493 25
5349 20
5349 21
5349 22
5349 23
5100 16
5100 17
5100 18
5100 19
6609 43
6609 44
5339 56
5339 57
5339 58
5339 59
4997 4
4997 5
4997 6
4997 7
5127 146
5127 147
5127 148
5127 149
5630 13
5630 14
5630 15
5630 16
5208 56
5208 57
5208 58
5208 59
5783 77
5783 78
5783 79
5783 80
5450 16
5450 17
5450 18
5450 19
6438 0
6438 1
6438 2
6438 3
6748 180
6748 181
6748 182
6748 183
6301 24
6301 25
6301 26
6301 27
5099 32
5099 33
5099 34
5099 35
5895 20
5895 21
5895 22
5895 23
5337 82
5337 83
5337 84
5337 85
5961 20
5961 21
5961 22
5961 23
5051 150
5051 151
5051 152
5051 153
6318 19
6318 21
6318 22
6318 23
6090 0
6090 2
6090 4
6090 5
5940 25
5940 27
5940 29
5940 30
6198 164
6198 165
6198 222
6198 223
6475 26
6475 27
6475 28
6475 29
5179 204
5179 205
5179 206
5179 207
5078 32
5078 33
5078 34
5078 35
5179 201
5179 212
5179 222
5179 229
6340 4
6340 5
6340 6
6340 7
6318 148
6318 149
6318 150
6318 151
5037 13
5037 14
5037 15
5037 18
5351 96
5351 97
5351 98
5351 99
6633 7
6633 8
6633 10
6633 12
5051 97
5051 98
5051 99
5051 100
5046 48
5046 49
5046 50
5046 51
5975 32
5975 36
5975 39
5975 40
6324 58
6324 59
6324 60
6324 61
6367 15
6367 16
6367 17
6367 18
6647 233
6647 234
6647 235
6647 236
5985 51
5985 52
5985 53
5985 54
5597 26
5597 27
5597 28
5597 29
5411 20
5411 21
5411 22
5411 23
6568 22
6568 23
6568 24
6568 25
5769 16
5769 17
5769 18
5769 19
4957 54
4957 55
4957 56
4957 57
6382 120
6382 122
6382 123
5772 4
5772 5
5772 6
5772 7
5002 41
5002 43
5002 44
5002 45
5038 13
5038 14
5038 15
5038 16
5102 12
5102 13
5102 14
5102 15
5201 111
5201 113
5201 114
5201 115
6631 5
6631 6
6631 7
6631 8
6324 34
6324 35
6324 36
6324 65
6614 132
6614 133
6614 134
6614 135
5002 5
5002 6
5002 7
5002 8
5106 52
5106 56
5106 60
5106 122
5424 4
5424 5
5424 6
5424 7
6596 136
6596 137
6596 138
6596 139
5331 68
5331 69
5331 70
5331 71
5031 28
5031 29
5031 30
5031 31
6634 120
6634 121
6634 122
6634 123
5782 33
5782 34
5782 35
5782 36
6489 108
6489 109
6489 110
6489 111
5037 19
5037 20
5037 21
5037 22
6304 35
6304 36
6304 37
6304 38
6507 159
6507 160
6507 161
6507 162
5370 120
5370 121
5370 122
5370 123
6483 53
6483 54
6483 55
6483 56
5229 51
5229 64
5229 66
5229 70
6149 133
6149 135
6149 136
6149 137
6231 78
6301 159
6301 168
6279 31
5586 175
5586 176
5586 177
5586 178
6375 48
6656 25
5147 0
6138 50
6544 275
6544 276
6544 287
6544 288
6281 111
6281 116
6611 114
6378 4
5377 44
5377 47
5906 118
5906 119
5906 120
5906 121
6266 20
4988 1
4988 2
4988 3
4988 4
6070 133
5166 11
6687 119
6687 55
6687 56
6254 22
6254 23
6227 37
6590 28
6590 29
6318 127
5212 14
5212 32
6427 126
6571 191
5617 7
6312 53
6312 54
6312 55
5956 0
5933 20
5933 21
6162 103
5198 9
6384 8
6384 9
6102 85
6102 88
6217 18
6366 99
6283 104
5084 135
6134 23
5034 15
5034 82
5034 87
6378 17
6378 19
6378 20
6378 21
6140 48
6140 49
6656 26
6170 28
6170 29
6553 44
6553 45
5983 55
5983 56
5918 50
5918 51
5087 5
6487 114
6487 115
6487 116
6487 117
6190 15
6190 16
5783 139
6370 80
6370 81
6370 82
6377 2
6377 6
6441 86
6441 87
6380 62
6380 63
6527 30
6527 31
5985 171
5985 172
6144 31
6444 6
6444 11
6407 72
6407 73
6407 74
6407 75
6100 78
6100 79
6100 80
6100 81
6070 52
6070 56
6070 57
6070 59
6684 20
6684 21
6113 30
6113 31
6113 32
6113 33
6080 155
6080 157
6197 4
6197 5
6197 6
5361 148
5361 149
6367 10
6367 11
6367 12
6521 100
6521 102
6521 106
6521 110
6598 45
6598 74
6598 77
6598 78
5433 78
5433 79
5433 80
5433 81
6691 33
6691 35
6691 37
5912 45
5912 46
5912 47
5912 48
6055 0
6055 1
6055 3
6055 4
6665 0
6665 1
6665 2
6669 111
6669 112
6669 113
6669 114
6483 68
6483 69
6483 70
6483 71
6229 32
6229 35
6229 40
5933 49
5933 50
5933 51
5933 52
5961 78
5961 79
6115 56
6115 57
6115 58
6115 59
6360 26
6360 27
6360 29
6360 37
5337 154
5337 155
5337 156
5337 157
6235 90
6235 91
6235 92
6235 93
6563 7
6563 8
6563 9
6563 50
6490 0
6490 1
6490 2
6490 3
5235 48
5235 49
5235 50
5235 52
5331 96
5331 97
5331 98
5331 99
6031 8
6031 9
6031 20
6031 21
6615 71
6615 72
6615 73
6615 74
6050 0
6050 1
6050 2
6050 3
6448 97
6448 98
6448 99
6448 100
6369 0
6369 1
6369 2
6369 3
6445 4
6445 5
6445 6
6445 7
5589 80
5589 81
5589 82
5589 83
6483 5
6483 6
6483 7
6483 8
5034 81
5034 83
5034 85
5034 86
6653 81
6653 82
6653 83
6653 84
6659 8
6140 81
6140 82
6140 83
6140 84
5344 45
6589 124
6091 163
6091 164
6091 165
6091 166
6092 143
6092 144
6092 145
6092 146
6599 30
6599 31
6314 29
6314 30
5933 10
5933 11
4975 13
4975 14
4975 15
4975 16
6091 127
6091 132
6091 140
6091 141
5779 0
5779 1
5779 2
5779 3
6623 7
6322 54
5192 29
5192 30
6410 139
6410 140
6410 141
6410 142
6021 42
6021 123
6153 38
6153 39
6153 40
6153 41
5925 113
6113 82
6113 83
6113 84
6113 85
6528 94
6528 95
6347 50
6347 87
5036 110
6230 115
6230 116
6230 117
6230 118
5996 29
6667 8
6667 9
6667 10
6667 11
6690 117
6690 118
6224 33
6224 34
6224 35
6224 36
6091 148
6091 149
6091 150
6091 151
5160 37
5160 38
6366 47
6366 48
6366 49
6366 50
6633 0
6203 25
6203 26
6203 29
6203 30
6122 147
6122 148
6122 149
6122 150
6199 61
6199 62
6199 63
6315 30
6315 31
5452 16
5452 17
5452 18
5452 19
6426 107
6426 108
6149 60
6149 61
6694 4
6694 5
6105 8
6105 9
6105 10
6105 11
6098 159
5456 17
5456 18
6155 11
6155 13
6155 14
6666 108
6666 109
6569 28
6569 29
6410 126
6410 188
6021 45
6021 46
6021 47
6021 48
6507 80
6507 81
6553 90
6553 91
6114 4
6114 5
6114 6
6114 7
5589 92
5589 93
5589 94
6687 20
6687 21
6687 22
6687 24
6173 102
6173 103
6173 104
6173 105
6670 20
6195 88
6195 92
6195 94
6544 118
6544 123
6544 181
6544 186
6695 40
6695 41
6695 42
6695 43
6118 16
6118 17
6118 18
6118 19
6548 54
6548 55
6548 56
6106 57
6106 58
6106 59
6106 61
6110 71
6110 72
6110 73
6110 74
6404 111
6404 112
6404 113
6371 20
6371 21
6371 22
6371 56
6072 21
6072 23
6072 24
6072 25
5084 138
6666 152
6666 153
6666 154
6666 160
6689 76
6689 77
6689 78
6689 79
6055 9
6055 12
6055 15
6055 26
6334 73
6334 74
6334 77
6334 78
6199 132
6199 133
6199 134
6199 135
6478 35
6478 36
6668 64
6540 20
6540 21
6549 110
6549 111
6549 112
6549 113
5977 160
5977 161
5977 163
5977 164
4955 36
4955 37
4955 38
4955 39
6160 8
6160 9
6160 25
6160 26
6113 42
6113 43
6113 44
6113 45
6577 18
6577 19
6577 20
6577 21
6320 4
6320 5
6320 6
6320 7
6572 119
6572 120
6572 121
6572 122
5933 132
5430 28
5430 29
6103 110
6103 111
6103 112
6103 113
6577 94
6577 95
6598 36
6598 37
6598 38
6598 39
6139 17
6139 19
6139 20
6139 21
6446 87
6446 88
6446 89
6446 90
5971 106
5971 107
5971 110
5971 111
6076 44
6076 46
6076 48
6076 68
6436 18
6436 19
5185 20
5185 21
5185 22
5185 23
5441 41
5441 42
5441 43
5441 44
6301 203
6301 204
6301 205
6301 206
6002 12
6002 15
6002 16
6002 19
6098 143
6098 144
6098 145
6098 147
6592 59
6592 60
6632 76
6632 78
6319 87
5189 2
5189 19
6338 96
6338 97
6689 6
6689 7
6689 8
6344 44
6344 45
6344 46
6344 47
5153 71
5153 73
5153 75
5153 76
6064 48
6064 49
5906 173
5906 174
5906 175
5906 176
5933 53
5933 54
5933 55
5933 56
6592 82
6592 83
6592 84
6592 85
6030 88
6030 89
6030 90
6030 91
5985 43
5985 44
5985 45
5985 46
5013 36
5013 37
5013 38
5013 39
6363 0
6363 1
6363 2
6363 3
6676 128
6676 129
6676 130
6676 131
6224 53
6224 54
6224 55
6122 67
6122 68
6122 69
6122 70
5925 119
5925 120
5925 121
5925 122
6021 43
6021 44
6021 169
6021 170
6611 89
6611 90
6667 33
6667 34
6667 35
6667 36
5625 106
5625 107
5625 108
5625 109
5914 8
5914 9
5914 10
5914 11
6462 93
6462 95
6360 28
6360 45
6288 51
6288 52
6288 53
6288 54
6534 7
6534 10
6534 11
6534 14
6160 10
6160 11
6160 12
6160 13
6521 1
6521 6
6521 8
6521 69
6690 105
6690 106
6690 107
6690 108
6336 69
6336 70
6336 71
6336 74
5456 50
5456 51
5456 52
6216 52
6216 53
6216 54
6216 55
5906 16
5906 17
5906 18
5906 19
6338 41
6338 49
6176 111
6176 112
6176 113
6176 115
6103 97
6103 98
6103 99
6103 100
5334 0
5334 1
5334 2
5334 3
6692 29
6692 30
6692 40
6692 41
5614 4
6113 50
6113 51
6113 52
6113 53
6698 41
6698 42
6698 43
6698 44
6107 8
6107 9
6107 10
6107 11
6312 124
6312 125
6011 8
6011 9
6021 64
6021 65
6021 66
6021 67
5897 24
5897 25
5897 26
5897 27
5433 162
5433 163
5433 164
5433 165
6589 133
6589 134
6461 62
6461 63
6461 84
6676 143
6676 144
6329 8
6329 45
6329 46
6329 47
6031 47
6031 48
6031 88
6031 90
6671 76
6671 77
6671 78
6671 79
6645 6
6645 7
6645 8
6645 9
5029 57
5029 58
5029 59
6043 154
6043 155
6043 156
6043 157
6092 87
6092 89
6092 105
6092 107
4952 95
4952 96
4952 97
4952 98
5776 18
5776 19
5776 20
5776 21
6311 52
6311 53
6311 54
6311 55
6520 16
6520 17
6520 18
6520 19
6417 28
6417 29
6417 32
6417 35
6583 65
6583 66
6583 67
6583 68
5454 46
5454 50
5454 172
5454 177
5153 96
5153 101
5153 103
6544 138
6544 139
6544 153
6544 154
6194 11
6194 12
6194 15
6194 16
5071 76
5071 77
5071 78
5071 79
6162 164
6162 165
6162 168
6162 169
6205 44
6205 45
6205 46
6205 48
6021 37
6021 38
6021 39
6021 168
6074 68
6074 69
6074 70
6074 71
5985 169
5985 170
5985 184
5985 187
5049 78
5049 79
5049 80
5049 81
6540 48
6540 49
6540 50
6540 51
6637 0
6637 1
6637 2
6637 3
5041 5
5041 6
5041 8
6688 52
6688 53
6688 54
6688 55
5921 42
5921 43
5921 44
5921 45
6596 4
6596 5
6596 6
6596 7
6666 46
6666 47
6666 48
6666 49
6534 26
6534 28
6534 30
6058 38
6058 40
6058 41
6058 42
5364 162
5364 163
5364 164
5364 165
4981 4
4981 25
4981 26
6404 27
6404 29
6404 58
6404 60
6507 199
6507 200
6507 201
6507 202
5154 83
5154 91
5154 97
5154 104
6606 58
6606 59
6606 60
6606 61
6022 68
6022 69
6022 70
6022 71
5153 30
5153 32
5153 33
5153 34
6311 32
6311 33
6311 34
6311 35
6123 41
6123 43
6123 44
6123 45
6378 30
6378 31
4952 50
4952 51
4952 52
4952 53
6326 80
6326 81
6326 82
6326 83
4979 0
4979 1
4979 2
4979 3
6311 113
6311 114
6311 115
6311 116
5235 53
5235 54
5235 55
5235 56
6551 176
6551 177
6551 214
6551 215
6176 21
6176 22
6176 24
6176 25
5933 148
5933 149
5933 150
5933 151
5203 9
5203 10
5203 11
5203 12
5916 4
5916 5
5916 6
5916 7
5427 0
5427 1
5427 2
5427 3
5339 106
5339 107
5339 108
5339 109
5092 188
5092 189
5092 190
5092 191
6426 36
6426 37
6426 38
6426 39
5377 8
5377 9
5377 10
5377 11
5911 48
5911 49
5911 50
5911 51
5036 47
5036 51
5036 55
5036 56
5207 123
5207 124
5207 125
5207 126
5433 46
5433 47
5433 48
5433 49
4998 72
4998 73
4998 74
4998 75
6362 50
6362 51
6362 52
6362 53
5051 28
5051 29
5051 30
5051 31
5208 48
5208 49
5208 50
5208 51
5586 168
5586 169
5586 170
5586 171
6195 52
6195 53
6195 54
6195 55
5938 20
5938 24
5938 27
5938 31
5456 13
5456 14
5456 15
5456 16
5386 35
5386 157
5386 160
5386 164
6223 34
6223 35
6223 36
6223 37
6379 196
6379 197
6379 198
6379 199
5384 164
5384 165
5384 166
5384 167
6592 35
6592 36
6592 37
6592 38
5147 57
5349 10
5349 11
5349 12
5349 13
5187 180
5187 213
5187 214
6381 53
6381 54
6381 55
6381 56
6689 82
6689 83
6689 84
6689 85
6663 141
6663 142
6663 143
6663 144
6412 64
6412 67
6412 68
6362 64
6362 65
6362 66
6362 67
6528 10
6528 11
6528 12
6528 13
5390 44
5390 45
5390 46
5390 47
6571 63
6571 90
6571 93
6571 94
6622 71
6622 72
6622 73
6622 74
5915 126
5915 127
6647 168
6647 169
6647 170
6647 171
6355 19
6355 20
6355 21
6355 22
5029 47
5774 58
5774 59
5774 60
5774 61
5949 10
5949 11
5949 12
5949 13
6125 20
6125 21
6125 22
6125 23
5455 82
5455 83
5455 84
5455 85
5932 10
5932 11
5932 12
5932 13
5056 21
5056 22
5056 23
5056 24
6022 18
6022 131
6022 140
6022 145
6564 176
6564 177
6564 223
5036 60
5036 63
6620 132
6620 133
6620 134
6620 135
5127 25
5127 39
5127 75
5077 36
5077 37
5077 38
5077 39
6286 115
6286 116
6286 117
6286 118
5924 34
5924 35
5924 36
5924 37
5041 0
5041 1
5041 2
5041 3
6462 54
6462 55
6462 56
6301 129
6301 130
6301 131
6301 132
5038 21
5038 22
5038 23
5038 25
6571 149
6571 150
6571 151
6571 208
5982 38
5982 39
5982 40
5982 41
6417 44
6417 47
6417 48
6417 51
6336 115
6336 118
6336 119
6336 120
5938 10
5938 11
5938 80
5938 81
6380 4
6380 5
6380 6
6380 7
5021 35
5021 36
5021 37
5021 38
6462 28
6462 29
5360 10
5360 11
5360 12
5360 13
5910 54
5910 55
5910 56
5910 57
6542 194
6542 195
6542 196
6542 197
6510 111
6510 112
6510 113
6510 114
6625 4
6625 5
6625 6
6625 7
6323 42
6323 43
6323 44
6323 45
5084 83
6286 127
6286 128
6286 136
6230 85
6324 112
6324 113
6324 114
5946 48
5946 50
5946 51
5946 52
5001 16
5001 17
5001 18
5001 19
5029 78
5029 79
5029 80
5029 81
6402 0
6402 1
6402 2
6402 3
6549 132
6549 133
6549 134
6549 135
6138 111
6138 112
6138 113
6138 114
5399 24
5399 25
5399 26
5399 27
5456 5
5456 6
5456 7
5456 8
6689 130
6689 131
6689 132
6689 133
6594 28
6594 29
6594 30
6594 31
6347 133
6360 90
6360 91
6360 94
6360 95
6356 179
6356 180
6356 181
6356 182
6420 66
6420 67
6420 68
6420 69
6596 110
6596 132
6596 133
6596 134
6401 18
6401 19
6401 21
6401 22
5155 75
5155 76
5155 77
5155 78
6546 47
6546 48
6546 49
6546 50
6441 102
6441 104
6441 105
6441 106
5153 84
6219 125
6308 34
6308 35
6308 36
6308 37
5449 84
5449 85
5449 86
5449 87
6410 60
6410 63
6410 66
6410 67
4983 21
4983 22
4983 24
4983 25
6381 42
6011 0
6011 1
6011 2
6011 3
5208 60
5208 61
5208 62
5208 63
6113 54
6113 55
6113 56
6113 57
6332 31
6332 32
6332 52
6332 53
5911 36
5911 37
5911 38
6637 46
6637 47
6637 48
6637 49
6507 68
6507 69
6507 70
6507 71
6695 44
6695 45
6695 46
6318 0
6318 1
6318 2
6318 3
5079 0
5386 9
5386 12
5386 138
5386 141
5616 145
5616 146
5616 147
5616 148
5976 23
5976 24
5905 43
5905 44
5905 45
5905 46
5895 0
5895 1
5895 2
5895 3
6591 44
6591 45
6591 59
6591 82
6533 104
6533 105
6533 106
6533 107
6417 59
6417 60
6417 61
6417 62
6366 51
6366 52
6366 53
6366 54
5194 10
5194 11
5194 12
5194 13
6341 8
6341 9
5086 0
5086 11
5086 12
5086 13
5589 32
5589 33
5589 34
5589 35
6113 0
6113 1
6113 128
6113 129
6487 138
6487 139
6487 140
6487 141
4969 77
4969 78
4969 79
4969 80
6468 16
6468 17
6468 18
6468 19
5134 42
5134 43
5134 44
5384 136
5384 137
5384 138
5384 139
5598 56
5598 57
5598 58
5598 59
5046 39
5046 40
5046 42
5046 43
5332 188
5332 189
5029 170
5029 171
5029 172
5029 173
6344 32
6344 33
6344 34
6344 35
6218 0
6218 1
6218 2
6218 3
6479 32
6479 33
6479 34
6479 35
6589 67
6589 68
6589 69
6589 71
6665 11
5144 11
5144 14
5144 16
5144 17
4957 150
4957 151
4957 152
4957 153
6046 85
5051 101
5051 102
5051 103
5051 104
4992 115
4992 116
4992 117
4992 118
6533 112
6533 113
5029 200
5029 201
5029 202
5029 203
6375 77
6375 80
6572 141
6572 142
6572 143
6572 144
5338 8
5338 9
5338 10
5338 11
6425 169
6425 170
6425 171
6425 184
5979 71
5979 72
5979 73
5979 74
6347 28
6347 29
6347 30
6347 31
6141 23
4998 120
4998 121
4998 122
4998 123
6139 96
6139 97
6139 98
6139 99
5038 8
5038 9
5038 10
5038 11
6664 116
6664 117
6544 116
6544 117
6544 119
6544 120
6318 11
6318 13
6318 14
6318 15
5454 182
5454 183
5454 184
5454 185
6663 153
6663 154
6663 155
5099 40
5099 41
5099 42
5099 43
5979 31
5979 35
5979 37
5370 36
5370 37
5370 38
5370 39
4986 49
4986 50
4986 51
4986 52
5423 5
5423 6
5423 7
5423 8
6598 40
6598 41
6622 97
6622 98
6622 99
6622 100
6457 116
6457 117
6457 118
6457 119
6303 189
6303 190
5385 76
5385 77
5385 78
5385 79
5093 101
5093 102
5093 103
5093 104
6446 95
6366 68
6366 69
6366 70
6366 71
6480 127
6480 155
6480 34
6480 35
6480 36
6075 52
6075 53
6075 54
6075 55
5454 23
5454 54
5454 152
5433 158
5433 159
5433 160
5433 161
6315 0
6315 1
6315 2
6315 3
6216 28
6216 132
6408 29
6408 32
6408 35
6408 36
6122 203
6122 204
6122 205
6122 206
5947 62
6350 43
6350 44
6350 45
6350 46
5768 25
5768 28
5768 29
5768 32
6387 148
6387 149
5418 70
5418 71
5418 72
5418 73
6605 157
5061 11
5061 14
5061 76
5061 143
6107 32
6642 36
6642 37
6642 38
6642 39
6332 64
6332 65
6332 68
6332 69
5159 11
6103 85
6103 86
6103 87
6103 88
6426 20
6426 21
6426 22
6426 23
6378 2
5185 46
5185 47
5185 48
5185 49
6046 41
6046 44
6046 45
6125 101
6502 8
6502 9
6502 21
6502 22
5996 72
5996 73
6348 45
5966 153
5966 154
5966 155
5966 156
5399 16
5399 17
5399 18
5399 19
6123 77
6123 78
5946 60
5946 62
5436 64
5436 65
5436 66
5436 67
5087 3
6011 50
5002 36
5002 37
5002 38
5002 39
6337 22
6337 23
6337 24
6337 27
6342 88
6342 89
6342 90
6342 91
6573 58
6573 59
6573 60
6573 61
6318 30
6318 31
6092 0
6092 1
6092 4
6092 6
6381 93
6381 94
6521 23
6230 34
6230 40
6027 42
6027 43
6027 44
6027 45
6656 41
6656 42
6656 43
6656 44
6338 93
6338 94
4999 124
4999 125
5924 20
5924 21
5924 22
5924 23
6233 59
6233 60
6233 61
6022 1
6022 33
6022 61
6022 62
5005 213
5005 214
5005 215
5005 216
6663 171
6663 172
6663 173
6663 174
5155 109
5155 110
5155 111
5155 113
5986 35
6219 15
6219 16
6219 17
6219 18
6480 96
6480 97
6480 98
6480 99
6031 93
6031 94
6031 95
6096 57
6096 58
5604 36
5604 37
5604 39
5604 41
6064 4
6064 5
6064 6
6064 7
5782 62
5782 63
6022 142
6022 143
6022 144
6022 146
6454 19
6454 20
5937 54
5937 55
5937 56
6139 25
6139 27
6139 28
6139 31
5432 20
5432 21
5029 94
6176 7
6176 9
6176 11
6176 12
5337 37
5337 38
5337 39
5337 49
6229 24
6229 25
6229 26
6229 27
6198 179
6198 180
6198 183
6198 184
6211 93
6211 94
6211 95
6211 96
6503 60
6503 61
6503 62
6503 63
6649 64
6649 65
6649 66
6649 67
6573 18
6573 19
5600 34
5600 35
5600 36
5600 37
6282 66
6282 67
6282 68
6282 69
6349 18
6349 22
6480 62
6480 63
6139 74
6139 78
6090 73
6090 74
6090 75
6090 76
6528 30
6528 31
5025 136
5025 137
5025 138
5025 139
6617 16
6653 18
6653 19
6653 20
6653 21
5617 32
5617 33
5617 34
5617 35
6145 28
6145 30
6145 31
6387 168
6387 169
6528 20
6528 21
6528 22
6528 23
6149 88
6149 92
6313 15
6658 29
6658 30
6658 31
6163 44
6163 45
6163 46
6163 47
6021 41
6021 120
6021 121
6021 122
6344 19
6344 20
6572 37
6572 38
6572 39
5084 27
6059 12
6059 13
6420 86
6420 89
6420 90
6420 93
6615 177
6615 178
6615 179
6114 42
6114 43
6114 44
6114 45
6427 57
6427 58
6046 26
6046 28
6046 29
6046 37
5146 45
5436 126
5436 127
5093 189
5084 84
6218 28
6218 29
5084 102
6349 26
6349 43
6349 44
6349 47
6283 89
6283 90
6283 91
6283 92
6285 6
6285 7
6615 67
6615 68
6615 69
6615 70
6145 14
6145 15
6145 16
6145 17
6664 82
6664 83
6664 84
6664 85
6527 173
6527 174
6527 175
6527 176
6605 51
6605 52
6605 53
6605 54
5203 82
5203 83
5965 30
5965 31
6583 15
6542 20
6542 21
6542 24
6542 25
6668 32
6668 33
6668 34
6689 9
6689 10
6689 11
6026 55
6026 56
5436 73
5436 75
6326 84
6326 85
6179 99
6004 170
6004 171
6004 186
6004 187
5930 37
6241 4
6241 5
6241 6
6241 7
5412 132
5412 133
5412 134
5412 135
5977 75
5977 76
6588 45
6588 46
6671 17
6671 18
6671 19
6671 20
6288 176
6410 31
5444 40
5444 41
5444 42
5444 43
5949 46
6100 148
6100 149
6100 150
6100 151
6165 9
6165 21
6165 22
6165 23
5338 16
5338 17
5338 18
5338 19
6478 14
6158 18
6158 19
6158 20
6510 50
6510 51
6510 52
6510 53
6446 153
6446 157
6446 161
6080 87
6080 88
6080 113
6120 0
6120 2
6120 3
6079 30
6079 31
6286 60
6286 61
6286 62
6286 63
6356 185
5361 190
5361 191
6429 60
6304 14
6448 146
6448 147
6605 75
6605 78
6605 81
6605 82
5201 65
5201 70
5201 102
5906 4
5906 5
5906 6
5906 7
6690 90
6690 91
6690 92
6690 96
6090 32
6090 34
6090 35
6090 36
6405 0
6405 1
6374 26
6374 27
6374 30
6374 33
6468 110
6091 179
6091 180
6091 181
6091 182
5933 8
5933 9
6281 31
5070 56
5070 57
5070 58
5070 59
6382 116
6382 117
6382 118
6382 119
5910 107
6572 199
6572 200
6448 55
6448 56
5455 134
5455 135
5455 136
5455 137
6614 172
6614 173
6110 143
6110 144
6110 145
6110 146
5455 151
6192 84
6192 85
6192 86
6192 87
6098 64
6098 65
6098 66
6098 67
5087 23
5181 3
6235 102
6235 103
6235 104
6235 105
6349 62
6433 14
6123 121
6079 47
6079 48
6354 78
6354 79
5456 2
6448 117
6448 118
6118 30
6118 31
6118 32
6118 33
6080 45
5977 162
5977 166
5977 167
5977 170
6378 43
6378 44
6608 46
4957 78
4957 79
4957 80
4957 81
6149 14
6149 15
6149 17
6149 18
5137 5
5137 7
5971 13
5971 14
5971 15
6163 6
6163 8
6163 9
6163 10
6663 86
6663 87
6562 90
6562 181
6562 182
6562 183
5091 53
5911 32
5911 33
5911 34
5911 35
6591 55
6591 58
6591 79
6030 96
6030 97
6030 98
6030 99
6201 8
6674 22
6674 23
6674 24
6674 25
5370 8
5370 9
5370 10
5370 11
6354 25
6354 26
6138 119
6138 120
6598 177
6567 7
6226 150
6226 151
6226 152
6226 153
6408 41
6408 42
6408 44
6408 45
5154 179
6354 103
6354 104
6354 105
6354 106
5773 21
5773 22
5773 23
5773 24
6457 63
6650 0
6650 1
6650 2
6650 3
6315 23
6315 53
6315 54
6611 8
6611 9
5598 47
5598 48
5598 96
5598 107
6056 23
6056 24
4975 97
4975 98
4975 99
4975 100
6544 251
6544 256
6544 257
6572 213
6572 214
6572 215
6572 216
6374 4
4955 32
4955 33
4955 34
4955 35
5923 36
5923 37
5923 38
5923 39
5598 16
5598 17
5598 18
5598 19
5937 3
5937 48
6544 99
6544 100
6544 101
6544 103
5437 91
5437 92
5437 93
5437 94
6680 8
6680 9
6680 20
6680 21
6695 22
6695 23
6695 24
6695 25
5366 18
5366 19
6235 72
6235 73
6347 171
6347 172
5127 31
5127 150
5361 76
5411 128
5411 129
5411 130
5411 131
6683 170
6683 171
6683 172
6683 173
5946 21
5946 22
5946 24
5946 25
6616 94
6616 95
5605 45
5605 46
5605 51
5605 52
5900 39
5900 40
5900 41
6118 156
6118 157
6118 158
6118 159
6582 50
6582 52
6582 53
6022 160
6022 161
6022 162
6022 163
5925 94
5925 95
6563 108
6563 109
6681 44
6681 45
6681 46
6681 47
6542 162
6542 163
6542 164
6542 165
5940 8
5940 9
6246 8
6246 9
6676 17
6676 18
5921 64
5921 65
5921 66
5921 67
6076 28
6076 29
6076 31
6076 32
6562 146
6562 147
6562 148
6562 149
6191 38
6191 39
6191 50
6191 51
6428 26
6428 27
6637 11
6637 12
6637 13
6637 14
6176 91
6176 114
6176 150
6176 153
6680 146
6680 147
6680 148
6680 149
6166 17
6166 18
6166 19
6166 20
6070 41
6070 42
6070 43
6070 44
6656 0
6656 1
6656 2
5386 122
5386 126
4957 45
6698 0
6698 1
6698 2
6698 3
6224 16
5891 172
5891 173
5891 174
5891 175
5361 162
5361 163
5361 164
5361 165
6025 71
6025 72
6025 73
6025 74
5179 160
5179 161
5179 162
5179 163
6332 107
6332 108
6332 111
6332 114
6021 84
6203 91
6203 92
6203 93
6203 94
5454 115
5454 159
6103 21
6028 24
6028 25
6693 41
6693 42
6693 43
6693 44
5229 38
5229 39
5229 40
5229 41
6179 60
6179 61
6179 62
6179 89
6375 40
6375 41
6687 94
6687 95
6687 100
6507 89
6507 90
6507 91
6507 92
6668 80
6668 82
6668 83
5983 0
5983 1
5983 2
5983 3
6203 59
6203 60
6343 28
6343 29
5411 177
5411 178
5411 179
5411 190
5894 121
5894 122
5894 123
5894 124
6347 94
6347 95
6347 99
6347 100
6284 13
6284 14
6284 15
6284 16
6640 31
6640 32
6640 33
6640 34
6139 92
6139 93
6092 183
6092 184
6092 185
6092 186
6147 24
6147 25
6147 26
6147 27
5331 76
5331 77
5331 78
5331 79
6663 133
6663 134
6663 135
6663 136
6075 68
6075 69
6075 70
5226 63
6298 192
4991 32
4991 34
4991 35
4991 36
6687 211
6078 11
6078 13
6078 15
5376 36
5376 37
5376 38
5376 39
6542 106
6542 107
6542 108
6542 109
6598 8
6598 9
5151 18
5151 20
5151 133
5151 152
6327 74
6327 75
6327 76
6327 77
6134 32
6134 33
6134 34
6134 35
5891 152
5891 153
5891 154
5891 155
6211 183
6211 184
6211 185
6211 186
6141 15
6141 16
6141 17
6141 18
6698 45
6698 46
6698 47
6698 48
5932 20
5932 21
5932 22
5932 23
6239 0
6239 3
6239 5
5179 68
5179 69
5179 70
5179 71
6072 26
6072 27
6370 60
6370 61
6370 62
6370 63
5385 28
5385 29
5385 30
5385 31
6047 10
6047 12
6047 13
5332 156
5332 157
5332 158
5332 159
6360 85
5386 17
5386 84
5386 85
5386 146
6386 0
6386 4
6565 183
6565 184
6565 185
6565 186
5604 24
5604 25
5604 26
5604 27
6103 140
6103 141
6103 142
6103 143
4999 81
4999 82
6671 29
6671 30
6671 31
6671 32
6688 87
6688 88
6688 89
6311 128
6311 129
6311 130
6311 131
5208 44
5208 45
5208 46
5208 47
6623 31
6503 20
6503 21
6503 22
6503 23
6198 187
6198 188
6198 191
6220 2
6220 3
6220 4
6220 6
6631 48
5011 8
5011 9
5011 10
5011 11
6118 231
6551 94
6551 95
5229 29
6123 129
6123 130
6123 131
6123 133
6680 40
6680 41
6680 42
6672 0
6672 1
6073 24
6073 25
6073 26
6073 27
6676 36
6676 37
6676 38
6676 39
6195 68
6195 69
6195 70
6195 71
6626 30
6626 31
6626 32
6626 33
6581 4
6581 5
6581 6
6125 32
6125 33
6125 34
6125 99
6125 102
6125 103
6125 105
6125 106
5915 62
5915 63
5915 64
5915 65
6440 125
6440 126
6440 127
5333 97
5333 98
5333 99
5124 48
5124 49
5124 50
5124 51
5002 13
5002 14
5002 15
5002 16
5911 57
5911 58
5911 59
5911 60
6520 32
6520 33
6520 36
6520 40
6404 80
6404 81
6334 84
6334 88
6334 92
6334 95
6410 135
6410 136
6410 137
6410 138
6404 114
6404 115
6198 138
6198 139
6198 178
6198 181
5013 84
5013 85
5013 86
5013 87
5935 71
5935 72
6118 124
6118 125
6118 126
6118 127
5041 74
5041 75
5041 77
5041 78
6367 78
5208 156
5208 157
5208 158
5208 159
6162 180
6162 181
6162 182
6162 183
6203 8
6203 9
6203 10
6203 11
6279 30
6510 5
6510 6
6510 9
6510 10
6506 115
6506 116
6423 12
6423 13
6423 14
6423 15
6562 1
6562 2
6562 3
6562 4
6475 46
6475 47
6475 48
6475 49
6420 16
6420 17
6420 18
6420 21
6031 197
5345 14
5345 15
5345 16
5345 17
6572 62
6572 63
5971 78
5971 79
5971 80
5971 81
6446 113
6446 114
6446 142
6446 143
5921 62
5921 63
6190 89
6190 90
6190 91
6190 92
6330 4
5412 136
5412 137
5412 139
5049 68
5049 71
5049 72
5049 73
6379 204
6379 205
6507 146
6507 147
6631 72
6631 73
6353 90
6353 91
4955 16
4955 17
4955 18
4955 19
6571 136
6571 138
4975 69
6021 111
6021 112
6021 113
6021 232
5331 18
5331 19
5331 20
5331 21
6375 88
6375 89
6105 32
6105 33
6105 34
6105 35
6145 10
6145 11
6145 12
6145 13
6105 60
6105 61
6105 62
6105 63
5093 165
5093 166
5093 167
5093 168
6564 30
6564 31
6564 68
6564 69
6001 25
6001 26
5588 180
5588 181
5588 182
5588 183
6280 75
6280 76
6280 77
6280 78
6668 65
5966 1
5966 2
5966 3
5966 5
6173 51
6173 52
6173 53
6173 54
6375 79
5013 180
5013 181
5013 182
5013 183
6431 71
6431 72
6431 73
6431 74
6387 108
6387 109
6387 110
6091 154
6091 155
6091 157
6091 158
6219 28
6219 29
6219 30
6219 32
6563 47
6563 48
6563 49
5957 1
5957 5
6590 63
6192 56
6192 57
6192 58
6192 59
6611 25
6611 27
6611 28
6611 29
6198 97
6198 101
6198 105
6198 106
6336 127
6640 63
6304 25
6304 32
6304 33
6304 34
6325 6
6325 18
6325 19
6325 20
5924 8
5924 9
5924 10
5924 11
6211 158
6176 189
6176 190
6176 191
5147 31
5147 32
5147 33
5147 38
6630 4
6630 5
6630 6
6630 7
6366 59
6366 60
6366 61
6366 84
6468 64
6468 65
6468 66
6468 67
6092 226
6092 227
6092 228
6092 229
5386 1
5386 2
5386 5
5386 131
6600 142
6600 143
6600 144
6666 118
6666 119
6666 120
6666 121
6201 78
6201 79
6366 30
6366 35
6596 83
6596 84
6349 48
6349 51
6349 52
6349 53
6348 139
6348 140
6348 141
6348 142
5187 140
5187 141
5187 142
5187 144
5191 88
5191 89
5191 90
5191 92
6305 71
6305 72
6305 73
6226 19
6226 20
6226 22
6226 23
6326 32
6326 33
6326 34
6326 35
5371 19
6106 62
6106 63
6125 35
6125 39
6125 100
6125 104
5092 52
5092 53
5092 54
5092 55
6686 66
6231 70
5331 137
5331 138
5331 139
6637 4
5086 26
5086 27
5086 28
5086 29
6663 145
6663 146
6663 147
6663 148
6698 104
6594 94
6594 95
5344 20
5344 21
5344 22
5344 23
5333 104
5333 105
6115 121
5092 80
5092 81
5092 82
5092 83
5145 27
6544 177
6544 178
6544 179
6544 180
6238 12
6238 13
6238 14
6238 15
5925 11
5925 12
5925 68
5925 69
6333 53
6221 28
6221 29
6221 30
6221 31
5017 42
5017 43
5017 44
5017 45
5021 55
5021 56
5021 57
5021 58
5929 25
5929 26
5929 27
5929 28
5418 110
5418 111
5418 112
5418 113
6647 37
6647 38
6647 39
6647 40
6484 28
6484 29
5390 7
6344 60
6344 61
6344 62
6344 63
6382 33
6382 34
6382 36
6382 37
6450 0
6450 1
6450 2
6450 3
6312 116
6312 117
6312 118
6312 119
6032 2
6032 6
6032 9
6647 190
6647 191
6340 80
6340 81
6340 82
6340 83
6572 109
6572 110
6572 111
6572 112
5055 42
5055 44
5055 46
5055 50
6563 55
6563 56
6563 57
6563 58
6280 51
6280 52
6591 64
6591 65
6591 66
6591 68
5774 67
5774 68
5774 69
5774 70
5169 66
5169 68
5169 70
5169 72
5191 16
5191 17
5191 18
5191 19
5440 28
5440 29
5440 30
5440 31
5906 8
5906 9
5906 10
5906 11
6748 71
6748 72
6748 73
5442 10
5442 12
5442 13
6482 23
6482 24
6482 27
6482 40
6571 181
6118 92
6118 93
6118 94
6118 95
6640 177
6640 178
6640 179
6640 180
5092 132
5092 133
5092 134
5092 135
5160 18
5160 19
5160 21
5160 23
6282 58
6282 59
6282 60
6282 61
6366 16
6366 17
6366 18
6366 19
5227 24
5227 44
5031 12
5031 13
5031 14
5031 15
5191 8
5191 9
5191 10
5191 11
5084 113
6058 189
6058 190
6058 191
5084 126
6340 45
6340 46
6628 18
4971 76
4971 77
4971 78
4971 79
6043 125
6043 126
5179 52
5179 53
5179 54
5179 55
5060 16
5060 17
5060 18
5060 19
5157 13
5157 14
5157 15
5157 16
6565 71
6565 72
6565 73
6565 74
6672 60
6672 61
6672 68
6672 69
5769 4
5769 5
5769 6
5769 7
5021 19
5021 20
5021 21
5021 22
5211 96
5211 97
5211 98
5211 100
6327 38
6327 39
6327 40
6327 41
6214 14
6214 15
6214 16
6214 17
6478 15
6478 16
6478 17
6478 18
6388 67
6388 68
6388 69
6388 70
6552 50
6552 51
6552 52
6552 53
6058 91
6058 92
5124 8
5124 9
5124 10
5124 11
6608 10
6608 11
6608 12
6608 13
6070 66
6070 67
6070 68
6070 69
5361 200
5361 201
5361 202
5361 203
5205 16
5205 17
5205 19
5205 20
5376 16
5376 17
5376 18
5376 19
6528 92
6528 93
6065 4
6065 5
6065 6
6065 7
5971 93
5971 94
5971 101
4952 30
4952 31
4952 32
4952 33
6565 114
6565 115
6565 116
6672 64
6672 65
6672 66
6672 67
6064 8
6064 9
6064 10
6064 11
6348 68
6348 69
6348 70
6348 71
6230 105
6230 106
6230 107
6230 108
6608 86
4967 16
6312 98
6312 99
6312 100
6312 101
5092 164
5092 165
5092 166
5092 167
6619 26
6619 27
6619 28
6619 29
5387 69
5387 71
5089 0
5089 1
5089 2
5089 3
5082 1
6615 22
6615 23
6615 24
6615 25
6656 65
5084 94
6591 75
6591 76
6591 77
6591 78
5891 124
5891 125
5891 126
5891 127
6198 77
6198 78
6198 79
6198 80
6326 110
6326 112
6427 62
6510 8
6510 11
6510 12
6510 15
6369 87
6369 88
6369 89
6369 90
5056 64
5056 65
5056 66
5056 67
6059 26
6059 27
6059 28
6059 29
6689 52
6506 55
6506 56
6412 8
6412 9
6412 10
6412 11
6205 20
6205 21
6205 22
6205 23
5904 31
5904 32
6344 1
6344 2
6344 3
6344 4
6592 86
6592 122
6592 126
6592 127
5616 42
5616 43
5616 44
5616 48
6198 202
6198 203
6198 204
6198 205
6501 36
6501 37
6501 38
6501 39
5411 76
5411 77
5411 78
5411 79
6214 50
6214 51
4975 23
4975 30
4975 51
4975 102
5435 16
5435 17
5435 18
5435 19
6600 30
6600 31
5454 9
5454 13
5454 140
5454 144
6367 41
6367 42
6027 26
6027 27
6027 28
6027 29
6571 67
6571 68
5901 140
5901 141
5901 142
5901 143
6423 192
6423 193
6423 194
6423 195
5182 34
5182 35
5182 36
5182 37
6565 119
6565 121
5005 195
6507 33
6507 34
6507 35
6507 36
6408 0
6408 1
6408 2
6408 3
6622 89
6622 90
6216 4
6216 5
6216 6
6216 7
6076 123
6076 124
6076 125
6076 126
5625 142
5625 143
5625 144
5625 145
6326 86
6326 87
6326 88
6326 89
6314 58
6314 60
5932 0
5932 1
5932 2
5932 3
6425 153
6425 154
6425 155
6425 156
5947 139
5947 141
6070 5
6070 6
6070 7
6070 8
6206 66
6206 67
6343 147
6343 148
6343 149
6343 150
6666 182
6666 183
6666 184
5914 12
5914 13
5914 14
5914 15
5960 28
5960 29
5894 36
5894 37
5894 38
5894 39
5919 0
5919 1
5919 4
5919 5
6667 14
6667 15
6667 16
6667 17
4982 152
4982 154
4982 155
4982 156
6303 115
6303 116
6303 118
6676 161
6676 162
6676 163
6676 164
6098 60
6098 61
6098 62
6098 63
6663 78
6663 79
6663 80
6663 81
5001 42
5001 43
5001 44
5001 46
5419 20
5419 21
5419 22
5419 23
6311 101
6311 102
6311 103
6311 104
6616 155
6616 156
6000 32
6000 33
6000 34
6000 35
5448 4
5448 5
5448 6
5448 7
6690 20
6690 21
6690 22
6690 23
5179 92
5179 93
5179 94
5179 95
6182 30
6182 31
5586 187
5586 188
5586 189
5586 190
6298 0
6298 1
6298 2
6298 3
6004 180
6004 181
6004 182
6004 183
5990 21
5990 22
5990 23
5990 24
5603 32
5603 33
5603 34
5603 35
6669 93
6669 94
6669 95
6431 43
6431 44
5772 8
5772 9
5772 10
5772 11
6598 64
6598 67
6598 68
6598 70
6575 10
6575 11
6575 12
6575 13
5059 32
5059 33
5059 35
5059 38
6304 136
6304 137
6304 164
6304 165
6440 200
6440 201
6614 14
6614 15
6614 16
6614 17
6446 105
6446 106
6446 107
6446 108
6172 0
6172 1
5090 60
5090 61
5090 62
5090 63
6431 45
6431 46
6431 47
6431 48
6687 46
6687 47
6687 48
6687 49
6319 5
6319 6
6319 7
6319 8
6218 50
6218 53
6503 52
6503 53
6503 54
6503 55
5419 28
5419 29
5419 30
5419 31
6697 16
6697 17
6697 18
6697 19
6676 115
6676 116
6676 117
6676 118
6022 81
6022 83
6022 92
6022 137
6626 4
6626 5
6626 6
6626 7
5607 17
5607 18
5607 22
5607 26
6281 136
6281 137
6281 138
6281 139
6614 145
6614 146
6614 149
6614 152
5605 19
5605 20
5605 21
5605 22
6110 193
6110 194
6110 195
6110 196
6551 88
6551 89
5586 207
5586 208
5779 42
5779 43
5779 44
5779 45
6046 150
6046 151
6046 152
6046 153
6110 104
6110 106
6110 107
6110 137
6110 123
6110 124
6110 125
6110 126
5969 26
5969 27
5969 28
5969 29
6203 73
6203 74
6203 98
6203 99
6425 72
6425 73
6425 74
5600 96
5600 97
5600 99
5600 100
6347 8
6347 9
6220 35
6220 36
6220 37
6220 38
6044 15
6325 8
6325 11
6325 12
6325 15
6687 233
6687 234
6687 235
6687 236
6308 41
6308 42
6308 43
6308 44
6591 117
6591 118
6591 119
6591 120
5773 25
5773 26
5773 27
5773 28
6106 70
6106 71
6106 72
6106 73
6544 26
6544 27
6544 28
6203 4
6203 5
6203 6
6203 7
6668 114
6668 115
6668 116
6002 29
6002 30
6002 31
6507 179
6507 180
6507 181
6507 182
6355 13
6355 14
6355 15
6355 16
6285 51
6285 52
6285 53
6285 54
6304 128
6304 129
6304 130
6304 131
6425 1
6425 130
6425 131
6187 16
6187 17
6187 18
6187 19
5208 128
5208 129
5208 130
5208 131
6401 103
6401 105
6401 106
6401 107
6657 12
6657 13
6657 15
6281 120
6281 121
6281 122
6281 123
6483 104
6483 105
6483 106
6483 107
6305 64
6305 65
6579 110
6579 111
6579 112
6579 113
6649 29
6649 30
6649 31
5171 47
5171 48
5171 49
5171 50
6566 69
6566 77
6566 82
6440 14
6440 15
6440 16
6440 17
5078 20
5078 21
5078 22
5078 23
6301 50
6301 51
6301 52
6301 53
6070 86
6070 87
6070 88
6070 89
6007 64
6007 65
6007 66
6007 67
5385 40
5385 41
5385 42
5385 43
5891 88
5891 89
5891 90
5891 91
6094 0
6094 1
6094 2
6094 3
5947 45
5947 46
5947 47
5947 48
6461 38
6461 42
6461 51
6461 55
4969 96
4969 97
4969 98
4969 99
6192 126
6192 127
6168 9
6168 10
6168 74
6168 75
6300 0
6300 4
6300 5
6191 60
6191 61
6191 68
6191 69
4991 54
4991 56
4991 57
4991 58
6633 24
6633 25
6633 26
6633 27
5976 25
5976 27
5976 28
6426 100
6426 102
6426 103
6326 15
6326 16
6326 17
6326 18
5187 114
6457 10
6457 11
6026 5
6026 6
6026 8
6026 9
6460 15
6460 18
5086 58
5086 59
5086 60
5086 61
5377 36
5377 37
5377 38
5377 39
6748 172
6748 173
6748 174
6748 175
5782 58
5782 59
5782 60
5782 61
6653 105
6653 106
6653 107
6653 108
6144 24
6144 25
6144 26
6144 27
6598 135
6598 136
6598 137
6598 138
6339 56
6339 57
6339 59
6339 185
6148 26
6148 27
5899 12
5899 13
5899 14
5899 15
5411 64
5411 65
5411 66
5411 67
6281 61
6281 62
6281 63
5906 171
5906 172
5906 200
5906 201
6695 7
6695 8
6695 9
6695 10
6664 179
6664 180
6664 181
6664 182
6026 21
6026 22
6026 23
6026 24
5925 188
5925 189
6162 104
6055 5
6055 6
6055 7
6055 8
5334 8
5334 9
5897 48
5897 49
5897 50
5897 51
5966 175
6001 20
6001 21
6001 22
6001 24
5418 31
5418 32
5418 33
5418 34
4955 120
4955 121
4955 122
4955 123
6027 72
6027 73
6027 74
6027 75
5783 73
5783 74
5783 75
5783 76
5605 88
5605 89
5605 90
5605 91
6153 25
6153 26
6153 27
6153 28
4954 1
4954 3
4954 5
4954 8
6426 24
6426 25
6426 26
6426 27
6217 4
6217 5
6217 6
6217 7
6503 68
6503 69
6503 70
6503 71
6544 59
6544 60
6575 4
6575 5
6575 6
6575 7
6046 73
6046 74
6046 126
6046 127
6599 87
6599 91
6599 95
6360 10
6360 11
6360 12
6360 13
6350 126
6350 127
5044 17
5044 18
5044 19
5044 20
5154 3
5154 5
5154 6
5154 129
6347 154
6347 155
6347 156
6347 157
5411 192
5411 193
5411 194
5411 195
6553 26
6553 27
6553 28
6553 29
6173 114
6420 91
6420 92
6420 95
5946 54
5946 55
5946 58
5946 59
5051 41
5051 42
5051 43
5051 44
5899 28
5899 29
5899 30
5899 31
6221 8
6221 9
6221 10
6221 11
6350 23
6350 24
6350 25
6350 26
6308 45
6308 46
6308 47
6308 48
5445 28
5445 29
5445 30
5445 31
6687 126
6687 127
6321 90
6281 110
6180 31
6180 40
6280 85
6280 86
6280 87
6280 88
6475 58
6475 59
6475 60
6021 76
6021 77
6021 78
6021 79
5187 84
5187 137
6349 0
6349 1
6349 4
6349 5
5341 46
5341 47
5341 48
5341 49
6356 49
5455 146
5455 147
5455 148
5455 149
5979 82
5979 83
5979 84
5979 85
6529 14
6529 15
6529 16
6529 17
5134 18
5134 20
5134 21
5134 22
6298 120
6298 121
6298 122
6298 123
6614 107
6614 108
5359 0
5359 1
5359 2
5359 3
6535 113
6535 114
6535 115
6535 116
6312 72
6312 73
6312 74
5386 204
5386 205
5386 206
5386 207
6239 1
6239 2
6239 4
6004 184
6004 185
5344 70
5344 71
6370 56
6370 57
6370 58
6370 59
6547 4
6547 5
6547 6
6547 7
5782 15
5782 21
6560 40
6560 41
5607 76
5607 77
5607 78
5607 79
6380 64
6380 65
6380 66
6380 67
6579 17
6579 18
6579 19
6676 135
6676 136
6676 137
6676 138
5977 71
5977 72
5977 73
5977 74
6004 75
6004 76
6004 77
6004 78
5990 26
5990 27
5990 28
5990 29
6201 29
6201 30
6201 31
6201 32
4955 80
4955 81
4955 82
4955 83
5937 37
5937 38
5937 39
5937 40
5894 61
5894 62
5894 63
5894 64
6074 97
6074 98
6074 99
5216 1
5216 3
5216 4
5216 6
6571 141
6571 142
6571 143
6571 146
5935 84
5935 85
5935 86
5935 87
5454 192
5454 193
5454 194
5454 195
6285 55
6285 56
6285 57
6285 58
5624 37
5624 38
5624 39
5624 40
6219 181
6205 12
6205 13
6205 14
6205 15
6205 81
6205 82
6205 83
6205 84
6376 18
6376 19
6376 20
6376 21
6506 8
6506 9
6506 11
6506 12
5013 184
5013 185
5013 186
5013 187
6582 46
6582 47
6582 48
6582 49
5983 100
5983 102
5983 103
6475 63
6408 21
6408 24
6408 25
6408 28
6030 40
6030 41
6030 42
6030 43
5411 80
5411 81
5411 82
5411 83
5151 8
5151 99
5151 129
5151 134
6381 107
6381 109
6381 110
6544 211
6544 212
6544 213
6544 215
6308 4
6423 40
6423 42
6423 44
6423 49
6046 15
6046 16
6046 17
6046 18
5084 89
6134 3
6134 6
6134 11
6134 15
6195 100
6663 226
6663 227
5189 3
5963 15
5963 17
6530 0
6530 1
6530 2
6530 3
5897 28
5897 29
5897 30
5897 31
6534 58
6534 59
6534 60
6118 192
6118 193
6118 194
6118 195
6176 41
6176 43
6176 44
6176 45
6102 46
6166 8
6166 9
6166 36
6166 37
6441 56
6441 57
6441 64
6441 65
6440 100
6440 101
6346 57
6690 129
6690 130
6690 131
6690 132
5337 98
5337 99
5337 100
5337 101
6605 45
6605 46
6217 139
6217 140
6217 141
6217 142
5427 24
5427 25
5427 26
5427 27
6628 47
6628 48
6628 49
6628 50
6254 2
6254 10
6254 14
6254 18
6420 78
6420 79
6420 80
6420 81
5214 12
5214 23
5214 41
5214 64
6045 0
6045 3
6045 4
6045 7
5216 7
5216 9
5216 10
5216 11
6560 36
6560 37
6560 38
6560 39
6527 85
6527 86
6527 87
6527 88
4987 16
4987 17
4987 18
4987 19
6698 56
6698 57
6698 68
6698 69
6697 109
6697 110
6697 111
5341 64
5341 65
5341 66
5341 67
6298 74
6298 75
6298 76
6298 77
6216 128
6216 129
6216 130
6216 131
6528 108
6528 109
6528 110
6528 111
5071 56
5071 57
5071 58
5071 59
6176 63
6176 64
6176 65
6176 66
5985 103
5985 104
5985 105
5985 106
6591 60
6591 61
6591 62
6591 63
6623 0
6623 4
6623 8
6623 12
6147 4
6147 5
6147 6
6147 7
5956 18
5956 19
5956 20
5956 22
6642 62
6642 68
6642 69
6642 70
6118 28
6118 29
6118 40
6118 41
6211 108
6211 109
6211 110
6211 111
6671 112
6671 113
6671 114
6671 115
6548 45
6548 46
6457 104
6457 105
6457 106
6457 107
6280 18
6280 19
6280 21
6280 22
6634 153
6634 154
6451 14
6451 15
6451 16
6451 17
6611 30
6611 32
6611 33
6611 34
6622 41
6622 42
6622 43
6571 30
6571 31
6475 62
6475 64
6111 73
6111 74
6111 75
6111 76
6080 40
6080 41
6080 42
6080 43
6565 221
6565 223
6565 225
6565 226
6462 20
6462 21
6462 22
6462 23
5142 36
5983 58
5983 62
5983 63
6185 10
6185 11
6185 12
6185 13
6572 207
6572 208
6162 189
6162 190
6162 191
6308 26
6308 27
6308 28
6308 29
6565 117
6565 118
6565 122
6565 123
6199 43
6199 44
6199 45
6199 46
5179 226
5179 227
5179 230
5179 231
5906 192
5906 193
5906 194
5906 195
5957 20
5957 23
5957 24
6286 0
6286 1
6286 2
6286 3
5368 68
5368 69
5368 70
5368 71
5909 57
5909 58
5909 61
5909 62
6638 12
6638 13
6638 14
6638 15
5783 93
5783 94
5783 95
5783 127
6312 86
6312 87
6312 88
6312 89
5375 8
5375 9
5375 10
5375 11
6666 37
6666 38
6666 39
6110 108
6110 109
6110 114
6110 115
5005 112
5005 113
5005 114
5005 115
5769 34
5769 35
5769 37
5769 38
6605 72
6605 76
6605 77
6605 96
6333 10
6333 11
6333 12
6333 13
5025 49
5025 50
5025 51
5025 52
5157 74
5157 75
5157 76
5157 77
6059 134
5195 34
5195 35
5195 36
5195 37
6404 99
6404 100
6404 101
6404 102
5090 182
5090 183
5090 184
5090 185
5929 44
5929 45
5929 46
5929 47
5441 64
5441 65
5441 66
5441 67
6621 0
6621 1
6621 2
6621 3
6462 85
6462 88
6462 89
6462 92
6563 4
6563 5
6563 6
6563 80
5157 21
5157 22
5157 23
5157 24
6653 40
6653 41
6653 42
6653 43
6285 83
6285 84
6285 85
6285 86
5386 190
5386 191
4982 148
4982 149
4982 150
4982 151
5971 96
5971 97
5971 98
5971 100
6423 196
6423 197
6423 198
6423 201
6157 20
6157 21
6157 22
6157 23
5361 118
5361 119
6520 12
6520 13
6520 14
6520 15
5154 203
5154 204
5154 205
5154 206
6115 113
6115 114
6115 115
6115 116
4962 97
4962 98
4962 99
4962 100
6687 82
6687 83
6687 84
6687 85
6055 46
6055 47
6055 48
6055 49
5906 48
5906 49
5906 50
5906 51
6022 164
6022 165
6022 166
6022 167
5207 148
5207 149
5207 150
5207 151
6377 25
6377 26
6377 27
6377 28
6122 131
6122 132
6122 133
6122 134
6151 76
6151 77
6151 96
6151 99
5332 40
5332 41
5332 42
5332 43
6656 15
6656 16
6656 17
6483 57
6483 58
6455 8
5093 133
5093 134
5093 135
5093 136
5897 8
5897 9
5897 10
5897 11
6683 130
6683 131
6683 132
6683 133
6190 0
6190 1
6190 4
6190 5
6098 44
6098 45
6098 46
6098 47
5203 0
5203 1
5203 2
5203 3
5617 44
5617 46
5617 51
6211 219
6211 220
6211 224
6211 225
5041 30
5041 31
5041 32
5041 33
6468 141
6468 142
6468 143
6468 145
5215 55
5215 56
5215 57
5215 58
6548 67
6548 68
6548 69
6548 70
6282 83
6282 84
6282 86
6282 87
5204 26
5344 10
5344 11
5344 12
5344 13
6420 50
6420 51
6420 52
6420 53
6575 59
6575 60
6575 61
6575 62
6528 88
6528 89
6528 90
6528 91
6070 17
6070 18
6070 19
6070 20
6577 62
5108 0
5108 1
5108 2
5108 3
6546 0
6546 1
6546 2
6546 3
6162 66
6162 67
6162 68
5611 34
6134 40
5051 162
5051 163
5051 164
5051 165
6600 53
6600 54
6600 55
6600 56
6332 50
6332 51
6332 54
6332 55
6326 8
6548 21
6548 23
6548 24
6548 25
6565 87
6565 89
6565 90
6602 0
6602 1
6602 2
6602 3
5892 20
5892 21
5892 22
5892 23
5598 8
5598 9
5598 10
5598 11
5404 33
5404 34
5404 35
5404 36
6247 0
6247 1
6247 2
6247 3
5205 11
5205 12
5205 13
5205 14
5184 10
5184 11
5184 12
5184 14
6201 17
6201 18
6201 19
6201 20
6100 29
6100 30
6100 31
6100 32
6065 44
6065 45
6065 46
6065 47
6461 115
6461 116
6615 140
6615 141
6615 142
6615 143
6031 127
6592 118
6592 119
6592 120
6592 121
5896 36
5896 37
5896 38
5896 39
6246 10
6246 11
6246 12
6246 13
6446 83
6446 84
6446 85
6446 86
6611 150
6611 152
4971 64
4971 65
4971 66
4971 67
5385 104
5385 105
5385 106
5385 107
6214 36
6214 37
6214 38
6214 39
6359 20
6359 21
6359 22
6359 23
5771 46
5771 47
5771 48
5771 49
5367 26
5367 27
5367 28
5367 29
6379 156
6379 157
6379 158
6379 159
5364 10
5364 11
5364 12
5364 13
6326 74
6326 75
6166 24
5914 109
5914 111
5914 138
5914 142
6180 17
6180 18
6180 19
6180 20
6199 166
6199 167
6199 168
6199 169
5901 22
5901 25
5901 26
5901 29
6199 82
6199 83
6199 84
6199 85
6689 41
6689 42
6689 43
6551 74
6551 75
6551 77
6551 78
5010 20
5010 21
5010 22
5010 23
5600 98
5600 172
5600 173
5600 174
6247 10
6247 11
6247 12
6247 13
6379 152
6379 153
6379 154
6379 155
6311 105
6311 106
6311 107
6311 108
5201 48
5201 49
5201 50
5201 51
6571 37
6571 38
6571 39
6571 40
6562 137
6562 138
6562 139
6562 140
6261 34
6261 35
6261 36
6261 37
6022 44
5598 93
5598 95
5598 108
6616 0
6616 1
6616 2
6616 3
6235 106
6235 107
6235 108
6235 109
5433 90
5433 91
5433 92
5433 93
6583 187
6583 188
5988 10
5988 11
5988 12
5988 13
6281 69
6281 70
6281 71
6281 72
5331 48
5331 49
5331 50
5331 51
6606 84
6606 85
6606 86
6606 87
6379 77
6379 88
6379 96
6379 100
6058 102
6058 106
6058 107
6058 108
6353 55
6353 56
6353 57
6353 58
6580 10
6580 11
6580 40
6580 41
6336 63
6336 64
6336 68
5169 165
5169 166
5169 167
5169 168
6690 77
6690 78
6690 79
5365 8
5365 9
5365 10
5365 11
5009 1
5009 6
5009 9
5009 11
6138 51
6138 52
6138 53
6138 54
6162 50
6162 51
6162 52
6162 53
6478 106
6478 107
6501 44
6501 45
6501 46
6501 47
6374 0
6374 1
6374 2
6374 3
6281 107
6281 108
6281 109
6281 156
6166 25
6521 64
6521 66
6521 67
6521 68
5598 97
5598 98
5598 99
5598 100
6102 65
6102 66
6102 67
6102 68
6698 62
6698 63
5075 44
5075 45
5075 46
5075 47
5000 8
5000 10
5000 11
5000 12
6340 21
6340 22
6340 23
6340 24
5616 45
5616 49
5616 50
5616 51
6698 105
6698 106
6698 107
6698 108
6429 82
6429 83
6031 4
6031 5
6031 6
6031 7
5403 12
5403 13
5403 14
5403 15
6507 171
6507 172
6507 173
6507 174
6343 151
6343 152
6343 153
6343 154
5154 73
5154 78
5154 80
5154 84
6443 6
6443 7
6443 8
6443 9
5233 35
5233 36
5233 39
5233 41
6091 131
6091 133
6091 134
6091 135
6118 24
6118 25
6118 26
6118 27
6281 4
6281 5
6281 6
6281 7
6457 177
6457 180
6457 181
6457 184
6453 71
6453 72
6453 73
6453 75
5046 77
5046 78
5046 79
5046 80
5933 205
5933 207
5933 208
5933 209
5627 5
5627 6
5627 7
5627 8
5211 61
5211 62
5211 64
5211 66
6021 72
6021 73
6021 208
6021 211
5191 55
5191 56
5191 57
5191 58
5332 4
5332 5
5332 6
5332 7
5768 2
5768 9
5768 18
5768 22
6360 86
6360 87
6591 52
6591 54
6591 153
6007 74
6007 75
6007 76
6007 77
5134 23
5134 24
5134 26
5134 28
5092 112
5092 113
5092 114
5092 115
5418 20
5418 21
5418 25
5418 177
5781 0
5781 1
5781 2
5781 3
6319 37
6319 38
6319 39
6319 40
6528 71
6528 72
6528 73
6528 74
5600 182
5600 183
5600 184
5600 186
6448 125
6448 126
6448 127
6480 76
6480 77
6480 78
6480 79
6341 47
6341 48
6341 50
6341 51
6404 160
6404 161
6404 162
6404 164
5454 214
5454 215
5454 216
5454 217
6280 83
6280 84
6280 95
6280 96
6671 59
6671 60
6671 61
6671 62
6312 106
6312 107
6312 108
6312 109
6572 23
6572 32
6572 52
6507 186
6507 187
6507 188
6507 189
5385 116
5385 117
5385 118
5385 119
6647 192
6647 193
6647 194
6647 195
6592 108
6592 109
6592 110
6592 111
6647 215
6647 216
6647 217
6647 218
5397 132
5366 22
5366 23
5366 24
5366 25
6669 120
6669 121
6669 122
5191 84
5191 85
5191 86
5191 87
6567 1
6567 5
6567 11
6567 12
6527 44
6527 45
6527 46
6527 47
6591 56
6591 57
6591 67
6591 71
5157 86
5157 87
5157 88
5157 89
5093 24
5093 25
5093 26
5093 27
6642 20
6642 21
6642 22
6642 23
6437 11
6437 12
6437 13
6437 14
5090 104
5090 105
5090 106
5090 107
6482 88
6482 89
6482 96
6482 97
5387 56
5387 57
5387 58
5586 143
5586 144
5586 145
5586 146
6138 125
6138 126
5961 3
5901 124
5901 125
5901 126
5901 127
5036 11
5036 12
5036 13
5036 15
5385 4
5385 5
5385 6
5385 7
6079 1
6079 7
6079 8
6079 9
5455 78
5455 79
5455 80
5455 81
6468 134
6468 135
6468 136
6468 137
5948 50
5948 51
5948 52
5948 53
6440 105
6440 106
6440 108
6440 109
5782 144
5782 145
5782 146
5782 147
5133 24
5133 25
5133 26
5133 27
4957 46
4957 47
4957 48
4957 49
6110 79
6110 84
6110 97
6110 122
5782 100
5399 8
5399 9
5399 10
5399 11
6281 35
6281 36
6281 37
6281 38
6185 4
6185 5
6185 6
6185 7
6101 36
6101 37
6101 38
6101 39
6425 64
6425 65
6425 66
6425 67
6007 70
6007 71
6007 72
6007 73
6058 145
6058 146
6058 147
6058 149
6074 110
6074 111
6074 112
6074 113
5896 44
5896 45
5896 46
5896 47
6551 142
6551 143
6551 144
6551 145
5418 90
5418 91
5418 92
5418 93
6313 35
6313 36
6313 37
6313 38
6336 129
6336 130
6336 133
6336 134
6007 83
6007 84
6007 85
6007 86
6647 89
6647 90
6647 91
6647 92
6102 117
6102 118
6102 119
6102 120
6672 6
6672 7
6672 8
6672 9
4971 8
4971 9
4971 10
4971 11
6592 129
6592 130
6592 131
6592 132
5603 25
5603 26
5603 27
5603 29
6095 12
6095 13
6095 14
6095 15
6457 22
6457 24
6457 25
6457 26
5029 130
5029 131
5029 132
5029 133
4995 0
4995 1
4995 3
4995 4
6535 98
6535 99
6535 100
6535 101
6687 164
5051 186
5051 187
5051 188
5051 189
5061 95
5061 158
5061 161
5061 165
5090 132
5090 133
5090 134
5090 135
6154 2
6154 6
6154 9
6154 18
6114 76
6114 77
6114 78
6114 79
6347 136
6347 137
6347 138
6347 139
5411 32
5411 33
5411 34
5411 35
6417 137
6417 138
6417 141
6417 142
5215 33
5215 35
5215 36
5215 37
6480 111
6480 112
6480 113
6480 114
6298 11
6298 12
6298 13
6298 14
4981 28
4981 29
4981 30
4981 31
5925 64
5925 65
5925 66
5925 67
6535 97
6535 147
6535 151
6535 155
5593 44
5593 45
6631 9
6631 10
6631 50
6631 54
6158 21
6158 22
6629 24
6629 25
6629 26
6629 27
6280 101
6280 102
6280 103
6280 104
6647 47
6647 48
6647 49
6647 50
6168 39
6168 40
6168 41
6168 42
6439 74
6439 75
6439 76
6439 77
6315 49
6315 50
6315 51
6315 52
5061 50
5061 51
5061 53
6230 58
6230 59
6230 60
6230 61
6300 170
6300 171
6300 172
6300 173
5618 12
5618 13
5618 14
5618 15
5195 20
5195 21
5195 22
5195 23
6050 8
6050 9
6050 22
6050 26
5179 0
5179 1
5179 2
5179 3
5212 18
5212 21
5212 22
5212 27
6507 128
6507 129
6507 130
6507 131
4983 2
4983 6
4983 7
4983 48
6309 8
6309 9
5600 149
5600 156
5600 158
6406 177
6406 178
6406 181
6406 182
6226 36
6226 37
6226 38
6226 39
6217 54
6217 55
6217 56
6217 57
5611 0
5611 1
5611 2
6359 0
6359 1
6359 2
6359 3
5437 54
5437 55
5437 56
5437 57
5602 48
5602 49
5602 50
5602 51
6300 44
6300 45
6300 46
6300 47
5778 24
5778 25
5778 26
5778 27
6313 22
6313 23
6313 24
6313 25
5005 12
5005 13
5005 14
5005 15
5215 15
5215 28
5215 42
5371 30
5371 31
5371 32
6406 9
6406 10
6406 13
6406 71
6508 49
6508 50
6508 51
6508 52
6404 192
6404 193
6404 194
6404 195
6592 163
6592 168
6320 52
6320 53
6320 54
6320 55
5146 35
5146 36
5146 37
5146 38
6590 34
6590 35
6590 36
6590 37
6383 2
6383 3
6383 4
6383 6
5975 29
5975 30
6579 100
6579 101
6579 102
6579 103
6031 201
6031 202
4998 168
4998 169
4998 170
4998 171
5061 110
5061 112
5061 113
5061 115
4971 24
4971 25
4971 26
4971 27
5340 100
5340 101
5340 102
5340 103
6527 201
6527 202
6359 74
6359 75
6359 76
6359 77
5455 118
5455 119
5455 120
5455 121
6031 102
6031 105
6031 106
6031 109
4987 12
4987 13
4987 14
4987 15
5351 20
5351 21
5351 22
5351 23
6533 72
6533 73
6533 75
6533 76
5078 65
5078 66
5078 67
5078 68
4962 141
4962 142
4962 143
4962 144
6030 34
6030 35
6030 46
6030 47
6192 116
6192 117
6192 118
6192 119
6339 8
6339 9
6339 10
6339 11
5454 31
5454 36
5454 98
5454 99
6426 52
6426 53
6426 54
6426 55
5016 48
5016 49
5016 50
5016 51
6354 94
6354 95
6354 96
6354 97
6634 57
6634 61
6439 64
6439 65
6439 66
6439 67
6482 128
6482 129
6482 130
6482 132
5386 45
5386 107
5386 111
5386 155
5127 137
5127 138
5127 139
5127 140
5082 3
6507 9
6507 13
6507 14
6507 17
6326 90
6326 91
6326 92
5344 28
5344 29
5344 50
5344 51
6436 8
6114 84
6114 85
6114 86
6114 87
6600 100
6600 101
6600 102
6600 103
6599 7
6599 8
6599 9
6599 45
6506 22
6506 24
6506 25
6506 26
5211 37
5211 39
5211 42
5211 44
6210 32
6210 33
6210 34
6210 35
6684 16
6684 17
6457 155
6457 156
6457 157
6457 158
6224 45
6224 46
6224 47
6224 48
6353 96
6353 97
6353 98
6353 99
6546 8
6546 9
6546 10
6546 11
5179 208
5179 209
5179 210
5179 211
6303 34
6303 35
6303 36
6303 37
6283 15
6283 16
6283 17
6283 18
5354 16
5354 17
5354 18
5354 19
5404 48
5404 49
5404 50
5404 51
6412 66
6412 69
6412 70
6412 73
5948 46
5948 47
5948 48
5948 49
6668 28
6668 29
6668 30
6668 31
5947 107
5947 108
6689 120
6689 121
6689 128
6689 129
6138 28
6138 29
6697 29
6697 30
6697 31
6070 123
6070 124
6070 125
6070 126
6502 128
6502 129
6502 131
6502 132
4992 93
4992 94
4992 95
4992 97
5588 176
5588 177
5588 178
5588 179
6356 161
6356 162
6356 163
6356 164
6529 42
6529 43
6529 44
6529 45
6520 34
6520 35
6520 37
6520 38
6311 58
6311 59
6311 60
6311 61
5203 16
5203 98
6300 90
6300 91
6300 149
6021 194
6021 195
6021 196
6021 197
4999 2
4999 7
4999 10
4999 14
5774 62
5774 64
5774 65
5774 66
6083 42
6083 43
6083 45
6083 46
5933 138
5933 139
5933 140
5933 141
5589 48
5589 49
5589 50
5589 51
5102 16
5102 17
5102 18
5102 19
5968 0
5968 1
5968 2
5968 3
6417 108
6417 109
6417 110
6417 111
6082 4
6082 5
6082 6
6082 7
5051 190
5051 191
5051 192
5051 193
6634 1
6634 2
6634 5
6634 6
6030 44
6030 45
6030 56
6030 86
6649 56
6649 57
6649 58
6649 59
6489 143
6489 144
6489 145
6489 146
6687 237
6687 238
6687 239
6687 240
6440 91
6440 92
5921 130
5921 131
5921 132
5921 133
6314 91
6314 92
6314 93
6314 96
6380 82
6380 83
6380 91
6380 95
6552 80
6552 81
5235 1
5235 3
5235 5
5235 7
6350 64
6350 65
6350 66
6350 67
6579 13
6579 14
6579 15
6579 16
6506 117
6506 118
6506 119
6506 120
6490 80
6490 81
6490 82
6490 83
6663 217
6318 109
6318 110
6318 111
6318 112
6304 102
6304 103
6304 104
6304 105
6630 68
6630 69
6630 70
6630 71
4983 0
4983 1
4983 3
4983 4
6074 18
6074 19
6074 20
6074 21
6698 58
6698 59
6698 60
6698 61
6011 21
6011 23
6011 32
6011 33
5986 0
5986 1
5986 2
5986 3
6427 64
6427 65
6427 68
6427 69
5600 68
5600 69
5600 181
5600 189
5055 24
5055 54
5055 57
5055 63
5185 24
5185 25
5185 26
5185 28
6199 53
6199 54
6199 55
6199 56
5070 80
5070 81
5070 82
5070 83
5190 0
5190 1
5190 2
5190 3
6634 48
6634 49
6634 93
6634 94
5901 148
5901 149
5901 150
5901 151
5000 68
5000 74
5000 81
5000 108
6407 20
6407 21
6407 22
6407 23
5914 55
5914 56
5914 57
5914 58
5154 48
5154 171
5154 173
5154 174
5361 68
5361 69
5361 70
5361 71
6617 10
5146 20
5146 43
5340 32
5340 33
5340 34
5340 35
5184 51
5184 52
5184 53
5184 54
5071 8
5071 9
5071 10
5071 11
5990 34
5990 36
5990 37
5990 38
6551 49
6551 79
5912 105
5912 106
6634 35
6634 37
6634 38
6634 39
5013 60
5013 61
5013 62
5013 63
5041 34
5041 35
5041 37
5041 39
6490 128
6490 129
6490 130
6490 131
6004 12
6004 13
6444 105
6444 106
6444 117
6444 118
6350 91
6350 92
6350 93
6350 94
5979 125
5979 126
5979 127
5051 4
5051 5
5051 6
5051 7
6594 64
6594 65
6594 66
6594 67
5933 165
5933 166
5933 167
5933 168
6026 35
6026 36
6026 37
6026 38
6628 51
6628 52
6628 53
6628 54
6638 4
6638 5
6638 6
6638 7
5204 43
5204 44
5204 45
5204 46
5233 103
5233 104
5233 107
5233 108
6339 87
6339 91
6339 93
6339 94
5089 24
5089 25
5089 26
5089 27
6439 53
6439 54
4971 186
6487 50
6487 53
6487 54
6487 57
6697 67
6697 68
6697 69
6697 70
5912 87
5912 88
5912 89
5912 96
5049 40
5049 41
5049 43
5049 44
6070 74
6070 75
6070 76
6070 77
6446 118
6446 120
6446 121
6446 122
6085 4
6085 5
6085 7
6085 8
6508 53
6508 54
6508 55
6508 56
6343 179
6343 180
6343 181
6343 182
5093 93
5093 94
5093 95
5093 96
5159 0
5159 2
5159 3
5159 6
5906 98
5906 99
5906 100
5906 101
6004 188
6004 189
6004 190
6004 191
5894 93
5894 94
5894 95
5894 96
6334 60
6334 61
6334 64
6334 67
6553 108
6553 109
6553 110
6553 111
6327 42
6327 43
6327 90
6327 91
5625 90
5625 91
5625 92
5625 93
5425 16
5425 17
5425 18
5425 19
6683 96
6683 97
6683 98
6683 99
6162 83
6162 84
6162 85
6162 86
5408 20
5408 21
5408 22
5408 23
6379 4
6379 5
6379 6
6379 7
5454 48
5454 88
5454 102
5454 150
6600 76
6600 132
6600 133
6600 134
5604 50
5604 51
5604 52
5604 53
5237 36
5237 37
5237 38
5237 39
5351 80
5351 81
5351 82
5351 83
6573 32
6573 33
6573 34
6573 35
5910 22
5910 23
5910 24
5910 25
5130 91
5130 92
5130 93
5130 94
6098 20
6098 21
6098 22
6098 23
5160 5
5160 33
5160 34
5160 35
6021 137
5602 21
5602 22
5602 23
5602 24
6693 36
6670 8
6670 9
6670 10
6670 11
6330 8
6330 9
6330 10
6330 11
5169 39
5169 40
5169 41
5169 42
6564 199
6564 200
6564 201
6564 202
6217 129
6217 132
6217 160
6217 162
5093 173
5093 174
5093 175
5093 176
5070 32
5070 33
5070 34
5070 35
6579 93
6579 94
6579 95
6410 128
6410 129
6410 132
6410 133
5108 32
5108 33
5108 34
5108 35
5921 39
5921 50
5921 51
6614 66
6614 67
6614 68
6614 69
6321 24
6321 25
6321 27
6321 28
6201 100
6201 101
6201 102
6201 103
5930 21
5930 22
5930 23
5930 24
6340 99
6340 100
6340 101
6340 102
6501 4
6501 5
6501 6
6501 7
5203 4
5203 5
5203 6
5203 8
6336 20
6336 23
6336 24
6336 149
5891 96
5891 97
5891 98
5891 99
5891 61
5891 62
5891 63
5891 64
5361 8
5361 9
5361 10
5361 11
6402 20
6402 21
6402 22
6402 23
5364 180
5364 181
5364 182
5364 183
6304 19
6304 20
6304 21
6304 22
5086 62
5086 63
5086 64
5086 65
6611 132
6611 133
6611 134
6611 155
6562 192
6562 193
6562 194
6562 195
5912 90
5912 91
5912 92
5912 93
6553 76
6553 77
6553 78
6553 79
5340 96
5340 97
5340 98
5340 99
6510 101
6510 102
6510 103
6510 104
5091 33
5091 34
5091 35
5091 36
6334 47
6334 48
6334 49
6334 89
6625 42
6625 43
6625 48
5013 52
5013 53
5013 54
5013 55
6425 95
6425 96
6425 97
6425 98
5965 18
5965 20
5965 22
5965 23
6318 68
6318 70
6318 71
6318 72
4962 12
4962 13
4962 14
4962 15
6598 4
6598 5
6598 6
6598 7
6059 9
6059 11
6059 79
6059 80
6213 26
6213 27
6213 28
6213 29
5783 21
5783 22
5783 23
5783 24
6534 17
6534 20
5598 12
5598 13
5598 14
5598 15
6507 1
6507 2
6507 5
6507 6
6409 0
6409 3
6409 4
6409 7
6144 4
6144 5
6144 6
6144 7
6634 16
6634 17
6634 18
6634 20
6605 101
6605 105
6605 114
6605 116
6566 0
6566 1
6353 54
6353 62
6353 66
6353 70
5440 36
5440 37
5440 38
5440 39
5127 65
5127 67
5127 68
5127 69
6305 55
6305 56
6305 57
6305 58
5455 16
5455 17
5455 18
5455 19
6429 19
6429 20
6429 21
6429 22
5586 156
5586 157
5586 158
5586 159
4953 28
4953 29
4953 30
4953 31
5332 114
5332 115
5332 116
5332 117
5779 32
5779 33
5779 34
5779 35
6565 16
6565 17
6565 18
6565 19
5606 54
5606 98
5606 99
5606 100
5600 70
5600 71
5600 72
5600 73
6634 81
6634 82
6634 83
6634 84
6376 43
6376 44
6408 30
6408 31
6680 10
6680 11
6680 12
6529 91
6529 92
6529 93
6529 94
6303 140
6303 141
6303 142
6303 143
6506 186
6506 187
6506 188
6506 190
5418 35
5418 36
5418 37
5418 38
6647 176
6647 177
6647 178
5930 53
5930 54
5930 56
5930 57
5382 149
5382 150
5382 151
5382 152
6533 30
5090 80
5090 81
5090 82
5090 83
6594 16
6594 17
6594 18
6594 19
5436 98
5436 99
5436 100
5436 101
6468 108
6468 109
6468 111
6468 112
5921 123
5921 124
5921 125
5921 126
6573 4
6573 5
6573 6
6573 7
5619 12
5619 14
5619 15
5619 17
6467 128
6467 130
6467 131
6467 132
5189 22
5189 25
5189 26
5189 27
6600 44
6600 45
6600 46
6600 47
4982 68
4982 69
4982 70
4982 71
6366 12
6366 77
6366 78
6366 79
6427 66
6427 67
6314 32
6314 33
6314 34
6314 35
5891 132
5891 133
5891 134
5891 135
6479 55
6479 56
6479 57
6479 60
5187 28
5187 29
5187 31
5187 32
6549 85
6549 86
6549 88
6549 89
6542 0
6542 3
6542 7
6542 11
6176 0
6176 30
6176 32
6176 37
5411 52
5411 53
5411 54
5411 55
6668 91
6668 92
6668 93
5334 30
5334 31
5334 32
5334 33
6596 123
6596 124
6596 125
6596 126
5979 110
5979 111
6303 85
6303 86
6303 87
5977 51
5977 52
5977 53
5977 54
6583 45
6583 46
6583 47
6583 48
4979 49
4979 76
4979 108
4979 114
4969 124
4969 125
4969 126
4969 127
5268 9
6340 111
6340 112
6340 177
6340 178
6684 0
6684 1
6684 2
6684 3
5235 73
5235 74
5235 75
5235 76
5013 200
5013 201
5013 202
5013 203
6575 32
6575 33
6575 34
6575 35
6114 156
6114 157
6114 158
6114 159
5005 207
5005 208
5005 209
5005 212
6489 87
6489 88
6489 89
6489 90
6490 10
6490 11
6490 12
6490 13
6406 180
6406 183
6406 184
6406 185
5364 196
5364 197
5364 198
5364 199
6502 47
5142 28
5142 29
5142 30
5142 31
5187 48
5187 49
5187 51
5187 52
5923 22
5923 23
5923 24
5923 25
5154 85
5154 86
5154 87
5154 95
5217 31
5217 32
5217 33
5217 34
5151 29
5151 94
5151 96
5151 154
5187 22
5187 30
5187 138
5187 177
6011 60
6011 62
5935 88
5935 89
5935 96
5935 97
6211 209
6211 210
6211 211
6211 212
5227 22
5227 23
5227 25
5227 26
5106 2
5106 11
5106 13
5106 70
5384 184
5384 185
5384 186
5384 187
6000 29
6000 30
6000 31
5396 48
5396 49
5396 50
5396 51
6324 66
6324 67
6324 68
6324 69
6632 24
6632 25
6632 26
6632 27
6347 37
6347 38
6347 39
6347 40
5404 57
5404 58
5404 59
5404 60
5233 68
5233 73
5233 81
5233 112
6091 142
6091 143
6091 144
6091 145
6591 47
6591 48
6591 50
6591 51
6280 148
6280 149
5961 14
5961 15
5961 16
5961 17
5894 85
5894 86
5894 87
5894 88
6325 0
6325 3
6325 4
6325 7
5422 0
5422 1
5422 2
5422 3
5361 128
5361 129
5361 130
5361 131
6692 55
6692 56
6692 57
6692 58
5367 38
5367 39
6319 47
6319 48
6319 49
6319 50
6453 76
6453 77
6453 78
6453 79
6623 45
6623 46
6623 47
6623 48
6622 44
6622 68
6622 69
6622 70
5183 20
5183 21
5183 22
5183 23
6527 4
6647 201
6647 202
6647 203
6647 204
6007 10
6007 11
6092 71
6092 75
6092 80
6092 84
5965 16
5965 43
5965 45
5965 46
6663 213
6663 214
6663 215
6663 216
5624 6
5624 7
5624 8
5624 9
6080 91
6080 92
6080 93
6080 94
4955 40
4955 41
4955 42
4955 43
5929 36
5929 37
5929 38
5929 39
5891 160
5891 161
5891 162
5891 163
6303 195
6303 196
6303 197
6303 198
5059 69
5059 70
5059 71
5059 72
5371 33
5371 34
5371 35
5371 36
5618 16
5618 17
5618 18
5618 19
5996 44
5996 45
5996 46
5996 47
6506 192
6506 194
6506 195
6506 196
6295 5
6637 5
6637 6
6637 7
6637 8
6421 4
6421 5
6421 6
6421 7
4982 76
4982 77
4982 78
4982 79
5418 12
5418 13
5418 14
5418 15
6667 18
6667 19
6667 20
6667 21
6348 0
6348 1
6348 2
6348 3
5985 5
5985 8
5985 9
5985 11
4982 93
4982 94
4982 95
4982 96
6546 51
6546 52
6546 53
6546 54
6100 192
6100 193
6100 194
6100 195
6631 86
6631 87
6631 88
6631 89
6101 68
6101 69
6101 70
6101 71
5605 74
5605 75
5605 76
5605 77
6559 64
6559 65
6559 66
6559 67
6501 65
6623 60
6446 0
6446 33
6446 36
6446 40
5593 20
5593 21
5593 22
5593 23
6423 4
6423 5
6423 6
6423 7
6668 94
6668 95
6668 96
5090 44
5090 45
5090 46
5090 47
5005 164
5005 165
5005 166
5005 167
6319 61
6483 108
6483 109
6483 110
6483 111
6387 90
6387 91
6387 102
6387 103
6429 57
6429 58
6629 0
6629 2
6629 3
6629 4
6533 39
6533 40
6533 41
6533 42
6081 12
6081 13
6011 41
6011 42
6011 43
5361 208
5361 209
5361 210
5361 211
5393 36
5393 37
5393 38
5393 39
6615 6
6615 7
6615 8
6615 9
6025 85
6025 86
6025 87
6025 88
6605 4
6605 5
6605 6
6605 7
4955 88
4955 89
4955 90
4955 91
5606 0
5606 1
5606 2
5606 3
6423 27
6423 28
6583 91
6583 92
5025 71
5025 74
5025 75
5025 76
5935 49
5935 66
5935 67
5935 74
6605 47
6605 48
6605 49
6605 50
6698 74
6698 75
6698 76
6698 77
5588 123
5588 124
5588 125
5588 126
6571 177
6571 178
6571 179
6571 180
5095 44
5095 45
5095 46
5095 47
6659 39
6659 40
6659 41
5036 65
5036 66
5036 69
5036 70
6698 116
6698 117
6698 118
6698 119
6379 52
6379 53
6379 54
6379 55
5921 60
5921 61
5921 68
5921 69
5606 42
5606 43
5606 44
5606 45
5102 8
5102 9
5102 10
5102 11
6105 56
6105 57
6105 58
6105 59
5147 53
5147 54
5147 55
5147 58
6011 70
6011 71
6011 72
6011 73
6387 114
6387 115
6387 116
6387 117
6698 37
6698 38
6698 39
6698 40
6362 74
6362 75
6362 76
6362 77
5207 110
5207 111
5207 112
5207 113
6410 115
6410 116
6410 119
6410 120
6035 3
6035 6
6035 7
5000 84
5000 85
5000 86
5000 87
4969 81
4969 82
4969 83
4969 84
5208 108
5208 109
5208 110
5208 111
6634 149
6634 150
6634 151
6634 152
6286 71
6286 72
6286 73
6286 74
6286 93
6125 8
6125 9
6125 10
6125 11
6542 219
6542 220
6542 221
6542 222
6589 114
6589 115
6589 116
6589 117
5216 25
5216 26
5216 27
5216 28
5375 32
5375 33
5375 34
5375 35
5106 8
5106 62
5106 103
5106 166
5436 110
5436 111
5436 112
5436 113
6138 16
6138 17
6138 18
6138 19
6420 30
6420 32
6420 33
6420 37
5985 27
5985 28
5985 29
5985 30
6551 19
6551 20
6551 21
6551 22
6198 69
6198 70
6198 71
6198 72
6300 92
6300 93
6300 94
6300 95
5915 38
5915 39
5915 40
5915 41
6235 86
6235 87
6235 88
6235 89
6146 32
6146 33
6146 34
6146 35
5387 12
5387 13
5387 14
5387 15
5087 21
6312 26
6312 27
6312 28
6312 29
6591 175
6591 176
6591 177
6591 178
6467 94
6467 102
6467 103
6467 104
6050 41
6050 42
6050 46
6050 49
6001 9
6001 10
6001 11
6001 12
6487 69
6487 70
6487 71
6487 72
5386 34
5386 38
5386 163
5386 167
6324 26
6324 27
6324 28
6324 29
5139 50
5139 53
5139 54
5139 57
4992 154
4992 155
4992 156
4992 157
5084 42
6219 139
6219 140
6219 141
6219 142
6628 55
6628 56
6628 57
6628 58
6410 38
6410 39
6410 40
6410 41
6387 164
6387 165
6387 166
6387 167
6663 179
6663 180
6663 181
6663 182
5151 198
5151 199
5151 200
5151 203
6080 13
6080 14
6080 15
6080 16
6468 103
6468 104
6468 105
6468 107
5211 6
5211 7
5211 9
5211 10
6327 48
6327 49
6327 50
6327 51
6666 55
6666 56
6666 64
6666 65
6534 54
6534 55
6534 56
6534 57
6444 75
6444 76
6444 78
6444 79
6000 12
6000 16
6000 37
6000 38
5901 30
5901 32
5901 35
5901 36
6347 54
6347 55
6347 56
6347 57
5215 18
5215 19
5215 22
5215 23
6544 175
6544 176
5187 224
5187 226
5187 227
5187 229
6213 20
6213 21
6213 22
6213 23
4971 132
4971 133
4971 134
4971 135
5418 120
5418 121
5418 122
5418 123
5337 66
5337 67
5337 68
5337 69
5074 4
5074 5
5074 6
5074 7
5368 24
5368 25
5368 26
5368 27
6535 30
6535 51
6535 52
6591 87
6591 88
6591 89
6591 90
6588 27
6588 28
6588 29
6588 30
6659 0
6659 1
6659 2
6659 3
6080 95
6080 96
6080 97
6080 98
5418 22
5418 23
5418 24
5418 149
6011 11
6011 12
6011 13
6011 14
6110 197
6110 198
6110 199
6110 201
6696 30
6696 31
6356 50
6356 51
6356 52
6478 115
6478 116
6478 117
6478 118
6076 117
6076 120
6076 122
6076 131
6565 56
6565 57
6565 58
5892 53
5892 54
5892 55
5892 56
6549 39
6549 40
6549 41
6549 42
6326 70
6326 71
6326 72
6326 73
6439 8
6439 9
5038 51
5038 52
5038 53
5038 54
5332 152
5332 153
5332 154
5332 155
6698 143
6698 144
6698 145
6698 146
5915 20
5915 21
5915 22
5915 23
6599 57
6599 58
6599 59
6599 60
5452 4
5452 5
5452 6
5452 7
6121 77
6121 78
6121 79
6121 80
5449 72
5449 73
5449 74
5449 75
5915 70
5915 71
5915 72
5915 73
6379 8
6379 9
6379 31
6379 32
5384 8
5384 9
5384 10
5384 11
5211 4
5211 32
5211 38
5211 65
6235 36
6235 37
6235 38
6235 39
5605 84
5605 85
5605 86
5605 87
6230 87
6230 90
6230 91
6230 93
5084 43
5588 112
5588 113
5588 114
5588 115
4962 81
4962 82
4962 83
4962 84
6676 119
6676 120
6676 121
6676 122
6446 18
6446 19
6446 20
6446 22
6569 18
6569 19
6569 25
6569 26
5071 4
5071 5
5071 6
5071 7
6102 20
6102 21
6102 22
6102 23
5075 32
5075 33
5075 34
5075 35
6444 95
5386 39
5386 43
5386 168
5386 172
6362 110
6362 111
6362 112
6362 113
4986 12
4986 23
4986 46
4986 53
5966 160
5966 162
5966 163
5966 165
6457 151
6457 152
6419 0
6419 3
6419 4
6419 7
5332 70
5332 71
5332 72
5332 73
6478 96
6478 97
6478 98
6478 99
6190 59
6190 60
6190 61
6190 62
6182 64
6182 65
5354 24
5354 25
5354 26
5354 27
6001 15
6001 16
6001 17
6001 18
6535 215
6535 216
6535 217
6535 219
6301 104
6301 105
6301 106
6301 107
6608 47
4961 2
4961 3
4961 4
4961 6
6622 51
6622 52
6622 53
6622 54
6544 345
6544 346
5015 1
6074 4
6074 5
6074 46
6074 47
6300 12
5961 46
5961 47
5961 48
5961 49
5941 27
5941 28
5941 29
5941 30
6098 56
6098 57
6098 58
6098 59
5394 24
5394 25
5394 26
5394 27
6099 5
6099 6
6099 7
6099 8
6310 57
6310 58
6310 59
6310 60
6383 68
6383 69
6383 70
6383 71
6347 49
6347 51
6347 52
6347 53
6475 0
6475 1
6475 2
6475 3
6265 0
6265 1
6265 2
6265 3
5075 28
5075 29
5075 30
5075 31
6323 63
6323 88
6323 89
6323 90
5777 21
5777 22
5777 23
5777 24
6444 132
6444 133
6444 134
6444 135
6383 54
6383 56
6383 57
6383 58
6076 69
6076 134
6076 135
6076 138
6565 160
6565 161
6565 162
6565 163
5029 174
5029 175
5029 176
5029 177
6564 196
6564 197
6564 198
6564 209
5418 39
5418 40
5418 51
5418 52
5436 36
5436 37
5436 38
5436 39
6337 8
6337 9
6337 10
6337 11
6336 55
6336 56
6336 59
6336 60
5034 0
5034 1
5034 2
5034 3
6055 37
6055 38
6055 39
6055 40
6101 24
6101 25
6101 26
6101 27
4992 140
4992 141
4992 142
4992 143
5387 32
5387 33
5387 34
5387 35
6445 0
6445 2
6445 3
6445 9
6379 16
6690 61
6690 62
6690 63
4987 4
4987 5
4987 6
4987 7
5985 65
5985 66
5985 67
5985 68
6211 60
6211 61
6211 62
6211 63
5082 21
5435 12
5435 13
5435 14
5435 15
6198 89
6198 90
6198 91
6198 92
5935 42
5935 43
5935 44
5935 45
6507 195
6507 196
6507 197
6507 198
6090 12
6090 13
6090 15
6090 16
6383 17
6383 18
6383 19
6383 20
6176 33
6176 35
6176 38
6176 40
6151 0
6151 1
6151 2
6151 34
5169 58
5169 60
5169 61
5169 62
5925 200
5925 201
5925 202
5925 203
6551 80
6551 81
6551 82
6551 83
6664 112
6664 113
6664 114
6664 115
6217 105
6217 106
6217 107
6217 108
6282 27
6282 28
6282 29
6282 30
5146 12
5146 13
5146 14
5146 15
6506 171
6506 172
5990 16
5990 20
5990 35
5990 39
6656 7
6656 8
6656 9
6656 10
5207 24
5207 25
5207 26
5207 27
6162 122
6162 124
6162 127
5034 72
5034 73
5034 74
5034 75
5370 144
5370 145
5370 146
5370 147
6690 149
6690 150
6690 151
5445 40
5445 41
5445 42
5445 43
6102 69
6102 70
6102 71
6102 72
6318 41
6318 42
6318 43
6318 44
6052 99
6052 100
6052 101
6052 102
5779 10
5779 11
5779 12
5779 13
6657 0
6657 1
6657 2
6657 3
5924 28
5924 29
6668 54
6668 55
6668 56
6668 57
6354 128
6354 129
6354 130
6354 131
6637 57
6637 58
6637 59
6011 94
6011 95
6011 96
4982 10
4982 16
4982 89
4982 153
6197 18
6197 22
6197 27
6197 30
5403 44
5403 45
6339 46
6339 47
6339 48
6339 49
4962 77
4962 78
4962 79
4962 80
5061 29
5061 118
5061 122
5061 123
6303 144
6303 145
6303 180
6303 182
5940 4
5940 5
5940 6
5940 7
6001 13
6001 14
6689 137
6689 138
6689 139
6689 140
6022 148
6022 149
6022 150
6022 151
6589 54
6589 55
6589 64
6589 65
6298 98
6298 99
6298 100
6298 101
6312 172
6312 173
6616 158
6616 159
6407 28
6407 29
6407 30
6407 31
5051 198
5051 199
5051 200
5051 201
5010 24
5010 25
5010 26
5010 27
6668 58
6668 59
6668 60
6668 61
6383 12
6383 14
6383 15
6383 16
5990 40
5990 41
5990 42
6425 21
6425 23
6425 24
6425 25
6304 90
6304 91
6304 92
6304 93
6590 68
6590 69
6590 70
6590 71
5933 60
5933 64
5933 65
5933 66
6370 20
6370 21
6370 22
6370 23
4952 71
4952 72
4952 73
4952 74
6114 54
6114 55
6114 56
6114 57
6154 32
6154 33
6154 34
6154 35
6206 30
6206 31
6353 61
6353 63
6631 83
6631 84
6631 85
6672 2
6672 3
6672 4
6672 5
4955 100
4955 101
4955 102
4955 103
5930 13
5930 14
5930 15
5930 16
4978 11
4978 12
4978 13
4978 14
6341 120
6341 121
6341 123
6341 124
4971 176
4971 177
4971 178
4971 179
5966 136
5966 137
5966 173
5966 174
6551 228
6551 229
6551 231
6551 232
6335 0
6335 1
6335 2
6335 3
6318 97
6318 98
6318 99
6318 100
6588 24
6588 44
6588 55
6588 56
6341 133
6341 134
6341 135
6341 136
6527 126
6527 127
6446 183
6446 184
6446 185
6446 186
5041 26
5041 27
5041 28
5041 29
5452 56
5452 57
5452 58
5452 59
5332 78
5332 79
5332 100
5332 101
6083 47
6083 48
6083 49
6083 50
5395 12
5395 13
5395 14
5395 15
6535 91
6535 92
6535 93
6535 94
6123 103
6123 105
6123 106
6123 107
4982 130
4982 131
4982 132
4982 133
6506 58
6506 59
6506 60
6506 61
6507 109
6507 110
6507 111
6507 112
6168 12
6168 13
6168 16
6168 18
6603 2
6603 3
6603 4
5005 108
5005 109
5005 110
5005 111
5961 88
5961 92
5082 16
6406 136
6406 137
6406 138
6406 139
6381 13
6381 14
6381 16
6381 17
5616 72
5616 73
5616 74
5616 75
6122 183
6122 184
6506 28
6506 29
6506 30
6506 32
6489 114
6489 115
6489 116
6489 117
6235 8
6235 9
6235 10
6235 11
6168 179
6168 181
6168 182
6343 69
6343 70
6343 71
6343 72
6507 60
6507 61
6507 62
6507 63
6004 174
6004 195
6004 198
5019 93
5019 94
5019 95
5019 96
6160 0
6160 1
6160 2
6160 3
6404 17
6404 20
6404 21
6230 123
6230 124
5937 12
5937 13
5937 14
5937 16
5607 84
5607 85
5607 86
5607 87
6588 40
6588 41
6588 42
6588 43
5179 120
5179 121
5179 122
5179 123
6444 18
6444 19
6444 20
6444 21
6598 143
6598 144
6598 145
6598 146
5986 10
5986 11
5986 12
5986 13
5051 142
5051 143
5051 144
5051 145
6342 64
6342 65
6342 66
6342 67
6336 160
6336 161
6336 162
6336 164
5034 24
5034 25
5034 26
5034 28
6482 119
6482 122
6482 123
6482 126
5895 8
5895 9
5895 10
5895 11
5411 56
5411 57
5411 58
5411 59
5093 48
5093 49
5093 50
5093 51
5364 40
5364 42
5364 112
5364 113
5179 28
5179 29
5179 30
5179 31
5948 9
5948 10
5948 11
5948 12
6683 29
6683 92
6683 94
6683 95
5370 104
5370 105
5370 106
5370 107
6676 46
6676 47
6676 48
6676 49
6479 13
6479 14
6309 32
6309 33
6309 34
6565 0
6565 1
6565 2
6565 3
5586 179
5586 180
5586 181
5586 182
6589 93
6589 94
6589 95
6589 96
6166 42
6166 43
6166 44
6166 45
6376 117
6376 118
6376 119
6376 120
6564 163
6564 167
6564 216
6564 218
6594 105
6594 106
6594 107
6594 108
5106 25
5106 29
5106 87
5106 91
6346 43
6346 45
6346 46
6346 47
5041 22
5041 23
5041 24
5041 25
6619 57
6619 58
6619 59
6619 60
6304 60
6304 61
6304 62
6304 63
6092 12
6092 13
6092 14
6092 15
6226 8
6226 9
6226 12
6226 13
5208 100
5208 101
5208 102
5208 103
5397 101
5397 102
5397 103
5397 104
6412 32
6412 35
6412 36
6412 37
6490 76
6490 77
6490 78
6490 79
5401 8
5401 9
5401 10
5401 11
6440 93
6440 95
5386 36
5386 60
5386 64
5386 68
5016 80
5016 81
5016 82
5016 83
6228 0
6228 1
6228 2
6228 3
5933 61
5933 62
6461 39
6461 40
6461 41
6461 43
5906 68
5906 69
5906 70
5906 71
6333 26
6333 27
6333 40
6333 43
6370 26
6370 30
6370 33
6370 37
6622 14
6622 15
6622 16
6314 8
6314 9
6487 87
6487 88
6406 113
6406 114
6406 115
5157 65
5157 66
5157 67
5157 68
6090 58
6090 59
6090 60
6090 61
5161 16
5161 17
5161 19
5161 20
6614 128
6614 129
6614 130
6614 131
6311 4
6311 5
6311 6
6311 7
5071 52
5071 53
5071 54
5071 55
6092 55
6092 64
6092 65
6092 66
5771 50
5771 51
5771 52
5771 53
6562 11
6562 12
6562 13
6562 14
6329 35
6346 32
6346 33
6346 34
6346 35
4975 93
4975 94
4975 95
4975 96
5084 41
5600 161
5600 162
5600 163
5600 164
6312 37
6312 52
5211 11
5211 12
5211 13
5211 14
6388 71
6388 72
6388 73
4971 140
4971 141
4971 142
4971 143
6343 14
6343 15
6343 16
6343 17
5029 114
5029 115
5029 116
5029 117
6462 24
6462 25
6462 26
6462 27
5605 106
5605 107
5605 108
5605 109
5106 192
5106 193
5106 194
6201 37
6201 38
6201 39
6201 40
5925 89
5925 90
5925 91
5925 92
6551 110
6551 112
6551 113
6551 114
5339 68
5339 69
5339 100
5339 101
6072 4
6072 5
6072 6
6072 7
6553 4
6553 5
6553 6
6553 7
5055 33
5055 34
5055 35
5055 36
6130 6
6130 7
6130 9
6130 10
6379 128
6379 129
6379 130
6379 132
6448 20
6448 21
6448 22
6448 23
5332 0
5332 1
5332 2
5332 3
4998 124
4998 125
4998 126
4998 127
5059 61
5059 63
6598 150
5771 24
5771 25
5771 26
5771 27
5387 20
5387 21
5387 22
5387 23
5005 124
5005 125
5005 126
5005 127
6319 110
6319 111
6319 112
6319 113
5092 92
5092 93
5092 94
5092 95
6182 48
6182 52
6182 54
6182 55
5437 127
5437 128
5437 129
5437 130
5155 133
5155 134
5155 135
5155 136
6560 17
6560 18
6560 19
6560 52
5433 154
5433 155
5433 156
5433 157
5985 141
5985 142
5985 143
5985 144
4992 144
4992 145
4992 146
4992 147
6605 156
4967 0
4967 2
4967 3
4967 4
5090 32
5090 33
5090 34
5090 35
5343 20
5343 21
5343 25
5343 26
6075 16
6075 18
6075 19
5598 105
5598 106
5598 109
5598 110
5195 30
5195 31
5195 32
5195 33
6286 4
6286 5
6286 6
6286 7
6632 33
6632 34
6632 35
6076 42
6076 47
6076 101
6076 159
6101 72
6101 73
6101 74
6101 75
4999 108
4999 109
4999 110
4999 112
6288 164
6288 165
6288 166
6288 167
5106 4
5106 86
5106 89
5106 152
6340 89
6340 90
6340 151
6340 152
5187 43
5187 44
5187 46
5187 47
6506 112
6506 113
6506 114
6506 142
5194 0
5194 1
5194 2
5194 4
5025 149
5025 150
5025 151
5025 152
5588 37
5588 38
5588 39
5588 40
5044 67
5044 68
5044 69
5044 70
6022 91
6022 93
6022 94
6022 95
5331 84
5331 85
5331 86
5331 87
5977 136
5977 137
5977 148
5977 149
6350 11
6350 12
6350 13
6350 14
6281 30
6281 32
6281 33
6281 34
6106 80
6106 81
6106 82
6106 111
5961 18
5961 19
5961 30
5961 31
4992 13
4992 14
4992 15
4992 16
5912 41
5912 42
5912 43
5912 44
5912 65
5912 66
5912 67
5912 68
6058 14
6058 26
6058 30
6058 47
5912 77
5912 78
5912 79
5912 80
5021 73
5021 74
5021 75
5021 76
4997 0
4997 1
4997 3
4997 10
6579 119
6579 120
6140 16
6140 17
6140 19
6140 20
5901 20
5901 21
5901 23
5901 24
6322 12
6322 14
6322 15
6322 16
4955 4
4955 5
4955 6
4955 7
5774 20
5774 21
5774 22
5774 23
5036 3
5036 4
5036 7
5036 8
6110 8
6110 9
6110 10
6110 11
6544 18
6544 19
6544 20
6544 21
5136 33
5136 34
5136 35
5136 36
6090 110
6090 111
6090 112
6090 113
6341 20
6341 21
6341 22
6341 23
6423 172
6446 91
6611 63
6611 72
6402 45
6402 46
6382 171
6382 172
6382 174
6649 60
6649 68
6649 69
6649 80
6407 128
6407 129
6407 131
6407 132
5203 105
5203 106
5203 107
5203 108
6638 0
6638 1
6638 2
6638 3
5095 92
5095 93
5095 94
5095 95
6426 48
6426 49
6426 50
6426 51
6205 67
6205 68
6205 69
6205 70
6117 11
6117 14
5134 13
5134 14
5134 16
5134 17
6507 175
6507 176
6507 177
6507 178
5361 192
5361 193
5361 194
5361 195
6510 46
6510 47
6510 48
6510 49
6553 96
6553 97
6553 98
6553 99
6324 8
6324 9
6324 75
6324 76
5783 135
5783 136
5783 137
5783 138
5090 152
5090 153
5090 154
5090 155
6591 4
6591 5
6591 6
6591 7
6153 45
6153 46
6153 47
6153 48
4974 0
4974 1
4974 2
4974 4
6353 4
6353 5
6353 6
6353 7
6425 34
6425 35
6425 36
6425 37
5077 20
5077 21
5077 22
5077 23
5368 132
5368 133
5368 134
5368 135
6327 5
6327 6
6327 7
6327 8
5191 65
5191 66
5191 67
5191 68
6304 56
6304 57
6304 58
6304 59
6462 44
6462 45
6462 46
6462 47
6313 10
6313 11
6313 16
6313 17
5966 212
6362 18
6197 23
6197 24
6197 25
6197 26
6379 18
6614 105
6614 106
6614 121
5190 30
5190 31
6687 25
6687 26
6687 27
6687 28
6457 174
6457 178
6457 207
6113 18
6113 19
6113 20
6113 21
5155 114
5155 115
5155 116
5155 117
6663 157
6663 158
6663 159
5195 42
5195 43
5195 44
5195 46
6223 30
6223 31
6223 32
6223 33
6358 12
6358 19
6358 23
6358 24
5442 0
5442 1
5442 2
5442 3
6683 174
6683 175
6683 176
6683 177
6118 227
6118 228
6118 229
6118 230
5376 4
5376 5
5376 6
5376 7
5025 58
5025 158
5625 98
5625 99
5625 100
5625 101
5925 115
5925 116
5925 117
5925 118
6408 8
6408 9
6408 10
6408 11
6529 86
6529 87
6529 88
6529 89
6050 45
6050 48
6050 50
6050 51
6170 5
6170 14
5370 140
5370 141
5370 142
5370 143
4971 60
4971 61
4971 62
4971 63
6353 75
6353 76
6353 77
6353 92
6318 57
6318 58
6318 59
6318 60
4978 37
4978 38
4978 39
4978 40
6348 107
6348 108
6348 109
6348 110
6080 122
6080 123
6080 124
6080 125
5912 28
5912 29
5912 30
5912 31
5142 24
5142 25
5142 26
5142 27
5386 208
5386 209
5386 210
5386 211
5021 1
5021 11
5021 16
6591 83
6591 84
6591 85
6591 86
6551 104
6551 105
6551 106
6551 107
5600 46
5600 47
5600 48
5600 49
5184 29
5184 30
5184 31
5184 32
5338 20
5338 21
5338 22
5338 23
6297 34
6297 35
6297 36
6297 37
6027 2
6369 127
6319 33
6319 34
6319 35
6319 36
6457 87
6457 88
6457 89
6457 90
5391 8
5391 9
5391 10
5391 11
5198 20
5198 21
5198 22
5198 23
6637 26
6637 27
6637 28
6637 29
6551 84
6551 85
6551 86
6551 87
4991 9
4991 10
4991 11
4991 12
6425 56
6425 57
6425 58
6425 59
6031 145
6031 147
6031 148
6031 149
5454 133
5454 134
5454 136
5454 137
5124 28
5124 29
5124 30
5124 31
5099 80
5099 81
5099 82
5099 83
5779 28
5779 29
5779 36
5779 37
6440 0
6440 1
6440 2
6440 3
5437 75
5437 76
5437 77
5437 78
5133 16
5133 17
5133 18
5133 19
6533 56
6533 57
6533 58
6533 59
6197 12
6197 13
6197 15
6197 16
6591 91
6591 125
6591 126
6591 127
6343 169
6343 170
6343 172
6285 151
6285 152
6285 153
6285 154
4998 32
4998 33
4998 34
4998 35
6647 120
6647 121
6647 122
6647 232
6417 84
6417 85
6417 86
6417 87
6318 61
6318 64
6318 65
6318 67
6480 154
6480 156
6011 52
6011 53
6011 54
6011 56
6634 47
6634 105
6634 109
6634 114
6534 72
6534 73
6534 74
6534 75
5179 65
5179 66
5179 67
5430 8
5430 9
5430 10
5430 11
5059 29
5059 30
5059 31
5059 34
6347 18
6347 19
6347 20
6347 21
6388 74
6388 75
6388 76
6388 77
5364 0
5364 1
5364 2
5364 3
4971 160
4971 161
4971 162
4971 163
6147 34
6147 35
6147 38
6147 39
6231 105
6231 106
6231 107
6231 108
5415 0
5415 1
5415 2
5415 3
5385 192
5385 193
5385 194
5385 195
5036 59
5036 72
5036 80
5036 85
5005 186
5005 191
5005 204
5051 174
5051 175
5051 176
5051 177
6478 23
6478 24
6478 25
6478 26
6369 62
6369 63
5089 20
5089 21
5089 22
5089 23
6313 75
6313 76
6313 77
6313 78
6123 53
6123 55
6123 56
6123 58
6605 128
6605 129
6605 130
6605 131
6429 64
6429 65
6429 66
6429 67
6401 26
6401 27
6401 28
6401 29
6687 147
6687 148
6687 149
6687 150
6000 0
6000 1
6000 2
6000 3
5925 192
5925 193
5925 194
5925 195
5340 89
5916 0
5916 1
5916 2
5916 3
6551 15
6551 16
6551 17
6551 18
5385 168
5385 169
5385 170
5385 171
6284 7
6284 8
6369 46
6369 47
5390 48
5390 49
5390 50
5390 51
6358 13
6358 14
5177 27
5177 30
5177 38
5782 103
5782 104
5782 105
5782 106
6544 198
6544 199
6544 200
6544 201
5191 30
5191 31
5191 32
5191 33
6319 126
6319 127
6525 25
6525 32
6525 33
6525 34
6387 4
6387 5
6387 6
6387 7
6343 50
6343 51
6343 52
6343 53
6199 192
6199 193
6199 196
6199 197
6182 96
6182 97
6182 98
6182 99
5339 86
5339 87
5339 88
5339 89
6224 7
6224 8
6224 9
6224 10
5038 0
5038 1
5038 2
5038 3
6564 162
6564 164
6564 178
6564 181
6436 0
6436 1
6436 2
6436 3
6603 64
6603 65
6603 66
6603 67
5600 88
5600 89
5600 101
5600 102
6321 100
6321 101
6321 102
6321 103
6659 21
6659 22
6659 23
6659 24
5108 20
5108 21
5108 22
5108 23
6440 37
6440 38
6440 41
6440 45
6467 11
6467 12
6467 17
6467 23
6533 43
6533 44
6533 45
6533 46
6031 78
6031 170
6031 172
6031 173
6027 115
6027 116
6027 117
6027 118
5217 35
5217 37
5217 38
5217 39
6427 111
6427 112
6427 114
6427 115
6382 181
6382 182
6382 183
6382 184
6369 113
6369 114
6369 115
6369 116
6313 60
6313 61
6313 62
6313 64
5092 44
5092 45
5092 46
5092 47
6321 59
6321 60
6321 61
6321 62
5782 136
5782 137
5782 138
5782 139
6600 87
6600 88
5961 94
5961 95
4992 96
4992 105
4992 168
5419 130
5419 131
5419 132
5419 133
5385 180
5385 181
5385 182
5385 183
6369 49
6369 50
6369 51
6369 52
6697 113
6697 114
6697 115
5915 133
5915 134
5915 135
5915 136
5155 143
5155 144
5155 146
5155 148
6615 105
6615 106
6615 107
6615 108
6698 64
6698 65
6698 66
6698 67
6406 146
6406 147
6406 150
6406 151
5397 32
5397 33
5397 34
5397 35
5602 72
5602 73
5602 74
5602 75
6314 112
6314 113
6314 114
6314 115
5099 64
5099 65
5099 66
5099 67
5587 0
5587 1
5587 2
5587 3
6092 88
6092 90
6092 91
6092 92
6600 14
6600 15
6600 16
6600 17
5930 49
5930 50
5930 51
5930 52
6375 95
6288 25
6288 26
6288 27
6288 28
4977 9
4977 10
4977 11
4977 12
5019 72
5019 73
5019 74
5019 75
5948 45
6506 37
6506 38
6506 39
6506 40
5153 48
5153 80
5153 83
5153 102
6218 52
6218 54
6218 55
6218 56
6600 108
6001 2
6001 3
6001 4
6535 164
6535 167
5385 132
5385 133
5385 134
5385 135
5017 50
6111 89
6111 90
5977 117
5977 118
6589 102
6589 104
6589 105
6589 106
6320 20
6320 21
6320 22
6571 124
6571 125
6176 138
6176 140
6176 151
6179 85
6179 86
6179 88
6247 4
6247 5
6247 6
6247 7
4967 13
4967 14
4967 15
4967 17
5984 1
5984 3
5984 6
6114 40
6114 41
6114 70
6114 71
4978 33
4978 34
4978 35
6336 52
6336 151
6336 152
6336 155
6444 0
6444 1
5454 26
5454 30
5454 92
6092 123
6092 124
6092 125
6092 126
6339 53
6339 54
6339 55
6339 184
6697 45
6697 46
6697 47
6697 48
6592 157
6592 165
6592 166
6592 167
6639 12
6639 13
6639 14
6639 15
5056 45
5056 46
5056 47
5056 48
5337 182
5337 183
5337 184
5337 185
6026 3
6026 7
6026 16
6026 57
6503 88
6503 89
6503 90
6503 91
5448 0
5448 1
5448 2
5448 3
6282 17
6282 18
6282 21
6282 22
6173 204
6173 205
6690 6
6690 7
6690 8
6690 9
6002 32
6002 33
6002 34
6002 35
5331 108
5331 109
5331 110
5331 111
6528 118
6528 119
6528 120
6528 121
5589 36
5589 37
5589 38
5589 39
5933 121
5933 122
5933 123
5933 124
6076 50
6076 54
6076 59
5411 4
5411 5
5411 6
5411 7
5616 129
5616 133
5616 139
5616 140
6339 128
6339 129
6339 130
6339 131
4982 121
4982 122
4982 123
4982 124
5419 92
5419 93
5419 94
5419 95
5086 46
5086 47
5086 48
5086 49
6231 44
6231 45
6231 46
6231 47
5602 96
5602 97
5602 100
5602 101
6688 3
6688 4
6688 5
6688 6
6000 22
6000 23
6000 24
6000 27
5929 81
5929 82
5929 83
5929 84
6376 136
6376 137
5194 3
5194 17
5194 18
6122 91
6122 92
6122 93
6122 94
6362 103
6362 104
6362 105
6362 128
6110 64
6110 65
6110 77
6110 78
5134 19
5134 25
5134 27
5134 30
6525 12
6525 13
6525 14
6525 15
4969 48
4969 49
4969 50
4969 51
6562 58
6562 59
6562 60
6562 191
6315 32
6315 33
6315 34
6315 35
6551 39
6551 40
6551 41
6551 42
6659 27
6659 28
6659 29
6659 30
6220 17
6220 18
6220 19
6220 20
6457 65
6457 66
6457 67
6457 68
6185 26
6185 27
6544 245
6544 246
6544 248
6544 249
6318 25
6318 26
6318 27
6318 29
6623 50
5374 56
6681 29
6681 30
6681 31
5153 67
5153 69
5153 72
5153 78
6381 28
6381 29
6381 31
6381 32
6321 72
6321 73
6325 1
6325 2
6325 5
6325 49
5371 12
5371 13
5371 14
5371 15
5411 60
5411 61
5411 62
5411 63
5985 161
5985 162
5985 163
5985 164
6353 93
6353 94
6353 95
5966 14
5966 15
5947 94
5947 95
6300 48
6300 49
6118 66
6118 67
6118 68
6118 69
6286 79
6286 80
6286 81
6286 82
5588 172
5588 173
5588 174
5588 175
6125 78
6125 79
6125 80
6125 107
6549 58
6549 59
6549 60
6549 61
6330 6
6407 62
6407 63
5454 16
5454 74
5454 78
5454 141
6378 29
6151 94
5994 18
5994 19
6622 32
6622 33
6622 34
6622 35
6528 96
6528 97
6528 98
6528 99
6282 36
6282 37
6282 38
6282 39
6625 39
6696 0
6696 1
6696 2
6696 3
5046 41
5046 54
6329 31
6329 32
6329 33
6329 34
5127 102
5127 104
5127 105
4975 43
6217 0
6217 1
6217 2
6217 3
5966 51
5966 52
6482 48
6482 49
6482 50
6482 51
6440 196
6440 197
6440 198
6440 199
6098 48
6098 49
6098 50
6098 51
6004 26
6004 27
6004 28
6004 29
6055 20
6055 21
6055 22
6055 23
5005 88
5005 89
5005 90
5005 91
5901 100
5901 101
5901 102
5901 103
6318 53
6318 54
6318 55
6318 56
6266 5
6266 6
6266 7
6266 8
5975 64
5975 65
5975 66
5975 67
6444 3
6444 4
6444 5
6444 7
6058 115
6058 116
6058 119
6058 120
6286 32
6286 57
6286 58
6286 59
5337 186
5337 187
5337 188
5337 189
4962 57
4962 58
4962 59
4962 60
5404 41
5404 42
5404 43
5404 44
6092 151
6092 152
6092 153
6092 154
6588 73
6588 74
6347 167
6347 168
6347 169
6347 170
5142 0
5142 1
5142 2
5142 3
6510 68
6510 69
6510 70
6510 71
6371 8
6371 9
5207 106
5207 107
5207 108
5207 109
5125 24
5125 25
5125 26
5125 27
6356 111
6356 112
6356 113
6356 114
5370 16
5370 17
5370 18
5370 19
5891 112
5891 113
5891 114
5891 115
5013 76
5013 77
5013 79
6149 5
6149 7
6149 8
6149 9
5401 32
5401 33
5401 34
5401 35
6314 101
6314 102
6314 103
6314 104
5905 8
5905 9
6356 119
6356 120
5170 12
5170 15
5170 20
5170 27
4962 89
4962 90
4962 91
4962 92
6298 45
6298 46
6298 47
6298 48
5185 61
5185 63
5185 65
5185 67
6440 88
6440 89
6440 97
6440 98
6529 90
6529 96
6529 97
6529 98
6420 12
6420 13
6420 14
6420 15
5086 70
5086 71
5086 72
5086 73
6482 102
6482 103
6482 104
6482 105
6297 10
6297 11
6297 12
6297 13
5455 60
5455 62
5455 63
5455 64
5127 115
5127 116
5127 117
5127 118
5037 2
5037 5
5037 16
5037 17
5976 0
5976 1
5976 2
5976 4
5433 94
5433 95
5433 96
5433 97
5333 64
5333 65
5333 66
5333 67
5403 8
5403 9
5403 10
5403 11
6579 104
6579 105
6579 106
6579 107
6382 99
6382 100
6382 101
6382 102
5589 88
5589 89
5589 90
5589 91
5623 16
5623 17
5623 18
5623 19
4982 109
4982 110
4982 111
4982 112
6572 132
6572 133
6572 134
6572 135
5157 90
5157 92
5157 93
5157 94
5624 49
5624 50
5624 53
5624 54
6321 0
6321 1
6321 2
6321 3
6203 68
6203 95
6203 96
6203 97
5046 85
5046 86
5046 87
5046 88
6614 176
6614 177
6614 178
6614 179
5036 35
5036 38
5036 39
5036 43
5419 40
5419 41
5419 42
5419 43
5134 0
5134 1
5134 2
5134 3
6303 79
6303 80
6303 81
6303 83
6688 90
6688 91
6688 92
6383 27
6383 28
6151 18
6151 19
6151 21
6151 33
6101 55
6101 56
6101 57
6101 58
6502 33
6502 34
6502 35
6502 36
5778 10
5778 11
5778 12
5778 13
6354 30
6354 31
6417 3
6417 4
6417 5
6417 6
5095 72
5095 73
5095 74
5095 75
6588 10
6588 11
6588 12
6588 14
5929 29
5929 30
5929 31
5929 32
6404 157
6404 158
6021 124
6021 125
6021 126
6021 127
5916 32
5916 33
5916 34
5916 35
5106 67
5106 129
5106 133
5106 137
6599 25
6599 32
6599 33
6599 34
5364 128
5364 129
6649 18
6649 19
6649 20
6649 21
5411 182
5411 183
5411 184
5411 185
5151 32
5151 66
5151 102
5151 164
5024 0
5024 5
5024 9
5024 32
5390 0
5390 3
5390 4
5390 6
6698 92
6698 93
6698 94
6698 95
6349 10
6349 11
6349 14
6349 15
5100 20
5100 21
5100 22
5100 23
5100 4
5100 5
5100 6
5100 7
5454 10
6502 11
6502 12
6502 13
6502 14
4999 15
4999 16
4999 17
4999 19
6359 49
6359 50
6359 51
6359 53
5915 111
5915 112
5915 113
5915 114
6332 106
6332 109
6332 110
6332 112
6468 34
6468 35
6468 36
6468 37
5353 36
5353 37
5353 38
5353 39
6596 39
6596 40
6596 41
6596 42
6231 97
6231 98
6231 99
6231 100
6304 86
6304 87
6115 4
6115 5
6115 6
6115 7
6641 7
6641 8
6641 9
6641 10
6300 124
5164 46
5164 49
5164 51
5164 54
6320 23
6320 24
6320 25
6320 32
5623 12
5623 13
5623 14
5623 15
4979 115
4979 117
4979 118
4979 120
5364 25
6281 28
6281 29
5179 108
5179 109
5179 110
5179 111
5783 25
5783 26
5783 27
5783 28
5169 180
5169 181
5169 182
5169 183
5051 69
5051 70
5051 71
5051 72
6664 132
6664 133
6664 134
6664 135
6356 171
6356 172
6356 173
6356 174
6462 38
6462 39
6462 40
6462 41
6173 2
6173 3
6173 5
5031 103
5031 104
5031 105
5031 106
6589 108
6589 109
6589 110
6589 113
6484 20
6484 21
6484 22
6484 23
